[2026-03-22T21:39:27.398+0000] {manager.py:483} INFO - Processing files using up to 1 processes at a time 
[2026-03-22T21:39:27.399+0000] {manager.py:484} INFO - Process each file at most once every 30 seconds
[2026-03-22T21:39:27.399+0000] {manager.py:485} INFO - Checking for new files in /home/ec2-user/environment/lab4_model_training/dags every 300 seconds
[2026-03-22T21:39:27.399+0000] {manager.py:821} INFO - Searching for files in /home/ec2-user/environment/lab4_model_training/dags
[2026-03-22T21:39:27.400+0000] {manager.py:824} INFO - There are 3 files in /home/ec2-user/environment/lab4_model_training/dags
[2026-03-22T21:39:30.246+0000] {manager.py:997} INFO - 
================================================================================
DAG File Processing Stats

File Path                                                                 PID    Runtime      # DAGs    # Errors  Last Runtime    Last Run               Last # of DB Queries
------------------------------------------------------------------------  -----  ---------  --------  ----------  --------------  -------------------  ----------------------
/home/ec2-user/environment/lab4_model_training/dags/generate_data_dag.py                           1           0  2.81s           2026-03-22T21:39:30                      43
/home/ec2-user/environment/lab4_model_training/dags/ml_pipeline_dag.py                             0           0                                                            0
/home/ec2-user/environment/lab4_model_training/dags/train_model_dag.py                             0           0                                                            0
================================================================================
[2026-03-22T21:40:01.778+0000] {manager.py:997} INFO - 
================================================================================
DAG File Processing Stats

File Path                                                                 PID    Runtime      # DAGs    # Errors  Last Runtime    Last Run               Last # of DB Queries
------------------------------------------------------------------------  -----  ---------  --------  ----------  --------------  -------------------  ----------------------
/home/ec2-user/environment/lab4_model_training/dags/train_model_dag.py                             1           0  2.01s           2026-03-22T21:39:36                      43
/home/ec2-user/environment/lab4_model_training/dags/ml_pipeline_dag.py                             1           0  1.71s           2026-03-22T21:39:33                      43
/home/ec2-user/environment/lab4_model_training/dags/generate_data_dag.py                           1           0  1.51s           2026-03-22T21:40:01                      10
================================================================================
[2026-03-22T21:40:33.400+0000] {manager.py:997} INFO - 
================================================================================
DAG File Processing Stats

File Path                                                                 PID    Runtime      # DAGs    # Errors  Last Runtime    Last Run               Last # of DB Queries
------------------------------------------------------------------------  -----  ---------  --------  ----------  --------------  -------------------  ----------------------
/home/ec2-user/environment/lab4_model_training/dags/train_model_dag.py                             1           0  1.81s           2026-03-22T21:40:08                      10
/home/ec2-user/environment/lab4_model_training/dags/ml_pipeline_dag.py                             1           0  1.51s           2026-03-22T21:40:04                      10
/home/ec2-user/environment/lab4_model_training/dags/generate_data_dag.py                           1           0  1.41s           2026-03-22T21:40:33                      10
================================================================================
[2026-03-22T21:41:05.820+0000] {manager.py:997} INFO - 
================================================================================
DAG File Processing Stats

File Path                                                                 PID    Runtime      # DAGs    # Errors  Last Runtime    Last Run               Last # of DB Queries
------------------------------------------------------------------------  -----  ---------  --------  ----------  --------------  -------------------  ----------------------
/home/ec2-user/environment/lab4_model_training/dags/ml_pipeline_dag.py                             1           0  1.51s           2026-03-22T21:40:36                      10
/home/ec2-user/environment/lab4_model_training/dags/train_model_dag.py                             1           0  1.51s           2026-03-22T21:40:40                      10
/home/ec2-user/environment/lab4_model_training/dags/generate_data_dag.py                           1           0  1.51s           2026-03-22T21:41:05                      10
================================================================================
[2026-03-22T21:41:38.131+0000] {manager.py:997} INFO - 
================================================================================
DAG File Processing Stats

File Path                                                                 PID    Runtime      # DAGs    # Errors  Last Runtime    Last Run               Last # of DB Queries
------------------------------------------------------------------------  -----  ---------  --------  ----------  --------------  -------------------  ----------------------
/home/ec2-user/environment/lab4_model_training/dags/generate_data_dag.py                           1           0  1.51s           2026-03-22T21:41:38                      10
/home/ec2-user/environment/lab4_model_training/dags/train_model_dag.py                             1           0  1.51s           2026-03-22T21:41:11                      10
/home/ec2-user/environment/lab4_model_training/dags/ml_pipeline_dag.py                             1           0  1.51s           2026-03-22T21:41:08                      10
================================================================================
[2026-03-22T21:42:09.965+0000] {manager.py:997} INFO - 
================================================================================
DAG File Processing Stats

File Path                                                                 PID    Runtime      # DAGs    # Errors  Last Runtime    Last Run               Last # of DB Queries
------------------------------------------------------------------------  -----  ---------  --------  ----------  --------------  -------------------  ----------------------
/home/ec2-user/environment/lab4_model_training/dags/ml_pipeline_dag.py                             1           0  1.61s           2026-03-22T21:41:40                      10
/home/ec2-user/environment/lab4_model_training/dags/train_model_dag.py                             1           0  1.51s           2026-03-22T21:41:43                      10
/home/ec2-user/environment/lab4_model_training/dags/generate_data_dag.py                           1           0  1.51s           2026-03-22T21:42:09                      10
================================================================================
[2026-03-22T21:42:41.735+0000] {manager.py:997} INFO - 
================================================================================
DAG File Processing Stats

File Path                                                                 PID    Runtime      # DAGs    # Errors  Last Runtime    Last Run               Last # of DB Queries
------------------------------------------------------------------------  -----  ---------  --------  ----------  --------------  -------------------  ----------------------
/home/ec2-user/environment/lab4_model_training/dags/train_model_dag.py                             1           0  1.51s           2026-03-22T21:42:15                      10
/home/ec2-user/environment/lab4_model_training/dags/ml_pipeline_dag.py                             1           0  1.51s           2026-03-22T21:42:11                      10
/home/ec2-user/environment/lab4_model_training/dags/generate_data_dag.py                           1           0  1.51s           2026-03-22T21:42:41                      10
================================================================================
[2026-03-22T21:43:13.466+0000] {manager.py:997} INFO - 
================================================================================
DAG File Processing Stats

File Path                                                                 PID    Runtime      # DAGs    # Errors  Last Runtime    Last Run               Last # of DB Queries
------------------------------------------------------------------------  -----  ---------  --------  ----------  --------------  -------------------  ----------------------
/home/ec2-user/environment/lab4_model_training/dags/ml_pipeline_dag.py                             1           0  1.51s           2026-03-22T21:42:43                      10
/home/ec2-user/environment/lab4_model_training/dags/train_model_dag.py                             1           0  1.51s           2026-03-22T21:42:46                      10
/home/ec2-user/environment/lab4_model_training/dags/generate_data_dag.py                           1           0  1.51s           2026-03-22T21:43:13                      10
================================================================================
[2026-03-22T21:43:45.060+0000] {manager.py:997} INFO - 
================================================================================
DAG File Processing Stats

File Path                                                                 PID    Runtime      # DAGs    # Errors  Last Runtime    Last Run               Last # of DB Queries
------------------------------------------------------------------------  -----  ---------  --------  ----------  --------------  -------------------  ----------------------
/home/ec2-user/environment/lab4_model_training/dags/train_model_dag.py                             1           0  1.51s           2026-03-22T21:43:18                      10
/home/ec2-user/environment/lab4_model_training/dags/ml_pipeline_dag.py                             1           0  1.51s           2026-03-22T21:43:15                      10
/home/ec2-user/environment/lab4_model_training/dags/generate_data_dag.py                           1           0  1.41s           2026-03-22T21:43:45                      10
================================================================================
[2026-03-22T21:44:17.887+0000] {manager.py:997} INFO - 
================================================================================
DAG File Processing Stats

File Path                                                                 PID    Runtime      # DAGs    # Errors  Last Runtime    Last Run               Last # of DB Queries
------------------------------------------------------------------------  -----  ---------  --------  ----------  --------------  -------------------  ----------------------
/home/ec2-user/environment/lab4_model_training/dags/generate_data_dag.py                           1           0  2.51s           2026-03-22T21:44:17                      10
/home/ec2-user/environment/lab4_model_training/dags/ml_pipeline_dag.py                             1           0  1.51s           2026-03-22T21:43:47                      10
/home/ec2-user/environment/lab4_model_training/dags/train_model_dag.py                             1           0  1.51s           2026-03-22T21:43:50                      10
================================================================================
[2026-03-22T21:44:27.470+0000] {manager.py:821} INFO - Searching for files in /home/ec2-user/environment/lab4_model_training/dags
[2026-03-22T21:44:27.472+0000] {manager.py:824} INFO - There are 3 files in /home/ec2-user/environment/lab4_model_training/dags
[2026-03-22T21:44:49.907+0000] {manager.py:997} INFO - 
================================================================================
DAG File Processing Stats

File Path                                                                 PID    Runtime      # DAGs    # Errors  Last Runtime    Last Run               Last # of DB Queries
------------------------------------------------------------------------  -----  ---------  --------  ----------  --------------  -------------------  ----------------------
/home/ec2-user/environment/lab4_model_training/dags/ml_pipeline_dag.py                             1           0  1.71s           2026-03-22T21:44:20                      10
/home/ec2-user/environment/lab4_model_training/dags/generate_data_dag.py                           1           0  1.51s           2026-03-22T21:44:49                      10
/home/ec2-user/environment/lab4_model_training/dags/train_model_dag.py                             1           0  1.51s           2026-03-22T21:44:23                      10
================================================================================
[2026-03-22T21:45:21.637+0000] {manager.py:997} INFO - 
================================================================================
DAG File Processing Stats

File Path                                                                 PID    Runtime      # DAGs    # Errors  Last Runtime    Last Run               Last # of DB Queries
------------------------------------------------------------------------  -----  ---------  --------  ----------  --------------  -------------------  ----------------------
/home/ec2-user/environment/lab4_model_training/dags/generate_data_dag.py                           1           0  1.51s           2026-03-22T21:45:21                      10
/home/ec2-user/environment/lab4_model_training/dags/ml_pipeline_dag.py                             1           0  1.51s           2026-03-22T21:44:52                      10
/home/ec2-user/environment/lab4_model_training/dags/train_model_dag.py                             1           0  1.51s           2026-03-22T21:44:54                      10
================================================================================
[2026-03-22T21:45:53.341+0000] {manager.py:997} INFO - 
================================================================================
DAG File Processing Stats

File Path                                                                 PID    Runtime      # DAGs    # Errors  Last Runtime    Last Run               Last # of DB Queries
------------------------------------------------------------------------  -----  ---------  --------  ----------  --------------  -------------------  ----------------------
/home/ec2-user/environment/lab4_model_training/dags/train_model_dag.py                             1           0  1.81s           2026-03-22T21:45:26                      10
/home/ec2-user/environment/lab4_model_training/dags/ml_pipeline_dag.py                             1           0  1.51s           2026-03-22T21:45:23                      10
/home/ec2-user/environment/lab4_model_training/dags/generate_data_dag.py                           1           0  1.51s           2026-03-22T21:45:53                      10
================================================================================
[2026-03-22T21:46:25.530+0000] {manager.py:997} INFO - 
================================================================================
DAG File Processing Stats

File Path                                                                 PID    Runtime      # DAGs    # Errors  Last Runtime    Last Run               Last # of DB Queries
------------------------------------------------------------------------  -----  ---------  --------  ----------  --------------  -------------------  ----------------------
/home/ec2-user/environment/lab4_model_training/dags/train_model_dag.py                             1           0  1.51s           2026-03-22T21:45:58                      10
/home/ec2-user/environment/lab4_model_training/dags/ml_pipeline_dag.py                             1           0  1.51s           2026-03-22T21:45:55                      10
/home/ec2-user/environment/lab4_model_training/dags/generate_data_dag.py                           1           0  1.41s           2026-03-22T21:46:25                      10
================================================================================
[2026-03-22T21:46:57.023+0000] {manager.py:997} INFO - 
================================================================================
DAG File Processing Stats

File Path                                                                 PID    Runtime      # DAGs    # Errors  Last Runtime    Last Run               Last # of DB Queries
------------------------------------------------------------------------  -----  ---------  --------  ----------  --------------  -------------------  ----------------------
/home/ec2-user/environment/lab4_model_training/dags/ml_pipeline_dag.py                             1           0  1.51s           2026-03-22T21:46:28                      10
/home/ec2-user/environment/lab4_model_training/dags/train_model_dag.py                             1           0  1.51s           2026-03-22T21:46:30                      10
/home/ec2-user/environment/lab4_model_training/dags/generate_data_dag.py                           1           0  1.42s           2026-03-22T21:46:57                      10
================================================================================
[2026-03-22T21:47:28.496+0000] {manager.py:997} INFO - 
================================================================================
DAG File Processing Stats

File Path                                                                 PID    Runtime      # DAGs    # Errors  Last Runtime    Last Run               Last # of DB Queries
------------------------------------------------------------------------  -----  ---------  --------  ----------  --------------  -------------------  ----------------------
/home/ec2-user/environment/lab4_model_training/dags/train_model_dag.py                             1           0  1.51s           2026-03-22T21:47:03                      10
/home/ec2-user/environment/lab4_model_training/dags/ml_pipeline_dag.py                             1           0  1.51s           2026-03-22T21:47:00                      10
/home/ec2-user/environment/lab4_model_training/dags/generate_data_dag.py                           1           0  1.41s           2026-03-22T21:47:28                      10
================================================================================
[2026-03-22T21:47:59.968+0000] {manager.py:997} INFO - 
================================================================================
DAG File Processing Stats

File Path                                                                 PID    Runtime      # DAGs    # Errors  Last Runtime    Last Run               Last # of DB Queries
------------------------------------------------------------------------  -----  ---------  --------  ----------  --------------  -------------------  ----------------------
/home/ec2-user/environment/lab4_model_training/dags/ml_pipeline_dag.py                             1           0  1.51s           2026-03-22T21:47:33                      10
/home/ec2-user/environment/lab4_model_training/dags/train_model_dag.py                             1           0  1.51s           2026-03-22T21:47:35                      10
/home/ec2-user/environment/lab4_model_training/dags/generate_data_dag.py                           1           0  1.41s           2026-03-22T21:47:59                      10
================================================================================
[2026-03-22T21:48:31.546+0000] {manager.py:997} INFO - 
================================================================================
DAG File Processing Stats

File Path                                                                 PID    Runtime      # DAGs    # Errors  Last Runtime    Last Run               Last # of DB Queries
------------------------------------------------------------------------  -----  ---------  --------  ----------  --------------  -------------------  ----------------------
/home/ec2-user/environment/lab4_model_training/dags/train_model_dag.py                             1           0  1.51s           2026-03-22T21:48:06                      10
/home/ec2-user/environment/lab4_model_training/dags/ml_pipeline_dag.py                             1           0  1.51s           2026-03-22T21:48:04                      10
/home/ec2-user/environment/lab4_model_training/dags/generate_data_dag.py                           1           0  1.41s           2026-03-22T21:48:31                      10
================================================================================
[2026-03-22T21:49:03.019+0000] {manager.py:997} INFO - 
================================================================================
DAG File Processing Stats

File Path                                                                 PID    Runtime      # DAGs    # Errors  Last Runtime    Last Run               Last # of DB Queries
------------------------------------------------------------------------  -----  ---------  --------  ----------  --------------  -------------------  ----------------------
/home/ec2-user/environment/lab4_model_training/dags/ml_pipeline_dag.py                             1           0  1.91s           2026-03-22T21:48:36                      10
/home/ec2-user/environment/lab4_model_training/dags/generate_data_dag.py                           1           0  1.41s           2026-03-22T21:49:03                      10
/home/ec2-user/environment/lab4_model_training/dags/train_model_dag.py                             1           0  1.41s           2026-03-22T21:48:39                      10
================================================================================
[2026-03-22T21:49:28.440+0000] {manager.py:821} INFO - Searching for files in /home/ec2-user/environment/lab4_model_training/dags
[2026-03-22T21:49:28.442+0000] {manager.py:824} INFO - There are 4 files in /home/ec2-user/environment/lab4_model_training/dags
[2026-03-22T21:49:34.363+0000] {manager.py:997} INFO - 
================================================================================
DAG File Processing Stats

File Path                                                                       PID    Runtime      # DAGs    # Errors  Last Runtime    Last Run               Last # of DB Queries
------------------------------------------------------------------------------  -----  ---------  --------  ----------  --------------  -------------------  ----------------------
/home/ec2-user/environment/lab4_model_training/dags/ml_training_pipeline_v2.py                           1           0  1.51s           2026-03-22T21:49:29                      32
/home/ec2-user/environment/lab4_model_training/dags/ml_pipeline_dag.py                                   1           0  1.41s           2026-03-22T21:49:08                      10
/home/ec2-user/environment/lab4_model_training/dags/train_model_dag.py                                   1           0  1.41s           2026-03-22T21:49:11                      10
/home/ec2-user/environment/lab4_model_training/dags/generate_data_dag.py                                 1           0  1.31s           2026-03-22T21:49:34                      10
================================================================================
[2026-03-22T21:50:06.228+0000] {manager.py:997} INFO - 
================================================================================
DAG File Processing Stats

File Path                                                                       PID    Runtime      # DAGs    # Errors  Last Runtime    Last Run               Last # of DB Queries
------------------------------------------------------------------------------  -----  ---------  --------  ----------  --------------  -------------------  ----------------------
/home/ec2-user/environment/lab4_model_training/dags/ml_training_pipeline_v2.py                           1           0  1.81s           2026-03-22T21:50:01                      10
/home/ec2-user/environment/lab4_model_training/dags/ml_pipeline_dag.py                                   1           0  1.81s           2026-03-22T21:49:40                       9
/home/ec2-user/environment/lab4_model_training/dags/generate_data_dag.py                                 1           0  1.81s           2026-03-22T21:50:06                      10
/home/ec2-user/environment/lab4_model_training/dags/train_model_dag.py                                   1           0  1.81s           2026-03-22T21:49:43                      10
================================================================================
[2026-03-22T21:50:37.595+0000] {manager.py:997} INFO - 
================================================================================
DAG File Processing Stats

File Path                                                                       PID    Runtime      # DAGs    # Errors  Last Runtime    Last Run               Last # of DB Queries
------------------------------------------------------------------------------  -----  ---------  --------  ----------  --------------  -------------------  ----------------------
/home/ec2-user/environment/lab4_model_training/dags/ml_pipeline_dag.py                                   1           0  1.71s           2026-03-22T21:50:12                      32
/home/ec2-user/environment/lab4_model_training/dags/train_model_dag.py                                   1           0  1.41s           2026-03-22T21:50:15                      10
/home/ec2-user/environment/lab4_model_training/dags/ml_training_pipeline_v2.py                           1           0  1.41s           2026-03-22T21:50:33                       9
/home/ec2-user/environment/lab4_model_training/dags/generate_data_dag.py                                 1           0  1.31s           2026-03-22T21:50:37                      10
================================================================================
[2026-03-22T21:51:08.960+0000] {manager.py:997} INFO - 
================================================================================
DAG File Processing Stats

File Path                                                                       PID    Runtime      # DAGs    # Errors  Last Runtime    Last Run               Last # of DB Queries
------------------------------------------------------------------------------  -----  ---------  --------  ----------  --------------  -------------------  ----------------------
/home/ec2-user/environment/lab4_model_training/dags/ml_training_pipeline_v2.py                           1           0  1.51s           2026-03-22T21:51:05                      32
/home/ec2-user/environment/lab4_model_training/dags/ml_pipeline_dag.py                                   1           0  1.41s           2026-03-22T21:50:44                      10
/home/ec2-user/environment/lab4_model_training/dags/train_model_dag.py                                   1           0  1.41s           2026-03-22T21:50:47                      10
/home/ec2-user/environment/lab4_model_training/dags/generate_data_dag.py                                 1           0  1.31s           2026-03-22T21:51:08                      10
================================================================================
[2026-03-22T21:51:41.026+0000] {manager.py:997} INFO - 
================================================================================
DAG File Processing Stats

File Path                                                                       PID    Runtime      # DAGs    # Errors  Last Runtime    Last Run               Last # of DB Queries
------------------------------------------------------------------------------  -----  ---------  --------  ----------  --------------  -------------------  ----------------------
/home/ec2-user/environment/lab4_model_training/dags/generate_data_dag.py                                 1           0  2.01s           2026-03-22T21:51:41                      10
/home/ec2-user/environment/lab4_model_training/dags/ml_training_pipeline_v2.py                           1           0  1.92s           2026-03-22T21:51:37                      10
/home/ec2-user/environment/lab4_model_training/dags/ml_pipeline_dag.py                                   1           0  1.91s           2026-03-22T21:51:17                       9
/home/ec2-user/environment/lab4_model_training/dags/train_model_dag.py                                   1           0  1.41s           2026-03-22T21:51:20                      10
================================================================================
[2026-03-22T21:52:11.590+0000] {manager.py:997} INFO - 
================================================================================
DAG File Processing Stats

File Path                                                                       PID    Runtime      # DAGs    # Errors  Last Runtime    Last Run               Last # of DB Queries
------------------------------------------------------------------------------  -----  ---------  --------  ----------  --------------  -------------------  ----------------------
/home/ec2-user/environment/lab4_model_training/dags/train_model_dag.py                                   1           0  1.81s           2026-03-22T21:51:55                      10
/home/ec2-user/environment/lab4_model_training/dags/generate_data_dag.py                                 1           0  1.61s           2026-03-22T21:51:57                      10
/home/ec2-user/environment/lab4_model_training/dags/ml_pipeline_dag.py                                   1           0  1.61s           2026-03-22T21:51:52                       9
/home/ec2-user/environment/lab4_model_training/dags/ml_training_pipeline_v2.py                           1           0  1.51s           2026-03-22T21:51:43                      10
================================================================================
[2026-03-22T21:52:41.668+0000] {manager.py:997} INFO - 
================================================================================
DAG File Processing Stats

File Path                                                                       PID    Runtime      # DAGs    # Errors  Last Runtime    Last Run               Last # of DB Queries
------------------------------------------------------------------------------  -----  ---------  --------  ----------  --------------  -------------------  ----------------------
/home/ec2-user/environment/lab4_model_training/dags/train_model_dag.py                                   1           0  1.81s           2026-03-22T21:52:27                      10
/home/ec2-user/environment/lab4_model_training/dags/ml_pipeline_dag.py                                   1           0  1.71s           2026-03-22T21:52:24                      10
/home/ec2-user/environment/lab4_model_training/dags/ml_training_pipeline_v2.py                           1           0  1.41s           2026-03-22T21:52:15                       9
/home/ec2-user/environment/lab4_model_training/dags/generate_data_dag.py                                 1           0  1.31s           2026-03-22T21:52:29                      10
================================================================================
[2026-03-22T21:53:12.266+0000] {manager.py:997} INFO - 
================================================================================
DAG File Processing Stats

File Path                                                                       PID    Runtime      # DAGs    # Errors  Last Runtime    Last Run               Last # of DB Queries
------------------------------------------------------------------------------  -----  ---------  --------  ----------  --------------  -------------------  ----------------------
/home/ec2-user/environment/lab4_model_training/dags/ml_training_pipeline_v2.py                           1           0  1.51s           2026-03-22T21:52:46                      32
/home/ec2-user/environment/lab4_model_training/dags/ml_pipeline_dag.py                                   1           0  1.41s           2026-03-22T21:52:55                       9
/home/ec2-user/environment/lab4_model_training/dags/train_model_dag.py                                   1           0  1.41s           2026-03-22T21:52:59                      10
/home/ec2-user/environment/lab4_model_training/dags/generate_data_dag.py                                 1           0  1.31s           2026-03-22T21:53:01                      10
================================================================================
[2026-03-22T21:53:43.127+0000] {manager.py:997} INFO - 
================================================================================
DAG File Processing Stats

File Path                                                                       PID    Runtime      # DAGs    # Errors  Last Runtime    Last Run               Last # of DB Queries
------------------------------------------------------------------------------  -----  ---------  --------  ----------  --------------  -------------------  ----------------------
/home/ec2-user/environment/lab4_model_training/dags/ml_pipeline_dag.py                                   1           0  1.91s           2026-03-22T21:53:27                      32
/home/ec2-user/environment/lab4_model_training/dags/train_model_dag.py                                   1           0  1.82s           2026-03-22T21:53:30                      10
/home/ec2-user/environment/lab4_model_training/dags/generate_data_dag.py                                 1           0  1.51s           2026-03-22T21:53:33                      10
/home/ec2-user/environment/lab4_model_training/dags/ml_training_pipeline_v2.py                           1           0  1.41s           2026-03-22T21:53:19                      10
================================================================================
[2026-03-22T21:54:13.571+0000] {manager.py:997} INFO - 
================================================================================
DAG File Processing Stats

File Path                                                                       PID    Runtime      # DAGs    # Errors  Last Runtime    Last Run               Last # of DB Queries
------------------------------------------------------------------------------  -----  ---------  --------  ----------  --------------  -------------------  ----------------------
/home/ec2-user/environment/lab4_model_training/dags/ml_pipeline_dag.py                                   1           0  1.53s           2026-03-22T21:53:59                      10
/home/ec2-user/environment/lab4_model_training/dags/ml_training_pipeline_v2.py                           1           0  1.41s           2026-03-22T21:53:51                       9
/home/ec2-user/environment/lab4_model_training/dags/train_model_dag.py                                   1           0  1.41s           2026-03-22T21:54:02                      10
/home/ec2-user/environment/lab4_model_training/dags/generate_data_dag.py                                 1           0  1.31s           2026-03-22T21:54:05                      10
================================================================================
[2026-03-22T21:54:29.207+0000] {manager.py:821} INFO - Searching for files in /home/ec2-user/environment/lab4_model_training/dags
[2026-03-22T21:54:29.209+0000] {manager.py:824} INFO - There are 4 files in /home/ec2-user/environment/lab4_model_training/dags
[2026-03-22T21:54:43.595+0000] {manager.py:997} INFO - 
================================================================================
DAG File Processing Stats

File Path                                                                       PID    Runtime      # DAGs    # Errors  Last Runtime    Last Run               Last # of DB Queries
------------------------------------------------------------------------------  -----  ---------  --------  ----------  --------------  -------------------  ----------------------
/home/ec2-user/environment/lab4_model_training/dags/ml_pipeline_dag.py                                   1           0  1.91s           2026-03-22T21:54:31                       9
/home/ec2-user/environment/lab4_model_training/dags/ml_training_pipeline_v2.py                           1           0  1.51s           2026-03-22T21:54:23                      32
/home/ec2-user/environment/lab4_model_training/dags/train_model_dag.py                                   1           0  1.41s           2026-03-22T21:54:33                      10
/home/ec2-user/environment/lab4_model_training/dags/generate_data_dag.py                                 1           0  1.31s           2026-03-22T21:54:37                      10
================================================================================
[2026-03-22T21:55:14.163+0000] {manager.py:997} INFO - 
================================================================================
DAG File Processing Stats

File Path                                                                       PID    Runtime      # DAGs    # Errors  Last Runtime    Last Run               Last # of DB Queries
------------------------------------------------------------------------------  -----  ---------  --------  ----------  --------------  -------------------  ----------------------
/home/ec2-user/environment/lab4_model_training/dags/ml_pipeline_dag.py                                   1           0  1.51s           2026-03-22T21:55:03                      32
/home/ec2-user/environment/lab4_model_training/dags/ml_training_pipeline_v2.py                           1           0  1.41s           2026-03-22T21:54:55                      10
/home/ec2-user/environment/lab4_model_training/dags/train_model_dag.py                                   1           0  1.41s           2026-03-22T21:55:05                      10
/home/ec2-user/environment/lab4_model_training/dags/generate_data_dag.py                                 1           0  1.31s           2026-03-22T21:55:08                      10
================================================================================
[2026-03-22T21:55:44.627+0000] {manager.py:997} INFO - 
================================================================================
DAG File Processing Stats

File Path                                                                       PID    Runtime      # DAGs    # Errors  Last Runtime    Last Run               Last # of DB Queries
------------------------------------------------------------------------------  -----  ---------  --------  ----------  --------------  -------------------  ----------------------
/home/ec2-user/environment/lab4_model_training/dags/ml_pipeline_dag.py                                   1           0  1.41s           2026-03-22T21:55:34                      10
/home/ec2-user/environment/lab4_model_training/dags/ml_training_pipeline_v2.py                           1           0  1.41s           2026-03-22T21:55:26                       9
/home/ec2-user/environment/lab4_model_training/dags/train_model_dag.py                                   1           0  1.41s           2026-03-22T21:55:36                      10
/home/ec2-user/environment/lab4_model_training/dags/generate_data_dag.py                                 1           0  1.31s           2026-03-22T21:55:40                      10
================================================================================
[2026-03-22T21:56:15.463+0000] {manager.py:997} INFO - 
================================================================================
DAG File Processing Stats

File Path                                                                       PID    Runtime      # DAGs    # Errors  Last Runtime    Last Run               Last # of DB Queries
------------------------------------------------------------------------------  -----  ---------  --------  ----------  --------------  -------------------  ----------------------
/home/ec2-user/environment/lab4_model_training/dags/ml_training_pipeline_v2.py                           1           0  1.51s           2026-03-22T21:55:58                      32
/home/ec2-user/environment/lab4_model_training/dags/ml_pipeline_dag.py                                   1           0  1.41s           2026-03-22T21:56:06                       9
/home/ec2-user/environment/lab4_model_training/dags/train_model_dag.py                                   1           0  1.41s           2026-03-22T21:56:08                      10
/home/ec2-user/environment/lab4_model_training/dags/generate_data_dag.py                                 1           0  1.31s           2026-03-22T21:56:11                      10
================================================================================
[2026-03-22T21:56:46.063+0000] {manager.py:997} INFO - 
================================================================================
DAG File Processing Stats

File Path                                                                       PID    Runtime      # DAGs    # Errors  Last Runtime    Last Run               Last # of DB Queries
------------------------------------------------------------------------------  -----  ---------  --------  ----------  --------------  -------------------  ----------------------
/home/ec2-user/environment/lab4_model_training/dags/ml_pipeline_dag.py                                   1           0  1.51s           2026-03-22T21:56:37                      32
/home/ec2-user/environment/lab4_model_training/dags/generate_data_dag.py                                 1           0  1.41s           2026-03-22T21:56:43                      10
/home/ec2-user/environment/lab4_model_training/dags/train_model_dag.py                                   1           0  1.41s           2026-03-22T21:56:39                      10
/home/ec2-user/environment/lab4_model_training/dags/ml_training_pipeline_v2.py                           1           0  1.41s           2026-03-22T21:56:29                      10
================================================================================
[2026-03-22T21:57:16.658+0000] {manager.py:997} INFO - 
================================================================================
DAG File Processing Stats

File Path                                                                       PID    Runtime      # DAGs    # Errors  Last Runtime    Last Run               Last # of DB Queries
------------------------------------------------------------------------------  -----  ---------  --------  ----------  --------------  -------------------  ----------------------
/home/ec2-user/environment/lab4_model_training/dags/train_model_dag.py                                   1           0  1.41s           2026-03-22T21:57:11                      10
/home/ec2-user/environment/lab4_model_training/dags/ml_pipeline_dag.py                                   1           0  1.41s           2026-03-22T21:57:09                      10
/home/ec2-user/environment/lab4_model_training/dags/ml_training_pipeline_v2.py                           1           0  1.41s           2026-03-22T21:57:01                       9
/home/ec2-user/environment/lab4_model_training/dags/generate_data_dag.py                                 1           0  1.31s           2026-03-22T21:57:14                      10
================================================================================
[2026-03-22T21:57:47.484+0000] {manager.py:997} INFO - 
================================================================================
DAG File Processing Stats

File Path                                                                       PID    Runtime      # DAGs    # Errors  Last Runtime    Last Run               Last # of DB Queries
------------------------------------------------------------------------------  -----  ---------  --------  ----------  --------------  -------------------  ----------------------
/home/ec2-user/environment/lab4_model_training/dags/ml_training_pipeline_v2.py                           1           0  1.41s           2026-03-22T21:57:33                      32
/home/ec2-user/environment/lab4_model_training/dags/train_model_dag.py                                   1           0  1.41s           2026-03-22T21:57:42                      10
/home/ec2-user/environment/lab4_model_training/dags/ml_pipeline_dag.py                                   1           0  1.41s           2026-03-22T21:57:40                       9
/home/ec2-user/environment/lab4_model_training/dags/generate_data_dag.py                                 1           0  1.31s           2026-03-22T21:57:46                      10
================================================================================
[2026-03-22T21:58:18.402+0000] {manager.py:997} INFO - 
================================================================================
DAG File Processing Stats

File Path                                                                       PID    Runtime      # DAGs    # Errors  Last Runtime    Last Run               Last # of DB Queries
------------------------------------------------------------------------------  -----  ---------  --------  ----------  --------------  -------------------  ----------------------
/home/ec2-user/environment/lab4_model_training/dags/ml_training_pipeline_v2.py                           1           0  1.71s           2026-03-22T21:58:04                      10
/home/ec2-user/environment/lab4_model_training/dags/ml_pipeline_dag.py                                   1           0  1.42s           2026-03-22T21:58:12                      32
/home/ec2-user/environment/lab4_model_training/dags/train_model_dag.py                                   1           0  1.41s           2026-03-22T21:58:14                      10
/home/ec2-user/environment/lab4_model_training/dags/generate_data_dag.py                                 1           0  1.32s           2026-03-22T21:58:18                      10
================================================================================
[2026-03-22T21:58:49.972+0000] {manager.py:997} INFO - 
================================================================================
DAG File Processing Stats

File Path                                                                       PID    Runtime      # DAGs    # Errors  Last Runtime    Last Run               Last # of DB Queries
------------------------------------------------------------------------------  -----  ---------  --------  ----------  --------------  -------------------  ----------------------
/home/ec2-user/environment/lab4_model_training/dags/ml_pipeline_dag.py                                   1           0  1.71s           2026-03-22T21:58:43                      10
/home/ec2-user/environment/lab4_model_training/dags/train_model_dag.py                                   1           0  1.51s           2026-03-22T21:58:45                      10
/home/ec2-user/environment/lab4_model_training/dags/ml_training_pipeline_v2.py                           1           0  1.41s           2026-03-22T21:58:36                       9
/home/ec2-user/environment/lab4_model_training/dags/generate_data_dag.py                                 1           0  1.31s           2026-03-22T21:58:49                      10
================================================================================
[2026-03-22T21:59:21.938+0000] {manager.py:997} INFO - 
================================================================================
DAG File Processing Stats

File Path                                                                       PID    Runtime      # DAGs    # Errors  Last Runtime    Last Run               Last # of DB Queries
------------------------------------------------------------------------------  -----  ---------  --------  ----------  --------------  -------------------  ----------------------
/home/ec2-user/environment/lab4_model_training/dags/ml_training_pipeline_v2.py                           1           0  1.71s           2026-03-22T21:59:08                      32
/home/ec2-user/environment/lab4_model_training/dags/train_model_dag.py                                   1           0  1.41s           2026-03-22T21:59:17                      10
/home/ec2-user/environment/lab4_model_training/dags/ml_pipeline_dag.py                                   1           0  1.41s           2026-03-22T21:59:15                       9
/home/ec2-user/environment/lab4_model_training/dags/generate_data_dag.py                                 1           0  1.31s           2026-03-22T21:59:21                      10
================================================================================
[2026-03-22T21:59:29.668+0000] {manager.py:821} INFO - Searching for files in /home/ec2-user/environment/lab4_model_training/dags
[2026-03-22T21:59:29.670+0000] {manager.py:824} INFO - There are 4 files in /home/ec2-user/environment/lab4_model_training/dags
[2026-03-22T21:59:53.486+0000] {manager.py:997} INFO - 
================================================================================
DAG File Processing Stats

File Path                                                                       PID    Runtime      # DAGs    # Errors  Last Runtime    Last Run               Last # of DB Queries
------------------------------------------------------------------------------  -----  ---------  --------  ----------  --------------  -------------------  ----------------------
/home/ec2-user/environment/lab4_model_training/dags/ml_pipeline_dag.py                                   1           0  1.51s           2026-03-22T21:59:47                      32
/home/ec2-user/environment/lab4_model_training/dags/ml_training_pipeline_v2.py                           1           0  1.41s           2026-03-22T21:59:40                      10
/home/ec2-user/environment/lab4_model_training/dags/train_model_dag.py                                   1           0  1.41s           2026-03-22T21:59:48                      10
/home/ec2-user/environment/lab4_model_training/dags/generate_data_dag.py                                 1           0  1.31s           2026-03-22T21:59:53                      10
================================================================================
[2026-03-22T22:00:25.681+0000] {manager.py:997} INFO - 
================================================================================
DAG File Processing Stats

File Path                                                                       PID    Runtime      # DAGs    # Errors  Last Runtime    Last Run               Last # of DB Queries
------------------------------------------------------------------------------  -----  ---------  --------  ----------  --------------  -------------------  ----------------------
/home/ec2-user/environment/lab4_model_training/dags/generate_data_dag.py                                 1           0  1.91s           2026-03-22T22:00:25                      10
/home/ec2-user/environment/lab4_model_training/dags/ml_training_pipeline_v2.py                           1           0  1.41s           2026-03-22T22:00:11                       9
/home/ec2-user/environment/lab4_model_training/dags/ml_pipeline_dag.py                                   1           0  1.41s           2026-03-22T22:00:18                      10
/home/ec2-user/environment/lab4_model_training/dags/train_model_dag.py                                   1           0  1.41s           2026-03-22T22:00:20                      10
================================================================================
[2026-03-22T22:00:57.712+0000] {manager.py:997} INFO - 
================================================================================
DAG File Processing Stats

File Path                                                                       PID    Runtime      # DAGs    # Errors  Last Runtime    Last Run               Last # of DB Queries
------------------------------------------------------------------------------  -----  ---------  --------  ----------  --------------  -------------------  ----------------------
/home/ec2-user/environment/lab4_model_training/dags/ml_pipeline_dag.py                                   1           0  1.61s           2026-03-22T22:00:50                       9
/home/ec2-user/environment/lab4_model_training/dags/ml_training_pipeline_v2.py                           1           0  1.51s           2026-03-22T22:00:43                      32
/home/ec2-user/environment/lab4_model_training/dags/train_model_dag.py                                   1           0  1.41s           2026-03-22T22:00:52                      10
/home/ec2-user/environment/lab4_model_training/dags/generate_data_dag.py                                 1           0  1.31s           2026-03-22T22:00:57                      10
================================================================================
[2026-03-22T22:01:29.544+0000] {manager.py:997} INFO - 
================================================================================
DAG File Processing Stats

File Path                                                                       PID    Runtime      # DAGs    # Errors  Last Runtime    Last Run               Last # of DB Queries
------------------------------------------------------------------------------  -----  ---------  --------  ----------  --------------  -------------------  ----------------------
/home/ec2-user/environment/lab4_model_training/dags/ml_training_pipeline_v2.py                           1           0  1.62s           2026-03-22T22:01:15                      10
/home/ec2-user/environment/lab4_model_training/dags/train_model_dag.py                                   1           0  1.61s           2026-03-22T22:01:19                      32
/home/ec2-user/environment/lab4_model_training/dags/ml_pipeline_dag.py                                   1           0  1.51s           2026-03-22T22:01:21                      32
/home/ec2-user/environment/lab4_model_training/dags/generate_data_dag.py                                 1           0  1.31s           2026-03-22T22:01:29                      10
================================================================================
[2026-03-22T22:01:43.928+0000] {manager.py:465} INFO - Exiting gracefully upon receiving signal 15
[2026-03-22T22:02:11.164+0000] {manager.py:483} INFO - Processing files using up to 1 processes at a time 
[2026-03-22T22:02:11.166+0000] {manager.py:484} INFO - Process each file at most once every 30 seconds
[2026-03-22T22:02:11.166+0000] {manager.py:485} INFO - Checking for new files in /home/ec2-user/environment/lab4_model_training/dags every 300 seconds
[2026-03-22T22:02:11.167+0000] {manager.py:821} INFO - Searching for files in /home/ec2-user/environment/lab4_model_training/dags
[2026-03-22T22:02:11.170+0000] {manager.py:824} INFO - There are 4 files in /home/ec2-user/environment/lab4_model_training/dags
[2026-03-22T22:02:12.713+0000] {manager.py:997} INFO - 
================================================================================
DAG File Processing Stats

File Path                                                                       PID    Runtime      # DAGs    # Errors  Last Runtime    Last Run               Last # of DB Queries
------------------------------------------------------------------------------  -----  ---------  --------  ----------  --------------  -------------------  ----------------------
/home/ec2-user/environment/lab4_model_training/dags/train_model_dag.py                                   1           0  1.51s           2026-03-22T22:02:12                      10
/home/ec2-user/environment/lab4_model_training/dags/generate_data_dag.py                                 0           0                                                            0
/home/ec2-user/environment/lab4_model_training/dags/ml_pipeline_dag.py                                   0           0                                                            0
/home/ec2-user/environment/lab4_model_training/dags/ml_training_pipeline_v2.py                           0           0                                                            0
================================================================================
[2026-03-22T22:02:44.353+0000] {manager.py:997} INFO - 
================================================================================
DAG File Processing Stats

File Path                                                                       PID    Runtime      # DAGs    # Errors  Last Runtime    Last Run               Last # of DB Queries
------------------------------------------------------------------------------  -----  ---------  --------  ----------  --------------  -------------------  ----------------------
/home/ec2-user/environment/lab4_model_training/dags/train_model_dag.py                                   1           0  1.51s           2026-03-22T22:02:44                      10
/home/ec2-user/environment/lab4_model_training/dags/ml_pipeline_dag.py                                   1           0  1.51s           2026-03-22T22:02:17                      10
/home/ec2-user/environment/lab4_model_training/dags/ml_training_pipeline_v2.py                           1           0  1.51s           2026-03-22T22:02:20                      32
/home/ec2-user/environment/lab4_model_training/dags/generate_data_dag.py                                 1           0  1.41s           2026-03-22T22:02:15                      10
================================================================================
[2026-03-22T22:03:16.110+0000] {manager.py:997} INFO - 
================================================================================
DAG File Processing Stats

File Path                                                                       PID    Runtime      # DAGs    # Errors  Last Runtime    Last Run               Last # of DB Queries
------------------------------------------------------------------------------  -----  ---------  --------  ----------  --------------  -------------------  ----------------------
/home/ec2-user/environment/lab4_model_training/dags/generate_data_dag.py                                 1           0  1.61s           2026-03-22T22:02:46                      10
/home/ec2-user/environment/lab4_model_training/dags/ml_pipeline_dag.py                                   1           0  1.51s           2026-03-22T22:02:52                      32
/home/ec2-user/environment/lab4_model_training/dags/train_model_dag.py                                   1           0  1.51s           2026-03-22T22:03:16                      10
/home/ec2-user/environment/lab4_model_training/dags/ml_training_pipeline_v2.py                           1           0  1.42s           2026-03-22T22:02:54                       9
================================================================================
[2026-03-22T22:03:47.703+0000] {manager.py:997} INFO - 
================================================================================
DAG File Processing Stats

File Path                                                                       PID    Runtime      # DAGs    # Errors  Last Runtime    Last Run               Last # of DB Queries
------------------------------------------------------------------------------  -----  ---------  --------  ----------  --------------  -------------------  ----------------------
/home/ec2-user/environment/lab4_model_training/dags/ml_training_pipeline_v2.py                           1           0  1.51s           2026-03-22T22:03:26                      32
/home/ec2-user/environment/lab4_model_training/dags/ml_pipeline_dag.py                                   1           0  1.51s           2026-03-22T22:03:24                      10
/home/ec2-user/environment/lab4_model_training/dags/train_model_dag.py                                   1           0  1.51s           2026-03-22T22:03:47                      10
/home/ec2-user/environment/lab4_model_training/dags/generate_data_dag.py                                 1           0  1.41s           2026-03-22T22:03:18                      10
================================================================================
[2026-03-22T22:04:19.818+0000] {manager.py:997} INFO - 
================================================================================
DAG File Processing Stats

File Path                                                                       PID    Runtime      # DAGs    # Errors  Last Runtime    Last Run               Last # of DB Queries
------------------------------------------------------------------------------  -----  ---------  --------  ----------  --------------  -------------------  ----------------------
/home/ec2-user/environment/lab4_model_training/dags/train_model_dag.py                                   1           0  2.01s           2026-03-22T22:04:19                      10
/home/ec2-user/environment/lab4_model_training/dags/ml_pipeline_dag.py                                   1           0  1.51s           2026-03-22T22:03:55                       9
/home/ec2-user/environment/lab4_model_training/dags/ml_training_pipeline_v2.py                           1           0  1.51s           2026-03-22T22:03:58                      10
/home/ec2-user/environment/lab4_model_training/dags/generate_data_dag.py                                 1           0  1.41s           2026-03-22T22:03:50                      10
================================================================================
[2026-03-22T22:04:51.542+0000] {manager.py:997} INFO - 
================================================================================
DAG File Processing Stats

File Path                                                                       PID    Runtime      # DAGs    # Errors  Last Runtime    Last Run               Last # of DB Queries
------------------------------------------------------------------------------  -----  ---------  --------  ----------  --------------  -------------------  ----------------------
/home/ec2-user/environment/lab4_model_training/dags/ml_pipeline_dag.py                                   1           0  1.81s           2026-03-22T22:04:27                      32
/home/ec2-user/environment/lab4_model_training/dags/ml_training_pipeline_v2.py                           1           0  1.61s           2026-03-22T22:04:29                       9
/home/ec2-user/environment/lab4_model_training/dags/train_model_dag.py                                   1           0  1.51s           2026-03-22T22:04:51                      10
/home/ec2-user/environment/lab4_model_training/dags/generate_data_dag.py                                 1           0  1.41s           2026-03-22T22:04:22                      10
================================================================================
[2026-03-22T22:05:23.265+0000] {manager.py:997} INFO - 
================================================================================
DAG File Processing Stats

File Path                                                                       PID    Runtime      # DAGs    # Errors  Last Runtime    Last Run               Last # of DB Queries
------------------------------------------------------------------------------  -----  ---------  --------  ----------  --------------  -------------------  ----------------------
/home/ec2-user/environment/lab4_model_training/dags/train_model_dag.py                                   1           0  1.51s           2026-03-22T22:05:23                      10
/home/ec2-user/environment/lab4_model_training/dags/ml_pipeline_dag.py                                   1           0  1.51s           2026-03-22T22:04:59                      10
/home/ec2-user/environment/lab4_model_training/dags/ml_training_pipeline_v2.py                           1           0  1.51s           2026-03-22T22:05:01                      32
/home/ec2-user/environment/lab4_model_training/dags/generate_data_dag.py                                 1           0  1.41s           2026-03-22T22:04:53                      10
================================================================================
[2026-03-22T22:05:55.001+0000] {manager.py:997} INFO - 
================================================================================
DAG File Processing Stats

File Path                                                                       PID    Runtime      # DAGs    # Errors  Last Runtime    Last Run               Last # of DB Queries
------------------------------------------------------------------------------  -----  ---------  --------  ----------  --------------  -------------------  ----------------------
/home/ec2-user/environment/lab4_model_training/dags/ml_training_pipeline_v2.py                           1           0  1.51s           2026-03-22T22:05:33                      10
/home/ec2-user/environment/lab4_model_training/dags/train_model_dag.py                                   1           0  1.51s           2026-03-22T22:05:55                      10
/home/ec2-user/environment/lab4_model_training/dags/ml_pipeline_dag.py                                   1           0  1.42s           2026-03-22T22:05:30                       9
/home/ec2-user/environment/lab4_model_training/dags/generate_data_dag.py                                 1           0  1.41s           2026-03-22T22:05:25                      10
================================================================================
[2026-03-22T22:06:27.156+0000] {manager.py:997} INFO - 
================================================================================
DAG File Processing Stats

File Path                                                                       PID    Runtime      # DAGs    # Errors  Last Runtime    Last Run               Last # of DB Queries
------------------------------------------------------------------------------  -----  ---------  --------  ----------  --------------  -------------------  ----------------------
/home/ec2-user/environment/lab4_model_training/dags/train_model_dag.py                                   1           0  1.91s           2026-03-22T22:06:27                      10
/home/ec2-user/environment/lab4_model_training/dags/ml_training_pipeline_v2.py                           1           0  1.81s           2026-03-22T22:06:04                       9
/home/ec2-user/environment/lab4_model_training/dags/ml_pipeline_dag.py                                   1           0  1.61s           2026-03-22T22:06:02                      32
/home/ec2-user/environment/lab4_model_training/dags/generate_data_dag.py                                 1           0  1.41s           2026-03-22T22:05:57                      10
================================================================================
[2026-03-22T22:06:59.118+0000] {manager.py:997} INFO - 
================================================================================
DAG File Processing Stats

File Path                                                                       PID    Runtime      # DAGs    # Errors  Last Runtime    Last Run               Last # of DB Queries
------------------------------------------------------------------------------  -----  ---------  --------  ----------  --------------  -------------------  ----------------------
/home/ec2-user/environment/lab4_model_training/dags/train_model_dag.py                                   1           0  1.71s           2026-03-22T22:06:59                      10
/home/ec2-user/environment/lab4_model_training/dags/ml_training_pipeline_v2.py                           1           0  1.51s           2026-03-22T22:06:36                      32
/home/ec2-user/environment/lab4_model_training/dags/ml_pipeline_dag.py                                   1           0  1.41s           2026-03-22T22:06:33                      10
/home/ec2-user/environment/lab4_model_training/dags/generate_data_dag.py                                 1           0  1.41s           2026-03-22T22:06:29                      10
================================================================================
[2026-03-22T22:07:11.268+0000] {manager.py:821} INFO - Searching for files in /home/ec2-user/environment/lab4_model_training/dags
[2026-03-22T22:07:11.270+0000] {manager.py:824} INFO - There are 4 files in /home/ec2-user/environment/lab4_model_training/dags
[2026-03-22T22:07:31.453+0000] {manager.py:997} INFO - 
================================================================================
DAG File Processing Stats

File Path                                                                       PID    Runtime      # DAGs    # Errors  Last Runtime    Last Run               Last # of DB Queries
------------------------------------------------------------------------------  -----  ---------  --------  ----------  --------------  -------------------  ----------------------
/home/ec2-user/environment/lab4_model_training/dags/ml_training_pipeline_v2.py                           1           0  2.01s           2026-03-22T22:07:08                      10
/home/ec2-user/environment/lab4_model_training/dags/generate_data_dag.py                                 1           0  1.91s           2026-03-22T22:07:02                      10
/home/ec2-user/environment/lab4_model_training/dags/ml_pipeline_dag.py                                   1           0  1.72s           2026-03-22T22:07:05                       9
/home/ec2-user/environment/lab4_model_training/dags/train_model_dag.py                                   1           0  1.51s           2026-03-22T22:07:31                      10
================================================================================
[2026-03-22T22:08:03.015+0000] {manager.py:997} INFO - 
================================================================================
DAG File Processing Stats

File Path                                                                       PID    Runtime      # DAGs    # Errors  Last Runtime    Last Run               Last # of DB Queries
------------------------------------------------------------------------------  -----  ---------  --------  ----------  --------------  -------------------  ----------------------
/home/ec2-user/environment/lab4_model_training/dags/ml_training_pipeline_v2.py                           1           0  1.51s           2026-03-22T22:07:40                       9
/home/ec2-user/environment/lab4_model_training/dags/ml_pipeline_dag.py                                   1           0  1.51s           2026-03-22T22:07:37                      32
/home/ec2-user/environment/lab4_model_training/dags/train_model_dag.py                                   1           0  1.51s           2026-03-22T22:08:03                      10
/home/ec2-user/environment/lab4_model_training/dags/generate_data_dag.py                                 1           0  1.41s           2026-03-22T22:07:33                      10
================================================================================
[2026-03-22T22:08:34.519+0000] {manager.py:997} INFO - 
================================================================================
DAG File Processing Stats

File Path                                                                       PID    Runtime      # DAGs    # Errors  Last Runtime    Last Run               Last # of DB Queries
------------------------------------------------------------------------------  -----  ---------  --------  ----------  --------------  -------------------  ----------------------
/home/ec2-user/environment/lab4_model_training/dags/ml_pipeline_dag.py                                   1           0  1.51s           2026-03-22T22:08:08                      10
/home/ec2-user/environment/lab4_model_training/dags/ml_training_pipeline_v2.py                           1           0  1.51s           2026-03-22T22:08:11                      32
/home/ec2-user/environment/lab4_model_training/dags/generate_data_dag.py                                 1           0  1.41s           2026-03-22T22:08:05                      10
/home/ec2-user/environment/lab4_model_training/dags/train_model_dag.py                                   1           0  1.41s           2026-03-22T22:08:34                      10
================================================================================
[2026-03-22T22:09:06.544+0000] {manager.py:997} INFO - 
================================================================================
DAG File Processing Stats

File Path                                                                       PID    Runtime      # DAGs    # Errors  Last Runtime    Last Run               Last # of DB Queries
------------------------------------------------------------------------------  -----  ---------  --------  ----------  --------------  -------------------  ----------------------
/home/ec2-user/environment/lab4_model_training/dags/ml_training_pipeline_v2.py                           1           0  1.81s           2026-03-22T22:08:43                      10
/home/ec2-user/environment/lab4_model_training/dags/train_model_dag.py                                   1           0  1.81s           2026-03-22T22:09:06                      10
/home/ec2-user/environment/lab4_model_training/dags/generate_data_dag.py                                 1           0  1.71s           2026-03-22T22:08:37                      10
/home/ec2-user/environment/lab4_model_training/dags/ml_pipeline_dag.py                                   1           0  1.51s           2026-03-22T22:08:40                       9
================================================================================
[2026-03-22T22:09:38.758+0000] {manager.py:997} INFO - 
================================================================================
DAG File Processing Stats

File Path                                                                       PID    Runtime      # DAGs    # Errors  Last Runtime    Last Run               Last # of DB Queries
------------------------------------------------------------------------------  -----  ---------  --------  ----------  --------------  -------------------  ----------------------
/home/ec2-user/environment/lab4_model_training/dags/train_model_dag.py                                   1           0  1.51s           2026-03-22T22:09:38                      10
/home/ec2-user/environment/lab4_model_training/dags/ml_pipeline_dag.py                                   1           0  1.51s           2026-03-22T22:09:12                      32
/home/ec2-user/environment/lab4_model_training/dags/ml_training_pipeline_v2.py                           1           0  1.41s           2026-03-22T22:09:15                       9
/home/ec2-user/environment/lab4_model_training/dags/generate_data_dag.py                                 1           0  1.41s           2026-03-22T22:09:08                      10
================================================================================
[2026-03-22T22:10:10.841+0000] {manager.py:997} INFO - 
================================================================================
DAG File Processing Stats

File Path                                                                       PID    Runtime      # DAGs    # Errors  Last Runtime    Last Run               Last # of DB Queries
------------------------------------------------------------------------------  -----  ---------  --------  ----------  --------------  -------------------  ----------------------
/home/ec2-user/environment/lab4_model_training/dags/ml_pipeline_dag.py                                   1           0  1.91s           2026-03-22T22:09:44                      10
/home/ec2-user/environment/lab4_model_training/dags/ml_training_pipeline_v2.py                           1           0  1.71s           2026-03-22T22:09:46                      32
/home/ec2-user/environment/lab4_model_training/dags/train_model_dag.py                                   1           0  1.51s           2026-03-22T22:10:10                      10
/home/ec2-user/environment/lab4_model_training/dags/generate_data_dag.py                                 1           0  1.41s           2026-03-22T22:09:41                      10
================================================================================
[2026-03-22T22:10:42.588+0000] {manager.py:997} INFO - 
================================================================================
DAG File Processing Stats

File Path                                                                       PID    Runtime      # DAGs    # Errors  Last Runtime    Last Run               Last # of DB Queries
------------------------------------------------------------------------------  -----  ---------  --------  ----------  --------------  -------------------  ----------------------
/home/ec2-user/environment/lab4_model_training/dags/ml_training_pipeline_v2.py                           1           0  2.11s           2026-03-22T22:10:18                      10
/home/ec2-user/environment/lab4_model_training/dags/train_model_dag.py                                   1           0  1.52s           2026-03-22T22:10:42                      10
/home/ec2-user/environment/lab4_model_training/dags/ml_pipeline_dag.py                                   1           0  1.51s           2026-03-22T22:10:15                       9
/home/ec2-user/environment/lab4_model_training/dags/generate_data_dag.py                                 1           0  1.41s           2026-03-22T22:10:13                      10
================================================================================
[2026-03-22T22:11:14.816+0000] {manager.py:997} INFO - 
================================================================================
DAG File Processing Stats

File Path                                                                       PID    Runtime      # DAGs    # Errors  Last Runtime    Last Run               Last # of DB Queries
------------------------------------------------------------------------------  -----  ---------  --------  ----------  --------------  -------------------  ----------------------
/home/ec2-user/environment/lab4_model_training/dags/train_model_dag.py                                   1           0  2.01s           2026-03-22T22:11:14                      10
/home/ec2-user/environment/lab4_model_training/dags/ml_pipeline_dag.py                                   1           0  1.51s           2026-03-22T22:10:47                      32
/home/ec2-user/environment/lab4_model_training/dags/ml_training_pipeline_v2.py                           1           0  1.42s           2026-03-22T22:10:50                       9
/home/ec2-user/environment/lab4_model_training/dags/generate_data_dag.py                                 1           0  1.41s           2026-03-22T22:10:45                      10
================================================================================
[2026-03-22T22:11:46.823+0000] {manager.py:997} INFO - 
================================================================================
DAG File Processing Stats

File Path                                                                       PID    Runtime      # DAGs    # Errors  Last Runtime    Last Run               Last # of DB Queries
------------------------------------------------------------------------------  -----  ---------  --------  ----------  --------------  -------------------  ----------------------
/home/ec2-user/environment/lab4_model_training/dags/generate_data_dag.py                                 1           0  1.81s           2026-03-22T22:11:17                      10
/home/ec2-user/environment/lab4_model_training/dags/ml_training_pipeline_v2.py                           1           0  1.51s           2026-03-22T22:11:21                      32
/home/ec2-user/environment/lab4_model_training/dags/ml_pipeline_dag.py                                   1           0  1.51s           2026-03-22T22:11:20                      10
/home/ec2-user/environment/lab4_model_training/dags/train_model_dag.py                                   1           0  1.41s           2026-03-22T22:11:46                      10
================================================================================
[2026-03-22T22:12:12.038+0000] {manager.py:821} INFO - Searching for files in /home/ec2-user/environment/lab4_model_training/dags
[2026-03-22T22:12:12.040+0000] {manager.py:824} INFO - There are 4 files in /home/ec2-user/environment/lab4_model_training/dags
[2026-03-22T22:12:18.654+0000] {manager.py:997} INFO - 
================================================================================
DAG File Processing Stats

File Path                                                                       PID    Runtime      # DAGs    # Errors  Last Runtime    Last Run               Last # of DB Queries
------------------------------------------------------------------------------  -----  ---------  --------  ----------  --------------  -------------------  ----------------------
/home/ec2-user/environment/lab4_model_training/dags/ml_training_pipeline_v2.py                           1           0  2.02s           2026-03-22T22:11:54                      10
/home/ec2-user/environment/lab4_model_training/dags/train_model_dag.py                                   1           0  1.71s           2026-03-22T22:12:18                      10
/home/ec2-user/environment/lab4_model_training/dags/ml_pipeline_dag.py                                   1           0  1.51s           2026-03-22T22:11:51                       9
/home/ec2-user/environment/lab4_model_training/dags/generate_data_dag.py                                 1           0  1.51s           2026-03-22T22:11:49                      10
================================================================================
[2026-03-22T22:12:50.959+0000] {manager.py:997} INFO - 
================================================================================
DAG File Processing Stats

File Path                                                                       PID    Runtime      # DAGs    # Errors  Last Runtime    Last Run               Last # of DB Queries
------------------------------------------------------------------------------  -----  ---------  --------  ----------  --------------  -------------------  ----------------------
/home/ec2-user/environment/lab4_model_training/dags/ml_pipeline_dag.py                                   1           0  2.01s           2026-03-22T22:12:24                      32
/home/ec2-user/environment/lab4_model_training/dags/generate_data_dag.py                                 1           0  1.91s           2026-03-22T22:12:21                      10
/home/ec2-user/environment/lab4_model_training/dags/ml_training_pipeline_v2.py                           1           0  1.81s           2026-03-22T22:12:27                       9
/home/ec2-user/environment/lab4_model_training/dags/train_model_dag.py                                   1           0  1.41s           2026-03-22T22:12:50                      10
================================================================================
[2026-03-22T22:13:21.197+0000] {manager.py:997} INFO - 
================================================================================
DAG File Processing Stats

File Path                                                                       PID    Runtime      # DAGs    # Errors  Last Runtime    Last Run               Last # of DB Queries
------------------------------------------------------------------------------  -----  ---------  --------  ----------  --------------  -------------------  ----------------------
/home/ec2-user/environment/lab4_model_training/dags/train_model_dag.py                                   1           0  2.01s           2026-03-22T22:13:09                      32
/home/ec2-user/environment/lab4_model_training/dags/ml_training_pipeline_v2.py                           1           0  1.71s           2026-03-22T22:12:59                      32
/home/ec2-user/environment/lab4_model_training/dags/ml_pipeline_dag.py                                   1           0  1.41s           2026-03-22T22:12:55                      10
/home/ec2-user/environment/lab4_model_training/dags/generate_data_dag.py                                 1           0  1.31s           2026-03-22T22:12:52                      10
================================================================================
[2026-03-22T22:13:51.328+0000] {manager.py:997} INFO - 
================================================================================
DAG File Processing Stats

File Path                                                                       PID    Runtime      # DAGs    # Errors  Last Runtime    Last Run               Last # of DB Queries
------------------------------------------------------------------------------  -----  ---------  --------  ----------  --------------  -------------------  ----------------------
/home/ec2-user/environment/lab4_model_training/dags/ml_training_pipeline_v2.py                           1           0  1.91s           2026-03-22T22:13:31                      10
/home/ec2-user/environment/lab4_model_training/dags/ml_pipeline_dag.py                                   1           0  1.81s           2026-03-22T22:13:27                       9
/home/ec2-user/environment/lab4_model_training/dags/train_model_dag.py                                   1           0  1.41s           2026-03-22T22:13:34                       9
/home/ec2-user/environment/lab4_model_training/dags/generate_data_dag.py                                 1           0  1.31s           2026-03-22T22:13:24                      10
================================================================================
[2026-03-22T22:14:22.192+0000] {manager.py:997} INFO - 
================================================================================
DAG File Processing Stats

File Path                                                                       PID    Runtime      # DAGs    # Errors  Last Runtime    Last Run               Last # of DB Queries
------------------------------------------------------------------------------  -----  ---------  --------  ----------  --------------  -------------------  ----------------------
/home/ec2-user/environment/lab4_model_training/dags/ml_training_pipeline_v2.py                           1           0  1.91s           2026-03-22T22:14:04                       9
/home/ec2-user/environment/lab4_model_training/dags/ml_pipeline_dag.py                                   1           0  1.42s           2026-03-22T22:13:59                      32
/home/ec2-user/environment/lab4_model_training/dags/generate_data_dag.py                                 1           0  1.41s           2026-03-22T22:13:55                      10
/home/ec2-user/environment/lab4_model_training/dags/train_model_dag.py                                   1           0  1.41s           2026-03-22T22:14:07                      10
================================================================================
[2026-03-22T22:14:52.327+0000] {manager.py:997} INFO - 
================================================================================
DAG File Processing Stats

File Path                                                                       PID    Runtime      # DAGs    # Errors  Last Runtime    Last Run               Last # of DB Queries
------------------------------------------------------------------------------  -----  ---------  --------  ----------  --------------  -------------------  ----------------------
/home/ec2-user/environment/lab4_model_training/dags/generate_data_dag.py                                 1           0  1.91s           2026-03-22T22:14:28                      10
/home/ec2-user/environment/lab4_model_training/dags/ml_training_pipeline_v2.py                           1           0  1.41s           2026-03-22T22:14:36                      32
/home/ec2-user/environment/lab4_model_training/dags/train_model_dag.py                                   1           0  1.41s           2026-03-22T22:14:39                      10
/home/ec2-user/environment/lab4_model_training/dags/ml_pipeline_dag.py                                   1           0  1.41s           2026-03-22T22:14:30                      10
================================================================================
[2026-03-22T22:15:22.786+0000] {manager.py:997} INFO - 
================================================================================
DAG File Processing Stats

File Path                                                                       PID    Runtime      # DAGs    # Errors  Last Runtime    Last Run               Last # of DB Queries
------------------------------------------------------------------------------  -----  ---------  --------  ----------  --------------  -------------------  ----------------------
/home/ec2-user/environment/lab4_model_training/dags/ml_training_pipeline_v2.py                           1           0  1.41s           2026-03-22T22:15:08                      10
/home/ec2-user/environment/lab4_model_training/dags/train_model_dag.py                                   1           0  1.41s           2026-03-22T22:15:10                      10
/home/ec2-user/environment/lab4_model_training/dags/ml_pipeline_dag.py                                   1           0  1.41s           2026-03-22T22:15:02                       9
/home/ec2-user/environment/lab4_model_training/dags/generate_data_dag.py                                 1           0  1.31s           2026-03-22T22:14:59                      10
================================================================================
[2026-03-22T22:15:53.233+0000] {manager.py:997} INFO - 
================================================================================
DAG File Processing Stats

File Path                                                                       PID    Runtime      # DAGs    # Errors  Last Runtime    Last Run               Last # of DB Queries
------------------------------------------------------------------------------  -----  ---------  --------  ----------  --------------  -------------------  ----------------------
/home/ec2-user/environment/lab4_model_training/dags/ml_pipeline_dag.py                                   1           0  1.41s           2026-03-22T22:15:33                      32
/home/ec2-user/environment/lab4_model_training/dags/ml_training_pipeline_v2.py                           1           0  1.41s           2026-03-22T22:15:39                       9
/home/ec2-user/environment/lab4_model_training/dags/train_model_dag.py                                   1           0  1.41s           2026-03-22T22:15:42                      10
/home/ec2-user/environment/lab4_model_training/dags/generate_data_dag.py                                 1           0  1.31s           2026-03-22T22:15:31                      10
================================================================================
[2026-03-22T22:16:23.746+0000] {manager.py:997} INFO - 
================================================================================
DAG File Processing Stats

File Path                                                                       PID    Runtime      # DAGs    # Errors  Last Runtime    Last Run               Last # of DB Queries
------------------------------------------------------------------------------  -----  ---------  --------  ----------  --------------  -------------------  ----------------------
/home/ec2-user/environment/lab4_model_training/dags/ml_training_pipeline_v2.py                           1           0  1.42s           2026-03-22T22:16:11                      32
/home/ec2-user/environment/lab4_model_training/dags/train_model_dag.py                                   1           0  1.41s           2026-03-22T22:16:13                      10
/home/ec2-user/environment/lab4_model_training/dags/generate_data_dag.py                                 1           0  1.41s           2026-03-22T22:16:02                      10
/home/ec2-user/environment/lab4_model_training/dags/ml_pipeline_dag.py                                   1           0  1.41s           2026-03-22T22:16:05                      10
================================================================================
[2026-03-22T22:16:54.640+0000] {manager.py:997} INFO - 
================================================================================
DAG File Processing Stats

File Path                                                                       PID    Runtime      # DAGs    # Errors  Last Runtime    Last Run               Last # of DB Queries
------------------------------------------------------------------------------  -----  ---------  --------  ----------  --------------  -------------------  ----------------------
/home/ec2-user/environment/lab4_model_training/dags/ml_training_pipeline_v2.py                           1           0  1.41s           2026-03-22T22:16:42                      10
/home/ec2-user/environment/lab4_model_training/dags/train_model_dag.py                                   1           0  1.41s           2026-03-22T22:16:45                      10
/home/ec2-user/environment/lab4_model_training/dags/ml_pipeline_dag.py                                   1           0  1.41s           2026-03-22T22:16:36                       9
/home/ec2-user/environment/lab4_model_training/dags/generate_data_dag.py                                 1           0  1.31s           2026-03-22T22:16:34                      10
================================================================================
[2026-03-22T22:17:12.240+0000] {manager.py:821} INFO - Searching for files in /home/ec2-user/environment/lab4_model_training/dags
[2026-03-22T22:17:12.242+0000] {manager.py:824} INFO - There are 4 files in /home/ec2-user/environment/lab4_model_training/dags
[2026-03-22T22:17:25.089+0000] {manager.py:997} INFO - 
================================================================================
DAG File Processing Stats

File Path                                                                       PID    Runtime      # DAGs    # Errors  Last Runtime    Last Run               Last # of DB Queries
------------------------------------------------------------------------------  -----  ---------  --------  ----------  --------------  -------------------  ----------------------
/home/ec2-user/environment/lab4_model_training/dags/ml_pipeline_dag.py                                   1           0  1.41s           2026-03-22T22:17:08                      32
/home/ec2-user/environment/lab4_model_training/dags/train_model_dag.py                                   1           0  1.41s           2026-03-22T22:17:17                      10
/home/ec2-user/environment/lab4_model_training/dags/ml_training_pipeline_v2.py                           1           0  1.41s           2026-03-22T22:17:14                       9
/home/ec2-user/environment/lab4_model_training/dags/generate_data_dag.py                                 1           0  1.31s           2026-03-22T22:17:05                      10
================================================================================
[2026-03-22T22:17:55.529+0000] {manager.py:997} INFO - 
================================================================================
DAG File Processing Stats

File Path                                                                       PID    Runtime      # DAGs    # Errors  Last Runtime    Last Run               Last # of DB Queries
------------------------------------------------------------------------------  -----  ---------  --------  ----------  --------------  -------------------  ----------------------
/home/ec2-user/environment/lab4_model_training/dags/ml_training_pipeline_v2.py                           1           0  1.42s           2026-03-22T22:17:46                      32
/home/ec2-user/environment/lab4_model_training/dags/train_model_dag.py                                   1           0  1.41s           2026-03-22T22:17:48                      10
/home/ec2-user/environment/lab4_model_training/dags/ml_pipeline_dag.py                                   1           0  1.41s           2026-03-22T22:17:39                      10
/home/ec2-user/environment/lab4_model_training/dags/generate_data_dag.py                                 1           0  1.31s           2026-03-22T22:17:37                      10
================================================================================
[2026-03-22T22:18:25.668+0000] {manager.py:997} INFO - 
================================================================================
DAG File Processing Stats

File Path                                                                       PID    Runtime      # DAGs    # Errors  Last Runtime    Last Run               Last # of DB Queries
------------------------------------------------------------------------------  -----  ---------  --------  ----------  --------------  -------------------  ----------------------
/home/ec2-user/environment/lab4_model_training/dags/train_model_dag.py                                   1           0  1.41s           2026-03-22T22:18:20                      10
/home/ec2-user/environment/lab4_model_training/dags/ml_training_pipeline_v2.py                           1           0  1.41s           2026-03-22T22:18:18                      10
/home/ec2-user/environment/lab4_model_training/dags/ml_pipeline_dag.py                                   1           0  1.31s           2026-03-22T22:18:10                       9
/home/ec2-user/environment/lab4_model_training/dags/generate_data_dag.py                                 1           0  1.31s           2026-03-22T22:18:09                      10
================================================================================
[2026-03-22T22:18:55.702+0000] {manager.py:997} INFO - 
================================================================================
DAG File Processing Stats

File Path                                                                       PID    Runtime      # DAGs    # Errors  Last Runtime    Last Run               Last # of DB Queries
------------------------------------------------------------------------------  -----  ---------  --------  ----------  --------------  -------------------  ----------------------
/home/ec2-user/environment/lab4_model_training/dags/ml_pipeline_dag.py                                   1           0  1.51s           2026-03-22T22:18:43                      32
/home/ec2-user/environment/lab4_model_training/dags/ml_training_pipeline_v2.py                           1           0  1.41s           2026-03-22T22:18:50                       9
/home/ec2-user/environment/lab4_model_training/dags/train_model_dag.py                                   1           0  1.41s           2026-03-22T22:18:52                      10
/home/ec2-user/environment/lab4_model_training/dags/generate_data_dag.py                                 1           0  1.31s           2026-03-22T22:18:41                      10
================================================================================
[2026-03-22T22:19:26.179+0000] {manager.py:997} INFO - 
================================================================================
DAG File Processing Stats

File Path                                                                       PID    Runtime      # DAGs    # Errors  Last Runtime    Last Run               Last # of DB Queries
------------------------------------------------------------------------------  -----  ---------  --------  ----------  --------------  -------------------  ----------------------
/home/ec2-user/environment/lab4_model_training/dags/ml_pipeline_dag.py                                   1           0  1.71s           2026-03-22T22:19:15                      10
/home/ec2-user/environment/lab4_model_training/dags/ml_training_pipeline_v2.py                           1           0  1.41s           2026-03-22T22:19:22                      32
/home/ec2-user/environment/lab4_model_training/dags/train_model_dag.py                                   1           0  1.41s           2026-03-22T22:19:24                      10
/home/ec2-user/environment/lab4_model_training/dags/generate_data_dag.py                                 1           0  1.31s           2026-03-22T22:19:12                      10
================================================================================
[2026-03-22T22:19:56.904+0000] {manager.py:997} INFO - 
================================================================================
DAG File Processing Stats

File Path                                                                       PID    Runtime      # DAGs    # Errors  Last Runtime    Last Run               Last # of DB Queries
------------------------------------------------------------------------------  -----  ---------  --------  ----------  --------------  -------------------  ----------------------
/home/ec2-user/environment/lab4_model_training/dags/generate_data_dag.py                                 1           0  1.81s           2026-03-22T22:19:44                      10
/home/ec2-user/environment/lab4_model_training/dags/ml_pipeline_dag.py                                   1           0  1.62s           2026-03-22T22:19:48                       9
/home/ec2-user/environment/lab4_model_training/dags/ml_training_pipeline_v2.py                           1           0  1.41s           2026-03-22T22:19:53                      10
/home/ec2-user/environment/lab4_model_training/dags/train_model_dag.py                                   1           0  1.41s           2026-03-22T22:19:55                      10
================================================================================
[2026-03-22T22:20:27.368+0000] {manager.py:997} INFO - 
================================================================================
DAG File Processing Stats

File Path                                                                       PID    Runtime      # DAGs    # Errors  Last Runtime    Last Run               Last # of DB Queries
------------------------------------------------------------------------------  -----  ---------  --------  ----------  --------------  -------------------  ----------------------
/home/ec2-user/environment/lab4_model_training/dags/ml_pipeline_dag.py                                   1           0  1.41s           2026-03-22T22:20:20                      32
/home/ec2-user/environment/lab4_model_training/dags/train_model_dag.py                                   1           0  1.41s           2026-03-22T22:20:27                      10
/home/ec2-user/environment/lab4_model_training/dags/ml_training_pipeline_v2.py                           1           0  1.32s           2026-03-22T22:20:25                       9
/home/ec2-user/environment/lab4_model_training/dags/generate_data_dag.py                                 1           0  1.31s           2026-03-22T22:20:15                      10
================================================================================
[2026-03-22T22:20:58.875+0000] {manager.py:997} INFO - 
================================================================================
DAG File Processing Stats

File Path                                                                       PID    Runtime      # DAGs    # Errors  Last Runtime    Last Run               Last # of DB Queries
------------------------------------------------------------------------------  -----  ---------  --------  ----------  --------------  -------------------  ----------------------
/home/ec2-user/environment/lab4_model_training/dags/ml_training_pipeline_v2.py                           1           0  1.51s           2026-03-22T22:20:57                      32
/home/ec2-user/environment/lab4_model_training/dags/ml_pipeline_dag.py                                   1           0  1.41s           2026-03-22T22:20:52                      10
/home/ec2-user/environment/lab4_model_training/dags/train_model_dag.py                                   1           0  1.41s           2026-03-22T22:20:58                      10
/home/ec2-user/environment/lab4_model_training/dags/generate_data_dag.py                                 1           0  1.31s           2026-03-22T22:20:47                      10
================================================================================
[2026-03-22T22:21:30.381+0000] {manager.py:997} INFO - 
================================================================================
DAG File Processing Stats

File Path                                                                       PID    Runtime      # DAGs    # Errors  Last Runtime    Last Run               Last # of DB Queries
------------------------------------------------------------------------------  -----  ---------  --------  ----------  --------------  -------------------  ----------------------
/home/ec2-user/environment/lab4_model_training/dags/ml_pipeline_dag.py                                   1           0  1.51s           2026-03-22T22:21:23                       9
/home/ec2-user/environment/lab4_model_training/dags/train_model_dag.py                                   1           0  1.41s           2026-03-22T22:21:30                      10
/home/ec2-user/environment/lab4_model_training/dags/ml_training_pipeline_v2.py                           1           0  1.41s           2026-03-22T22:21:28                      10
/home/ec2-user/environment/lab4_model_training/dags/generate_data_dag.py                                 1           0  1.31s           2026-03-22T22:21:18                      10
================================================================================
[2026-03-22T22:22:00.866+0000] {manager.py:997} INFO - 
================================================================================
DAG File Processing Stats

File Path                                                                       PID    Runtime      # DAGs    # Errors  Last Runtime    Last Run               Last # of DB Queries
------------------------------------------------------------------------------  -----  ---------  --------  ----------  --------------  -------------------  ----------------------
/home/ec2-user/environment/lab4_model_training/dags/ml_pipeline_dag.py                                   1           0  1.71s           2026-03-22T22:21:56                      32
/home/ec2-user/environment/lab4_model_training/dags/ml_training_pipeline_v2.py                           1           0  1.41s           2026-03-22T22:22:00                       9
/home/ec2-user/environment/lab4_model_training/dags/train_model_dag.py                                   1           0  1.41s           2026-03-22T22:21:30                      10
/home/ec2-user/environment/lab4_model_training/dags/generate_data_dag.py                                 1           0  1.31s           2026-03-22T22:21:49                      10
================================================================================
[2026-03-22T22:22:12.270+0000] {manager.py:821} INFO - Searching for files in /home/ec2-user/environment/lab4_model_training/dags
[2026-03-22T22:22:12.272+0000] {manager.py:824} INFO - There are 4 files in /home/ec2-user/environment/lab4_model_training/dags
[2026-03-22T22:22:32.670+0000] {manager.py:997} INFO - 
================================================================================
DAG File Processing Stats

File Path                                                                       PID    Runtime      # DAGs    # Errors  Last Runtime    Last Run               Last # of DB Queries
------------------------------------------------------------------------------  -----  ---------  --------  ----------  --------------  -------------------  ----------------------
/home/ec2-user/environment/lab4_model_training/dags/ml_training_pipeline_v2.py                           1           0  1.42s           2026-03-22T22:22:32                      32
/home/ec2-user/environment/lab4_model_training/dags/ml_pipeline_dag.py                                   1           0  1.41s           2026-03-22T22:22:28                      10
/home/ec2-user/environment/lab4_model_training/dags/train_model_dag.py                                   1           0  1.41s           2026-03-22T22:22:02                      10
/home/ec2-user/environment/lab4_model_training/dags/generate_data_dag.py                                 1           0  1.31s           2026-03-22T22:22:21                      10
================================================================================
[2026-03-22T22:23:04.167+0000] {manager.py:997} INFO - 
================================================================================
DAG File Processing Stats

File Path                                                                       PID    Runtime      # DAGs    # Errors  Last Runtime    Last Run               Last # of DB Queries
------------------------------------------------------------------------------  -----  ---------  --------  ----------  --------------  -------------------  ----------------------
/home/ec2-user/environment/lab4_model_training/dags/ml_training_pipeline_v2.py                           1           0  1.41s           2026-03-22T22:23:04                      10
/home/ec2-user/environment/lab4_model_training/dags/ml_pipeline_dag.py                                   1           0  1.41s           2026-03-22T22:23:00                       9
/home/ec2-user/environment/lab4_model_training/dags/train_model_dag.py                                   1           0  1.41s           2026-03-22T22:22:34                      10
/home/ec2-user/environment/lab4_model_training/dags/generate_data_dag.py                                 1           0  1.31s           2026-03-22T22:22:52                      10
================================================================================
[2026-03-22T22:23:35.664+0000] {manager.py:997} INFO - 
================================================================================
DAG File Processing Stats

File Path                                                                       PID    Runtime      # DAGs    # Errors  Last Runtime    Last Run               Last # of DB Queries
------------------------------------------------------------------------------  -----  ---------  --------  ----------  --------------  -------------------  ----------------------
/home/ec2-user/environment/lab4_model_training/dags/ml_pipeline_dag.py                                   1           0  1.41s           2026-03-22T22:23:32                      32
/home/ec2-user/environment/lab4_model_training/dags/ml_training_pipeline_v2.py                           1           0  1.41s           2026-03-22T22:23:35                       9
/home/ec2-user/environment/lab4_model_training/dags/generate_data_dag.py                                 1           0  1.41s           2026-03-22T22:23:24                      10
/home/ec2-user/environment/lab4_model_training/dags/train_model_dag.py                                   1           0  1.41s           2026-03-22T22:23:06                      10
================================================================================
[2026-03-22T22:24:07.174+0000] {manager.py:997} INFO - 
================================================================================
DAG File Processing Stats

File Path                                                                       PID    Runtime      # DAGs    # Errors  Last Runtime    Last Run               Last # of DB Queries
------------------------------------------------------------------------------  -----  ---------  --------  ----------  --------------  -------------------  ----------------------
/home/ec2-user/environment/lab4_model_training/dags/ml_training_pipeline_v2.py                           1           0  1.42s           2026-03-22T22:24:07                      32
/home/ec2-user/environment/lab4_model_training/dags/ml_pipeline_dag.py                                   1           0  1.41s           2026-03-22T22:24:03                      10
/home/ec2-user/environment/lab4_model_training/dags/train_model_dag.py                                   1           0  1.41s           2026-03-22T22:23:38                      10
/home/ec2-user/environment/lab4_model_training/dags/generate_data_dag.py                                 1           0  1.31s           2026-03-22T22:23:55                      10
================================================================================
[2026-03-22T22:24:38.672+0000] {manager.py:997} INFO - 
================================================================================
DAG File Processing Stats

File Path                                                                       PID    Runtime      # DAGs    # Errors  Last Runtime    Last Run               Last # of DB Queries
------------------------------------------------------------------------------  -----  ---------  --------  ----------  --------------  -------------------  ----------------------
/home/ec2-user/environment/lab4_model_training/dags/train_model_dag.py                                   1           0  1.41s           2026-03-22T22:24:09                      10
/home/ec2-user/environment/lab4_model_training/dags/ml_training_pipeline_v2.py                           1           0  1.41s           2026-03-22T22:24:38                      10
/home/ec2-user/environment/lab4_model_training/dags/ml_pipeline_dag.py                                   1           0  1.41s           2026-03-22T22:24:35                       9
/home/ec2-user/environment/lab4_model_training/dags/generate_data_dag.py                                 1           0  1.31s           2026-03-22T22:24:26                      10
================================================================================
[2026-03-22T22:25:10.168+0000] {manager.py:997} INFO - 
================================================================================
DAG File Processing Stats

File Path                                                                       PID    Runtime      # DAGs    # Errors  Last Runtime    Last Run               Last # of DB Queries
------------------------------------------------------------------------------  -----  ---------  --------  ----------  --------------  -------------------  ----------------------
/home/ec2-user/environment/lab4_model_training/dags/ml_pipeline_dag.py                                   1           0  1.41s           2026-03-22T22:25:06                      32
/home/ec2-user/environment/lab4_model_training/dags/generate_data_dag.py                                 1           0  1.41s           2026-03-22T22:24:58                      10
/home/ec2-user/environment/lab4_model_training/dags/ml_training_pipeline_v2.py                           1           0  1.41s           2026-03-22T22:25:10                       9
/home/ec2-user/environment/lab4_model_training/dags/train_model_dag.py                                   1           0  1.41s           2026-03-22T22:24:41                      10
================================================================================
[2026-03-22T22:25:42.166+0000] {manager.py:997} INFO - 
================================================================================
DAG File Processing Stats

File Path                                                                       PID    Runtime      # DAGs    # Errors  Last Runtime    Last Run               Last # of DB Queries
------------------------------------------------------------------------------  -----  ---------  --------  ----------  --------------  -------------------  ----------------------
/home/ec2-user/environment/lab4_model_training/dags/ml_training_pipeline_v2.py                           1           0  1.91s           2026-03-22T22:25:42                      32
/home/ec2-user/environment/lab4_model_training/dags/ml_pipeline_dag.py                                   1           0  1.61s           2026-03-22T22:25:38                      10
/home/ec2-user/environment/lab4_model_training/dags/generate_data_dag.py                                 1           0  1.41s           2026-03-22T22:25:29                      10
/home/ec2-user/environment/lab4_model_training/dags/train_model_dag.py                                   1           0  1.41s           2026-03-22T22:25:12                      10
================================================================================
[2026-03-22T22:26:13.663+0000] {manager.py:997} INFO - 
================================================================================
DAG File Processing Stats

File Path                                                                       PID    Runtime      # DAGs    # Errors  Last Runtime    Last Run               Last # of DB Queries
------------------------------------------------------------------------------  -----  ---------  --------  ----------  --------------  -------------------  ----------------------
/home/ec2-user/environment/lab4_model_training/dags/train_model_dag.py                                   1           0  1.61s           2026-03-22T22:25:44                      10
/home/ec2-user/environment/lab4_model_training/dags/ml_training_pipeline_v2.py                           1           0  1.41s           2026-03-22T22:26:13                      10
/home/ec2-user/environment/lab4_model_training/dags/ml_pipeline_dag.py                                   1           0  1.41s           2026-03-22T22:26:10                       9
/home/ec2-user/environment/lab4_model_training/dags/generate_data_dag.py                                 1           0  1.31s           2026-03-22T22:26:01                      10
================================================================================
[2026-03-22T22:26:45.157+0000] {manager.py:997} INFO - 
================================================================================
DAG File Processing Stats

File Path                                                                       PID    Runtime      # DAGs    # Errors  Last Runtime    Last Run               Last # of DB Queries
------------------------------------------------------------------------------  -----  ---------  --------  ----------  --------------  -------------------  ----------------------
/home/ec2-user/environment/lab4_model_training/dags/ml_pipeline_dag.py                                   1           0  1.42s           2026-03-22T22:26:42                      32
/home/ec2-user/environment/lab4_model_training/dags/ml_training_pipeline_v2.py                           1           0  1.41s           2026-03-22T22:26:45                       9
/home/ec2-user/environment/lab4_model_training/dags/train_model_dag.py                                   1           0  1.41s           2026-03-22T22:26:16                      10
/home/ec2-user/environment/lab4_model_training/dags/generate_data_dag.py                                 1           0  1.31s           2026-03-22T22:26:32                      10
================================================================================
[2026-03-22T22:27:12.299+0000] {manager.py:821} INFO - Searching for files in /home/ec2-user/environment/lab4_model_training/dags
[2026-03-22T22:27:12.300+0000] {manager.py:824} INFO - There are 4 files in /home/ec2-user/environment/lab4_model_training/dags
[2026-03-22T22:27:16.649+0000] {manager.py:997} INFO - 
================================================================================
DAG File Processing Stats

File Path                                                                       PID    Runtime      # DAGs    # Errors  Last Runtime    Last Run               Last # of DB Queries
------------------------------------------------------------------------------  -----  ---------  --------  ----------  --------------  -------------------  ----------------------
/home/ec2-user/environment/lab4_model_training/dags/ml_training_pipeline_v2.py                           1           0  1.41s           2026-03-22T22:27:16                      32
/home/ec2-user/environment/lab4_model_training/dags/ml_pipeline_dag.py                                   1           0  1.41s           2026-03-22T22:27:13                      10
/home/ec2-user/environment/lab4_model_training/dags/train_model_dag.py                                   1           0  1.41s           2026-03-22T22:26:48                      10
/home/ec2-user/environment/lab4_model_training/dags/generate_data_dag.py                                 1           0  1.31s           2026-03-22T22:27:04                      10
================================================================================
[2026-03-22T22:27:48.148+0000] {manager.py:997} INFO - 
================================================================================
DAG File Processing Stats

File Path                                                                       PID    Runtime      # DAGs    # Errors  Last Runtime    Last Run               Last # of DB Queries
------------------------------------------------------------------------------  -----  ---------  --------  ----------  --------------  -------------------  ----------------------
/home/ec2-user/environment/lab4_model_training/dags/generate_data_dag.py                                 1           0  1.41s           2026-03-22T22:27:35                      10
/home/ec2-user/environment/lab4_model_training/dags/train_model_dag.py                                   1           0  1.41s           2026-03-22T22:27:20                      10
/home/ec2-user/environment/lab4_model_training/dags/ml_training_pipeline_v2.py                           1           0  1.41s           2026-03-22T22:27:48                      10
/home/ec2-user/environment/lab4_model_training/dags/ml_pipeline_dag.py                                   1           0  1.41s           2026-03-22T22:27:45                       9
================================================================================
[2026-03-22T22:28:19.644+0000] {manager.py:997} INFO - 
================================================================================
DAG File Processing Stats

File Path                                                                       PID    Runtime      # DAGs    # Errors  Last Runtime    Last Run               Last # of DB Queries
------------------------------------------------------------------------------  -----  ---------  --------  ----------  --------------  -------------------  ----------------------
/home/ec2-user/environment/lab4_model_training/dags/train_model_dag.py                                   1           0  1.41s           2026-03-22T22:27:51                      10
/home/ec2-user/environment/lab4_model_training/dags/ml_training_pipeline_v2.py                           1           0  1.41s           2026-03-22T22:28:19                       9
/home/ec2-user/environment/lab4_model_training/dags/ml_pipeline_dag.py                                   1           0  1.41s           2026-03-22T22:28:17                      32
/home/ec2-user/environment/lab4_model_training/dags/generate_data_dag.py                                 1           0  1.31s           2026-03-22T22:28:07                      10
================================================================================
[2026-03-22T22:28:51.151+0000] {manager.py:997} INFO - 
================================================================================
DAG File Processing Stats

File Path                                                                       PID    Runtime      # DAGs    # Errors  Last Runtime    Last Run               Last # of DB Queries
------------------------------------------------------------------------------  -----  ---------  --------  ----------  --------------  -------------------  ----------------------
/home/ec2-user/environment/lab4_model_training/dags/ml_training_pipeline_v2.py                           1           0  1.42s           2026-03-22T22:28:51                      32
/home/ec2-user/environment/lab4_model_training/dags/ml_pipeline_dag.py                                   1           0  1.41s           2026-03-22T22:28:49                      10
/home/ec2-user/environment/lab4_model_training/dags/train_model_dag.py                                   1           0  1.41s           2026-03-22T22:28:23                      10
/home/ec2-user/environment/lab4_model_training/dags/generate_data_dag.py                                 1           0  1.31s           2026-03-22T22:28:38                      10
================================================================================
[2026-03-22T22:29:22.647+0000] {manager.py:997} INFO - 
================================================================================
DAG File Processing Stats

File Path                                                                       PID    Runtime      # DAGs    # Errors  Last Runtime    Last Run               Last # of DB Queries
------------------------------------------------------------------------------  -----  ---------  --------  ----------  --------------  -------------------  ----------------------
/home/ec2-user/environment/lab4_model_training/dags/ml_training_pipeline_v2.py                           1           0  1.41s           2026-03-22T22:29:22                      10
/home/ec2-user/environment/lab4_model_training/dags/ml_pipeline_dag.py                                   1           0  1.41s           2026-03-22T22:29:20                       9
/home/ec2-user/environment/lab4_model_training/dags/train_model_dag.py                                   1           0  1.41s           2026-03-22T22:28:54                      10
/home/ec2-user/environment/lab4_model_training/dags/generate_data_dag.py                                 1           0  1.31s           2026-03-22T22:29:10                      10
================================================================================
[2026-03-22T22:29:53.199+0000] {manager.py:997} INFO - 
================================================================================
DAG File Processing Stats

File Path                                                                       PID    Runtime      # DAGs    # Errors  Last Runtime    Last Run               Last # of DB Queries
------------------------------------------------------------------------------  -----  ---------  --------  ----------  --------------  -------------------  ----------------------
/home/ec2-user/environment/lab4_model_training/dags/ml_pipeline_dag.py                                   1           0  1.51s           2026-03-22T22:29:53                      32
/home/ec2-user/environment/lab4_model_training/dags/ml_training_pipeline_v2.py                           1           0  1.41s           2026-03-22T22:29:22                      10
/home/ec2-user/environment/lab4_model_training/dags/train_model_dag.py                                   1           0  1.41s           2026-03-22T22:29:26                      10
/home/ec2-user/environment/lab4_model_training/dags/generate_data_dag.py                                 1           0  1.31s           2026-03-22T22:29:41                      10
================================================================================
[2026-03-22T22:30:25.177+0000] {manager.py:997} INFO - 
================================================================================
DAG File Processing Stats

File Path                                                                       PID    Runtime      # DAGs    # Errors  Last Runtime    Last Run               Last # of DB Queries
------------------------------------------------------------------------------  -----  ---------  --------  ----------  --------------  -------------------  ----------------------
/home/ec2-user/environment/lab4_model_training/dags/ml_pipeline_dag.py                                   1           0  1.41s           2026-03-22T22:30:25                      10
/home/ec2-user/environment/lab4_model_training/dags/ml_training_pipeline_v2.py                           1           0  1.41s           2026-03-22T22:29:55                       9
/home/ec2-user/environment/lab4_model_training/dags/train_model_dag.py                                   1           0  1.41s           2026-03-22T22:29:58                      10
/home/ec2-user/environment/lab4_model_training/dags/generate_data_dag.py                                 1           0  1.31s           2026-03-22T22:30:13                      10
================================================================================
[2026-03-22T22:30:57.155+0000] {manager.py:997} INFO - 
================================================================================
DAG File Processing Stats

File Path                                                                       PID    Runtime      # DAGs    # Errors  Last Runtime    Last Run               Last # of DB Queries
------------------------------------------------------------------------------  -----  ---------  --------  ----------  --------------  -------------------  ----------------------
/home/ec2-user/environment/lab4_model_training/dags/ml_training_pipeline_v2.py                           1           0  1.51s           2026-03-22T22:30:27                      32
/home/ec2-user/environment/lab4_model_training/dags/train_model_dag.py                                   1           0  1.41s           2026-03-22T22:30:30                      10
/home/ec2-user/environment/lab4_model_training/dags/ml_pipeline_dag.py                                   1           0  1.41s           2026-03-22T22:30:57                       9
/home/ec2-user/environment/lab4_model_training/dags/generate_data_dag.py                                 1           0  1.31s           2026-03-22T22:30:45                      10
================================================================================
[2026-03-22T22:31:29.235+0000] {manager.py:997} INFO - 
================================================================================
DAG File Processing Stats

File Path                                                                       PID    Runtime      # DAGs    # Errors  Last Runtime    Last Run               Last # of DB Queries
------------------------------------------------------------------------------  -----  ---------  --------  ----------  --------------  -------------------  ----------------------
/home/ec2-user/environment/lab4_model_training/dags/ml_pipeline_dag.py                                   1           0  1.51s           2026-03-22T22:31:29                      32
/home/ec2-user/environment/lab4_model_training/dags/ml_training_pipeline_v2.py                           1           0  1.41s           2026-03-22T22:30:59                      10
/home/ec2-user/environment/lab4_model_training/dags/train_model_dag.py                                   1           0  1.41s           2026-03-22T22:31:02                      10
/home/ec2-user/environment/lab4_model_training/dags/generate_data_dag.py                                 1           0  1.31s           2026-03-22T22:31:17                      10
================================================================================
[2026-03-22T22:32:01.212+0000] {manager.py:997} INFO - 
================================================================================
DAG File Processing Stats

File Path                                                                       PID    Runtime      # DAGs    # Errors  Last Runtime    Last Run               Last # of DB Queries
------------------------------------------------------------------------------  -----  ---------  --------  ----------  --------------  -------------------  ----------------------
/home/ec2-user/environment/lab4_model_training/dags/ml_pipeline_dag.py                                   1           0  1.41s           2026-03-22T22:32:01                      10
/home/ec2-user/environment/lab4_model_training/dags/ml_training_pipeline_v2.py                           1           0  1.41s           2026-03-22T22:31:31                       9
/home/ec2-user/environment/lab4_model_training/dags/train_model_dag.py                                   1           0  1.41s           2026-03-22T22:31:34                      10
/home/ec2-user/environment/lab4_model_training/dags/generate_data_dag.py                                 1           0  1.31s           2026-03-22T22:31:49                      10
================================================================================
[2026-03-22T22:32:12.304+0000] {manager.py:821} INFO - Searching for files in /home/ec2-user/environment/lab4_model_training/dags
[2026-03-22T22:32:12.306+0000] {manager.py:824} INFO - There are 4 files in /home/ec2-user/environment/lab4_model_training/dags
[2026-03-22T22:32:32.963+0000] {manager.py:997} INFO - 
================================================================================
DAG File Processing Stats

File Path                                                                       PID    Runtime      # DAGs    # Errors  Last Runtime    Last Run               Last # of DB Queries
------------------------------------------------------------------------------  -----  ---------  --------  ----------  --------------  -------------------  ----------------------
/home/ec2-user/environment/lab4_model_training/dags/generate_data_dag.py                                 1           0  1.71s           2026-03-22T22:32:21                      10
/home/ec2-user/environment/lab4_model_training/dags/ml_training_pipeline_v2.py                           1           0  1.51s           2026-03-22T22:32:03                      32
/home/ec2-user/environment/lab4_model_training/dags/train_model_dag.py                                   1           0  1.41s           2026-03-22T22:32:06                      10
/home/ec2-user/environment/lab4_model_training/dags/ml_pipeline_dag.py                                   1           0  1.41s           2026-03-22T22:32:32                       9
================================================================================
[2026-03-22T22:33:05.169+0000] {manager.py:997} INFO - 
================================================================================
DAG File Processing Stats

File Path                                                                       PID    Runtime      # DAGs    # Errors  Last Runtime    Last Run               Last # of DB Queries
------------------------------------------------------------------------------  -----  ---------  --------  ----------  --------------  -------------------  ----------------------
/home/ec2-user/environment/lab4_model_training/dags/generate_data_dag.py                                 1           0  1.51s           2026-03-22T22:32:53                      10
/home/ec2-user/environment/lab4_model_training/dags/ml_pipeline_dag.py                                   1           0  1.41s           2026-03-22T22:33:05                      32
/home/ec2-user/environment/lab4_model_training/dags/train_model_dag.py                                   1           0  1.41s           2026-03-22T22:32:37                      10
/home/ec2-user/environment/lab4_model_training/dags/ml_training_pipeline_v2.py                           1           0  1.41s           2026-03-22T22:32:35                      10
================================================================================
[2026-03-22T22:33:37.881+0000] {manager.py:997} INFO - 
================================================================================
DAG File Processing Stats

File Path                                                                       PID    Runtime      # DAGs    # Errors  Last Runtime    Last Run               Last # of DB Queries
------------------------------------------------------------------------------  -----  ---------  --------  ----------  --------------  -------------------  ----------------------
/home/ec2-user/environment/lab4_model_training/dags/ml_pipeline_dag.py                                   1           0  1.91s           2026-03-22T22:33:37                      10
/home/ec2-user/environment/lab4_model_training/dags/generate_data_dag.py                                 1           0  1.51s           2026-03-22T22:33:25                      10
/home/ec2-user/environment/lab4_model_training/dags/ml_training_pipeline_v2.py                           1           0  1.41s           2026-03-22T22:33:07                       9
/home/ec2-user/environment/lab4_model_training/dags/train_model_dag.py                                   1           0  1.41s           2026-03-22T22:33:10                      10
================================================================================
[2026-03-22T22:34:09.402+0000] {manager.py:997} INFO - 
================================================================================
DAG File Processing Stats

File Path                                                                       PID    Runtime      # DAGs    # Errors  Last Runtime    Last Run               Last # of DB Queries
------------------------------------------------------------------------------  -----  ---------  --------  ----------  --------------  -------------------  ----------------------
/home/ec2-user/environment/lab4_model_training/dags/ml_training_pipeline_v2.py                           1           0  1.81s           2026-03-22T22:33:40                      32
/home/ec2-user/environment/lab4_model_training/dags/train_model_dag.py                                   1           0  1.51s           2026-03-22T22:33:42                      10
/home/ec2-user/environment/lab4_model_training/dags/ml_pipeline_dag.py                                   1           0  1.41s           2026-03-22T22:34:09                       9
/home/ec2-user/environment/lab4_model_training/dags/generate_data_dag.py                                 1           0  1.31s           2026-03-22T22:33:57                      10
================================================================================
[2026-03-22T22:34:40.907+0000] {manager.py:997} INFO - 
================================================================================
DAG File Processing Stats

File Path                                                                       PID    Runtime      # DAGs    # Errors  Last Runtime    Last Run               Last # of DB Queries
------------------------------------------------------------------------------  -----  ---------  --------  ----------  --------------  -------------------  ----------------------
/home/ec2-user/environment/lab4_model_training/dags/ml_pipeline_dag.py                                   1           0  1.41s           2026-03-22T22:34:40                      32
/home/ec2-user/environment/lab4_model_training/dags/ml_training_pipeline_v2.py                           1           0  1.41s           2026-03-22T22:34:12                      10
/home/ec2-user/environment/lab4_model_training/dags/train_model_dag.py                                   1           0  1.41s           2026-03-22T22:34:15                      10
/home/ec2-user/environment/lab4_model_training/dags/generate_data_dag.py                                 1           0  1.31s           2026-03-22T22:34:28                      10
================================================================================
[2026-03-22T22:35:12.405+0000] {manager.py:997} INFO - 
================================================================================
DAG File Processing Stats

File Path                                                                       PID    Runtime      # DAGs    # Errors  Last Runtime    Last Run               Last # of DB Queries
------------------------------------------------------------------------------  -----  ---------  --------  ----------  --------------  -------------------  ----------------------
/home/ec2-user/environment/lab4_model_training/dags/ml_pipeline_dag.py                                   1           0  1.41s           2026-03-22T22:35:12                      10
/home/ec2-user/environment/lab4_model_training/dags/ml_training_pipeline_v2.py                           1           0  1.41s           2026-03-22T22:34:44                       9
/home/ec2-user/environment/lab4_model_training/dags/train_model_dag.py                                   1           0  1.41s           2026-03-22T22:34:46                      10
/home/ec2-user/environment/lab4_model_training/dags/generate_data_dag.py                                 1           0  1.31s           2026-03-22T22:35:00                      10
================================================================================
[2026-03-22T22:35:43.910+0000] {manager.py:997} INFO - 
================================================================================
DAG File Processing Stats

File Path                                                                       PID    Runtime      # DAGs    # Errors  Last Runtime    Last Run               Last # of DB Queries
------------------------------------------------------------------------------  -----  ---------  --------  ----------  --------------  -------------------  ----------------------
/home/ec2-user/environment/lab4_model_training/dags/ml_training_pipeline_v2.py                           1           0  1.41s           2026-03-22T22:35:15                      32
/home/ec2-user/environment/lab4_model_training/dags/ml_pipeline_dag.py                                   1           0  1.41s           2026-03-22T22:35:43                       9
/home/ec2-user/environment/lab4_model_training/dags/train_model_dag.py                                   1           0  1.41s           2026-03-22T22:35:18                      10
/home/ec2-user/environment/lab4_model_training/dags/generate_data_dag.py                                 1           0  1.31s           2026-03-22T22:35:31                      10
================================================================================
[2026-03-22T22:36:15.730+0000] {manager.py:997} INFO - 
================================================================================
DAG File Processing Stats

File Path                                                                       PID    Runtime      # DAGs    # Errors  Last Runtime    Last Run               Last # of DB Queries
------------------------------------------------------------------------------  -----  ---------  --------  ----------  --------------  -------------------  ----------------------
/home/ec2-user/environment/lab4_model_training/dags/ml_pipeline_dag.py                                   1           0  1.72s           2026-03-22T22:36:15                      32
/home/ec2-user/environment/lab4_model_training/dags/generate_data_dag.py                                 1           0  1.61s           2026-03-22T22:36:03                      10
/home/ec2-user/environment/lab4_model_training/dags/ml_training_pipeline_v2.py                           1           0  1.41s           2026-03-22T22:35:47                      10
/home/ec2-user/environment/lab4_model_training/dags/train_model_dag.py                                   1           0  1.41s           2026-03-22T22:35:49                      10
================================================================================
[2026-03-22T22:36:47.511+0000] {manager.py:997} INFO - 
================================================================================
DAG File Processing Stats

File Path                                                                       PID    Runtime      # DAGs    # Errors  Last Runtime    Last Run               Last # of DB Queries
------------------------------------------------------------------------------  -----  ---------  --------  ----------  --------------  -------------------  ----------------------
/home/ec2-user/environment/lab4_model_training/dags/generate_data_dag.py                                 1           0  1.81s           2026-03-22T22:36:36                      10
/home/ec2-user/environment/lab4_model_training/dags/ml_training_pipeline_v2.py                           1           0  1.61s           2026-03-22T22:36:19                       9
/home/ec2-user/environment/lab4_model_training/dags/train_model_dag.py                                   1           0  1.61s           2026-03-22T22:36:22                      10
/home/ec2-user/environment/lab4_model_training/dags/ml_pipeline_dag.py                                   1           0  1.41s           2026-03-22T22:36:47                      10
================================================================================
[2026-03-22T22:37:12.333+0000] {manager.py:821} INFO - Searching for files in /home/ec2-user/environment/lab4_model_training/dags
[2026-03-22T22:37:12.335+0000] {manager.py:824} INFO - There are 4 files in /home/ec2-user/environment/lab4_model_training/dags
[2026-03-22T22:37:19.015+0000] {manager.py:997} INFO - 
================================================================================
DAG File Processing Stats

File Path                                                                       PID    Runtime      # DAGs    # Errors  Last Runtime    Last Run               Last # of DB Queries
------------------------------------------------------------------------------  -----  ---------  --------  ----------  --------------  -------------------  ----------------------
/home/ec2-user/environment/lab4_model_training/dags/ml_training_pipeline_v2.py                           1           0  1.41s           2026-03-22T22:36:50                      32
/home/ec2-user/environment/lab4_model_training/dags/train_model_dag.py                                   1           0  1.41s           2026-03-22T22:36:53                      10
/home/ec2-user/environment/lab4_model_training/dags/ml_pipeline_dag.py                                   1           0  1.41s           2026-03-22T22:37:19                       9
/home/ec2-user/environment/lab4_model_training/dags/generate_data_dag.py                                 1           0  1.31s           2026-03-22T22:37:07                      10
================================================================================
[2026-03-22T22:37:50.519+0000] {manager.py:997} INFO - 
================================================================================
DAG File Processing Stats

File Path                                                                       PID    Runtime      # DAGs    # Errors  Last Runtime    Last Run               Last # of DB Queries
------------------------------------------------------------------------------  -----  ---------  --------  ----------  --------------  -------------------  ----------------------
/home/ec2-user/environment/lab4_model_training/dags/ml_training_pipeline_v2.py                           1           0  1.41s           2026-03-22T22:37:22                      10
/home/ec2-user/environment/lab4_model_training/dags/ml_pipeline_dag.py                                   1           0  1.41s           2026-03-22T22:37:50                      32
/home/ec2-user/environment/lab4_model_training/dags/train_model_dag.py                                   1           0  1.41s           2026-03-22T22:37:25                      10
/home/ec2-user/environment/lab4_model_training/dags/generate_data_dag.py                                 1           0  1.32s           2026-03-22T22:37:38                      10
================================================================================
[2026-03-22T22:38:22.374+0000] {manager.py:997} INFO - 
================================================================================
DAG File Processing Stats

File Path                                                                       PID    Runtime      # DAGs    # Errors  Last Runtime    Last Run               Last # of DB Queries
------------------------------------------------------------------------------  -----  ---------  --------  ----------  --------------  -------------------  ----------------------
/home/ec2-user/environment/lab4_model_training/dags/train_model_dag.py                                   1           0  1.91s           2026-03-22T22:37:57                      10
/home/ec2-user/environment/lab4_model_training/dags/ml_pipeline_dag.py                                   1           0  1.41s           2026-03-22T22:38:22                      10
/home/ec2-user/environment/lab4_model_training/dags/ml_training_pipeline_v2.py                           1           0  1.41s           2026-03-22T22:37:55                       9
/home/ec2-user/environment/lab4_model_training/dags/generate_data_dag.py                                 1           0  1.31s           2026-03-22T22:38:10                      10
================================================================================
[2026-03-22T22:38:53.785+0000] {manager.py:997} INFO - 
================================================================================
DAG File Processing Stats

File Path                                                                       PID    Runtime      # DAGs    # Errors  Last Runtime    Last Run               Last # of DB Queries
------------------------------------------------------------------------------  -----  ---------  --------  ----------  --------------  -------------------  ----------------------
/home/ec2-user/environment/lab4_model_training/dags/ml_pipeline_dag.py                                   1           0  1.41s           2026-03-22T22:38:53                       9
/home/ec2-user/environment/lab4_model_training/dags/ml_training_pipeline_v2.py                           1           0  1.41s           2026-03-22T22:38:27                      32
/home/ec2-user/environment/lab4_model_training/dags/train_model_dag.py                                   1           0  1.41s           2026-03-22T22:38:29                      10
/home/ec2-user/environment/lab4_model_training/dags/generate_data_dag.py                                 1           0  1.31s           2026-03-22T22:38:42                      10
================================================================================
[2026-03-22T22:39:25.426+0000] {manager.py:997} INFO - 
================================================================================
DAG File Processing Stats

File Path                                                                       PID    Runtime      # DAGs    # Errors  Last Runtime    Last Run               Last # of DB Queries
------------------------------------------------------------------------------  -----  ---------  --------  ----------  --------------  -------------------  ----------------------
/home/ec2-user/environment/lab4_model_training/dags/ml_pipeline_dag.py                                   1           0  1.41s           2026-03-22T22:39:25                      32
/home/ec2-user/environment/lab4_model_training/dags/ml_training_pipeline_v2.py                           1           0  1.41s           2026-03-22T22:38:58                      10
/home/ec2-user/environment/lab4_model_training/dags/train_model_dag.py                                   1           0  1.41s           2026-03-22T22:39:00                      10
/home/ec2-user/environment/lab4_model_training/dags/generate_data_dag.py                                 1           0  1.31s           2026-03-22T22:39:14                      10
================================================================================
[2026-03-22T22:39:57.452+0000] {manager.py:997} INFO - 
================================================================================
DAG File Processing Stats

File Path                                                                       PID    Runtime      # DAGs    # Errors  Last Runtime    Last Run               Last # of DB Queries
------------------------------------------------------------------------------  -----  ---------  --------  ----------  --------------  -------------------  ----------------------
/home/ec2-user/environment/lab4_model_training/dags/ml_pipeline_dag.py                                   1           0  1.81s           2026-03-22T22:39:57                      10
/home/ec2-user/environment/lab4_model_training/dags/ml_training_pipeline_v2.py                           1           0  1.41s           2026-03-22T22:39:30                       9
/home/ec2-user/environment/lab4_model_training/dags/train_model_dag.py                                   1           0  1.41s           2026-03-22T22:39:32                      10
/home/ec2-user/environment/lab4_model_training/dags/generate_data_dag.py                                 1           0  1.31s           2026-03-22T22:39:45                      10
================================================================================
[2026-03-22T22:40:29.594+0000] {manager.py:997} INFO - 
================================================================================
DAG File Processing Stats

File Path                                                                       PID    Runtime      # DAGs    # Errors  Last Runtime    Last Run               Last # of DB Queries
------------------------------------------------------------------------------  -----  ---------  --------  ----------  --------------  -------------------  ----------------------
/home/ec2-user/environment/lab4_model_training/dags/ml_training_pipeline_v2.py                           1           0  1.51s           2026-03-22T22:40:02                      32
/home/ec2-user/environment/lab4_model_training/dags/ml_pipeline_dag.py                                   1           0  1.42s           2026-03-22T22:40:29                       9
/home/ec2-user/environment/lab4_model_training/dags/train_model_dag.py                                   1           0  1.41s           2026-03-22T22:40:04                      10
/home/ec2-user/environment/lab4_model_training/dags/generate_data_dag.py                                 1           0  1.31s           2026-03-22T22:40:18                      10
================================================================================
[2026-03-22T22:41:01.105+0000] {manager.py:997} INFO - 
================================================================================
DAG File Processing Stats

File Path                                                                       PID    Runtime      # DAGs    # Errors  Last Runtime    Last Run               Last # of DB Queries
------------------------------------------------------------------------------  -----  ---------  --------  ----------  --------------  -------------------  ----------------------
/home/ec2-user/environment/lab4_model_training/dags/ml_pipeline_dag.py                                   1           0  1.41s           2026-03-22T22:41:01                      32
/home/ec2-user/environment/lab4_model_training/dags/train_model_dag.py                                   1           0  1.41s           2026-03-22T22:40:36                      10
/home/ec2-user/environment/lab4_model_training/dags/ml_training_pipeline_v2.py                           1           0  1.41s           2026-03-22T22:40:34                      10
/home/ec2-user/environment/lab4_model_training/dags/generate_data_dag.py                                 1           0  1.31s           2026-03-22T22:40:49                      10
================================================================================
[2026-03-22T22:41:32.603+0000] {manager.py:997} INFO - 
================================================================================
DAG File Processing Stats

File Path                                                                       PID    Runtime      # DAGs    # Errors  Last Runtime    Last Run               Last # of DB Queries
------------------------------------------------------------------------------  -----  ---------  --------  ----------  --------------  -------------------  ----------------------
/home/ec2-user/environment/lab4_model_training/dags/ml_training_pipeline_v2.py                           1           0  1.41s           2026-03-22T22:41:05                       9
/home/ec2-user/environment/lab4_model_training/dags/ml_pipeline_dag.py                                   1           0  1.41s           2026-03-22T22:41:32                      10
/home/ec2-user/environment/lab4_model_training/dags/train_model_dag.py                                   1           0  1.41s           2026-03-22T22:41:07                      10
/home/ec2-user/environment/lab4_model_training/dags/generate_data_dag.py                                 1           0  1.31s           2026-03-22T22:41:20                      10
================================================================================
[2026-03-22T22:42:04.191+0000] {manager.py:997} INFO - 
================================================================================
DAG File Processing Stats

File Path                                                                       PID    Runtime      # DAGs    # Errors  Last Runtime    Last Run               Last # of DB Queries
------------------------------------------------------------------------------  -----  ---------  --------  ----------  --------------  -------------------  ----------------------
/home/ec2-user/environment/lab4_model_training/dags/ml_pipeline_dag.py                                   1           0  1.41s           2026-03-22T22:42:04                       9
/home/ec2-user/environment/lab4_model_training/dags/train_model_dag.py                                   1           0  1.41s           2026-03-22T22:41:39                      10
/home/ec2-user/environment/lab4_model_training/dags/ml_training_pipeline_v2.py                           1           0  1.41s           2026-03-22T22:41:37                      32
/home/ec2-user/environment/lab4_model_training/dags/generate_data_dag.py                                 1           0  1.31s           2026-03-22T22:41:52                      10
================================================================================
[2026-03-22T22:42:12.409+0000] {manager.py:821} INFO - Searching for files in /home/ec2-user/environment/lab4_model_training/dags
[2026-03-22T22:42:12.411+0000] {manager.py:824} INFO - There are 4 files in /home/ec2-user/environment/lab4_model_training/dags
[2026-03-22T22:42:36.008+0000] {manager.py:997} INFO - 
================================================================================
DAG File Processing Stats

File Path                                                                       PID    Runtime      # DAGs    # Errors  Last Runtime    Last Run               Last # of DB Queries
------------------------------------------------------------------------------  -----  ---------  --------  ----------  --------------  -------------------  ----------------------
/home/ec2-user/environment/lab4_model_training/dags/ml_training_pipeline_v2.py                           1           0  1.81s           2026-03-22T22:42:09                      10
/home/ec2-user/environment/lab4_model_training/dags/train_model_dag.py                                   1           0  1.81s           2026-03-22T22:42:11                      10
/home/ec2-user/environment/lab4_model_training/dags/ml_pipeline_dag.py                                   1           0  1.41s           2026-03-22T22:42:36                      32
/home/ec2-user/environment/lab4_model_training/dags/generate_data_dag.py                                 1           0  1.31s           2026-03-22T22:42:24                      10
================================================================================
[2026-03-22T22:43:07.647+0000] {manager.py:997} INFO - 
================================================================================
DAG File Processing Stats

File Path                                                                       PID    Runtime      # DAGs    # Errors  Last Runtime    Last Run               Last # of DB Queries
------------------------------------------------------------------------------  -----  ---------  --------  ----------  --------------  -------------------  ----------------------
/home/ec2-user/environment/lab4_model_training/dags/train_model_dag.py                                   1           0  1.41s           2026-03-22T22:42:42                      10
/home/ec2-user/environment/lab4_model_training/dags/ml_training_pipeline_v2.py                           1           0  1.41s           2026-03-22T22:42:41                       9
/home/ec2-user/environment/lab4_model_training/dags/ml_pipeline_dag.py                                   1           0  1.41s           2026-03-22T22:43:07                      10
/home/ec2-user/environment/lab4_model_training/dags/generate_data_dag.py                                 1           0  1.31s           2026-03-22T22:42:56                      10
================================================================================
[2026-03-22T22:43:39.273+0000] {manager.py:997} INFO - 
================================================================================
DAG File Processing Stats

File Path                                                                       PID    Runtime      # DAGs    # Errors  Last Runtime    Last Run               Last # of DB Queries
------------------------------------------------------------------------------  -----  ---------  --------  ----------  --------------  -------------------  ----------------------
/home/ec2-user/environment/lab4_model_training/dags/ml_training_pipeline_v2.py                           1           0  1.41s           2026-03-22T22:43:12                      32
/home/ec2-user/environment/lab4_model_training/dags/ml_pipeline_dag.py                                   1           0  1.41s           2026-03-22T22:43:39                       9
/home/ec2-user/environment/lab4_model_training/dags/train_model_dag.py                                   1           0  1.41s           2026-03-22T22:43:14                      10
/home/ec2-user/environment/lab4_model_training/dags/generate_data_dag.py                                 1           0  1.31s           2026-03-22T22:43:28                      10
================================================================================
[2026-03-22T22:44:10.905+0000] {manager.py:997} INFO - 
================================================================================
DAG File Processing Stats

File Path                                                                       PID    Runtime      # DAGs    # Errors  Last Runtime    Last Run               Last # of DB Queries
------------------------------------------------------------------------------  -----  ---------  --------  ----------  --------------  -------------------  ----------------------
/home/ec2-user/environment/lab4_model_training/dags/ml_training_pipeline_v2.py                           1           0  1.41s           2026-03-22T22:43:44                      10
/home/ec2-user/environment/lab4_model_training/dags/train_model_dag.py                                   1           0  1.41s           2026-03-22T22:43:46                      10
/home/ec2-user/environment/lab4_model_training/dags/ml_pipeline_dag.py                                   1           0  1.41s           2026-03-22T22:44:10                      32
/home/ec2-user/environment/lab4_model_training/dags/generate_data_dag.py                                 1           0  1.31s           2026-03-22T22:43:59                      10
================================================================================
[2026-03-22T22:44:42.531+0000] {manager.py:997} INFO - 
================================================================================
DAG File Processing Stats

File Path                                                                       PID    Runtime      # DAGs    # Errors  Last Runtime    Last Run               Last # of DB Queries
------------------------------------------------------------------------------  -----  ---------  --------  ----------  --------------  -------------------  ----------------------
/home/ec2-user/environment/lab4_model_training/dags/ml_training_pipeline_v2.py                           1           0  1.41s           2026-03-22T22:44:15                       9
/home/ec2-user/environment/lab4_model_training/dags/ml_pipeline_dag.py                                   1           0  1.41s           2026-03-22T22:44:42                      10
/home/ec2-user/environment/lab4_model_training/dags/train_model_dag.py                                   1           0  1.41s           2026-03-22T22:44:17                      10
/home/ec2-user/environment/lab4_model_training/dags/generate_data_dag.py                                 1           0  1.31s           2026-03-22T22:44:31                      10
================================================================================
[2026-03-22T22:45:14.180+0000] {manager.py:997} INFO - 
================================================================================
DAG File Processing Stats

File Path                                                                       PID    Runtime      # DAGs    # Errors  Last Runtime    Last Run               Last # of DB Queries
------------------------------------------------------------------------------  -----  ---------  --------  ----------  --------------  -------------------  ----------------------
/home/ec2-user/environment/lab4_model_training/dags/ml_training_pipeline_v2.py                           1           0  1.41s           2026-03-22T22:44:47                      32
/home/ec2-user/environment/lab4_model_training/dags/generate_data_dag.py                                 1           0  1.41s           2026-03-22T22:45:03                      10
/home/ec2-user/environment/lab4_model_training/dags/ml_pipeline_dag.py                                   1           0  1.41s           2026-03-22T22:45:14                       9
/home/ec2-user/environment/lab4_model_training/dags/train_model_dag.py                                   1           0  1.41s           2026-03-22T22:44:49                      10
================================================================================
[2026-03-22T22:45:45.802+0000] {manager.py:997} INFO - 
================================================================================
DAG File Processing Stats

File Path                                                                       PID    Runtime      # DAGs    # Errors  Last Runtime    Last Run               Last # of DB Queries
------------------------------------------------------------------------------  -----  ---------  --------  ----------  --------------  -------------------  ----------------------
/home/ec2-user/environment/lab4_model_training/dags/train_model_dag.py                                   1           0  1.41s           2026-03-22T22:45:21                      10
/home/ec2-user/environment/lab4_model_training/dags/ml_training_pipeline_v2.py                           1           0  1.41s           2026-03-22T22:45:19                      10
/home/ec2-user/environment/lab4_model_training/dags/ml_pipeline_dag.py                                   1           0  1.41s           2026-03-22T22:45:45                      32
/home/ec2-user/environment/lab4_model_training/dags/generate_data_dag.py                                 1           0  1.31s           2026-03-22T22:45:34                      10
================================================================================
[2026-03-22T22:46:17.381+0000] {manager.py:997} INFO - 
================================================================================
DAG File Processing Stats

File Path                                                                       PID    Runtime      # DAGs    # Errors  Last Runtime    Last Run               Last # of DB Queries
------------------------------------------------------------------------------  -----  ---------  --------  ----------  --------------  -------------------  ----------------------
/home/ec2-user/environment/lab4_model_training/dags/ml_pipeline_dag.py                                   1           0  1.41s           2026-03-22T22:46:17                      10
/home/ec2-user/environment/lab4_model_training/dags/train_model_dag.py                                   1           0  1.41s           2026-03-22T22:45:52                      10
/home/ec2-user/environment/lab4_model_training/dags/ml_training_pipeline_v2.py                           1           0  1.41s           2026-03-22T22:45:50                       9
/home/ec2-user/environment/lab4_model_training/dags/generate_data_dag.py                                 1           0  1.31s           2026-03-22T22:46:06                      10
================================================================================
[2026-03-22T22:46:50.088+0000] {manager.py:997} INFO - 
================================================================================
DAG File Processing Stats

File Path                                                                       PID    Runtime      # DAGs    # Errors  Last Runtime    Last Run               Last # of DB Queries
------------------------------------------------------------------------------  -----  ---------  --------  ----------  --------------  -------------------  ----------------------
/home/ec2-user/environment/lab4_model_training/dags/ml_pipeline_dag.py                                   1           0  1.71s           2026-03-22T22:46:50                       9
/home/ec2-user/environment/lab4_model_training/dags/ml_training_pipeline_v2.py                           1           0  1.51s           2026-03-22T22:46:22                      32
/home/ec2-user/environment/lab4_model_training/dags/generate_data_dag.py                                 1           0  1.42s           2026-03-22T22:46:38                      10
/home/ec2-user/environment/lab4_model_training/dags/train_model_dag.py                                   0           1  1.41s           2026-03-22T22:46:43                       3
================================================================================
[2026-03-22T22:47:12.439+0000] {manager.py:821} INFO - Searching for files in /home/ec2-user/environment/lab4_model_training/dags
[2026-03-22T22:47:12.441+0000] {manager.py:824} INFO - There are 4 files in /home/ec2-user/environment/lab4_model_training/dags
[2026-03-22T22:47:22.473+0000] {manager.py:997} INFO - 
================================================================================
DAG File Processing Stats

File Path                                                                       PID    Runtime      # DAGs    # Errors  Last Runtime    Last Run               Last # of DB Queries
------------------------------------------------------------------------------  -----  ---------  --------  ----------  --------------  -------------------  ----------------------
/home/ec2-user/environment/lab4_model_training/dags/ml_training_pipeline_v2.py                           1           0  1.91s           2026-03-22T22:46:55                      10
/home/ec2-user/environment/lab4_model_training/dags/ml_pipeline_dag.py                                   1           0  1.71s           2026-03-22T22:46:50                       9
/home/ec2-user/environment/lab4_model_training/dags/train_model_dag.py                                   0           1  1.61s           2026-03-22T22:47:22                       5
/home/ec2-user/environment/lab4_model_training/dags/generate_data_dag.py                                 1           0  1.31s           2026-03-22T22:47:10                      10
================================================================================
[2026-03-22T22:47:53.083+0000] {manager.py:997} INFO - 
================================================================================
DAG File Processing Stats

File Path                                                                       PID    Runtime      # DAGs    # Errors  Last Runtime    Last Run               Last # of DB Queries
------------------------------------------------------------------------------  -----  ---------  --------  ----------  --------------  -------------------  ----------------------
/home/ec2-user/environment/lab4_model_training/dags/ml_pipeline_dag.py                                   1           0  1.51s           2026-03-22T22:47:24                      32
/home/ec2-user/environment/lab4_model_training/dags/train_model_dag.py                                   0           1  1.41s           2026-03-22T22:47:34                       5
/home/ec2-user/environment/lab4_model_training/dags/ml_training_pipeline_v2.py                           1           0  1.41s           2026-03-22T22:47:27                       9
/home/ec2-user/environment/lab4_model_training/dags/generate_data_dag.py                                 1           0  1.31s           2026-03-22T22:47:43                      10
================================================================================
[2026-03-22T22:48:23.607+0000] {manager.py:997} INFO - 
================================================================================
DAG File Processing Stats

File Path                                                                       PID    Runtime      # DAGs    # Errors  Last Runtime    Last Run               Last # of DB Queries
------------------------------------------------------------------------------  -----  ---------  --------  ----------  --------------  -------------------  ----------------------
/home/ec2-user/environment/lab4_model_training/dags/ml_training_pipeline_v2.py                           1           0  1.41s           2026-03-22T22:47:59                      32
/home/ec2-user/environment/lab4_model_training/dags/train_model_dag.py                                   0           1  1.41s           2026-03-22T22:48:06                       5
/home/ec2-user/environment/lab4_model_training/dags/ml_pipeline_dag.py                                   1           0  1.41s           2026-03-22T22:47:55                      10
/home/ec2-user/environment/lab4_model_training/dags/generate_data_dag.py                                 1           0  1.32s           2026-03-22T22:48:14                      10
================================================================================
[2026-03-22T22:48:54.142+0000] {manager.py:997} INFO - 
================================================================================
DAG File Processing Stats

File Path                                                                       PID    Runtime      # DAGs    # Errors  Last Runtime    Last Run               Last # of DB Queries
------------------------------------------------------------------------------  -----  ---------  --------  ----------  --------------  -------------------  ----------------------
/home/ec2-user/environment/lab4_model_training/dags/ml_training_pipeline_v2.py                           1           0  1.41s           2026-03-22T22:48:30                      10
/home/ec2-user/environment/lab4_model_training/dags/train_model_dag.py                                   0           1  1.41s           2026-03-22T22:48:38                       5
/home/ec2-user/environment/lab4_model_training/dags/ml_pipeline_dag.py                                   1           0  1.41s           2026-03-22T22:48:27                       9
/home/ec2-user/environment/lab4_model_training/dags/generate_data_dag.py                                 1           0  1.31s           2026-03-22T22:48:45                      10
================================================================================
[2026-03-22T22:49:24.162+0000] {manager.py:997} INFO - 
================================================================================
DAG File Processing Stats

File Path                                                                       PID    Runtime      # DAGs    # Errors  Last Runtime    Last Run               Last # of DB Queries
------------------------------------------------------------------------------  -----  ---------  --------  ----------  --------------  -------------------  ----------------------
/home/ec2-user/environment/lab4_model_training/dags/ml_pipeline_dag.py                                   1           0  1.51s           2026-03-22T22:48:59                      32
/home/ec2-user/environment/lab4_model_training/dags/ml_training_pipeline_v2.py                           1           0  1.41s           2026-03-22T22:49:02                       9
/home/ec2-user/environment/lab4_model_training/dags/train_model_dag.py                                   0           1  1.41s           2026-03-22T22:49:09                       5
/home/ec2-user/environment/lab4_model_training/dags/generate_data_dag.py                                 1           0  1.31s           2026-03-22T22:49:17                      10
================================================================================
[2026-03-22T22:49:55.070+0000] {manager.py:997} INFO - 
================================================================================
DAG File Processing Stats

File Path                                                                       PID    Runtime      # DAGs    # Errors  Last Runtime    Last Run               Last # of DB Queries
------------------------------------------------------------------------------  -----  ---------  --------  ----------  --------------  -------------------  ----------------------
/home/ec2-user/environment/lab4_model_training/dags/ml_training_pipeline_v2.py                           1           0  1.41s           2026-03-22T22:49:33                      32
/home/ec2-user/environment/lab4_model_training/dags/train_model_dag.py                                   0           1  1.41s           2026-03-22T22:49:41                       5
/home/ec2-user/environment/lab4_model_training/dags/ml_pipeline_dag.py                                   1           0  1.41s           2026-03-22T22:49:32                      10
/home/ec2-user/environment/lab4_model_training/dags/generate_data_dag.py                                 1           0  1.31s           2026-03-22T22:49:48                      10
================================================================================
[2026-03-22T22:50:25.222+0000] {manager.py:997} INFO - 
================================================================================
DAG File Processing Stats

File Path                                                                       PID    Runtime      # DAGs    # Errors  Last Runtime    Last Run               Last # of DB Queries
------------------------------------------------------------------------------  -----  ---------  --------  ----------  --------------  -------------------  ----------------------
/home/ec2-user/environment/lab4_model_training/dags/ml_pipeline_dag.py                                   1           0  1.41s           2026-03-22T22:50:03                       9
/home/ec2-user/environment/lab4_model_training/dags/train_model_dag.py                                   0           1  1.41s           2026-03-22T22:50:12                       5
/home/ec2-user/environment/lab4_model_training/dags/ml_training_pipeline_v2.py                           1           0  1.41s           2026-03-22T22:50:05                      10
/home/ec2-user/environment/lab4_model_training/dags/generate_data_dag.py                                 1           0  1.31s           2026-03-22T22:50:20                      10
================================================================================
[2026-03-22T22:50:56.047+0000] {manager.py:997} INFO - 
================================================================================
DAG File Processing Stats

File Path                                                                       PID    Runtime      # DAGs    # Errors  Last Runtime    Last Run               Last # of DB Queries
------------------------------------------------------------------------------  -----  ---------  --------  ----------  --------------  -------------------  ----------------------
/home/ec2-user/environment/lab4_model_training/dags/ml_pipeline_dag.py                                   1           0  1.41s           2026-03-22T22:50:35                      32
/home/ec2-user/environment/lab4_model_training/dags/train_model_dag.py                                   0           1  1.41s           2026-03-22T22:50:44                       5
/home/ec2-user/environment/lab4_model_training/dags/ml_training_pipeline_v2.py                           1           0  1.41s           2026-03-22T22:50:36                       9
/home/ec2-user/environment/lab4_model_training/dags/generate_data_dag.py                                 1           0  1.31s           2026-03-22T22:50:51                      10
================================================================================
[2026-03-22T22:51:26.296+0000] {manager.py:997} INFO - 
================================================================================
DAG File Processing Stats

File Path                                                                       PID    Runtime      # DAGs    # Errors  Last Runtime    Last Run               Last # of DB Queries
------------------------------------------------------------------------------  -----  ---------  --------  ----------  --------------  -------------------  ----------------------
/home/ec2-user/environment/lab4_model_training/dags/ml_training_pipeline_v2.py                           1           0  1.41s           2026-03-22T22:51:08                      32
/home/ec2-user/environment/lab4_model_training/dags/ml_pipeline_dag.py                                   1           0  1.41s           2026-03-22T22:51:06                      10
/home/ec2-user/environment/lab4_model_training/dags/train_model_dag.py                                   0           1  1.41s           2026-03-22T22:51:15                       5
/home/ec2-user/environment/lab4_model_training/dags/generate_data_dag.py                                 1           0  1.31s           2026-03-22T22:51:22                      10
================================================================================
[2026-03-22T22:51:56.949+0000] {manager.py:997} INFO - 
================================================================================
DAG File Processing Stats

File Path                                                                       PID    Runtime      # DAGs    # Errors  Last Runtime    Last Run               Last # of DB Queries
------------------------------------------------------------------------------  -----  ---------  --------  ----------  --------------  -------------------  ----------------------
/home/ec2-user/environment/lab4_model_training/dags/train_model_dag.py                                   0           1  1.41s           2026-03-22T22:51:47                       5
/home/ec2-user/environment/lab4_model_training/dags/ml_pipeline_dag.py                                   1           0  1.41s           2026-03-22T22:51:37                       9
/home/ec2-user/environment/lab4_model_training/dags/ml_training_pipeline_v2.py                           1           0  1.41s           2026-03-22T22:51:39                      10
/home/ec2-user/environment/lab4_model_training/dags/generate_data_dag.py                                 1           0  1.31s           2026-03-22T22:51:54                      10
================================================================================
[2026-03-22T22:52:12.471+0000] {manager.py:821} INFO - Searching for files in /home/ec2-user/environment/lab4_model_training/dags
[2026-03-22T22:52:12.473+0000] {manager.py:824} INFO - There are 4 files in /home/ec2-user/environment/lab4_model_training/dags
[2026-03-22T22:52:27.396+0000] {manager.py:997} INFO - 
================================================================================
DAG File Processing Stats

File Path                                                                       PID    Runtime      # DAGs    # Errors  Last Runtime    Last Run               Last # of DB Queries
------------------------------------------------------------------------------  -----  ---------  --------  ----------  --------------  -------------------  ----------------------
/home/ec2-user/environment/lab4_model_training/dags/ml_pipeline_dag.py                                   1           0  1.42s           2026-03-22T22:52:09                      32
/home/ec2-user/environment/lab4_model_training/dags/train_model_dag.py                                   0           1  1.41s           2026-03-22T22:52:18                       5
/home/ec2-user/environment/lab4_model_training/dags/ml_training_pipeline_v2.py                           1           0  1.41s           2026-03-22T22:52:11                       9
/home/ec2-user/environment/lab4_model_training/dags/generate_data_dag.py                                 1           0  1.31s           2026-03-22T22:52:25                      10
================================================================================
[2026-03-22T22:52:57.871+0000] {manager.py:997} INFO - 
================================================================================
DAG File Processing Stats

File Path                                                                       PID    Runtime      # DAGs    # Errors  Last Runtime    Last Run               Last # of DB Queries
------------------------------------------------------------------------------  -----  ---------  --------  ----------  --------------  -------------------  ----------------------
/home/ec2-user/environment/lab4_model_training/dags/ml_training_pipeline_v2.py                           1           0  1.51s           2026-03-22T22:52:42                      32
/home/ec2-user/environment/lab4_model_training/dags/generate_data_dag.py                                 1           0  1.41s           2026-03-22T22:52:57                      10
/home/ec2-user/environment/lab4_model_training/dags/ml_pipeline_dag.py                                   1           0  1.41s           2026-03-22T22:52:40                      10
/home/ec2-user/environment/lab4_model_training/dags/train_model_dag.py                                   0           1  1.41s           2026-03-22T22:52:50                       5
================================================================================
[2026-03-22T22:53:28.455+0000] {manager.py:997} INFO - 
================================================================================
DAG File Processing Stats

File Path                                                                       PID    Runtime      # DAGs    # Errors  Last Runtime    Last Run               Last # of DB Queries
------------------------------------------------------------------------------  -----  ---------  --------  ----------  --------------  -------------------  ----------------------
/home/ec2-user/environment/lab4_model_training/dags/train_model_dag.py                                   0           1  1.41s           2026-03-22T22:53:21                       5
/home/ec2-user/environment/lab4_model_training/dags/ml_pipeline_dag.py                                   1           0  1.41s           2026-03-22T22:53:12                       9
/home/ec2-user/environment/lab4_model_training/dags/ml_training_pipeline_v2.py                           1           0  1.41s           2026-03-22T22:53:14                      10
/home/ec2-user/environment/lab4_model_training/dags/generate_data_dag.py                                 1           0  1.31s           2026-03-22T22:53:28                      10
================================================================================
[2026-03-22T22:53:59.850+0000] {manager.py:997} INFO - 
================================================================================
DAG File Processing Stats

File Path                                                                       PID    Runtime      # DAGs    # Errors  Last Runtime    Last Run               Last # of DB Queries
------------------------------------------------------------------------------  -----  ---------  --------  ----------  --------------  -------------------  ----------------------
/home/ec2-user/environment/lab4_model_training/dags/ml_pipeline_dag.py                                   1           0  1.51s           2026-03-22T22:53:44                      32
/home/ec2-user/environment/lab4_model_training/dags/train_model_dag.py                                   0           1  1.41s           2026-03-22T22:53:53                       5
/home/ec2-user/environment/lab4_model_training/dags/ml_training_pipeline_v2.py                           1           0  1.41s           2026-03-22T22:53:45                       9
/home/ec2-user/environment/lab4_model_training/dags/generate_data_dag.py                                 1           0  1.31s           2026-03-22T22:53:59                      10
================================================================================
[2026-03-22T22:54:31.247+0000] {manager.py:997} INFO - 
================================================================================
DAG File Processing Stats

File Path                                                                       PID    Runtime      # DAGs    # Errors  Last Runtime    Last Run               Last # of DB Queries
------------------------------------------------------------------------------  -----  ---------  --------  ----------  --------------  -------------------  ----------------------
/home/ec2-user/environment/lab4_model_training/dags/ml_training_pipeline_v2.py                           1           0  1.41s           2026-03-22T22:54:18                      32
/home/ec2-user/environment/lab4_model_training/dags/train_model_dag.py                                   0           1  1.41s           2026-03-22T22:54:25                       5
/home/ec2-user/environment/lab4_model_training/dags/ml_pipeline_dag.py                                   1           0  1.41s           2026-03-22T22:54:16                      10
/home/ec2-user/environment/lab4_model_training/dags/generate_data_dag.py                                 1           0  1.31s           2026-03-22T22:54:31                      10
================================================================================
[2026-03-22T22:55:02.653+0000] {manager.py:997} INFO - 
================================================================================
DAG File Processing Stats

File Path                                                                       PID    Runtime      # DAGs    # Errors  Last Runtime    Last Run               Last # of DB Queries
------------------------------------------------------------------------------  -----  ---------  --------  ----------  --------------  -------------------  ----------------------
/home/ec2-user/environment/lab4_model_training/dags/train_model_dag.py                                   0           1  1.51s           2026-03-22T22:54:56                       5
/home/ec2-user/environment/lab4_model_training/dags/ml_pipeline_dag.py                                   1           0  1.41s           2026-03-22T22:54:47                       9
/home/ec2-user/environment/lab4_model_training/dags/ml_training_pipeline_v2.py                           1           0  1.41s           2026-03-22T22:54:50                      10
/home/ec2-user/environment/lab4_model_training/dags/generate_data_dag.py                                 1           0  1.31s           2026-03-22T22:55:02                      10
================================================================================
[2026-03-22T22:55:34.061+0000] {manager.py:997} INFO - 
================================================================================
DAG File Processing Stats

File Path                                                                       PID    Runtime      # DAGs    # Errors  Last Runtime    Last Run               Last # of DB Queries
------------------------------------------------------------------------------  -----  ---------  --------  ----------  --------------  -------------------  ----------------------
/home/ec2-user/environment/lab4_model_training/dags/ml_pipeline_dag.py                                   1           0  1.41s           2026-03-22T22:55:19                      32
/home/ec2-user/environment/lab4_model_training/dags/ml_training_pipeline_v2.py                           1           0  1.41s           2026-03-22T22:55:21                       9
/home/ec2-user/environment/lab4_model_training/dags/train_model_dag.py                                   0           1  1.41s           2026-03-22T22:55:28                       5
/home/ec2-user/environment/lab4_model_training/dags/generate_data_dag.py                                 1           0  1.32s           2026-03-22T22:55:34                      10
================================================================================
[2026-03-22T22:56:05.399+0000] {manager.py:997} INFO - 
================================================================================
DAG File Processing Stats

File Path                                                                       PID    Runtime      # DAGs    # Errors  Last Runtime    Last Run               Last # of DB Queries
------------------------------------------------------------------------------  -----  ---------  --------  ----------  --------------  -------------------  ----------------------
/home/ec2-user/environment/lab4_model_training/dags/ml_training_pipeline_v2.py                           1           0  1.51s           2026-03-22T22:55:53                      32
/home/ec2-user/environment/lab4_model_training/dags/train_model_dag.py                                   0           1  1.41s           2026-03-22T22:56:00                       5
/home/ec2-user/environment/lab4_model_training/dags/ml_pipeline_dag.py                                   1           0  1.41s           2026-03-22T22:55:50                      10
/home/ec2-user/environment/lab4_model_training/dags/generate_data_dag.py                                 1           0  1.31s           2026-03-22T22:56:05                      10
================================================================================
[2026-03-22T22:56:36.880+0000] {manager.py:997} INFO - 
================================================================================
DAG File Processing Stats

File Path                                                                       PID    Runtime      # DAGs    # Errors  Last Runtime    Last Run               Last # of DB Queries
------------------------------------------------------------------------------  -----  ---------  --------  ----------  --------------  -------------------  ----------------------
/home/ec2-user/environment/lab4_model_training/dags/ml_pipeline_dag.py                                   1           0  1.41s           2026-03-22T22:56:22                       9
/home/ec2-user/environment/lab4_model_training/dags/train_model_dag.py                                   0           1  1.41s           2026-03-22T22:56:31                       5
/home/ec2-user/environment/lab4_model_training/dags/ml_training_pipeline_v2.py                           1           0  1.41s           2026-03-22T22:56:25                      10
/home/ec2-user/environment/lab4_model_training/dags/generate_data_dag.py                                 1           0  1.31s           2026-03-22T22:56:36                      10
================================================================================
[2026-03-22T22:57:08.750+0000] {manager.py:997} INFO - 
================================================================================
DAG File Processing Stats

File Path                                                                       PID    Runtime      # DAGs    # Errors  Last Runtime    Last Run               Last # of DB Queries
------------------------------------------------------------------------------  -----  ---------  --------  ----------  --------------  -------------------  ----------------------
/home/ec2-user/environment/lab4_model_training/dags/generate_data_dag.py                                 1           0  1.61s           2026-03-22T22:57:08                      10
/home/ec2-user/environment/lab4_model_training/dags/ml_pipeline_dag.py                                   1           0  1.51s           2026-03-22T22:56:53                      32
/home/ec2-user/environment/lab4_model_training/dags/train_model_dag.py                                   0           1  1.41s           2026-03-22T22:57:03                       5
/home/ec2-user/environment/lab4_model_training/dags/ml_training_pipeline_v2.py                           1           0  1.41s           2026-03-22T22:56:57                       9
================================================================================
[2026-03-22T22:57:12.501+0000] {manager.py:821} INFO - Searching for files in /home/ec2-user/environment/lab4_model_training/dags
[2026-03-22T22:57:12.503+0000] {manager.py:824} INFO - There are 4 files in /home/ec2-user/environment/lab4_model_training/dags
[2026-03-22T22:57:41.083+0000] {manager.py:997} INFO - 
================================================================================
DAG File Processing Stats

File Path                                                                       PID    Runtime      # DAGs    # Errors  Last Runtime    Last Run               Last # of DB Queries
------------------------------------------------------------------------------  -----  ---------  --------  ----------  --------------  -------------------  ----------------------
/home/ec2-user/environment/lab4_model_training/dags/ml_training_pipeline_v2.py                           1           0  2.23s           2026-03-22T22:57:30                      32
/home/ec2-user/environment/lab4_model_training/dags/train_model_dag.py                                   0           1  2.01s           2026-03-22T22:57:35                       5
/home/ec2-user/environment/lab4_model_training/dags/ml_pipeline_dag.py                                   1           0  1.41s           2026-03-22T22:57:25                      10
/home/ec2-user/environment/lab4_model_training/dags/generate_data_dag.py                                 1           0  1.31s           2026-03-22T22:57:41                      10
================================================================================
[2026-03-22T22:58:13.029+0000] {manager.py:997} INFO - 
================================================================================
DAG File Processing Stats

File Path                                                                       PID    Runtime      # DAGs    # Errors  Last Runtime    Last Run               Last # of DB Queries
------------------------------------------------------------------------------  -----  ---------  --------  ----------  --------------  -------------------  ----------------------
/home/ec2-user/environment/lab4_model_training/dags/ml_training_pipeline_v2.py                           1           0  1.41s           2026-03-22T22:58:02                      10
/home/ec2-user/environment/lab4_model_training/dags/ml_pipeline_dag.py                                   1           0  1.41s           2026-03-22T22:57:57                       9
/home/ec2-user/environment/lab4_model_training/dags/train_model_dag.py                                   0           1  1.41s           2026-03-22T22:58:07                       5
/home/ec2-user/environment/lab4_model_training/dags/generate_data_dag.py                                 1           0  1.31s           2026-03-22T22:58:13                      10
================================================================================
[2026-03-22T22:58:44.903+0000] {manager.py:997} INFO - 
================================================================================
DAG File Processing Stats

File Path                                                                       PID    Runtime      # DAGs    # Errors  Last Runtime    Last Run               Last # of DB Queries
------------------------------------------------------------------------------  -----  ---------  --------  ----------  --------------  -------------------  ----------------------
/home/ec2-user/environment/lab4_model_training/dags/ml_pipeline_dag.py                                   1           0  1.41s           2026-03-22T22:58:29                      32
/home/ec2-user/environment/lab4_model_training/dags/train_model_dag.py                                   0           1  1.41s           2026-03-22T22:58:38                       5
/home/ec2-user/environment/lab4_model_training/dags/ml_training_pipeline_v2.py                           1           0  1.41s           2026-03-22T22:58:33                       9
/home/ec2-user/environment/lab4_model_training/dags/generate_data_dag.py                                 1           0  1.31s           2026-03-22T22:58:44                      10
================================================================================
[2026-03-22T22:59:16.625+0000] {manager.py:997} INFO - 
================================================================================
DAG File Processing Stats

File Path                                                                       PID    Runtime      # DAGs    # Errors  Last Runtime    Last Run               Last # of DB Queries
------------------------------------------------------------------------------  -----  ---------  --------  ----------  --------------  -------------------  ----------------------
/home/ec2-user/environment/lab4_model_training/dags/ml_pipeline_dag.py                                   1           0  1.91s           2026-03-22T22:59:01                      10
/home/ec2-user/environment/lab4_model_training/dags/ml_training_pipeline_v2.py                           1           0  1.71s           2026-03-22T22:59:05                      32
/home/ec2-user/environment/lab4_model_training/dags/generate_data_dag.py                                 1           0  1.61s           2026-03-22T22:59:16                      10
/home/ec2-user/environment/lab4_model_training/dags/train_model_dag.py                                   0           1  1.41s           2026-03-22T22:59:10                       5
================================================================================
[2026-03-22T22:59:48.837+0000] {manager.py:997} INFO - 
================================================================================
DAG File Processing Stats

File Path                                                                       PID    Runtime      # DAGs    # Errors  Last Runtime    Last Run               Last # of DB Queries
------------------------------------------------------------------------------  -----  ---------  --------  ----------  --------------  -------------------  ----------------------
/home/ec2-user/environment/lab4_model_training/dags/ml_training_pipeline_v2.py                           1           0  1.41s           2026-03-22T22:59:37                      10
/home/ec2-user/environment/lab4_model_training/dags/ml_pipeline_dag.py                                   1           0  1.41s           2026-03-22T22:59:33                       9
/home/ec2-user/environment/lab4_model_training/dags/train_model_dag.py                                   0           1  1.41s           2026-03-22T22:59:41                       5
/home/ec2-user/environment/lab4_model_training/dags/generate_data_dag.py                                 1           0  1.31s           2026-03-22T22:59:48                      10
================================================================================
[2026-03-22T23:00:20.162+0000] {manager.py:997} INFO - 
================================================================================
DAG File Processing Stats

File Path                                                                       PID    Runtime      # DAGs    # Errors  Last Runtime    Last Run               Last # of DB Queries
------------------------------------------------------------------------------  -----  ---------  --------  ----------  --------------  -------------------  ----------------------
/home/ec2-user/environment/lab4_model_training/dags/ml_training_pipeline_v2.py                           1           0  1.91s           2026-03-22T23:00:10                       9
/home/ec2-user/environment/lab4_model_training/dags/ml_pipeline_dag.py                                   1           0  1.81s           2026-03-22T23:00:05                      32
/home/ec2-user/environment/lab4_model_training/dags/train_model_dag.py                                   0           1  1.41s           2026-03-22T23:00:14                       5
/home/ec2-user/environment/lab4_model_training/dags/generate_data_dag.py                                 1           0  1.31s           2026-03-22T23:00:20                      10
================================================================================
[2026-03-22T23:00:51.769+0000] {manager.py:997} INFO - 
================================================================================
DAG File Processing Stats

File Path                                                                       PID    Runtime      # DAGs    # Errors  Last Runtime    Last Run               Last # of DB Queries
------------------------------------------------------------------------------  -----  ---------  --------  ----------  --------------  -------------------  ----------------------
/home/ec2-user/environment/lab4_model_training/dags/ml_training_pipeline_v2.py                           1           0  1.51s           2026-03-22T23:00:42                      32
/home/ec2-user/environment/lab4_model_training/dags/train_model_dag.py                                   0           1  1.41s           2026-03-22T23:00:45                       5
/home/ec2-user/environment/lab4_model_training/dags/ml_pipeline_dag.py                                   1           0  1.41s           2026-03-22T23:00:37                      10
/home/ec2-user/environment/lab4_model_training/dags/generate_data_dag.py                                 1           0  1.31s           2026-03-22T23:00:51                      10
================================================================================
[2026-03-22T23:01:23.268+0000] {manager.py:997} INFO - 
================================================================================
DAG File Processing Stats

File Path                                                                       PID    Runtime      # DAGs    # Errors  Last Runtime    Last Run               Last # of DB Queries
------------------------------------------------------------------------------  -----  ---------  --------  ----------  --------------  -------------------  ----------------------
/home/ec2-user/environment/lab4_model_training/dags/ml_pipeline_dag.py                                   1           0  1.41s           2026-03-22T23:01:08                       9
/home/ec2-user/environment/lab4_model_training/dags/train_model_dag.py                                   0           1  1.41s           2026-03-22T23:01:17                       5
/home/ec2-user/environment/lab4_model_training/dags/ml_training_pipeline_v2.py                           1           0  1.41s           2026-03-22T23:01:13                      10
/home/ec2-user/environment/lab4_model_training/dags/generate_data_dag.py                                 1           0  1.32s           2026-03-22T23:01:23                      10
================================================================================
[2026-03-22T23:01:54.863+0000] {manager.py:997} INFO - 
================================================================================
DAG File Processing Stats

File Path                                                                       PID    Runtime      # DAGs    # Errors  Last Runtime    Last Run               Last # of DB Queries
------------------------------------------------------------------------------  -----  ---------  --------  ----------  --------------  -------------------  ----------------------
/home/ec2-user/environment/lab4_model_training/dags/train_model_dag.py                                   0           1  1.61s           2026-03-22T23:01:49                       5
/home/ec2-user/environment/lab4_model_training/dags/ml_pipeline_dag.py                                   1           0  1.41s           2026-03-22T23:01:40                      32
/home/ec2-user/environment/lab4_model_training/dags/generate_data_dag.py                                 1           0  1.41s           2026-03-22T23:01:54                      10
/home/ec2-user/environment/lab4_model_training/dags/ml_training_pipeline_v2.py                           1           0  1.41s           2026-03-22T23:01:45                       9
================================================================================
[2026-03-22T23:02:12.639+0000] {manager.py:821} INFO - Searching for files in /home/ec2-user/environment/lab4_model_training/dags
[2026-03-22T23:02:12.641+0000] {manager.py:824} INFO - There are 4 files in /home/ec2-user/environment/lab4_model_training/dags
[2026-03-22T23:02:26.294+0000] {manager.py:997} INFO - 
================================================================================
DAG File Processing Stats

File Path                                                                       PID    Runtime      # DAGs    # Errors  Last Runtime    Last Run               Last # of DB Queries
------------------------------------------------------------------------------  -----  ---------  --------  ----------  --------------  -------------------  ----------------------
/home/ec2-user/environment/lab4_model_training/dags/ml_training_pipeline_v2.py                           1           0  1.41s           2026-03-22T23:02:16                      32
/home/ec2-user/environment/lab4_model_training/dags/train_model_dag.py                                   0           1  1.41s           2026-03-22T23:02:21                       5
/home/ec2-user/environment/lab4_model_training/dags/ml_pipeline_dag.py                                   1           0  1.41s           2026-03-22T23:02:11                      10
/home/ec2-user/environment/lab4_model_training/dags/generate_data_dag.py                                 1           0  1.31s           2026-03-22T23:02:26                      10
================================================================================
[2026-03-22T23:02:57.828+0000] {manager.py:997} INFO - 
================================================================================
DAG File Processing Stats

File Path                                                                       PID    Runtime      # DAGs    # Errors  Last Runtime    Last Run               Last # of DB Queries
------------------------------------------------------------------------------  -----  ---------  --------  ----------  --------------  -------------------  ----------------------
/home/ec2-user/environment/lab4_model_training/dags/ml_pipeline_dag.py                                   1           0  1.41s           2026-03-22T23:02:43                       9
/home/ec2-user/environment/lab4_model_training/dags/train_model_dag.py                                   0           1  1.41s           2026-03-22T23:02:52                       5
/home/ec2-user/environment/lab4_model_training/dags/ml_training_pipeline_v2.py                           1           0  1.41s           2026-03-22T23:02:48                      10
/home/ec2-user/environment/lab4_model_training/dags/generate_data_dag.py                                 1           0  1.31s           2026-03-22T23:02:57                      10
================================================================================
[2026-03-22T23:03:29.689+0000] {manager.py:997} INFO - 
================================================================================
DAG File Processing Stats

File Path                                                                       PID    Runtime      # DAGs    # Errors  Last Runtime    Last Run               Last # of DB Queries
------------------------------------------------------------------------------  -----  ---------  --------  ----------  --------------  -------------------  ----------------------
/home/ec2-user/environment/lab4_model_training/dags/ml_pipeline_dag.py                                   1           0  1.41s           2026-03-22T23:03:14                      32
/home/ec2-user/environment/lab4_model_training/dags/train_model_dag.py                                   0           1  1.41s           2026-03-22T23:03:24                       5
/home/ec2-user/environment/lab4_model_training/dags/ml_training_pipeline_v2.py                           1           0  1.41s           2026-03-22T23:03:19                       9
/home/ec2-user/environment/lab4_model_training/dags/generate_data_dag.py                                 1           0  1.31s           2026-03-22T23:03:29                      10
================================================================================
[2026-03-22T23:04:02.035+0000] {manager.py:997} INFO - 
================================================================================
DAG File Processing Stats

File Path                                                                       PID    Runtime      # DAGs    # Errors  Last Runtime    Last Run               Last # of DB Queries
------------------------------------------------------------------------------  -----  ---------  --------  ----------  --------------  -------------------  ----------------------
/home/ec2-user/environment/lab4_model_training/dags/train_model_dag.py                                   0           1  1.51s           2026-03-22T23:03:56                       5
/home/ec2-user/environment/lab4_model_training/dags/ml_training_pipeline_v2.py                           1           0  1.51s           2026-03-22T23:03:51                      32
/home/ec2-user/environment/lab4_model_training/dags/ml_pipeline_dag.py                                   1           0  1.41s           2026-03-22T23:03:46                      10
/home/ec2-user/environment/lab4_model_training/dags/generate_data_dag.py                                 1           0  1.41s           2026-03-22T23:04:02                      10
================================================================================
[2026-03-22T23:04:33.972+0000] {manager.py:997} INFO - 
================================================================================
DAG File Processing Stats

File Path                                                                       PID    Runtime      # DAGs    # Errors  Last Runtime    Last Run               Last # of DB Queries
------------------------------------------------------------------------------  -----  ---------  --------  ----------  --------------  -------------------  ----------------------
/home/ec2-user/environment/lab4_model_training/dags/ml_pipeline_dag.py                                   1           0  1.41s           2026-03-22T23:04:17                       9
/home/ec2-user/environment/lab4_model_training/dags/ml_training_pipeline_v2.py                           1           0  1.41s           2026-03-22T23:04:23                      10
/home/ec2-user/environment/lab4_model_training/dags/train_model_dag.py                                   0           1  1.41s           2026-03-22T23:04:27                       5
/home/ec2-user/environment/lab4_model_training/dags/generate_data_dag.py                                 1           0  1.31s           2026-03-22T23:04:33                      10
================================================================================
[2026-03-22T23:05:05.578+0000] {manager.py:997} INFO - 
================================================================================
DAG File Processing Stats

File Path                                                                       PID    Runtime      # DAGs    # Errors  Last Runtime    Last Run               Last # of DB Queries
------------------------------------------------------------------------------  -----  ---------  --------  ----------  --------------  -------------------  ----------------------
/home/ec2-user/environment/lab4_model_training/dags/ml_training_pipeline_v2.py                           1           0  1.41s           2026-03-22T23:04:55                       9
/home/ec2-user/environment/lab4_model_training/dags/ml_pipeline_dag.py                                   1           0  1.41s           2026-03-22T23:04:49                      32
/home/ec2-user/environment/lab4_model_training/dags/train_model_dag.py                                   0           1  1.41s           2026-03-22T23:04:59                       5
/home/ec2-user/environment/lab4_model_training/dags/generate_data_dag.py                                 1           0  1.31s           2026-03-22T23:05:05                      10
================================================================================
[2026-03-22T23:05:37.166+0000] {manager.py:997} INFO - 
================================================================================
DAG File Processing Stats

File Path                                                                       PID    Runtime      # DAGs    # Errors  Last Runtime    Last Run               Last # of DB Queries
------------------------------------------------------------------------------  -----  ---------  --------  ----------  --------------  -------------------  ----------------------
/home/ec2-user/environment/lab4_model_training/dags/ml_training_pipeline_v2.py                           1           0  1.41s           2026-03-22T23:05:26                      32
/home/ec2-user/environment/lab4_model_training/dags/train_model_dag.py                                   0           1  1.41s           2026-03-22T23:05:31                       5
/home/ec2-user/environment/lab4_model_training/dags/ml_pipeline_dag.py                                   1           0  1.41s           2026-03-22T23:05:21                      10
/home/ec2-user/environment/lab4_model_training/dags/generate_data_dag.py                                 1           0  1.31s           2026-03-22T23:05:37                      10
================================================================================
[2026-03-22T23:06:08.757+0000] {manager.py:997} INFO - 
================================================================================
DAG File Processing Stats

File Path                                                                       PID    Runtime      # DAGs    # Errors  Last Runtime    Last Run               Last # of DB Queries
------------------------------------------------------------------------------  -----  ---------  --------  ----------  --------------  -------------------  ----------------------
/home/ec2-user/environment/lab4_model_training/dags/ml_training_pipeline_v2.py                           1           0  1.41s           2026-03-22T23:05:58                      10
/home/ec2-user/environment/lab4_model_training/dags/train_model_dag.py                                   0           1  1.41s           2026-03-22T23:06:02                       5
/home/ec2-user/environment/lab4_model_training/dags/ml_pipeline_dag.py                                   1           0  1.41s           2026-03-22T23:05:52                       9
/home/ec2-user/environment/lab4_model_training/dags/generate_data_dag.py                                 1           0  1.31s           2026-03-22T23:06:08                      10
================================================================================
[2026-03-22T23:06:40.697+0000] {manager.py:997} INFO - 
================================================================================
DAG File Processing Stats

File Path                                                                       PID    Runtime      # DAGs    # Errors  Last Runtime    Last Run               Last # of DB Queries
------------------------------------------------------------------------------  -----  ---------  --------  ----------  --------------  -------------------  ----------------------
/home/ec2-user/environment/lab4_model_training/dags/ml_pipeline_dag.py                                   1           0  1.41s           2026-03-22T23:06:24                      32
/home/ec2-user/environment/lab4_model_training/dags/train_model_dag.py                                   0           1  1.41s           2026-03-22T23:06:34                       5
/home/ec2-user/environment/lab4_model_training/dags/ml_training_pipeline_v2.py                           1           0  1.41s           2026-03-22T23:06:30                       9
/home/ec2-user/environment/lab4_model_training/dags/generate_data_dag.py                                 1           0  1.31s           2026-03-22T23:06:40                      10
================================================================================
[2026-03-22T23:07:12.386+0000] {manager.py:997} INFO - 
================================================================================
DAG File Processing Stats

File Path                                                                       PID    Runtime      # DAGs    # Errors  Last Runtime    Last Run               Last # of DB Queries
------------------------------------------------------------------------------  -----  ---------  --------  ----------  --------------  -------------------  ----------------------
/home/ec2-user/environment/lab4_model_training/dags/ml_training_pipeline_v2.py                           1           0  1.51s           2026-03-22T23:07:01                      32
/home/ec2-user/environment/lab4_model_training/dags/ml_pipeline_dag.py                                   1           0  1.41s           2026-03-22T23:06:56                      10
/home/ec2-user/environment/lab4_model_training/dags/train_model_dag.py                                   0           1  1.41s           2026-03-22T23:07:06                       5
/home/ec2-user/environment/lab4_model_training/dags/generate_data_dag.py                                 1           0  1.31s           2026-03-22T23:07:12                      10
================================================================================
[2026-03-22T23:07:13.429+0000] {manager.py:821} INFO - Searching for files in /home/ec2-user/environment/lab4_model_training/dags
[2026-03-22T23:07:13.431+0000] {manager.py:824} INFO - There are 4 files in /home/ec2-user/environment/lab4_model_training/dags
[2026-03-22T23:07:44.079+0000] {manager.py:997} INFO - 
================================================================================
DAG File Processing Stats

File Path                                                                       PID    Runtime      # DAGs    # Errors  Last Runtime    Last Run               Last # of DB Queries
------------------------------------------------------------------------------  -----  ---------  --------  ----------  --------------  -------------------  ----------------------
/home/ec2-user/environment/lab4_model_training/dags/generate_data_dag.py                                 1           0  1.41s           2026-03-22T23:07:44                      10
/home/ec2-user/environment/lab4_model_training/dags/train_model_dag.py                                   0           1  1.41s           2026-03-22T23:07:38                       5
/home/ec2-user/environment/lab4_model_training/dags/ml_training_pipeline_v2.py                           1           0  1.41s           2026-03-22T23:07:33                      10
/home/ec2-user/environment/lab4_model_training/dags/ml_pipeline_dag.py                                   1           0  1.41s           2026-03-22T23:07:27                       9
================================================================================
[2026-03-22T23:08:15.670+0000] {manager.py:997} INFO - 
================================================================================
DAG File Processing Stats

File Path                                                                       PID    Runtime      # DAGs    # Errors  Last Runtime    Last Run               Last # of DB Queries
------------------------------------------------------------------------------  -----  ---------  --------  ----------  --------------  -------------------  ----------------------
/home/ec2-user/environment/lab4_model_training/dags/ml_pipeline_dag.py                                   1           0  1.41s           2026-03-22T23:07:59                      32
/home/ec2-user/environment/lab4_model_training/dags/train_model_dag.py                                   0           1  1.41s           2026-03-22T23:08:09                       5
/home/ec2-user/environment/lab4_model_training/dags/ml_training_pipeline_v2.py                           1           0  1.41s           2026-03-22T23:08:05                       9
/home/ec2-user/environment/lab4_model_training/dags/generate_data_dag.py                                 1           0  1.31s           2026-03-22T23:08:15                      10
================================================================================
[2026-03-22T23:08:47.485+0000] {manager.py:997} INFO - 
================================================================================
DAG File Processing Stats

File Path                                                                       PID    Runtime      # DAGs    # Errors  Last Runtime    Last Run               Last # of DB Queries
------------------------------------------------------------------------------  -----  ---------  --------  ----------  --------------  -------------------  ----------------------
/home/ec2-user/environment/lab4_model_training/dags/ml_training_pipeline_v2.py                           1           0  1.41s           2026-03-22T23:08:37                      32
/home/ec2-user/environment/lab4_model_training/dags/train_model_dag.py                                   0           1  1.41s           2026-03-22T23:08:41                       5
/home/ec2-user/environment/lab4_model_training/dags/ml_pipeline_dag.py                                   1           0  1.41s           2026-03-22T23:08:31                      10
/home/ec2-user/environment/lab4_model_training/dags/generate_data_dag.py                                 1           0  1.31s           2026-03-22T23:08:47                      10
================================================================================
[2026-03-22T23:09:19.072+0000] {manager.py:997} INFO - 
================================================================================
DAG File Processing Stats

File Path                                                                       PID    Runtime      # DAGs    # Errors  Last Runtime    Last Run               Last # of DB Queries
------------------------------------------------------------------------------  -----  ---------  --------  ----------  --------------  -------------------  ----------------------
/home/ec2-user/environment/lab4_model_training/dags/ml_pipeline_dag.py                                   1           0  1.41s           2026-03-22T23:09:03                       9
/home/ec2-user/environment/lab4_model_training/dags/train_model_dag.py                                   0           1  1.41s           2026-03-22T23:09:13                       5
/home/ec2-user/environment/lab4_model_training/dags/ml_training_pipeline_v2.py                           1           0  1.41s           2026-03-22T23:09:08                      10
/home/ec2-user/environment/lab4_model_training/dags/generate_data_dag.py                                 1           0  1.31s           2026-03-22T23:09:19                      10
================================================================================
[2026-03-22T23:09:50.663+0000] {manager.py:997} INFO - 
================================================================================
DAG File Processing Stats

File Path                                                                       PID    Runtime      # DAGs    # Errors  Last Runtime    Last Run               Last # of DB Queries
------------------------------------------------------------------------------  -----  ---------  --------  ----------  --------------  -------------------  ----------------------
/home/ec2-user/environment/lab4_model_training/dags/ml_pipeline_dag.py                                   1           0  1.41s           2026-03-22T23:09:34                      32
/home/ec2-user/environment/lab4_model_training/dags/ml_training_pipeline_v2.py                           1           0  1.41s           2026-03-22T23:09:40                       9
/home/ec2-user/environment/lab4_model_training/dags/train_model_dag.py                                   0           1  1.41s           2026-03-22T23:09:44                       5
/home/ec2-user/environment/lab4_model_training/dags/generate_data_dag.py                                 1           0  1.31s           2026-03-22T23:09:50                      10
================================================================================
[2026-03-22T23:10:22.266+0000] {manager.py:997} INFO - 
================================================================================
DAG File Processing Stats

File Path                                                                       PID    Runtime      # DAGs    # Errors  Last Runtime    Last Run               Last # of DB Queries
------------------------------------------------------------------------------  -----  ---------  --------  ----------  --------------  -------------------  ----------------------
/home/ec2-user/environment/lab4_model_training/dags/ml_training_pipeline_v2.py                           1           0  1.41s           2026-03-22T23:10:11                      32
/home/ec2-user/environment/lab4_model_training/dags/ml_pipeline_dag.py                                   1           0  1.41s           2026-03-22T23:10:06                      10
/home/ec2-user/environment/lab4_model_training/dags/train_model_dag.py                                   0           1  1.41s           2026-03-22T23:10:16                       5
/home/ec2-user/environment/lab4_model_training/dags/generate_data_dag.py                                 1           0  1.31s           2026-03-22T23:10:22                      10
================================================================================
[2026-03-22T23:10:53.858+0000] {manager.py:997} INFO - 
================================================================================
DAG File Processing Stats

File Path                                                                       PID    Runtime      # DAGs    # Errors  Last Runtime    Last Run               Last # of DB Queries
------------------------------------------------------------------------------  -----  ---------  --------  ----------  --------------  -------------------  ----------------------
/home/ec2-user/environment/lab4_model_training/dags/ml_training_pipeline_v2.py                           1           0  1.41s           2026-03-22T23:10:43                      10
/home/ec2-user/environment/lab4_model_training/dags/ml_pipeline_dag.py                                   1           0  1.41s           2026-03-22T23:10:37                       9
/home/ec2-user/environment/lab4_model_training/dags/train_model_dag.py                                   0           1  1.41s           2026-03-22T23:10:47                       5
/home/ec2-user/environment/lab4_model_training/dags/generate_data_dag.py                                 1           0  1.31s           2026-03-22T23:10:53                      10
================================================================================
[2026-03-22T23:11:25.450+0000] {manager.py:997} INFO - 
================================================================================
DAG File Processing Stats

File Path                                                                       PID    Runtime      # DAGs    # Errors  Last Runtime    Last Run               Last # of DB Queries
------------------------------------------------------------------------------  -----  ---------  --------  ----------  --------------  -------------------  ----------------------
/home/ec2-user/environment/lab4_model_training/dags/ml_training_pipeline_v2.py                           1           0  1.41s           2026-03-22T23:11:14                       9
/home/ec2-user/environment/lab4_model_training/dags/ml_pipeline_dag.py                                   1           0  1.41s           2026-03-22T23:11:09                      32
/home/ec2-user/environment/lab4_model_training/dags/train_model_dag.py                                   0           1  1.41s           2026-03-22T23:11:19                       5
/home/ec2-user/environment/lab4_model_training/dags/generate_data_dag.py                                 1           0  1.31s           2026-03-22T23:11:25                      10
================================================================================
[2026-03-22T23:11:57.040+0000] {manager.py:997} INFO - 
================================================================================
DAG File Processing Stats

File Path                                                                       PID    Runtime      # DAGs    # Errors  Last Runtime    Last Run               Last # of DB Queries
------------------------------------------------------------------------------  -----  ---------  --------  ----------  --------------  -------------------  ----------------------
/home/ec2-user/environment/lab4_model_training/dags/ml_training_pipeline_v2.py                           1           0  1.41s           2026-03-22T23:11:46                      32
/home/ec2-user/environment/lab4_model_training/dags/ml_pipeline_dag.py                                   1           0  1.41s           2026-03-22T23:11:41                      10
/home/ec2-user/environment/lab4_model_training/dags/train_model_dag.py                                   0           1  1.41s           2026-03-22T23:11:51                       5
/home/ec2-user/environment/lab4_model_training/dags/generate_data_dag.py                                 1           0  1.31s           2026-03-22T23:11:57                      10
================================================================================
[2026-03-22T23:12:13.679+0000] {manager.py:821} INFO - Searching for files in /home/ec2-user/environment/lab4_model_training/dags
[2026-03-22T23:12:13.681+0000] {manager.py:824} INFO - There are 4 files in /home/ec2-user/environment/lab4_model_training/dags
[2026-03-22T23:12:28.642+0000] {manager.py:997} INFO - 
================================================================================
DAG File Processing Stats

File Path                                                                       PID    Runtime      # DAGs    # Errors  Last Runtime    Last Run               Last # of DB Queries
------------------------------------------------------------------------------  -----  ---------  --------  ----------  --------------  -------------------  ----------------------
/home/ec2-user/environment/lab4_model_training/dags/train_model_dag.py                                   0           1  1.41s           2026-03-22T23:12:22                       5
/home/ec2-user/environment/lab4_model_training/dags/ml_training_pipeline_v2.py                           1           0  1.41s           2026-03-22T23:12:18                      10
/home/ec2-user/environment/lab4_model_training/dags/ml_pipeline_dag.py                                   1           0  1.41s           2026-03-22T23:12:12                       9
/home/ec2-user/environment/lab4_model_training/dags/generate_data_dag.py                                 1           0  1.31s           2026-03-22T23:12:28                      10
================================================================================
[2026-03-22T23:13:00.244+0000] {manager.py:997} INFO - 
================================================================================
DAG File Processing Stats

File Path                                                                       PID    Runtime      # DAGs    # Errors  Last Runtime    Last Run               Last # of DB Queries
------------------------------------------------------------------------------  -----  ---------  --------  ----------  --------------  -------------------  ----------------------
/home/ec2-user/environment/lab4_model_training/dags/ml_pipeline_dag.py                                   1           0  1.41s           2026-03-22T23:12:44                      32
/home/ec2-user/environment/lab4_model_training/dags/train_model_dag.py                                   0           1  1.41s           2026-03-22T23:12:54                       5
/home/ec2-user/environment/lab4_model_training/dags/ml_training_pipeline_v2.py                           1           0  1.41s           2026-03-22T23:12:49                       9
/home/ec2-user/environment/lab4_model_training/dags/generate_data_dag.py                                 1           0  1.31s           2026-03-22T23:13:00                      10
================================================================================
[2026-03-22T23:13:32.456+0000] {manager.py:997} INFO - 
================================================================================
DAG File Processing Stats

File Path                                                                       PID    Runtime      # DAGs    # Errors  Last Runtime    Last Run               Last # of DB Queries
------------------------------------------------------------------------------  -----  ---------  --------  ----------  --------------  -------------------  ----------------------
/home/ec2-user/environment/lab4_model_training/dags/ml_training_pipeline_v2.py                           1           0  2.51s           2026-03-22T23:13:15                      32
/home/ec2-user/environment/lab4_model_training/dags/ml_pipeline_dag.py                                   1           0  2.42s           2026-03-22T23:13:22                       9
/home/ec2-user/environment/lab4_model_training/dags/train_model_dag.py                                   0           1  2.21s           2026-03-22T23:13:19                       5
/home/ec2-user/environment/lab4_model_training/dags/generate_data_dag.py                                 1           0  1.71s           2026-03-22T23:13:32                      10
================================================================================
[2026-03-22T23:14:04.039+0000] {manager.py:997} INFO - 
================================================================================
DAG File Processing Stats

File Path                                                                       PID    Runtime      # DAGs    # Errors  Last Runtime    Last Run               Last # of DB Queries
------------------------------------------------------------------------------  -----  ---------  --------  ----------  --------------  -------------------  ----------------------
/home/ec2-user/environment/lab4_model_training/dags/ml_pipeline_dag.py                                   1           0  1.71s           2026-03-22T23:13:54                      32
/home/ec2-user/environment/lab4_model_training/dags/generate_data_dag.py                                 1           0  1.51s           2026-03-22T23:14:04                      10
/home/ec2-user/environment/lab4_model_training/dags/ml_training_pipeline_v2.py                           1           0  1.41s           2026-03-22T23:13:47                      10
/home/ec2-user/environment/lab4_model_training/dags/train_model_dag.py                                   0           1  1.41s           2026-03-22T23:13:51                       5
================================================================================
