[2026-03-22T21:39:27.447+0000] {processor.py:186} INFO - Started process (PID=2888) to work on /home/ec2-user/environment/lab4_model_training/dags/generate_data_dag.py
[2026-03-22T21:39:27.448+0000] {processor.py:914} INFO - Processing file /home/ec2-user/environment/lab4_model_training/dags/generate_data_dag.py for tasks to queue
[2026-03-22T21:39:27.449+0000] {logging_mixin.py:190} INFO - [2026-03-22T21:39:27.449+0000] {dagbag.py:588} INFO - Filling up the DagBag from /home/ec2-user/environment/lab4_model_training/dags/generate_data_dag.py
[2026-03-22T21:39:29.970+0000] {processor.py:925} INFO - DAG(s) 'generate_data_only' retrieved from /home/ec2-user/environment/lab4_model_training/dags/generate_data_dag.py
[2026-03-22T21:39:30.062+0000] {logging_mixin.py:190} INFO - [2026-03-22T21:39:30.062+0000] {override.py:1930} INFO - Created Permission View: can read on DAG:generate_data_only
[2026-03-22T21:39:30.075+0000] {logging_mixin.py:190} INFO - [2026-03-22T21:39:30.074+0000] {override.py:1930} INFO - Created Permission View: can edit on DAG:generate_data_only
[2026-03-22T21:39:30.084+0000] {logging_mixin.py:190} INFO - [2026-03-22T21:39:30.084+0000] {override.py:1930} INFO - Created Permission View: can delete on DAG:generate_data_only
[2026-03-22T21:39:30.099+0000] {logging_mixin.py:190} INFO - [2026-03-22T21:39:30.098+0000] {override.py:1930} INFO - Created Permission View: can read on DAG Run:generate_data_only
[2026-03-22T21:39:30.108+0000] {logging_mixin.py:190} INFO - [2026-03-22T21:39:30.108+0000] {override.py:1930} INFO - Created Permission View: can delete on DAG Run:generate_data_only
[2026-03-22T21:39:30.117+0000] {logging_mixin.py:190} INFO - [2026-03-22T21:39:30.116+0000] {override.py:1930} INFO - Created Permission View: menu access on DAG Run:generate_data_only
[2026-03-22T21:39:30.125+0000] {logging_mixin.py:190} INFO - [2026-03-22T21:39:30.125+0000] {override.py:1930} INFO - Created Permission View: can create on DAG Run:generate_data_only
[2026-03-22T21:39:30.126+0000] {logging_mixin.py:190} INFO - [2026-03-22T21:39:30.126+0000] {dag.py:3239} INFO - Sync 1 DAGs
[2026-03-22T21:39:30.140+0000] {logging_mixin.py:190} INFO - [2026-03-22T21:39:30.140+0000] {dag.py:3262} INFO - Creating ORM DAG for generate_data_only
[2026-03-22T21:39:30.141+0000] {logging_mixin.py:190} INFO - [2026-03-22T21:39:30.141+0000] {dag.py:4180} INFO - Setting next_dagrun for generate_data_only to None, run_after=None
[2026-03-22T21:39:30.160+0000] {processor.py:208} INFO - Processing /home/ec2-user/environment/lab4_model_training/dags/generate_data_dag.py took 2.717 seconds
[2026-03-22T21:40:00.283+0000] {processor.py:186} INFO - Started process (PID=3005) to work on /home/ec2-user/environment/lab4_model_training/dags/generate_data_dag.py
[2026-03-22T21:40:00.284+0000] {processor.py:914} INFO - Processing file /home/ec2-user/environment/lab4_model_training/dags/generate_data_dag.py for tasks to queue
[2026-03-22T21:40:00.285+0000] {logging_mixin.py:190} INFO - [2026-03-22T21:40:00.285+0000] {dagbag.py:588} INFO - Filling up the DagBag from /home/ec2-user/environment/lab4_model_training/dags/generate_data_dag.py
[2026-03-22T21:40:01.640+0000] {processor.py:925} INFO - DAG(s) 'generate_data_only' retrieved from /home/ec2-user/environment/lab4_model_training/dags/generate_data_dag.py
[2026-03-22T21:40:01.653+0000] {logging_mixin.py:190} INFO - [2026-03-22T21:40:01.653+0000] {dag.py:3239} INFO - Sync 1 DAGs
[2026-03-22T21:40:01.663+0000] {logging_mixin.py:190} INFO - [2026-03-22T21:40:01.663+0000] {dag.py:4180} INFO - Setting next_dagrun for generate_data_only to None, run_after=None
[2026-03-22T21:40:01.682+0000] {processor.py:208} INFO - Processing /home/ec2-user/environment/lab4_model_training/dags/generate_data_dag.py took 1.403 seconds
[2026-03-22T21:40:32.004+0000] {processor.py:186} INFO - Started process (PID=3048) to work on /home/ec2-user/environment/lab4_model_training/dags/generate_data_dag.py
[2026-03-22T21:40:32.005+0000] {processor.py:914} INFO - Processing file /home/ec2-user/environment/lab4_model_training/dags/generate_data_dag.py for tasks to queue
[2026-03-22T21:40:32.006+0000] {logging_mixin.py:190} INFO - [2026-03-22T21:40:32.006+0000] {dagbag.py:588} INFO - Filling up the DagBag from /home/ec2-user/environment/lab4_model_training/dags/generate_data_dag.py
[2026-03-22T21:40:33.336+0000] {processor.py:925} INFO - DAG(s) 'generate_data_only' retrieved from /home/ec2-user/environment/lab4_model_training/dags/generate_data_dag.py
[2026-03-22T21:40:33.349+0000] {logging_mixin.py:190} INFO - [2026-03-22T21:40:33.349+0000] {dag.py:3239} INFO - Sync 1 DAGs
[2026-03-22T21:40:33.360+0000] {logging_mixin.py:190} INFO - [2026-03-22T21:40:33.360+0000] {dag.py:4180} INFO - Setting next_dagrun for generate_data_only to None, run_after=None
[2026-03-22T21:40:33.379+0000] {processor.py:208} INFO - Processing /home/ec2-user/environment/lab4_model_training/dags/generate_data_dag.py took 1.380 seconds
[2026-03-22T21:41:04.323+0000] {processor.py:186} INFO - Started process (PID=3089) to work on /home/ec2-user/environment/lab4_model_training/dags/generate_data_dag.py
[2026-03-22T21:41:04.325+0000] {processor.py:914} INFO - Processing file /home/ec2-user/environment/lab4_model_training/dags/generate_data_dag.py for tasks to queue
[2026-03-22T21:41:04.326+0000] {logging_mixin.py:190} INFO - [2026-03-22T21:41:04.326+0000] {dagbag.py:588} INFO - Filling up the DagBag from /home/ec2-user/environment/lab4_model_training/dags/generate_data_dag.py
[2026-03-22T21:41:05.676+0000] {processor.py:925} INFO - DAG(s) 'generate_data_only' retrieved from /home/ec2-user/environment/lab4_model_training/dags/generate_data_dag.py
[2026-03-22T21:41:05.693+0000] {logging_mixin.py:190} INFO - [2026-03-22T21:41:05.692+0000] {dag.py:3239} INFO - Sync 1 DAGs
[2026-03-22T21:41:05.703+0000] {logging_mixin.py:190} INFO - [2026-03-22T21:41:05.703+0000] {dag.py:4180} INFO - Setting next_dagrun for generate_data_only to None, run_after=None
[2026-03-22T21:41:05.721+0000] {processor.py:208} INFO - Processing /home/ec2-user/environment/lab4_model_training/dags/generate_data_dag.py took 1.402 seconds
[2026-03-22T21:41:36.635+0000] {processor.py:186} INFO - Started process (PID=3122) to work on /home/ec2-user/environment/lab4_model_training/dags/generate_data_dag.py
[2026-03-22T21:41:36.636+0000] {processor.py:914} INFO - Processing file /home/ec2-user/environment/lab4_model_training/dags/generate_data_dag.py for tasks to queue
[2026-03-22T21:41:36.637+0000] {logging_mixin.py:190} INFO - [2026-03-22T21:41:36.637+0000] {dagbag.py:588} INFO - Filling up the DagBag from /home/ec2-user/environment/lab4_model_training/dags/generate_data_dag.py
[2026-03-22T21:41:37.991+0000] {processor.py:925} INFO - DAG(s) 'generate_data_only' retrieved from /home/ec2-user/environment/lab4_model_training/dags/generate_data_dag.py
[2026-03-22T21:41:38.005+0000] {logging_mixin.py:190} INFO - [2026-03-22T21:41:38.005+0000] {dag.py:3239} INFO - Sync 1 DAGs
[2026-03-22T21:41:38.014+0000] {logging_mixin.py:190} INFO - [2026-03-22T21:41:38.014+0000] {dag.py:4180} INFO - Setting next_dagrun for generate_data_only to None, run_after=None
[2026-03-22T21:41:38.032+0000] {processor.py:208} INFO - Processing /home/ec2-user/environment/lab4_model_training/dags/generate_data_dag.py took 1.401 seconds
[2026-03-22T21:42:08.468+0000] {processor.py:186} INFO - Started process (PID=3206) to work on /home/ec2-user/environment/lab4_model_training/dags/generate_data_dag.py
[2026-03-22T21:42:08.469+0000] {processor.py:914} INFO - Processing file /home/ec2-user/environment/lab4_model_training/dags/generate_data_dag.py for tasks to queue
[2026-03-22T21:42:08.470+0000] {logging_mixin.py:190} INFO - [2026-03-22T21:42:08.470+0000] {dagbag.py:588} INFO - Filling up the DagBag from /home/ec2-user/environment/lab4_model_training/dags/generate_data_dag.py
[2026-03-22T21:42:09.823+0000] {processor.py:925} INFO - DAG(s) 'generate_data_only' retrieved from /home/ec2-user/environment/lab4_model_training/dags/generate_data_dag.py
[2026-03-22T21:42:09.838+0000] {logging_mixin.py:190} INFO - [2026-03-22T21:42:09.837+0000] {dag.py:3239} INFO - Sync 1 DAGs
[2026-03-22T21:42:09.847+0000] {logging_mixin.py:190} INFO - [2026-03-22T21:42:09.847+0000] {dag.py:4180} INFO - Setting next_dagrun for generate_data_only to None, run_after=None
[2026-03-22T21:42:09.865+0000] {processor.py:208} INFO - Processing /home/ec2-user/environment/lab4_model_training/dags/generate_data_dag.py took 1.401 seconds
[2026-03-22T21:42:40.238+0000] {processor.py:186} INFO - Started process (PID=3239) to work on /home/ec2-user/environment/lab4_model_training/dags/generate_data_dag.py
[2026-03-22T21:42:40.239+0000] {processor.py:914} INFO - Processing file /home/ec2-user/environment/lab4_model_training/dags/generate_data_dag.py for tasks to queue
[2026-03-22T21:42:40.241+0000] {logging_mixin.py:190} INFO - [2026-03-22T21:42:40.240+0000] {dagbag.py:588} INFO - Filling up the DagBag from /home/ec2-user/environment/lab4_model_training/dags/generate_data_dag.py
[2026-03-22T21:42:41.600+0000] {processor.py:925} INFO - DAG(s) 'generate_data_only' retrieved from /home/ec2-user/environment/lab4_model_training/dags/generate_data_dag.py
[2026-03-22T21:42:41.613+0000] {logging_mixin.py:190} INFO - [2026-03-22T21:42:41.613+0000] {dag.py:3239} INFO - Sync 1 DAGs
[2026-03-22T21:42:41.623+0000] {logging_mixin.py:190} INFO - [2026-03-22T21:42:41.623+0000] {dag.py:4180} INFO - Setting next_dagrun for generate_data_only to None, run_after=None
[2026-03-22T21:42:41.641+0000] {processor.py:208} INFO - Processing /home/ec2-user/environment/lab4_model_training/dags/generate_data_dag.py took 1.407 seconds
[2026-03-22T21:43:11.970+0000] {processor.py:186} INFO - Started process (PID=3275) to work on /home/ec2-user/environment/lab4_model_training/dags/generate_data_dag.py
[2026-03-22T21:43:11.971+0000] {processor.py:914} INFO - Processing file /home/ec2-user/environment/lab4_model_training/dags/generate_data_dag.py for tasks to queue
[2026-03-22T21:43:11.973+0000] {logging_mixin.py:190} INFO - [2026-03-22T21:43:11.972+0000] {dagbag.py:588} INFO - Filling up the DagBag from /home/ec2-user/environment/lab4_model_training/dags/generate_data_dag.py
[2026-03-22T21:43:13.339+0000] {processor.py:925} INFO - DAG(s) 'generate_data_only' retrieved from /home/ec2-user/environment/lab4_model_training/dags/generate_data_dag.py
[2026-03-22T21:43:13.352+0000] {logging_mixin.py:190} INFO - [2026-03-22T21:43:13.352+0000] {dag.py:3239} INFO - Sync 1 DAGs
[2026-03-22T21:43:13.361+0000] {logging_mixin.py:190} INFO - [2026-03-22T21:43:13.361+0000] {dag.py:4180} INFO - Setting next_dagrun for generate_data_only to None, run_after=None
[2026-03-22T21:43:13.380+0000] {processor.py:208} INFO - Processing /home/ec2-user/environment/lab4_model_training/dags/generate_data_dag.py took 1.415 seconds
[2026-03-22T21:43:43.658+0000] {processor.py:186} INFO - Started process (PID=3298) to work on /home/ec2-user/environment/lab4_model_training/dags/generate_data_dag.py
[2026-03-22T21:43:43.659+0000] {processor.py:914} INFO - Processing file /home/ec2-user/environment/lab4_model_training/dags/generate_data_dag.py for tasks to queue
[2026-03-22T21:43:43.660+0000] {logging_mixin.py:190} INFO - [2026-03-22T21:43:43.660+0000] {dagbag.py:588} INFO - Filling up the DagBag from /home/ec2-user/environment/lab4_model_training/dags/generate_data_dag.py
[2026-03-22T21:43:45.006+0000] {processor.py:925} INFO - DAG(s) 'generate_data_only' retrieved from /home/ec2-user/environment/lab4_model_training/dags/generate_data_dag.py
[2026-03-22T21:43:45.019+0000] {logging_mixin.py:190} INFO - [2026-03-22T21:43:45.019+0000] {dag.py:3239} INFO - Sync 1 DAGs
[2026-03-22T21:43:45.029+0000] {logging_mixin.py:190} INFO - [2026-03-22T21:43:45.029+0000] {dag.py:4180} INFO - Setting next_dagrun for generate_data_only to None, run_after=None
[2026-03-22T21:43:45.048+0000] {processor.py:208} INFO - Processing /home/ec2-user/environment/lab4_model_training/dags/generate_data_dag.py took 1.394 seconds
[2026-03-22T21:44:15.413+0000] {processor.py:186} INFO - Started process (PID=3449) to work on /home/ec2-user/environment/lab4_model_training/dags/generate_data_dag.py
[2026-03-22T21:44:15.414+0000] {processor.py:914} INFO - Processing file /home/ec2-user/environment/lab4_model_training/dags/generate_data_dag.py for tasks to queue
[2026-03-22T21:44:15.416+0000] {logging_mixin.py:190} INFO - [2026-03-22T21:44:15.415+0000] {dagbag.py:588} INFO - Filling up the DagBag from /home/ec2-user/environment/lab4_model_training/dags/generate_data_dag.py
[2026-03-22T21:44:17.779+0000] {processor.py:925} INFO - DAG(s) 'generate_data_only' retrieved from /home/ec2-user/environment/lab4_model_training/dags/generate_data_dag.py
[2026-03-22T21:44:17.800+0000] {logging_mixin.py:190} INFO - [2026-03-22T21:44:17.800+0000] {dag.py:3239} INFO - Sync 1 DAGs
[2026-03-22T21:44:17.817+0000] {logging_mixin.py:190} INFO - [2026-03-22T21:44:17.817+0000] {dag.py:4180} INFO - Setting next_dagrun for generate_data_only to None, run_after=None
[2026-03-22T21:44:17.851+0000] {processor.py:208} INFO - Processing /home/ec2-user/environment/lab4_model_training/dags/generate_data_dag.py took 2.454 seconds
[2026-03-22T21:44:48.411+0000] {processor.py:186} INFO - Started process (PID=3483) to work on /home/ec2-user/environment/lab4_model_training/dags/generate_data_dag.py
[2026-03-22T21:44:48.412+0000] {processor.py:914} INFO - Processing file /home/ec2-user/environment/lab4_model_training/dags/generate_data_dag.py for tasks to queue
[2026-03-22T21:44:48.414+0000] {logging_mixin.py:190} INFO - [2026-03-22T21:44:48.413+0000] {dagbag.py:588} INFO - Filling up the DagBag from /home/ec2-user/environment/lab4_model_training/dags/generate_data_dag.py
[2026-03-22T21:44:49.768+0000] {processor.py:925} INFO - DAG(s) 'generate_data_only' retrieved from /home/ec2-user/environment/lab4_model_training/dags/generate_data_dag.py
[2026-03-22T21:44:49.781+0000] {logging_mixin.py:190} INFO - [2026-03-22T21:44:49.781+0000] {dag.py:3239} INFO - Sync 1 DAGs
[2026-03-22T21:44:49.792+0000] {logging_mixin.py:190} INFO - [2026-03-22T21:44:49.792+0000] {dag.py:4180} INFO - Setting next_dagrun for generate_data_only to None, run_after=None
[2026-03-22T21:44:49.811+0000] {processor.py:208} INFO - Processing /home/ec2-user/environment/lab4_model_training/dags/generate_data_dag.py took 1.404 seconds
[2026-03-22T21:45:20.140+0000] {processor.py:186} INFO - Started process (PID=3575) to work on /home/ec2-user/environment/lab4_model_training/dags/generate_data_dag.py
[2026-03-22T21:45:20.142+0000] {processor.py:914} INFO - Processing file /home/ec2-user/environment/lab4_model_training/dags/generate_data_dag.py for tasks to queue
[2026-03-22T21:45:20.143+0000] {logging_mixin.py:190} INFO - [2026-03-22T21:45:20.142+0000] {dagbag.py:588} INFO - Filling up the DagBag from /home/ec2-user/environment/lab4_model_training/dags/generate_data_dag.py
[2026-03-22T21:45:21.499+0000] {processor.py:925} INFO - DAG(s) 'generate_data_only' retrieved from /home/ec2-user/environment/lab4_model_training/dags/generate_data_dag.py
[2026-03-22T21:45:21.514+0000] {logging_mixin.py:190} INFO - [2026-03-22T21:45:21.514+0000] {dag.py:3239} INFO - Sync 1 DAGs
[2026-03-22T21:45:21.525+0000] {logging_mixin.py:190} INFO - [2026-03-22T21:45:21.525+0000] {dag.py:4180} INFO - Setting next_dagrun for generate_data_only to None, run_after=None
[2026-03-22T21:45:21.545+0000] {processor.py:208} INFO - Processing /home/ec2-user/environment/lab4_model_training/dags/generate_data_dag.py took 1.410 seconds
[2026-03-22T21:45:51.844+0000] {processor.py:186} INFO - Started process (PID=3608) to work on /home/ec2-user/environment/lab4_model_training/dags/generate_data_dag.py
[2026-03-22T21:45:51.845+0000] {processor.py:914} INFO - Processing file /home/ec2-user/environment/lab4_model_training/dags/generate_data_dag.py for tasks to queue
[2026-03-22T21:45:51.846+0000] {logging_mixin.py:190} INFO - [2026-03-22T21:45:51.846+0000] {dagbag.py:588} INFO - Filling up the DagBag from /home/ec2-user/environment/lab4_model_training/dags/generate_data_dag.py
[2026-03-22T21:45:53.201+0000] {processor.py:925} INFO - DAG(s) 'generate_data_only' retrieved from /home/ec2-user/environment/lab4_model_training/dags/generate_data_dag.py
[2026-03-22T21:45:53.215+0000] {logging_mixin.py:190} INFO - [2026-03-22T21:45:53.215+0000] {dag.py:3239} INFO - Sync 1 DAGs
[2026-03-22T21:45:53.225+0000] {logging_mixin.py:190} INFO - [2026-03-22T21:45:53.224+0000] {dag.py:4180} INFO - Setting next_dagrun for generate_data_only to None, run_after=None
[2026-03-22T21:45:53.252+0000] {processor.py:208} INFO - Processing /home/ec2-user/environment/lab4_model_training/dags/generate_data_dag.py took 1.412 seconds
[2026-03-22T21:46:24.134+0000] {processor.py:186} INFO - Started process (PID=3653) to work on /home/ec2-user/environment/lab4_model_training/dags/generate_data_dag.py
[2026-03-22T21:46:24.135+0000] {processor.py:914} INFO - Processing file /home/ec2-user/environment/lab4_model_training/dags/generate_data_dag.py for tasks to queue
[2026-03-22T21:46:24.136+0000] {logging_mixin.py:190} INFO - [2026-03-22T21:46:24.136+0000] {dagbag.py:588} INFO - Filling up the DagBag from /home/ec2-user/environment/lab4_model_training/dags/generate_data_dag.py
[2026-03-22T21:46:25.453+0000] {processor.py:925} INFO - DAG(s) 'generate_data_only' retrieved from /home/ec2-user/environment/lab4_model_training/dags/generate_data_dag.py
[2026-03-22T21:46:25.467+0000] {logging_mixin.py:190} INFO - [2026-03-22T21:46:25.467+0000] {dag.py:3239} INFO - Sync 1 DAGs
[2026-03-22T21:46:25.476+0000] {logging_mixin.py:190} INFO - [2026-03-22T21:46:25.476+0000] {dag.py:4180} INFO - Setting next_dagrun for generate_data_only to None, run_after=None
[2026-03-22T21:46:25.495+0000] {processor.py:208} INFO - Processing /home/ec2-user/environment/lab4_model_training/dags/generate_data_dag.py took 1.366 seconds
[2026-03-22T21:46:55.607+0000] {processor.py:186} INFO - Started process (PID=3682) to work on /home/ec2-user/environment/lab4_model_training/dags/generate_data_dag.py
[2026-03-22T21:46:55.608+0000] {processor.py:914} INFO - Processing file /home/ec2-user/environment/lab4_model_training/dags/generate_data_dag.py for tasks to queue
[2026-03-22T21:46:55.609+0000] {logging_mixin.py:190} INFO - [2026-03-22T21:46:55.609+0000] {dagbag.py:588} INFO - Filling up the DagBag from /home/ec2-user/environment/lab4_model_training/dags/generate_data_dag.py
[2026-03-22T21:46:56.971+0000] {processor.py:925} INFO - DAG(s) 'generate_data_only' retrieved from /home/ec2-user/environment/lab4_model_training/dags/generate_data_dag.py
[2026-03-22T21:46:56.984+0000] {logging_mixin.py:190} INFO - [2026-03-22T21:46:56.983+0000] {dag.py:3239} INFO - Sync 1 DAGs
[2026-03-22T21:46:56.993+0000] {logging_mixin.py:190} INFO - [2026-03-22T21:46:56.993+0000] {dag.py:4180} INFO - Setting next_dagrun for generate_data_only to None, run_after=None
[2026-03-22T21:46:57.010+0000] {processor.py:208} INFO - Processing /home/ec2-user/environment/lab4_model_training/dags/generate_data_dag.py took 1.407 seconds
[2026-03-22T21:47:27.102+0000] {processor.py:186} INFO - Started process (PID=3787) to work on /home/ec2-user/environment/lab4_model_training/dags/generate_data_dag.py
[2026-03-22T21:47:27.103+0000] {processor.py:914} INFO - Processing file /home/ec2-user/environment/lab4_model_training/dags/generate_data_dag.py for tasks to queue
[2026-03-22T21:47:27.104+0000] {logging_mixin.py:190} INFO - [2026-03-22T21:47:27.104+0000] {dagbag.py:588} INFO - Filling up the DagBag from /home/ec2-user/environment/lab4_model_training/dags/generate_data_dag.py
[2026-03-22T21:47:28.436+0000] {processor.py:925} INFO - DAG(s) 'generate_data_only' retrieved from /home/ec2-user/environment/lab4_model_training/dags/generate_data_dag.py
[2026-03-22T21:47:28.449+0000] {logging_mixin.py:190} INFO - [2026-03-22T21:47:28.449+0000] {dag.py:3239} INFO - Sync 1 DAGs
[2026-03-22T21:47:28.459+0000] {logging_mixin.py:190} INFO - [2026-03-22T21:47:28.458+0000] {dag.py:4180} INFO - Setting next_dagrun for generate_data_only to None, run_after=None
[2026-03-22T21:47:28.476+0000] {processor.py:208} INFO - Processing /home/ec2-user/environment/lab4_model_training/dags/generate_data_dag.py took 1.381 seconds
[2026-03-22T21:47:58.571+0000] {processor.py:186} INFO - Started process (PID=3815) to work on /home/ec2-user/environment/lab4_model_training/dags/generate_data_dag.py
[2026-03-22T21:47:58.573+0000] {processor.py:914} INFO - Processing file /home/ec2-user/environment/lab4_model_training/dags/generate_data_dag.py for tasks to queue
[2026-03-22T21:47:58.574+0000] {logging_mixin.py:190} INFO - [2026-03-22T21:47:58.574+0000] {dagbag.py:588} INFO - Filling up the DagBag from /home/ec2-user/environment/lab4_model_training/dags/generate_data_dag.py
[2026-03-22T21:47:59.896+0000] {processor.py:925} INFO - DAG(s) 'generate_data_only' retrieved from /home/ec2-user/environment/lab4_model_training/dags/generate_data_dag.py
[2026-03-22T21:47:59.909+0000] {logging_mixin.py:190} INFO - [2026-03-22T21:47:59.909+0000] {dag.py:3239} INFO - Sync 1 DAGs
[2026-03-22T21:47:59.918+0000] {logging_mixin.py:190} INFO - [2026-03-22T21:47:59.918+0000] {dag.py:4180} INFO - Setting next_dagrun for generate_data_only to None, run_after=None
[2026-03-22T21:47:59.935+0000] {processor.py:208} INFO - Processing /home/ec2-user/environment/lab4_model_training/dags/generate_data_dag.py took 1.369 seconds
[2026-03-22T21:48:30.150+0000] {processor.py:186} INFO - Started process (PID=3850) to work on /home/ec2-user/environment/lab4_model_training/dags/generate_data_dag.py
[2026-03-22T21:48:30.151+0000] {processor.py:914} INFO - Processing file /home/ec2-user/environment/lab4_model_training/dags/generate_data_dag.py for tasks to queue
[2026-03-22T21:48:30.152+0000] {logging_mixin.py:190} INFO - [2026-03-22T21:48:30.152+0000] {dagbag.py:588} INFO - Filling up the DagBag from /home/ec2-user/environment/lab4_model_training/dags/generate_data_dag.py
[2026-03-22T21:48:31.402+0000] {processor.py:925} INFO - DAG(s) 'generate_data_only' retrieved from /home/ec2-user/environment/lab4_model_training/dags/generate_data_dag.py
[2026-03-22T21:48:31.415+0000] {logging_mixin.py:190} INFO - [2026-03-22T21:48:31.415+0000] {dag.py:3239} INFO - Sync 1 DAGs
[2026-03-22T21:48:31.428+0000] {logging_mixin.py:190} INFO - [2026-03-22T21:48:31.428+0000] {dag.py:4180} INFO - Setting next_dagrun for generate_data_only to None, run_after=None
[2026-03-22T21:48:31.446+0000] {processor.py:208} INFO - Processing /home/ec2-user/environment/lab4_model_training/dags/generate_data_dag.py took 1.300 seconds
[2026-03-22T21:49:01.623+0000] {processor.py:186} INFO - Started process (PID=3956) to work on /home/ec2-user/environment/lab4_model_training/dags/generate_data_dag.py
[2026-03-22T21:49:01.624+0000] {processor.py:914} INFO - Processing file /home/ec2-user/environment/lab4_model_training/dags/generate_data_dag.py for tasks to queue
[2026-03-22T21:49:01.626+0000] {logging_mixin.py:190} INFO - [2026-03-22T21:49:01.625+0000] {dagbag.py:588} INFO - Filling up the DagBag from /home/ec2-user/environment/lab4_model_training/dags/generate_data_dag.py
[2026-03-22T21:49:02.879+0000] {processor.py:925} INFO - DAG(s) 'generate_data_only' retrieved from /home/ec2-user/environment/lab4_model_training/dags/generate_data_dag.py
[2026-03-22T21:49:02.892+0000] {logging_mixin.py:190} INFO - [2026-03-22T21:49:02.892+0000] {dag.py:3239} INFO - Sync 1 DAGs
[2026-03-22T21:49:02.901+0000] {logging_mixin.py:190} INFO - [2026-03-22T21:49:02.901+0000] {dag.py:4180} INFO - Setting next_dagrun for generate_data_only to None, run_after=None
[2026-03-22T21:49:02.920+0000] {processor.py:208} INFO - Processing /home/ec2-user/environment/lab4_model_training/dags/generate_data_dag.py took 1.301 seconds
[2026-03-22T21:49:33.068+0000] {processor.py:186} INFO - Started process (PID=3983) to work on /home/ec2-user/environment/lab4_model_training/dags/generate_data_dag.py
[2026-03-22T21:49:33.069+0000] {processor.py:914} INFO - Processing file /home/ec2-user/environment/lab4_model_training/dags/generate_data_dag.py for tasks to queue
[2026-03-22T21:49:33.070+0000] {logging_mixin.py:190} INFO - [2026-03-22T21:49:33.070+0000] {dagbag.py:588} INFO - Filling up the DagBag from /home/ec2-user/environment/lab4_model_training/dags/generate_data_dag.py
[2026-03-22T21:49:34.303+0000] {processor.py:925} INFO - DAG(s) 'generate_data_only' retrieved from /home/ec2-user/environment/lab4_model_training/dags/generate_data_dag.py
[2026-03-22T21:49:34.316+0000] {logging_mixin.py:190} INFO - [2026-03-22T21:49:34.316+0000] {dag.py:3239} INFO - Sync 1 DAGs
[2026-03-22T21:49:34.326+0000] {logging_mixin.py:190} INFO - [2026-03-22T21:49:34.326+0000] {dag.py:4180} INFO - Setting next_dagrun for generate_data_only to None, run_after=None
[2026-03-22T21:49:34.344+0000] {processor.py:208} INFO - Processing /home/ec2-user/environment/lab4_model_training/dags/generate_data_dag.py took 1.281 seconds
[2026-03-22T21:50:04.432+0000] {processor.py:186} INFO - Started process (PID=4045) to work on /home/ec2-user/environment/lab4_model_training/dags/generate_data_dag.py
[2026-03-22T21:50:04.432+0000] {processor.py:914} INFO - Processing file /home/ec2-user/environment/lab4_model_training/dags/generate_data_dag.py for tasks to queue
[2026-03-22T21:50:04.434+0000] {logging_mixin.py:190} INFO - [2026-03-22T21:50:04.433+0000] {dagbag.py:588} INFO - Filling up the DagBag from /home/ec2-user/environment/lab4_model_training/dags/generate_data_dag.py
[2026-03-22T21:50:06.149+0000] {processor.py:925} INFO - DAG(s) 'generate_data_only' retrieved from /home/ec2-user/environment/lab4_model_training/dags/generate_data_dag.py
[2026-03-22T21:50:06.165+0000] {logging_mixin.py:190} INFO - [2026-03-22T21:50:06.164+0000] {dag.py:3239} INFO - Sync 1 DAGs
[2026-03-22T21:50:06.175+0000] {logging_mixin.py:190} INFO - [2026-03-22T21:50:06.175+0000] {dag.py:4180} INFO - Setting next_dagrun for generate_data_only to None, run_after=None
[2026-03-22T21:50:06.193+0000] {processor.py:208} INFO - Processing /home/ec2-user/environment/lab4_model_training/dags/generate_data_dag.py took 1.766 seconds
[2026-03-22T21:50:36.299+0000] {processor.py:186} INFO - Started process (PID=4091) to work on /home/ec2-user/environment/lab4_model_training/dags/generate_data_dag.py
[2026-03-22T21:50:36.300+0000] {processor.py:914} INFO - Processing file /home/ec2-user/environment/lab4_model_training/dags/generate_data_dag.py for tasks to queue
[2026-03-22T21:50:36.301+0000] {logging_mixin.py:190} INFO - [2026-03-22T21:50:36.301+0000] {dagbag.py:588} INFO - Filling up the DagBag from /home/ec2-user/environment/lab4_model_training/dags/generate_data_dag.py
[2026-03-22T21:50:37.540+0000] {processor.py:925} INFO - DAG(s) 'generate_data_only' retrieved from /home/ec2-user/environment/lab4_model_training/dags/generate_data_dag.py
[2026-03-22T21:50:37.554+0000] {logging_mixin.py:190} INFO - [2026-03-22T21:50:37.554+0000] {dag.py:3239} INFO - Sync 1 DAGs
[2026-03-22T21:50:37.564+0000] {logging_mixin.py:190} INFO - [2026-03-22T21:50:37.564+0000] {dag.py:4180} INFO - Setting next_dagrun for generate_data_only to None, run_after=None
[2026-03-22T21:50:37.581+0000] {processor.py:208} INFO - Processing /home/ec2-user/environment/lab4_model_training/dags/generate_data_dag.py took 1.287 seconds
[2026-03-22T21:51:07.664+0000] {processor.py:186} INFO - Started process (PID=4197) to work on /home/ec2-user/environment/lab4_model_training/dags/generate_data_dag.py
[2026-03-22T21:51:07.664+0000] {processor.py:914} INFO - Processing file /home/ec2-user/environment/lab4_model_training/dags/generate_data_dag.py for tasks to queue
[2026-03-22T21:51:07.666+0000] {logging_mixin.py:190} INFO - [2026-03-22T21:51:07.665+0000] {dagbag.py:588} INFO - Filling up the DagBag from /home/ec2-user/environment/lab4_model_training/dags/generate_data_dag.py
[2026-03-22T21:51:08.898+0000] {processor.py:925} INFO - DAG(s) 'generate_data_only' retrieved from /home/ec2-user/environment/lab4_model_training/dags/generate_data_dag.py
[2026-03-22T21:51:08.912+0000] {logging_mixin.py:190} INFO - [2026-03-22T21:51:08.911+0000] {dag.py:3239} INFO - Sync 1 DAGs
[2026-03-22T21:51:08.921+0000] {logging_mixin.py:190} INFO - [2026-03-22T21:51:08.920+0000] {dag.py:4180} INFO - Setting next_dagrun for generate_data_only to None, run_after=None
[2026-03-22T21:51:08.938+0000] {processor.py:208} INFO - Processing /home/ec2-user/environment/lab4_model_training/dags/generate_data_dag.py took 1.279 seconds
[2026-03-22T21:51:39.029+0000] {processor.py:186} INFO - Started process (PID=4266) to work on /home/ec2-user/environment/lab4_model_training/dags/generate_data_dag.py
[2026-03-22T21:51:39.030+0000] {processor.py:914} INFO - Processing file /home/ec2-user/environment/lab4_model_training/dags/generate_data_dag.py for tasks to queue
[2026-03-22T21:51:39.031+0000] {logging_mixin.py:190} INFO - [2026-03-22T21:51:39.031+0000] {dagbag.py:588} INFO - Filling up the DagBag from /home/ec2-user/environment/lab4_model_training/dags/generate_data_dag.py
[2026-03-22T21:51:40.935+0000] {processor.py:925} INFO - DAG(s) 'generate_data_only' retrieved from /home/ec2-user/environment/lab4_model_training/dags/generate_data_dag.py
[2026-03-22T21:51:40.956+0000] {logging_mixin.py:190} INFO - [2026-03-22T21:51:40.955+0000] {dag.py:3239} INFO - Sync 1 DAGs
[2026-03-22T21:51:40.970+0000] {logging_mixin.py:190} INFO - [2026-03-22T21:51:40.969+0000] {dag.py:4180} INFO - Setting next_dagrun for generate_data_only to None, run_after=None
[2026-03-22T21:51:40.994+0000] {processor.py:208} INFO - Processing /home/ec2-user/environment/lab4_model_training/dags/generate_data_dag.py took 1.970 seconds
[2026-03-22T21:51:56.084+0000] {processor.py:186} INFO - Started process (PID=4381) to work on /home/ec2-user/environment/lab4_model_training/dags/generate_data_dag.py
[2026-03-22T21:51:56.088+0000] {processor.py:914} INFO - Processing file /home/ec2-user/environment/lab4_model_training/dags/generate_data_dag.py for tasks to queue
[2026-03-22T21:51:56.091+0000] {logging_mixin.py:190} INFO - [2026-03-22T21:51:56.090+0000] {dagbag.py:588} INFO - Filling up the DagBag from /home/ec2-user/environment/lab4_model_training/dags/generate_data_dag.py
[2026-03-22T21:51:57.607+0000] {processor.py:925} INFO - DAG(s) 'generate_data_only' retrieved from /home/ec2-user/environment/lab4_model_training/dags/generate_data_dag.py
[2026-03-22T21:51:57.620+0000] {logging_mixin.py:190} INFO - [2026-03-22T21:51:57.620+0000] {dag.py:3239} INFO - Sync 1 DAGs
[2026-03-22T21:51:57.629+0000] {logging_mixin.py:190} INFO - [2026-03-22T21:51:57.629+0000] {dag.py:4180} INFO - Setting next_dagrun for generate_data_only to None, run_after=None
[2026-03-22T21:51:57.649+0000] {processor.py:208} INFO - Processing /home/ec2-user/environment/lab4_model_training/dags/generate_data_dag.py took 1.571 seconds
[2026-03-22T21:52:27.749+0000] {processor.py:186} INFO - Started process (PID=4434) to work on /home/ec2-user/environment/lab4_model_training/dags/generate_data_dag.py
[2026-03-22T21:52:27.750+0000] {processor.py:914} INFO - Processing file /home/ec2-user/environment/lab4_model_training/dags/generate_data_dag.py for tasks to queue
[2026-03-22T21:52:27.751+0000] {logging_mixin.py:190} INFO - [2026-03-22T21:52:27.751+0000] {dagbag.py:588} INFO - Filling up the DagBag from /home/ec2-user/environment/lab4_model_training/dags/generate_data_dag.py
[2026-03-22T21:52:28.983+0000] {processor.py:925} INFO - DAG(s) 'generate_data_only' retrieved from /home/ec2-user/environment/lab4_model_training/dags/generate_data_dag.py
[2026-03-22T21:52:28.996+0000] {logging_mixin.py:190} INFO - [2026-03-22T21:52:28.996+0000] {dag.py:3239} INFO - Sync 1 DAGs
[2026-03-22T21:52:29.006+0000] {logging_mixin.py:190} INFO - [2026-03-22T21:52:29.005+0000] {dag.py:4180} INFO - Setting next_dagrun for generate_data_only to None, run_after=None
[2026-03-22T21:52:29.023+0000] {processor.py:208} INFO - Processing /home/ec2-user/environment/lab4_model_training/dags/generate_data_dag.py took 1.279 seconds
[2026-03-22T21:53:00.156+0000] {processor.py:186} INFO - Started process (PID=4462) to work on /home/ec2-user/environment/lab4_model_training/dags/generate_data_dag.py
[2026-03-22T21:53:00.157+0000] {processor.py:914} INFO - Processing file /home/ec2-user/environment/lab4_model_training/dags/generate_data_dag.py for tasks to queue
[2026-03-22T21:53:00.159+0000] {logging_mixin.py:190} INFO - [2026-03-22T21:53:00.159+0000] {dagbag.py:588} INFO - Filling up the DagBag from /home/ec2-user/environment/lab4_model_training/dags/generate_data_dag.py
[2026-03-22T21:53:01.407+0000] {processor.py:925} INFO - DAG(s) 'generate_data_only' retrieved from /home/ec2-user/environment/lab4_model_training/dags/generate_data_dag.py
[2026-03-22T21:53:01.420+0000] {logging_mixin.py:190} INFO - [2026-03-22T21:53:01.419+0000] {dag.py:3239} INFO - Sync 1 DAGs
[2026-03-22T21:53:01.429+0000] {logging_mixin.py:190} INFO - [2026-03-22T21:53:01.429+0000] {dag.py:4180} INFO - Setting next_dagrun for generate_data_only to None, run_after=None
[2026-03-22T21:53:01.446+0000] {processor.py:208} INFO - Processing /home/ec2-user/environment/lab4_model_training/dags/generate_data_dag.py took 1.295 seconds
[2026-03-22T21:53:32.054+0000] {processor.py:186} INFO - Started process (PID=4520) to work on /home/ec2-user/environment/lab4_model_training/dags/generate_data_dag.py
[2026-03-22T21:53:32.056+0000] {processor.py:914} INFO - Processing file /home/ec2-user/environment/lab4_model_training/dags/generate_data_dag.py for tasks to queue
[2026-03-22T21:53:32.058+0000] {logging_mixin.py:190} INFO - [2026-03-22T21:53:32.057+0000] {dagbag.py:588} INFO - Filling up the DagBag from /home/ec2-user/environment/lab4_model_training/dags/generate_data_dag.py
[2026-03-22T21:53:33.453+0000] {processor.py:925} INFO - DAG(s) 'generate_data_only' retrieved from /home/ec2-user/environment/lab4_model_training/dags/generate_data_dag.py
[2026-03-22T21:53:33.466+0000] {logging_mixin.py:190} INFO - [2026-03-22T21:53:33.465+0000] {dag.py:3239} INFO - Sync 1 DAGs
[2026-03-22T21:53:33.475+0000] {logging_mixin.py:190} INFO - [2026-03-22T21:53:33.475+0000] {dag.py:4180} INFO - Setting next_dagrun for generate_data_only to None, run_after=None
[2026-03-22T21:53:33.493+0000] {processor.py:208} INFO - Processing /home/ec2-user/environment/lab4_model_training/dags/generate_data_dag.py took 1.445 seconds
[2026-03-22T21:54:04.539+0000] {processor.py:186} INFO - Started process (PID=4622) to work on /home/ec2-user/environment/lab4_model_training/dags/generate_data_dag.py
[2026-03-22T21:54:04.540+0000] {processor.py:914} INFO - Processing file /home/ec2-user/environment/lab4_model_training/dags/generate_data_dag.py for tasks to queue
[2026-03-22T21:54:04.541+0000] {logging_mixin.py:190} INFO - [2026-03-22T21:54:04.541+0000] {dagbag.py:588} INFO - Filling up the DagBag from /home/ec2-user/environment/lab4_model_training/dags/generate_data_dag.py
[2026-03-22T21:54:05.790+0000] {processor.py:925} INFO - DAG(s) 'generate_data_only' retrieved from /home/ec2-user/environment/lab4_model_training/dags/generate_data_dag.py
[2026-03-22T21:54:05.803+0000] {logging_mixin.py:190} INFO - [2026-03-22T21:54:05.802+0000] {dag.py:3239} INFO - Sync 1 DAGs
[2026-03-22T21:54:05.812+0000] {logging_mixin.py:190} INFO - [2026-03-22T21:54:05.812+0000] {dag.py:4180} INFO - Setting next_dagrun for generate_data_only to None, run_after=None
[2026-03-22T21:54:05.830+0000] {processor.py:208} INFO - Processing /home/ec2-user/environment/lab4_model_training/dags/generate_data_dag.py took 1.296 seconds
[2026-03-22T21:54:36.012+0000] {processor.py:186} INFO - Started process (PID=4667) to work on /home/ec2-user/environment/lab4_model_training/dags/generate_data_dag.py
[2026-03-22T21:54:36.013+0000] {processor.py:914} INFO - Processing file /home/ec2-user/environment/lab4_model_training/dags/generate_data_dag.py for tasks to queue
[2026-03-22T21:54:36.014+0000] {logging_mixin.py:190} INFO - [2026-03-22T21:54:36.014+0000] {dagbag.py:588} INFO - Filling up the DagBag from /home/ec2-user/environment/lab4_model_training/dags/generate_data_dag.py
[2026-03-22T21:54:37.259+0000] {processor.py:925} INFO - DAG(s) 'generate_data_only' retrieved from /home/ec2-user/environment/lab4_model_training/dags/generate_data_dag.py
[2026-03-22T21:54:37.271+0000] {logging_mixin.py:190} INFO - [2026-03-22T21:54:37.271+0000] {dag.py:3239} INFO - Sync 1 DAGs
[2026-03-22T21:54:37.280+0000] {logging_mixin.py:190} INFO - [2026-03-22T21:54:37.280+0000] {dag.py:4180} INFO - Setting next_dagrun for generate_data_only to None, run_after=None
[2026-03-22T21:54:37.298+0000] {processor.py:208} INFO - Processing /home/ec2-user/environment/lab4_model_training/dags/generate_data_dag.py took 1.291 seconds
[2026-03-22T21:55:07.494+0000] {processor.py:186} INFO - Started process (PID=4720) to work on /home/ec2-user/environment/lab4_model_training/dags/generate_data_dag.py
[2026-03-22T21:55:07.495+0000] {processor.py:914} INFO - Processing file /home/ec2-user/environment/lab4_model_training/dags/generate_data_dag.py for tasks to queue
[2026-03-22T21:55:07.497+0000] {logging_mixin.py:190} INFO - [2026-03-22T21:55:07.496+0000] {dagbag.py:588} INFO - Filling up the DagBag from /home/ec2-user/environment/lab4_model_training/dags/generate_data_dag.py
[2026-03-22T21:55:08.734+0000] {processor.py:925} INFO - DAG(s) 'generate_data_only' retrieved from /home/ec2-user/environment/lab4_model_training/dags/generate_data_dag.py
[2026-03-22T21:55:08.747+0000] {logging_mixin.py:190} INFO - [2026-03-22T21:55:08.746+0000] {dag.py:3239} INFO - Sync 1 DAGs
[2026-03-22T21:55:08.757+0000] {logging_mixin.py:190} INFO - [2026-03-22T21:55:08.757+0000] {dag.py:4180} INFO - Setting next_dagrun for generate_data_only to None, run_after=None
[2026-03-22T21:55:08.774+0000] {processor.py:208} INFO - Processing /home/ec2-user/environment/lab4_model_training/dags/generate_data_dag.py took 1.285 seconds
[2026-03-22T21:55:38.969+0000] {processor.py:186} INFO - Started process (PID=4748) to work on /home/ec2-user/environment/lab4_model_training/dags/generate_data_dag.py
[2026-03-22T21:55:38.970+0000] {processor.py:914} INFO - Processing file /home/ec2-user/environment/lab4_model_training/dags/generate_data_dag.py for tasks to queue
[2026-03-22T21:55:38.971+0000] {logging_mixin.py:190} INFO - [2026-03-22T21:55:38.971+0000] {dagbag.py:588} INFO - Filling up the DagBag from /home/ec2-user/environment/lab4_model_training/dags/generate_data_dag.py
[2026-03-22T21:55:40.206+0000] {processor.py:925} INFO - DAG(s) 'generate_data_only' retrieved from /home/ec2-user/environment/lab4_model_training/dags/generate_data_dag.py
[2026-03-22T21:55:40.219+0000] {logging_mixin.py:190} INFO - [2026-03-22T21:55:40.219+0000] {dag.py:3239} INFO - Sync 1 DAGs
[2026-03-22T21:55:40.229+0000] {logging_mixin.py:190} INFO - [2026-03-22T21:55:40.229+0000] {dag.py:4180} INFO - Setting next_dagrun for generate_data_only to None, run_after=None
[2026-03-22T21:55:40.247+0000] {processor.py:208} INFO - Processing /home/ec2-user/environment/lab4_model_training/dags/generate_data_dag.py took 1.283 seconds
[2026-03-22T21:56:10.440+0000] {processor.py:186} INFO - Started process (PID=4836) to work on /home/ec2-user/environment/lab4_model_training/dags/generate_data_dag.py
[2026-03-22T21:56:10.440+0000] {processor.py:914} INFO - Processing file /home/ec2-user/environment/lab4_model_training/dags/generate_data_dag.py for tasks to queue
[2026-03-22T21:56:10.442+0000] {logging_mixin.py:190} INFO - [2026-03-22T21:56:10.441+0000] {dagbag.py:588} INFO - Filling up the DagBag from /home/ec2-user/environment/lab4_model_training/dags/generate_data_dag.py
[2026-03-22T21:56:11.667+0000] {processor.py:925} INFO - DAG(s) 'generate_data_only' retrieved from /home/ec2-user/environment/lab4_model_training/dags/generate_data_dag.py
[2026-03-22T21:56:11.681+0000] {logging_mixin.py:190} INFO - [2026-03-22T21:56:11.681+0000] {dag.py:3239} INFO - Sync 1 DAGs
[2026-03-22T21:56:11.693+0000] {logging_mixin.py:190} INFO - [2026-03-22T21:56:11.693+0000] {dag.py:4180} INFO - Setting next_dagrun for generate_data_only to None, run_after=None
[2026-03-22T21:56:11.710+0000] {processor.py:208} INFO - Processing /home/ec2-user/environment/lab4_model_training/dags/generate_data_dag.py took 1.274 seconds
[2026-03-22T21:56:42.062+0000] {processor.py:186} INFO - Started process (PID=4879) to work on /home/ec2-user/environment/lab4_model_training/dags/generate_data_dag.py
[2026-03-22T21:56:42.063+0000] {processor.py:914} INFO - Processing file /home/ec2-user/environment/lab4_model_training/dags/generate_data_dag.py for tasks to queue
[2026-03-22T21:56:42.064+0000] {logging_mixin.py:190} INFO - [2026-03-22T21:56:42.063+0000] {dagbag.py:588} INFO - Filling up the DagBag from /home/ec2-user/environment/lab4_model_training/dags/generate_data_dag.py
[2026-03-22T21:56:43.316+0000] {processor.py:925} INFO - DAG(s) 'generate_data_only' retrieved from /home/ec2-user/environment/lab4_model_training/dags/generate_data_dag.py
[2026-03-22T21:56:43.336+0000] {logging_mixin.py:190} INFO - [2026-03-22T21:56:43.336+0000] {dag.py:3239} INFO - Sync 1 DAGs
[2026-03-22T21:56:43.350+0000] {logging_mixin.py:190} INFO - [2026-03-22T21:56:43.350+0000] {dag.py:4180} INFO - Setting next_dagrun for generate_data_only to None, run_after=None
[2026-03-22T21:56:43.380+0000] {processor.py:208} INFO - Processing /home/ec2-user/environment/lab4_model_training/dags/generate_data_dag.py took 1.323 seconds
[2026-03-22T21:57:13.696+0000] {processor.py:186} INFO - Started process (PID=4937) to work on /home/ec2-user/environment/lab4_model_training/dags/generate_data_dag.py
[2026-03-22T21:57:13.697+0000] {processor.py:914} INFO - Processing file /home/ec2-user/environment/lab4_model_training/dags/generate_data_dag.py for tasks to queue
[2026-03-22T21:57:13.699+0000] {logging_mixin.py:190} INFO - [2026-03-22T21:57:13.699+0000] {dagbag.py:588} INFO - Filling up the DagBag from /home/ec2-user/environment/lab4_model_training/dags/generate_data_dag.py
[2026-03-22T21:57:14.931+0000] {processor.py:925} INFO - DAG(s) 'generate_data_only' retrieved from /home/ec2-user/environment/lab4_model_training/dags/generate_data_dag.py
[2026-03-22T21:57:14.943+0000] {logging_mixin.py:190} INFO - [2026-03-22T21:57:14.943+0000] {dag.py:3239} INFO - Sync 1 DAGs
[2026-03-22T21:57:14.952+0000] {logging_mixin.py:190} INFO - [2026-03-22T21:57:14.952+0000] {dag.py:4180} INFO - Setting next_dagrun for generate_data_only to None, run_after=None
[2026-03-22T21:57:14.973+0000] {processor.py:208} INFO - Processing /home/ec2-user/environment/lab4_model_training/dags/generate_data_dag.py took 1.282 seconds
[2026-03-22T21:57:45.159+0000] {processor.py:186} INFO - Started process (PID=4980) to work on /home/ec2-user/environment/lab4_model_training/dags/generate_data_dag.py
[2026-03-22T21:57:45.161+0000] {processor.py:914} INFO - Processing file /home/ec2-user/environment/lab4_model_training/dags/generate_data_dag.py for tasks to queue
[2026-03-22T21:57:45.162+0000] {logging_mixin.py:190} INFO - [2026-03-22T21:57:45.161+0000] {dagbag.py:588} INFO - Filling up the DagBag from /home/ec2-user/environment/lab4_model_training/dags/generate_data_dag.py
[2026-03-22T21:57:46.395+0000] {processor.py:925} INFO - DAG(s) 'generate_data_only' retrieved from /home/ec2-user/environment/lab4_model_training/dags/generate_data_dag.py
[2026-03-22T21:57:46.408+0000] {logging_mixin.py:190} INFO - [2026-03-22T21:57:46.407+0000] {dag.py:3239} INFO - Sync 1 DAGs
[2026-03-22T21:57:46.417+0000] {logging_mixin.py:190} INFO - [2026-03-22T21:57:46.417+0000] {dag.py:4180} INFO - Setting next_dagrun for generate_data_only to None, run_after=None
[2026-03-22T21:57:46.434+0000] {processor.py:208} INFO - Processing /home/ec2-user/environment/lab4_model_training/dags/generate_data_dag.py took 1.279 seconds
[2026-03-22T21:58:17.095+0000] {processor.py:186} INFO - Started process (PID=5080) to work on /home/ec2-user/environment/lab4_model_training/dags/generate_data_dag.py
[2026-03-22T21:58:17.096+0000] {processor.py:914} INFO - Processing file /home/ec2-user/environment/lab4_model_training/dags/generate_data_dag.py for tasks to queue
[2026-03-22T21:58:17.097+0000] {logging_mixin.py:190} INFO - [2026-03-22T21:58:17.097+0000] {dagbag.py:588} INFO - Filling up the DagBag from /home/ec2-user/environment/lab4_model_training/dags/generate_data_dag.py
[2026-03-22T21:58:18.349+0000] {processor.py:925} INFO - DAG(s) 'generate_data_only' retrieved from /home/ec2-user/environment/lab4_model_training/dags/generate_data_dag.py
[2026-03-22T21:58:18.361+0000] {logging_mixin.py:190} INFO - [2026-03-22T21:58:18.361+0000] {dag.py:3239} INFO - Sync 1 DAGs
[2026-03-22T21:58:18.370+0000] {logging_mixin.py:190} INFO - [2026-03-22T21:58:18.370+0000] {dag.py:4180} INFO - Setting next_dagrun for generate_data_only to None, run_after=None
[2026-03-22T21:58:18.388+0000] {processor.py:208} INFO - Processing /home/ec2-user/environment/lab4_model_training/dags/generate_data_dag.py took 1.297 seconds
[2026-03-22T21:58:48.675+0000] {processor.py:186} INFO - Started process (PID=5121) to work on /home/ec2-user/environment/lab4_model_training/dags/generate_data_dag.py
[2026-03-22T21:58:48.676+0000] {processor.py:914} INFO - Processing file /home/ec2-user/environment/lab4_model_training/dags/generate_data_dag.py for tasks to queue
[2026-03-22T21:58:48.677+0000] {logging_mixin.py:190} INFO - [2026-03-22T21:58:48.677+0000] {dagbag.py:588} INFO - Filling up the DagBag from /home/ec2-user/environment/lab4_model_training/dags/generate_data_dag.py
[2026-03-22T21:58:49.917+0000] {processor.py:925} INFO - DAG(s) 'generate_data_only' retrieved from /home/ec2-user/environment/lab4_model_training/dags/generate_data_dag.py
[2026-03-22T21:58:49.932+0000] {logging_mixin.py:190} INFO - [2026-03-22T21:58:49.931+0000] {dag.py:3239} INFO - Sync 1 DAGs
[2026-03-22T21:58:49.941+0000] {logging_mixin.py:190} INFO - [2026-03-22T21:58:49.941+0000] {dag.py:4180} INFO - Setting next_dagrun for generate_data_only to None, run_after=None
[2026-03-22T21:58:49.958+0000] {processor.py:208} INFO - Processing /home/ec2-user/environment/lab4_model_training/dags/generate_data_dag.py took 1.289 seconds
[2026-03-22T21:59:20.637+0000] {processor.py:186} INFO - Started process (PID=5195) to work on /home/ec2-user/environment/lab4_model_training/dags/generate_data_dag.py
[2026-03-22T21:59:20.638+0000] {processor.py:914} INFO - Processing file /home/ec2-user/environment/lab4_model_training/dags/generate_data_dag.py for tasks to queue
[2026-03-22T21:59:20.639+0000] {logging_mixin.py:190} INFO - [2026-03-22T21:59:20.639+0000] {dagbag.py:588} INFO - Filling up the DagBag from /home/ec2-user/environment/lab4_model_training/dags/generate_data_dag.py
[2026-03-22T21:59:21.884+0000] {processor.py:925} INFO - DAG(s) 'generate_data_only' retrieved from /home/ec2-user/environment/lab4_model_training/dags/generate_data_dag.py
[2026-03-22T21:59:21.897+0000] {logging_mixin.py:190} INFO - [2026-03-22T21:59:21.897+0000] {dag.py:3239} INFO - Sync 1 DAGs
[2026-03-22T21:59:21.906+0000] {logging_mixin.py:190} INFO - [2026-03-22T21:59:21.906+0000] {dag.py:4180} INFO - Setting next_dagrun for generate_data_only to None, run_after=None
[2026-03-22T21:59:21.925+0000] {processor.py:208} INFO - Processing /home/ec2-user/environment/lab4_model_training/dags/generate_data_dag.py took 1.293 seconds
[2026-03-22T21:59:52.188+0000] {processor.py:186} INFO - Started process (PID=5295) to work on /home/ec2-user/environment/lab4_model_training/dags/generate_data_dag.py
[2026-03-22T21:59:52.189+0000] {processor.py:914} INFO - Processing file /home/ec2-user/environment/lab4_model_training/dags/generate_data_dag.py for tasks to queue
[2026-03-22T21:59:52.191+0000] {logging_mixin.py:190} INFO - [2026-03-22T21:59:52.190+0000] {dagbag.py:588} INFO - Filling up the DagBag from /home/ec2-user/environment/lab4_model_training/dags/generate_data_dag.py
[2026-03-22T21:59:53.432+0000] {processor.py:925} INFO - DAG(s) 'generate_data_only' retrieved from /home/ec2-user/environment/lab4_model_training/dags/generate_data_dag.py
[2026-03-22T21:59:53.445+0000] {logging_mixin.py:190} INFO - [2026-03-22T21:59:53.445+0000] {dag.py:3239} INFO - Sync 1 DAGs
[2026-03-22T21:59:53.455+0000] {logging_mixin.py:190} INFO - [2026-03-22T21:59:53.455+0000] {dag.py:4180} INFO - Setting next_dagrun for generate_data_only to None, run_after=None
[2026-03-22T21:59:53.472+0000] {processor.py:208} INFO - Processing /home/ec2-user/environment/lab4_model_training/dags/generate_data_dag.py took 1.289 seconds
[2026-03-22T22:00:23.785+0000] {processor.py:186} INFO - Started process (PID=5340) to work on /home/ec2-user/environment/lab4_model_training/dags/generate_data_dag.py
[2026-03-22T22:00:23.787+0000] {processor.py:914} INFO - Processing file /home/ec2-user/environment/lab4_model_training/dags/generate_data_dag.py for tasks to queue
[2026-03-22T22:00:23.788+0000] {logging_mixin.py:190} INFO - [2026-03-22T22:00:23.787+0000] {dagbag.py:588} INFO - Filling up the DagBag from /home/ec2-user/environment/lab4_model_training/dags/generate_data_dag.py
[2026-03-22T22:00:25.627+0000] {processor.py:925} INFO - DAG(s) 'generate_data_only' retrieved from /home/ec2-user/environment/lab4_model_training/dags/generate_data_dag.py
[2026-03-22T22:00:25.639+0000] {logging_mixin.py:190} INFO - [2026-03-22T22:00:25.639+0000] {dag.py:3239} INFO - Sync 1 DAGs
[2026-03-22T22:00:25.649+0000] {logging_mixin.py:190} INFO - [2026-03-22T22:00:25.649+0000] {dag.py:4180} INFO - Setting next_dagrun for generate_data_only to None, run_after=None
[2026-03-22T22:00:25.667+0000] {processor.py:208} INFO - Processing /home/ec2-user/environment/lab4_model_training/dags/generate_data_dag.py took 1.888 seconds
[2026-03-22T22:00:56.411+0000] {processor.py:186} INFO - Started process (PID=5435) to work on /home/ec2-user/environment/lab4_model_training/dags/generate_data_dag.py
[2026-03-22T22:00:56.412+0000] {processor.py:914} INFO - Processing file /home/ec2-user/environment/lab4_model_training/dags/generate_data_dag.py for tasks to queue
[2026-03-22T22:00:56.413+0000] {logging_mixin.py:190} INFO - [2026-03-22T22:00:56.413+0000] {dagbag.py:588} INFO - Filling up the DagBag from /home/ec2-user/environment/lab4_model_training/dags/generate_data_dag.py
[2026-03-22T22:00:57.658+0000] {processor.py:925} INFO - DAG(s) 'generate_data_only' retrieved from /home/ec2-user/environment/lab4_model_training/dags/generate_data_dag.py
[2026-03-22T22:00:57.672+0000] {logging_mixin.py:190} INFO - [2026-03-22T22:00:57.672+0000] {dag.py:3239} INFO - Sync 1 DAGs
[2026-03-22T22:00:57.681+0000] {logging_mixin.py:190} INFO - [2026-03-22T22:00:57.681+0000] {dag.py:4180} INFO - Setting next_dagrun for generate_data_only to None, run_after=None
[2026-03-22T22:00:57.699+0000] {processor.py:208} INFO - Processing /home/ec2-user/environment/lab4_model_training/dags/generate_data_dag.py took 1.293 seconds
[2026-03-22T22:01:28.248+0000] {processor.py:186} INFO - Started process (PID=5505) to work on /home/ec2-user/environment/lab4_model_training/dags/generate_data_dag.py
[2026-03-22T22:01:28.249+0000] {processor.py:914} INFO - Processing file /home/ec2-user/environment/lab4_model_training/dags/generate_data_dag.py for tasks to queue
[2026-03-22T22:01:28.251+0000] {logging_mixin.py:190} INFO - [2026-03-22T22:01:28.250+0000] {dagbag.py:588} INFO - Filling up the DagBag from /home/ec2-user/environment/lab4_model_training/dags/generate_data_dag.py
[2026-03-22T22:01:29.479+0000] {processor.py:925} INFO - DAG(s) 'generate_data_only' retrieved from /home/ec2-user/environment/lab4_model_training/dags/generate_data_dag.py
[2026-03-22T22:01:29.492+0000] {logging_mixin.py:190} INFO - [2026-03-22T22:01:29.492+0000] {dag.py:3239} INFO - Sync 1 DAGs
[2026-03-22T22:01:29.501+0000] {logging_mixin.py:190} INFO - [2026-03-22T22:01:29.501+0000] {dag.py:4180} INFO - Setting next_dagrun for generate_data_only to None, run_after=None
[2026-03-22T22:01:29.519+0000] {processor.py:208} INFO - Processing /home/ec2-user/environment/lab4_model_training/dags/generate_data_dag.py took 1.276 seconds
[2026-03-22T22:02:13.777+0000] {processor.py:186} INFO - Started process (PID=5619) to work on /home/ec2-user/environment/lab4_model_training/dags/generate_data_dag.py
[2026-03-22T22:02:13.778+0000] {processor.py:914} INFO - Processing file /home/ec2-user/environment/lab4_model_training/dags/generate_data_dag.py for tasks to queue
[2026-03-22T22:02:13.780+0000] {logging_mixin.py:190} INFO - [2026-03-22T22:02:13.779+0000] {dagbag.py:588} INFO - Filling up the DagBag from /home/ec2-user/environment/lab4_model_training/dags/generate_data_dag.py
[2026-03-22T22:02:15.104+0000] {processor.py:925} INFO - DAG(s) 'generate_data_only' retrieved from /home/ec2-user/environment/lab4_model_training/dags/generate_data_dag.py
[2026-03-22T22:02:15.117+0000] {logging_mixin.py:190} INFO - [2026-03-22T22:02:15.117+0000] {dag.py:3239} INFO - Sync 1 DAGs
[2026-03-22T22:02:15.126+0000] {logging_mixin.py:190} INFO - [2026-03-22T22:02:15.126+0000] {dag.py:4180} INFO - Setting next_dagrun for generate_data_only to None, run_after=None
[2026-03-22T22:02:15.145+0000] {processor.py:208} INFO - Processing /home/ec2-user/environment/lab4_model_training/dags/generate_data_dag.py took 1.372 seconds
[2026-03-22T22:02:45.403+0000] {processor.py:186} INFO - Started process (PID=5648) to work on /home/ec2-user/environment/lab4_model_training/dags/generate_data_dag.py
[2026-03-22T22:02:45.404+0000] {processor.py:914} INFO - Processing file /home/ec2-user/environment/lab4_model_training/dags/generate_data_dag.py for tasks to queue
[2026-03-22T22:02:45.405+0000] {logging_mixin.py:190} INFO - [2026-03-22T22:02:45.404+0000] {dagbag.py:588} INFO - Filling up the DagBag from /home/ec2-user/environment/lab4_model_training/dags/generate_data_dag.py
[2026-03-22T22:02:46.886+0000] {processor.py:925} INFO - DAG(s) 'generate_data_only' retrieved from /home/ec2-user/environment/lab4_model_training/dags/generate_data_dag.py
[2026-03-22T22:02:46.899+0000] {logging_mixin.py:190} INFO - [2026-03-22T22:02:46.898+0000] {dag.py:3239} INFO - Sync 1 DAGs
[2026-03-22T22:02:46.908+0000] {logging_mixin.py:190} INFO - [2026-03-22T22:02:46.908+0000] {dag.py:4180} INFO - Setting next_dagrun for generate_data_only to None, run_after=None
[2026-03-22T22:02:46.926+0000] {processor.py:208} INFO - Processing /home/ec2-user/environment/lab4_model_training/dags/generate_data_dag.py took 1.528 seconds
[2026-03-22T22:03:17.161+0000] {processor.py:186} INFO - Started process (PID=5697) to work on /home/ec2-user/environment/lab4_model_training/dags/generate_data_dag.py
[2026-03-22T22:03:17.162+0000] {processor.py:914} INFO - Processing file /home/ec2-user/environment/lab4_model_training/dags/generate_data_dag.py for tasks to queue
[2026-03-22T22:03:17.163+0000] {logging_mixin.py:190} INFO - [2026-03-22T22:03:17.162+0000] {dagbag.py:588} INFO - Filling up the DagBag from /home/ec2-user/environment/lab4_model_training/dags/generate_data_dag.py
[2026-03-22T22:03:18.484+0000] {processor.py:925} INFO - DAG(s) 'generate_data_only' retrieved from /home/ec2-user/environment/lab4_model_training/dags/generate_data_dag.py
[2026-03-22T22:03:18.497+0000] {logging_mixin.py:190} INFO - [2026-03-22T22:03:18.497+0000] {dag.py:3239} INFO - Sync 1 DAGs
[2026-03-22T22:03:18.507+0000] {logging_mixin.py:190} INFO - [2026-03-22T22:03:18.507+0000] {dag.py:4180} INFO - Setting next_dagrun for generate_data_only to None, run_after=None
[2026-03-22T22:03:18.524+0000] {processor.py:208} INFO - Processing /home/ec2-user/environment/lab4_model_training/dags/generate_data_dag.py took 1.368 seconds
[2026-03-22T22:03:48.753+0000] {processor.py:186} INFO - Started process (PID=5723) to work on /home/ec2-user/environment/lab4_model_training/dags/generate_data_dag.py
[2026-03-22T22:03:48.754+0000] {processor.py:914} INFO - Processing file /home/ec2-user/environment/lab4_model_training/dags/generate_data_dag.py for tasks to queue
[2026-03-22T22:03:48.755+0000] {logging_mixin.py:190} INFO - [2026-03-22T22:03:48.755+0000] {dagbag.py:588} INFO - Filling up the DagBag from /home/ec2-user/environment/lab4_model_training/dags/generate_data_dag.py
[2026-03-22T22:03:50.087+0000] {processor.py:925} INFO - DAG(s) 'generate_data_only' retrieved from /home/ec2-user/environment/lab4_model_training/dags/generate_data_dag.py
[2026-03-22T22:03:50.099+0000] {logging_mixin.py:190} INFO - [2026-03-22T22:03:50.099+0000] {dag.py:3239} INFO - Sync 1 DAGs
[2026-03-22T22:03:50.109+0000] {logging_mixin.py:190} INFO - [2026-03-22T22:03:50.109+0000] {dag.py:4180} INFO - Setting next_dagrun for generate_data_only to None, run_after=None
[2026-03-22T22:03:50.127+0000] {processor.py:208} INFO - Processing /home/ec2-user/environment/lab4_model_training/dags/generate_data_dag.py took 1.379 seconds
[2026-03-22T22:04:20.868+0000] {processor.py:186} INFO - Started process (PID=5814) to work on /home/ec2-user/environment/lab4_model_training/dags/generate_data_dag.py
[2026-03-22T22:04:20.868+0000] {processor.py:914} INFO - Processing file /home/ec2-user/environment/lab4_model_training/dags/generate_data_dag.py for tasks to queue
[2026-03-22T22:04:20.870+0000] {logging_mixin.py:190} INFO - [2026-03-22T22:04:20.870+0000] {dagbag.py:588} INFO - Filling up the DagBag from /home/ec2-user/environment/lab4_model_training/dags/generate_data_dag.py
[2026-03-22T22:04:22.189+0000] {processor.py:925} INFO - DAG(s) 'generate_data_only' retrieved from /home/ec2-user/environment/lab4_model_training/dags/generate_data_dag.py
[2026-03-22T22:04:22.203+0000] {logging_mixin.py:190} INFO - [2026-03-22T22:04:22.203+0000] {dag.py:3239} INFO - Sync 1 DAGs
[2026-03-22T22:04:22.212+0000] {logging_mixin.py:190} INFO - [2026-03-22T22:04:22.212+0000] {dag.py:4180} INFO - Setting next_dagrun for generate_data_only to None, run_after=None
[2026-03-22T22:04:22.229+0000] {processor.py:208} INFO - Processing /home/ec2-user/environment/lab4_model_training/dags/generate_data_dag.py took 1.366 seconds
[2026-03-22T22:04:52.591+0000] {processor.py:186} INFO - Started process (PID=5847) to work on /home/ec2-user/environment/lab4_model_training/dags/generate_data_dag.py
[2026-03-22T22:04:52.592+0000] {processor.py:914} INFO - Processing file /home/ec2-user/environment/lab4_model_training/dags/generate_data_dag.py for tasks to queue
[2026-03-22T22:04:52.593+0000] {logging_mixin.py:190} INFO - [2026-03-22T22:04:52.593+0000] {dagbag.py:588} INFO - Filling up the DagBag from /home/ec2-user/environment/lab4_model_training/dags/generate_data_dag.py
[2026-03-22T22:04:53.925+0000] {processor.py:925} INFO - DAG(s) 'generate_data_only' retrieved from /home/ec2-user/environment/lab4_model_training/dags/generate_data_dag.py
[2026-03-22T22:04:53.939+0000] {logging_mixin.py:190} INFO - [2026-03-22T22:04:53.939+0000] {dag.py:3239} INFO - Sync 1 DAGs
[2026-03-22T22:04:53.949+0000] {logging_mixin.py:190} INFO - [2026-03-22T22:04:53.948+0000] {dag.py:4180} INFO - Setting next_dagrun for generate_data_only to None, run_after=None
[2026-03-22T22:04:53.967+0000] {processor.py:208} INFO - Processing /home/ec2-user/environment/lab4_model_training/dags/generate_data_dag.py took 1.381 seconds
[2026-03-22T22:05:24.316+0000] {processor.py:186} INFO - Started process (PID=5889) to work on /home/ec2-user/environment/lab4_model_training/dags/generate_data_dag.py
[2026-03-22T22:05:24.316+0000] {processor.py:914} INFO - Processing file /home/ec2-user/environment/lab4_model_training/dags/generate_data_dag.py for tasks to queue
[2026-03-22T22:05:24.318+0000] {logging_mixin.py:190} INFO - [2026-03-22T22:05:24.317+0000] {dagbag.py:588} INFO - Filling up the DagBag from /home/ec2-user/environment/lab4_model_training/dags/generate_data_dag.py
[2026-03-22T22:05:25.627+0000] {processor.py:925} INFO - DAG(s) 'generate_data_only' retrieved from /home/ec2-user/environment/lab4_model_training/dags/generate_data_dag.py
[2026-03-22T22:05:25.639+0000] {logging_mixin.py:190} INFO - [2026-03-22T22:05:25.639+0000] {dag.py:3239} INFO - Sync 1 DAGs
[2026-03-22T22:05:25.649+0000] {logging_mixin.py:190} INFO - [2026-03-22T22:05:25.649+0000] {dag.py:4180} INFO - Setting next_dagrun for generate_data_only to None, run_after=None
[2026-03-22T22:05:25.666+0000] {processor.py:208} INFO - Processing /home/ec2-user/environment/lab4_model_training/dags/generate_data_dag.py took 1.355 seconds
[2026-03-22T22:05:56.050+0000] {processor.py:186} INFO - Started process (PID=6006) to work on /home/ec2-user/environment/lab4_model_training/dags/generate_data_dag.py
[2026-03-22T22:05:56.051+0000] {processor.py:914} INFO - Processing file /home/ec2-user/environment/lab4_model_training/dags/generate_data_dag.py for tasks to queue
[2026-03-22T22:05:56.053+0000] {logging_mixin.py:190} INFO - [2026-03-22T22:05:56.052+0000] {dagbag.py:588} INFO - Filling up the DagBag from /home/ec2-user/environment/lab4_model_training/dags/generate_data_dag.py
[2026-03-22T22:05:57.389+0000] {processor.py:925} INFO - DAG(s) 'generate_data_only' retrieved from /home/ec2-user/environment/lab4_model_training/dags/generate_data_dag.py
[2026-03-22T22:05:57.402+0000] {logging_mixin.py:190} INFO - [2026-03-22T22:05:57.401+0000] {dag.py:3239} INFO - Sync 1 DAGs
[2026-03-22T22:05:57.411+0000] {logging_mixin.py:190} INFO - [2026-03-22T22:05:57.411+0000] {dag.py:4180} INFO - Setting next_dagrun for generate_data_only to None, run_after=None
[2026-03-22T22:05:57.429+0000] {processor.py:208} INFO - Processing /home/ec2-user/environment/lab4_model_training/dags/generate_data_dag.py took 1.383 seconds
[2026-03-22T22:06:28.224+0000] {processor.py:186} INFO - Started process (PID=6099) to work on /home/ec2-user/environment/lab4_model_training/dags/generate_data_dag.py
[2026-03-22T22:06:28.224+0000] {processor.py:914} INFO - Processing file /home/ec2-user/environment/lab4_model_training/dags/generate_data_dag.py for tasks to queue
[2026-03-22T22:06:28.226+0000] {logging_mixin.py:190} INFO - [2026-03-22T22:06:28.226+0000] {dagbag.py:588} INFO - Filling up the DagBag from /home/ec2-user/environment/lab4_model_training/dags/generate_data_dag.py
[2026-03-22T22:06:29.531+0000] {processor.py:925} INFO - DAG(s) 'generate_data_only' retrieved from /home/ec2-user/environment/lab4_model_training/dags/generate_data_dag.py
[2026-03-22T22:06:29.544+0000] {logging_mixin.py:190} INFO - [2026-03-22T22:06:29.544+0000] {dag.py:3239} INFO - Sync 1 DAGs
[2026-03-22T22:06:29.553+0000] {logging_mixin.py:190} INFO - [2026-03-22T22:06:29.553+0000] {dag.py:4180} INFO - Setting next_dagrun for generate_data_only to None, run_after=None
[2026-03-22T22:06:29.573+0000] {processor.py:208} INFO - Processing /home/ec2-user/environment/lab4_model_training/dags/generate_data_dag.py took 1.354 seconds
[2026-03-22T22:07:00.185+0000] {processor.py:186} INFO - Started process (PID=6159) to work on /home/ec2-user/environment/lab4_model_training/dags/generate_data_dag.py
[2026-03-22T22:07:00.186+0000] {processor.py:914} INFO - Processing file /home/ec2-user/environment/lab4_model_training/dags/generate_data_dag.py for tasks to queue
[2026-03-22T22:07:00.188+0000] {logging_mixin.py:190} INFO - [2026-03-22T22:07:00.187+0000] {dagbag.py:588} INFO - Filling up the DagBag from /home/ec2-user/environment/lab4_model_training/dags/generate_data_dag.py
[2026-03-22T22:07:01.961+0000] {processor.py:925} INFO - DAG(s) 'generate_data_only' retrieved from /home/ec2-user/environment/lab4_model_training/dags/generate_data_dag.py
[2026-03-22T22:07:01.982+0000] {logging_mixin.py:190} INFO - [2026-03-22T22:07:01.981+0000] {dag.py:3239} INFO - Sync 1 DAGs
[2026-03-22T22:07:01.997+0000] {logging_mixin.py:190} INFO - [2026-03-22T22:07:01.996+0000] {dag.py:4180} INFO - Setting next_dagrun for generate_data_only to None, run_after=None
[2026-03-22T22:07:02.029+0000] {processor.py:208} INFO - Processing /home/ec2-user/environment/lab4_model_training/dags/generate_data_dag.py took 1.849 seconds
[2026-03-22T22:07:32.502+0000] {processor.py:186} INFO - Started process (PID=6225) to work on /home/ec2-user/environment/lab4_model_training/dags/generate_data_dag.py
[2026-03-22T22:07:32.503+0000] {processor.py:914} INFO - Processing file /home/ec2-user/environment/lab4_model_training/dags/generate_data_dag.py for tasks to queue
[2026-03-22T22:07:32.505+0000] {logging_mixin.py:190} INFO - [2026-03-22T22:07:32.504+0000] {dagbag.py:588} INFO - Filling up the DagBag from /home/ec2-user/environment/lab4_model_training/dags/generate_data_dag.py
[2026-03-22T22:07:33.824+0000] {processor.py:925} INFO - DAG(s) 'generate_data_only' retrieved from /home/ec2-user/environment/lab4_model_training/dags/generate_data_dag.py
[2026-03-22T22:07:33.836+0000] {logging_mixin.py:190} INFO - [2026-03-22T22:07:33.836+0000] {dag.py:3239} INFO - Sync 1 DAGs
[2026-03-22T22:07:33.847+0000] {logging_mixin.py:190} INFO - [2026-03-22T22:07:33.847+0000] {dag.py:4180} INFO - Setting next_dagrun for generate_data_only to None, run_after=None
[2026-03-22T22:07:33.864+0000] {processor.py:208} INFO - Processing /home/ec2-user/environment/lab4_model_training/dags/generate_data_dag.py took 1.366 seconds
[2026-03-22T22:08:04.065+0000] {processor.py:186} INFO - Started process (PID=6313) to work on /home/ec2-user/environment/lab4_model_training/dags/generate_data_dag.py
[2026-03-22T22:08:04.066+0000] {processor.py:914} INFO - Processing file /home/ec2-user/environment/lab4_model_training/dags/generate_data_dag.py for tasks to queue
[2026-03-22T22:08:04.068+0000] {logging_mixin.py:190} INFO - [2026-03-22T22:08:04.067+0000] {dagbag.py:588} INFO - Filling up the DagBag from /home/ec2-user/environment/lab4_model_training/dags/generate_data_dag.py
[2026-03-22T22:08:05.387+0000] {processor.py:925} INFO - DAG(s) 'generate_data_only' retrieved from /home/ec2-user/environment/lab4_model_training/dags/generate_data_dag.py
[2026-03-22T22:08:05.399+0000] {logging_mixin.py:190} INFO - [2026-03-22T22:08:05.399+0000] {dag.py:3239} INFO - Sync 1 DAGs
[2026-03-22T22:08:05.410+0000] {logging_mixin.py:190} INFO - [2026-03-22T22:08:05.410+0000] {dag.py:4180} INFO - Setting next_dagrun for generate_data_only to None, run_after=None
[2026-03-22T22:08:05.427+0000] {processor.py:208} INFO - Processing /home/ec2-user/environment/lab4_model_training/dags/generate_data_dag.py took 1.366 seconds
[2026-03-22T22:08:35.569+0000] {processor.py:186} INFO - Started process (PID=6344) to work on /home/ec2-user/environment/lab4_model_training/dags/generate_data_dag.py
[2026-03-22T22:08:35.570+0000] {processor.py:914} INFO - Processing file /home/ec2-user/environment/lab4_model_training/dags/generate_data_dag.py for tasks to queue
[2026-03-22T22:08:35.571+0000] {logging_mixin.py:190} INFO - [2026-03-22T22:08:35.571+0000] {dagbag.py:588} INFO - Filling up the DagBag from /home/ec2-user/environment/lab4_model_training/dags/generate_data_dag.py
[2026-03-22T22:08:37.171+0000] {processor.py:925} INFO - DAG(s) 'generate_data_only' retrieved from /home/ec2-user/environment/lab4_model_training/dags/generate_data_dag.py
[2026-03-22T22:08:37.183+0000] {logging_mixin.py:190} INFO - [2026-03-22T22:08:37.183+0000] {dag.py:3239} INFO - Sync 1 DAGs
[2026-03-22T22:08:37.194+0000] {logging_mixin.py:190} INFO - [2026-03-22T22:08:37.193+0000] {dag.py:4180} INFO - Setting next_dagrun for generate_data_only to None, run_after=None
[2026-03-22T22:08:37.211+0000] {processor.py:208} INFO - Processing /home/ec2-user/environment/lab4_model_training/dags/generate_data_dag.py took 1.647 seconds
[2026-03-22T22:09:07.594+0000] {processor.py:186} INFO - Started process (PID=6396) to work on /home/ec2-user/environment/lab4_model_training/dags/generate_data_dag.py
[2026-03-22T22:09:07.595+0000] {processor.py:914} INFO - Processing file /home/ec2-user/environment/lab4_model_training/dags/generate_data_dag.py for tasks to queue
[2026-03-22T22:09:07.596+0000] {logging_mixin.py:190} INFO - [2026-03-22T22:09:07.596+0000] {dagbag.py:588} INFO - Filling up the DagBag from /home/ec2-user/environment/lab4_model_training/dags/generate_data_dag.py
[2026-03-22T22:09:08.898+0000] {processor.py:925} INFO - DAG(s) 'generate_data_only' retrieved from /home/ec2-user/environment/lab4_model_training/dags/generate_data_dag.py
[2026-03-22T22:09:08.912+0000] {logging_mixin.py:190} INFO - [2026-03-22T22:09:08.911+0000] {dag.py:3239} INFO - Sync 1 DAGs
[2026-03-22T22:09:08.921+0000] {logging_mixin.py:190} INFO - [2026-03-22T22:09:08.921+0000] {dag.py:4180} INFO - Setting next_dagrun for generate_data_only to None, run_after=None
[2026-03-22T22:09:08.938+0000] {processor.py:208} INFO - Processing /home/ec2-user/environment/lab4_model_training/dags/generate_data_dag.py took 1.348 seconds
[2026-03-22T22:09:39.807+0000] {processor.py:186} INFO - Started process (PID=6434) to work on /home/ec2-user/environment/lab4_model_training/dags/generate_data_dag.py
[2026-03-22T22:09:39.807+0000] {processor.py:914} INFO - Processing file /home/ec2-user/environment/lab4_model_training/dags/generate_data_dag.py for tasks to queue
[2026-03-22T22:09:39.809+0000] {logging_mixin.py:190} INFO - [2026-03-22T22:09:39.808+0000] {dagbag.py:588} INFO - Filling up the DagBag from /home/ec2-user/environment/lab4_model_training/dags/generate_data_dag.py
[2026-03-22T22:09:41.138+0000] {processor.py:925} INFO - DAG(s) 'generate_data_only' retrieved from /home/ec2-user/environment/lab4_model_training/dags/generate_data_dag.py
[2026-03-22T22:09:41.152+0000] {logging_mixin.py:190} INFO - [2026-03-22T22:09:41.152+0000] {dag.py:3239} INFO - Sync 1 DAGs
[2026-03-22T22:09:41.161+0000] {logging_mixin.py:190} INFO - [2026-03-22T22:09:41.161+0000] {dag.py:4180} INFO - Setting next_dagrun for generate_data_only to None, run_after=None
[2026-03-22T22:09:41.178+0000] {processor.py:208} INFO - Processing /home/ec2-user/environment/lab4_model_training/dags/generate_data_dag.py took 1.376 seconds
[2026-03-22T22:10:11.712+0000] {processor.py:186} INFO - Started process (PID=6538) to work on /home/ec2-user/environment/lab4_model_training/dags/generate_data_dag.py
[2026-03-22T22:10:11.713+0000] {processor.py:914} INFO - Processing file /home/ec2-user/environment/lab4_model_training/dags/generate_data_dag.py for tasks to queue
[2026-03-22T22:10:11.715+0000] {logging_mixin.py:190} INFO - [2026-03-22T22:10:11.714+0000] {dagbag.py:588} INFO - Filling up the DagBag from /home/ec2-user/environment/lab4_model_training/dags/generate_data_dag.py
[2026-03-22T22:10:13.028+0000] {processor.py:925} INFO - DAG(s) 'generate_data_only' retrieved from /home/ec2-user/environment/lab4_model_training/dags/generate_data_dag.py
[2026-03-22T22:10:13.040+0000] {logging_mixin.py:190} INFO - [2026-03-22T22:10:13.040+0000] {dag.py:3239} INFO - Sync 1 DAGs
[2026-03-22T22:10:13.049+0000] {logging_mixin.py:190} INFO - [2026-03-22T22:10:13.049+0000] {dag.py:4180} INFO - Setting next_dagrun for generate_data_only to None, run_after=None
[2026-03-22T22:10:13.067+0000] {processor.py:208} INFO - Processing /home/ec2-user/environment/lab4_model_training/dags/generate_data_dag.py took 1.360 seconds
[2026-03-22T22:10:43.638+0000] {processor.py:186} INFO - Started process (PID=6576) to work on /home/ec2-user/environment/lab4_model_training/dags/generate_data_dag.py
[2026-03-22T22:10:43.639+0000] {processor.py:914} INFO - Processing file /home/ec2-user/environment/lab4_model_training/dags/generate_data_dag.py for tasks to queue
[2026-03-22T22:10:43.640+0000] {logging_mixin.py:190} INFO - [2026-03-22T22:10:43.640+0000] {dagbag.py:588} INFO - Filling up the DagBag from /home/ec2-user/environment/lab4_model_training/dags/generate_data_dag.py
[2026-03-22T22:10:44.987+0000] {processor.py:925} INFO - DAG(s) 'generate_data_only' retrieved from /home/ec2-user/environment/lab4_model_training/dags/generate_data_dag.py
[2026-03-22T22:10:45.000+0000] {logging_mixin.py:190} INFO - [2026-03-22T22:10:45.000+0000] {dag.py:3239} INFO - Sync 1 DAGs
[2026-03-22T22:10:45.009+0000] {logging_mixin.py:190} INFO - [2026-03-22T22:10:45.009+0000] {dag.py:4180} INFO - Setting next_dagrun for generate_data_only to None, run_after=None
[2026-03-22T22:10:45.027+0000] {processor.py:208} INFO - Processing /home/ec2-user/environment/lab4_model_training/dags/generate_data_dag.py took 1.394 seconds
[2026-03-22T22:11:15.890+0000] {processor.py:186} INFO - Started process (PID=6640) to work on /home/ec2-user/environment/lab4_model_training/dags/generate_data_dag.py
[2026-03-22T22:11:15.891+0000] {processor.py:914} INFO - Processing file /home/ec2-user/environment/lab4_model_training/dags/generate_data_dag.py for tasks to queue
[2026-03-22T22:11:15.892+0000] {logging_mixin.py:190} INFO - [2026-03-22T22:11:15.892+0000] {dagbag.py:588} INFO - Filling up the DagBag from /home/ec2-user/environment/lab4_model_training/dags/generate_data_dag.py
[2026-03-22T22:11:17.534+0000] {processor.py:925} INFO - DAG(s) 'generate_data_only' retrieved from /home/ec2-user/environment/lab4_model_training/dags/generate_data_dag.py
[2026-03-22T22:11:17.552+0000] {logging_mixin.py:190} INFO - [2026-03-22T22:11:17.552+0000] {dag.py:3239} INFO - Sync 1 DAGs
[2026-03-22T22:11:17.566+0000] {logging_mixin.py:190} INFO - [2026-03-22T22:11:17.566+0000] {dag.py:4180} INFO - Setting next_dagrun for generate_data_only to None, run_after=None
[2026-03-22T22:11:17.588+0000] {processor.py:208} INFO - Processing /home/ec2-user/environment/lab4_model_training/dags/generate_data_dag.py took 1.703 seconds
[2026-03-22T22:11:47.793+0000] {processor.py:186} INFO - Started process (PID=6669) to work on /home/ec2-user/environment/lab4_model_training/dags/generate_data_dag.py
[2026-03-22T22:11:47.795+0000] {processor.py:914} INFO - Processing file /home/ec2-user/environment/lab4_model_training/dags/generate_data_dag.py for tasks to queue
[2026-03-22T22:11:47.796+0000] {logging_mixin.py:190} INFO - [2026-03-22T22:11:47.796+0000] {dagbag.py:588} INFO - Filling up the DagBag from /home/ec2-user/environment/lab4_model_training/dags/generate_data_dag.py
[2026-03-22T22:11:49.180+0000] {processor.py:925} INFO - DAG(s) 'generate_data_only' retrieved from /home/ec2-user/environment/lab4_model_training/dags/generate_data_dag.py
[2026-03-22T22:11:49.198+0000] {logging_mixin.py:190} INFO - [2026-03-22T22:11:49.197+0000] {dag.py:3239} INFO - Sync 1 DAGs
[2026-03-22T22:11:49.212+0000] {logging_mixin.py:190} INFO - [2026-03-22T22:11:49.211+0000] {dag.py:4180} INFO - Setting next_dagrun for generate_data_only to None, run_after=None
[2026-03-22T22:11:49.241+0000] {processor.py:208} INFO - Processing /home/ec2-user/environment/lab4_model_training/dags/generate_data_dag.py took 1.452 seconds
[2026-03-22T22:12:19.416+0000] {processor.py:186} INFO - Started process (PID=6780) to work on /home/ec2-user/environment/lab4_model_training/dags/generate_data_dag.py
[2026-03-22T22:12:19.417+0000] {processor.py:914} INFO - Processing file /home/ec2-user/environment/lab4_model_training/dags/generate_data_dag.py for tasks to queue
[2026-03-22T22:12:19.418+0000] {logging_mixin.py:190} INFO - [2026-03-22T22:12:19.418+0000] {dagbag.py:588} INFO - Filling up the DagBag from /home/ec2-user/environment/lab4_model_training/dags/generate_data_dag.py
[2026-03-22T22:12:21.254+0000] {processor.py:925} INFO - DAG(s) 'generate_data_only' retrieved from /home/ec2-user/environment/lab4_model_training/dags/generate_data_dag.py
[2026-03-22T22:12:21.267+0000] {logging_mixin.py:190} INFO - [2026-03-22T22:12:21.266+0000] {dag.py:3239} INFO - Sync 1 DAGs
[2026-03-22T22:12:21.277+0000] {logging_mixin.py:190} INFO - [2026-03-22T22:12:21.277+0000] {dag.py:4180} INFO - Setting next_dagrun for generate_data_only to None, run_after=None
[2026-03-22T22:12:21.295+0000] {processor.py:208} INFO - Processing /home/ec2-user/environment/lab4_model_training/dags/generate_data_dag.py took 1.884 seconds
[2026-03-22T22:12:51.417+0000] {processor.py:186} INFO - Started process (PID=6839) to work on /home/ec2-user/environment/lab4_model_training/dags/generate_data_dag.py
[2026-03-22T22:12:51.418+0000] {processor.py:914} INFO - Processing file /home/ec2-user/environment/lab4_model_training/dags/generate_data_dag.py for tasks to queue
[2026-03-22T22:12:51.420+0000] {logging_mixin.py:190} INFO - [2026-03-22T22:12:51.419+0000] {dagbag.py:588} INFO - Filling up the DagBag from /home/ec2-user/environment/lab4_model_training/dags/generate_data_dag.py
[2026-03-22T22:12:52.643+0000] {processor.py:925} INFO - DAG(s) 'generate_data_only' retrieved from /home/ec2-user/environment/lab4_model_training/dags/generate_data_dag.py
[2026-03-22T22:12:52.656+0000] {logging_mixin.py:190} INFO - [2026-03-22T22:12:52.656+0000] {dag.py:3239} INFO - Sync 1 DAGs
[2026-03-22T22:12:52.666+0000] {logging_mixin.py:190} INFO - [2026-03-22T22:12:52.666+0000] {dag.py:4180} INFO - Setting next_dagrun for generate_data_only to None, run_after=None
[2026-03-22T22:12:52.683+0000] {processor.py:208} INFO - Processing /home/ec2-user/environment/lab4_model_training/dags/generate_data_dag.py took 1.271 seconds
[2026-03-22T22:13:22.821+0000] {processor.py:186} INFO - Started process (PID=6891) to work on /home/ec2-user/environment/lab4_model_training/dags/generate_data_dag.py
[2026-03-22T22:13:22.822+0000] {processor.py:914} INFO - Processing file /home/ec2-user/environment/lab4_model_training/dags/generate_data_dag.py for tasks to queue
[2026-03-22T22:13:22.824+0000] {logging_mixin.py:190} INFO - [2026-03-22T22:13:22.823+0000] {dagbag.py:588} INFO - Filling up the DagBag from /home/ec2-user/environment/lab4_model_training/dags/generate_data_dag.py
[2026-03-22T22:13:24.066+0000] {processor.py:925} INFO - DAG(s) 'generate_data_only' retrieved from /home/ec2-user/environment/lab4_model_training/dags/generate_data_dag.py
[2026-03-22T22:13:24.080+0000] {logging_mixin.py:190} INFO - [2026-03-22T22:13:24.079+0000] {dag.py:3239} INFO - Sync 1 DAGs
[2026-03-22T22:13:24.089+0000] {logging_mixin.py:190} INFO - [2026-03-22T22:13:24.089+0000] {dag.py:4180} INFO - Setting next_dagrun for generate_data_only to None, run_after=None
[2026-03-22T22:13:24.106+0000] {processor.py:208} INFO - Processing /home/ec2-user/environment/lab4_model_training/dags/generate_data_dag.py took 1.289 seconds
[2026-03-22T22:13:54.239+0000] {processor.py:186} INFO - Started process (PID=6993) to work on /home/ec2-user/environment/lab4_model_training/dags/generate_data_dag.py
[2026-03-22T22:13:54.240+0000] {processor.py:914} INFO - Processing file /home/ec2-user/environment/lab4_model_training/dags/generate_data_dag.py for tasks to queue
[2026-03-22T22:13:54.242+0000] {logging_mixin.py:190} INFO - [2026-03-22T22:13:54.242+0000] {dagbag.py:588} INFO - Filling up the DagBag from /home/ec2-user/environment/lab4_model_training/dags/generate_data_dag.py
[2026-03-22T22:13:55.504+0000] {processor.py:925} INFO - DAG(s) 'generate_data_only' retrieved from /home/ec2-user/environment/lab4_model_training/dags/generate_data_dag.py
[2026-03-22T22:13:55.518+0000] {logging_mixin.py:190} INFO - [2026-03-22T22:13:55.517+0000] {dag.py:3239} INFO - Sync 1 DAGs
[2026-03-22T22:13:55.527+0000] {logging_mixin.py:190} INFO - [2026-03-22T22:13:55.527+0000] {dag.py:4180} INFO - Setting next_dagrun for generate_data_only to None, run_after=None
[2026-03-22T22:13:55.545+0000] {processor.py:208} INFO - Processing /home/ec2-user/environment/lab4_model_training/dags/generate_data_dag.py took 1.312 seconds
[2026-03-22T22:14:26.322+0000] {processor.py:186} INFO - Started process (PID=7051) to work on /home/ec2-user/environment/lab4_model_training/dags/generate_data_dag.py
[2026-03-22T22:14:26.323+0000] {processor.py:914} INFO - Processing file /home/ec2-user/environment/lab4_model_training/dags/generate_data_dag.py for tasks to queue
[2026-03-22T22:14:26.324+0000] {logging_mixin.py:190} INFO - [2026-03-22T22:14:26.324+0000] {dagbag.py:588} INFO - Filling up the DagBag from /home/ec2-user/environment/lab4_model_training/dags/generate_data_dag.py
[2026-03-22T22:14:28.095+0000] {processor.py:925} INFO - DAG(s) 'generate_data_only' retrieved from /home/ec2-user/environment/lab4_model_training/dags/generate_data_dag.py
[2026-03-22T22:14:28.108+0000] {logging_mixin.py:190} INFO - [2026-03-22T22:14:28.108+0000] {dag.py:3239} INFO - Sync 1 DAGs
[2026-03-22T22:14:28.118+0000] {logging_mixin.py:190} INFO - [2026-03-22T22:14:28.118+0000] {dag.py:4180} INFO - Setting next_dagrun for generate_data_only to None, run_after=None
[2026-03-22T22:14:28.138+0000] {processor.py:208} INFO - Processing /home/ec2-user/environment/lab4_model_training/dags/generate_data_dag.py took 1.821 seconds
[2026-03-22T22:14:58.402+0000] {processor.py:186} INFO - Started process (PID=7145) to work on /home/ec2-user/environment/lab4_model_training/dags/generate_data_dag.py
[2026-03-22T22:14:58.403+0000] {processor.py:914} INFO - Processing file /home/ec2-user/environment/lab4_model_training/dags/generate_data_dag.py for tasks to queue
[2026-03-22T22:14:58.405+0000] {logging_mixin.py:190} INFO - [2026-03-22T22:14:58.404+0000] {dagbag.py:588} INFO - Filling up the DagBag from /home/ec2-user/environment/lab4_model_training/dags/generate_data_dag.py
[2026-03-22T22:14:59.644+0000] {processor.py:925} INFO - DAG(s) 'generate_data_only' retrieved from /home/ec2-user/environment/lab4_model_training/dags/generate_data_dag.py
[2026-03-22T22:14:59.664+0000] {logging_mixin.py:190} INFO - [2026-03-22T22:14:59.663+0000] {dag.py:3239} INFO - Sync 1 DAGs
[2026-03-22T22:14:59.673+0000] {logging_mixin.py:190} INFO - [2026-03-22T22:14:59.673+0000] {dag.py:4180} INFO - Setting next_dagrun for generate_data_only to None, run_after=None
[2026-03-22T22:14:59.694+0000] {processor.py:208} INFO - Processing /home/ec2-user/environment/lab4_model_training/dags/generate_data_dag.py took 1.296 seconds
[2026-03-22T22:15:29.886+0000] {processor.py:186} INFO - Started process (PID=7186) to work on /home/ec2-user/environment/lab4_model_training/dags/generate_data_dag.py
[2026-03-22T22:15:29.887+0000] {processor.py:914} INFO - Processing file /home/ec2-user/environment/lab4_model_training/dags/generate_data_dag.py for tasks to queue
[2026-03-22T22:15:29.888+0000] {logging_mixin.py:190} INFO - [2026-03-22T22:15:29.888+0000] {dagbag.py:588} INFO - Filling up the DagBag from /home/ec2-user/environment/lab4_model_training/dags/generate_data_dag.py
[2026-03-22T22:15:31.118+0000] {processor.py:925} INFO - DAG(s) 'generate_data_only' retrieved from /home/ec2-user/environment/lab4_model_training/dags/generate_data_dag.py
[2026-03-22T22:15:31.134+0000] {logging_mixin.py:190} INFO - [2026-03-22T22:15:31.133+0000] {dag.py:3239} INFO - Sync 1 DAGs
[2026-03-22T22:15:31.146+0000] {logging_mixin.py:190} INFO - [2026-03-22T22:15:31.146+0000] {dag.py:4180} INFO - Setting next_dagrun for generate_data_only to None, run_after=None
[2026-03-22T22:15:31.164+0000] {processor.py:208} INFO - Processing /home/ec2-user/environment/lab4_model_training/dags/generate_data_dag.py took 1.282 seconds
[2026-03-22T22:16:01.359+0000] {processor.py:186} INFO - Started process (PID=7214) to work on /home/ec2-user/environment/lab4_model_training/dags/generate_data_dag.py
[2026-03-22T22:16:01.360+0000] {processor.py:914} INFO - Processing file /home/ec2-user/environment/lab4_model_training/dags/generate_data_dag.py for tasks to queue
[2026-03-22T22:16:01.362+0000] {logging_mixin.py:190} INFO - [2026-03-22T22:16:01.361+0000] {dagbag.py:588} INFO - Filling up the DagBag from /home/ec2-user/environment/lab4_model_training/dags/generate_data_dag.py
[2026-03-22T22:16:02.617+0000] {processor.py:925} INFO - DAG(s) 'generate_data_only' retrieved from /home/ec2-user/environment/lab4_model_training/dags/generate_data_dag.py
[2026-03-22T22:16:02.633+0000] {logging_mixin.py:190} INFO - [2026-03-22T22:16:02.633+0000] {dag.py:3239} INFO - Sync 1 DAGs
[2026-03-22T22:16:02.642+0000] {logging_mixin.py:190} INFO - [2026-03-22T22:16:02.642+0000] {dag.py:4180} INFO - Setting next_dagrun for generate_data_only to None, run_after=None
[2026-03-22T22:16:02.660+0000] {processor.py:208} INFO - Processing /home/ec2-user/environment/lab4_model_training/dags/generate_data_dag.py took 1.305 seconds
[2026-03-22T22:16:32.943+0000] {processor.py:186} INFO - Started process (PID=7255) to work on /home/ec2-user/environment/lab4_model_training/dags/generate_data_dag.py
[2026-03-22T22:16:32.944+0000] {processor.py:914} INFO - Processing file /home/ec2-user/environment/lab4_model_training/dags/generate_data_dag.py for tasks to queue
[2026-03-22T22:16:32.946+0000] {logging_mixin.py:190} INFO - [2026-03-22T22:16:32.945+0000] {dagbag.py:588} INFO - Filling up the DagBag from /home/ec2-user/environment/lab4_model_training/dags/generate_data_dag.py
[2026-03-22T22:16:34.173+0000] {processor.py:925} INFO - DAG(s) 'generate_data_only' retrieved from /home/ec2-user/environment/lab4_model_training/dags/generate_data_dag.py
[2026-03-22T22:16:34.186+0000] {logging_mixin.py:190} INFO - [2026-03-22T22:16:34.185+0000] {dag.py:3239} INFO - Sync 1 DAGs
[2026-03-22T22:16:34.195+0000] {logging_mixin.py:190} INFO - [2026-03-22T22:16:34.195+0000] {dag.py:4180} INFO - Setting next_dagrun for generate_data_only to None, run_after=None
[2026-03-22T22:16:34.212+0000] {processor.py:208} INFO - Processing /home/ec2-user/environment/lab4_model_training/dags/generate_data_dag.py took 1.274 seconds
[2026-03-22T22:17:04.419+0000] {processor.py:186} INFO - Started process (PID=7343) to work on /home/ec2-user/environment/lab4_model_training/dags/generate_data_dag.py
[2026-03-22T22:17:04.420+0000] {processor.py:914} INFO - Processing file /home/ec2-user/environment/lab4_model_training/dags/generate_data_dag.py for tasks to queue
[2026-03-22T22:17:04.421+0000] {logging_mixin.py:190} INFO - [2026-03-22T22:17:04.421+0000] {dagbag.py:588} INFO - Filling up the DagBag from /home/ec2-user/environment/lab4_model_training/dags/generate_data_dag.py
[2026-03-22T22:17:05.655+0000] {processor.py:925} INFO - DAG(s) 'generate_data_only' retrieved from /home/ec2-user/environment/lab4_model_training/dags/generate_data_dag.py
[2026-03-22T22:17:05.667+0000] {logging_mixin.py:190} INFO - [2026-03-22T22:17:05.667+0000] {dag.py:3239} INFO - Sync 1 DAGs
[2026-03-22T22:17:05.676+0000] {logging_mixin.py:190} INFO - [2026-03-22T22:17:05.676+0000] {dag.py:4180} INFO - Setting next_dagrun for generate_data_only to None, run_after=None
[2026-03-22T22:17:05.693+0000] {processor.py:208} INFO - Processing /home/ec2-user/environment/lab4_model_training/dags/generate_data_dag.py took 1.280 seconds
[2026-03-22T22:17:36.393+0000] {processor.py:186} INFO - Started process (PID=7371) to work on /home/ec2-user/environment/lab4_model_training/dags/generate_data_dag.py
[2026-03-22T22:17:36.393+0000] {processor.py:914} INFO - Processing file /home/ec2-user/environment/lab4_model_training/dags/generate_data_dag.py for tasks to queue
[2026-03-22T22:17:36.395+0000] {logging_mixin.py:190} INFO - [2026-03-22T22:17:36.394+0000] {dagbag.py:588} INFO - Filling up the DagBag from /home/ec2-user/environment/lab4_model_training/dags/generate_data_dag.py
[2026-03-22T22:17:37.624+0000] {processor.py:925} INFO - DAG(s) 'generate_data_only' retrieved from /home/ec2-user/environment/lab4_model_training/dags/generate_data_dag.py
[2026-03-22T22:17:37.637+0000] {logging_mixin.py:190} INFO - [2026-03-22T22:17:37.636+0000] {dag.py:3239} INFO - Sync 1 DAGs
[2026-03-22T22:17:37.646+0000] {logging_mixin.py:190} INFO - [2026-03-22T22:17:37.645+0000] {dag.py:4180} INFO - Setting next_dagrun for generate_data_only to None, run_after=None
[2026-03-22T22:17:37.664+0000] {processor.py:208} INFO - Processing /home/ec2-user/environment/lab4_model_training/dags/generate_data_dag.py took 1.276 seconds
[2026-03-22T22:18:07.889+0000] {processor.py:186} INFO - Started process (PID=7413) to work on /home/ec2-user/environment/lab4_model_training/dags/generate_data_dag.py
[2026-03-22T22:18:07.890+0000] {processor.py:914} INFO - Processing file /home/ec2-user/environment/lab4_model_training/dags/generate_data_dag.py for tasks to queue
[2026-03-22T22:18:07.892+0000] {logging_mixin.py:190} INFO - [2026-03-22T22:18:07.891+0000] {dagbag.py:588} INFO - Filling up the DagBag from /home/ec2-user/environment/lab4_model_training/dags/generate_data_dag.py
[2026-03-22T22:18:09.110+0000] {processor.py:925} INFO - DAG(s) 'generate_data_only' retrieved from /home/ec2-user/environment/lab4_model_training/dags/generate_data_dag.py
[2026-03-22T22:18:09.122+0000] {logging_mixin.py:190} INFO - [2026-03-22T22:18:09.122+0000] {dag.py:3239} INFO - Sync 1 DAGs
[2026-03-22T22:18:09.132+0000] {logging_mixin.py:190} INFO - [2026-03-22T22:18:09.132+0000] {dag.py:4180} INFO - Setting next_dagrun for generate_data_only to None, run_after=None
[2026-03-22T22:18:09.149+0000] {processor.py:208} INFO - Processing /home/ec2-user/environment/lab4_model_training/dags/generate_data_dag.py took 1.265 seconds
[2026-03-22T22:18:39.866+0000] {processor.py:186} INFO - Started process (PID=7440) to work on /home/ec2-user/environment/lab4_model_training/dags/generate_data_dag.py
[2026-03-22T22:18:39.867+0000] {processor.py:914} INFO - Processing file /home/ec2-user/environment/lab4_model_training/dags/generate_data_dag.py for tasks to queue
[2026-03-22T22:18:39.868+0000] {logging_mixin.py:190} INFO - [2026-03-22T22:18:39.868+0000] {dagbag.py:588} INFO - Filling up the DagBag from /home/ec2-user/environment/lab4_model_training/dags/generate_data_dag.py
[2026-03-22T22:18:41.099+0000] {processor.py:925} INFO - DAG(s) 'generate_data_only' retrieved from /home/ec2-user/environment/lab4_model_training/dags/generate_data_dag.py
[2026-03-22T22:18:41.112+0000] {logging_mixin.py:190} INFO - [2026-03-22T22:18:41.112+0000] {dag.py:3239} INFO - Sync 1 DAGs
[2026-03-22T22:18:41.122+0000] {logging_mixin.py:190} INFO - [2026-03-22T22:18:41.122+0000] {dag.py:4180} INFO - Setting next_dagrun for generate_data_only to None, run_after=None
[2026-03-22T22:18:41.139+0000] {processor.py:208} INFO - Processing /home/ec2-user/environment/lab4_model_training/dags/generate_data_dag.py took 1.279 seconds
[2026-03-22T22:19:11.239+0000] {processor.py:186} INFO - Started process (PID=7528) to work on /home/ec2-user/environment/lab4_model_training/dags/generate_data_dag.py
[2026-03-22T22:19:11.239+0000] {processor.py:914} INFO - Processing file /home/ec2-user/environment/lab4_model_training/dags/generate_data_dag.py for tasks to queue
[2026-03-22T22:19:11.241+0000] {logging_mixin.py:190} INFO - [2026-03-22T22:19:11.241+0000] {dagbag.py:588} INFO - Filling up the DagBag from /home/ec2-user/environment/lab4_model_training/dags/generate_data_dag.py
[2026-03-22T22:19:12.485+0000] {processor.py:925} INFO - DAG(s) 'generate_data_only' retrieved from /home/ec2-user/environment/lab4_model_training/dags/generate_data_dag.py
[2026-03-22T22:19:12.499+0000] {logging_mixin.py:190} INFO - [2026-03-22T22:19:12.499+0000] {dag.py:3239} INFO - Sync 1 DAGs
[2026-03-22T22:19:12.509+0000] {logging_mixin.py:190} INFO - [2026-03-22T22:19:12.508+0000] {dag.py:4180} INFO - Setting next_dagrun for generate_data_only to None, run_after=None
[2026-03-22T22:19:12.526+0000] {processor.py:208} INFO - Processing /home/ec2-user/environment/lab4_model_training/dags/generate_data_dag.py took 1.292 seconds
[2026-03-22T22:19:42.607+0000] {processor.py:186} INFO - Started process (PID=7570) to work on /home/ec2-user/environment/lab4_model_training/dags/generate_data_dag.py
[2026-03-22T22:19:42.609+0000] {processor.py:914} INFO - Processing file /home/ec2-user/environment/lab4_model_training/dags/generate_data_dag.py for tasks to queue
[2026-03-22T22:19:42.610+0000] {logging_mixin.py:190} INFO - [2026-03-22T22:19:42.610+0000] {dagbag.py:588} INFO - Filling up the DagBag from /home/ec2-user/environment/lab4_model_training/dags/generate_data_dag.py
[2026-03-22T22:19:44.310+0000] {processor.py:925} INFO - DAG(s) 'generate_data_only' retrieved from /home/ec2-user/environment/lab4_model_training/dags/generate_data_dag.py
[2026-03-22T22:19:44.331+0000] {logging_mixin.py:190} INFO - [2026-03-22T22:19:44.331+0000] {dag.py:3239} INFO - Sync 1 DAGs
[2026-03-22T22:19:44.347+0000] {logging_mixin.py:190} INFO - [2026-03-22T22:19:44.347+0000] {dag.py:4180} INFO - Setting next_dagrun for generate_data_only to None, run_after=None
[2026-03-22T22:19:44.377+0000] {processor.py:208} INFO - Processing /home/ec2-user/environment/lab4_model_training/dags/generate_data_dag.py took 1.774 seconds
[2026-03-22T22:20:14.487+0000] {processor.py:186} INFO - Started process (PID=7614) to work on /home/ec2-user/environment/lab4_model_training/dags/generate_data_dag.py
[2026-03-22T22:20:14.488+0000] {processor.py:914} INFO - Processing file /home/ec2-user/environment/lab4_model_training/dags/generate_data_dag.py for tasks to queue
[2026-03-22T22:20:14.490+0000] {logging_mixin.py:190} INFO - [2026-03-22T22:20:14.489+0000] {dagbag.py:588} INFO - Filling up the DagBag from /home/ec2-user/environment/lab4_model_training/dags/generate_data_dag.py
[2026-03-22T22:20:15.725+0000] {processor.py:925} INFO - DAG(s) 'generate_data_only' retrieved from /home/ec2-user/environment/lab4_model_training/dags/generate_data_dag.py
[2026-03-22T22:20:15.738+0000] {logging_mixin.py:190} INFO - [2026-03-22T22:20:15.738+0000] {dag.py:3239} INFO - Sync 1 DAGs
[2026-03-22T22:20:15.747+0000] {logging_mixin.py:190} INFO - [2026-03-22T22:20:15.747+0000] {dag.py:4180} INFO - Setting next_dagrun for generate_data_only to None, run_after=None
[2026-03-22T22:20:15.764+0000] {processor.py:208} INFO - Processing /home/ec2-user/environment/lab4_model_training/dags/generate_data_dag.py took 1.282 seconds
[2026-03-22T22:20:45.852+0000] {processor.py:186} INFO - Started process (PID=7693) to work on /home/ec2-user/environment/lab4_model_training/dags/generate_data_dag.py
[2026-03-22T22:20:45.854+0000] {processor.py:914} INFO - Processing file /home/ec2-user/environment/lab4_model_training/dags/generate_data_dag.py for tasks to queue
[2026-03-22T22:20:45.855+0000] {logging_mixin.py:190} INFO - [2026-03-22T22:20:45.855+0000] {dagbag.py:588} INFO - Filling up the DagBag from /home/ec2-user/environment/lab4_model_training/dags/generate_data_dag.py
[2026-03-22T22:20:47.087+0000] {processor.py:925} INFO - DAG(s) 'generate_data_only' retrieved from /home/ec2-user/environment/lab4_model_training/dags/generate_data_dag.py
[2026-03-22T22:20:47.099+0000] {logging_mixin.py:190} INFO - [2026-03-22T22:20:47.099+0000] {dag.py:3239} INFO - Sync 1 DAGs
[2026-03-22T22:20:47.109+0000] {logging_mixin.py:190} INFO - [2026-03-22T22:20:47.109+0000] {dag.py:4180} INFO - Setting next_dagrun for generate_data_only to None, run_after=None
[2026-03-22T22:20:47.126+0000] {processor.py:208} INFO - Processing /home/ec2-user/environment/lab4_model_training/dags/generate_data_dag.py took 1.279 seconds
[2026-03-22T22:21:17.216+0000] {processor.py:186} INFO - Started process (PID=7732) to work on /home/ec2-user/environment/lab4_model_training/dags/generate_data_dag.py
[2026-03-22T22:21:17.217+0000] {processor.py:914} INFO - Processing file /home/ec2-user/environment/lab4_model_training/dags/generate_data_dag.py for tasks to queue
[2026-03-22T22:21:17.218+0000] {logging_mixin.py:190} INFO - [2026-03-22T22:21:17.218+0000] {dagbag.py:588} INFO - Filling up the DagBag from /home/ec2-user/environment/lab4_model_training/dags/generate_data_dag.py
[2026-03-22T22:21:18.447+0000] {processor.py:925} INFO - DAG(s) 'generate_data_only' retrieved from /home/ec2-user/environment/lab4_model_training/dags/generate_data_dag.py
[2026-03-22T22:21:18.460+0000] {logging_mixin.py:190} INFO - [2026-03-22T22:21:18.460+0000] {dag.py:3239} INFO - Sync 1 DAGs
[2026-03-22T22:21:18.469+0000] {logging_mixin.py:190} INFO - [2026-03-22T22:21:18.469+0000] {dag.py:4180} INFO - Setting next_dagrun for generate_data_only to None, run_after=None
[2026-03-22T22:21:18.486+0000] {processor.py:208} INFO - Processing /home/ec2-user/environment/lab4_model_training/dags/generate_data_dag.py took 1.275 seconds
[2026-03-22T22:21:48.578+0000] {processor.py:186} INFO - Started process (PID=7780) to work on /home/ec2-user/environment/lab4_model_training/dags/generate_data_dag.py
[2026-03-22T22:21:48.579+0000] {processor.py:914} INFO - Processing file /home/ec2-user/environment/lab4_model_training/dags/generate_data_dag.py for tasks to queue
[2026-03-22T22:21:48.581+0000] {logging_mixin.py:190} INFO - [2026-03-22T22:21:48.580+0000] {dagbag.py:588} INFO - Filling up the DagBag from /home/ec2-user/environment/lab4_model_training/dags/generate_data_dag.py
[2026-03-22T22:21:49.816+0000] {processor.py:925} INFO - DAG(s) 'generate_data_only' retrieved from /home/ec2-user/environment/lab4_model_training/dags/generate_data_dag.py
[2026-03-22T22:21:49.828+0000] {logging_mixin.py:190} INFO - [2026-03-22T22:21:49.828+0000] {dag.py:3239} INFO - Sync 1 DAGs
[2026-03-22T22:21:49.838+0000] {logging_mixin.py:190} INFO - [2026-03-22T22:21:49.837+0000] {dag.py:4180} INFO - Setting next_dagrun for generate_data_only to None, run_after=None
[2026-03-22T22:21:49.855+0000] {processor.py:208} INFO - Processing /home/ec2-user/environment/lab4_model_training/dags/generate_data_dag.py took 1.281 seconds
[2026-03-22T22:22:19.918+0000] {processor.py:186} INFO - Started process (PID=7866) to work on /home/ec2-user/environment/lab4_model_training/dags/generate_data_dag.py
[2026-03-22T22:22:19.919+0000] {processor.py:914} INFO - Processing file /home/ec2-user/environment/lab4_model_training/dags/generate_data_dag.py for tasks to queue
[2026-03-22T22:22:19.920+0000] {logging_mixin.py:190} INFO - [2026-03-22T22:22:19.920+0000] {dagbag.py:588} INFO - Filling up the DagBag from /home/ec2-user/environment/lab4_model_training/dags/generate_data_dag.py
[2026-03-22T22:22:21.167+0000] {processor.py:925} INFO - DAG(s) 'generate_data_only' retrieved from /home/ec2-user/environment/lab4_model_training/dags/generate_data_dag.py
[2026-03-22T22:22:21.180+0000] {logging_mixin.py:190} INFO - [2026-03-22T22:22:21.179+0000] {dag.py:3239} INFO - Sync 1 DAGs
[2026-03-22T22:22:21.189+0000] {logging_mixin.py:190} INFO - [2026-03-22T22:22:21.189+0000] {dag.py:4180} INFO - Setting next_dagrun for generate_data_only to None, run_after=None
[2026-03-22T22:22:21.207+0000] {processor.py:208} INFO - Processing /home/ec2-user/environment/lab4_model_training/dags/generate_data_dag.py took 1.295 seconds
[2026-03-22T22:22:51.288+0000] {processor.py:186} INFO - Started process (PID=7892) to work on /home/ec2-user/environment/lab4_model_training/dags/generate_data_dag.py
[2026-03-22T22:22:51.289+0000] {processor.py:914} INFO - Processing file /home/ec2-user/environment/lab4_model_training/dags/generate_data_dag.py for tasks to queue
[2026-03-22T22:22:51.290+0000] {logging_mixin.py:190} INFO - [2026-03-22T22:22:51.289+0000] {dagbag.py:588} INFO - Filling up the DagBag from /home/ec2-user/environment/lab4_model_training/dags/generate_data_dag.py
[2026-03-22T22:22:52.527+0000] {processor.py:925} INFO - DAG(s) 'generate_data_only' retrieved from /home/ec2-user/environment/lab4_model_training/dags/generate_data_dag.py
[2026-03-22T22:22:52.540+0000] {logging_mixin.py:190} INFO - [2026-03-22T22:22:52.539+0000] {dag.py:3239} INFO - Sync 1 DAGs
[2026-03-22T22:22:52.550+0000] {logging_mixin.py:190} INFO - [2026-03-22T22:22:52.550+0000] {dag.py:4180} INFO - Setting next_dagrun for generate_data_only to None, run_after=None
[2026-03-22T22:22:52.567+0000] {processor.py:208} INFO - Processing /home/ec2-user/environment/lab4_model_training/dags/generate_data_dag.py took 1.284 seconds
[2026-03-22T22:23:22.654+0000] {processor.py:186} INFO - Started process (PID=7934) to work on /home/ec2-user/environment/lab4_model_training/dags/generate_data_dag.py
[2026-03-22T22:23:22.655+0000] {processor.py:914} INFO - Processing file /home/ec2-user/environment/lab4_model_training/dags/generate_data_dag.py for tasks to queue
[2026-03-22T22:23:22.657+0000] {logging_mixin.py:190} INFO - [2026-03-22T22:23:22.656+0000] {dagbag.py:588} INFO - Filling up the DagBag from /home/ec2-user/environment/lab4_model_training/dags/generate_data_dag.py
[2026-03-22T22:23:23.912+0000] {processor.py:925} INFO - DAG(s) 'generate_data_only' retrieved from /home/ec2-user/environment/lab4_model_training/dags/generate_data_dag.py
[2026-03-22T22:23:23.925+0000] {logging_mixin.py:190} INFO - [2026-03-22T22:23:23.925+0000] {dag.py:3239} INFO - Sync 1 DAGs
[2026-03-22T22:23:23.935+0000] {logging_mixin.py:190} INFO - [2026-03-22T22:23:23.935+0000] {dag.py:4180} INFO - Setting next_dagrun for generate_data_only to None, run_after=None
[2026-03-22T22:23:23.955+0000] {processor.py:208} INFO - Processing /home/ec2-user/environment/lab4_model_training/dags/generate_data_dag.py took 1.306 seconds
[2026-03-22T22:23:54.120+0000] {processor.py:186} INFO - Started process (PID=7961) to work on /home/ec2-user/environment/lab4_model_training/dags/generate_data_dag.py
[2026-03-22T22:23:54.121+0000] {processor.py:914} INFO - Processing file /home/ec2-user/environment/lab4_model_training/dags/generate_data_dag.py for tasks to queue
[2026-03-22T22:23:54.122+0000] {logging_mixin.py:190} INFO - [2026-03-22T22:23:54.122+0000] {dagbag.py:588} INFO - Filling up the DagBag from /home/ec2-user/environment/lab4_model_training/dags/generate_data_dag.py
[2026-03-22T22:23:55.363+0000] {processor.py:925} INFO - DAG(s) 'generate_data_only' retrieved from /home/ec2-user/environment/lab4_model_training/dags/generate_data_dag.py
[2026-03-22T22:23:55.376+0000] {logging_mixin.py:190} INFO - [2026-03-22T22:23:55.376+0000] {dag.py:3239} INFO - Sync 1 DAGs
[2026-03-22T22:23:55.385+0000] {logging_mixin.py:190} INFO - [2026-03-22T22:23:55.385+0000] {dag.py:4180} INFO - Setting next_dagrun for generate_data_only to None, run_after=None
[2026-03-22T22:23:55.402+0000] {processor.py:208} INFO - Processing /home/ec2-user/environment/lab4_model_training/dags/generate_data_dag.py took 1.287 seconds
[2026-03-22T22:24:25.492+0000] {processor.py:186} INFO - Started process (PID=8051) to work on /home/ec2-user/environment/lab4_model_training/dags/generate_data_dag.py
[2026-03-22T22:24:25.492+0000] {processor.py:914} INFO - Processing file /home/ec2-user/environment/lab4_model_training/dags/generate_data_dag.py for tasks to queue
[2026-03-22T22:24:25.494+0000] {logging_mixin.py:190} INFO - [2026-03-22T22:24:25.493+0000] {dagbag.py:588} INFO - Filling up the DagBag from /home/ec2-user/environment/lab4_model_training/dags/generate_data_dag.py
[2026-03-22T22:24:26.726+0000] {processor.py:925} INFO - DAG(s) 'generate_data_only' retrieved from /home/ec2-user/environment/lab4_model_training/dags/generate_data_dag.py
[2026-03-22T22:24:26.739+0000] {logging_mixin.py:190} INFO - [2026-03-22T22:24:26.739+0000] {dag.py:3239} INFO - Sync 1 DAGs
[2026-03-22T22:24:26.748+0000] {logging_mixin.py:190} INFO - [2026-03-22T22:24:26.748+0000] {dag.py:4180} INFO - Setting next_dagrun for generate_data_only to None, run_after=None
[2026-03-22T22:24:26.766+0000] {processor.py:208} INFO - Processing /home/ec2-user/environment/lab4_model_training/dags/generate_data_dag.py took 1.279 seconds
[2026-03-22T22:24:56.857+0000] {processor.py:186} INFO - Started process (PID=8078) to work on /home/ec2-user/environment/lab4_model_training/dags/generate_data_dag.py
[2026-03-22T22:24:56.858+0000] {processor.py:914} INFO - Processing file /home/ec2-user/environment/lab4_model_training/dags/generate_data_dag.py for tasks to queue
[2026-03-22T22:24:56.860+0000] {logging_mixin.py:190} INFO - [2026-03-22T22:24:56.859+0000] {dagbag.py:588} INFO - Filling up the DagBag from /home/ec2-user/environment/lab4_model_training/dags/generate_data_dag.py
[2026-03-22T22:24:58.121+0000] {processor.py:925} INFO - DAG(s) 'generate_data_only' retrieved from /home/ec2-user/environment/lab4_model_training/dags/generate_data_dag.py
[2026-03-22T22:24:58.135+0000] {logging_mixin.py:190} INFO - [2026-03-22T22:24:58.134+0000] {dag.py:3239} INFO - Sync 1 DAGs
[2026-03-22T22:24:58.144+0000] {logging_mixin.py:190} INFO - [2026-03-22T22:24:58.144+0000] {dag.py:4180} INFO - Setting next_dagrun for generate_data_only to None, run_after=None
[2026-03-22T22:24:58.161+0000] {processor.py:208} INFO - Processing /home/ec2-user/environment/lab4_model_training/dags/generate_data_dag.py took 1.309 seconds
[2026-03-22T22:25:28.335+0000] {processor.py:186} INFO - Started process (PID=8121) to work on /home/ec2-user/environment/lab4_model_training/dags/generate_data_dag.py
[2026-03-22T22:25:28.335+0000] {processor.py:914} INFO - Processing file /home/ec2-user/environment/lab4_model_training/dags/generate_data_dag.py for tasks to queue
[2026-03-22T22:25:28.337+0000] {logging_mixin.py:190} INFO - [2026-03-22T22:25:28.336+0000] {dagbag.py:588} INFO - Filling up the DagBag from /home/ec2-user/environment/lab4_model_training/dags/generate_data_dag.py
[2026-03-22T22:25:29.581+0000] {processor.py:925} INFO - DAG(s) 'generate_data_only' retrieved from /home/ec2-user/environment/lab4_model_training/dags/generate_data_dag.py
[2026-03-22T22:25:29.595+0000] {logging_mixin.py:190} INFO - [2026-03-22T22:25:29.594+0000] {dag.py:3239} INFO - Sync 1 DAGs
[2026-03-22T22:25:29.604+0000] {logging_mixin.py:190} INFO - [2026-03-22T22:25:29.604+0000] {dag.py:4180} INFO - Setting next_dagrun for generate_data_only to None, run_after=None
[2026-03-22T22:25:29.641+0000] {processor.py:208} INFO - Processing /home/ec2-user/environment/lab4_model_training/dags/generate_data_dag.py took 1.313 seconds
[2026-03-22T22:25:59.889+0000] {processor.py:186} INFO - Started process (PID=8213) to work on /home/ec2-user/environment/lab4_model_training/dags/generate_data_dag.py
[2026-03-22T22:25:59.891+0000] {processor.py:914} INFO - Processing file /home/ec2-user/environment/lab4_model_training/dags/generate_data_dag.py for tasks to queue
[2026-03-22T22:25:59.892+0000] {logging_mixin.py:190} INFO - [2026-03-22T22:25:59.892+0000] {dagbag.py:588} INFO - Filling up the DagBag from /home/ec2-user/environment/lab4_model_training/dags/generate_data_dag.py
[2026-03-22T22:26:01.131+0000] {processor.py:925} INFO - DAG(s) 'generate_data_only' retrieved from /home/ec2-user/environment/lab4_model_training/dags/generate_data_dag.py
[2026-03-22T22:26:01.144+0000] {logging_mixin.py:190} INFO - [2026-03-22T22:26:01.144+0000] {dag.py:3239} INFO - Sync 1 DAGs
[2026-03-22T22:26:01.153+0000] {logging_mixin.py:190} INFO - [2026-03-22T22:26:01.153+0000] {dag.py:4180} INFO - Setting next_dagrun for generate_data_only to None, run_after=None
[2026-03-22T22:26:01.170+0000] {processor.py:208} INFO - Processing /home/ec2-user/environment/lab4_model_training/dags/generate_data_dag.py took 1.286 seconds
[2026-03-22T22:26:31.350+0000] {processor.py:186} INFO - Started process (PID=8251) to work on /home/ec2-user/environment/lab4_model_training/dags/generate_data_dag.py
[2026-03-22T22:26:31.351+0000] {processor.py:914} INFO - Processing file /home/ec2-user/environment/lab4_model_training/dags/generate_data_dag.py for tasks to queue
[2026-03-22T22:26:31.352+0000] {logging_mixin.py:190} INFO - [2026-03-22T22:26:31.352+0000] {dagbag.py:588} INFO - Filling up the DagBag from /home/ec2-user/environment/lab4_model_training/dags/generate_data_dag.py
[2026-03-22T22:26:32.591+0000] {processor.py:925} INFO - DAG(s) 'generate_data_only' retrieved from /home/ec2-user/environment/lab4_model_training/dags/generate_data_dag.py
[2026-03-22T22:26:32.604+0000] {logging_mixin.py:190} INFO - [2026-03-22T22:26:32.603+0000] {dag.py:3239} INFO - Sync 1 DAGs
[2026-03-22T22:26:32.613+0000] {logging_mixin.py:190} INFO - [2026-03-22T22:26:32.613+0000] {dag.py:4180} INFO - Setting next_dagrun for generate_data_only to None, run_after=None
[2026-03-22T22:26:32.630+0000] {processor.py:208} INFO - Processing /home/ec2-user/environment/lab4_model_training/dags/generate_data_dag.py took 1.285 seconds
[2026-03-22T22:27:02.822+0000] {processor.py:186} INFO - Started process (PID=8289) to work on /home/ec2-user/environment/lab4_model_training/dags/generate_data_dag.py
[2026-03-22T22:27:02.823+0000] {processor.py:914} INFO - Processing file /home/ec2-user/environment/lab4_model_training/dags/generate_data_dag.py for tasks to queue
[2026-03-22T22:27:02.825+0000] {logging_mixin.py:190} INFO - [2026-03-22T22:27:02.825+0000] {dagbag.py:588} INFO - Filling up the DagBag from /home/ec2-user/environment/lab4_model_training/dags/generate_data_dag.py
[2026-03-22T22:27:04.074+0000] {processor.py:925} INFO - DAG(s) 'generate_data_only' retrieved from /home/ec2-user/environment/lab4_model_training/dags/generate_data_dag.py
[2026-03-22T22:27:04.087+0000] {logging_mixin.py:190} INFO - [2026-03-22T22:27:04.086+0000] {dag.py:3239} INFO - Sync 1 DAGs
[2026-03-22T22:27:04.096+0000] {logging_mixin.py:190} INFO - [2026-03-22T22:27:04.096+0000] {dag.py:4180} INFO - Setting next_dagrun for generate_data_only to None, run_after=None
[2026-03-22T22:27:04.113+0000] {processor.py:208} INFO - Processing /home/ec2-user/environment/lab4_model_training/dags/generate_data_dag.py took 1.296 seconds
[2026-03-22T22:27:34.321+0000] {processor.py:186} INFO - Started process (PID=8315) to work on /home/ec2-user/environment/lab4_model_training/dags/generate_data_dag.py
[2026-03-22T22:27:34.322+0000] {processor.py:914} INFO - Processing file /home/ec2-user/environment/lab4_model_training/dags/generate_data_dag.py for tasks to queue
[2026-03-22T22:27:34.324+0000] {logging_mixin.py:190} INFO - [2026-03-22T22:27:34.323+0000] {dagbag.py:588} INFO - Filling up the DagBag from /home/ec2-user/environment/lab4_model_training/dags/generate_data_dag.py
[2026-03-22T22:27:35.576+0000] {processor.py:925} INFO - DAG(s) 'generate_data_only' retrieved from /home/ec2-user/environment/lab4_model_training/dags/generate_data_dag.py
[2026-03-22T22:27:35.592+0000] {logging_mixin.py:190} INFO - [2026-03-22T22:27:35.592+0000] {dag.py:3239} INFO - Sync 1 DAGs
[2026-03-22T22:27:35.601+0000] {logging_mixin.py:190} INFO - [2026-03-22T22:27:35.601+0000] {dag.py:4180} INFO - Setting next_dagrun for generate_data_only to None, run_after=None
[2026-03-22T22:27:35.620+0000] {processor.py:208} INFO - Processing /home/ec2-user/environment/lab4_model_training/dags/generate_data_dag.py took 1.304 seconds
[2026-03-22T22:28:05.815+0000] {processor.py:186} INFO - Started process (PID=8403) to work on /home/ec2-user/environment/lab4_model_training/dags/generate_data_dag.py
[2026-03-22T22:28:05.816+0000] {processor.py:914} INFO - Processing file /home/ec2-user/environment/lab4_model_training/dags/generate_data_dag.py for tasks to queue
[2026-03-22T22:28:05.818+0000] {logging_mixin.py:190} INFO - [2026-03-22T22:28:05.817+0000] {dagbag.py:588} INFO - Filling up the DagBag from /home/ec2-user/environment/lab4_model_training/dags/generate_data_dag.py
[2026-03-22T22:28:07.058+0000] {processor.py:925} INFO - DAG(s) 'generate_data_only' retrieved from /home/ec2-user/environment/lab4_model_training/dags/generate_data_dag.py
[2026-03-22T22:28:07.070+0000] {logging_mixin.py:190} INFO - [2026-03-22T22:28:07.070+0000] {dag.py:3239} INFO - Sync 1 DAGs
[2026-03-22T22:28:07.081+0000] {logging_mixin.py:190} INFO - [2026-03-22T22:28:07.081+0000] {dag.py:4180} INFO - Setting next_dagrun for generate_data_only to None, run_after=None
[2026-03-22T22:28:07.096+0000] {processor.py:208} INFO - Processing /home/ec2-user/environment/lab4_model_training/dags/generate_data_dag.py took 1.286 seconds
[2026-03-22T22:28:37.312+0000] {processor.py:186} INFO - Started process (PID=8432) to work on /home/ec2-user/environment/lab4_model_training/dags/generate_data_dag.py
[2026-03-22T22:28:37.313+0000] {processor.py:914} INFO - Processing file /home/ec2-user/environment/lab4_model_training/dags/generate_data_dag.py for tasks to queue
[2026-03-22T22:28:37.315+0000] {logging_mixin.py:190} INFO - [2026-03-22T22:28:37.314+0000] {dagbag.py:588} INFO - Filling up the DagBag from /home/ec2-user/environment/lab4_model_training/dags/generate_data_dag.py
[2026-03-22T22:28:38.553+0000] {processor.py:925} INFO - DAG(s) 'generate_data_only' retrieved from /home/ec2-user/environment/lab4_model_training/dags/generate_data_dag.py
[2026-03-22T22:28:38.566+0000] {logging_mixin.py:190} INFO - [2026-03-22T22:28:38.565+0000] {dag.py:3239} INFO - Sync 1 DAGs
[2026-03-22T22:28:38.576+0000] {logging_mixin.py:190} INFO - [2026-03-22T22:28:38.576+0000] {dag.py:4180} INFO - Setting next_dagrun for generate_data_only to None, run_after=None
[2026-03-22T22:28:38.593+0000] {processor.py:208} INFO - Processing /home/ec2-user/environment/lab4_model_training/dags/generate_data_dag.py took 1.286 seconds
[2026-03-22T22:29:08.835+0000] {processor.py:186} INFO - Started process (PID=8492) to work on /home/ec2-user/environment/lab4_model_training/dags/generate_data_dag.py
[2026-03-22T22:29:08.835+0000] {processor.py:914} INFO - Processing file /home/ec2-user/environment/lab4_model_training/dags/generate_data_dag.py for tasks to queue
[2026-03-22T22:29:08.838+0000] {logging_mixin.py:190} INFO - [2026-03-22T22:29:08.837+0000] {dagbag.py:588} INFO - Filling up the DagBag from /home/ec2-user/environment/lab4_model_training/dags/generate_data_dag.py
[2026-03-22T22:29:10.076+0000] {processor.py:925} INFO - DAG(s) 'generate_data_only' retrieved from /home/ec2-user/environment/lab4_model_training/dags/generate_data_dag.py
[2026-03-22T22:29:10.089+0000] {logging_mixin.py:190} INFO - [2026-03-22T22:29:10.089+0000] {dag.py:3239} INFO - Sync 1 DAGs
[2026-03-22T22:29:10.099+0000] {logging_mixin.py:190} INFO - [2026-03-22T22:29:10.099+0000] {dag.py:4180} INFO - Setting next_dagrun for generate_data_only to None, run_after=None
[2026-03-22T22:29:10.117+0000] {processor.py:208} INFO - Processing /home/ec2-user/environment/lab4_model_training/dags/generate_data_dag.py took 1.287 seconds
[2026-03-22T22:29:40.313+0000] {processor.py:186} INFO - Started process (PID=8519) to work on /home/ec2-user/environment/lab4_model_training/dags/generate_data_dag.py
[2026-03-22T22:29:40.314+0000] {processor.py:914} INFO - Processing file /home/ec2-user/environment/lab4_model_training/dags/generate_data_dag.py for tasks to queue
[2026-03-22T22:29:40.315+0000] {logging_mixin.py:190} INFO - [2026-03-22T22:29:40.315+0000] {dagbag.py:588} INFO - Filling up the DagBag from /home/ec2-user/environment/lab4_model_training/dags/generate_data_dag.py
[2026-03-22T22:29:41.564+0000] {processor.py:925} INFO - DAG(s) 'generate_data_only' retrieved from /home/ec2-user/environment/lab4_model_training/dags/generate_data_dag.py
[2026-03-22T22:29:41.578+0000] {logging_mixin.py:190} INFO - [2026-03-22T22:29:41.577+0000] {dag.py:3239} INFO - Sync 1 DAGs
[2026-03-22T22:29:41.587+0000] {logging_mixin.py:190} INFO - [2026-03-22T22:29:41.587+0000] {dag.py:4180} INFO - Setting next_dagrun for generate_data_only to None, run_after=None
[2026-03-22T22:29:41.604+0000] {processor.py:208} INFO - Processing /home/ec2-user/environment/lab4_model_training/dags/generate_data_dag.py took 1.296 seconds
[2026-03-22T22:30:12.437+0000] {processor.py:186} INFO - Started process (PID=8711) to work on /home/ec2-user/environment/lab4_model_training/dags/generate_data_dag.py
[2026-03-22T22:30:12.438+0000] {processor.py:914} INFO - Processing file /home/ec2-user/environment/lab4_model_training/dags/generate_data_dag.py for tasks to queue
[2026-03-22T22:30:12.440+0000] {logging_mixin.py:190} INFO - [2026-03-22T22:30:12.439+0000] {dagbag.py:588} INFO - Filling up the DagBag from /home/ec2-user/environment/lab4_model_training/dags/generate_data_dag.py
[2026-03-22T22:30:13.673+0000] {processor.py:925} INFO - DAG(s) 'generate_data_only' retrieved from /home/ec2-user/environment/lab4_model_training/dags/generate_data_dag.py
[2026-03-22T22:30:13.687+0000] {logging_mixin.py:190} INFO - [2026-03-22T22:30:13.687+0000] {dag.py:3239} INFO - Sync 1 DAGs
[2026-03-22T22:30:13.696+0000] {logging_mixin.py:190} INFO - [2026-03-22T22:30:13.696+0000] {dag.py:4180} INFO - Setting next_dagrun for generate_data_only to None, run_after=None
[2026-03-22T22:30:13.713+0000] {processor.py:208} INFO - Processing /home/ec2-user/environment/lab4_model_training/dags/generate_data_dag.py took 1.281 seconds
[2026-03-22T22:30:44.415+0000] {processor.py:186} INFO - Started process (PID=8744) to work on /home/ec2-user/environment/lab4_model_training/dags/generate_data_dag.py
[2026-03-22T22:30:44.416+0000] {processor.py:914} INFO - Processing file /home/ec2-user/environment/lab4_model_training/dags/generate_data_dag.py for tasks to queue
[2026-03-22T22:30:44.418+0000] {logging_mixin.py:190} INFO - [2026-03-22T22:30:44.417+0000] {dagbag.py:588} INFO - Filling up the DagBag from /home/ec2-user/environment/lab4_model_training/dags/generate_data_dag.py
[2026-03-22T22:30:45.647+0000] {processor.py:925} INFO - DAG(s) 'generate_data_only' retrieved from /home/ec2-user/environment/lab4_model_training/dags/generate_data_dag.py
[2026-03-22T22:30:45.661+0000] {logging_mixin.py:190} INFO - [2026-03-22T22:30:45.660+0000] {dag.py:3239} INFO - Sync 1 DAGs
[2026-03-22T22:30:45.670+0000] {logging_mixin.py:190} INFO - [2026-03-22T22:30:45.670+0000] {dag.py:4180} INFO - Setting next_dagrun for generate_data_only to None, run_after=None
[2026-03-22T22:30:45.687+0000] {processor.py:208} INFO - Processing /home/ec2-user/environment/lab4_model_training/dags/generate_data_dag.py took 1.277 seconds
[2026-03-22T22:31:16.394+0000] {processor.py:186} INFO - Started process (PID=8830) to work on /home/ec2-user/environment/lab4_model_training/dags/generate_data_dag.py
[2026-03-22T22:31:16.395+0000] {processor.py:914} INFO - Processing file /home/ec2-user/environment/lab4_model_training/dags/generate_data_dag.py for tasks to queue
[2026-03-22T22:31:16.397+0000] {logging_mixin.py:190} INFO - [2026-03-22T22:31:16.396+0000] {dagbag.py:588} INFO - Filling up the DagBag from /home/ec2-user/environment/lab4_model_training/dags/generate_data_dag.py
[2026-03-22T22:31:17.628+0000] {processor.py:925} INFO - DAG(s) 'generate_data_only' retrieved from /home/ec2-user/environment/lab4_model_training/dags/generate_data_dag.py
[2026-03-22T22:31:17.641+0000] {logging_mixin.py:190} INFO - [2026-03-22T22:31:17.641+0000] {dag.py:3239} INFO - Sync 1 DAGs
[2026-03-22T22:31:17.650+0000] {logging_mixin.py:190} INFO - [2026-03-22T22:31:17.650+0000] {dag.py:4180} INFO - Setting next_dagrun for generate_data_only to None, run_after=None
[2026-03-22T22:31:17.667+0000] {processor.py:208} INFO - Processing /home/ec2-user/environment/lab4_model_training/dags/generate_data_dag.py took 1.278 seconds
[2026-03-22T22:31:48.472+0000] {processor.py:186} INFO - Started process (PID=8856) to work on /home/ec2-user/environment/lab4_model_training/dags/generate_data_dag.py
[2026-03-22T22:31:48.473+0000] {processor.py:914} INFO - Processing file /home/ec2-user/environment/lab4_model_training/dags/generate_data_dag.py for tasks to queue
[2026-03-22T22:31:48.475+0000] {logging_mixin.py:190} INFO - [2026-03-22T22:31:48.474+0000] {dagbag.py:588} INFO - Filling up the DagBag from /home/ec2-user/environment/lab4_model_training/dags/generate_data_dag.py
[2026-03-22T22:31:49.708+0000] {processor.py:925} INFO - DAG(s) 'generate_data_only' retrieved from /home/ec2-user/environment/lab4_model_training/dags/generate_data_dag.py
[2026-03-22T22:31:49.720+0000] {logging_mixin.py:190} INFO - [2026-03-22T22:31:49.720+0000] {dag.py:3239} INFO - Sync 1 DAGs
[2026-03-22T22:31:49.729+0000] {logging_mixin.py:190} INFO - [2026-03-22T22:31:49.729+0000] {dag.py:4180} INFO - Setting next_dagrun for generate_data_only to None, run_after=None
[2026-03-22T22:31:49.746+0000] {processor.py:208} INFO - Processing /home/ec2-user/environment/lab4_model_training/dags/generate_data_dag.py took 1.279 seconds
[2026-03-22T22:32:19.800+0000] {processor.py:186} INFO - Started process (PID=8904) to work on /home/ec2-user/environment/lab4_model_training/dags/generate_data_dag.py
[2026-03-22T22:32:19.801+0000] {processor.py:914} INFO - Processing file /home/ec2-user/environment/lab4_model_training/dags/generate_data_dag.py for tasks to queue
[2026-03-22T22:32:19.802+0000] {logging_mixin.py:190} INFO - [2026-03-22T22:32:19.802+0000] {dagbag.py:588} INFO - Filling up the DagBag from /home/ec2-user/environment/lab4_model_training/dags/generate_data_dag.py
[2026-03-22T22:32:21.386+0000] {processor.py:925} INFO - DAG(s) 'generate_data_only' retrieved from /home/ec2-user/environment/lab4_model_training/dags/generate_data_dag.py
[2026-03-22T22:32:21.404+0000] {logging_mixin.py:190} INFO - [2026-03-22T22:32:21.404+0000] {dag.py:3239} INFO - Sync 1 DAGs
[2026-03-22T22:32:21.419+0000] {logging_mixin.py:190} INFO - [2026-03-22T22:32:21.419+0000] {dag.py:4180} INFO - Setting next_dagrun for generate_data_only to None, run_after=None
[2026-03-22T22:32:21.460+0000] {processor.py:208} INFO - Processing /home/ec2-user/environment/lab4_model_training/dags/generate_data_dag.py took 1.665 seconds
[2026-03-22T22:32:52.209+0000] {processor.py:186} INFO - Started process (PID=8957) to work on /home/ec2-user/environment/lab4_model_training/dags/generate_data_dag.py
[2026-03-22T22:32:52.213+0000] {processor.py:914} INFO - Processing file /home/ec2-user/environment/lab4_model_training/dags/generate_data_dag.py for tasks to queue
[2026-03-22T22:32:52.216+0000] {logging_mixin.py:190} INFO - [2026-03-22T22:32:52.215+0000] {dagbag.py:588} INFO - Filling up the DagBag from /home/ec2-user/environment/lab4_model_training/dags/generate_data_dag.py
[2026-03-22T22:32:53.568+0000] {processor.py:925} INFO - DAG(s) 'generate_data_only' retrieved from /home/ec2-user/environment/lab4_model_training/dags/generate_data_dag.py
[2026-03-22T22:32:53.580+0000] {logging_mixin.py:190} INFO - [2026-03-22T22:32:53.580+0000] {dag.py:3239} INFO - Sync 1 DAGs
[2026-03-22T22:32:53.589+0000] {logging_mixin.py:190} INFO - [2026-03-22T22:32:53.589+0000] {dag.py:4180} INFO - Setting next_dagrun for generate_data_only to None, run_after=None
[2026-03-22T22:32:53.608+0000] {processor.py:208} INFO - Processing /home/ec2-user/environment/lab4_model_training/dags/generate_data_dag.py took 1.405 seconds
[2026-03-22T22:33:24.410+0000] {processor.py:186} INFO - Started process (PID=9085) to work on /home/ec2-user/environment/lab4_model_training/dags/generate_data_dag.py
[2026-03-22T22:33:24.411+0000] {processor.py:914} INFO - Processing file /home/ec2-user/environment/lab4_model_training/dags/generate_data_dag.py for tasks to queue
[2026-03-22T22:33:24.412+0000] {logging_mixin.py:190} INFO - [2026-03-22T22:33:24.411+0000] {dagbag.py:588} INFO - Filling up the DagBag from /home/ec2-user/environment/lab4_model_training/dags/generate_data_dag.py
[2026-03-22T22:33:25.754+0000] {processor.py:925} INFO - DAG(s) 'generate_data_only' retrieved from /home/ec2-user/environment/lab4_model_training/dags/generate_data_dag.py
[2026-03-22T22:33:25.773+0000] {logging_mixin.py:190} INFO - [2026-03-22T22:33:25.772+0000] {dag.py:3239} INFO - Sync 1 DAGs
[2026-03-22T22:33:25.787+0000] {logging_mixin.py:190} INFO - [2026-03-22T22:33:25.787+0000] {dag.py:4180} INFO - Setting next_dagrun for generate_data_only to None, run_after=None
[2026-03-22T22:33:25.817+0000] {processor.py:208} INFO - Processing /home/ec2-user/environment/lab4_model_training/dags/generate_data_dag.py took 1.412 seconds
[2026-03-22T22:33:56.112+0000] {processor.py:186} INFO - Started process (PID=9124) to work on /home/ec2-user/environment/lab4_model_training/dags/generate_data_dag.py
[2026-03-22T22:33:56.114+0000] {processor.py:914} INFO - Processing file /home/ec2-user/environment/lab4_model_training/dags/generate_data_dag.py for tasks to queue
[2026-03-22T22:33:56.115+0000] {logging_mixin.py:190} INFO - [2026-03-22T22:33:56.114+0000] {dagbag.py:588} INFO - Filling up the DagBag from /home/ec2-user/environment/lab4_model_training/dags/generate_data_dag.py
[2026-03-22T22:33:57.350+0000] {processor.py:925} INFO - DAG(s) 'generate_data_only' retrieved from /home/ec2-user/environment/lab4_model_training/dags/generate_data_dag.py
[2026-03-22T22:33:57.363+0000] {logging_mixin.py:190} INFO - [2026-03-22T22:33:57.363+0000] {dag.py:3239} INFO - Sync 1 DAGs
[2026-03-22T22:33:57.374+0000] {logging_mixin.py:190} INFO - [2026-03-22T22:33:57.374+0000] {dag.py:4180} INFO - Setting next_dagrun for generate_data_only to None, run_after=None
[2026-03-22T22:33:57.391+0000] {processor.py:208} INFO - Processing /home/ec2-user/environment/lab4_model_training/dags/generate_data_dag.py took 1.284 seconds
[2026-03-22T22:34:27.460+0000] {processor.py:186} INFO - Started process (PID=9162) to work on /home/ec2-user/environment/lab4_model_training/dags/generate_data_dag.py
[2026-03-22T22:34:27.461+0000] {processor.py:914} INFO - Processing file /home/ec2-user/environment/lab4_model_training/dags/generate_data_dag.py for tasks to queue
[2026-03-22T22:34:27.463+0000] {logging_mixin.py:190} INFO - [2026-03-22T22:34:27.463+0000] {dagbag.py:588} INFO - Filling up the DagBag from /home/ec2-user/environment/lab4_model_training/dags/generate_data_dag.py
[2026-03-22T22:34:28.691+0000] {processor.py:925} INFO - DAG(s) 'generate_data_only' retrieved from /home/ec2-user/environment/lab4_model_training/dags/generate_data_dag.py
[2026-03-22T22:34:28.704+0000] {logging_mixin.py:190} INFO - [2026-03-22T22:34:28.703+0000] {dag.py:3239} INFO - Sync 1 DAGs
[2026-03-22T22:34:28.714+0000] {logging_mixin.py:190} INFO - [2026-03-22T22:34:28.714+0000] {dag.py:4180} INFO - Setting next_dagrun for generate_data_only to None, run_after=None
[2026-03-22T22:34:28.731+0000] {processor.py:208} INFO - Processing /home/ec2-user/environment/lab4_model_training/dags/generate_data_dag.py took 1.277 seconds
[2026-03-22T22:34:58.965+0000] {processor.py:186} INFO - Started process (PID=9239) to work on /home/ec2-user/environment/lab4_model_training/dags/generate_data_dag.py
[2026-03-22T22:34:58.966+0000] {processor.py:914} INFO - Processing file /home/ec2-user/environment/lab4_model_training/dags/generate_data_dag.py for tasks to queue
[2026-03-22T22:34:58.967+0000] {logging_mixin.py:190} INFO - [2026-03-22T22:34:58.966+0000] {dagbag.py:588} INFO - Filling up the DagBag from /home/ec2-user/environment/lab4_model_training/dags/generate_data_dag.py
[2026-03-22T22:35:00.212+0000] {processor.py:925} INFO - DAG(s) 'generate_data_only' retrieved from /home/ec2-user/environment/lab4_model_training/dags/generate_data_dag.py
[2026-03-22T22:35:00.226+0000] {logging_mixin.py:190} INFO - [2026-03-22T22:35:00.225+0000] {dag.py:3239} INFO - Sync 1 DAGs
[2026-03-22T22:35:00.235+0000] {logging_mixin.py:190} INFO - [2026-03-22T22:35:00.235+0000] {dag.py:4180} INFO - Setting next_dagrun for generate_data_only to None, run_after=None
[2026-03-22T22:35:00.253+0000] {processor.py:208} INFO - Processing /home/ec2-user/environment/lab4_model_training/dags/generate_data_dag.py took 1.293 seconds
[2026-03-22T22:35:30.469+0000] {processor.py:186} INFO - Started process (PID=9286) to work on /home/ec2-user/environment/lab4_model_training/dags/generate_data_dag.py
[2026-03-22T22:35:30.471+0000] {processor.py:914} INFO - Processing file /home/ec2-user/environment/lab4_model_training/dags/generate_data_dag.py for tasks to queue
[2026-03-22T22:35:30.472+0000] {logging_mixin.py:190} INFO - [2026-03-22T22:35:30.472+0000] {dagbag.py:588} INFO - Filling up the DagBag from /home/ec2-user/environment/lab4_model_training/dags/generate_data_dag.py
[2026-03-22T22:35:31.701+0000] {processor.py:925} INFO - DAG(s) 'generate_data_only' retrieved from /home/ec2-user/environment/lab4_model_training/dags/generate_data_dag.py
[2026-03-22T22:35:31.715+0000] {logging_mixin.py:190} INFO - [2026-03-22T22:35:31.715+0000] {dag.py:3239} INFO - Sync 1 DAGs
[2026-03-22T22:35:31.724+0000] {logging_mixin.py:190} INFO - [2026-03-22T22:35:31.724+0000] {dag.py:4180} INFO - Setting next_dagrun for generate_data_only to None, run_after=None
[2026-03-22T22:35:31.742+0000] {processor.py:208} INFO - Processing /home/ec2-user/environment/lab4_model_training/dags/generate_data_dag.py took 1.278 seconds
[2026-03-22T22:36:01.969+0000] {processor.py:186} INFO - Started process (PID=9332) to work on /home/ec2-user/environment/lab4_model_training/dags/generate_data_dag.py
[2026-03-22T22:36:01.970+0000] {processor.py:914} INFO - Processing file /home/ec2-user/environment/lab4_model_training/dags/generate_data_dag.py for tasks to queue
[2026-03-22T22:36:01.971+0000] {logging_mixin.py:190} INFO - [2026-03-22T22:36:01.971+0000] {dagbag.py:588} INFO - Filling up the DagBag from /home/ec2-user/environment/lab4_model_training/dags/generate_data_dag.py
[2026-03-22T22:36:03.515+0000] {processor.py:925} INFO - DAG(s) 'generate_data_only' retrieved from /home/ec2-user/environment/lab4_model_training/dags/generate_data_dag.py
[2026-03-22T22:36:03.529+0000] {logging_mixin.py:190} INFO - [2026-03-22T22:36:03.529+0000] {dag.py:3239} INFO - Sync 1 DAGs
[2026-03-22T22:36:03.539+0000] {logging_mixin.py:190} INFO - [2026-03-22T22:36:03.538+0000] {dag.py:4180} INFO - Setting next_dagrun for generate_data_only to None, run_after=None
[2026-03-22T22:36:03.556+0000] {processor.py:208} INFO - Processing /home/ec2-user/environment/lab4_model_training/dags/generate_data_dag.py took 1.592 seconds
[2026-03-22T22:36:34.267+0000] {processor.py:186} INFO - Started process (PID=9486) to work on /home/ec2-user/environment/lab4_model_training/dags/generate_data_dag.py
[2026-03-22T22:36:34.268+0000] {processor.py:914} INFO - Processing file /home/ec2-user/environment/lab4_model_training/dags/generate_data_dag.py for tasks to queue
[2026-03-22T22:36:34.269+0000] {logging_mixin.py:190} INFO - [2026-03-22T22:36:34.269+0000] {dagbag.py:588} INFO - Filling up the DagBag from /home/ec2-user/environment/lab4_model_training/dags/generate_data_dag.py
[2026-03-22T22:36:35.896+0000] {processor.py:925} INFO - DAG(s) 'generate_data_only' retrieved from /home/ec2-user/environment/lab4_model_training/dags/generate_data_dag.py
[2026-03-22T22:36:35.917+0000] {logging_mixin.py:190} INFO - [2026-03-22T22:36:35.916+0000] {dag.py:3239} INFO - Sync 1 DAGs
[2026-03-22T22:36:35.932+0000] {logging_mixin.py:190} INFO - [2026-03-22T22:36:35.932+0000] {dag.py:4180} INFO - Setting next_dagrun for generate_data_only to None, run_after=None
[2026-03-22T22:36:35.971+0000] {processor.py:208} INFO - Processing /home/ec2-user/environment/lab4_model_training/dags/generate_data_dag.py took 1.709 seconds
[2026-03-22T22:37:06.142+0000] {processor.py:186} INFO - Started process (PID=9530) to work on /home/ec2-user/environment/lab4_model_training/dags/generate_data_dag.py
[2026-03-22T22:37:06.143+0000] {processor.py:914} INFO - Processing file /home/ec2-user/environment/lab4_model_training/dags/generate_data_dag.py for tasks to queue
[2026-03-22T22:37:06.145+0000] {logging_mixin.py:190} INFO - [2026-03-22T22:37:06.144+0000] {dagbag.py:588} INFO - Filling up the DagBag from /home/ec2-user/environment/lab4_model_training/dags/generate_data_dag.py
[2026-03-22T22:37:07.380+0000] {processor.py:925} INFO - DAG(s) 'generate_data_only' retrieved from /home/ec2-user/environment/lab4_model_training/dags/generate_data_dag.py
[2026-03-22T22:37:07.393+0000] {logging_mixin.py:190} INFO - [2026-03-22T22:37:07.393+0000] {dag.py:3239} INFO - Sync 1 DAGs
[2026-03-22T22:37:07.402+0000] {logging_mixin.py:190} INFO - [2026-03-22T22:37:07.402+0000] {dag.py:4180} INFO - Setting next_dagrun for generate_data_only to None, run_after=None
[2026-03-22T22:37:07.419+0000] {processor.py:208} INFO - Processing /home/ec2-user/environment/lab4_model_training/dags/generate_data_dag.py took 1.282 seconds
[2026-03-22T22:37:37.501+0000] {processor.py:186} INFO - Started process (PID=9558) to work on /home/ec2-user/environment/lab4_model_training/dags/generate_data_dag.py
[2026-03-22T22:37:37.501+0000] {processor.py:914} INFO - Processing file /home/ec2-user/environment/lab4_model_training/dags/generate_data_dag.py for tasks to queue
[2026-03-22T22:37:37.504+0000] {logging_mixin.py:190} INFO - [2026-03-22T22:37:37.504+0000] {dagbag.py:588} INFO - Filling up the DagBag from /home/ec2-user/environment/lab4_model_training/dags/generate_data_dag.py
[2026-03-22T22:37:38.754+0000] {processor.py:925} INFO - DAG(s) 'generate_data_only' retrieved from /home/ec2-user/environment/lab4_model_training/dags/generate_data_dag.py
[2026-03-22T22:37:38.767+0000] {logging_mixin.py:190} INFO - [2026-03-22T22:37:38.766+0000] {dag.py:3239} INFO - Sync 1 DAGs
[2026-03-22T22:37:38.776+0000] {logging_mixin.py:190} INFO - [2026-03-22T22:37:38.776+0000] {dag.py:4180} INFO - Setting next_dagrun for generate_data_only to None, run_after=None
[2026-03-22T22:37:38.794+0000] {processor.py:208} INFO - Processing /home/ec2-user/environment/lab4_model_training/dags/generate_data_dag.py took 1.298 seconds
[2026-03-22T22:38:09.633+0000] {processor.py:186} INFO - Started process (PID=9648) to work on /home/ec2-user/environment/lab4_model_training/dags/generate_data_dag.py
[2026-03-22T22:38:09.634+0000] {processor.py:914} INFO - Processing file /home/ec2-user/environment/lab4_model_training/dags/generate_data_dag.py for tasks to queue
[2026-03-22T22:38:09.635+0000] {logging_mixin.py:190} INFO - [2026-03-22T22:38:09.635+0000] {dagbag.py:588} INFO - Filling up the DagBag from /home/ec2-user/environment/lab4_model_training/dags/generate_data_dag.py
[2026-03-22T22:38:10.866+0000] {processor.py:925} INFO - DAG(s) 'generate_data_only' retrieved from /home/ec2-user/environment/lab4_model_training/dags/generate_data_dag.py
[2026-03-22T22:38:10.879+0000] {logging_mixin.py:190} INFO - [2026-03-22T22:38:10.878+0000] {dag.py:3239} INFO - Sync 1 DAGs
[2026-03-22T22:38:10.888+0000] {logging_mixin.py:190} INFO - [2026-03-22T22:38:10.888+0000] {dag.py:4180} INFO - Setting next_dagrun for generate_data_only to None, run_after=None
[2026-03-22T22:38:10.907+0000] {processor.py:208} INFO - Processing /home/ec2-user/environment/lab4_model_training/dags/generate_data_dag.py took 1.280 seconds
[2026-03-22T22:38:41.289+0000] {processor.py:186} INFO - Started process (PID=9687) to work on /home/ec2-user/environment/lab4_model_training/dags/generate_data_dag.py
[2026-03-22T22:38:41.290+0000] {processor.py:914} INFO - Processing file /home/ec2-user/environment/lab4_model_training/dags/generate_data_dag.py for tasks to queue
[2026-03-22T22:38:41.292+0000] {logging_mixin.py:190} INFO - [2026-03-22T22:38:41.291+0000] {dagbag.py:588} INFO - Filling up the DagBag from /home/ec2-user/environment/lab4_model_training/dags/generate_data_dag.py
[2026-03-22T22:38:42.525+0000] {processor.py:925} INFO - DAG(s) 'generate_data_only' retrieved from /home/ec2-user/environment/lab4_model_training/dags/generate_data_dag.py
[2026-03-22T22:38:42.538+0000] {logging_mixin.py:190} INFO - [2026-03-22T22:38:42.537+0000] {dag.py:3239} INFO - Sync 1 DAGs
[2026-03-22T22:38:42.547+0000] {logging_mixin.py:190} INFO - [2026-03-22T22:38:42.547+0000] {dag.py:4180} INFO - Setting next_dagrun for generate_data_only to None, run_after=None
[2026-03-22T22:38:42.566+0000] {processor.py:208} INFO - Processing /home/ec2-user/environment/lab4_model_training/dags/generate_data_dag.py took 1.282 seconds
[2026-03-22T22:39:12.915+0000] {processor.py:186} INFO - Started process (PID=9730) to work on /home/ec2-user/environment/lab4_model_training/dags/generate_data_dag.py
[2026-03-22T22:39:12.916+0000] {processor.py:914} INFO - Processing file /home/ec2-user/environment/lab4_model_training/dags/generate_data_dag.py for tasks to queue
[2026-03-22T22:39:12.917+0000] {logging_mixin.py:190} INFO - [2026-03-22T22:39:12.917+0000] {dagbag.py:588} INFO - Filling up the DagBag from /home/ec2-user/environment/lab4_model_training/dags/generate_data_dag.py
[2026-03-22T22:39:14.142+0000] {processor.py:925} INFO - DAG(s) 'generate_data_only' retrieved from /home/ec2-user/environment/lab4_model_training/dags/generate_data_dag.py
[2026-03-22T22:39:14.154+0000] {logging_mixin.py:190} INFO - [2026-03-22T22:39:14.154+0000] {dag.py:3239} INFO - Sync 1 DAGs
[2026-03-22T22:39:14.165+0000] {logging_mixin.py:190} INFO - [2026-03-22T22:39:14.164+0000] {dag.py:4180} INFO - Setting next_dagrun for generate_data_only to None, run_after=None
[2026-03-22T22:39:14.182+0000] {processor.py:208} INFO - Processing /home/ec2-user/environment/lab4_model_training/dags/generate_data_dag.py took 1.271 seconds
[2026-03-22T22:39:44.550+0000] {processor.py:186} INFO - Started process (PID=9756) to work on /home/ec2-user/environment/lab4_model_training/dags/generate_data_dag.py
[2026-03-22T22:39:44.551+0000] {processor.py:914} INFO - Processing file /home/ec2-user/environment/lab4_model_training/dags/generate_data_dag.py for tasks to queue
[2026-03-22T22:39:44.552+0000] {logging_mixin.py:190} INFO - [2026-03-22T22:39:44.552+0000] {dagbag.py:588} INFO - Filling up the DagBag from /home/ec2-user/environment/lab4_model_training/dags/generate_data_dag.py
[2026-03-22T22:39:45.791+0000] {processor.py:925} INFO - DAG(s) 'generate_data_only' retrieved from /home/ec2-user/environment/lab4_model_training/dags/generate_data_dag.py
[2026-03-22T22:39:45.803+0000] {logging_mixin.py:190} INFO - [2026-03-22T22:39:45.803+0000] {dag.py:3239} INFO - Sync 1 DAGs
[2026-03-22T22:39:45.813+0000] {logging_mixin.py:190} INFO - [2026-03-22T22:39:45.813+0000] {dag.py:4180} INFO - Setting next_dagrun for generate_data_only to None, run_after=None
[2026-03-22T22:39:45.830+0000] {processor.py:208} INFO - Processing /home/ec2-user/environment/lab4_model_training/dags/generate_data_dag.py took 1.285 seconds
[2026-03-22T22:40:16.847+0000] {processor.py:186} INFO - Started process (PID=9845) to work on /home/ec2-user/environment/lab4_model_training/dags/generate_data_dag.py
[2026-03-22T22:40:16.848+0000] {processor.py:914} INFO - Processing file /home/ec2-user/environment/lab4_model_training/dags/generate_data_dag.py for tasks to queue
[2026-03-22T22:40:16.850+0000] {logging_mixin.py:190} INFO - [2026-03-22T22:40:16.850+0000] {dagbag.py:588} INFO - Filling up the DagBag from /home/ec2-user/environment/lab4_model_training/dags/generate_data_dag.py
[2026-03-22T22:40:18.087+0000] {processor.py:925} INFO - DAG(s) 'generate_data_only' retrieved from /home/ec2-user/environment/lab4_model_training/dags/generate_data_dag.py
[2026-03-22T22:40:18.100+0000] {logging_mixin.py:190} INFO - [2026-03-22T22:40:18.100+0000] {dag.py:3239} INFO - Sync 1 DAGs
[2026-03-22T22:40:18.110+0000] {logging_mixin.py:190} INFO - [2026-03-22T22:40:18.110+0000] {dag.py:4180} INFO - Setting next_dagrun for generate_data_only to None, run_after=None
[2026-03-22T22:40:18.127+0000] {processor.py:208} INFO - Processing /home/ec2-user/environment/lab4_model_training/dags/generate_data_dag.py took 1.285 seconds
[2026-03-22T22:40:48.189+0000] {processor.py:186} INFO - Started process (PID=9876) to work on /home/ec2-user/environment/lab4_model_training/dags/generate_data_dag.py
[2026-03-22T22:40:48.191+0000] {processor.py:914} INFO - Processing file /home/ec2-user/environment/lab4_model_training/dags/generate_data_dag.py for tasks to queue
[2026-03-22T22:40:48.192+0000] {logging_mixin.py:190} INFO - [2026-03-22T22:40:48.192+0000] {dagbag.py:588} INFO - Filling up the DagBag from /home/ec2-user/environment/lab4_model_training/dags/generate_data_dag.py
[2026-03-22T22:40:49.416+0000] {processor.py:925} INFO - DAG(s) 'generate_data_only' retrieved from /home/ec2-user/environment/lab4_model_training/dags/generate_data_dag.py
[2026-03-22T22:40:49.430+0000] {logging_mixin.py:190} INFO - [2026-03-22T22:40:49.429+0000] {dag.py:3239} INFO - Sync 1 DAGs
[2026-03-22T22:40:49.439+0000] {logging_mixin.py:190} INFO - [2026-03-22T22:40:49.439+0000] {dag.py:4180} INFO - Setting next_dagrun for generate_data_only to None, run_after=None
[2026-03-22T22:40:49.456+0000] {processor.py:208} INFO - Processing /home/ec2-user/environment/lab4_model_training/dags/generate_data_dag.py took 1.272 seconds
[2026-03-22T22:41:19.578+0000] {processor.py:186} INFO - Started process (PID=9914) to work on /home/ec2-user/environment/lab4_model_training/dags/generate_data_dag.py
[2026-03-22T22:41:19.580+0000] {processor.py:914} INFO - Processing file /home/ec2-user/environment/lab4_model_training/dags/generate_data_dag.py for tasks to queue
[2026-03-22T22:41:19.581+0000] {logging_mixin.py:190} INFO - [2026-03-22T22:41:19.581+0000] {dagbag.py:588} INFO - Filling up the DagBag from /home/ec2-user/environment/lab4_model_training/dags/generate_data_dag.py
[2026-03-22T22:41:20.807+0000] {processor.py:925} INFO - DAG(s) 'generate_data_only' retrieved from /home/ec2-user/environment/lab4_model_training/dags/generate_data_dag.py
[2026-03-22T22:41:20.821+0000] {logging_mixin.py:190} INFO - [2026-03-22T22:41:20.820+0000] {dag.py:3239} INFO - Sync 1 DAGs
[2026-03-22T22:41:20.830+0000] {logging_mixin.py:190} INFO - [2026-03-22T22:41:20.830+0000] {dag.py:4180} INFO - Setting next_dagrun for generate_data_only to None, run_after=None
[2026-03-22T22:41:20.847+0000] {processor.py:208} INFO - Processing /home/ec2-user/environment/lab4_model_training/dags/generate_data_dag.py took 1.274 seconds
[2026-03-22T22:41:51.457+0000] {processor.py:186} INFO - Started process (PID=9948) to work on /home/ec2-user/environment/lab4_model_training/dags/generate_data_dag.py
[2026-03-22T22:41:51.457+0000] {processor.py:914} INFO - Processing file /home/ec2-user/environment/lab4_model_training/dags/generate_data_dag.py for tasks to queue
[2026-03-22T22:41:51.459+0000] {logging_mixin.py:190} INFO - [2026-03-22T22:41:51.458+0000] {dagbag.py:588} INFO - Filling up the DagBag from /home/ec2-user/environment/lab4_model_training/dags/generate_data_dag.py
[2026-03-22T22:41:52.686+0000] {processor.py:925} INFO - DAG(s) 'generate_data_only' retrieved from /home/ec2-user/environment/lab4_model_training/dags/generate_data_dag.py
[2026-03-22T22:41:52.699+0000] {logging_mixin.py:190} INFO - [2026-03-22T22:41:52.699+0000] {dag.py:3239} INFO - Sync 1 DAGs
[2026-03-22T22:41:52.709+0000] {logging_mixin.py:190} INFO - [2026-03-22T22:41:52.709+0000] {dag.py:4180} INFO - Setting next_dagrun for generate_data_only to None, run_after=None
[2026-03-22T22:41:52.726+0000] {processor.py:208} INFO - Processing /home/ec2-user/environment/lab4_model_training/dags/generate_data_dag.py took 1.274 seconds
[2026-03-22T22:42:23.515+0000] {processor.py:186} INFO - Started process (PID=10057) to work on /home/ec2-user/environment/lab4_model_training/dags/generate_data_dag.py
[2026-03-22T22:42:23.516+0000] {processor.py:914} INFO - Processing file /home/ec2-user/environment/lab4_model_training/dags/generate_data_dag.py for tasks to queue
[2026-03-22T22:42:23.517+0000] {logging_mixin.py:190} INFO - [2026-03-22T22:42:23.517+0000] {dagbag.py:588} INFO - Filling up the DagBag from /home/ec2-user/environment/lab4_model_training/dags/generate_data_dag.py
[2026-03-22T22:42:24.752+0000] {processor.py:925} INFO - DAG(s) 'generate_data_only' retrieved from /home/ec2-user/environment/lab4_model_training/dags/generate_data_dag.py
[2026-03-22T22:42:24.765+0000] {logging_mixin.py:190} INFO - [2026-03-22T22:42:24.764+0000] {dag.py:3239} INFO - Sync 1 DAGs
[2026-03-22T22:42:24.774+0000] {logging_mixin.py:190} INFO - [2026-03-22T22:42:24.774+0000] {dag.py:4180} INFO - Setting next_dagrun for generate_data_only to None, run_after=None
[2026-03-22T22:42:24.791+0000] {processor.py:208} INFO - Processing /home/ec2-user/environment/lab4_model_training/dags/generate_data_dag.py took 1.282 seconds
[2026-03-22T22:42:55.152+0000] {processor.py:186} INFO - Started process (PID=10091) to work on /home/ec2-user/environment/lab4_model_training/dags/generate_data_dag.py
[2026-03-22T22:42:55.154+0000] {processor.py:914} INFO - Processing file /home/ec2-user/environment/lab4_model_training/dags/generate_data_dag.py for tasks to queue
[2026-03-22T22:42:55.155+0000] {logging_mixin.py:190} INFO - [2026-03-22T22:42:55.155+0000] {dagbag.py:588} INFO - Filling up the DagBag from /home/ec2-user/environment/lab4_model_training/dags/generate_data_dag.py
[2026-03-22T22:42:56.393+0000] {processor.py:925} INFO - DAG(s) 'generate_data_only' retrieved from /home/ec2-user/environment/lab4_model_training/dags/generate_data_dag.py
[2026-03-22T22:42:56.406+0000] {logging_mixin.py:190} INFO - [2026-03-22T22:42:56.405+0000] {dag.py:3239} INFO - Sync 1 DAGs
[2026-03-22T22:42:56.415+0000] {logging_mixin.py:190} INFO - [2026-03-22T22:42:56.415+0000] {dag.py:4180} INFO - Setting next_dagrun for generate_data_only to None, run_after=None
[2026-03-22T22:42:56.432+0000] {processor.py:208} INFO - Processing /home/ec2-user/environment/lab4_model_training/dags/generate_data_dag.py took 1.286 seconds
[2026-03-22T22:43:26.778+0000] {processor.py:186} INFO - Started process (PID=10130) to work on /home/ec2-user/environment/lab4_model_training/dags/generate_data_dag.py
[2026-03-22T22:43:26.779+0000] {processor.py:914} INFO - Processing file /home/ec2-user/environment/lab4_model_training/dags/generate_data_dag.py for tasks to queue
[2026-03-22T22:43:26.781+0000] {logging_mixin.py:190} INFO - [2026-03-22T22:43:26.780+0000] {dagbag.py:588} INFO - Filling up the DagBag from /home/ec2-user/environment/lab4_model_training/dags/generate_data_dag.py
[2026-03-22T22:43:28.002+0000] {processor.py:925} INFO - DAG(s) 'generate_data_only' retrieved from /home/ec2-user/environment/lab4_model_training/dags/generate_data_dag.py
[2026-03-22T22:43:28.015+0000] {logging_mixin.py:190} INFO - [2026-03-22T22:43:28.015+0000] {dag.py:3239} INFO - Sync 1 DAGs
[2026-03-22T22:43:28.024+0000] {logging_mixin.py:190} INFO - [2026-03-22T22:43:28.024+0000] {dag.py:4180} INFO - Setting next_dagrun for generate_data_only to None, run_after=None
[2026-03-22T22:43:28.042+0000] {processor.py:208} INFO - Processing /home/ec2-user/environment/lab4_model_training/dags/generate_data_dag.py took 1.269 seconds
[2026-03-22T22:43:58.404+0000] {processor.py:186} INFO - Started process (PID=10228) to work on /home/ec2-user/environment/lab4_model_training/dags/generate_data_dag.py
[2026-03-22T22:43:58.405+0000] {processor.py:914} INFO - Processing file /home/ec2-user/environment/lab4_model_training/dags/generate_data_dag.py for tasks to queue
[2026-03-22T22:43:58.406+0000] {logging_mixin.py:190} INFO - [2026-03-22T22:43:58.406+0000] {dagbag.py:588} INFO - Filling up the DagBag from /home/ec2-user/environment/lab4_model_training/dags/generate_data_dag.py
[2026-03-22T22:43:59.636+0000] {processor.py:925} INFO - DAG(s) 'generate_data_only' retrieved from /home/ec2-user/environment/lab4_model_training/dags/generate_data_dag.py
[2026-03-22T22:43:59.648+0000] {logging_mixin.py:190} INFO - [2026-03-22T22:43:59.648+0000] {dag.py:3239} INFO - Sync 1 DAGs
[2026-03-22T22:43:59.657+0000] {logging_mixin.py:190} INFO - [2026-03-22T22:43:59.657+0000] {dag.py:4180} INFO - Setting next_dagrun for generate_data_only to None, run_after=None
[2026-03-22T22:43:59.676+0000] {processor.py:208} INFO - Processing /home/ec2-user/environment/lab4_model_training/dags/generate_data_dag.py took 1.277 seconds
[2026-03-22T22:44:30.036+0000] {processor.py:186} INFO - Started process (PID=10271) to work on /home/ec2-user/environment/lab4_model_training/dags/generate_data_dag.py
[2026-03-22T22:44:30.037+0000] {processor.py:914} INFO - Processing file /home/ec2-user/environment/lab4_model_training/dags/generate_data_dag.py for tasks to queue
[2026-03-22T22:44:30.039+0000] {logging_mixin.py:190} INFO - [2026-03-22T22:44:30.038+0000] {dagbag.py:588} INFO - Filling up the DagBag from /home/ec2-user/environment/lab4_model_training/dags/generate_data_dag.py
[2026-03-22T22:44:31.264+0000] {processor.py:925} INFO - DAG(s) 'generate_data_only' retrieved from /home/ec2-user/environment/lab4_model_training/dags/generate_data_dag.py
[2026-03-22T22:44:31.277+0000] {logging_mixin.py:190} INFO - [2026-03-22T22:44:31.277+0000] {dag.py:3239} INFO - Sync 1 DAGs
[2026-03-22T22:44:31.287+0000] {logging_mixin.py:190} INFO - [2026-03-22T22:44:31.287+0000] {dag.py:4180} INFO - Setting next_dagrun for generate_data_only to None, run_after=None
[2026-03-22T22:44:31.304+0000] {processor.py:208} INFO - Processing /home/ec2-user/environment/lab4_model_training/dags/generate_data_dag.py took 1.273 seconds
[2026-03-22T22:45:01.684+0000] {processor.py:186} INFO - Started process (PID=10310) to work on /home/ec2-user/environment/lab4_model_training/dags/generate_data_dag.py
[2026-03-22T22:45:01.685+0000] {processor.py:914} INFO - Processing file /home/ec2-user/environment/lab4_model_training/dags/generate_data_dag.py for tasks to queue
[2026-03-22T22:45:01.687+0000] {logging_mixin.py:190} INFO - [2026-03-22T22:45:01.686+0000] {dagbag.py:588} INFO - Filling up the DagBag from /home/ec2-user/environment/lab4_model_training/dags/generate_data_dag.py
[2026-03-22T22:45:02.946+0000] {processor.py:925} INFO - DAG(s) 'generate_data_only' retrieved from /home/ec2-user/environment/lab4_model_training/dags/generate_data_dag.py
[2026-03-22T22:45:02.958+0000] {logging_mixin.py:190} INFO - [2026-03-22T22:45:02.958+0000] {dag.py:3239} INFO - Sync 1 DAGs
[2026-03-22T22:45:02.969+0000] {logging_mixin.py:190} INFO - [2026-03-22T22:45:02.969+0000] {dag.py:4180} INFO - Setting next_dagrun for generate_data_only to None, run_after=None
[2026-03-22T22:45:02.987+0000] {processor.py:208} INFO - Processing /home/ec2-user/environment/lab4_model_training/dags/generate_data_dag.py took 1.309 seconds
[2026-03-22T22:45:33.308+0000] {processor.py:186} INFO - Started process (PID=10342) to work on /home/ec2-user/environment/lab4_model_training/dags/generate_data_dag.py
[2026-03-22T22:45:33.309+0000] {processor.py:914} INFO - Processing file /home/ec2-user/environment/lab4_model_training/dags/generate_data_dag.py for tasks to queue
[2026-03-22T22:45:33.311+0000] {logging_mixin.py:190} INFO - [2026-03-22T22:45:33.311+0000] {dagbag.py:588} INFO - Filling up the DagBag from /home/ec2-user/environment/lab4_model_training/dags/generate_data_dag.py
[2026-03-22T22:45:34.540+0000] {processor.py:925} INFO - DAG(s) 'generate_data_only' retrieved from /home/ec2-user/environment/lab4_model_training/dags/generate_data_dag.py
[2026-03-22T22:45:34.553+0000] {logging_mixin.py:190} INFO - [2026-03-22T22:45:34.553+0000] {dag.py:3239} INFO - Sync 1 DAGs
[2026-03-22T22:45:34.562+0000] {logging_mixin.py:190} INFO - [2026-03-22T22:45:34.562+0000] {dag.py:4180} INFO - Setting next_dagrun for generate_data_only to None, run_after=None
[2026-03-22T22:45:34.580+0000] {processor.py:208} INFO - Processing /home/ec2-user/environment/lab4_model_training/dags/generate_data_dag.py took 1.277 seconds
[2026-03-22T22:46:04.934+0000] {processor.py:186} INFO - Started process (PID=10430) to work on /home/ec2-user/environment/lab4_model_training/dags/generate_data_dag.py
[2026-03-22T22:46:04.936+0000] {processor.py:914} INFO - Processing file /home/ec2-user/environment/lab4_model_training/dags/generate_data_dag.py for tasks to queue
[2026-03-22T22:46:04.937+0000] {logging_mixin.py:190} INFO - [2026-03-22T22:46:04.937+0000] {dagbag.py:588} INFO - Filling up the DagBag from /home/ec2-user/environment/lab4_model_training/dags/generate_data_dag.py
[2026-03-22T22:46:06.172+0000] {processor.py:925} INFO - DAG(s) 'generate_data_only' retrieved from /home/ec2-user/environment/lab4_model_training/dags/generate_data_dag.py
[2026-03-22T22:46:06.186+0000] {logging_mixin.py:190} INFO - [2026-03-22T22:46:06.185+0000] {dag.py:3239} INFO - Sync 1 DAGs
[2026-03-22T22:46:06.196+0000] {logging_mixin.py:190} INFO - [2026-03-22T22:46:06.196+0000] {dag.py:4180} INFO - Setting next_dagrun for generate_data_only to None, run_after=None
[2026-03-22T22:46:06.217+0000] {processor.py:208} INFO - Processing /home/ec2-user/environment/lab4_model_training/dags/generate_data_dag.py took 1.288 seconds
[2026-03-22T22:46:37.264+0000] {processor.py:186} INFO - Started process (PID=10474) to work on /home/ec2-user/environment/lab4_model_training/dags/generate_data_dag.py
[2026-03-22T22:46:37.265+0000] {processor.py:914} INFO - Processing file /home/ec2-user/environment/lab4_model_training/dags/generate_data_dag.py for tasks to queue
[2026-03-22T22:46:37.266+0000] {logging_mixin.py:190} INFO - [2026-03-22T22:46:37.266+0000] {dagbag.py:588} INFO - Filling up the DagBag from /home/ec2-user/environment/lab4_model_training/dags/generate_data_dag.py
[2026-03-22T22:46:38.589+0000] {processor.py:925} INFO - DAG(s) 'generate_data_only' retrieved from /home/ec2-user/environment/lab4_model_training/dags/generate_data_dag.py
[2026-03-22T22:46:38.608+0000] {logging_mixin.py:190} INFO - [2026-03-22T22:46:38.608+0000] {dag.py:3239} INFO - Sync 1 DAGs
[2026-03-22T22:46:38.622+0000] {logging_mixin.py:190} INFO - [2026-03-22T22:46:38.622+0000] {dag.py:4180} INFO - Setting next_dagrun for generate_data_only to None, run_after=None
[2026-03-22T22:46:38.652+0000] {processor.py:208} INFO - Processing /home/ec2-user/environment/lab4_model_training/dags/generate_data_dag.py took 1.392 seconds
[2026-03-22T22:47:09.530+0000] {processor.py:186} INFO - Started process (PID=10527) to work on /home/ec2-user/environment/lab4_model_training/dags/generate_data_dag.py
[2026-03-22T22:47:09.531+0000] {processor.py:914} INFO - Processing file /home/ec2-user/environment/lab4_model_training/dags/generate_data_dag.py for tasks to queue
[2026-03-22T22:47:09.533+0000] {logging_mixin.py:190} INFO - [2026-03-22T22:47:09.533+0000] {dagbag.py:588} INFO - Filling up the DagBag from /home/ec2-user/environment/lab4_model_training/dags/generate_data_dag.py
[2026-03-22T22:47:10.768+0000] {processor.py:925} INFO - DAG(s) 'generate_data_only' retrieved from /home/ec2-user/environment/lab4_model_training/dags/generate_data_dag.py
[2026-03-22T22:47:10.781+0000] {logging_mixin.py:190} INFO - [2026-03-22T22:47:10.781+0000] {dag.py:3239} INFO - Sync 1 DAGs
[2026-03-22T22:47:10.790+0000] {logging_mixin.py:190} INFO - [2026-03-22T22:47:10.790+0000] {dag.py:4180} INFO - Setting next_dagrun for generate_data_only to None, run_after=None
[2026-03-22T22:47:10.807+0000] {processor.py:208} INFO - Processing /home/ec2-user/environment/lab4_model_training/dags/generate_data_dag.py took 1.282 seconds
[2026-03-22T22:47:41.747+0000] {processor.py:186} INFO - Started process (PID=10572) to work on /home/ec2-user/environment/lab4_model_training/dags/generate_data_dag.py
[2026-03-22T22:47:41.748+0000] {processor.py:914} INFO - Processing file /home/ec2-user/environment/lab4_model_training/dags/generate_data_dag.py for tasks to queue
[2026-03-22T22:47:41.749+0000] {logging_mixin.py:190} INFO - [2026-03-22T22:47:41.749+0000] {dagbag.py:588} INFO - Filling up the DagBag from /home/ec2-user/environment/lab4_model_training/dags/generate_data_dag.py
[2026-03-22T22:47:42.991+0000] {processor.py:925} INFO - DAG(s) 'generate_data_only' retrieved from /home/ec2-user/environment/lab4_model_training/dags/generate_data_dag.py
[2026-03-22T22:47:43.003+0000] {logging_mixin.py:190} INFO - [2026-03-22T22:47:43.003+0000] {dag.py:3239} INFO - Sync 1 DAGs
[2026-03-22T22:47:43.013+0000] {logging_mixin.py:190} INFO - [2026-03-22T22:47:43.013+0000] {dag.py:4180} INFO - Setting next_dagrun for generate_data_only to None, run_after=None
[2026-03-22T22:47:43.031+0000] {processor.py:208} INFO - Processing /home/ec2-user/environment/lab4_model_training/dags/generate_data_dag.py took 1.289 seconds
[2026-03-22T22:48:13.153+0000] {processor.py:186} INFO - Started process (PID=10666) to work on /home/ec2-user/environment/lab4_model_training/dags/generate_data_dag.py
[2026-03-22T22:48:13.154+0000] {processor.py:914} INFO - Processing file /home/ec2-user/environment/lab4_model_training/dags/generate_data_dag.py for tasks to queue
[2026-03-22T22:48:13.155+0000] {logging_mixin.py:190} INFO - [2026-03-22T22:48:13.155+0000] {dagbag.py:588} INFO - Filling up the DagBag from /home/ec2-user/environment/lab4_model_training/dags/generate_data_dag.py
[2026-03-22T22:48:14.407+0000] {processor.py:925} INFO - DAG(s) 'generate_data_only' retrieved from /home/ec2-user/environment/lab4_model_training/dags/generate_data_dag.py
[2026-03-22T22:48:14.420+0000] {logging_mixin.py:190} INFO - [2026-03-22T22:48:14.419+0000] {dag.py:3239} INFO - Sync 1 DAGs
[2026-03-22T22:48:14.429+0000] {logging_mixin.py:190} INFO - [2026-03-22T22:48:14.429+0000] {dag.py:4180} INFO - Setting next_dagrun for generate_data_only to None, run_after=None
[2026-03-22T22:48:14.446+0000] {processor.py:208} INFO - Processing /home/ec2-user/environment/lab4_model_training/dags/generate_data_dag.py took 1.298 seconds
[2026-03-22T22:48:44.573+0000] {processor.py:186} INFO - Started process (PID=10693) to work on /home/ec2-user/environment/lab4_model_training/dags/generate_data_dag.py
[2026-03-22T22:48:44.574+0000] {processor.py:914} INFO - Processing file /home/ec2-user/environment/lab4_model_training/dags/generate_data_dag.py for tasks to queue
[2026-03-22T22:48:44.576+0000] {logging_mixin.py:190} INFO - [2026-03-22T22:48:44.575+0000] {dagbag.py:588} INFO - Filling up the DagBag from /home/ec2-user/environment/lab4_model_training/dags/generate_data_dag.py
[2026-03-22T22:48:45.812+0000] {processor.py:925} INFO - DAG(s) 'generate_data_only' retrieved from /home/ec2-user/environment/lab4_model_training/dags/generate_data_dag.py
[2026-03-22T22:48:45.825+0000] {logging_mixin.py:190} INFO - [2026-03-22T22:48:45.824+0000] {dag.py:3239} INFO - Sync 1 DAGs
[2026-03-22T22:48:45.834+0000] {logging_mixin.py:190} INFO - [2026-03-22T22:48:45.833+0000] {dag.py:4180} INFO - Setting next_dagrun for generate_data_only to None, run_after=None
[2026-03-22T22:48:45.852+0000] {processor.py:208} INFO - Processing /home/ec2-user/environment/lab4_model_training/dags/generate_data_dag.py took 1.284 seconds
[2026-03-22T22:49:15.966+0000] {processor.py:186} INFO - Started process (PID=10736) to work on /home/ec2-user/environment/lab4_model_training/dags/generate_data_dag.py
[2026-03-22T22:49:15.967+0000] {processor.py:914} INFO - Processing file /home/ec2-user/environment/lab4_model_training/dags/generate_data_dag.py for tasks to queue
[2026-03-22T22:49:15.968+0000] {logging_mixin.py:190} INFO - [2026-03-22T22:49:15.968+0000] {dagbag.py:588} INFO - Filling up the DagBag from /home/ec2-user/environment/lab4_model_training/dags/generate_data_dag.py
[2026-03-22T22:49:17.200+0000] {processor.py:925} INFO - DAG(s) 'generate_data_only' retrieved from /home/ec2-user/environment/lab4_model_training/dags/generate_data_dag.py
[2026-03-22T22:49:17.213+0000] {logging_mixin.py:190} INFO - [2026-03-22T22:49:17.212+0000] {dag.py:3239} INFO - Sync 1 DAGs
[2026-03-22T22:49:17.222+0000] {logging_mixin.py:190} INFO - [2026-03-22T22:49:17.222+0000] {dag.py:4180} INFO - Setting next_dagrun for generate_data_only to None, run_after=None
[2026-03-22T22:49:17.240+0000] {processor.py:208} INFO - Processing /home/ec2-user/environment/lab4_model_training/dags/generate_data_dag.py took 1.279 seconds
[2026-03-22T22:49:47.358+0000] {processor.py:186} INFO - Started process (PID=10773) to work on /home/ec2-user/environment/lab4_model_training/dags/generate_data_dag.py
[2026-03-22T22:49:47.359+0000] {processor.py:914} INFO - Processing file /home/ec2-user/environment/lab4_model_training/dags/generate_data_dag.py for tasks to queue
[2026-03-22T22:49:47.360+0000] {logging_mixin.py:190} INFO - [2026-03-22T22:49:47.360+0000] {dagbag.py:588} INFO - Filling up the DagBag from /home/ec2-user/environment/lab4_model_training/dags/generate_data_dag.py
[2026-03-22T22:49:48.594+0000] {processor.py:925} INFO - DAG(s) 'generate_data_only' retrieved from /home/ec2-user/environment/lab4_model_training/dags/generate_data_dag.py
[2026-03-22T22:49:48.607+0000] {logging_mixin.py:190} INFO - [2026-03-22T22:49:48.606+0000] {dag.py:3239} INFO - Sync 1 DAGs
[2026-03-22T22:49:48.617+0000] {logging_mixin.py:190} INFO - [2026-03-22T22:49:48.617+0000] {dag.py:4180} INFO - Setting next_dagrun for generate_data_only to None, run_after=None
[2026-03-22T22:49:48.637+0000] {processor.py:208} INFO - Processing /home/ec2-user/environment/lab4_model_training/dags/generate_data_dag.py took 1.285 seconds
[2026-03-22T22:50:18.750+0000] {processor.py:186} INFO - Started process (PID=10876) to work on /home/ec2-user/environment/lab4_model_training/dags/generate_data_dag.py
[2026-03-22T22:50:18.751+0000] {processor.py:914} INFO - Processing file /home/ec2-user/environment/lab4_model_training/dags/generate_data_dag.py for tasks to queue
[2026-03-22T22:50:18.752+0000] {logging_mixin.py:190} INFO - [2026-03-22T22:50:18.752+0000] {dagbag.py:588} INFO - Filling up the DagBag from /home/ec2-user/environment/lab4_model_training/dags/generate_data_dag.py
[2026-03-22T22:50:19.981+0000] {processor.py:925} INFO - DAG(s) 'generate_data_only' retrieved from /home/ec2-user/environment/lab4_model_training/dags/generate_data_dag.py
[2026-03-22T22:50:19.995+0000] {logging_mixin.py:190} INFO - [2026-03-22T22:50:19.994+0000] {dag.py:3239} INFO - Sync 1 DAGs
[2026-03-22T22:50:20.004+0000] {logging_mixin.py:190} INFO - [2026-03-22T22:50:20.004+0000] {dag.py:4180} INFO - Setting next_dagrun for generate_data_only to None, run_after=None
[2026-03-22T22:50:20.021+0000] {processor.py:208} INFO - Processing /home/ec2-user/environment/lab4_model_training/dags/generate_data_dag.py took 1.276 seconds
[2026-03-22T22:50:50.142+0000] {processor.py:186} INFO - Started process (PID=10907) to work on /home/ec2-user/environment/lab4_model_training/dags/generate_data_dag.py
[2026-03-22T22:50:50.143+0000] {processor.py:914} INFO - Processing file /home/ec2-user/environment/lab4_model_training/dags/generate_data_dag.py for tasks to queue
[2026-03-22T22:50:50.144+0000] {logging_mixin.py:190} INFO - [2026-03-22T22:50:50.144+0000] {dagbag.py:588} INFO - Filling up the DagBag from /home/ec2-user/environment/lab4_model_training/dags/generate_data_dag.py
[2026-03-22T22:50:51.369+0000] {processor.py:925} INFO - DAG(s) 'generate_data_only' retrieved from /home/ec2-user/environment/lab4_model_training/dags/generate_data_dag.py
[2026-03-22T22:50:51.383+0000] {logging_mixin.py:190} INFO - [2026-03-22T22:50:51.382+0000] {dag.py:3239} INFO - Sync 1 DAGs
[2026-03-22T22:50:51.392+0000] {logging_mixin.py:190} INFO - [2026-03-22T22:50:51.392+0000] {dag.py:4180} INFO - Setting next_dagrun for generate_data_only to None, run_after=None
[2026-03-22T22:50:51.409+0000] {processor.py:208} INFO - Processing /home/ec2-user/environment/lab4_model_training/dags/generate_data_dag.py took 1.272 seconds
[2026-03-22T22:51:21.476+0000] {processor.py:186} INFO - Started process (PID=10950) to work on /home/ec2-user/environment/lab4_model_training/dags/generate_data_dag.py
[2026-03-22T22:51:21.478+0000] {processor.py:914} INFO - Processing file /home/ec2-user/environment/lab4_model_training/dags/generate_data_dag.py for tasks to queue
[2026-03-22T22:51:21.479+0000] {logging_mixin.py:190} INFO - [2026-03-22T22:51:21.478+0000] {dagbag.py:588} INFO - Filling up the DagBag from /home/ec2-user/environment/lab4_model_training/dags/generate_data_dag.py
[2026-03-22T22:51:22.718+0000] {processor.py:925} INFO - DAG(s) 'generate_data_only' retrieved from /home/ec2-user/environment/lab4_model_training/dags/generate_data_dag.py
[2026-03-22T22:51:22.732+0000] {logging_mixin.py:190} INFO - [2026-03-22T22:51:22.732+0000] {dag.py:3239} INFO - Sync 1 DAGs
[2026-03-22T22:51:22.742+0000] {logging_mixin.py:190} INFO - [2026-03-22T22:51:22.742+0000] {dag.py:4180} INFO - Setting next_dagrun for generate_data_only to None, run_after=None
[2026-03-22T22:51:22.760+0000] {processor.py:208} INFO - Processing /home/ec2-user/environment/lab4_model_training/dags/generate_data_dag.py took 1.290 seconds
[2026-03-22T22:51:52.871+0000] {processor.py:186} INFO - Started process (PID=11054) to work on /home/ec2-user/environment/lab4_model_training/dags/generate_data_dag.py
[2026-03-22T22:51:52.871+0000] {processor.py:914} INFO - Processing file /home/ec2-user/environment/lab4_model_training/dags/generate_data_dag.py for tasks to queue
[2026-03-22T22:51:52.873+0000] {logging_mixin.py:190} INFO - [2026-03-22T22:51:52.872+0000] {dagbag.py:588} INFO - Filling up the DagBag from /home/ec2-user/environment/lab4_model_training/dags/generate_data_dag.py
[2026-03-22T22:51:54.098+0000] {processor.py:925} INFO - DAG(s) 'generate_data_only' retrieved from /home/ec2-user/environment/lab4_model_training/dags/generate_data_dag.py
[2026-03-22T22:51:54.111+0000] {logging_mixin.py:190} INFO - [2026-03-22T22:51:54.111+0000] {dag.py:3239} INFO - Sync 1 DAGs
[2026-03-22T22:51:54.120+0000] {logging_mixin.py:190} INFO - [2026-03-22T22:51:54.120+0000] {dag.py:4180} INFO - Setting next_dagrun for generate_data_only to None, run_after=None
[2026-03-22T22:51:54.137+0000] {processor.py:208} INFO - Processing /home/ec2-user/environment/lab4_model_training/dags/generate_data_dag.py took 1.271 seconds
[2026-03-22T22:52:24.272+0000] {processor.py:186} INFO - Started process (PID=11099) to work on /home/ec2-user/environment/lab4_model_training/dags/generate_data_dag.py
[2026-03-22T22:52:24.273+0000] {processor.py:914} INFO - Processing file /home/ec2-user/environment/lab4_model_training/dags/generate_data_dag.py for tasks to queue
[2026-03-22T22:52:24.274+0000] {logging_mixin.py:190} INFO - [2026-03-22T22:52:24.274+0000] {dagbag.py:588} INFO - Filling up the DagBag from /home/ec2-user/environment/lab4_model_training/dags/generate_data_dag.py
[2026-03-22T22:52:25.505+0000] {processor.py:925} INFO - DAG(s) 'generate_data_only' retrieved from /home/ec2-user/environment/lab4_model_training/dags/generate_data_dag.py
[2026-03-22T22:52:25.517+0000] {logging_mixin.py:190} INFO - [2026-03-22T22:52:25.517+0000] {dag.py:3239} INFO - Sync 1 DAGs
[2026-03-22T22:52:25.526+0000] {logging_mixin.py:190} INFO - [2026-03-22T22:52:25.526+0000] {dag.py:4180} INFO - Setting next_dagrun for generate_data_only to None, run_after=None
[2026-03-22T22:52:25.544+0000] {processor.py:208} INFO - Processing /home/ec2-user/environment/lab4_model_training/dags/generate_data_dag.py took 1.277 seconds
[2026-03-22T22:52:55.673+0000] {processor.py:186} INFO - Started process (PID=11140) to work on /home/ec2-user/environment/lab4_model_training/dags/generate_data_dag.py
[2026-03-22T22:52:55.676+0000] {processor.py:914} INFO - Processing file /home/ec2-user/environment/lab4_model_training/dags/generate_data_dag.py for tasks to queue
[2026-03-22T22:52:55.678+0000] {logging_mixin.py:190} INFO - [2026-03-22T22:52:55.678+0000] {dagbag.py:588} INFO - Filling up the DagBag from /home/ec2-user/environment/lab4_model_training/dags/generate_data_dag.py
[2026-03-22T22:52:56.948+0000] {processor.py:925} INFO - DAG(s) 'generate_data_only' retrieved from /home/ec2-user/environment/lab4_model_training/dags/generate_data_dag.py
[2026-03-22T22:52:56.961+0000] {logging_mixin.py:190} INFO - [2026-03-22T22:52:56.961+0000] {dag.py:3239} INFO - Sync 1 DAGs
[2026-03-22T22:52:56.971+0000] {logging_mixin.py:190} INFO - [2026-03-22T22:52:56.971+0000] {dag.py:4180} INFO - Setting next_dagrun for generate_data_only to None, run_after=None
[2026-03-22T22:52:56.989+0000] {processor.py:208} INFO - Processing /home/ec2-user/environment/lab4_model_training/dags/generate_data_dag.py took 1.323 seconds
[2026-03-22T22:53:27.159+0000] {processor.py:186} INFO - Started process (PID=11217) to work on /home/ec2-user/environment/lab4_model_training/dags/generate_data_dag.py
[2026-03-22T22:53:27.160+0000] {processor.py:914} INFO - Processing file /home/ec2-user/environment/lab4_model_training/dags/generate_data_dag.py for tasks to queue
[2026-03-22T22:53:27.162+0000] {logging_mixin.py:190} INFO - [2026-03-22T22:53:27.161+0000] {dagbag.py:588} INFO - Filling up the DagBag from /home/ec2-user/environment/lab4_model_training/dags/generate_data_dag.py
[2026-03-22T22:53:28.386+0000] {processor.py:925} INFO - DAG(s) 'generate_data_only' retrieved from /home/ec2-user/environment/lab4_model_training/dags/generate_data_dag.py
[2026-03-22T22:53:28.398+0000] {logging_mixin.py:190} INFO - [2026-03-22T22:53:28.398+0000] {dag.py:3239} INFO - Sync 1 DAGs
[2026-03-22T22:53:28.408+0000] {logging_mixin.py:190} INFO - [2026-03-22T22:53:28.407+0000] {dag.py:4180} INFO - Setting next_dagrun for generate_data_only to None, run_after=None
[2026-03-22T22:53:28.426+0000] {processor.py:208} INFO - Processing /home/ec2-user/environment/lab4_model_training/dags/generate_data_dag.py took 1.271 seconds
[2026-03-22T22:53:58.554+0000] {processor.py:186} INFO - Started process (PID=11246) to work on /home/ec2-user/environment/lab4_model_training/dags/generate_data_dag.py
[2026-03-22T22:53:58.555+0000] {processor.py:914} INFO - Processing file /home/ec2-user/environment/lab4_model_training/dags/generate_data_dag.py for tasks to queue
[2026-03-22T22:53:58.557+0000] {logging_mixin.py:190} INFO - [2026-03-22T22:53:58.556+0000] {dagbag.py:588} INFO - Filling up the DagBag from /home/ec2-user/environment/lab4_model_training/dags/generate_data_dag.py
[2026-03-22T22:53:59.791+0000] {processor.py:925} INFO - DAG(s) 'generate_data_only' retrieved from /home/ec2-user/environment/lab4_model_training/dags/generate_data_dag.py
[2026-03-22T22:53:59.804+0000] {logging_mixin.py:190} INFO - [2026-03-22T22:53:59.804+0000] {dag.py:3239} INFO - Sync 1 DAGs
[2026-03-22T22:53:59.813+0000] {logging_mixin.py:190} INFO - [2026-03-22T22:53:59.813+0000] {dag.py:4180} INFO - Setting next_dagrun for generate_data_only to None, run_after=None
[2026-03-22T22:53:59.831+0000] {processor.py:208} INFO - Processing /home/ec2-user/environment/lab4_model_training/dags/generate_data_dag.py took 1.282 seconds
[2026-03-22T22:54:29.951+0000] {processor.py:186} INFO - Started process (PID=11290) to work on /home/ec2-user/environment/lab4_model_training/dags/generate_data_dag.py
[2026-03-22T22:54:29.952+0000] {processor.py:914} INFO - Processing file /home/ec2-user/environment/lab4_model_training/dags/generate_data_dag.py for tasks to queue
[2026-03-22T22:54:29.953+0000] {logging_mixin.py:190} INFO - [2026-03-22T22:54:29.953+0000] {dagbag.py:588} INFO - Filling up the DagBag from /home/ec2-user/environment/lab4_model_training/dags/generate_data_dag.py
[2026-03-22T22:54:31.176+0000] {processor.py:925} INFO - DAG(s) 'generate_data_only' retrieved from /home/ec2-user/environment/lab4_model_training/dags/generate_data_dag.py
[2026-03-22T22:54:31.188+0000] {logging_mixin.py:190} INFO - [2026-03-22T22:54:31.188+0000] {dag.py:3239} INFO - Sync 1 DAGs
[2026-03-22T22:54:31.198+0000] {logging_mixin.py:190} INFO - [2026-03-22T22:54:31.198+0000] {dag.py:4180} INFO - Setting next_dagrun for generate_data_only to None, run_after=None
[2026-03-22T22:54:31.215+0000] {processor.py:208} INFO - Processing /home/ec2-user/environment/lab4_model_training/dags/generate_data_dag.py took 1.269 seconds
[2026-03-22T22:55:01.348+0000] {processor.py:186} INFO - Started process (PID=11365) to work on /home/ec2-user/environment/lab4_model_training/dags/generate_data_dag.py
[2026-03-22T22:55:01.349+0000] {processor.py:914} INFO - Processing file /home/ec2-user/environment/lab4_model_training/dags/generate_data_dag.py for tasks to queue
[2026-03-22T22:55:01.351+0000] {logging_mixin.py:190} INFO - [2026-03-22T22:55:01.350+0000] {dagbag.py:588} INFO - Filling up the DagBag from /home/ec2-user/environment/lab4_model_training/dags/generate_data_dag.py
[2026-03-22T22:55:02.600+0000] {processor.py:925} INFO - DAG(s) 'generate_data_only' retrieved from /home/ec2-user/environment/lab4_model_training/dags/generate_data_dag.py
[2026-03-22T22:55:02.612+0000] {logging_mixin.py:190} INFO - [2026-03-22T22:55:02.612+0000] {dag.py:3239} INFO - Sync 1 DAGs
[2026-03-22T22:55:02.623+0000] {logging_mixin.py:190} INFO - [2026-03-22T22:55:02.623+0000] {dag.py:4180} INFO - Setting next_dagrun for generate_data_only to None, run_after=None
[2026-03-22T22:55:02.640+0000] {processor.py:208} INFO - Processing /home/ec2-user/environment/lab4_model_training/dags/generate_data_dag.py took 1.297 seconds
[2026-03-22T22:55:32.753+0000] {processor.py:186} INFO - Started process (PID=11404) to work on /home/ec2-user/environment/lab4_model_training/dags/generate_data_dag.py
[2026-03-22T22:55:32.755+0000] {processor.py:914} INFO - Processing file /home/ec2-user/environment/lab4_model_training/dags/generate_data_dag.py for tasks to queue
[2026-03-22T22:55:32.756+0000] {logging_mixin.py:190} INFO - [2026-03-22T22:55:32.755+0000] {dagbag.py:588} INFO - Filling up the DagBag from /home/ec2-user/environment/lab4_model_training/dags/generate_data_dag.py
[2026-03-22T22:55:34.007+0000] {processor.py:925} INFO - DAG(s) 'generate_data_only' retrieved from /home/ec2-user/environment/lab4_model_training/dags/generate_data_dag.py
[2026-03-22T22:55:34.021+0000] {logging_mixin.py:190} INFO - [2026-03-22T22:55:34.020+0000] {dag.py:3239} INFO - Sync 1 DAGs
[2026-03-22T22:55:34.030+0000] {logging_mixin.py:190} INFO - [2026-03-22T22:55:34.030+0000] {dag.py:4180} INFO - Setting next_dagrun for generate_data_only to None, run_after=None
[2026-03-22T22:55:34.048+0000] {processor.py:208} INFO - Processing /home/ec2-user/environment/lab4_model_training/dags/generate_data_dag.py took 1.299 seconds
[2026-03-22T22:56:04.103+0000] {processor.py:186} INFO - Started process (PID=11450) to work on /home/ec2-user/environment/lab4_model_training/dags/generate_data_dag.py
[2026-03-22T22:56:04.105+0000] {processor.py:914} INFO - Processing file /home/ec2-user/environment/lab4_model_training/dags/generate_data_dag.py for tasks to queue
[2026-03-22T22:56:04.106+0000] {logging_mixin.py:190} INFO - [2026-03-22T22:56:04.106+0000] {dagbag.py:588} INFO - Filling up the DagBag from /home/ec2-user/environment/lab4_model_training/dags/generate_data_dag.py
[2026-03-22T22:56:05.338+0000] {processor.py:925} INFO - DAG(s) 'generate_data_only' retrieved from /home/ec2-user/environment/lab4_model_training/dags/generate_data_dag.py
[2026-03-22T22:56:05.352+0000] {logging_mixin.py:190} INFO - [2026-03-22T22:56:05.352+0000] {dag.py:3239} INFO - Sync 1 DAGs
[2026-03-22T22:56:05.361+0000] {logging_mixin.py:190} INFO - [2026-03-22T22:56:05.361+0000] {dag.py:4180} INFO - Setting next_dagrun for generate_data_only to None, run_after=None
[2026-03-22T22:56:05.378+0000] {processor.py:208} INFO - Processing /home/ec2-user/environment/lab4_model_training/dags/generate_data_dag.py took 1.279 seconds
[2026-03-22T22:56:35.576+0000] {processor.py:186} INFO - Started process (PID=11478) to work on /home/ec2-user/environment/lab4_model_training/dags/generate_data_dag.py
[2026-03-22T22:56:35.577+0000] {processor.py:914} INFO - Processing file /home/ec2-user/environment/lab4_model_training/dags/generate_data_dag.py for tasks to queue
[2026-03-22T22:56:35.579+0000] {logging_mixin.py:190} INFO - [2026-03-22T22:56:35.578+0000] {dagbag.py:588} INFO - Filling up the DagBag from /home/ec2-user/environment/lab4_model_training/dags/generate_data_dag.py
[2026-03-22T22:56:36.826+0000] {processor.py:925} INFO - DAG(s) 'generate_data_only' retrieved from /home/ec2-user/environment/lab4_model_training/dags/generate_data_dag.py
[2026-03-22T22:56:36.839+0000] {logging_mixin.py:190} INFO - [2026-03-22T22:56:36.839+0000] {dag.py:3239} INFO - Sync 1 DAGs
[2026-03-22T22:56:36.848+0000] {logging_mixin.py:190} INFO - [2026-03-22T22:56:36.848+0000] {dag.py:4180} INFO - Setting next_dagrun for generate_data_only to None, run_after=None
[2026-03-22T22:56:36.867+0000] {processor.py:208} INFO - Processing /home/ec2-user/environment/lab4_model_training/dags/generate_data_dag.py took 1.295 seconds
[2026-03-22T22:57:07.157+0000] {processor.py:186} INFO - Started process (PID=11572) to work on /home/ec2-user/environment/lab4_model_training/dags/generate_data_dag.py
[2026-03-22T22:57:07.160+0000] {processor.py:914} INFO - Processing file /home/ec2-user/environment/lab4_model_training/dags/generate_data_dag.py for tasks to queue
[2026-03-22T22:57:07.164+0000] {logging_mixin.py:190} INFO - [2026-03-22T22:57:07.164+0000] {dagbag.py:588} INFO - Filling up the DagBag from /home/ec2-user/environment/lab4_model_training/dags/generate_data_dag.py
[2026-03-22T22:57:08.638+0000] {processor.py:925} INFO - DAG(s) 'generate_data_only' retrieved from /home/ec2-user/environment/lab4_model_training/dags/generate_data_dag.py
[2026-03-22T22:57:08.651+0000] {logging_mixin.py:190} INFO - [2026-03-22T22:57:08.651+0000] {dag.py:3239} INFO - Sync 1 DAGs
[2026-03-22T22:57:08.660+0000] {logging_mixin.py:190} INFO - [2026-03-22T22:57:08.660+0000] {dag.py:4180} INFO - Setting next_dagrun for generate_data_only to None, run_after=None
[2026-03-22T22:57:08.678+0000] {processor.py:208} INFO - Processing /home/ec2-user/environment/lab4_model_training/dags/generate_data_dag.py took 1.527 seconds
[2026-03-22T22:57:39.786+0000] {processor.py:186} INFO - Started process (PID=11631) to work on /home/ec2-user/environment/lab4_model_training/dags/generate_data_dag.py
[2026-03-22T22:57:39.787+0000] {processor.py:914} INFO - Processing file /home/ec2-user/environment/lab4_model_training/dags/generate_data_dag.py for tasks to queue
[2026-03-22T22:57:39.789+0000] {logging_mixin.py:190} INFO - [2026-03-22T22:57:39.788+0000] {dagbag.py:588} INFO - Filling up the DagBag from /home/ec2-user/environment/lab4_model_training/dags/generate_data_dag.py
[2026-03-22T22:57:41.031+0000] {processor.py:925} INFO - DAG(s) 'generate_data_only' retrieved from /home/ec2-user/environment/lab4_model_training/dags/generate_data_dag.py
[2026-03-22T22:57:41.043+0000] {logging_mixin.py:190} INFO - [2026-03-22T22:57:41.043+0000] {dag.py:3239} INFO - Sync 1 DAGs
[2026-03-22T22:57:41.052+0000] {logging_mixin.py:190} INFO - [2026-03-22T22:57:41.052+0000] {dag.py:4180} INFO - Setting next_dagrun for generate_data_only to None, run_after=None
[2026-03-22T22:57:41.070+0000] {processor.py:208} INFO - Processing /home/ec2-user/environment/lab4_model_training/dags/generate_data_dag.py took 1.289 seconds
[2026-03-22T22:58:11.733+0000] {processor.py:186} INFO - Started process (PID=11682) to work on /home/ec2-user/environment/lab4_model_training/dags/generate_data_dag.py
[2026-03-22T22:58:11.733+0000] {processor.py:914} INFO - Processing file /home/ec2-user/environment/lab4_model_training/dags/generate_data_dag.py for tasks to queue
[2026-03-22T22:58:11.735+0000] {logging_mixin.py:190} INFO - [2026-03-22T22:58:11.734+0000] {dagbag.py:588} INFO - Filling up the DagBag from /home/ec2-user/environment/lab4_model_training/dags/generate_data_dag.py
[2026-03-22T22:58:12.961+0000] {processor.py:925} INFO - DAG(s) 'generate_data_only' retrieved from /home/ec2-user/environment/lab4_model_training/dags/generate_data_dag.py
[2026-03-22T22:58:12.974+0000] {logging_mixin.py:190} INFO - [2026-03-22T22:58:12.974+0000] {dag.py:3239} INFO - Sync 1 DAGs
[2026-03-22T22:58:12.983+0000] {logging_mixin.py:190} INFO - [2026-03-22T22:58:12.983+0000] {dag.py:4180} INFO - Setting next_dagrun for generate_data_only to None, run_after=None
[2026-03-22T22:58:13.002+0000] {processor.py:208} INFO - Processing /home/ec2-user/environment/lab4_model_training/dags/generate_data_dag.py took 1.274 seconds
[2026-03-22T22:58:43.607+0000] {processor.py:186} INFO - Started process (PID=11719) to work on /home/ec2-user/environment/lab4_model_training/dags/generate_data_dag.py
[2026-03-22T22:58:43.607+0000] {processor.py:914} INFO - Processing file /home/ec2-user/environment/lab4_model_training/dags/generate_data_dag.py for tasks to queue
[2026-03-22T22:58:43.609+0000] {logging_mixin.py:190} INFO - [2026-03-22T22:58:43.608+0000] {dagbag.py:588} INFO - Filling up the DagBag from /home/ec2-user/environment/lab4_model_training/dags/generate_data_dag.py
[2026-03-22T22:58:44.838+0000] {processor.py:925} INFO - DAG(s) 'generate_data_only' retrieved from /home/ec2-user/environment/lab4_model_training/dags/generate_data_dag.py
[2026-03-22T22:58:44.850+0000] {logging_mixin.py:190} INFO - [2026-03-22T22:58:44.850+0000] {dag.py:3239} INFO - Sync 1 DAGs
[2026-03-22T22:58:44.860+0000] {logging_mixin.py:190} INFO - [2026-03-22T22:58:44.860+0000] {dag.py:4180} INFO - Setting next_dagrun for generate_data_only to None, run_after=None
[2026-03-22T22:58:44.878+0000] {processor.py:208} INFO - Processing /home/ec2-user/environment/lab4_model_training/dags/generate_data_dag.py took 1.276 seconds
[2026-03-22T22:59:15.032+0000] {processor.py:186} INFO - Started process (PID=11854) to work on /home/ec2-user/environment/lab4_model_training/dags/generate_data_dag.py
[2026-03-22T22:59:15.036+0000] {processor.py:914} INFO - Processing file /home/ec2-user/environment/lab4_model_training/dags/generate_data_dag.py for tasks to queue
[2026-03-22T22:59:15.039+0000] {logging_mixin.py:190} INFO - [2026-03-22T22:59:15.039+0000] {dagbag.py:588} INFO - Filling up the DagBag from /home/ec2-user/environment/lab4_model_training/dags/generate_data_dag.py
[2026-03-22T22:59:16.500+0000] {processor.py:925} INFO - DAG(s) 'generate_data_only' retrieved from /home/ec2-user/environment/lab4_model_training/dags/generate_data_dag.py
[2026-03-22T22:59:16.513+0000] {logging_mixin.py:190} INFO - [2026-03-22T22:59:16.513+0000] {dag.py:3239} INFO - Sync 1 DAGs
[2026-03-22T22:59:16.523+0000] {logging_mixin.py:190} INFO - [2026-03-22T22:59:16.522+0000] {dag.py:4180} INFO - Setting next_dagrun for generate_data_only to None, run_after=None
[2026-03-22T22:59:16.541+0000] {processor.py:208} INFO - Processing /home/ec2-user/environment/lab4_model_training/dags/generate_data_dag.py took 1.516 seconds
[2026-03-22T22:59:47.542+0000] {processor.py:186} INFO - Started process (PID=11897) to work on /home/ec2-user/environment/lab4_model_training/dags/generate_data_dag.py
[2026-03-22T22:59:47.543+0000] {processor.py:914} INFO - Processing file /home/ec2-user/environment/lab4_model_training/dags/generate_data_dag.py for tasks to queue
[2026-03-22T22:59:47.544+0000] {logging_mixin.py:190} INFO - [2026-03-22T22:59:47.544+0000] {dagbag.py:588} INFO - Filling up the DagBag from /home/ec2-user/environment/lab4_model_training/dags/generate_data_dag.py
[2026-03-22T22:59:48.784+0000] {processor.py:925} INFO - DAG(s) 'generate_data_only' retrieved from /home/ec2-user/environment/lab4_model_training/dags/generate_data_dag.py
[2026-03-22T22:59:48.797+0000] {logging_mixin.py:190} INFO - [2026-03-22T22:59:48.796+0000] {dag.py:3239} INFO - Sync 1 DAGs
[2026-03-22T22:59:48.807+0000] {logging_mixin.py:190} INFO - [2026-03-22T22:59:48.807+0000] {dag.py:4180} INFO - Setting next_dagrun for generate_data_only to None, run_after=None
[2026-03-22T22:59:48.824+0000] {processor.py:208} INFO - Processing /home/ec2-user/environment/lab4_model_training/dags/generate_data_dag.py took 1.287 seconds
[2026-03-22T23:00:18.868+0000] {processor.py:186} INFO - Started process (PID=11973) to work on /home/ec2-user/environment/lab4_model_training/dags/generate_data_dag.py
[2026-03-22T23:00:18.869+0000] {processor.py:914} INFO - Processing file /home/ec2-user/environment/lab4_model_training/dags/generate_data_dag.py for tasks to queue
[2026-03-22T23:00:18.871+0000] {logging_mixin.py:190} INFO - [2026-03-22T23:00:18.870+0000] {dagbag.py:588} INFO - Filling up the DagBag from /home/ec2-user/environment/lab4_model_training/dags/generate_data_dag.py
[2026-03-22T23:00:20.102+0000] {processor.py:925} INFO - DAG(s) 'generate_data_only' retrieved from /home/ec2-user/environment/lab4_model_training/dags/generate_data_dag.py
[2026-03-22T23:00:20.116+0000] {logging_mixin.py:190} INFO - [2026-03-22T23:00:20.116+0000] {dag.py:3239} INFO - Sync 1 DAGs
[2026-03-22T23:00:20.126+0000] {logging_mixin.py:190} INFO - [2026-03-22T23:00:20.126+0000] {dag.py:4180} INFO - Setting next_dagrun for generate_data_only to None, run_after=None
[2026-03-22T23:00:20.145+0000] {processor.py:208} INFO - Processing /home/ec2-user/environment/lab4_model_training/dags/generate_data_dag.py took 1.282 seconds
[2026-03-22T23:00:50.464+0000] {processor.py:186} INFO - Started process (PID=12051) to work on /home/ec2-user/environment/lab4_model_training/dags/generate_data_dag.py
[2026-03-22T23:00:50.465+0000] {processor.py:914} INFO - Processing file /home/ec2-user/environment/lab4_model_training/dags/generate_data_dag.py for tasks to queue
[2026-03-22T23:00:50.467+0000] {logging_mixin.py:190} INFO - [2026-03-22T23:00:50.466+0000] {dagbag.py:588} INFO - Filling up the DagBag from /home/ec2-user/environment/lab4_model_training/dags/generate_data_dag.py
[2026-03-22T23:00:51.716+0000] {processor.py:925} INFO - DAG(s) 'generate_data_only' retrieved from /home/ec2-user/environment/lab4_model_training/dags/generate_data_dag.py
[2026-03-22T23:00:51.730+0000] {logging_mixin.py:190} INFO - [2026-03-22T23:00:51.729+0000] {dag.py:3239} INFO - Sync 1 DAGs
[2026-03-22T23:00:51.739+0000] {logging_mixin.py:190} INFO - [2026-03-22T23:00:51.739+0000] {dag.py:4180} INFO - Setting next_dagrun for generate_data_only to None, run_after=None
[2026-03-22T23:00:51.756+0000] {processor.py:208} INFO - Processing /home/ec2-user/environment/lab4_model_training/dags/generate_data_dag.py took 1.296 seconds
[2026-03-22T23:01:21.962+0000] {processor.py:186} INFO - Started process (PID=12105) to work on /home/ec2-user/environment/lab4_model_training/dags/generate_data_dag.py
[2026-03-22T23:01:21.963+0000] {processor.py:914} INFO - Processing file /home/ec2-user/environment/lab4_model_training/dags/generate_data_dag.py for tasks to queue
[2026-03-22T23:01:21.964+0000] {logging_mixin.py:190} INFO - [2026-03-22T23:01:21.964+0000] {dagbag.py:588} INFO - Filling up the DagBag from /home/ec2-user/environment/lab4_model_training/dags/generate_data_dag.py
[2026-03-22T23:01:23.213+0000] {processor.py:925} INFO - DAG(s) 'generate_data_only' retrieved from /home/ec2-user/environment/lab4_model_training/dags/generate_data_dag.py
[2026-03-22T23:01:23.227+0000] {logging_mixin.py:190} INFO - [2026-03-22T23:01:23.227+0000] {dag.py:3239} INFO - Sync 1 DAGs
[2026-03-22T23:01:23.236+0000] {logging_mixin.py:190} INFO - [2026-03-22T23:01:23.236+0000] {dag.py:4180} INFO - Setting next_dagrun for generate_data_only to None, run_after=None
[2026-03-22T23:01:23.255+0000] {processor.py:208} INFO - Processing /home/ec2-user/environment/lab4_model_training/dags/generate_data_dag.py took 1.298 seconds
[2026-03-22T23:01:53.470+0000] {processor.py:186} INFO - Started process (PID=12140) to work on /home/ec2-user/environment/lab4_model_training/dags/generate_data_dag.py
[2026-03-22T23:01:53.474+0000] {processor.py:914} INFO - Processing file /home/ec2-user/environment/lab4_model_training/dags/generate_data_dag.py for tasks to queue
[2026-03-22T23:01:53.477+0000] {logging_mixin.py:190} INFO - [2026-03-22T23:01:53.477+0000] {dagbag.py:588} INFO - Filling up the DagBag from /home/ec2-user/environment/lab4_model_training/dags/generate_data_dag.py
[2026-03-22T23:01:54.763+0000] {processor.py:925} INFO - DAG(s) 'generate_data_only' retrieved from /home/ec2-user/environment/lab4_model_training/dags/generate_data_dag.py
[2026-03-22T23:01:54.777+0000] {logging_mixin.py:190} INFO - [2026-03-22T23:01:54.777+0000] {dag.py:3239} INFO - Sync 1 DAGs
[2026-03-22T23:01:54.786+0000] {logging_mixin.py:190} INFO - [2026-03-22T23:01:54.786+0000] {dag.py:4180} INFO - Setting next_dagrun for generate_data_only to None, run_after=None
[2026-03-22T23:01:54.804+0000] {processor.py:208} INFO - Processing /home/ec2-user/environment/lab4_model_training/dags/generate_data_dag.py took 1.340 seconds
[2026-03-22T23:02:24.998+0000] {processor.py:186} INFO - Started process (PID=12239) to work on /home/ec2-user/environment/lab4_model_training/dags/generate_data_dag.py
[2026-03-22T23:02:24.999+0000] {processor.py:914} INFO - Processing file /home/ec2-user/environment/lab4_model_training/dags/generate_data_dag.py for tasks to queue
[2026-03-22T23:02:25.001+0000] {logging_mixin.py:190} INFO - [2026-03-22T23:02:25.000+0000] {dagbag.py:588} INFO - Filling up the DagBag from /home/ec2-user/environment/lab4_model_training/dags/generate_data_dag.py
[2026-03-22T23:02:26.235+0000] {processor.py:925} INFO - DAG(s) 'generate_data_only' retrieved from /home/ec2-user/environment/lab4_model_training/dags/generate_data_dag.py
[2026-03-22T23:02:26.248+0000] {logging_mixin.py:190} INFO - [2026-03-22T23:02:26.248+0000] {dag.py:3239} INFO - Sync 1 DAGs
[2026-03-22T23:02:26.258+0000] {logging_mixin.py:190} INFO - [2026-03-22T23:02:26.258+0000] {dag.py:4180} INFO - Setting next_dagrun for generate_data_only to None, run_after=None
[2026-03-22T23:02:26.275+0000] {processor.py:208} INFO - Processing /home/ec2-user/environment/lab4_model_training/dags/generate_data_dag.py took 1.282 seconds
[2026-03-22T23:02:56.527+0000] {processor.py:186} INFO - Started process (PID=12271) to work on /home/ec2-user/environment/lab4_model_training/dags/generate_data_dag.py
[2026-03-22T23:02:56.527+0000] {processor.py:914} INFO - Processing file /home/ec2-user/environment/lab4_model_training/dags/generate_data_dag.py for tasks to queue
[2026-03-22T23:02:56.528+0000] {logging_mixin.py:190} INFO - [2026-03-22T23:02:56.528+0000] {dagbag.py:588} INFO - Filling up the DagBag from /home/ec2-user/environment/lab4_model_training/dags/generate_data_dag.py
[2026-03-22T23:02:57.777+0000] {processor.py:925} INFO - DAG(s) 'generate_data_only' retrieved from /home/ec2-user/environment/lab4_model_training/dags/generate_data_dag.py
[2026-03-22T23:02:57.789+0000] {logging_mixin.py:190} INFO - [2026-03-22T23:02:57.789+0000] {dag.py:3239} INFO - Sync 1 DAGs
[2026-03-22T23:02:57.798+0000] {logging_mixin.py:190} INFO - [2026-03-22T23:02:57.798+0000] {dag.py:4180} INFO - Setting next_dagrun for generate_data_only to None, run_after=None
[2026-03-22T23:02:57.815+0000] {processor.py:208} INFO - Processing /home/ec2-user/environment/lab4_model_training/dags/generate_data_dag.py took 1.294 seconds
[2026-03-22T23:03:28.392+0000] {processor.py:186} INFO - Started process (PID=12309) to work on /home/ec2-user/environment/lab4_model_training/dags/generate_data_dag.py
[2026-03-22T23:03:28.393+0000] {processor.py:914} INFO - Processing file /home/ec2-user/environment/lab4_model_training/dags/generate_data_dag.py for tasks to queue
[2026-03-22T23:03:28.394+0000] {logging_mixin.py:190} INFO - [2026-03-22T23:03:28.394+0000] {dagbag.py:588} INFO - Filling up the DagBag from /home/ec2-user/environment/lab4_model_training/dags/generate_data_dag.py
[2026-03-22T23:03:29.634+0000] {processor.py:925} INFO - DAG(s) 'generate_data_only' retrieved from /home/ec2-user/environment/lab4_model_training/dags/generate_data_dag.py
[2026-03-22T23:03:29.646+0000] {logging_mixin.py:190} INFO - [2026-03-22T23:03:29.646+0000] {dag.py:3239} INFO - Sync 1 DAGs
[2026-03-22T23:03:29.656+0000] {logging_mixin.py:190} INFO - [2026-03-22T23:03:29.655+0000] {dag.py:4180} INFO - Setting next_dagrun for generate_data_only to None, run_after=None
[2026-03-22T23:03:29.677+0000] {processor.py:208} INFO - Processing /home/ec2-user/environment/lab4_model_training/dags/generate_data_dag.py took 1.290 seconds
[2026-03-22T23:04:00.639+0000] {processor.py:186} INFO - Started process (PID=12385) to work on /home/ec2-user/environment/lab4_model_training/dags/generate_data_dag.py
[2026-03-22T23:04:00.640+0000] {processor.py:914} INFO - Processing file /home/ec2-user/environment/lab4_model_training/dags/generate_data_dag.py for tasks to queue
[2026-03-22T23:04:00.641+0000] {logging_mixin.py:190} INFO - [2026-03-22T23:04:00.641+0000] {dagbag.py:588} INFO - Filling up the DagBag from /home/ec2-user/environment/lab4_model_training/dags/generate_data_dag.py
[2026-03-22T23:04:01.895+0000] {processor.py:925} INFO - DAG(s) 'generate_data_only' retrieved from /home/ec2-user/environment/lab4_model_training/dags/generate_data_dag.py
[2026-03-22T23:04:01.907+0000] {logging_mixin.py:190} INFO - [2026-03-22T23:04:01.907+0000] {dag.py:3239} INFO - Sync 1 DAGs
[2026-03-22T23:04:01.916+0000] {logging_mixin.py:190} INFO - [2026-03-22T23:04:01.916+0000] {dag.py:4180} INFO - Setting next_dagrun for generate_data_only to None, run_after=None
[2026-03-22T23:04:01.935+0000] {processor.py:208} INFO - Processing /home/ec2-user/environment/lab4_model_training/dags/generate_data_dag.py took 1.302 seconds
[2026-03-22T23:04:32.677+0000] {processor.py:186} INFO - Started process (PID=12427) to work on /home/ec2-user/environment/lab4_model_training/dags/generate_data_dag.py
[2026-03-22T23:04:32.677+0000] {processor.py:914} INFO - Processing file /home/ec2-user/environment/lab4_model_training/dags/generate_data_dag.py for tasks to queue
[2026-03-22T23:04:32.678+0000] {logging_mixin.py:190} INFO - [2026-03-22T23:04:32.678+0000] {dagbag.py:588} INFO - Filling up the DagBag from /home/ec2-user/environment/lab4_model_training/dags/generate_data_dag.py
[2026-03-22T23:04:33.903+0000] {processor.py:925} INFO - DAG(s) 'generate_data_only' retrieved from /home/ec2-user/environment/lab4_model_training/dags/generate_data_dag.py
[2026-03-22T23:04:33.915+0000] {logging_mixin.py:190} INFO - [2026-03-22T23:04:33.915+0000] {dag.py:3239} INFO - Sync 1 DAGs
[2026-03-22T23:04:33.925+0000] {logging_mixin.py:190} INFO - [2026-03-22T23:04:33.925+0000] {dag.py:4180} INFO - Setting next_dagrun for generate_data_only to None, run_after=None
[2026-03-22T23:04:33.943+0000] {processor.py:208} INFO - Processing /home/ec2-user/environment/lab4_model_training/dags/generate_data_dag.py took 1.271 seconds
[2026-03-22T23:05:04.282+0000] {processor.py:186} INFO - Started process (PID=12465) to work on /home/ec2-user/environment/lab4_model_training/dags/generate_data_dag.py
[2026-03-22T23:05:04.283+0000] {processor.py:914} INFO - Processing file /home/ec2-user/environment/lab4_model_training/dags/generate_data_dag.py for tasks to queue
[2026-03-22T23:05:04.284+0000] {logging_mixin.py:190} INFO - [2026-03-22T23:05:04.284+0000] {dagbag.py:588} INFO - Filling up the DagBag from /home/ec2-user/environment/lab4_model_training/dags/generate_data_dag.py
[2026-03-22T23:05:05.522+0000] {processor.py:925} INFO - DAG(s) 'generate_data_only' retrieved from /home/ec2-user/environment/lab4_model_training/dags/generate_data_dag.py
[2026-03-22T23:05:05.534+0000] {logging_mixin.py:190} INFO - [2026-03-22T23:05:05.534+0000] {dag.py:3239} INFO - Sync 1 DAGs
[2026-03-22T23:05:05.544+0000] {logging_mixin.py:190} INFO - [2026-03-22T23:05:05.544+0000] {dag.py:4180} INFO - Setting next_dagrun for generate_data_only to None, run_after=None
[2026-03-22T23:05:05.561+0000] {processor.py:208} INFO - Processing /home/ec2-user/environment/lab4_model_training/dags/generate_data_dag.py took 1.284 seconds
[2026-03-22T23:05:35.870+0000] {processor.py:186} INFO - Started process (PID=12498) to work on /home/ec2-user/environment/lab4_model_training/dags/generate_data_dag.py
[2026-03-22T23:05:35.871+0000] {processor.py:914} INFO - Processing file /home/ec2-user/environment/lab4_model_training/dags/generate_data_dag.py for tasks to queue
[2026-03-22T23:05:35.872+0000] {logging_mixin.py:190} INFO - [2026-03-22T23:05:35.872+0000] {dagbag.py:588} INFO - Filling up the DagBag from /home/ec2-user/environment/lab4_model_training/dags/generate_data_dag.py
[2026-03-22T23:05:37.099+0000] {processor.py:925} INFO - DAG(s) 'generate_data_only' retrieved from /home/ec2-user/environment/lab4_model_training/dags/generate_data_dag.py
[2026-03-22T23:05:37.113+0000] {logging_mixin.py:190} INFO - [2026-03-22T23:05:37.112+0000] {dag.py:3239} INFO - Sync 1 DAGs
[2026-03-22T23:05:37.122+0000] {logging_mixin.py:190} INFO - [2026-03-22T23:05:37.122+0000] {dag.py:4180} INFO - Setting next_dagrun for generate_data_only to None, run_after=None
[2026-03-22T23:05:37.139+0000] {processor.py:208} INFO - Processing /home/ec2-user/environment/lab4_model_training/dags/generate_data_dag.py took 1.274 seconds
[2026-03-22T23:06:07.461+0000] {processor.py:186} INFO - Started process (PID=12585) to work on /home/ec2-user/environment/lab4_model_training/dags/generate_data_dag.py
[2026-03-22T23:06:07.461+0000] {processor.py:914} INFO - Processing file /home/ec2-user/environment/lab4_model_training/dags/generate_data_dag.py for tasks to queue
[2026-03-22T23:06:07.464+0000] {logging_mixin.py:190} INFO - [2026-03-22T23:06:07.463+0000] {dagbag.py:588} INFO - Filling up the DagBag from /home/ec2-user/environment/lab4_model_training/dags/generate_data_dag.py
[2026-03-22T23:06:08.686+0000] {processor.py:925} INFO - DAG(s) 'generate_data_only' retrieved from /home/ec2-user/environment/lab4_model_training/dags/generate_data_dag.py
[2026-03-22T23:06:08.700+0000] {logging_mixin.py:190} INFO - [2026-03-22T23:06:08.699+0000] {dag.py:3239} INFO - Sync 1 DAGs
[2026-03-22T23:06:08.709+0000] {logging_mixin.py:190} INFO - [2026-03-22T23:06:08.709+0000] {dag.py:4180} INFO - Setting next_dagrun for generate_data_only to None, run_after=None
[2026-03-22T23:06:08.726+0000] {processor.py:208} INFO - Processing /home/ec2-user/environment/lab4_model_training/dags/generate_data_dag.py took 1.270 seconds
[2026-03-22T23:06:39.402+0000] {processor.py:186} INFO - Started process (PID=12633) to work on /home/ec2-user/environment/lab4_model_training/dags/generate_data_dag.py
[2026-03-22T23:06:39.403+0000] {processor.py:914} INFO - Processing file /home/ec2-user/environment/lab4_model_training/dags/generate_data_dag.py for tasks to queue
[2026-03-22T23:06:39.405+0000] {logging_mixin.py:190} INFO - [2026-03-22T23:06:39.404+0000] {dagbag.py:588} INFO - Filling up the DagBag from /home/ec2-user/environment/lab4_model_training/dags/generate_data_dag.py
[2026-03-22T23:06:40.634+0000] {processor.py:925} INFO - DAG(s) 'generate_data_only' retrieved from /home/ec2-user/environment/lab4_model_training/dags/generate_data_dag.py
[2026-03-22T23:06:40.648+0000] {logging_mixin.py:190} INFO - [2026-03-22T23:06:40.648+0000] {dag.py:3239} INFO - Sync 1 DAGs
[2026-03-22T23:06:40.657+0000] {logging_mixin.py:190} INFO - [2026-03-22T23:06:40.657+0000] {dag.py:4180} INFO - Setting next_dagrun for generate_data_only to None, run_after=None
[2026-03-22T23:06:40.675+0000] {processor.py:208} INFO - Processing /home/ec2-user/environment/lab4_model_training/dags/generate_data_dag.py took 1.278 seconds
[2026-03-22T23:07:11.091+0000] {processor.py:186} INFO - Started process (PID=12671) to work on /home/ec2-user/environment/lab4_model_training/dags/generate_data_dag.py
[2026-03-22T23:07:11.092+0000] {processor.py:914} INFO - Processing file /home/ec2-user/environment/lab4_model_training/dags/generate_data_dag.py for tasks to queue
[2026-03-22T23:07:11.094+0000] {logging_mixin.py:190} INFO - [2026-03-22T23:07:11.093+0000] {dagbag.py:588} INFO - Filling up the DagBag from /home/ec2-user/environment/lab4_model_training/dags/generate_data_dag.py
[2026-03-22T23:07:12.322+0000] {processor.py:925} INFO - DAG(s) 'generate_data_only' retrieved from /home/ec2-user/environment/lab4_model_training/dags/generate_data_dag.py
[2026-03-22T23:07:12.335+0000] {logging_mixin.py:190} INFO - [2026-03-22T23:07:12.335+0000] {dag.py:3239} INFO - Sync 1 DAGs
[2026-03-22T23:07:12.344+0000] {logging_mixin.py:190} INFO - [2026-03-22T23:07:12.344+0000] {dag.py:4180} INFO - Setting next_dagrun for generate_data_only to None, run_after=None
[2026-03-22T23:07:12.362+0000] {processor.py:208} INFO - Processing /home/ec2-user/environment/lab4_model_training/dags/generate_data_dag.py took 1.276 seconds
[2026-03-22T23:07:42.683+0000] {processor.py:186} INFO - Started process (PID=12697) to work on /home/ec2-user/environment/lab4_model_training/dags/generate_data_dag.py
[2026-03-22T23:07:42.683+0000] {processor.py:914} INFO - Processing file /home/ec2-user/environment/lab4_model_training/dags/generate_data_dag.py for tasks to queue
[2026-03-22T23:07:42.685+0000] {logging_mixin.py:190} INFO - [2026-03-22T23:07:42.684+0000] {dagbag.py:588} INFO - Filling up the DagBag from /home/ec2-user/environment/lab4_model_training/dags/generate_data_dag.py
[2026-03-22T23:07:43.941+0000] {processor.py:925} INFO - DAG(s) 'generate_data_only' retrieved from /home/ec2-user/environment/lab4_model_training/dags/generate_data_dag.py
[2026-03-22T23:07:43.954+0000] {logging_mixin.py:190} INFO - [2026-03-22T23:07:43.953+0000] {dag.py:3239} INFO - Sync 1 DAGs
[2026-03-22T23:07:43.963+0000] {logging_mixin.py:190} INFO - [2026-03-22T23:07:43.963+0000] {dag.py:4180} INFO - Setting next_dagrun for generate_data_only to None, run_after=None
[2026-03-22T23:07:43.980+0000] {processor.py:208} INFO - Processing /home/ec2-user/environment/lab4_model_training/dags/generate_data_dag.py took 1.303 seconds
[2026-03-22T23:08:14.375+0000] {processor.py:186} INFO - Started process (PID=12787) to work on /home/ec2-user/environment/lab4_model_training/dags/generate_data_dag.py
[2026-03-22T23:08:14.376+0000] {processor.py:914} INFO - Processing file /home/ec2-user/environment/lab4_model_training/dags/generate_data_dag.py for tasks to queue
[2026-03-22T23:08:14.377+0000] {logging_mixin.py:190} INFO - [2026-03-22T23:08:14.377+0000] {dagbag.py:588} INFO - Filling up the DagBag from /home/ec2-user/environment/lab4_model_training/dags/generate_data_dag.py
[2026-03-22T23:08:15.601+0000] {processor.py:925} INFO - DAG(s) 'generate_data_only' retrieved from /home/ec2-user/environment/lab4_model_training/dags/generate_data_dag.py
[2026-03-22T23:08:15.613+0000] {logging_mixin.py:190} INFO - [2026-03-22T23:08:15.613+0000] {dag.py:3239} INFO - Sync 1 DAGs
[2026-03-22T23:08:15.622+0000] {logging_mixin.py:190} INFO - [2026-03-22T23:08:15.622+0000] {dag.py:4180} INFO - Setting next_dagrun for generate_data_only to None, run_after=None
[2026-03-22T23:08:15.639+0000] {processor.py:208} INFO - Processing /home/ec2-user/environment/lab4_model_training/dags/generate_data_dag.py took 1.269 seconds
[2026-03-22T23:08:46.189+0000] {processor.py:186} INFO - Started process (PID=12813) to work on /home/ec2-user/environment/lab4_model_training/dags/generate_data_dag.py
[2026-03-22T23:08:46.190+0000] {processor.py:914} INFO - Processing file /home/ec2-user/environment/lab4_model_training/dags/generate_data_dag.py for tasks to queue
[2026-03-22T23:08:46.191+0000] {logging_mixin.py:190} INFO - [2026-03-22T23:08:46.191+0000] {dagbag.py:588} INFO - Filling up the DagBag from /home/ec2-user/environment/lab4_model_training/dags/generate_data_dag.py
[2026-03-22T23:08:47.416+0000] {processor.py:925} INFO - DAG(s) 'generate_data_only' retrieved from /home/ec2-user/environment/lab4_model_training/dags/generate_data_dag.py
[2026-03-22T23:08:47.428+0000] {logging_mixin.py:190} INFO - [2026-03-22T23:08:47.428+0000] {dag.py:3239} INFO - Sync 1 DAGs
[2026-03-22T23:08:47.438+0000] {logging_mixin.py:190} INFO - [2026-03-22T23:08:47.437+0000] {dag.py:4180} INFO - Setting next_dagrun for generate_data_only to None, run_after=None
[2026-03-22T23:08:47.456+0000] {processor.py:208} INFO - Processing /home/ec2-user/environment/lab4_model_training/dags/generate_data_dag.py took 1.272 seconds
[2026-03-22T23:09:17.777+0000] {processor.py:186} INFO - Started process (PID=12852) to work on /home/ec2-user/environment/lab4_model_training/dags/generate_data_dag.py
[2026-03-22T23:09:17.777+0000] {processor.py:914} INFO - Processing file /home/ec2-user/environment/lab4_model_training/dags/generate_data_dag.py for tasks to queue
[2026-03-22T23:09:17.780+0000] {logging_mixin.py:190} INFO - [2026-03-22T23:09:17.779+0000] {dagbag.py:588} INFO - Filling up the DagBag from /home/ec2-user/environment/lab4_model_training/dags/generate_data_dag.py
[2026-03-22T23:09:19.012+0000] {processor.py:925} INFO - DAG(s) 'generate_data_only' retrieved from /home/ec2-user/environment/lab4_model_training/dags/generate_data_dag.py
[2026-03-22T23:09:19.025+0000] {logging_mixin.py:190} INFO - [2026-03-22T23:09:19.024+0000] {dag.py:3239} INFO - Sync 1 DAGs
[2026-03-22T23:09:19.034+0000] {logging_mixin.py:190} INFO - [2026-03-22T23:09:19.034+0000] {dag.py:4180} INFO - Setting next_dagrun for generate_data_only to None, run_after=None
[2026-03-22T23:09:19.053+0000] {processor.py:208} INFO - Processing /home/ec2-user/environment/lab4_model_training/dags/generate_data_dag.py took 1.281 seconds
[2026-03-22T23:09:49.367+0000] {processor.py:186} INFO - Started process (PID=12879) to work on /home/ec2-user/environment/lab4_model_training/dags/generate_data_dag.py
[2026-03-22T23:09:49.369+0000] {processor.py:914} INFO - Processing file /home/ec2-user/environment/lab4_model_training/dags/generate_data_dag.py for tasks to queue
[2026-03-22T23:09:49.370+0000] {logging_mixin.py:190} INFO - [2026-03-22T23:09:49.370+0000] {dagbag.py:588} INFO - Filling up the DagBag from /home/ec2-user/environment/lab4_model_training/dags/generate_data_dag.py
[2026-03-22T23:09:50.598+0000] {processor.py:925} INFO - DAG(s) 'generate_data_only' retrieved from /home/ec2-user/environment/lab4_model_training/dags/generate_data_dag.py
[2026-03-22T23:09:50.614+0000] {logging_mixin.py:190} INFO - [2026-03-22T23:09:50.613+0000] {dag.py:3239} INFO - Sync 1 DAGs
[2026-03-22T23:09:50.623+0000] {logging_mixin.py:190} INFO - [2026-03-22T23:09:50.623+0000] {dag.py:4180} INFO - Setting next_dagrun for generate_data_only to None, run_after=None
[2026-03-22T23:09:50.641+0000] {processor.py:208} INFO - Processing /home/ec2-user/environment/lab4_model_training/dags/generate_data_dag.py took 1.280 seconds
[2026-03-22T23:10:20.970+0000] {processor.py:186} INFO - Started process (PID=12968) to work on /home/ec2-user/environment/lab4_model_training/dags/generate_data_dag.py
[2026-03-22T23:10:20.970+0000] {processor.py:914} INFO - Processing file /home/ec2-user/environment/lab4_model_training/dags/generate_data_dag.py for tasks to queue
[2026-03-22T23:10:20.972+0000] {logging_mixin.py:190} INFO - [2026-03-22T23:10:20.971+0000] {dagbag.py:588} INFO - Filling up the DagBag from /home/ec2-user/environment/lab4_model_training/dags/generate_data_dag.py
[2026-03-22T23:10:22.211+0000] {processor.py:925} INFO - DAG(s) 'generate_data_only' retrieved from /home/ec2-user/environment/lab4_model_training/dags/generate_data_dag.py
[2026-03-22T23:10:22.224+0000] {logging_mixin.py:190} INFO - [2026-03-22T23:10:22.223+0000] {dag.py:3239} INFO - Sync 1 DAGs
[2026-03-22T23:10:22.234+0000] {logging_mixin.py:190} INFO - [2026-03-22T23:10:22.234+0000] {dag.py:4180} INFO - Setting next_dagrun for generate_data_only to None, run_after=None
[2026-03-22T23:10:22.251+0000] {processor.py:208} INFO - Processing /home/ec2-user/environment/lab4_model_training/dags/generate_data_dag.py took 1.286 seconds
[2026-03-22T23:10:52.562+0000] {processor.py:186} INFO - Started process (PID=12997) to work on /home/ec2-user/environment/lab4_model_training/dags/generate_data_dag.py
[2026-03-22T23:10:52.563+0000] {processor.py:914} INFO - Processing file /home/ec2-user/environment/lab4_model_training/dags/generate_data_dag.py for tasks to queue
[2026-03-22T23:10:52.565+0000] {logging_mixin.py:190} INFO - [2026-03-22T23:10:52.564+0000] {dagbag.py:588} INFO - Filling up the DagBag from /home/ec2-user/environment/lab4_model_training/dags/generate_data_dag.py
[2026-03-22T23:10:53.796+0000] {processor.py:925} INFO - DAG(s) 'generate_data_only' retrieved from /home/ec2-user/environment/lab4_model_training/dags/generate_data_dag.py
[2026-03-22T23:10:53.810+0000] {logging_mixin.py:190} INFO - [2026-03-22T23:10:53.809+0000] {dag.py:3239} INFO - Sync 1 DAGs
[2026-03-22T23:10:53.819+0000] {logging_mixin.py:190} INFO - [2026-03-22T23:10:53.819+0000] {dag.py:4180} INFO - Setting next_dagrun for generate_data_only to None, run_after=None
[2026-03-22T23:10:53.836+0000] {processor.py:208} INFO - Processing /home/ec2-user/environment/lab4_model_training/dags/generate_data_dag.py took 1.279 seconds
[2026-03-22T23:11:24.149+0000] {processor.py:186} INFO - Started process (PID=13035) to work on /home/ec2-user/environment/lab4_model_training/dags/generate_data_dag.py
[2026-03-22T23:11:24.150+0000] {processor.py:914} INFO - Processing file /home/ec2-user/environment/lab4_model_training/dags/generate_data_dag.py for tasks to queue
[2026-03-22T23:11:24.152+0000] {logging_mixin.py:190} INFO - [2026-03-22T23:11:24.152+0000] {dagbag.py:588} INFO - Filling up the DagBag from /home/ec2-user/environment/lab4_model_training/dags/generate_data_dag.py
[2026-03-22T23:11:25.397+0000] {processor.py:925} INFO - DAG(s) 'generate_data_only' retrieved from /home/ec2-user/environment/lab4_model_training/dags/generate_data_dag.py
[2026-03-22T23:11:25.411+0000] {logging_mixin.py:190} INFO - [2026-03-22T23:11:25.410+0000] {dag.py:3239} INFO - Sync 1 DAGs
[2026-03-22T23:11:25.420+0000] {logging_mixin.py:190} INFO - [2026-03-22T23:11:25.420+0000] {dag.py:4180} INFO - Setting next_dagrun for generate_data_only to None, run_after=None
[2026-03-22T23:11:25.437+0000] {processor.py:208} INFO - Processing /home/ec2-user/environment/lab4_model_training/dags/generate_data_dag.py took 1.292 seconds
[2026-03-22T23:11:55.744+0000] {processor.py:186} INFO - Started process (PID=13108) to work on /home/ec2-user/environment/lab4_model_training/dags/generate_data_dag.py
[2026-03-22T23:11:55.745+0000] {processor.py:914} INFO - Processing file /home/ec2-user/environment/lab4_model_training/dags/generate_data_dag.py for tasks to queue
[2026-03-22T23:11:55.746+0000] {logging_mixin.py:190} INFO - [2026-03-22T23:11:55.746+0000] {dagbag.py:588} INFO - Filling up the DagBag from /home/ec2-user/environment/lab4_model_training/dags/generate_data_dag.py
[2026-03-22T23:11:56.979+0000] {processor.py:925} INFO - DAG(s) 'generate_data_only' retrieved from /home/ec2-user/environment/lab4_model_training/dags/generate_data_dag.py
[2026-03-22T23:11:56.992+0000] {logging_mixin.py:190} INFO - [2026-03-22T23:11:56.992+0000] {dag.py:3239} INFO - Sync 1 DAGs
[2026-03-22T23:11:57.001+0000] {logging_mixin.py:190} INFO - [2026-03-22T23:11:57.001+0000] {dag.py:4180} INFO - Setting next_dagrun for generate_data_only to None, run_after=None
[2026-03-22T23:11:57.019+0000] {processor.py:208} INFO - Processing /home/ec2-user/environment/lab4_model_training/dags/generate_data_dag.py took 1.280 seconds
[2026-03-22T23:12:27.347+0000] {processor.py:186} INFO - Started process (PID=13144) to work on /home/ec2-user/environment/lab4_model_training/dags/generate_data_dag.py
[2026-03-22T23:12:27.347+0000] {processor.py:914} INFO - Processing file /home/ec2-user/environment/lab4_model_training/dags/generate_data_dag.py for tasks to queue
[2026-03-22T23:12:27.348+0000] {logging_mixin.py:190} INFO - [2026-03-22T23:12:27.348+0000] {dagbag.py:588} INFO - Filling up the DagBag from /home/ec2-user/environment/lab4_model_training/dags/generate_data_dag.py
[2026-03-22T23:12:28.570+0000] {processor.py:925} INFO - DAG(s) 'generate_data_only' retrieved from /home/ec2-user/environment/lab4_model_training/dags/generate_data_dag.py
[2026-03-22T23:12:28.583+0000] {logging_mixin.py:190} INFO - [2026-03-22T23:12:28.583+0000] {dag.py:3239} INFO - Sync 1 DAGs
[2026-03-22T23:12:28.592+0000] {logging_mixin.py:190} INFO - [2026-03-22T23:12:28.592+0000] {dag.py:4180} INFO - Setting next_dagrun for generate_data_only to None, run_after=None
[2026-03-22T23:12:28.610+0000] {processor.py:208} INFO - Processing /home/ec2-user/environment/lab4_model_training/dags/generate_data_dag.py took 1.269 seconds
[2026-03-22T23:12:58.944+0000] {processor.py:186} INFO - Started process (PID=13167) to work on /home/ec2-user/environment/lab4_model_training/dags/generate_data_dag.py
[2026-03-22T23:12:58.945+0000] {processor.py:914} INFO - Processing file /home/ec2-user/environment/lab4_model_training/dags/generate_data_dag.py for tasks to queue
[2026-03-22T23:12:58.947+0000] {logging_mixin.py:190} INFO - [2026-03-22T23:12:58.947+0000] {dagbag.py:588} INFO - Filling up the DagBag from /home/ec2-user/environment/lab4_model_training/dags/generate_data_dag.py
[2026-03-22T23:13:00.191+0000] {processor.py:925} INFO - DAG(s) 'generate_data_only' retrieved from /home/ec2-user/environment/lab4_model_training/dags/generate_data_dag.py
[2026-03-22T23:13:00.204+0000] {logging_mixin.py:190} INFO - [2026-03-22T23:13:00.203+0000] {dag.py:3239} INFO - Sync 1 DAGs
[2026-03-22T23:13:00.213+0000] {logging_mixin.py:190} INFO - [2026-03-22T23:13:00.213+0000] {dag.py:4180} INFO - Setting next_dagrun for generate_data_only to None, run_after=None
[2026-03-22T23:13:00.231+0000] {processor.py:208} INFO - Processing /home/ec2-user/environment/lab4_model_training/dags/generate_data_dag.py took 1.292 seconds
[2026-03-22T23:13:30.762+0000] {processor.py:186} INFO - Started process (PID=13227) to work on /home/ec2-user/environment/lab4_model_training/dags/generate_data_dag.py
[2026-03-22T23:13:30.763+0000] {processor.py:914} INFO - Processing file /home/ec2-user/environment/lab4_model_training/dags/generate_data_dag.py for tasks to queue
[2026-03-22T23:13:30.765+0000] {logging_mixin.py:190} INFO - [2026-03-22T23:13:30.765+0000] {dagbag.py:588} INFO - Filling up the DagBag from /home/ec2-user/environment/lab4_model_training/dags/generate_data_dag.py
[2026-03-22T23:13:32.375+0000] {processor.py:925} INFO - DAG(s) 'generate_data_only' retrieved from /home/ec2-user/environment/lab4_model_training/dags/generate_data_dag.py
[2026-03-22T23:13:32.391+0000] {logging_mixin.py:190} INFO - [2026-03-22T23:13:32.390+0000] {dag.py:3239} INFO - Sync 1 DAGs
[2026-03-22T23:13:32.402+0000] {logging_mixin.py:190} INFO - [2026-03-22T23:13:32.402+0000] {dag.py:4180} INFO - Setting next_dagrun for generate_data_only to None, run_after=None
[2026-03-22T23:13:32.436+0000] {processor.py:208} INFO - Processing /home/ec2-user/environment/lab4_model_training/dags/generate_data_dag.py took 1.681 seconds
[2026-03-22T23:14:02.544+0000] {processor.py:186} INFO - Started process (PID=13387) to work on /home/ec2-user/environment/lab4_model_training/dags/generate_data_dag.py
[2026-03-22T23:14:02.546+0000] {processor.py:914} INFO - Processing file /home/ec2-user/environment/lab4_model_training/dags/generate_data_dag.py for tasks to queue
[2026-03-22T23:14:02.548+0000] {logging_mixin.py:190} INFO - [2026-03-22T23:14:02.547+0000] {dagbag.py:588} INFO - Filling up the DagBag from /home/ec2-user/environment/lab4_model_training/dags/generate_data_dag.py
[2026-03-22T23:14:03.936+0000] {processor.py:925} INFO - DAG(s) 'generate_data_only' retrieved from /home/ec2-user/environment/lab4_model_training/dags/generate_data_dag.py
[2026-03-22T23:14:03.950+0000] {logging_mixin.py:190} INFO - [2026-03-22T23:14:03.949+0000] {dag.py:3239} INFO - Sync 1 DAGs
[2026-03-22T23:14:03.960+0000] {logging_mixin.py:190} INFO - [2026-03-22T23:14:03.960+0000] {dag.py:4180} INFO - Setting next_dagrun for generate_data_only to None, run_after=None
[2026-03-22T23:14:03.989+0000] {processor.py:208} INFO - Processing /home/ec2-user/environment/lab4_model_training/dags/generate_data_dag.py took 1.452 seconds
[2026-03-22T23:14:34.145+0000] {processor.py:186} INFO - Started process (PID=13445) to work on /home/ec2-user/environment/lab4_model_training/dags/generate_data_dag.py
[2026-03-22T23:14:34.146+0000] {processor.py:914} INFO - Processing file /home/ec2-user/environment/lab4_model_training/dags/generate_data_dag.py for tasks to queue
[2026-03-22T23:14:34.147+0000] {logging_mixin.py:190} INFO - [2026-03-22T23:14:34.147+0000] {dagbag.py:588} INFO - Filling up the DagBag from /home/ec2-user/environment/lab4_model_training/dags/generate_data_dag.py
[2026-03-22T23:14:35.369+0000] {processor.py:925} INFO - DAG(s) 'generate_data_only' retrieved from /home/ec2-user/environment/lab4_model_training/dags/generate_data_dag.py
[2026-03-22T23:14:35.381+0000] {logging_mixin.py:190} INFO - [2026-03-22T23:14:35.381+0000] {dag.py:3239} INFO - Sync 1 DAGs
[2026-03-22T23:14:35.391+0000] {logging_mixin.py:190} INFO - [2026-03-22T23:14:35.391+0000] {dag.py:4180} INFO - Setting next_dagrun for generate_data_only to None, run_after=None
[2026-03-22T23:14:35.409+0000] {processor.py:208} INFO - Processing /home/ec2-user/environment/lab4_model_training/dags/generate_data_dag.py took 1.269 seconds
[2026-03-22T23:15:05.833+0000] {processor.py:186} INFO - Started process (PID=13541) to work on /home/ec2-user/environment/lab4_model_training/dags/generate_data_dag.py
[2026-03-22T23:15:05.836+0000] {processor.py:914} INFO - Processing file /home/ec2-user/environment/lab4_model_training/dags/generate_data_dag.py for tasks to queue
[2026-03-22T23:15:05.839+0000] {logging_mixin.py:190} INFO - [2026-03-22T23:15:05.838+0000] {dagbag.py:588} INFO - Filling up the DagBag from /home/ec2-user/environment/lab4_model_training/dags/generate_data_dag.py
[2026-03-22T23:15:09.167+0000] {processor.py:925} INFO - DAG(s) 'generate_data_only' retrieved from /home/ec2-user/environment/lab4_model_training/dags/generate_data_dag.py
[2026-03-22T23:15:09.197+0000] {logging_mixin.py:190} INFO - [2026-03-22T23:15:09.197+0000] {dag.py:3239} INFO - Sync 1 DAGs
[2026-03-22T23:15:09.212+0000] {logging_mixin.py:190} INFO - [2026-03-22T23:15:09.212+0000] {dag.py:4180} INFO - Setting next_dagrun for generate_data_only to None, run_after=None
[2026-03-22T23:15:09.260+0000] {processor.py:208} INFO - Processing /home/ec2-user/environment/lab4_model_training/dags/generate_data_dag.py took 3.443 seconds
[2026-03-22T23:15:39.904+0000] {processor.py:186} INFO - Started process (PID=13573) to work on /home/ec2-user/environment/lab4_model_training/dags/generate_data_dag.py
[2026-03-22T23:15:39.905+0000] {processor.py:914} INFO - Processing file /home/ec2-user/environment/lab4_model_training/dags/generate_data_dag.py for tasks to queue
[2026-03-22T23:15:39.906+0000] {logging_mixin.py:190} INFO - [2026-03-22T23:15:39.906+0000] {dagbag.py:588} INFO - Filling up the DagBag from /home/ec2-user/environment/lab4_model_training/dags/generate_data_dag.py
[2026-03-22T23:15:43.646+0000] {processor.py:925} INFO - DAG(s) 'generate_data_only' retrieved from /home/ec2-user/environment/lab4_model_training/dags/generate_data_dag.py
[2026-03-22T23:15:43.682+0000] {logging_mixin.py:190} INFO - [2026-03-22T23:15:43.682+0000] {dag.py:3239} INFO - Sync 1 DAGs
[2026-03-22T23:15:43.707+0000] {logging_mixin.py:190} INFO - [2026-03-22T23:15:43.707+0000] {dag.py:4180} INFO - Setting next_dagrun for generate_data_only to None, run_after=None
[2026-03-22T23:15:43.747+0000] {processor.py:208} INFO - Processing /home/ec2-user/environment/lab4_model_training/dags/generate_data_dag.py took 3.871 seconds
[2026-03-22T23:16:14.093+0000] {processor.py:186} INFO - Started process (PID=13666) to work on /home/ec2-user/environment/lab4_model_training/dags/generate_data_dag.py
[2026-03-22T23:16:14.103+0000] {processor.py:914} INFO - Processing file /home/ec2-user/environment/lab4_model_training/dags/generate_data_dag.py for tasks to queue
[2026-03-22T23:16:14.104+0000] {logging_mixin.py:190} INFO - [2026-03-22T23:16:14.104+0000] {dagbag.py:588} INFO - Filling up the DagBag from /home/ec2-user/environment/lab4_model_training/dags/generate_data_dag.py
[2026-03-22T23:16:16.730+0000] {processor.py:925} INFO - DAG(s) 'generate_data_only' retrieved from /home/ec2-user/environment/lab4_model_training/dags/generate_data_dag.py
[2026-03-22T23:16:16.760+0000] {logging_mixin.py:190} INFO - [2026-03-22T23:16:16.760+0000] {dag.py:3239} INFO - Sync 1 DAGs
[2026-03-22T23:16:16.788+0000] {logging_mixin.py:190} INFO - [2026-03-22T23:16:16.787+0000] {dag.py:4180} INFO - Setting next_dagrun for generate_data_only to None, run_after=None
[2026-03-22T23:16:16.828+0000] {processor.py:208} INFO - Processing /home/ec2-user/environment/lab4_model_training/dags/generate_data_dag.py took 2.752 seconds
[2026-03-22T23:16:47.372+0000] {processor.py:186} INFO - Started process (PID=13695) to work on /home/ec2-user/environment/lab4_model_training/dags/generate_data_dag.py
[2026-03-22T23:16:47.373+0000] {processor.py:914} INFO - Processing file /home/ec2-user/environment/lab4_model_training/dags/generate_data_dag.py for tasks to queue
[2026-03-22T23:16:47.375+0000] {logging_mixin.py:190} INFO - [2026-03-22T23:16:47.374+0000] {dagbag.py:588} INFO - Filling up the DagBag from /home/ec2-user/environment/lab4_model_training/dags/generate_data_dag.py
[2026-03-22T23:16:48.600+0000] {processor.py:925} INFO - DAG(s) 'generate_data_only' retrieved from /home/ec2-user/environment/lab4_model_training/dags/generate_data_dag.py
[2026-03-22T23:16:48.614+0000] {logging_mixin.py:190} INFO - [2026-03-22T23:16:48.614+0000] {dag.py:3239} INFO - Sync 1 DAGs
[2026-03-22T23:16:48.627+0000] {logging_mixin.py:190} INFO - [2026-03-22T23:16:48.627+0000] {dag.py:4180} INFO - Setting next_dagrun for generate_data_only to None, run_after=None
[2026-03-22T23:16:48.643+0000] {processor.py:208} INFO - Processing /home/ec2-user/environment/lab4_model_training/dags/generate_data_dag.py took 1.276 seconds
[2026-03-22T23:17:18.826+0000] {processor.py:186} INFO - Started process (PID=13745) to work on /home/ec2-user/environment/lab4_model_training/dags/generate_data_dag.py
[2026-03-22T23:17:18.826+0000] {processor.py:914} INFO - Processing file /home/ec2-user/environment/lab4_model_training/dags/generate_data_dag.py for tasks to queue
[2026-03-22T23:17:18.829+0000] {logging_mixin.py:190} INFO - [2026-03-22T23:17:18.828+0000] {dagbag.py:588} INFO - Filling up the DagBag from /home/ec2-user/environment/lab4_model_training/dags/generate_data_dag.py
[2026-03-22T23:17:20.072+0000] {processor.py:925} INFO - DAG(s) 'generate_data_only' retrieved from /home/ec2-user/environment/lab4_model_training/dags/generate_data_dag.py
[2026-03-22T23:17:20.086+0000] {logging_mixin.py:190} INFO - [2026-03-22T23:17:20.086+0000] {dag.py:3239} INFO - Sync 1 DAGs
[2026-03-22T23:17:20.095+0000] {logging_mixin.py:190} INFO - [2026-03-22T23:17:20.095+0000] {dag.py:4180} INFO - Setting next_dagrun for generate_data_only to None, run_after=None
[2026-03-22T23:17:20.111+0000] {processor.py:208} INFO - Processing /home/ec2-user/environment/lab4_model_training/dags/generate_data_dag.py took 1.289 seconds
[2026-03-22T23:17:50.305+0000] {processor.py:186} INFO - Started process (PID=13771) to work on /home/ec2-user/environment/lab4_model_training/dags/generate_data_dag.py
[2026-03-22T23:17:50.306+0000] {processor.py:914} INFO - Processing file /home/ec2-user/environment/lab4_model_training/dags/generate_data_dag.py for tasks to queue
[2026-03-22T23:17:50.307+0000] {logging_mixin.py:190} INFO - [2026-03-22T23:17:50.307+0000] {dagbag.py:588} INFO - Filling up the DagBag from /home/ec2-user/environment/lab4_model_training/dags/generate_data_dag.py
[2026-03-22T23:17:51.556+0000] {processor.py:925} INFO - DAG(s) 'generate_data_only' retrieved from /home/ec2-user/environment/lab4_model_training/dags/generate_data_dag.py
[2026-03-22T23:17:51.569+0000] {logging_mixin.py:190} INFO - [2026-03-22T23:17:51.569+0000] {dag.py:3239} INFO - Sync 1 DAGs
[2026-03-22T23:17:51.579+0000] {logging_mixin.py:190} INFO - [2026-03-22T23:17:51.579+0000] {dag.py:4180} INFO - Setting next_dagrun for generate_data_only to None, run_after=None
[2026-03-22T23:17:51.596+0000] {processor.py:208} INFO - Processing /home/ec2-user/environment/lab4_model_training/dags/generate_data_dag.py took 1.297 seconds
[2026-03-22T23:18:21.878+0000] {processor.py:186} INFO - Started process (PID=13880) to work on /home/ec2-user/environment/lab4_model_training/dags/generate_data_dag.py
[2026-03-22T23:18:21.879+0000] {processor.py:914} INFO - Processing file /home/ec2-user/environment/lab4_model_training/dags/generate_data_dag.py for tasks to queue
[2026-03-22T23:18:21.881+0000] {logging_mixin.py:190} INFO - [2026-03-22T23:18:21.880+0000] {dagbag.py:588} INFO - Filling up the DagBag from /home/ec2-user/environment/lab4_model_training/dags/generate_data_dag.py
[2026-03-22T23:18:23.124+0000] {processor.py:925} INFO - DAG(s) 'generate_data_only' retrieved from /home/ec2-user/environment/lab4_model_training/dags/generate_data_dag.py
[2026-03-22T23:18:23.137+0000] {logging_mixin.py:190} INFO - [2026-03-22T23:18:23.137+0000] {dag.py:3239} INFO - Sync 1 DAGs
[2026-03-22T23:18:23.147+0000] {logging_mixin.py:190} INFO - [2026-03-22T23:18:23.147+0000] {dag.py:4180} INFO - Setting next_dagrun for generate_data_only to None, run_after=None
[2026-03-22T23:18:23.165+0000] {processor.py:208} INFO - Processing /home/ec2-user/environment/lab4_model_training/dags/generate_data_dag.py took 1.292 seconds
