[2026-03-22T21:39:31.311+0000] {processor.py:186} INFO - Started process (PID=2895) to work on /home/ec2-user/environment/lab4_model_training/dags/ml_pipeline_dag.py
[2026-03-22T21:39:31.312+0000] {processor.py:914} INFO - Processing file /home/ec2-user/environment/lab4_model_training/dags/ml_pipeline_dag.py for tasks to queue
[2026-03-22T21:39:31.313+0000] {logging_mixin.py:190} INFO - [2026-03-22T21:39:31.312+0000] {dagbag.py:588} INFO - Filling up the DagBag from /home/ec2-user/environment/lab4_model_training/dags/ml_pipeline_dag.py
[2026-03-22T21:39:32.786+0000] {processor.py:925} INFO - DAG(s) 'ml_pipeline' retrieved from /home/ec2-user/environment/lab4_model_training/dags/ml_pipeline_dag.py
[2026-03-22T21:39:32.873+0000] {logging_mixin.py:190} INFO - [2026-03-22T21:39:32.872+0000] {override.py:1930} INFO - Created Permission View: can read on DAG:ml_pipeline
[2026-03-22T21:39:32.884+0000] {logging_mixin.py:190} INFO - [2026-03-22T21:39:32.883+0000] {override.py:1930} INFO - Created Permission View: can edit on DAG:ml_pipeline
[2026-03-22T21:39:32.892+0000] {logging_mixin.py:190} INFO - [2026-03-22T21:39:32.892+0000] {override.py:1930} INFO - Created Permission View: can delete on DAG:ml_pipeline
[2026-03-22T21:39:32.906+0000] {logging_mixin.py:190} INFO - [2026-03-22T21:39:32.906+0000] {override.py:1930} INFO - Created Permission View: can read on DAG Run:ml_pipeline
[2026-03-22T21:39:32.916+0000] {logging_mixin.py:190} INFO - [2026-03-22T21:39:32.916+0000] {override.py:1930} INFO - Created Permission View: can delete on DAG Run:ml_pipeline
[2026-03-22T21:39:32.926+0000] {logging_mixin.py:190} INFO - [2026-03-22T21:39:32.926+0000] {override.py:1930} INFO - Created Permission View: menu access on DAG Run:ml_pipeline
[2026-03-22T21:39:32.935+0000] {logging_mixin.py:190} INFO - [2026-03-22T21:39:32.934+0000] {override.py:1930} INFO - Created Permission View: can create on DAG Run:ml_pipeline
[2026-03-22T21:39:32.935+0000] {logging_mixin.py:190} INFO - [2026-03-22T21:39:32.935+0000] {dag.py:3239} INFO - Sync 1 DAGs
[2026-03-22T21:39:32.946+0000] {logging_mixin.py:190} INFO - [2026-03-22T21:39:32.945+0000] {dag.py:3262} INFO - Creating ORM DAG for ml_pipeline
[2026-03-22T21:39:32.946+0000] {logging_mixin.py:190} INFO - [2026-03-22T21:39:32.946+0000] {dag.py:4180} INFO - Setting next_dagrun for ml_pipeline to None, run_after=None
[2026-03-22T21:39:32.963+0000] {processor.py:208} INFO - Processing /home/ec2-user/environment/lab4_model_training/dags/ml_pipeline_dag.py took 1.656 seconds
[2026-03-22T21:40:03.255+0000] {processor.py:186} INFO - Started process (PID=3024) to work on /home/ec2-user/environment/lab4_model_training/dags/ml_pipeline_dag.py
[2026-03-22T21:40:03.259+0000] {processor.py:914} INFO - Processing file /home/ec2-user/environment/lab4_model_training/dags/ml_pipeline_dag.py for tasks to queue
[2026-03-22T21:40:03.262+0000] {logging_mixin.py:190} INFO - [2026-03-22T21:40:03.262+0000] {dagbag.py:588} INFO - Filling up the DagBag from /home/ec2-user/environment/lab4_model_training/dags/ml_pipeline_dag.py
[2026-03-22T21:40:04.618+0000] {processor.py:925} INFO - DAG(s) 'ml_pipeline' retrieved from /home/ec2-user/environment/lab4_model_training/dags/ml_pipeline_dag.py
[2026-03-22T21:40:04.631+0000] {logging_mixin.py:190} INFO - [2026-03-22T21:40:04.631+0000] {dag.py:3239} INFO - Sync 1 DAGs
[2026-03-22T21:40:04.640+0000] {logging_mixin.py:190} INFO - [2026-03-22T21:40:04.640+0000] {dag.py:4180} INFO - Setting next_dagrun for ml_pipeline to None, run_after=None
[2026-03-22T21:40:04.657+0000] {processor.py:208} INFO - Processing /home/ec2-user/environment/lab4_model_training/dags/ml_pipeline_dag.py took 1.406 seconds
[2026-03-22T21:40:34.977+0000] {processor.py:186} INFO - Started process (PID=3051) to work on /home/ec2-user/environment/lab4_model_training/dags/ml_pipeline_dag.py
[2026-03-22T21:40:34.978+0000] {processor.py:914} INFO - Processing file /home/ec2-user/environment/lab4_model_training/dags/ml_pipeline_dag.py for tasks to queue
[2026-03-22T21:40:34.979+0000] {logging_mixin.py:190} INFO - [2026-03-22T21:40:34.979+0000] {dagbag.py:588} INFO - Filling up the DagBag from /home/ec2-user/environment/lab4_model_training/dags/ml_pipeline_dag.py
[2026-03-22T21:40:36.360+0000] {processor.py:925} INFO - DAG(s) 'ml_pipeline' retrieved from /home/ec2-user/environment/lab4_model_training/dags/ml_pipeline_dag.py
[2026-03-22T21:40:36.373+0000] {logging_mixin.py:190} INFO - [2026-03-22T21:40:36.373+0000] {dag.py:3239} INFO - Sync 1 DAGs
[2026-03-22T21:40:36.383+0000] {logging_mixin.py:190} INFO - [2026-03-22T21:40:36.383+0000] {dag.py:4180} INFO - Setting next_dagrun for ml_pipeline to None, run_after=None
[2026-03-22T21:40:36.401+0000] {processor.py:208} INFO - Processing /home/ec2-user/environment/lab4_model_training/dags/ml_pipeline_dag.py took 1.428 seconds
[2026-03-22T21:41:06.860+0000] {processor.py:186} INFO - Started process (PID=3092) to work on /home/ec2-user/environment/lab4_model_training/dags/ml_pipeline_dag.py
[2026-03-22T21:41:06.862+0000] {processor.py:914} INFO - Processing file /home/ec2-user/environment/lab4_model_training/dags/ml_pipeline_dag.py for tasks to queue
[2026-03-22T21:41:06.863+0000] {logging_mixin.py:190} INFO - [2026-03-22T21:41:06.863+0000] {dagbag.py:588} INFO - Filling up the DagBag from /home/ec2-user/environment/lab4_model_training/dags/ml_pipeline_dag.py
[2026-03-22T21:41:08.242+0000] {processor.py:925} INFO - DAG(s) 'ml_pipeline' retrieved from /home/ec2-user/environment/lab4_model_training/dags/ml_pipeline_dag.py
[2026-03-22T21:41:08.255+0000] {logging_mixin.py:190} INFO - [2026-03-22T21:41:08.255+0000] {dag.py:3239} INFO - Sync 1 DAGs
[2026-03-22T21:41:08.265+0000] {logging_mixin.py:190} INFO - [2026-03-22T21:41:08.264+0000] {dag.py:4180} INFO - Setting next_dagrun for ml_pipeline to None, run_after=None
[2026-03-22T21:41:08.282+0000] {processor.py:208} INFO - Processing /home/ec2-user/environment/lab4_model_training/dags/ml_pipeline_dag.py took 1.426 seconds
[2026-03-22T21:41:38.584+0000] {processor.py:186} INFO - Started process (PID=3125) to work on /home/ec2-user/environment/lab4_model_training/dags/ml_pipeline_dag.py
[2026-03-22T21:41:38.585+0000] {processor.py:914} INFO - Processing file /home/ec2-user/environment/lab4_model_training/dags/ml_pipeline_dag.py for tasks to queue
[2026-03-22T21:41:38.586+0000] {logging_mixin.py:190} INFO - [2026-03-22T21:41:38.586+0000] {dagbag.py:588} INFO - Filling up the DagBag from /home/ec2-user/environment/lab4_model_training/dags/ml_pipeline_dag.py
[2026-03-22T21:41:40.133+0000] {processor.py:925} INFO - DAG(s) 'ml_pipeline' retrieved from /home/ec2-user/environment/lab4_model_training/dags/ml_pipeline_dag.py
[2026-03-22T21:41:40.146+0000] {logging_mixin.py:190} INFO - [2026-03-22T21:41:40.146+0000] {dag.py:3239} INFO - Sync 1 DAGs
[2026-03-22T21:41:40.155+0000] {logging_mixin.py:190} INFO - [2026-03-22T21:41:40.155+0000] {dag.py:4180} INFO - Setting next_dagrun for ml_pipeline to None, run_after=None
[2026-03-22T21:41:40.174+0000] {processor.py:208} INFO - Processing /home/ec2-user/environment/lab4_model_training/dags/ml_pipeline_dag.py took 1.595 seconds
[2026-03-22T21:42:10.417+0000] {processor.py:186} INFO - Started process (PID=3209) to work on /home/ec2-user/environment/lab4_model_training/dags/ml_pipeline_dag.py
[2026-03-22T21:42:10.418+0000] {processor.py:914} INFO - Processing file /home/ec2-user/environment/lab4_model_training/dags/ml_pipeline_dag.py for tasks to queue
[2026-03-22T21:42:10.419+0000] {logging_mixin.py:190} INFO - [2026-03-22T21:42:10.419+0000] {dagbag.py:588} INFO - Filling up the DagBag from /home/ec2-user/environment/lab4_model_training/dags/ml_pipeline_dag.py
[2026-03-22T21:42:11.829+0000] {processor.py:925} INFO - DAG(s) 'ml_pipeline' retrieved from /home/ec2-user/environment/lab4_model_training/dags/ml_pipeline_dag.py
[2026-03-22T21:42:11.842+0000] {logging_mixin.py:190} INFO - [2026-03-22T21:42:11.842+0000] {dag.py:3239} INFO - Sync 1 DAGs
[2026-03-22T21:42:11.852+0000] {logging_mixin.py:190} INFO - [2026-03-22T21:42:11.852+0000] {dag.py:4180} INFO - Setting next_dagrun for ml_pipeline to None, run_after=None
[2026-03-22T21:42:11.871+0000] {processor.py:208} INFO - Processing /home/ec2-user/environment/lab4_model_training/dags/ml_pipeline_dag.py took 1.458 seconds
[2026-03-22T21:42:42.186+0000] {processor.py:186} INFO - Started process (PID=3242) to work on /home/ec2-user/environment/lab4_model_training/dags/ml_pipeline_dag.py
[2026-03-22T21:42:42.187+0000] {processor.py:914} INFO - Processing file /home/ec2-user/environment/lab4_model_training/dags/ml_pipeline_dag.py for tasks to queue
[2026-03-22T21:42:42.189+0000] {logging_mixin.py:190} INFO - [2026-03-22T21:42:42.188+0000] {dagbag.py:588} INFO - Filling up the DagBag from /home/ec2-user/environment/lab4_model_training/dags/ml_pipeline_dag.py
[2026-03-22T21:42:43.612+0000] {processor.py:925} INFO - DAG(s) 'ml_pipeline' retrieved from /home/ec2-user/environment/lab4_model_training/dags/ml_pipeline_dag.py
[2026-03-22T21:42:43.625+0000] {logging_mixin.py:190} INFO - [2026-03-22T21:42:43.625+0000] {dag.py:3239} INFO - Sync 1 DAGs
[2026-03-22T21:42:43.636+0000] {logging_mixin.py:190} INFO - [2026-03-22T21:42:43.636+0000] {dag.py:4180} INFO - Setting next_dagrun for ml_pipeline to None, run_after=None
[2026-03-22T21:42:43.654+0000] {processor.py:208} INFO - Processing /home/ec2-user/environment/lab4_model_training/dags/ml_pipeline_dag.py took 1.472 seconds
[2026-03-22T21:43:13.919+0000] {processor.py:186} INFO - Started process (PID=3278) to work on /home/ec2-user/environment/lab4_model_training/dags/ml_pipeline_dag.py
[2026-03-22T21:43:13.919+0000] {processor.py:914} INFO - Processing file /home/ec2-user/environment/lab4_model_training/dags/ml_pipeline_dag.py for tasks to queue
[2026-03-22T21:43:13.920+0000] {logging_mixin.py:190} INFO - [2026-03-22T21:43:13.920+0000] {dagbag.py:588} INFO - Filling up the DagBag from /home/ec2-user/environment/lab4_model_training/dags/ml_pipeline_dag.py
[2026-03-22T21:43:15.329+0000] {processor.py:925} INFO - DAG(s) 'ml_pipeline' retrieved from /home/ec2-user/environment/lab4_model_training/dags/ml_pipeline_dag.py
[2026-03-22T21:43:15.342+0000] {logging_mixin.py:190} INFO - [2026-03-22T21:43:15.342+0000] {dag.py:3239} INFO - Sync 1 DAGs
[2026-03-22T21:43:15.353+0000] {logging_mixin.py:190} INFO - [2026-03-22T21:43:15.353+0000] {dag.py:4180} INFO - Setting next_dagrun for ml_pipeline to None, run_after=None
[2026-03-22T21:43:15.371+0000] {processor.py:208} INFO - Processing /home/ec2-user/environment/lab4_model_training/dags/ml_pipeline_dag.py took 1.457 seconds
[2026-03-22T21:43:45.606+0000] {processor.py:186} INFO - Started process (PID=3301) to work on /home/ec2-user/environment/lab4_model_training/dags/ml_pipeline_dag.py
[2026-03-22T21:43:45.608+0000] {processor.py:914} INFO - Processing file /home/ec2-user/environment/lab4_model_training/dags/ml_pipeline_dag.py for tasks to queue
[2026-03-22T21:43:45.609+0000] {logging_mixin.py:190} INFO - [2026-03-22T21:43:45.608+0000] {dagbag.py:588} INFO - Filling up the DagBag from /home/ec2-user/environment/lab4_model_training/dags/ml_pipeline_dag.py
[2026-03-22T21:43:47.025+0000] {processor.py:925} INFO - DAG(s) 'ml_pipeline' retrieved from /home/ec2-user/environment/lab4_model_training/dags/ml_pipeline_dag.py
[2026-03-22T21:43:47.045+0000] {logging_mixin.py:190} INFO - [2026-03-22T21:43:47.045+0000] {dag.py:3239} INFO - Sync 1 DAGs
[2026-03-22T21:43:47.055+0000] {logging_mixin.py:190} INFO - [2026-03-22T21:43:47.054+0000] {dag.py:4180} INFO - Setting next_dagrun for ml_pipeline to None, run_after=None
[2026-03-22T21:43:47.072+0000] {processor.py:208} INFO - Processing /home/ec2-user/environment/lab4_model_training/dags/ml_pipeline_dag.py took 1.471 seconds
[2026-03-22T21:44:18.968+0000] {processor.py:186} INFO - Started process (PID=3461) to work on /home/ec2-user/environment/lab4_model_training/dags/ml_pipeline_dag.py
[2026-03-22T21:44:18.969+0000] {processor.py:914} INFO - Processing file /home/ec2-user/environment/lab4_model_training/dags/ml_pipeline_dag.py for tasks to queue
[2026-03-22T21:44:18.970+0000] {logging_mixin.py:190} INFO - [2026-03-22T21:44:18.970+0000] {dagbag.py:588} INFO - Filling up the DagBag from /home/ec2-user/environment/lab4_model_training/dags/ml_pipeline_dag.py
[2026-03-22T21:44:20.525+0000] {processor.py:925} INFO - DAG(s) 'ml_pipeline' retrieved from /home/ec2-user/environment/lab4_model_training/dags/ml_pipeline_dag.py
[2026-03-22T21:44:20.547+0000] {logging_mixin.py:190} INFO - [2026-03-22T21:44:20.547+0000] {dag.py:3239} INFO - Sync 1 DAGs
[2026-03-22T21:44:20.561+0000] {logging_mixin.py:190} INFO - [2026-03-22T21:44:20.561+0000] {dag.py:4180} INFO - Setting next_dagrun for ml_pipeline to None, run_after=None
[2026-03-22T21:44:20.589+0000] {processor.py:208} INFO - Processing /home/ec2-user/environment/lab4_model_training/dags/ml_pipeline_dag.py took 1.625 seconds
[2026-03-22T21:44:50.745+0000] {processor.py:186} INFO - Started process (PID=3486) to work on /home/ec2-user/environment/lab4_model_training/dags/ml_pipeline_dag.py
[2026-03-22T21:44:50.745+0000] {processor.py:914} INFO - Processing file /home/ec2-user/environment/lab4_model_training/dags/ml_pipeline_dag.py for tasks to queue
[2026-03-22T21:44:50.747+0000] {logging_mixin.py:190} INFO - [2026-03-22T21:44:50.746+0000] {dagbag.py:588} INFO - Filling up the DagBag from /home/ec2-user/environment/lab4_model_training/dags/ml_pipeline_dag.py
[2026-03-22T21:44:52.149+0000] {processor.py:925} INFO - DAG(s) 'ml_pipeline' retrieved from /home/ec2-user/environment/lab4_model_training/dags/ml_pipeline_dag.py
[2026-03-22T21:44:52.163+0000] {logging_mixin.py:190} INFO - [2026-03-22T21:44:52.163+0000] {dag.py:3239} INFO - Sync 1 DAGs
[2026-03-22T21:44:52.172+0000] {logging_mixin.py:190} INFO - [2026-03-22T21:44:52.172+0000] {dag.py:4180} INFO - Setting next_dagrun for ml_pipeline to None, run_after=None
[2026-03-22T21:44:52.191+0000] {processor.py:208} INFO - Processing /home/ec2-user/environment/lab4_model_training/dags/ml_pipeline_dag.py took 1.450 seconds
[2026-03-22T21:45:22.311+0000] {processor.py:186} INFO - Started process (PID=3578) to work on /home/ec2-user/environment/lab4_model_training/dags/ml_pipeline_dag.py
[2026-03-22T21:45:22.312+0000] {processor.py:914} INFO - Processing file /home/ec2-user/environment/lab4_model_training/dags/ml_pipeline_dag.py for tasks to queue
[2026-03-22T21:45:22.313+0000] {logging_mixin.py:190} INFO - [2026-03-22T21:45:22.313+0000] {dagbag.py:588} INFO - Filling up the DagBag from /home/ec2-user/environment/lab4_model_training/dags/ml_pipeline_dag.py
[2026-03-22T21:45:23.751+0000] {processor.py:925} INFO - DAG(s) 'ml_pipeline' retrieved from /home/ec2-user/environment/lab4_model_training/dags/ml_pipeline_dag.py
[2026-03-22T21:45:23.765+0000] {logging_mixin.py:190} INFO - [2026-03-22T21:45:23.764+0000] {dag.py:3239} INFO - Sync 1 DAGs
[2026-03-22T21:45:23.774+0000] {logging_mixin.py:190} INFO - [2026-03-22T21:45:23.774+0000] {dag.py:4180} INFO - Setting next_dagrun for ml_pipeline to None, run_after=None
[2026-03-22T21:45:23.794+0000] {processor.py:208} INFO - Processing /home/ec2-user/environment/lab4_model_training/dags/ml_pipeline_dag.py took 1.488 seconds
[2026-03-22T21:45:53.878+0000] {processor.py:186} INFO - Started process (PID=3617) to work on /home/ec2-user/environment/lab4_model_training/dags/ml_pipeline_dag.py
[2026-03-22T21:45:53.879+0000] {processor.py:914} INFO - Processing file /home/ec2-user/environment/lab4_model_training/dags/ml_pipeline_dag.py for tasks to queue
[2026-03-22T21:45:53.881+0000] {logging_mixin.py:190} INFO - [2026-03-22T21:45:53.881+0000] {dagbag.py:588} INFO - Filling up the DagBag from /home/ec2-user/environment/lab4_model_training/dags/ml_pipeline_dag.py
[2026-03-22T21:45:55.286+0000] {processor.py:925} INFO - DAG(s) 'ml_pipeline' retrieved from /home/ec2-user/environment/lab4_model_training/dags/ml_pipeline_dag.py
[2026-03-22T21:45:55.301+0000] {logging_mixin.py:190} INFO - [2026-03-22T21:45:55.301+0000] {dag.py:3239} INFO - Sync 1 DAGs
[2026-03-22T21:45:55.314+0000] {logging_mixin.py:190} INFO - [2026-03-22T21:45:55.314+0000] {dag.py:4180} INFO - Setting next_dagrun for ml_pipeline to None, run_after=None
[2026-03-22T21:45:55.333+0000] {processor.py:208} INFO - Processing /home/ec2-user/environment/lab4_model_training/dags/ml_pipeline_dag.py took 1.459 seconds
[2026-03-22T21:46:26.584+0000] {processor.py:186} INFO - Started process (PID=3657) to work on /home/ec2-user/environment/lab4_model_training/dags/ml_pipeline_dag.py
[2026-03-22T21:46:26.585+0000] {processor.py:914} INFO - Processing file /home/ec2-user/environment/lab4_model_training/dags/ml_pipeline_dag.py for tasks to queue
[2026-03-22T21:46:26.586+0000] {logging_mixin.py:190} INFO - [2026-03-22T21:46:26.586+0000] {dagbag.py:588} INFO - Filling up the DagBag from /home/ec2-user/environment/lab4_model_training/dags/ml_pipeline_dag.py
[2026-03-22T21:46:27.952+0000] {processor.py:925} INFO - DAG(s) 'ml_pipeline' retrieved from /home/ec2-user/environment/lab4_model_training/dags/ml_pipeline_dag.py
[2026-03-22T21:46:27.965+0000] {logging_mixin.py:190} INFO - [2026-03-22T21:46:27.964+0000] {dag.py:3239} INFO - Sync 1 DAGs
[2026-03-22T21:46:27.974+0000] {logging_mixin.py:190} INFO - [2026-03-22T21:46:27.974+0000] {dag.py:4180} INFO - Setting next_dagrun for ml_pipeline to None, run_after=None
[2026-03-22T21:46:27.992+0000] {processor.py:208} INFO - Processing /home/ec2-user/environment/lab4_model_training/dags/ml_pipeline_dag.py took 1.413 seconds
[2026-03-22T21:46:59.106+0000] {processor.py:186} INFO - Started process (PID=3735) to work on /home/ec2-user/environment/lab4_model_training/dags/ml_pipeline_dag.py
[2026-03-22T21:46:59.107+0000] {processor.py:914} INFO - Processing file /home/ec2-user/environment/lab4_model_training/dags/ml_pipeline_dag.py for tasks to queue
[2026-03-22T21:46:59.108+0000] {logging_mixin.py:190} INFO - [2026-03-22T21:46:59.108+0000] {dagbag.py:588} INFO - Filling up the DagBag from /home/ec2-user/environment/lab4_model_training/dags/ml_pipeline_dag.py
[2026-03-22T21:47:00.480+0000] {processor.py:925} INFO - DAG(s) 'ml_pipeline' retrieved from /home/ec2-user/environment/lab4_model_training/dags/ml_pipeline_dag.py
[2026-03-22T21:47:00.494+0000] {logging_mixin.py:190} INFO - [2026-03-22T21:47:00.493+0000] {dag.py:3239} INFO - Sync 1 DAGs
[2026-03-22T21:47:00.504+0000] {logging_mixin.py:190} INFO - [2026-03-22T21:47:00.504+0000] {dag.py:4180} INFO - Setting next_dagrun for ml_pipeline to None, run_after=None
[2026-03-22T21:47:00.522+0000] {processor.py:208} INFO - Processing /home/ec2-user/environment/lab4_model_training/dags/ml_pipeline_dag.py took 1.420 seconds
[2026-03-22T21:47:31.608+0000] {processor.py:186} INFO - Started process (PID=3790) to work on /home/ec2-user/environment/lab4_model_training/dags/ml_pipeline_dag.py
[2026-03-22T21:47:31.609+0000] {processor.py:914} INFO - Processing file /home/ec2-user/environment/lab4_model_training/dags/ml_pipeline_dag.py for tasks to queue
[2026-03-22T21:47:31.610+0000] {logging_mixin.py:190} INFO - [2026-03-22T21:47:31.610+0000] {dagbag.py:588} INFO - Filling up the DagBag from /home/ec2-user/environment/lab4_model_training/dags/ml_pipeline_dag.py
[2026-03-22T21:47:32.982+0000] {processor.py:925} INFO - DAG(s) 'ml_pipeline' retrieved from /home/ec2-user/environment/lab4_model_training/dags/ml_pipeline_dag.py
[2026-03-22T21:47:32.996+0000] {logging_mixin.py:190} INFO - [2026-03-22T21:47:32.995+0000] {dag.py:3239} INFO - Sync 1 DAGs
[2026-03-22T21:47:33.006+0000] {logging_mixin.py:190} INFO - [2026-03-22T21:47:33.006+0000] {dag.py:4180} INFO - Setting next_dagrun for ml_pipeline to None, run_after=None
[2026-03-22T21:47:33.024+0000] {processor.py:208} INFO - Processing /home/ec2-user/environment/lab4_model_training/dags/ml_pipeline_dag.py took 1.421 seconds
[2026-03-22T21:48:03.333+0000] {processor.py:186} INFO - Started process (PID=3830) to work on /home/ec2-user/environment/lab4_model_training/dags/ml_pipeline_dag.py
[2026-03-22T21:48:03.334+0000] {processor.py:914} INFO - Processing file /home/ec2-user/environment/lab4_model_training/dags/ml_pipeline_dag.py for tasks to queue
[2026-03-22T21:48:03.336+0000] {logging_mixin.py:190} INFO - [2026-03-22T21:48:03.335+0000] {dagbag.py:588} INFO - Filling up the DagBag from /home/ec2-user/environment/lab4_model_training/dags/ml_pipeline_dag.py
[2026-03-22T21:48:04.711+0000] {processor.py:925} INFO - DAG(s) 'ml_pipeline' retrieved from /home/ec2-user/environment/lab4_model_training/dags/ml_pipeline_dag.py
[2026-03-22T21:48:04.724+0000] {logging_mixin.py:190} INFO - [2026-03-22T21:48:04.724+0000] {dag.py:3239} INFO - Sync 1 DAGs
[2026-03-22T21:48:04.734+0000] {logging_mixin.py:190} INFO - [2026-03-22T21:48:04.734+0000] {dag.py:4180} INFO - Setting next_dagrun for ml_pipeline to None, run_after=None
[2026-03-22T21:48:04.751+0000] {processor.py:208} INFO - Processing /home/ec2-user/environment/lab4_model_training/dags/ml_pipeline_dag.py took 1.423 seconds
[2026-03-22T21:48:35.063+0000] {processor.py:186} INFO - Started process (PID=3861) to work on /home/ec2-user/environment/lab4_model_training/dags/ml_pipeline_dag.py
[2026-03-22T21:48:35.064+0000] {processor.py:914} INFO - Processing file /home/ec2-user/environment/lab4_model_training/dags/ml_pipeline_dag.py for tasks to queue
[2026-03-22T21:48:35.066+0000] {logging_mixin.py:190} INFO - [2026-03-22T21:48:35.065+0000] {dagbag.py:588} INFO - Filling up the DagBag from /home/ec2-user/environment/lab4_model_training/dags/ml_pipeline_dag.py
[2026-03-22T21:48:36.873+0000] {processor.py:925} INFO - DAG(s) 'ml_pipeline' retrieved from /home/ec2-user/environment/lab4_model_training/dags/ml_pipeline_dag.py
[2026-03-22T21:48:36.893+0000] {logging_mixin.py:190} INFO - [2026-03-22T21:48:36.893+0000] {dag.py:3239} INFO - Sync 1 DAGs
[2026-03-22T21:48:36.907+0000] {logging_mixin.py:190} INFO - [2026-03-22T21:48:36.907+0000] {dag.py:4180} INFO - Setting next_dagrun for ml_pipeline to None, run_after=None
[2026-03-22T21:48:36.926+0000] {processor.py:208} INFO - Processing /home/ec2-user/environment/lab4_model_training/dags/ml_pipeline_dag.py took 1.868 seconds
[2026-03-22T21:49:07.167+0000] {processor.py:186} INFO - Started process (PID=3963) to work on /home/ec2-user/environment/lab4_model_training/dags/ml_pipeline_dag.py
[2026-03-22T21:49:07.168+0000] {processor.py:914} INFO - Processing file /home/ec2-user/environment/lab4_model_training/dags/ml_pipeline_dag.py for tasks to queue
[2026-03-22T21:49:07.169+0000] {logging_mixin.py:190} INFO - [2026-03-22T21:49:07.169+0000] {dagbag.py:588} INFO - Filling up the DagBag from /home/ec2-user/environment/lab4_model_training/dags/ml_pipeline_dag.py
[2026-03-22T21:49:08.461+0000] {processor.py:925} INFO - DAG(s) 'ml_pipeline' retrieved from /home/ec2-user/environment/lab4_model_training/dags/ml_pipeline_dag.py
[2026-03-22T21:49:08.475+0000] {logging_mixin.py:190} INFO - [2026-03-22T21:49:08.475+0000] {dag.py:3239} INFO - Sync 1 DAGs
[2026-03-22T21:49:08.485+0000] {logging_mixin.py:190} INFO - [2026-03-22T21:49:08.485+0000] {dag.py:4180} INFO - Setting next_dagrun for ml_pipeline to None, run_after=None
[2026-03-22T21:49:08.502+0000] {processor.py:208} INFO - Processing /home/ec2-user/environment/lab4_model_training/dags/ml_pipeline_dag.py took 1.341 seconds
[2026-03-22T21:49:39.139+0000] {processor.py:186} INFO - Started process (PID=3991) to work on /home/ec2-user/environment/lab4_model_training/dags/ml_pipeline_dag.py
[2026-03-22T21:49:39.140+0000] {processor.py:914} INFO - Processing file /home/ec2-user/environment/lab4_model_training/dags/ml_pipeline_dag.py for tasks to queue
[2026-03-22T21:49:39.141+0000] {logging_mixin.py:190} INFO - [2026-03-22T21:49:39.140+0000] {dagbag.py:588} INFO - Filling up the DagBag from /home/ec2-user/environment/lab4_model_training/dags/ml_pipeline_dag.py
[2026-03-22T21:49:40.875+0000] {processor.py:925} INFO - DAG(s) 'ml_pipeline' retrieved from /home/ec2-user/environment/lab4_model_training/dags/ml_pipeline_dag.py
[2026-03-22T21:49:40.880+0000] {logging_mixin.py:190} INFO - [2026-03-22T21:49:40.879+0000] {dag.py:3239} INFO - Sync 1 DAGs
[2026-03-22T21:49:40.889+0000] {logging_mixin.py:190} INFO - [2026-03-22T21:49:40.889+0000] {dag.py:4180} INFO - Setting next_dagrun for ml_pipeline to None, run_after=None
[2026-03-22T21:49:40.907+0000] {processor.py:208} INFO - Processing /home/ec2-user/environment/lab4_model_training/dags/ml_pipeline_dag.py took 1.774 seconds
[2026-03-22T21:50:11.188+0000] {processor.py:186} INFO - Started process (PID=4053) to work on /home/ec2-user/environment/lab4_model_training/dags/ml_pipeline_dag.py
[2026-03-22T21:50:11.192+0000] {processor.py:914} INFO - Processing file /home/ec2-user/environment/lab4_model_training/dags/ml_pipeline_dag.py for tasks to queue
[2026-03-22T21:50:11.195+0000] {logging_mixin.py:190} INFO - [2026-03-22T21:50:11.195+0000] {dagbag.py:588} INFO - Filling up the DagBag from /home/ec2-user/environment/lab4_model_training/dags/ml_pipeline_dag.py
[2026-03-22T21:50:12.677+0000] {processor.py:925} INFO - DAG(s) 'ml_pipeline' retrieved from /home/ec2-user/environment/lab4_model_training/dags/ml_pipeline_dag.py
[2026-03-22T21:50:12.755+0000] {logging_mixin.py:190} INFO - [2026-03-22T21:50:12.755+0000] {dag.py:3239} INFO - Sync 1 DAGs
[2026-03-22T21:50:12.764+0000] {logging_mixin.py:190} INFO - [2026-03-22T21:50:12.764+0000] {dag.py:4180} INFO - Setting next_dagrun for ml_pipeline to None, run_after=None
[2026-03-22T21:50:12.784+0000] {processor.py:208} INFO - Processing /home/ec2-user/environment/lab4_model_training/dags/ml_pipeline_dag.py took 1.602 seconds
[2026-03-22T21:50:43.546+0000] {processor.py:186} INFO - Started process (PID=4100) to work on /home/ec2-user/environment/lab4_model_training/dags/ml_pipeline_dag.py
[2026-03-22T21:50:43.547+0000] {processor.py:914} INFO - Processing file /home/ec2-user/environment/lab4_model_training/dags/ml_pipeline_dag.py for tasks to queue
[2026-03-22T21:50:43.548+0000] {logging_mixin.py:190} INFO - [2026-03-22T21:50:43.548+0000] {dagbag.py:588} INFO - Filling up the DagBag from /home/ec2-user/environment/lab4_model_training/dags/ml_pipeline_dag.py
[2026-03-22T21:50:44.881+0000] {processor.py:925} INFO - DAG(s) 'ml_pipeline' retrieved from /home/ec2-user/environment/lab4_model_training/dags/ml_pipeline_dag.py
[2026-03-22T21:50:44.894+0000] {logging_mixin.py:190} INFO - [2026-03-22T21:50:44.894+0000] {dag.py:3239} INFO - Sync 1 DAGs
[2026-03-22T21:50:44.904+0000] {logging_mixin.py:190} INFO - [2026-03-22T21:50:44.903+0000] {dag.py:4180} INFO - Setting next_dagrun for ml_pipeline to None, run_after=None
[2026-03-22T21:50:44.921+0000] {processor.py:208} INFO - Processing /home/ec2-user/environment/lab4_model_training/dags/ml_pipeline_dag.py took 1.380 seconds
[2026-03-22T21:51:15.760+0000] {processor.py:186} INFO - Started process (PID=4200) to work on /home/ec2-user/environment/lab4_model_training/dags/ml_pipeline_dag.py
[2026-03-22T21:51:15.761+0000] {processor.py:914} INFO - Processing file /home/ec2-user/environment/lab4_model_training/dags/ml_pipeline_dag.py for tasks to queue
[2026-03-22T21:51:15.762+0000] {logging_mixin.py:190} INFO - [2026-03-22T21:51:15.762+0000] {dagbag.py:588} INFO - Filling up the DagBag from /home/ec2-user/environment/lab4_model_training/dags/ml_pipeline_dag.py
[2026-03-22T21:51:17.523+0000] {processor.py:925} INFO - DAG(s) 'ml_pipeline' retrieved from /home/ec2-user/environment/lab4_model_training/dags/ml_pipeline_dag.py
[2026-03-22T21:51:17.530+0000] {logging_mixin.py:190} INFO - [2026-03-22T21:51:17.530+0000] {dag.py:3239} INFO - Sync 1 DAGs
[2026-03-22T21:51:17.545+0000] {logging_mixin.py:190} INFO - [2026-03-22T21:51:17.545+0000] {dag.py:4180} INFO - Setting next_dagrun for ml_pipeline to None, run_after=None
[2026-03-22T21:51:17.580+0000] {processor.py:208} INFO - Processing /home/ec2-user/environment/lab4_model_training/dags/ml_pipeline_dag.py took 1.825 seconds
[2026-03-22T21:51:47.733+0000] {processor.py:186} INFO - Started process (PID=4288) to work on /home/ec2-user/environment/lab4_model_training/dags/ml_pipeline_dag.py
[2026-03-22T21:51:47.734+0000] {processor.py:914} INFO - Processing file /home/ec2-user/environment/lab4_model_training/dags/ml_pipeline_dag.py for tasks to queue
[2026-03-22T21:51:47.735+0000] {logging_mixin.py:190} INFO - [2026-03-22T21:51:47.735+0000] {dagbag.py:588} INFO - Filling up the DagBag from /home/ec2-user/environment/lab4_model_training/dags/ml_pipeline_dag.py
[2026-03-22T21:51:49.707+0000] {processor.py:925} INFO - DAG(s) 'ml_pipeline' retrieved from /home/ec2-user/environment/lab4_model_training/dags/ml_pipeline_dag.py
[2026-03-22T21:51:49.838+0000] {logging_mixin.py:190} INFO - [2026-03-22T21:51:49.837+0000] {dag.py:3239} INFO - Sync 1 DAGs
[2026-03-22T21:51:49.853+0000] {logging_mixin.py:190} INFO - [2026-03-22T21:51:49.853+0000] {dag.py:4180} INFO - Setting next_dagrun for ml_pipeline to None, run_after=None
[2026-03-22T21:51:49.899+0000] {processor.py:208} INFO - Processing /home/ec2-user/environment/lab4_model_training/dags/ml_pipeline_dag.py took 2.170 seconds
[2026-03-22T21:51:50.997+0000] {processor.py:186} INFO - Started process (PID=4305) to work on /home/ec2-user/environment/lab4_model_training/dags/ml_pipeline_dag.py
[2026-03-22T21:51:50.998+0000] {processor.py:914} INFO - Processing file /home/ec2-user/environment/lab4_model_training/dags/ml_pipeline_dag.py for tasks to queue
[2026-03-22T21:51:50.999+0000] {logging_mixin.py:190} INFO - [2026-03-22T21:51:50.999+0000] {dagbag.py:588} INFO - Filling up the DagBag from /home/ec2-user/environment/lab4_model_training/dags/ml_pipeline_dag.py
[2026-03-22T21:51:52.452+0000] {processor.py:925} INFO - DAG(s) 'ml_pipeline' retrieved from /home/ec2-user/environment/lab4_model_training/dags/ml_pipeline_dag.py
[2026-03-22T21:51:52.458+0000] {logging_mixin.py:190} INFO - [2026-03-22T21:51:52.457+0000] {dag.py:3239} INFO - Sync 1 DAGs
[2026-03-22T21:51:52.472+0000] {logging_mixin.py:190} INFO - [2026-03-22T21:51:52.471+0000] {dag.py:4180} INFO - Setting next_dagrun for ml_pipeline to None, run_after=None
[2026-03-22T21:51:52.501+0000] {processor.py:208} INFO - Processing /home/ec2-user/environment/lab4_model_training/dags/ml_pipeline_dag.py took 1.509 seconds
[2026-03-22T21:52:22.704+0000] {processor.py:186} INFO - Started process (PID=4417) to work on /home/ec2-user/environment/lab4_model_training/dags/ml_pipeline_dag.py
[2026-03-22T21:52:22.704+0000] {processor.py:914} INFO - Processing file /home/ec2-user/environment/lab4_model_training/dags/ml_pipeline_dag.py for tasks to queue
[2026-03-22T21:52:22.706+0000] {logging_mixin.py:190} INFO - [2026-03-22T21:52:22.705+0000] {dagbag.py:588} INFO - Filling up the DagBag from /home/ec2-user/environment/lab4_model_training/dags/ml_pipeline_dag.py
[2026-03-22T21:52:24.223+0000] {processor.py:925} INFO - DAG(s) 'ml_pipeline' retrieved from /home/ec2-user/environment/lab4_model_training/dags/ml_pipeline_dag.py
[2026-03-22T21:52:24.246+0000] {logging_mixin.py:190} INFO - [2026-03-22T21:52:24.246+0000] {dag.py:3239} INFO - Sync 1 DAGs
[2026-03-22T21:52:24.264+0000] {logging_mixin.py:190} INFO - [2026-03-22T21:52:24.264+0000] {dag.py:4180} INFO - Setting next_dagrun for ml_pipeline to None, run_after=None
[2026-03-22T21:52:24.299+0000] {processor.py:208} INFO - Processing /home/ec2-user/environment/lab4_model_training/dags/ml_pipeline_dag.py took 1.602 seconds
[2026-03-22T21:52:54.502+0000] {processor.py:186} INFO - Started process (PID=4456) to work on /home/ec2-user/environment/lab4_model_training/dags/ml_pipeline_dag.py
[2026-03-22T21:52:54.503+0000] {processor.py:914} INFO - Processing file /home/ec2-user/environment/lab4_model_training/dags/ml_pipeline_dag.py for tasks to queue
[2026-03-22T21:52:54.504+0000] {logging_mixin.py:190} INFO - [2026-03-22T21:52:54.504+0000] {dagbag.py:588} INFO - Filling up the DagBag from /home/ec2-user/environment/lab4_model_training/dags/ml_pipeline_dag.py
[2026-03-22T21:52:55.796+0000] {processor.py:925} INFO - DAG(s) 'ml_pipeline' retrieved from /home/ec2-user/environment/lab4_model_training/dags/ml_pipeline_dag.py
[2026-03-22T21:52:55.800+0000] {logging_mixin.py:190} INFO - [2026-03-22T21:52:55.800+0000] {dag.py:3239} INFO - Sync 1 DAGs
[2026-03-22T21:52:55.811+0000] {logging_mixin.py:190} INFO - [2026-03-22T21:52:55.811+0000] {dag.py:4180} INFO - Setting next_dagrun for ml_pipeline to None, run_after=None
[2026-03-22T21:52:55.829+0000] {processor.py:208} INFO - Processing /home/ec2-user/environment/lab4_model_training/dags/ml_pipeline_dag.py took 1.332 seconds
[2026-03-22T21:53:25.995+0000] {processor.py:186} INFO - Started process (PID=4503) to work on /home/ec2-user/environment/lab4_model_training/dags/ml_pipeline_dag.py
[2026-03-22T21:53:25.996+0000] {processor.py:914} INFO - Processing file /home/ec2-user/environment/lab4_model_training/dags/ml_pipeline_dag.py for tasks to queue
[2026-03-22T21:53:25.999+0000] {logging_mixin.py:190} INFO - [2026-03-22T21:53:25.998+0000] {dagbag.py:588} INFO - Filling up the DagBag from /home/ec2-user/environment/lab4_model_training/dags/ml_pipeline_dag.py
[2026-03-22T21:53:27.750+0000] {processor.py:925} INFO - DAG(s) 'ml_pipeline' retrieved from /home/ec2-user/environment/lab4_model_training/dags/ml_pipeline_dag.py
[2026-03-22T21:53:27.829+0000] {logging_mixin.py:190} INFO - [2026-03-22T21:53:27.828+0000] {dag.py:3239} INFO - Sync 1 DAGs
[2026-03-22T21:53:27.838+0000] {logging_mixin.py:190} INFO - [2026-03-22T21:53:27.838+0000] {dag.py:4180} INFO - Setting next_dagrun for ml_pipeline to None, run_after=None
[2026-03-22T21:53:27.856+0000] {processor.py:208} INFO - Processing /home/ec2-user/environment/lab4_model_training/dags/ml_pipeline_dag.py took 1.866 seconds
[2026-03-22T21:53:57.996+0000] {processor.py:186} INFO - Started process (PID=4603) to work on /home/ec2-user/environment/lab4_model_training/dags/ml_pipeline_dag.py
[2026-03-22T21:53:57.999+0000] {processor.py:914} INFO - Processing file /home/ec2-user/environment/lab4_model_training/dags/ml_pipeline_dag.py for tasks to queue
[2026-03-22T21:53:58.002+0000] {logging_mixin.py:190} INFO - [2026-03-22T21:53:58.001+0000] {dagbag.py:588} INFO - Filling up the DagBag from /home/ec2-user/environment/lab4_model_training/dags/ml_pipeline_dag.py
[2026-03-22T21:53:59.421+0000] {processor.py:925} INFO - DAG(s) 'ml_pipeline' retrieved from /home/ec2-user/environment/lab4_model_training/dags/ml_pipeline_dag.py
[2026-03-22T21:53:59.442+0000] {logging_mixin.py:190} INFO - [2026-03-22T21:53:59.442+0000] {dag.py:3239} INFO - Sync 1 DAGs
[2026-03-22T21:53:59.456+0000] {logging_mixin.py:190} INFO - [2026-03-22T21:53:59.456+0000] {dag.py:4180} INFO - Setting next_dagrun for ml_pipeline to None, run_after=None
[2026-03-22T21:53:59.480+0000] {processor.py:208} INFO - Processing /home/ec2-user/environment/lab4_model_training/dags/ml_pipeline_dag.py took 1.491 seconds
[2026-03-22T21:54:29.613+0000] {processor.py:186} INFO - Started process (PID=4655) to work on /home/ec2-user/environment/lab4_model_training/dags/ml_pipeline_dag.py
[2026-03-22T21:54:29.615+0000] {processor.py:914} INFO - Processing file /home/ec2-user/environment/lab4_model_training/dags/ml_pipeline_dag.py for tasks to queue
[2026-03-22T21:54:29.616+0000] {logging_mixin.py:190} INFO - [2026-03-22T21:54:29.615+0000] {dagbag.py:588} INFO - Filling up the DagBag from /home/ec2-user/environment/lab4_model_training/dags/ml_pipeline_dag.py
[2026-03-22T21:54:31.461+0000] {processor.py:925} INFO - DAG(s) 'ml_pipeline' retrieved from /home/ec2-user/environment/lab4_model_training/dags/ml_pipeline_dag.py
[2026-03-22T21:54:31.466+0000] {logging_mixin.py:190} INFO - [2026-03-22T21:54:31.465+0000] {dag.py:3239} INFO - Sync 1 DAGs
[2026-03-22T21:54:31.476+0000] {logging_mixin.py:190} INFO - [2026-03-22T21:54:31.476+0000] {dag.py:4180} INFO - Setting next_dagrun for ml_pipeline to None, run_after=None
[2026-03-22T21:54:31.493+0000] {processor.py:208} INFO - Processing /home/ec2-user/environment/lab4_model_training/dags/ml_pipeline_dag.py took 1.885 seconds
[2026-03-22T21:55:01.612+0000] {processor.py:186} INFO - Started process (PID=4698) to work on /home/ec2-user/environment/lab4_model_training/dags/ml_pipeline_dag.py
[2026-03-22T21:55:01.613+0000] {processor.py:914} INFO - Processing file /home/ec2-user/environment/lab4_model_training/dags/ml_pipeline_dag.py for tasks to queue
[2026-03-22T21:55:01.614+0000] {logging_mixin.py:190} INFO - [2026-03-22T21:55:01.614+0000] {dagbag.py:588} INFO - Filling up the DagBag from /home/ec2-user/environment/lab4_model_training/dags/ml_pipeline_dag.py
[2026-03-22T21:55:02.943+0000] {processor.py:925} INFO - DAG(s) 'ml_pipeline' retrieved from /home/ec2-user/environment/lab4_model_training/dags/ml_pipeline_dag.py
[2026-03-22T21:55:03.022+0000] {logging_mixin.py:190} INFO - [2026-03-22T21:55:03.022+0000] {dag.py:3239} INFO - Sync 1 DAGs
[2026-03-22T21:55:03.031+0000] {logging_mixin.py:190} INFO - [2026-03-22T21:55:03.031+0000] {dag.py:4180} INFO - Setting next_dagrun for ml_pipeline to None, run_after=None
[2026-03-22T21:55:03.049+0000] {processor.py:208} INFO - Processing /home/ec2-user/environment/lab4_model_training/dags/ml_pipeline_dag.py took 1.446 seconds
[2026-03-22T21:55:33.203+0000] {processor.py:186} INFO - Started process (PID=4738) to work on /home/ec2-user/environment/lab4_model_training/dags/ml_pipeline_dag.py
[2026-03-22T21:55:33.204+0000] {processor.py:914} INFO - Processing file /home/ec2-user/environment/lab4_model_training/dags/ml_pipeline_dag.py for tasks to queue
[2026-03-22T21:55:33.205+0000] {logging_mixin.py:190} INFO - [2026-03-22T21:55:33.205+0000] {dagbag.py:588} INFO - Filling up the DagBag from /home/ec2-user/environment/lab4_model_training/dags/ml_pipeline_dag.py
[2026-03-22T21:55:34.487+0000] {processor.py:925} INFO - DAG(s) 'ml_pipeline' retrieved from /home/ec2-user/environment/lab4_model_training/dags/ml_pipeline_dag.py
[2026-03-22T21:55:34.502+0000] {logging_mixin.py:190} INFO - [2026-03-22T21:55:34.502+0000] {dag.py:3239} INFO - Sync 1 DAGs
[2026-03-22T21:55:34.511+0000] {logging_mixin.py:190} INFO - [2026-03-22T21:55:34.511+0000] {dag.py:4180} INFO - Setting next_dagrun for ml_pipeline to None, run_after=None
[2026-03-22T21:55:34.528+0000] {processor.py:208} INFO - Processing /home/ec2-user/environment/lab4_model_training/dags/ml_pipeline_dag.py took 1.330 seconds
[2026-03-22T21:56:04.696+0000] {processor.py:186} INFO - Started process (PID=4825) to work on /home/ec2-user/environment/lab4_model_training/dags/ml_pipeline_dag.py
[2026-03-22T21:56:04.697+0000] {processor.py:914} INFO - Processing file /home/ec2-user/environment/lab4_model_training/dags/ml_pipeline_dag.py for tasks to queue
[2026-03-22T21:56:04.699+0000] {logging_mixin.py:190} INFO - [2026-03-22T21:56:04.698+0000] {dagbag.py:588} INFO - Filling up the DagBag from /home/ec2-user/environment/lab4_model_training/dags/ml_pipeline_dag.py
[2026-03-22T21:56:05.995+0000] {processor.py:925} INFO - DAG(s) 'ml_pipeline' retrieved from /home/ec2-user/environment/lab4_model_training/dags/ml_pipeline_dag.py
[2026-03-22T21:56:05.999+0000] {logging_mixin.py:190} INFO - [2026-03-22T21:56:05.999+0000] {dag.py:3239} INFO - Sync 1 DAGs
[2026-03-22T21:56:06.009+0000] {logging_mixin.py:190} INFO - [2026-03-22T21:56:06.009+0000] {dag.py:4180} INFO - Setting next_dagrun for ml_pipeline to None, run_after=None
[2026-03-22T21:56:06.026+0000] {processor.py:208} INFO - Processing /home/ec2-user/environment/lab4_model_training/dags/ml_pipeline_dag.py took 1.335 seconds
[2026-03-22T21:56:36.189+0000] {processor.py:186} INFO - Started process (PID=4869) to work on /home/ec2-user/environment/lab4_model_training/dags/ml_pipeline_dag.py
[2026-03-22T21:56:36.189+0000] {processor.py:914} INFO - Processing file /home/ec2-user/environment/lab4_model_training/dags/ml_pipeline_dag.py for tasks to queue
[2026-03-22T21:56:36.191+0000] {logging_mixin.py:190} INFO - [2026-03-22T21:56:36.190+0000] {dagbag.py:588} INFO - Filling up the DagBag from /home/ec2-user/environment/lab4_model_training/dags/ml_pipeline_dag.py
[2026-03-22T21:56:37.484+0000] {processor.py:925} INFO - DAG(s) 'ml_pipeline' retrieved from /home/ec2-user/environment/lab4_model_training/dags/ml_pipeline_dag.py
[2026-03-22T21:56:37.562+0000] {logging_mixin.py:190} INFO - [2026-03-22T21:56:37.562+0000] {dag.py:3239} INFO - Sync 1 DAGs
[2026-03-22T21:56:37.572+0000] {logging_mixin.py:190} INFO - [2026-03-22T21:56:37.572+0000] {dag.py:4180} INFO - Setting next_dagrun for ml_pipeline to None, run_after=None
[2026-03-22T21:56:37.592+0000] {processor.py:208} INFO - Processing /home/ec2-user/environment/lab4_model_training/dags/ml_pipeline_dag.py took 1.408 seconds
[2026-03-22T21:57:07.782+0000] {processor.py:186} INFO - Started process (PID=4931) to work on /home/ec2-user/environment/lab4_model_training/dags/ml_pipeline_dag.py
[2026-03-22T21:57:07.783+0000] {processor.py:914} INFO - Processing file /home/ec2-user/environment/lab4_model_training/dags/ml_pipeline_dag.py for tasks to queue
[2026-03-22T21:57:07.785+0000] {logging_mixin.py:190} INFO - [2026-03-22T21:57:07.785+0000] {dagbag.py:588} INFO - Filling up the DagBag from /home/ec2-user/environment/lab4_model_training/dags/ml_pipeline_dag.py
[2026-03-22T21:57:09.063+0000] {processor.py:925} INFO - DAG(s) 'ml_pipeline' retrieved from /home/ec2-user/environment/lab4_model_training/dags/ml_pipeline_dag.py
[2026-03-22T21:57:09.089+0000] {logging_mixin.py:190} INFO - [2026-03-22T21:57:09.088+0000] {dag.py:3239} INFO - Sync 1 DAGs
[2026-03-22T21:57:09.100+0000] {logging_mixin.py:190} INFO - [2026-03-22T21:57:09.100+0000] {dag.py:4180} INFO - Setting next_dagrun for ml_pipeline to None, run_after=None
[2026-03-22T21:57:09.118+0000] {processor.py:208} INFO - Processing /home/ec2-user/environment/lab4_model_training/dags/ml_pipeline_dag.py took 1.340 seconds
[2026-03-22T21:57:39.287+0000] {processor.py:186} INFO - Started process (PID=4973) to work on /home/ec2-user/environment/lab4_model_training/dags/ml_pipeline_dag.py
[2026-03-22T21:57:39.287+0000] {processor.py:914} INFO - Processing file /home/ec2-user/environment/lab4_model_training/dags/ml_pipeline_dag.py for tasks to queue
[2026-03-22T21:57:39.289+0000] {logging_mixin.py:190} INFO - [2026-03-22T21:57:39.288+0000] {dagbag.py:588} INFO - Filling up the DagBag from /home/ec2-user/environment/lab4_model_training/dags/ml_pipeline_dag.py
[2026-03-22T21:57:40.575+0000] {processor.py:925} INFO - DAG(s) 'ml_pipeline' retrieved from /home/ec2-user/environment/lab4_model_training/dags/ml_pipeline_dag.py
[2026-03-22T21:57:40.580+0000] {logging_mixin.py:190} INFO - [2026-03-22T21:57:40.580+0000] {dag.py:3239} INFO - Sync 1 DAGs
[2026-03-22T21:57:40.590+0000] {logging_mixin.py:190} INFO - [2026-03-22T21:57:40.590+0000] {dag.py:4180} INFO - Setting next_dagrun for ml_pipeline to None, run_after=None
[2026-03-22T21:57:40.609+0000] {processor.py:208} INFO - Processing /home/ec2-user/environment/lab4_model_training/dags/ml_pipeline_dag.py took 1.327 seconds
[2026-03-22T21:58:10.779+0000] {processor.py:186} INFO - Started process (PID=5074) to work on /home/ec2-user/environment/lab4_model_training/dags/ml_pipeline_dag.py
[2026-03-22T21:58:10.780+0000] {processor.py:914} INFO - Processing file /home/ec2-user/environment/lab4_model_training/dags/ml_pipeline_dag.py for tasks to queue
[2026-03-22T21:58:10.781+0000] {logging_mixin.py:190} INFO - [2026-03-22T21:58:10.781+0000] {dagbag.py:588} INFO - Filling up the DagBag from /home/ec2-user/environment/lab4_model_training/dags/ml_pipeline_dag.py
[2026-03-22T21:58:12.068+0000] {processor.py:925} INFO - DAG(s) 'ml_pipeline' retrieved from /home/ec2-user/environment/lab4_model_training/dags/ml_pipeline_dag.py
[2026-03-22T21:58:12.147+0000] {logging_mixin.py:190} INFO - [2026-03-22T21:58:12.147+0000] {dag.py:3239} INFO - Sync 1 DAGs
[2026-03-22T21:58:12.155+0000] {logging_mixin.py:190} INFO - [2026-03-22T21:58:12.155+0000] {dag.py:4180} INFO - Setting next_dagrun for ml_pipeline to None, run_after=None
[2026-03-22T21:58:12.174+0000] {processor.py:208} INFO - Processing /home/ec2-user/environment/lab4_model_training/dags/ml_pipeline_dag.py took 1.399 seconds
[2026-03-22T21:58:42.300+0000] {processor.py:186} INFO - Started process (PID=5112) to work on /home/ec2-user/environment/lab4_model_training/dags/ml_pipeline_dag.py
[2026-03-22T21:58:42.303+0000] {processor.py:914} INFO - Processing file /home/ec2-user/environment/lab4_model_training/dags/ml_pipeline_dag.py for tasks to queue
[2026-03-22T21:58:42.306+0000] {logging_mixin.py:190} INFO - [2026-03-22T21:58:42.306+0000] {dagbag.py:588} INFO - Filling up the DagBag from /home/ec2-user/environment/lab4_model_training/dags/ml_pipeline_dag.py
[2026-03-22T21:58:43.848+0000] {processor.py:925} INFO - DAG(s) 'ml_pipeline' retrieved from /home/ec2-user/environment/lab4_model_training/dags/ml_pipeline_dag.py
[2026-03-22T21:58:43.869+0000] {logging_mixin.py:190} INFO - [2026-03-22T21:58:43.868+0000] {dag.py:3239} INFO - Sync 1 DAGs
[2026-03-22T21:58:43.882+0000] {logging_mixin.py:190} INFO - [2026-03-22T21:58:43.882+0000] {dag.py:4180} INFO - Setting next_dagrun for ml_pipeline to None, run_after=None
[2026-03-22T21:58:43.905+0000] {processor.py:208} INFO - Processing /home/ec2-user/environment/lab4_model_training/dags/ml_pipeline_dag.py took 1.612 seconds
[2026-03-22T21:59:14.099+0000] {processor.py:186} INFO - Started process (PID=5189) to work on /home/ec2-user/environment/lab4_model_training/dags/ml_pipeline_dag.py
[2026-03-22T21:59:14.100+0000] {processor.py:914} INFO - Processing file /home/ec2-user/environment/lab4_model_training/dags/ml_pipeline_dag.py for tasks to queue
[2026-03-22T21:59:14.102+0000] {logging_mixin.py:190} INFO - [2026-03-22T21:59:14.101+0000] {dagbag.py:588} INFO - Filling up the DagBag from /home/ec2-user/environment/lab4_model_training/dags/ml_pipeline_dag.py
[2026-03-22T21:59:15.383+0000] {processor.py:925} INFO - DAG(s) 'ml_pipeline' retrieved from /home/ec2-user/environment/lab4_model_training/dags/ml_pipeline_dag.py
[2026-03-22T21:59:15.387+0000] {logging_mixin.py:190} INFO - [2026-03-22T21:59:15.387+0000] {dag.py:3239} INFO - Sync 1 DAGs
[2026-03-22T21:59:15.398+0000] {logging_mixin.py:190} INFO - [2026-03-22T21:59:15.398+0000] {dag.py:4180} INFO - Setting next_dagrun for ml_pipeline to None, run_after=None
[2026-03-22T21:59:15.415+0000] {processor.py:208} INFO - Processing /home/ec2-user/environment/lab4_model_training/dags/ml_pipeline_dag.py took 1.320 seconds
[2026-03-22T21:59:45.592+0000] {processor.py:186} INFO - Started process (PID=5282) to work on /home/ec2-user/environment/lab4_model_training/dags/ml_pipeline_dag.py
[2026-03-22T21:59:45.594+0000] {processor.py:914} INFO - Processing file /home/ec2-user/environment/lab4_model_training/dags/ml_pipeline_dag.py for tasks to queue
[2026-03-22T21:59:45.595+0000] {logging_mixin.py:190} INFO - [2026-03-22T21:59:45.595+0000] {dagbag.py:588} INFO - Filling up the DagBag from /home/ec2-user/environment/lab4_model_training/dags/ml_pipeline_dag.py
[2026-03-22T21:59:46.888+0000] {processor.py:925} INFO - DAG(s) 'ml_pipeline' retrieved from /home/ec2-user/environment/lab4_model_training/dags/ml_pipeline_dag.py
[2026-03-22T21:59:46.965+0000] {logging_mixin.py:190} INFO - [2026-03-22T21:59:46.965+0000] {dag.py:3239} INFO - Sync 1 DAGs
[2026-03-22T21:59:46.974+0000] {logging_mixin.py:190} INFO - [2026-03-22T21:59:46.974+0000] {dag.py:4180} INFO - Setting next_dagrun for ml_pipeline to None, run_after=None
[2026-03-22T21:59:46.992+0000] {processor.py:208} INFO - Processing /home/ec2-user/environment/lab4_model_training/dags/ml_pipeline_dag.py took 1.404 seconds
[2026-03-22T22:00:17.186+0000] {processor.py:186} INFO - Started process (PID=5330) to work on /home/ec2-user/environment/lab4_model_training/dags/ml_pipeline_dag.py
[2026-03-22T22:00:17.187+0000] {processor.py:914} INFO - Processing file /home/ec2-user/environment/lab4_model_training/dags/ml_pipeline_dag.py for tasks to queue
[2026-03-22T22:00:17.188+0000] {logging_mixin.py:190} INFO - [2026-03-22T22:00:17.188+0000] {dagbag.py:588} INFO - Filling up the DagBag from /home/ec2-user/environment/lab4_model_training/dags/ml_pipeline_dag.py
[2026-03-22T22:00:18.477+0000] {processor.py:925} INFO - DAG(s) 'ml_pipeline' retrieved from /home/ec2-user/environment/lab4_model_training/dags/ml_pipeline_dag.py
[2026-03-22T22:00:18.490+0000] {logging_mixin.py:190} INFO - [2026-03-22T22:00:18.490+0000] {dag.py:3239} INFO - Sync 1 DAGs
[2026-03-22T22:00:18.499+0000] {logging_mixin.py:190} INFO - [2026-03-22T22:00:18.499+0000] {dag.py:4180} INFO - Setting next_dagrun for ml_pipeline to None, run_after=None
[2026-03-22T22:00:18.516+0000] {processor.py:208} INFO - Processing /home/ec2-user/environment/lab4_model_training/dags/ml_pipeline_dag.py took 1.335 seconds
[2026-03-22T22:00:48.679+0000] {processor.py:186} INFO - Started process (PID=5417) to work on /home/ec2-user/environment/lab4_model_training/dags/ml_pipeline_dag.py
[2026-03-22T22:00:48.680+0000] {processor.py:914} INFO - Processing file /home/ec2-user/environment/lab4_model_training/dags/ml_pipeline_dag.py for tasks to queue
[2026-03-22T22:00:48.682+0000] {logging_mixin.py:190} INFO - [2026-03-22T22:00:48.682+0000] {dagbag.py:588} INFO - Filling up the DagBag from /home/ec2-user/environment/lab4_model_training/dags/ml_pipeline_dag.py
[2026-03-22T22:00:50.121+0000] {processor.py:925} INFO - DAG(s) 'ml_pipeline' retrieved from /home/ec2-user/environment/lab4_model_training/dags/ml_pipeline_dag.py
[2026-03-22T22:00:50.129+0000] {logging_mixin.py:190} INFO - [2026-03-22T22:00:50.129+0000] {dag.py:3239} INFO - Sync 1 DAGs
[2026-03-22T22:00:50.145+0000] {logging_mixin.py:190} INFO - [2026-03-22T22:00:50.145+0000] {dag.py:4180} INFO - Setting next_dagrun for ml_pipeline to None, run_after=None
[2026-03-22T22:00:50.179+0000] {processor.py:208} INFO - Processing /home/ec2-user/environment/lab4_model_training/dags/ml_pipeline_dag.py took 1.504 seconds
[2026-03-22T22:01:20.372+0000] {processor.py:186} INFO - Started process (PID=5492) to work on /home/ec2-user/environment/lab4_model_training/dags/ml_pipeline_dag.py
[2026-03-22T22:01:20.375+0000] {processor.py:914} INFO - Processing file /home/ec2-user/environment/lab4_model_training/dags/ml_pipeline_dag.py for tasks to queue
[2026-03-22T22:01:20.378+0000] {logging_mixin.py:190} INFO - [2026-03-22T22:01:20.377+0000] {dagbag.py:588} INFO - Filling up the DagBag from /home/ec2-user/environment/lab4_model_training/dags/ml_pipeline_dag.py
[2026-03-22T22:01:21.725+0000] {processor.py:925} INFO - DAG(s) 'ml_pipeline' retrieved from /home/ec2-user/environment/lab4_model_training/dags/ml_pipeline_dag.py
[2026-03-22T22:01:21.803+0000] {logging_mixin.py:190} INFO - [2026-03-22T22:01:21.803+0000] {dag.py:3239} INFO - Sync 1 DAGs
[2026-03-22T22:01:21.812+0000] {logging_mixin.py:190} INFO - [2026-03-22T22:01:21.812+0000] {dag.py:4180} INFO - Setting next_dagrun for ml_pipeline to None, run_after=None
[2026-03-22T22:01:21.834+0000] {processor.py:208} INFO - Processing /home/ec2-user/environment/lab4_model_training/dags/ml_pipeline_dag.py took 1.469 seconds
[2026-03-22T22:02:16.165+0000] {processor.py:186} INFO - Started process (PID=5622) to work on /home/ec2-user/environment/lab4_model_training/dags/ml_pipeline_dag.py
[2026-03-22T22:02:16.166+0000] {processor.py:914} INFO - Processing file /home/ec2-user/environment/lab4_model_training/dags/ml_pipeline_dag.py for tasks to queue
[2026-03-22T22:02:16.168+0000] {logging_mixin.py:190} INFO - [2026-03-22T22:02:16.167+0000] {dagbag.py:588} INFO - Filling up the DagBag from /home/ec2-user/environment/lab4_model_training/dags/ml_pipeline_dag.py
[2026-03-22T22:02:17.533+0000] {processor.py:925} INFO - DAG(s) 'ml_pipeline' retrieved from /home/ec2-user/environment/lab4_model_training/dags/ml_pipeline_dag.py
[2026-03-22T22:02:17.547+0000] {logging_mixin.py:190} INFO - [2026-03-22T22:02:17.547+0000] {dag.py:3239} INFO - Sync 1 DAGs
[2026-03-22T22:02:17.557+0000] {logging_mixin.py:190} INFO - [2026-03-22T22:02:17.556+0000] {dag.py:4180} INFO - Setting next_dagrun for ml_pipeline to None, run_after=None
[2026-03-22T22:02:17.574+0000] {processor.py:208} INFO - Processing /home/ec2-user/environment/lab4_model_training/dags/ml_pipeline_dag.py took 1.413 seconds
[2026-03-22T22:02:50.985+0000] {processor.py:186} INFO - Started process (PID=5658) to work on /home/ec2-user/environment/lab4_model_training/dags/ml_pipeline_dag.py
[2026-03-22T22:02:50.986+0000] {processor.py:914} INFO - Processing file /home/ec2-user/environment/lab4_model_training/dags/ml_pipeline_dag.py for tasks to queue
[2026-03-22T22:02:50.987+0000] {logging_mixin.py:190} INFO - [2026-03-22T22:02:50.987+0000] {dagbag.py:588} INFO - Filling up the DagBag from /home/ec2-user/environment/lab4_model_training/dags/ml_pipeline_dag.py
[2026-03-22T22:02:52.343+0000] {processor.py:925} INFO - DAG(s) 'ml_pipeline' retrieved from /home/ec2-user/environment/lab4_model_training/dags/ml_pipeline_dag.py
[2026-03-22T22:02:52.424+0000] {logging_mixin.py:190} INFO - [2026-03-22T22:02:52.424+0000] {dag.py:3239} INFO - Sync 1 DAGs
[2026-03-22T22:02:52.433+0000] {logging_mixin.py:190} INFO - [2026-03-22T22:02:52.433+0000] {dag.py:4180} INFO - Setting next_dagrun for ml_pipeline to None, run_after=None
[2026-03-22T22:02:52.451+0000] {processor.py:208} INFO - Processing /home/ec2-user/environment/lab4_model_training/dags/ml_pipeline_dag.py took 1.472 seconds
[2026-03-22T22:03:22.587+0000] {processor.py:186} INFO - Started process (PID=5700) to work on /home/ec2-user/environment/lab4_model_training/dags/ml_pipeline_dag.py
[2026-03-22T22:03:22.588+0000] {processor.py:914} INFO - Processing file /home/ec2-user/environment/lab4_model_training/dags/ml_pipeline_dag.py for tasks to queue
[2026-03-22T22:03:22.590+0000] {logging_mixin.py:190} INFO - [2026-03-22T22:03:22.589+0000] {dagbag.py:588} INFO - Filling up the DagBag from /home/ec2-user/environment/lab4_model_training/dags/ml_pipeline_dag.py
[2026-03-22T22:03:23.978+0000] {processor.py:925} INFO - DAG(s) 'ml_pipeline' retrieved from /home/ec2-user/environment/lab4_model_training/dags/ml_pipeline_dag.py
[2026-03-22T22:03:23.991+0000] {logging_mixin.py:190} INFO - [2026-03-22T22:03:23.991+0000] {dag.py:3239} INFO - Sync 1 DAGs
[2026-03-22T22:03:24.001+0000] {logging_mixin.py:190} INFO - [2026-03-22T22:03:24.000+0000] {dag.py:4180} INFO - Setting next_dagrun for ml_pipeline to None, run_after=None
[2026-03-22T22:03:24.018+0000] {processor.py:208} INFO - Processing /home/ec2-user/environment/lab4_model_training/dags/ml_pipeline_dag.py took 1.435 seconds
[2026-03-22T22:03:54.180+0000] {processor.py:186} INFO - Started process (PID=5730) to work on /home/ec2-user/environment/lab4_model_training/dags/ml_pipeline_dag.py
[2026-03-22T22:03:54.181+0000] {processor.py:914} INFO - Processing file /home/ec2-user/environment/lab4_model_training/dags/ml_pipeline_dag.py for tasks to queue
[2026-03-22T22:03:54.182+0000] {logging_mixin.py:190} INFO - [2026-03-22T22:03:54.182+0000] {dagbag.py:588} INFO - Filling up the DagBag from /home/ec2-user/environment/lab4_model_training/dags/ml_pipeline_dag.py
[2026-03-22T22:03:55.568+0000] {processor.py:925} INFO - DAG(s) 'ml_pipeline' retrieved from /home/ec2-user/environment/lab4_model_training/dags/ml_pipeline_dag.py
[2026-03-22T22:03:55.573+0000] {logging_mixin.py:190} INFO - [2026-03-22T22:03:55.572+0000] {dag.py:3239} INFO - Sync 1 DAGs
[2026-03-22T22:03:55.583+0000] {logging_mixin.py:190} INFO - [2026-03-22T22:03:55.583+0000] {dag.py:4180} INFO - Setting next_dagrun for ml_pipeline to None, run_after=None
[2026-03-22T22:03:55.603+0000] {processor.py:208} INFO - Processing /home/ec2-user/environment/lab4_model_training/dags/ml_pipeline_dag.py took 1.427 seconds
[2026-03-22T22:04:25.793+0000] {processor.py:186} INFO - Started process (PID=5827) to work on /home/ec2-user/environment/lab4_model_training/dags/ml_pipeline_dag.py
[2026-03-22T22:04:25.795+0000] {processor.py:914} INFO - Processing file /home/ec2-user/environment/lab4_model_training/dags/ml_pipeline_dag.py for tasks to queue
[2026-03-22T22:04:25.796+0000] {logging_mixin.py:190} INFO - [2026-03-22T22:04:25.795+0000] {dagbag.py:588} INFO - Filling up the DagBag from /home/ec2-user/environment/lab4_model_training/dags/ml_pipeline_dag.py
[2026-03-22T22:04:27.366+0000] {processor.py:925} INFO - DAG(s) 'ml_pipeline' retrieved from /home/ec2-user/environment/lab4_model_training/dags/ml_pipeline_dag.py
[2026-03-22T22:04:27.490+0000] {logging_mixin.py:190} INFO - [2026-03-22T22:04:27.489+0000] {dag.py:3239} INFO - Sync 1 DAGs
[2026-03-22T22:04:27.504+0000] {logging_mixin.py:190} INFO - [2026-03-22T22:04:27.504+0000] {dag.py:4180} INFO - Setting next_dagrun for ml_pipeline to None, run_after=None
[2026-03-22T22:04:27.539+0000] {processor.py:208} INFO - Processing /home/ec2-user/environment/lab4_model_training/dags/ml_pipeline_dag.py took 1.750 seconds
[2026-03-22T22:04:57.624+0000] {processor.py:186} INFO - Started process (PID=5860) to work on /home/ec2-user/environment/lab4_model_training/dags/ml_pipeline_dag.py
[2026-03-22T22:04:57.626+0000] {processor.py:914} INFO - Processing file /home/ec2-user/environment/lab4_model_training/dags/ml_pipeline_dag.py for tasks to queue
[2026-03-22T22:04:57.627+0000] {logging_mixin.py:190} INFO - [2026-03-22T22:04:57.626+0000] {dagbag.py:588} INFO - Filling up the DagBag from /home/ec2-user/environment/lab4_model_training/dags/ml_pipeline_dag.py
[2026-03-22T22:04:59.005+0000] {processor.py:925} INFO - DAG(s) 'ml_pipeline' retrieved from /home/ec2-user/environment/lab4_model_training/dags/ml_pipeline_dag.py
[2026-03-22T22:04:59.018+0000] {logging_mixin.py:190} INFO - [2026-03-22T22:04:59.018+0000] {dag.py:3239} INFO - Sync 1 DAGs
[2026-03-22T22:04:59.028+0000] {logging_mixin.py:190} INFO - [2026-03-22T22:04:59.027+0000] {dag.py:4180} INFO - Setting next_dagrun for ml_pipeline to None, run_after=None
[2026-03-22T22:04:59.046+0000] {processor.py:208} INFO - Processing /home/ec2-user/environment/lab4_model_training/dags/ml_pipeline_dag.py took 1.426 seconds
[2026-03-22T22:05:29.217+0000] {processor.py:186} INFO - Started process (PID=5899) to work on /home/ec2-user/environment/lab4_model_training/dags/ml_pipeline_dag.py
[2026-03-22T22:05:29.217+0000] {processor.py:914} INFO - Processing file /home/ec2-user/environment/lab4_model_training/dags/ml_pipeline_dag.py for tasks to queue
[2026-03-22T22:05:29.219+0000] {logging_mixin.py:190} INFO - [2026-03-22T22:05:29.218+0000] {dagbag.py:588} INFO - Filling up the DagBag from /home/ec2-user/environment/lab4_model_training/dags/ml_pipeline_dag.py
[2026-03-22T22:05:30.579+0000] {processor.py:925} INFO - DAG(s) 'ml_pipeline' retrieved from /home/ec2-user/environment/lab4_model_training/dags/ml_pipeline_dag.py
[2026-03-22T22:05:30.583+0000] {logging_mixin.py:190} INFO - [2026-03-22T22:05:30.583+0000] {dag.py:3239} INFO - Sync 1 DAGs
[2026-03-22T22:05:30.593+0000] {logging_mixin.py:190} INFO - [2026-03-22T22:05:30.592+0000] {dag.py:4180} INFO - Setting next_dagrun for ml_pipeline to None, run_after=None
[2026-03-22T22:05:30.611+0000] {processor.py:208} INFO - Processing /home/ec2-user/environment/lab4_model_training/dags/ml_pipeline_dag.py took 1.399 seconds
[2026-03-22T22:06:00.719+0000] {processor.py:186} INFO - Started process (PID=6013) to work on /home/ec2-user/environment/lab4_model_training/dags/ml_pipeline_dag.py
[2026-03-22T22:06:00.721+0000] {processor.py:914} INFO - Processing file /home/ec2-user/environment/lab4_model_training/dags/ml_pipeline_dag.py for tasks to queue
[2026-03-22T22:06:00.722+0000] {logging_mixin.py:190} INFO - [2026-03-22T22:06:00.721+0000] {dagbag.py:588} INFO - Filling up the DagBag from /home/ec2-user/environment/lab4_model_training/dags/ml_pipeline_dag.py
[2026-03-22T22:06:02.111+0000] {processor.py:925} INFO - DAG(s) 'ml_pipeline' retrieved from /home/ec2-user/environment/lab4_model_training/dags/ml_pipeline_dag.py
[2026-03-22T22:06:02.188+0000] {logging_mixin.py:190} INFO - [2026-03-22T22:06:02.188+0000] {dag.py:3239} INFO - Sync 1 DAGs
[2026-03-22T22:06:02.198+0000] {logging_mixin.py:190} INFO - [2026-03-22T22:06:02.198+0000] {dag.py:4180} INFO - Setting next_dagrun for ml_pipeline to None, run_after=None
[2026-03-22T22:06:02.229+0000] {processor.py:208} INFO - Processing /home/ec2-user/environment/lab4_model_training/dags/ml_pipeline_dag.py took 1.514 seconds
[2026-03-22T22:06:32.414+0000] {processor.py:186} INFO - Started process (PID=6102) to work on /home/ec2-user/environment/lab4_model_training/dags/ml_pipeline_dag.py
[2026-03-22T22:06:32.414+0000] {processor.py:914} INFO - Processing file /home/ec2-user/environment/lab4_model_training/dags/ml_pipeline_dag.py for tasks to queue
[2026-03-22T22:06:32.416+0000] {logging_mixin.py:190} INFO - [2026-03-22T22:06:32.415+0000] {dagbag.py:588} INFO - Filling up the DagBag from /home/ec2-user/environment/lab4_model_training/dags/ml_pipeline_dag.py
[2026-03-22T22:06:33.764+0000] {processor.py:925} INFO - DAG(s) 'ml_pipeline' retrieved from /home/ec2-user/environment/lab4_model_training/dags/ml_pipeline_dag.py
[2026-03-22T22:06:33.778+0000] {logging_mixin.py:190} INFO - [2026-03-22T22:06:33.778+0000] {dag.py:3239} INFO - Sync 1 DAGs
[2026-03-22T22:06:33.787+0000] {logging_mixin.py:190} INFO - [2026-03-22T22:06:33.787+0000] {dag.py:4180} INFO - Setting next_dagrun for ml_pipeline to None, run_after=None
[2026-03-22T22:06:33.805+0000] {processor.py:208} INFO - Processing /home/ec2-user/environment/lab4_model_training/dags/ml_pipeline_dag.py took 1.396 seconds
[2026-03-22T22:07:03.920+0000] {processor.py:186} INFO - Started process (PID=6180) to work on /home/ec2-user/environment/lab4_model_training/dags/ml_pipeline_dag.py
[2026-03-22T22:07:03.921+0000] {processor.py:914} INFO - Processing file /home/ec2-user/environment/lab4_model_training/dags/ml_pipeline_dag.py for tasks to queue
[2026-03-22T22:07:03.923+0000] {logging_mixin.py:190} INFO - [2026-03-22T22:07:03.922+0000] {dagbag.py:588} INFO - Filling up the DagBag from /home/ec2-user/environment/lab4_model_training/dags/ml_pipeline_dag.py
[2026-03-22T22:07:05.549+0000] {processor.py:925} INFO - DAG(s) 'ml_pipeline' retrieved from /home/ec2-user/environment/lab4_model_training/dags/ml_pipeline_dag.py
[2026-03-22T22:07:05.556+0000] {logging_mixin.py:190} INFO - [2026-03-22T22:07:05.556+0000] {dag.py:3239} INFO - Sync 1 DAGs
[2026-03-22T22:07:05.573+0000] {logging_mixin.py:190} INFO - [2026-03-22T22:07:05.573+0000] {dag.py:4180} INFO - Setting next_dagrun for ml_pipeline to None, run_after=None
[2026-03-22T22:07:05.607+0000] {processor.py:208} INFO - Processing /home/ec2-user/environment/lab4_model_training/dags/ml_pipeline_dag.py took 1.693 seconds
[2026-03-22T22:07:35.751+0000] {processor.py:186} INFO - Started process (PID=6229) to work on /home/ec2-user/environment/lab4_model_training/dags/ml_pipeline_dag.py
[2026-03-22T22:07:35.752+0000] {processor.py:914} INFO - Processing file /home/ec2-user/environment/lab4_model_training/dags/ml_pipeline_dag.py for tasks to queue
[2026-03-22T22:07:35.753+0000] {logging_mixin.py:190} INFO - [2026-03-22T22:07:35.753+0000] {dagbag.py:588} INFO - Filling up the DagBag from /home/ec2-user/environment/lab4_model_training/dags/ml_pipeline_dag.py
[2026-03-22T22:07:37.115+0000] {processor.py:925} INFO - DAG(s) 'ml_pipeline' retrieved from /home/ec2-user/environment/lab4_model_training/dags/ml_pipeline_dag.py
[2026-03-22T22:07:37.193+0000] {logging_mixin.py:190} INFO - [2026-03-22T22:07:37.192+0000] {dag.py:3239} INFO - Sync 1 DAGs
[2026-03-22T22:07:37.201+0000] {logging_mixin.py:190} INFO - [2026-03-22T22:07:37.201+0000] {dag.py:4180} INFO - Setting next_dagrun for ml_pipeline to None, run_after=None
[2026-03-22T22:07:37.220+0000] {processor.py:208} INFO - Processing /home/ec2-user/environment/lab4_model_training/dags/ml_pipeline_dag.py took 1.473 seconds
[2026-03-22T22:08:07.353+0000] {processor.py:186} INFO - Started process (PID=6317) to work on /home/ec2-user/environment/lab4_model_training/dags/ml_pipeline_dag.py
[2026-03-22T22:08:07.353+0000] {processor.py:914} INFO - Processing file /home/ec2-user/environment/lab4_model_training/dags/ml_pipeline_dag.py for tasks to queue
[2026-03-22T22:08:07.355+0000] {logging_mixin.py:190} INFO - [2026-03-22T22:08:07.354+0000] {dagbag.py:588} INFO - Filling up the DagBag from /home/ec2-user/environment/lab4_model_training/dags/ml_pipeline_dag.py
[2026-03-22T22:08:08.725+0000] {processor.py:925} INFO - DAG(s) 'ml_pipeline' retrieved from /home/ec2-user/environment/lab4_model_training/dags/ml_pipeline_dag.py
[2026-03-22T22:08:08.738+0000] {logging_mixin.py:190} INFO - [2026-03-22T22:08:08.738+0000] {dag.py:3239} INFO - Sync 1 DAGs
[2026-03-22T22:08:08.747+0000] {logging_mixin.py:190} INFO - [2026-03-22T22:08:08.747+0000] {dag.py:4180} INFO - Setting next_dagrun for ml_pipeline to None, run_after=None
[2026-03-22T22:08:08.765+0000] {processor.py:208} INFO - Processing /home/ec2-user/environment/lab4_model_training/dags/ml_pipeline_dag.py took 1.417 seconds
[2026-03-22T22:08:38.966+0000] {processor.py:186} INFO - Started process (PID=6350) to work on /home/ec2-user/environment/lab4_model_training/dags/ml_pipeline_dag.py
[2026-03-22T22:08:38.970+0000] {processor.py:914} INFO - Processing file /home/ec2-user/environment/lab4_model_training/dags/ml_pipeline_dag.py for tasks to queue
[2026-03-22T22:08:38.973+0000] {logging_mixin.py:190} INFO - [2026-03-22T22:08:38.972+0000] {dagbag.py:588} INFO - Filling up the DagBag from /home/ec2-user/environment/lab4_model_training/dags/ml_pipeline_dag.py
[2026-03-22T22:08:40.365+0000] {processor.py:925} INFO - DAG(s) 'ml_pipeline' retrieved from /home/ec2-user/environment/lab4_model_training/dags/ml_pipeline_dag.py
[2026-03-22T22:08:40.371+0000] {logging_mixin.py:190} INFO - [2026-03-22T22:08:40.370+0000] {dag.py:3239} INFO - Sync 1 DAGs
[2026-03-22T22:08:40.385+0000] {logging_mixin.py:190} INFO - [2026-03-22T22:08:40.385+0000] {dag.py:4180} INFO - Setting next_dagrun for ml_pipeline to None, run_after=None
[2026-03-22T22:08:40.417+0000] {processor.py:208} INFO - Processing /home/ec2-user/environment/lab4_model_training/dags/ml_pipeline_dag.py took 1.457 seconds
[2026-03-22T22:09:10.578+0000] {processor.py:186} INFO - Started process (PID=6403) to work on /home/ec2-user/environment/lab4_model_training/dags/ml_pipeline_dag.py
[2026-03-22T22:09:10.578+0000] {processor.py:914} INFO - Processing file /home/ec2-user/environment/lab4_model_training/dags/ml_pipeline_dag.py for tasks to queue
[2026-03-22T22:09:10.580+0000] {logging_mixin.py:190} INFO - [2026-03-22T22:09:10.579+0000] {dagbag.py:588} INFO - Filling up the DagBag from /home/ec2-user/environment/lab4_model_training/dags/ml_pipeline_dag.py
[2026-03-22T22:09:11.922+0000] {processor.py:925} INFO - DAG(s) 'ml_pipeline' retrieved from /home/ec2-user/environment/lab4_model_training/dags/ml_pipeline_dag.py
[2026-03-22T22:09:12.000+0000] {logging_mixin.py:190} INFO - [2026-03-22T22:09:11.999+0000] {dag.py:3239} INFO - Sync 1 DAGs
[2026-03-22T22:09:12.009+0000] {logging_mixin.py:190} INFO - [2026-03-22T22:09:12.009+0000] {dag.py:4180} INFO - Setting next_dagrun for ml_pipeline to None, run_after=None
[2026-03-22T22:09:12.031+0000] {processor.py:208} INFO - Processing /home/ec2-user/environment/lab4_model_training/dags/ml_pipeline_dag.py took 1.458 seconds
[2026-03-22T22:09:42.179+0000] {processor.py:186} INFO - Started process (PID=6437) to work on /home/ec2-user/environment/lab4_model_training/dags/ml_pipeline_dag.py
[2026-03-22T22:09:42.179+0000] {processor.py:914} INFO - Processing file /home/ec2-user/environment/lab4_model_training/dags/ml_pipeline_dag.py for tasks to queue
[2026-03-22T22:09:42.180+0000] {logging_mixin.py:190} INFO - [2026-03-22T22:09:42.180+0000] {dagbag.py:588} INFO - Filling up the DagBag from /home/ec2-user/environment/lab4_model_training/dags/ml_pipeline_dag.py
[2026-03-22T22:09:43.962+0000] {processor.py:925} INFO - DAG(s) 'ml_pipeline' retrieved from /home/ec2-user/environment/lab4_model_training/dags/ml_pipeline_dag.py
[2026-03-22T22:09:43.984+0000] {logging_mixin.py:190} INFO - [2026-03-22T22:09:43.983+0000] {dag.py:3239} INFO - Sync 1 DAGs
[2026-03-22T22:09:43.997+0000] {logging_mixin.py:190} INFO - [2026-03-22T22:09:43.997+0000] {dag.py:4180} INFO - Setting next_dagrun for ml_pipeline to None, run_after=None
[2026-03-22T22:09:44.025+0000] {processor.py:208} INFO - Processing /home/ec2-user/environment/lab4_model_training/dags/ml_pipeline_dag.py took 1.851 seconds
[2026-03-22T22:10:14.153+0000] {processor.py:186} INFO - Started process (PID=6541) to work on /home/ec2-user/environment/lab4_model_training/dags/ml_pipeline_dag.py
[2026-03-22T22:10:14.155+0000] {processor.py:914} INFO - Processing file /home/ec2-user/environment/lab4_model_training/dags/ml_pipeline_dag.py for tasks to queue
[2026-03-22T22:10:14.156+0000] {logging_mixin.py:190} INFO - [2026-03-22T22:10:14.156+0000] {dagbag.py:588} INFO - Filling up the DagBag from /home/ec2-user/environment/lab4_model_training/dags/ml_pipeline_dag.py
[2026-03-22T22:10:15.520+0000] {processor.py:925} INFO - DAG(s) 'ml_pipeline' retrieved from /home/ec2-user/environment/lab4_model_training/dags/ml_pipeline_dag.py
[2026-03-22T22:10:15.524+0000] {logging_mixin.py:190} INFO - [2026-03-22T22:10:15.524+0000] {dag.py:3239} INFO - Sync 1 DAGs
[2026-03-22T22:10:15.534+0000] {logging_mixin.py:190} INFO - [2026-03-22T22:10:15.534+0000] {dag.py:4180} INFO - Setting next_dagrun for ml_pipeline to None, run_after=None
[2026-03-22T22:10:15.552+0000] {processor.py:208} INFO - Processing /home/ec2-user/environment/lab4_model_training/dags/ml_pipeline_dag.py took 1.403 seconds
[2026-03-22T22:10:45.751+0000] {processor.py:186} INFO - Started process (PID=6582) to work on /home/ec2-user/environment/lab4_model_training/dags/ml_pipeline_dag.py
[2026-03-22T22:10:45.752+0000] {processor.py:914} INFO - Processing file /home/ec2-user/environment/lab4_model_training/dags/ml_pipeline_dag.py for tasks to queue
[2026-03-22T22:10:45.753+0000] {logging_mixin.py:190} INFO - [2026-03-22T22:10:45.753+0000] {dagbag.py:588} INFO - Filling up the DagBag from /home/ec2-user/environment/lab4_model_training/dags/ml_pipeline_dag.py
[2026-03-22T22:10:47.116+0000] {processor.py:925} INFO - DAG(s) 'ml_pipeline' retrieved from /home/ec2-user/environment/lab4_model_training/dags/ml_pipeline_dag.py
[2026-03-22T22:10:47.193+0000] {logging_mixin.py:190} INFO - [2026-03-22T22:10:47.193+0000] {dag.py:3239} INFO - Sync 1 DAGs
[2026-03-22T22:10:47.204+0000] {logging_mixin.py:190} INFO - [2026-03-22T22:10:47.204+0000] {dag.py:4180} INFO - Setting next_dagrun for ml_pipeline to None, run_after=None
[2026-03-22T22:10:47.223+0000] {processor.py:208} INFO - Processing /home/ec2-user/environment/lab4_model_training/dags/ml_pipeline_dag.py took 1.476 seconds
[2026-03-22T22:11:18.738+0000] {processor.py:186} INFO - Started process (PID=6644) to work on /home/ec2-user/environment/lab4_model_training/dags/ml_pipeline_dag.py
[2026-03-22T22:11:18.739+0000] {processor.py:914} INFO - Processing file /home/ec2-user/environment/lab4_model_training/dags/ml_pipeline_dag.py for tasks to queue
[2026-03-22T22:11:18.740+0000] {logging_mixin.py:190} INFO - [2026-03-22T22:11:18.740+0000] {dagbag.py:588} INFO - Filling up the DagBag from /home/ec2-user/environment/lab4_model_training/dags/ml_pipeline_dag.py
[2026-03-22T22:11:20.104+0000] {processor.py:925} INFO - DAG(s) 'ml_pipeline' retrieved from /home/ec2-user/environment/lab4_model_training/dags/ml_pipeline_dag.py
[2026-03-22T22:11:20.118+0000] {logging_mixin.py:190} INFO - [2026-03-22T22:11:20.118+0000] {dag.py:3239} INFO - Sync 1 DAGs
[2026-03-22T22:11:20.127+0000] {logging_mixin.py:190} INFO - [2026-03-22T22:11:20.127+0000] {dag.py:4180} INFO - Setting next_dagrun for ml_pipeline to None, run_after=None
[2026-03-22T22:11:20.148+0000] {processor.py:208} INFO - Processing /home/ec2-user/environment/lab4_model_training/dags/ml_pipeline_dag.py took 1.414 seconds
[2026-03-22T22:11:50.352+0000] {processor.py:186} INFO - Started process (PID=6676) to work on /home/ec2-user/environment/lab4_model_training/dags/ml_pipeline_dag.py
[2026-03-22T22:11:50.353+0000] {processor.py:914} INFO - Processing file /home/ec2-user/environment/lab4_model_training/dags/ml_pipeline_dag.py for tasks to queue
[2026-03-22T22:11:50.354+0000] {logging_mixin.py:190} INFO - [2026-03-22T22:11:50.354+0000] {dagbag.py:588} INFO - Filling up the DagBag from /home/ec2-user/environment/lab4_model_training/dags/ml_pipeline_dag.py
[2026-03-22T22:11:51.776+0000] {processor.py:925} INFO - DAG(s) 'ml_pipeline' retrieved from /home/ec2-user/environment/lab4_model_training/dags/ml_pipeline_dag.py
[2026-03-22T22:11:51.781+0000] {logging_mixin.py:190} INFO - [2026-03-22T22:11:51.781+0000] {dag.py:3239} INFO - Sync 1 DAGs
[2026-03-22T22:11:51.797+0000] {logging_mixin.py:190} INFO - [2026-03-22T22:11:51.797+0000] {dag.py:4180} INFO - Setting next_dagrun for ml_pipeline to None, run_after=None
[2026-03-22T22:11:51.827+0000] {processor.py:208} INFO - Processing /home/ec2-user/environment/lab4_model_training/dags/ml_pipeline_dag.py took 1.480 seconds
[2026-03-22T22:12:22.361+0000] {processor.py:186} INFO - Started process (PID=6798) to work on /home/ec2-user/environment/lab4_model_training/dags/ml_pipeline_dag.py
[2026-03-22T22:12:22.362+0000] {processor.py:914} INFO - Processing file /home/ec2-user/environment/lab4_model_training/dags/ml_pipeline_dag.py for tasks to queue
[2026-03-22T22:12:22.364+0000] {logging_mixin.py:190} INFO - [2026-03-22T22:12:22.363+0000] {dagbag.py:588} INFO - Filling up the DagBag from /home/ec2-user/environment/lab4_model_training/dags/ml_pipeline_dag.py
[2026-03-22T22:12:24.091+0000] {processor.py:925} INFO - DAG(s) 'ml_pipeline' retrieved from /home/ec2-user/environment/lab4_model_training/dags/ml_pipeline_dag.py
[2026-03-22T22:12:24.211+0000] {logging_mixin.py:190} INFO - [2026-03-22T22:12:24.210+0000] {dag.py:3239} INFO - Sync 1 DAGs
[2026-03-22T22:12:24.225+0000] {logging_mixin.py:190} INFO - [2026-03-22T22:12:24.225+0000] {dag.py:4180} INFO - Setting next_dagrun for ml_pipeline to None, run_after=None
[2026-03-22T22:12:24.257+0000] {processor.py:208} INFO - Processing /home/ec2-user/environment/lab4_model_training/dags/ml_pipeline_dag.py took 1.901 seconds
[2026-03-22T22:12:54.464+0000] {processor.py:186} INFO - Started process (PID=6842) to work on /home/ec2-user/environment/lab4_model_training/dags/ml_pipeline_dag.py
[2026-03-22T22:12:54.466+0000] {processor.py:914} INFO - Processing file /home/ec2-user/environment/lab4_model_training/dags/ml_pipeline_dag.py for tasks to queue
[2026-03-22T22:12:54.467+0000] {logging_mixin.py:190} INFO - [2026-03-22T22:12:54.466+0000] {dagbag.py:588} INFO - Filling up the DagBag from /home/ec2-user/environment/lab4_model_training/dags/ml_pipeline_dag.py
[2026-03-22T22:12:55.766+0000] {processor.py:925} INFO - DAG(s) 'ml_pipeline' retrieved from /home/ec2-user/environment/lab4_model_training/dags/ml_pipeline_dag.py
[2026-03-22T22:12:55.779+0000] {logging_mixin.py:190} INFO - [2026-03-22T22:12:55.779+0000] {dag.py:3239} INFO - Sync 1 DAGs
[2026-03-22T22:12:55.788+0000] {logging_mixin.py:190} INFO - [2026-03-22T22:12:55.788+0000] {dag.py:4180} INFO - Setting next_dagrun for ml_pipeline to None, run_after=None
[2026-03-22T22:12:55.808+0000] {processor.py:208} INFO - Processing /home/ec2-user/environment/lab4_model_training/dags/ml_pipeline_dag.py took 1.348 seconds
[2026-03-22T22:13:25.928+0000] {processor.py:186} INFO - Started process (PID=6900) to work on /home/ec2-user/environment/lab4_model_training/dags/ml_pipeline_dag.py
[2026-03-22T22:13:25.929+0000] {processor.py:914} INFO - Processing file /home/ec2-user/environment/lab4_model_training/dags/ml_pipeline_dag.py for tasks to queue
[2026-03-22T22:13:25.931+0000] {logging_mixin.py:190} INFO - [2026-03-22T22:13:25.930+0000] {dagbag.py:588} INFO - Filling up the DagBag from /home/ec2-user/environment/lab4_model_training/dags/ml_pipeline_dag.py
[2026-03-22T22:13:27.618+0000] {processor.py:925} INFO - DAG(s) 'ml_pipeline' retrieved from /home/ec2-user/environment/lab4_model_training/dags/ml_pipeline_dag.py
[2026-03-22T22:13:27.625+0000] {logging_mixin.py:190} INFO - [2026-03-22T22:13:27.625+0000] {dag.py:3239} INFO - Sync 1 DAGs
[2026-03-22T22:13:27.640+0000] {logging_mixin.py:190} INFO - [2026-03-22T22:13:27.640+0000] {dag.py:4180} INFO - Setting next_dagrun for ml_pipeline to None, run_after=None
[2026-03-22T22:13:27.672+0000] {processor.py:208} INFO - Processing /home/ec2-user/environment/lab4_model_training/dags/ml_pipeline_dag.py took 1.749 seconds
[2026-03-22T22:13:57.818+0000] {processor.py:186} INFO - Started process (PID=7007) to work on /home/ec2-user/environment/lab4_model_training/dags/ml_pipeline_dag.py
[2026-03-22T22:13:57.820+0000] {processor.py:914} INFO - Processing file /home/ec2-user/environment/lab4_model_training/dags/ml_pipeline_dag.py for tasks to queue
[2026-03-22T22:13:57.821+0000] {logging_mixin.py:190} INFO - [2026-03-22T22:13:57.821+0000] {dagbag.py:588} INFO - Filling up the DagBag from /home/ec2-user/environment/lab4_model_training/dags/ml_pipeline_dag.py
[2026-03-22T22:13:59.103+0000] {processor.py:925} INFO - DAG(s) 'ml_pipeline' retrieved from /home/ec2-user/environment/lab4_model_training/dags/ml_pipeline_dag.py
[2026-03-22T22:13:59.181+0000] {logging_mixin.py:190} INFO - [2026-03-22T22:13:59.180+0000] {dag.py:3239} INFO - Sync 1 DAGs
[2026-03-22T22:13:59.190+0000] {logging_mixin.py:190} INFO - [2026-03-22T22:13:59.189+0000] {dag.py:4180} INFO - Setting next_dagrun for ml_pipeline to None, run_after=None
[2026-03-22T22:13:59.209+0000] {processor.py:208} INFO - Processing /home/ec2-user/environment/lab4_model_training/dags/ml_pipeline_dag.py took 1.396 seconds
[2026-03-22T22:14:29.270+0000] {processor.py:186} INFO - Started process (PID=7061) to work on /home/ec2-user/environment/lab4_model_training/dags/ml_pipeline_dag.py
[2026-03-22T22:14:29.270+0000] {processor.py:914} INFO - Processing file /home/ec2-user/environment/lab4_model_training/dags/ml_pipeline_dag.py for tasks to queue
[2026-03-22T22:14:29.272+0000] {logging_mixin.py:190} INFO - [2026-03-22T22:14:29.271+0000] {dagbag.py:588} INFO - Filling up the DagBag from /home/ec2-user/environment/lab4_model_training/dags/ml_pipeline_dag.py
[2026-03-22T22:14:30.553+0000] {processor.py:925} INFO - DAG(s) 'ml_pipeline' retrieved from /home/ec2-user/environment/lab4_model_training/dags/ml_pipeline_dag.py
[2026-03-22T22:14:30.566+0000] {logging_mixin.py:190} INFO - [2026-03-22T22:14:30.565+0000] {dag.py:3239} INFO - Sync 1 DAGs
[2026-03-22T22:14:30.575+0000] {logging_mixin.py:190} INFO - [2026-03-22T22:14:30.575+0000] {dag.py:4180} INFO - Setting next_dagrun for ml_pipeline to None, run_after=None
[2026-03-22T22:14:30.594+0000] {processor.py:208} INFO - Processing /home/ec2-user/environment/lab4_model_training/dags/ml_pipeline_dag.py took 1.329 seconds
[2026-03-22T22:15:00.736+0000] {processor.py:186} INFO - Started process (PID=7148) to work on /home/ec2-user/environment/lab4_model_training/dags/ml_pipeline_dag.py
[2026-03-22T22:15:00.737+0000] {processor.py:914} INFO - Processing file /home/ec2-user/environment/lab4_model_training/dags/ml_pipeline_dag.py for tasks to queue
[2026-03-22T22:15:00.738+0000] {logging_mixin.py:190} INFO - [2026-03-22T22:15:00.738+0000] {dagbag.py:588} INFO - Filling up the DagBag from /home/ec2-user/environment/lab4_model_training/dags/ml_pipeline_dag.py
[2026-03-22T22:15:02.028+0000] {processor.py:925} INFO - DAG(s) 'ml_pipeline' retrieved from /home/ec2-user/environment/lab4_model_training/dags/ml_pipeline_dag.py
[2026-03-22T22:15:02.032+0000] {logging_mixin.py:190} INFO - [2026-03-22T22:15:02.032+0000] {dag.py:3239} INFO - Sync 1 DAGs
[2026-03-22T22:15:02.042+0000] {logging_mixin.py:190} INFO - [2026-03-22T22:15:02.042+0000] {dag.py:4180} INFO - Setting next_dagrun for ml_pipeline to None, run_after=None
[2026-03-22T22:15:02.061+0000] {processor.py:208} INFO - Processing /home/ec2-user/environment/lab4_model_training/dags/ml_pipeline_dag.py took 1.330 seconds
[2026-03-22T22:15:32.201+0000] {processor.py:186} INFO - Started process (PID=7189) to work on /home/ec2-user/environment/lab4_model_training/dags/ml_pipeline_dag.py
[2026-03-22T22:15:32.202+0000] {processor.py:914} INFO - Processing file /home/ec2-user/environment/lab4_model_training/dags/ml_pipeline_dag.py for tasks to queue
[2026-03-22T22:15:32.203+0000] {logging_mixin.py:190} INFO - [2026-03-22T22:15:32.203+0000] {dagbag.py:588} INFO - Filling up the DagBag from /home/ec2-user/environment/lab4_model_training/dags/ml_pipeline_dag.py
[2026-03-22T22:15:33.476+0000] {processor.py:925} INFO - DAG(s) 'ml_pipeline' retrieved from /home/ec2-user/environment/lab4_model_training/dags/ml_pipeline_dag.py
[2026-03-22T22:15:33.553+0000] {logging_mixin.py:190} INFO - [2026-03-22T22:15:33.553+0000] {dag.py:3239} INFO - Sync 1 DAGs
[2026-03-22T22:15:33.563+0000] {logging_mixin.py:190} INFO - [2026-03-22T22:15:33.563+0000] {dag.py:4180} INFO - Setting next_dagrun for ml_pipeline to None, run_after=None
[2026-03-22T22:15:33.581+0000] {processor.py:208} INFO - Processing /home/ec2-user/environment/lab4_model_training/dags/ml_pipeline_dag.py took 1.384 seconds
[2026-03-22T22:16:03.668+0000] {processor.py:186} INFO - Started process (PID=7229) to work on /home/ec2-user/environment/lab4_model_training/dags/ml_pipeline_dag.py
[2026-03-22T22:16:03.669+0000] {processor.py:914} INFO - Processing file /home/ec2-user/environment/lab4_model_training/dags/ml_pipeline_dag.py for tasks to queue
[2026-03-22T22:16:03.671+0000] {logging_mixin.py:190} INFO - [2026-03-22T22:16:03.670+0000] {dagbag.py:588} INFO - Filling up the DagBag from /home/ec2-user/environment/lab4_model_training/dags/ml_pipeline_dag.py
[2026-03-22T22:16:04.947+0000] {processor.py:925} INFO - DAG(s) 'ml_pipeline' retrieved from /home/ec2-user/environment/lab4_model_training/dags/ml_pipeline_dag.py
[2026-03-22T22:16:04.961+0000] {logging_mixin.py:190} INFO - [2026-03-22T22:16:04.960+0000] {dag.py:3239} INFO - Sync 1 DAGs
[2026-03-22T22:16:04.971+0000] {logging_mixin.py:190} INFO - [2026-03-22T22:16:04.971+0000] {dag.py:4180} INFO - Setting next_dagrun for ml_pipeline to None, run_after=None
[2026-03-22T22:16:04.988+0000] {processor.py:208} INFO - Processing /home/ec2-user/environment/lab4_model_training/dags/ml_pipeline_dag.py took 1.325 seconds
[2026-03-22T22:16:35.134+0000] {processor.py:186} INFO - Started process (PID=7258) to work on /home/ec2-user/environment/lab4_model_training/dags/ml_pipeline_dag.py
[2026-03-22T22:16:35.135+0000] {processor.py:914} INFO - Processing file /home/ec2-user/environment/lab4_model_training/dags/ml_pipeline_dag.py for tasks to queue
[2026-03-22T22:16:35.137+0000] {logging_mixin.py:190} INFO - [2026-03-22T22:16:35.136+0000] {dagbag.py:588} INFO - Filling up the DagBag from /home/ec2-user/environment/lab4_model_training/dags/ml_pipeline_dag.py
[2026-03-22T22:16:36.406+0000] {processor.py:925} INFO - DAG(s) 'ml_pipeline' retrieved from /home/ec2-user/environment/lab4_model_training/dags/ml_pipeline_dag.py
[2026-03-22T22:16:36.410+0000] {logging_mixin.py:190} INFO - [2026-03-22T22:16:36.410+0000] {dag.py:3239} INFO - Sync 1 DAGs
[2026-03-22T22:16:36.421+0000] {logging_mixin.py:190} INFO - [2026-03-22T22:16:36.421+0000] {dag.py:4180} INFO - Setting next_dagrun for ml_pipeline to None, run_after=None
[2026-03-22T22:16:36.441+0000] {processor.py:208} INFO - Processing /home/ec2-user/environment/lab4_model_training/dags/ml_pipeline_dag.py took 1.312 seconds
[2026-03-22T22:17:06.600+0000] {processor.py:186} INFO - Started process (PID=7347) to work on /home/ec2-user/environment/lab4_model_training/dags/ml_pipeline_dag.py
[2026-03-22T22:17:06.601+0000] {processor.py:914} INFO - Processing file /home/ec2-user/environment/lab4_model_training/dags/ml_pipeline_dag.py for tasks to queue
[2026-03-22T22:17:06.602+0000] {logging_mixin.py:190} INFO - [2026-03-22T22:17:06.602+0000] {dagbag.py:588} INFO - Filling up the DagBag from /home/ec2-user/environment/lab4_model_training/dags/ml_pipeline_dag.py
[2026-03-22T22:17:07.883+0000] {processor.py:925} INFO - DAG(s) 'ml_pipeline' retrieved from /home/ec2-user/environment/lab4_model_training/dags/ml_pipeline_dag.py
[2026-03-22T22:17:07.962+0000] {logging_mixin.py:190} INFO - [2026-03-22T22:17:07.961+0000] {dag.py:3239} INFO - Sync 1 DAGs
[2026-03-22T22:17:07.970+0000] {logging_mixin.py:190} INFO - [2026-03-22T22:17:07.970+0000] {dag.py:4180} INFO - Setting next_dagrun for ml_pipeline to None, run_after=None
[2026-03-22T22:17:07.988+0000] {processor.py:208} INFO - Processing /home/ec2-user/environment/lab4_model_training/dags/ml_pipeline_dag.py took 1.393 seconds
[2026-03-22T22:17:38.075+0000] {processor.py:186} INFO - Started process (PID=7374) to work on /home/ec2-user/environment/lab4_model_training/dags/ml_pipeline_dag.py
[2026-03-22T22:17:38.076+0000] {processor.py:914} INFO - Processing file /home/ec2-user/environment/lab4_model_training/dags/ml_pipeline_dag.py for tasks to queue
[2026-03-22T22:17:38.078+0000] {logging_mixin.py:190} INFO - [2026-03-22T22:17:38.077+0000] {dagbag.py:588} INFO - Filling up the DagBag from /home/ec2-user/environment/lab4_model_training/dags/ml_pipeline_dag.py
[2026-03-22T22:17:39.358+0000] {processor.py:925} INFO - DAG(s) 'ml_pipeline' retrieved from /home/ec2-user/environment/lab4_model_training/dags/ml_pipeline_dag.py
[2026-03-22T22:17:39.372+0000] {logging_mixin.py:190} INFO - [2026-03-22T22:17:39.371+0000] {dag.py:3239} INFO - Sync 1 DAGs
[2026-03-22T22:17:39.381+0000] {logging_mixin.py:190} INFO - [2026-03-22T22:17:39.381+0000] {dag.py:4180} INFO - Setting next_dagrun for ml_pipeline to None, run_after=None
[2026-03-22T22:17:39.398+0000] {processor.py:208} INFO - Processing /home/ec2-user/environment/lab4_model_training/dags/ml_pipeline_dag.py took 1.327 seconds
[2026-03-22T22:18:09.542+0000] {processor.py:186} INFO - Started process (PID=7416) to work on /home/ec2-user/environment/lab4_model_training/dags/ml_pipeline_dag.py
[2026-03-22T22:18:09.543+0000] {processor.py:914} INFO - Processing file /home/ec2-user/environment/lab4_model_training/dags/ml_pipeline_dag.py for tasks to queue
[2026-03-22T22:18:09.545+0000] {logging_mixin.py:190} INFO - [2026-03-22T22:18:09.544+0000] {dagbag.py:588} INFO - Filling up the DagBag from /home/ec2-user/environment/lab4_model_training/dags/ml_pipeline_dag.py
[2026-03-22T22:18:10.791+0000] {processor.py:925} INFO - DAG(s) 'ml_pipeline' retrieved from /home/ec2-user/environment/lab4_model_training/dags/ml_pipeline_dag.py
[2026-03-22T22:18:10.795+0000] {logging_mixin.py:190} INFO - [2026-03-22T22:18:10.795+0000] {dag.py:3239} INFO - Sync 1 DAGs
[2026-03-22T22:18:10.804+0000] {logging_mixin.py:190} INFO - [2026-03-22T22:18:10.804+0000] {dag.py:4180} INFO - Setting next_dagrun for ml_pipeline to None, run_after=None
[2026-03-22T22:18:10.821+0000] {processor.py:208} INFO - Processing /home/ec2-user/environment/lab4_model_training/dags/ml_pipeline_dag.py took 1.284 seconds
[2026-03-22T22:18:42.213+0000] {processor.py:186} INFO - Started process (PID=7447) to work on /home/ec2-user/environment/lab4_model_training/dags/ml_pipeline_dag.py
[2026-03-22T22:18:42.214+0000] {processor.py:914} INFO - Processing file /home/ec2-user/environment/lab4_model_training/dags/ml_pipeline_dag.py for tasks to queue
[2026-03-22T22:18:42.215+0000] {logging_mixin.py:190} INFO - [2026-03-22T22:18:42.215+0000] {dagbag.py:588} INFO - Filling up the DagBag from /home/ec2-user/environment/lab4_model_training/dags/ml_pipeline_dag.py
[2026-03-22T22:18:43.509+0000] {processor.py:925} INFO - DAG(s) 'ml_pipeline' retrieved from /home/ec2-user/environment/lab4_model_training/dags/ml_pipeline_dag.py
[2026-03-22T22:18:43.587+0000] {logging_mixin.py:190} INFO - [2026-03-22T22:18:43.586+0000] {dag.py:3239} INFO - Sync 1 DAGs
[2026-03-22T22:18:43.596+0000] {logging_mixin.py:190} INFO - [2026-03-22T22:18:43.596+0000] {dag.py:4180} INFO - Setting next_dagrun for ml_pipeline to None, run_after=None
[2026-03-22T22:18:43.614+0000] {processor.py:208} INFO - Processing /home/ec2-user/environment/lab4_model_training/dags/ml_pipeline_dag.py took 1.405 seconds
[2026-03-22T22:19:13.795+0000] {processor.py:186} INFO - Started process (PID=7535) to work on /home/ec2-user/environment/lab4_model_training/dags/ml_pipeline_dag.py
[2026-03-22T22:19:13.797+0000] {processor.py:914} INFO - Processing file /home/ec2-user/environment/lab4_model_training/dags/ml_pipeline_dag.py for tasks to queue
[2026-03-22T22:19:13.798+0000] {logging_mixin.py:190} INFO - [2026-03-22T22:19:13.798+0000] {dagbag.py:588} INFO - Filling up the DagBag from /home/ec2-user/environment/lab4_model_training/dags/ml_pipeline_dag.py
[2026-03-22T22:19:15.372+0000] {processor.py:925} INFO - DAG(s) 'ml_pipeline' retrieved from /home/ec2-user/environment/lab4_model_training/dags/ml_pipeline_dag.py
[2026-03-22T22:19:15.426+0000] {logging_mixin.py:190} INFO - [2026-03-22T22:19:15.425+0000] {dag.py:3239} INFO - Sync 1 DAGs
[2026-03-22T22:19:15.440+0000] {logging_mixin.py:190} INFO - [2026-03-22T22:19:15.440+0000] {dag.py:4180} INFO - Setting next_dagrun for ml_pipeline to None, run_after=None
[2026-03-22T22:19:15.466+0000] {processor.py:208} INFO - Processing /home/ec2-user/environment/lab4_model_training/dags/ml_pipeline_dag.py took 1.675 seconds
[2026-03-22T22:19:46.493+0000] {processor.py:186} INFO - Started process (PID=7577) to work on /home/ec2-user/environment/lab4_model_training/dags/ml_pipeline_dag.py
[2026-03-22T22:19:46.495+0000] {processor.py:914} INFO - Processing file /home/ec2-user/environment/lab4_model_training/dags/ml_pipeline_dag.py for tasks to queue
[2026-03-22T22:19:46.496+0000] {logging_mixin.py:190} INFO - [2026-03-22T22:19:46.496+0000] {dagbag.py:588} INFO - Filling up the DagBag from /home/ec2-user/environment/lab4_model_training/dags/ml_pipeline_dag.py
[2026-03-22T22:19:48.027+0000] {processor.py:925} INFO - DAG(s) 'ml_pipeline' retrieved from /home/ec2-user/environment/lab4_model_training/dags/ml_pipeline_dag.py
[2026-03-22T22:19:48.034+0000] {logging_mixin.py:190} INFO - [2026-03-22T22:19:48.034+0000] {dag.py:3239} INFO - Sync 1 DAGs
[2026-03-22T22:19:48.049+0000] {logging_mixin.py:190} INFO - [2026-03-22T22:19:48.049+0000] {dag.py:4180} INFO - Setting next_dagrun for ml_pipeline to None, run_after=None
[2026-03-22T22:19:48.082+0000] {processor.py:208} INFO - Processing /home/ec2-user/environment/lab4_model_training/dags/ml_pipeline_dag.py took 1.593 seconds
[2026-03-22T22:20:19.106+0000] {processor.py:186} INFO - Started process (PID=7618) to work on /home/ec2-user/environment/lab4_model_training/dags/ml_pipeline_dag.py
[2026-03-22T22:20:19.107+0000] {processor.py:914} INFO - Processing file /home/ec2-user/environment/lab4_model_training/dags/ml_pipeline_dag.py for tasks to queue
[2026-03-22T22:20:19.109+0000] {logging_mixin.py:190} INFO - [2026-03-22T22:20:19.108+0000] {dagbag.py:588} INFO - Filling up the DagBag from /home/ec2-user/environment/lab4_model_training/dags/ml_pipeline_dag.py
[2026-03-22T22:20:20.389+0000] {processor.py:925} INFO - DAG(s) 'ml_pipeline' retrieved from /home/ec2-user/environment/lab4_model_training/dags/ml_pipeline_dag.py
[2026-03-22T22:20:20.466+0000] {logging_mixin.py:190} INFO - [2026-03-22T22:20:20.466+0000] {dag.py:3239} INFO - Sync 1 DAGs
[2026-03-22T22:20:20.476+0000] {logging_mixin.py:190} INFO - [2026-03-22T22:20:20.476+0000] {dag.py:4180} INFO - Setting next_dagrun for ml_pipeline to None, run_after=None
[2026-03-22T22:20:20.494+0000] {processor.py:208} INFO - Processing /home/ec2-user/environment/lab4_model_training/dags/ml_pipeline_dag.py took 1.394 seconds
[2026-03-22T22:20:50.612+0000] {processor.py:186} INFO - Started process (PID=7696) to work on /home/ec2-user/environment/lab4_model_training/dags/ml_pipeline_dag.py
[2026-03-22T22:20:50.613+0000] {processor.py:914} INFO - Processing file /home/ec2-user/environment/lab4_model_training/dags/ml_pipeline_dag.py for tasks to queue
[2026-03-22T22:20:50.614+0000] {logging_mixin.py:190} INFO - [2026-03-22T22:20:50.614+0000] {dagbag.py:588} INFO - Filling up the DagBag from /home/ec2-user/environment/lab4_model_training/dags/ml_pipeline_dag.py
[2026-03-22T22:20:51.894+0000] {processor.py:925} INFO - DAG(s) 'ml_pipeline' retrieved from /home/ec2-user/environment/lab4_model_training/dags/ml_pipeline_dag.py
[2026-03-22T22:20:51.907+0000] {logging_mixin.py:190} INFO - [2026-03-22T22:20:51.906+0000] {dag.py:3239} INFO - Sync 1 DAGs
[2026-03-22T22:20:51.917+0000] {logging_mixin.py:190} INFO - [2026-03-22T22:20:51.917+0000] {dag.py:4180} INFO - Setting next_dagrun for ml_pipeline to None, run_after=None
[2026-03-22T22:20:51.934+0000] {processor.py:208} INFO - Processing /home/ec2-user/environment/lab4_model_training/dags/ml_pipeline_dag.py took 1.327 seconds
[2026-03-22T22:21:22.122+0000] {processor.py:186} INFO - Started process (PID=7737) to work on /home/ec2-user/environment/lab4_model_training/dags/ml_pipeline_dag.py
[2026-03-22T22:21:22.122+0000] {processor.py:914} INFO - Processing file /home/ec2-user/environment/lab4_model_training/dags/ml_pipeline_dag.py for tasks to queue
[2026-03-22T22:21:22.124+0000] {logging_mixin.py:190} INFO - [2026-03-22T22:21:22.123+0000] {dagbag.py:588} INFO - Filling up the DagBag from /home/ec2-user/environment/lab4_model_training/dags/ml_pipeline_dag.py
[2026-03-22T22:21:23.493+0000] {processor.py:925} INFO - DAG(s) 'ml_pipeline' retrieved from /home/ec2-user/environment/lab4_model_training/dags/ml_pipeline_dag.py
[2026-03-22T22:21:23.497+0000] {logging_mixin.py:190} INFO - [2026-03-22T22:21:23.497+0000] {dag.py:3239} INFO - Sync 1 DAGs
[2026-03-22T22:21:23.508+0000] {logging_mixin.py:190} INFO - [2026-03-22T22:21:23.507+0000] {dag.py:4180} INFO - Setting next_dagrun for ml_pipeline to None, run_after=None
[2026-03-22T22:21:23.526+0000] {processor.py:208} INFO - Processing /home/ec2-user/environment/lab4_model_training/dags/ml_pipeline_dag.py took 1.409 seconds
[2026-03-22T22:21:54.662+0000] {processor.py:186} INFO - Started process (PID=7783) to work on /home/ec2-user/environment/lab4_model_training/dags/ml_pipeline_dag.py
[2026-03-22T22:21:54.663+0000] {processor.py:914} INFO - Processing file /home/ec2-user/environment/lab4_model_training/dags/ml_pipeline_dag.py for tasks to queue
[2026-03-22T22:21:54.664+0000] {logging_mixin.py:190} INFO - [2026-03-22T22:21:54.664+0000] {dagbag.py:588} INFO - Filling up the DagBag from /home/ec2-user/environment/lab4_model_training/dags/ml_pipeline_dag.py
[2026-03-22T22:21:56.163+0000] {processor.py:925} INFO - DAG(s) 'ml_pipeline' retrieved from /home/ec2-user/environment/lab4_model_training/dags/ml_pipeline_dag.py
[2026-03-22T22:21:56.242+0000] {logging_mixin.py:190} INFO - [2026-03-22T22:21:56.242+0000] {dag.py:3239} INFO - Sync 1 DAGs
[2026-03-22T22:21:56.251+0000] {logging_mixin.py:190} INFO - [2026-03-22T22:21:56.251+0000] {dag.py:4180} INFO - Setting next_dagrun for ml_pipeline to None, run_after=None
[2026-03-22T22:21:56.269+0000] {processor.py:208} INFO - Processing /home/ec2-user/environment/lab4_model_training/dags/ml_pipeline_dag.py took 1.614 seconds
[2026-03-22T22:22:27.063+0000] {processor.py:186} INFO - Started process (PID=7869) to work on /home/ec2-user/environment/lab4_model_training/dags/ml_pipeline_dag.py
[2026-03-22T22:22:27.064+0000] {processor.py:914} INFO - Processing file /home/ec2-user/environment/lab4_model_training/dags/ml_pipeline_dag.py for tasks to queue
[2026-03-22T22:22:27.066+0000] {logging_mixin.py:190} INFO - [2026-03-22T22:22:27.065+0000] {dagbag.py:588} INFO - Filling up the DagBag from /home/ec2-user/environment/lab4_model_training/dags/ml_pipeline_dag.py
[2026-03-22T22:22:28.361+0000] {processor.py:925} INFO - DAG(s) 'ml_pipeline' retrieved from /home/ec2-user/environment/lab4_model_training/dags/ml_pipeline_dag.py
[2026-03-22T22:22:28.375+0000] {logging_mixin.py:190} INFO - [2026-03-22T22:22:28.375+0000] {dag.py:3239} INFO - Sync 1 DAGs
[2026-03-22T22:22:28.384+0000] {logging_mixin.py:190} INFO - [2026-03-22T22:22:28.384+0000] {dag.py:4180} INFO - Setting next_dagrun for ml_pipeline to None, run_after=None
[2026-03-22T22:22:28.401+0000] {processor.py:208} INFO - Processing /home/ec2-user/environment/lab4_model_training/dags/ml_pipeline_dag.py took 1.343 seconds
[2026-03-22T22:22:59.174+0000] {processor.py:186} INFO - Started process (PID=7905) to work on /home/ec2-user/environment/lab4_model_training/dags/ml_pipeline_dag.py
[2026-03-22T22:22:59.175+0000] {processor.py:914} INFO - Processing file /home/ec2-user/environment/lab4_model_training/dags/ml_pipeline_dag.py for tasks to queue
[2026-03-22T22:22:59.176+0000] {logging_mixin.py:190} INFO - [2026-03-22T22:22:59.176+0000] {dagbag.py:588} INFO - Filling up the DagBag from /home/ec2-user/environment/lab4_model_training/dags/ml_pipeline_dag.py
[2026-03-22T22:23:00.469+0000] {processor.py:925} INFO - DAG(s) 'ml_pipeline' retrieved from /home/ec2-user/environment/lab4_model_training/dags/ml_pipeline_dag.py
[2026-03-22T22:23:00.473+0000] {logging_mixin.py:190} INFO - [2026-03-22T22:23:00.473+0000] {dag.py:3239} INFO - Sync 1 DAGs
[2026-03-22T22:23:00.483+0000] {logging_mixin.py:190} INFO - [2026-03-22T22:23:00.483+0000] {dag.py:4180} INFO - Setting next_dagrun for ml_pipeline to None, run_after=None
[2026-03-22T22:23:00.500+0000] {processor.py:208} INFO - Processing /home/ec2-user/environment/lab4_model_training/dags/ml_pipeline_dag.py took 1.331 seconds
[2026-03-22T22:23:30.877+0000] {processor.py:186} INFO - Started process (PID=7948) to work on /home/ec2-user/environment/lab4_model_training/dags/ml_pipeline_dag.py
[2026-03-22T22:23:30.877+0000] {processor.py:914} INFO - Processing file /home/ec2-user/environment/lab4_model_training/dags/ml_pipeline_dag.py for tasks to queue
[2026-03-22T22:23:30.879+0000] {logging_mixin.py:190} INFO - [2026-03-22T22:23:30.879+0000] {dagbag.py:588} INFO - Filling up the DagBag from /home/ec2-user/environment/lab4_model_training/dags/ml_pipeline_dag.py
[2026-03-22T22:23:32.161+0000] {processor.py:925} INFO - DAG(s) 'ml_pipeline' retrieved from /home/ec2-user/environment/lab4_model_training/dags/ml_pipeline_dag.py
[2026-03-22T22:23:32.240+0000] {logging_mixin.py:190} INFO - [2026-03-22T22:23:32.239+0000] {dag.py:3239} INFO - Sync 1 DAGs
[2026-03-22T22:23:32.249+0000] {logging_mixin.py:190} INFO - [2026-03-22T22:23:32.248+0000] {dag.py:4180} INFO - Setting next_dagrun for ml_pipeline to None, run_after=None
[2026-03-22T22:23:32.267+0000] {processor.py:208} INFO - Processing /home/ec2-user/environment/lab4_model_training/dags/ml_pipeline_dag.py took 1.395 seconds
[2026-03-22T22:24:02.375+0000] {processor.py:186} INFO - Started process (PID=8036) to work on /home/ec2-user/environment/lab4_model_training/dags/ml_pipeline_dag.py
[2026-03-22T22:24:02.376+0000] {processor.py:914} INFO - Processing file /home/ec2-user/environment/lab4_model_training/dags/ml_pipeline_dag.py for tasks to queue
[2026-03-22T22:24:02.378+0000] {logging_mixin.py:190} INFO - [2026-03-22T22:24:02.377+0000] {dagbag.py:588} INFO - Filling up the DagBag from /home/ec2-user/environment/lab4_model_training/dags/ml_pipeline_dag.py
[2026-03-22T22:24:03.679+0000] {processor.py:925} INFO - DAG(s) 'ml_pipeline' retrieved from /home/ec2-user/environment/lab4_model_training/dags/ml_pipeline_dag.py
[2026-03-22T22:24:03.692+0000] {logging_mixin.py:190} INFO - [2026-03-22T22:24:03.692+0000] {dag.py:3239} INFO - Sync 1 DAGs
[2026-03-22T22:24:03.701+0000] {logging_mixin.py:190} INFO - [2026-03-22T22:24:03.701+0000] {dag.py:4180} INFO - Setting next_dagrun for ml_pipeline to None, run_after=None
[2026-03-22T22:24:03.719+0000] {processor.py:208} INFO - Processing /home/ec2-user/environment/lab4_model_training/dags/ml_pipeline_dag.py took 1.349 seconds
[2026-03-22T22:24:33.884+0000] {processor.py:186} INFO - Started process (PID=8065) to work on /home/ec2-user/environment/lab4_model_training/dags/ml_pipeline_dag.py
[2026-03-22T22:24:33.885+0000] {processor.py:914} INFO - Processing file /home/ec2-user/environment/lab4_model_training/dags/ml_pipeline_dag.py for tasks to queue
[2026-03-22T22:24:33.886+0000] {logging_mixin.py:190} INFO - [2026-03-22T22:24:33.886+0000] {dagbag.py:588} INFO - Filling up the DagBag from /home/ec2-user/environment/lab4_model_training/dags/ml_pipeline_dag.py
[2026-03-22T22:24:35.172+0000] {processor.py:925} INFO - DAG(s) 'ml_pipeline' retrieved from /home/ec2-user/environment/lab4_model_training/dags/ml_pipeline_dag.py
[2026-03-22T22:24:35.176+0000] {logging_mixin.py:190} INFO - [2026-03-22T22:24:35.176+0000] {dag.py:3239} INFO - Sync 1 DAGs
[2026-03-22T22:24:35.186+0000] {logging_mixin.py:190} INFO - [2026-03-22T22:24:35.186+0000] {dag.py:4180} INFO - Setting next_dagrun for ml_pipeline to None, run_after=None
[2026-03-22T22:24:35.204+0000] {processor.py:208} INFO - Processing /home/ec2-user/environment/lab4_model_training/dags/ml_pipeline_dag.py took 1.324 seconds
[2026-03-22T22:25:05.383+0000] {processor.py:186} INFO - Started process (PID=8103) to work on /home/ec2-user/environment/lab4_model_training/dags/ml_pipeline_dag.py
[2026-03-22T22:25:05.383+0000] {processor.py:914} INFO - Processing file /home/ec2-user/environment/lab4_model_training/dags/ml_pipeline_dag.py for tasks to queue
[2026-03-22T22:25:05.385+0000] {logging_mixin.py:190} INFO - [2026-03-22T22:25:05.384+0000] {dagbag.py:588} INFO - Filling up the DagBag from /home/ec2-user/environment/lab4_model_training/dags/ml_pipeline_dag.py
[2026-03-22T22:25:06.661+0000] {processor.py:925} INFO - DAG(s) 'ml_pipeline' retrieved from /home/ec2-user/environment/lab4_model_training/dags/ml_pipeline_dag.py
[2026-03-22T22:25:06.738+0000] {logging_mixin.py:190} INFO - [2026-03-22T22:25:06.737+0000] {dag.py:3239} INFO - Sync 1 DAGs
[2026-03-22T22:25:06.748+0000] {logging_mixin.py:190} INFO - [2026-03-22T22:25:06.747+0000] {dag.py:4180} INFO - Setting next_dagrun for ml_pipeline to None, run_after=None
[2026-03-22T22:25:06.766+0000] {processor.py:208} INFO - Processing /home/ec2-user/environment/lab4_model_training/dags/ml_pipeline_dag.py took 1.388 seconds
[2026-03-22T22:25:36.905+0000] {processor.py:186} INFO - Started process (PID=8135) to work on /home/ec2-user/environment/lab4_model_training/dags/ml_pipeline_dag.py
[2026-03-22T22:25:36.908+0000] {processor.py:914} INFO - Processing file /home/ec2-user/environment/lab4_model_training/dags/ml_pipeline_dag.py for tasks to queue
[2026-03-22T22:25:36.912+0000] {logging_mixin.py:190} INFO - [2026-03-22T22:25:36.911+0000] {dagbag.py:588} INFO - Filling up the DagBag from /home/ec2-user/environment/lab4_model_training/dags/ml_pipeline_dag.py
[2026-03-22T22:25:38.357+0000] {processor.py:925} INFO - DAG(s) 'ml_pipeline' retrieved from /home/ec2-user/environment/lab4_model_training/dags/ml_pipeline_dag.py
[2026-03-22T22:25:38.371+0000] {logging_mixin.py:190} INFO - [2026-03-22T22:25:38.370+0000] {dag.py:3239} INFO - Sync 1 DAGs
[2026-03-22T22:25:38.381+0000] {logging_mixin.py:190} INFO - [2026-03-22T22:25:38.381+0000] {dag.py:4180} INFO - Setting next_dagrun for ml_pipeline to None, run_after=None
[2026-03-22T22:25:38.399+0000] {processor.py:208} INFO - Processing /home/ec2-user/environment/lab4_model_training/dags/ml_pipeline_dag.py took 1.501 seconds
[2026-03-22T22:26:09.324+0000] {processor.py:186} INFO - Started process (PID=8228) to work on /home/ec2-user/environment/lab4_model_training/dags/ml_pipeline_dag.py
[2026-03-22T22:26:09.325+0000] {processor.py:914} INFO - Processing file /home/ec2-user/environment/lab4_model_training/dags/ml_pipeline_dag.py for tasks to queue
[2026-03-22T22:26:09.327+0000] {logging_mixin.py:190} INFO - [2026-03-22T22:26:09.327+0000] {dagbag.py:588} INFO - Filling up the DagBag from /home/ec2-user/environment/lab4_model_training/dags/ml_pipeline_dag.py
[2026-03-22T22:26:10.614+0000] {processor.py:925} INFO - DAG(s) 'ml_pipeline' retrieved from /home/ec2-user/environment/lab4_model_training/dags/ml_pipeline_dag.py
[2026-03-22T22:26:10.619+0000] {logging_mixin.py:190} INFO - [2026-03-22T22:26:10.618+0000] {dag.py:3239} INFO - Sync 1 DAGs
[2026-03-22T22:26:10.630+0000] {logging_mixin.py:190} INFO - [2026-03-22T22:26:10.629+0000] {dag.py:4180} INFO - Setting next_dagrun for ml_pipeline to None, run_after=None
[2026-03-22T22:26:10.647+0000] {processor.py:208} INFO - Processing /home/ec2-user/environment/lab4_model_training/dags/ml_pipeline_dag.py took 1.328 seconds
[2026-03-22T22:26:40.784+0000] {processor.py:186} INFO - Started process (PID=8254) to work on /home/ec2-user/environment/lab4_model_training/dags/ml_pipeline_dag.py
[2026-03-22T22:26:40.785+0000] {processor.py:914} INFO - Processing file /home/ec2-user/environment/lab4_model_training/dags/ml_pipeline_dag.py for tasks to queue
[2026-03-22T22:26:40.787+0000] {logging_mixin.py:190} INFO - [2026-03-22T22:26:40.786+0000] {dagbag.py:588} INFO - Filling up the DagBag from /home/ec2-user/environment/lab4_model_training/dags/ml_pipeline_dag.py
[2026-03-22T22:26:42.070+0000] {processor.py:925} INFO - DAG(s) 'ml_pipeline' retrieved from /home/ec2-user/environment/lab4_model_training/dags/ml_pipeline_dag.py
[2026-03-22T22:26:42.148+0000] {logging_mixin.py:190} INFO - [2026-03-22T22:26:42.148+0000] {dag.py:3239} INFO - Sync 1 DAGs
[2026-03-22T22:26:42.157+0000] {logging_mixin.py:190} INFO - [2026-03-22T22:26:42.157+0000] {dag.py:4180} INFO - Setting next_dagrun for ml_pipeline to None, run_after=None
[2026-03-22T22:26:42.175+0000] {processor.py:208} INFO - Processing /home/ec2-user/environment/lab4_model_training/dags/ml_pipeline_dag.py took 1.396 seconds
[2026-03-22T22:27:12.320+0000] {processor.py:186} INFO - Started process (PID=8292) to work on /home/ec2-user/environment/lab4_model_training/dags/ml_pipeline_dag.py
[2026-03-22T22:27:12.322+0000] {processor.py:914} INFO - Processing file /home/ec2-user/environment/lab4_model_training/dags/ml_pipeline_dag.py for tasks to queue
[2026-03-22T22:27:12.323+0000] {logging_mixin.py:190} INFO - [2026-03-22T22:27:12.323+0000] {dagbag.py:588} INFO - Filling up the DagBag from /home/ec2-user/environment/lab4_model_training/dags/ml_pipeline_dag.py
[2026-03-22T22:27:13.614+0000] {processor.py:925} INFO - DAG(s) 'ml_pipeline' retrieved from /home/ec2-user/environment/lab4_model_training/dags/ml_pipeline_dag.py
[2026-03-22T22:27:13.629+0000] {logging_mixin.py:190} INFO - [2026-03-22T22:27:13.628+0000] {dag.py:3239} INFO - Sync 1 DAGs
[2026-03-22T22:27:13.638+0000] {logging_mixin.py:190} INFO - [2026-03-22T22:27:13.638+0000] {dag.py:4180} INFO - Setting next_dagrun for ml_pipeline to None, run_after=None
[2026-03-22T22:27:13.655+0000] {processor.py:208} INFO - Processing /home/ec2-user/environment/lab4_model_training/dags/ml_pipeline_dag.py took 1.340 seconds
[2026-03-22T22:27:43.855+0000] {processor.py:186} INFO - Started process (PID=8322) to work on /home/ec2-user/environment/lab4_model_training/dags/ml_pipeline_dag.py
[2026-03-22T22:27:43.856+0000] {processor.py:914} INFO - Processing file /home/ec2-user/environment/lab4_model_training/dags/ml_pipeline_dag.py for tasks to queue
[2026-03-22T22:27:43.857+0000] {logging_mixin.py:190} INFO - [2026-03-22T22:27:43.857+0000] {dagbag.py:588} INFO - Filling up the DagBag from /home/ec2-user/environment/lab4_model_training/dags/ml_pipeline_dag.py
[2026-03-22T22:27:45.144+0000] {processor.py:925} INFO - DAG(s) 'ml_pipeline' retrieved from /home/ec2-user/environment/lab4_model_training/dags/ml_pipeline_dag.py
[2026-03-22T22:27:45.148+0000] {logging_mixin.py:190} INFO - [2026-03-22T22:27:45.148+0000] {dag.py:3239} INFO - Sync 1 DAGs
[2026-03-22T22:27:45.158+0000] {logging_mixin.py:190} INFO - [2026-03-22T22:27:45.158+0000] {dag.py:4180} INFO - Setting next_dagrun for ml_pipeline to None, run_after=None
[2026-03-22T22:27:45.176+0000] {processor.py:208} INFO - Processing /home/ec2-user/environment/lab4_model_training/dags/ml_pipeline_dag.py took 1.326 seconds
[2026-03-22T22:28:15.958+0000] {processor.py:186} INFO - Started process (PID=8412) to work on /home/ec2-user/environment/lab4_model_training/dags/ml_pipeline_dag.py
[2026-03-22T22:28:15.959+0000] {processor.py:914} INFO - Processing file /home/ec2-user/environment/lab4_model_training/dags/ml_pipeline_dag.py for tasks to queue
[2026-03-22T22:28:15.961+0000] {logging_mixin.py:190} INFO - [2026-03-22T22:28:15.961+0000] {dagbag.py:588} INFO - Filling up the DagBag from /home/ec2-user/environment/lab4_model_training/dags/ml_pipeline_dag.py
[2026-03-22T22:28:17.235+0000] {processor.py:925} INFO - DAG(s) 'ml_pipeline' retrieved from /home/ec2-user/environment/lab4_model_training/dags/ml_pipeline_dag.py
[2026-03-22T22:28:17.312+0000] {logging_mixin.py:190} INFO - [2026-03-22T22:28:17.311+0000] {dag.py:3239} INFO - Sync 1 DAGs
[2026-03-22T22:28:17.321+0000] {logging_mixin.py:190} INFO - [2026-03-22T22:28:17.321+0000] {dag.py:4180} INFO - Setting next_dagrun for ml_pipeline to None, run_after=None
[2026-03-22T22:28:17.339+0000] {processor.py:208} INFO - Processing /home/ec2-user/environment/lab4_model_training/dags/ml_pipeline_dag.py took 1.385 seconds
[2026-03-22T22:28:47.773+0000] {processor.py:186} INFO - Started process (PID=8439) to work on /home/ec2-user/environment/lab4_model_training/dags/ml_pipeline_dag.py
[2026-03-22T22:28:47.774+0000] {processor.py:914} INFO - Processing file /home/ec2-user/environment/lab4_model_training/dags/ml_pipeline_dag.py for tasks to queue
[2026-03-22T22:28:47.776+0000] {logging_mixin.py:190} INFO - [2026-03-22T22:28:47.775+0000] {dagbag.py:588} INFO - Filling up the DagBag from /home/ec2-user/environment/lab4_model_training/dags/ml_pipeline_dag.py
[2026-03-22T22:28:49.060+0000] {processor.py:925} INFO - DAG(s) 'ml_pipeline' retrieved from /home/ec2-user/environment/lab4_model_training/dags/ml_pipeline_dag.py
[2026-03-22T22:28:49.074+0000] {logging_mixin.py:190} INFO - [2026-03-22T22:28:49.074+0000] {dag.py:3239} INFO - Sync 1 DAGs
[2026-03-22T22:28:49.083+0000] {logging_mixin.py:190} INFO - [2026-03-22T22:28:49.083+0000] {dag.py:4180} INFO - Setting next_dagrun for ml_pipeline to None, run_after=None
[2026-03-22T22:28:49.100+0000] {processor.py:208} INFO - Processing /home/ec2-user/environment/lab4_model_training/dags/ml_pipeline_dag.py took 1.333 seconds
[2026-03-22T22:29:19.458+0000] {processor.py:186} INFO - Started process (PID=8499) to work on /home/ec2-user/environment/lab4_model_training/dags/ml_pipeline_dag.py
[2026-03-22T22:29:19.459+0000] {processor.py:914} INFO - Processing file /home/ec2-user/environment/lab4_model_training/dags/ml_pipeline_dag.py for tasks to queue
[2026-03-22T22:29:19.461+0000] {logging_mixin.py:190} INFO - [2026-03-22T22:29:19.460+0000] {dagbag.py:588} INFO - Filling up the DagBag from /home/ec2-user/environment/lab4_model_training/dags/ml_pipeline_dag.py
[2026-03-22T22:29:20.747+0000] {processor.py:925} INFO - DAG(s) 'ml_pipeline' retrieved from /home/ec2-user/environment/lab4_model_training/dags/ml_pipeline_dag.py
[2026-03-22T22:29:20.751+0000] {logging_mixin.py:190} INFO - [2026-03-22T22:29:20.751+0000] {dag.py:3239} INFO - Sync 1 DAGs
[2026-03-22T22:29:20.761+0000] {logging_mixin.py:190} INFO - [2026-03-22T22:29:20.761+0000] {dag.py:4180} INFO - Setting next_dagrun for ml_pipeline to None, run_after=None
[2026-03-22T22:29:20.778+0000] {processor.py:208} INFO - Processing /home/ec2-user/environment/lab4_model_training/dags/ml_pipeline_dag.py took 1.325 seconds
[2026-03-22T22:29:51.702+0000] {processor.py:186} INFO - Started process (PID=8679) to work on /home/ec2-user/environment/lab4_model_training/dags/ml_pipeline_dag.py
[2026-03-22T22:29:51.703+0000] {processor.py:914} INFO - Processing file /home/ec2-user/environment/lab4_model_training/dags/ml_pipeline_dag.py for tasks to queue
[2026-03-22T22:29:51.704+0000] {logging_mixin.py:190} INFO - [2026-03-22T22:29:51.704+0000] {dagbag.py:588} INFO - Filling up the DagBag from /home/ec2-user/environment/lab4_model_training/dags/ml_pipeline_dag.py
[2026-03-22T22:29:52.995+0000] {processor.py:925} INFO - DAG(s) 'ml_pipeline' retrieved from /home/ec2-user/environment/lab4_model_training/dags/ml_pipeline_dag.py
[2026-03-22T22:29:53.073+0000] {logging_mixin.py:190} INFO - [2026-03-22T22:29:53.073+0000] {dag.py:3239} INFO - Sync 1 DAGs
[2026-03-22T22:29:53.082+0000] {logging_mixin.py:190} INFO - [2026-03-22T22:29:53.081+0000] {dag.py:4180} INFO - Setting next_dagrun for ml_pipeline to None, run_after=None
[2026-03-22T22:29:53.101+0000] {processor.py:208} INFO - Processing /home/ec2-user/environment/lab4_model_training/dags/ml_pipeline_dag.py took 1.403 seconds
[2026-03-22T22:30:23.781+0000] {processor.py:186} INFO - Started process (PID=8719) to work on /home/ec2-user/environment/lab4_model_training/dags/ml_pipeline_dag.py
[2026-03-22T22:30:23.782+0000] {processor.py:914} INFO - Processing file /home/ec2-user/environment/lab4_model_training/dags/ml_pipeline_dag.py for tasks to queue
[2026-03-22T22:30:23.784+0000] {logging_mixin.py:190} INFO - [2026-03-22T22:30:23.784+0000] {dagbag.py:588} INFO - Filling up the DagBag from /home/ec2-user/environment/lab4_model_training/dags/ml_pipeline_dag.py
[2026-03-22T22:30:25.069+0000] {processor.py:925} INFO - DAG(s) 'ml_pipeline' retrieved from /home/ec2-user/environment/lab4_model_training/dags/ml_pipeline_dag.py
[2026-03-22T22:30:25.082+0000] {logging_mixin.py:190} INFO - [2026-03-22T22:30:25.082+0000] {dag.py:3239} INFO - Sync 1 DAGs
[2026-03-22T22:30:25.091+0000] {logging_mixin.py:190} INFO - [2026-03-22T22:30:25.091+0000] {dag.py:4180} INFO - Setting next_dagrun for ml_pipeline to None, run_after=None
[2026-03-22T22:30:25.110+0000] {processor.py:208} INFO - Processing /home/ec2-user/environment/lab4_model_training/dags/ml_pipeline_dag.py took 1.333 seconds
[2026-03-22T22:30:55.759+0000] {processor.py:186} INFO - Started process (PID=8795) to work on /home/ec2-user/environment/lab4_model_training/dags/ml_pipeline_dag.py
[2026-03-22T22:30:55.760+0000] {processor.py:914} INFO - Processing file /home/ec2-user/environment/lab4_model_training/dags/ml_pipeline_dag.py for tasks to queue
[2026-03-22T22:30:55.762+0000] {logging_mixin.py:190} INFO - [2026-03-22T22:30:55.762+0000] {dagbag.py:588} INFO - Filling up the DagBag from /home/ec2-user/environment/lab4_model_training/dags/ml_pipeline_dag.py
[2026-03-22T22:30:57.051+0000] {processor.py:925} INFO - DAG(s) 'ml_pipeline' retrieved from /home/ec2-user/environment/lab4_model_training/dags/ml_pipeline_dag.py
[2026-03-22T22:30:57.055+0000] {logging_mixin.py:190} INFO - [2026-03-22T22:30:57.054+0000] {dag.py:3239} INFO - Sync 1 DAGs
[2026-03-22T22:30:57.064+0000] {logging_mixin.py:190} INFO - [2026-03-22T22:30:57.064+0000] {dag.py:4180} INFO - Setting next_dagrun for ml_pipeline to None, run_after=None
[2026-03-22T22:30:57.082+0000] {processor.py:208} INFO - Processing /home/ec2-user/environment/lab4_model_training/dags/ml_pipeline_dag.py took 1.328 seconds
[2026-03-22T22:31:27.739+0000] {processor.py:186} INFO - Started process (PID=8833) to work on /home/ec2-user/environment/lab4_model_training/dags/ml_pipeline_dag.py
[2026-03-22T22:31:27.740+0000] {processor.py:914} INFO - Processing file /home/ec2-user/environment/lab4_model_training/dags/ml_pipeline_dag.py for tasks to queue
[2026-03-22T22:31:27.741+0000] {logging_mixin.py:190} INFO - [2026-03-22T22:31:27.741+0000] {dagbag.py:588} INFO - Filling up the DagBag from /home/ec2-user/environment/lab4_model_training/dags/ml_pipeline_dag.py
[2026-03-22T22:31:29.018+0000] {processor.py:925} INFO - DAG(s) 'ml_pipeline' retrieved from /home/ec2-user/environment/lab4_model_training/dags/ml_pipeline_dag.py
[2026-03-22T22:31:29.114+0000] {logging_mixin.py:190} INFO - [2026-03-22T22:31:29.114+0000] {dag.py:3239} INFO - Sync 1 DAGs
[2026-03-22T22:31:29.124+0000] {logging_mixin.py:190} INFO - [2026-03-22T22:31:29.124+0000] {dag.py:4180} INFO - Setting next_dagrun for ml_pipeline to None, run_after=None
[2026-03-22T22:31:29.142+0000] {processor.py:208} INFO - Processing /home/ec2-user/environment/lab4_model_training/dags/ml_pipeline_dag.py took 1.407 seconds
[2026-03-22T22:31:59.816+0000] {processor.py:186} INFO - Started process (PID=8869) to work on /home/ec2-user/environment/lab4_model_training/dags/ml_pipeline_dag.py
[2026-03-22T22:31:59.818+0000] {processor.py:914} INFO - Processing file /home/ec2-user/environment/lab4_model_training/dags/ml_pipeline_dag.py for tasks to queue
[2026-03-22T22:31:59.819+0000] {logging_mixin.py:190} INFO - [2026-03-22T22:31:59.819+0000] {dagbag.py:588} INFO - Filling up the DagBag from /home/ec2-user/environment/lab4_model_training/dags/ml_pipeline_dag.py
[2026-03-22T22:32:01.106+0000] {processor.py:925} INFO - DAG(s) 'ml_pipeline' retrieved from /home/ec2-user/environment/lab4_model_training/dags/ml_pipeline_dag.py
[2026-03-22T22:32:01.120+0000] {logging_mixin.py:190} INFO - [2026-03-22T22:32:01.120+0000] {dag.py:3239} INFO - Sync 1 DAGs
[2026-03-22T22:32:01.129+0000] {logging_mixin.py:190} INFO - [2026-03-22T22:32:01.129+0000] {dag.py:4180} INFO - Setting next_dagrun for ml_pipeline to None, run_after=None
[2026-03-22T22:32:01.146+0000] {processor.py:208} INFO - Processing /home/ec2-user/environment/lab4_model_training/dags/ml_pipeline_dag.py took 1.335 seconds
[2026-03-22T22:32:31.567+0000] {processor.py:186} INFO - Started process (PID=8925) to work on /home/ec2-user/environment/lab4_model_training/dags/ml_pipeline_dag.py
[2026-03-22T22:32:31.568+0000] {processor.py:914} INFO - Processing file /home/ec2-user/environment/lab4_model_training/dags/ml_pipeline_dag.py for tasks to queue
[2026-03-22T22:32:31.569+0000] {logging_mixin.py:190} INFO - [2026-03-22T22:32:31.569+0000] {dagbag.py:588} INFO - Filling up the DagBag from /home/ec2-user/environment/lab4_model_training/dags/ml_pipeline_dag.py
[2026-03-22T22:32:32.856+0000] {processor.py:925} INFO - DAG(s) 'ml_pipeline' retrieved from /home/ec2-user/environment/lab4_model_training/dags/ml_pipeline_dag.py
[2026-03-22T22:32:32.861+0000] {logging_mixin.py:190} INFO - [2026-03-22T22:32:32.860+0000] {dag.py:3239} INFO - Sync 1 DAGs
[2026-03-22T22:32:32.871+0000] {logging_mixin.py:190} INFO - [2026-03-22T22:32:32.871+0000] {dag.py:4180} INFO - Setting next_dagrun for ml_pipeline to None, run_after=None
[2026-03-22T22:32:32.889+0000] {processor.py:208} INFO - Processing /home/ec2-user/environment/lab4_model_training/dags/ml_pipeline_dag.py took 1.327 seconds
[2026-03-22T22:33:03.770+0000] {processor.py:186} INFO - Started process (PID=9054) to work on /home/ec2-user/environment/lab4_model_training/dags/ml_pipeline_dag.py
[2026-03-22T22:33:03.771+0000] {processor.py:914} INFO - Processing file /home/ec2-user/environment/lab4_model_training/dags/ml_pipeline_dag.py for tasks to queue
[2026-03-22T22:33:03.773+0000] {logging_mixin.py:190} INFO - [2026-03-22T22:33:03.773+0000] {dagbag.py:588} INFO - Filling up the DagBag from /home/ec2-user/environment/lab4_model_training/dags/ml_pipeline_dag.py
[2026-03-22T22:33:05.051+0000] {processor.py:925} INFO - DAG(s) 'ml_pipeline' retrieved from /home/ec2-user/environment/lab4_model_training/dags/ml_pipeline_dag.py
[2026-03-22T22:33:05.129+0000] {logging_mixin.py:190} INFO - [2026-03-22T22:33:05.128+0000] {dag.py:3239} INFO - Sync 1 DAGs
[2026-03-22T22:33:05.137+0000] {logging_mixin.py:190} INFO - [2026-03-22T22:33:05.137+0000] {dag.py:4180} INFO - Setting next_dagrun for ml_pipeline to None, run_after=None
[2026-03-22T22:33:05.156+0000] {processor.py:208} INFO - Processing /home/ec2-user/environment/lab4_model_training/dags/ml_pipeline_dag.py took 1.390 seconds
[2026-03-22T22:33:35.984+0000] {processor.py:186} INFO - Started process (PID=9108) to work on /home/ec2-user/environment/lab4_model_training/dags/ml_pipeline_dag.py
[2026-03-22T22:33:35.986+0000] {processor.py:914} INFO - Processing file /home/ec2-user/environment/lab4_model_training/dags/ml_pipeline_dag.py for tasks to queue
[2026-03-22T22:33:35.988+0000] {logging_mixin.py:190} INFO - [2026-03-22T22:33:35.987+0000] {dagbag.py:588} INFO - Filling up the DagBag from /home/ec2-user/environment/lab4_model_training/dags/ml_pipeline_dag.py
[2026-03-22T22:33:37.767+0000] {processor.py:925} INFO - DAG(s) 'ml_pipeline' retrieved from /home/ec2-user/environment/lab4_model_training/dags/ml_pipeline_dag.py
[2026-03-22T22:33:37.789+0000] {logging_mixin.py:190} INFO - [2026-03-22T22:33:37.789+0000] {dag.py:3239} INFO - Sync 1 DAGs
[2026-03-22T22:33:37.804+0000] {logging_mixin.py:190} INFO - [2026-03-22T22:33:37.804+0000] {dag.py:4180} INFO - Setting next_dagrun for ml_pipeline to None, run_after=None
[2026-03-22T22:33:37.836+0000] {processor.py:208} INFO - Processing /home/ec2-user/environment/lab4_model_training/dags/ml_pipeline_dag.py took 1.857 seconds
[2026-03-22T22:34:08.006+0000] {processor.py:186} INFO - Started process (PID=9149) to work on /home/ec2-user/environment/lab4_model_training/dags/ml_pipeline_dag.py
[2026-03-22T22:34:08.007+0000] {processor.py:914} INFO - Processing file /home/ec2-user/environment/lab4_model_training/dags/ml_pipeline_dag.py for tasks to queue
[2026-03-22T22:34:08.008+0000] {logging_mixin.py:190} INFO - [2026-03-22T22:34:08.008+0000] {dagbag.py:588} INFO - Filling up the DagBag from /home/ec2-user/environment/lab4_model_training/dags/ml_pipeline_dag.py
[2026-03-22T22:34:09.281+0000] {processor.py:925} INFO - DAG(s) 'ml_pipeline' retrieved from /home/ec2-user/environment/lab4_model_training/dags/ml_pipeline_dag.py
[2026-03-22T22:34:09.286+0000] {logging_mixin.py:190} INFO - [2026-03-22T22:34:09.285+0000] {dag.py:3239} INFO - Sync 1 DAGs
[2026-03-22T22:34:09.295+0000] {logging_mixin.py:190} INFO - [2026-03-22T22:34:09.295+0000] {dag.py:4180} INFO - Setting next_dagrun for ml_pipeline to None, run_after=None
[2026-03-22T22:34:09.312+0000] {processor.py:208} INFO - Processing /home/ec2-user/environment/lab4_model_training/dags/ml_pipeline_dag.py took 1.311 seconds
[2026-03-22T22:34:39.509+0000] {processor.py:186} INFO - Started process (PID=9176) to work on /home/ec2-user/environment/lab4_model_training/dags/ml_pipeline_dag.py
[2026-03-22T22:34:39.510+0000] {processor.py:914} INFO - Processing file /home/ec2-user/environment/lab4_model_training/dags/ml_pipeline_dag.py for tasks to queue
[2026-03-22T22:34:39.511+0000] {logging_mixin.py:190} INFO - [2026-03-22T22:34:39.511+0000] {dagbag.py:588} INFO - Filling up the DagBag from /home/ec2-user/environment/lab4_model_training/dags/ml_pipeline_dag.py
[2026-03-22T22:34:40.789+0000] {processor.py:925} INFO - DAG(s) 'ml_pipeline' retrieved from /home/ec2-user/environment/lab4_model_training/dags/ml_pipeline_dag.py
[2026-03-22T22:34:40.866+0000] {logging_mixin.py:190} INFO - [2026-03-22T22:34:40.866+0000] {dag.py:3239} INFO - Sync 1 DAGs
[2026-03-22T22:34:40.875+0000] {logging_mixin.py:190} INFO - [2026-03-22T22:34:40.875+0000] {dag.py:4180} INFO - Setting next_dagrun for ml_pipeline to None, run_after=None
[2026-03-22T22:34:40.894+0000] {processor.py:208} INFO - Processing /home/ec2-user/environment/lab4_model_training/dags/ml_pipeline_dag.py took 1.390 seconds
[2026-03-22T22:35:11.008+0000] {processor.py:186} INFO - Started process (PID=9267) to work on /home/ec2-user/environment/lab4_model_training/dags/ml_pipeline_dag.py
[2026-03-22T22:35:11.010+0000] {processor.py:914} INFO - Processing file /home/ec2-user/environment/lab4_model_training/dags/ml_pipeline_dag.py for tasks to queue
[2026-03-22T22:35:11.011+0000] {logging_mixin.py:190} INFO - [2026-03-22T22:35:11.011+0000] {dagbag.py:588} INFO - Filling up the DagBag from /home/ec2-user/environment/lab4_model_training/dags/ml_pipeline_dag.py
[2026-03-22T22:35:12.293+0000] {processor.py:925} INFO - DAG(s) 'ml_pipeline' retrieved from /home/ec2-user/environment/lab4_model_training/dags/ml_pipeline_dag.py
[2026-03-22T22:35:12.307+0000] {logging_mixin.py:190} INFO - [2026-03-22T22:35:12.307+0000] {dag.py:3239} INFO - Sync 1 DAGs
[2026-03-22T22:35:12.316+0000] {logging_mixin.py:190} INFO - [2026-03-22T22:35:12.316+0000] {dag.py:4180} INFO - Setting next_dagrun for ml_pipeline to None, run_after=None
[2026-03-22T22:35:12.334+0000] {processor.py:208} INFO - Processing /home/ec2-user/environment/lab4_model_training/dags/ml_pipeline_dag.py took 1.330 seconds
[2026-03-22T22:35:42.514+0000] {processor.py:186} INFO - Started process (PID=9294) to work on /home/ec2-user/environment/lab4_model_training/dags/ml_pipeline_dag.py
[2026-03-22T22:35:42.515+0000] {processor.py:914} INFO - Processing file /home/ec2-user/environment/lab4_model_training/dags/ml_pipeline_dag.py for tasks to queue
[2026-03-22T22:35:42.516+0000] {logging_mixin.py:190} INFO - [2026-03-22T22:35:42.516+0000] {dagbag.py:588} INFO - Filling up the DagBag from /home/ec2-user/environment/lab4_model_training/dags/ml_pipeline_dag.py
[2026-03-22T22:35:43.817+0000] {processor.py:925} INFO - DAG(s) 'ml_pipeline' retrieved from /home/ec2-user/environment/lab4_model_training/dags/ml_pipeline_dag.py
[2026-03-22T22:35:43.821+0000] {logging_mixin.py:190} INFO - [2026-03-22T22:35:43.821+0000] {dag.py:3239} INFO - Sync 1 DAGs
[2026-03-22T22:35:43.831+0000] {logging_mixin.py:190} INFO - [2026-03-22T22:35:43.831+0000] {dag.py:4180} INFO - Setting next_dagrun for ml_pipeline to None, run_after=None
[2026-03-22T22:35:43.848+0000] {processor.py:208} INFO - Processing /home/ec2-user/environment/lab4_model_training/dags/ml_pipeline_dag.py took 1.339 seconds
[2026-03-22T22:36:14.015+0000] {processor.py:186} INFO - Started process (PID=9360) to work on /home/ec2-user/environment/lab4_model_training/dags/ml_pipeline_dag.py
[2026-03-22T22:36:14.016+0000] {processor.py:914} INFO - Processing file /home/ec2-user/environment/lab4_model_training/dags/ml_pipeline_dag.py for tasks to queue
[2026-03-22T22:36:14.017+0000] {logging_mixin.py:190} INFO - [2026-03-22T22:36:14.017+0000] {dagbag.py:588} INFO - Filling up the DagBag from /home/ec2-user/environment/lab4_model_training/dags/ml_pipeline_dag.py
[2026-03-22T22:36:15.546+0000] {processor.py:925} INFO - DAG(s) 'ml_pipeline' retrieved from /home/ec2-user/environment/lab4_model_training/dags/ml_pipeline_dag.py
[2026-03-22T22:36:15.670+0000] {logging_mixin.py:190} INFO - [2026-03-22T22:36:15.670+0000] {dag.py:3239} INFO - Sync 1 DAGs
[2026-03-22T22:36:15.684+0000] {logging_mixin.py:190} INFO - [2026-03-22T22:36:15.684+0000] {dag.py:4180} INFO - Setting next_dagrun for ml_pipeline to None, run_after=None
[2026-03-22T22:36:15.707+0000] {processor.py:208} INFO - Processing /home/ec2-user/environment/lab4_model_training/dags/ml_pipeline_dag.py took 1.696 seconds
[2026-03-22T22:36:46.114+0000] {processor.py:186} INFO - Started process (PID=9493) to work on /home/ec2-user/environment/lab4_model_training/dags/ml_pipeline_dag.py
[2026-03-22T22:36:46.116+0000] {processor.py:914} INFO - Processing file /home/ec2-user/environment/lab4_model_training/dags/ml_pipeline_dag.py for tasks to queue
[2026-03-22T22:36:46.117+0000] {logging_mixin.py:190} INFO - [2026-03-22T22:36:46.117+0000] {dagbag.py:588} INFO - Filling up the DagBag from /home/ec2-user/environment/lab4_model_training/dags/ml_pipeline_dag.py
[2026-03-22T22:36:47.403+0000] {processor.py:925} INFO - DAG(s) 'ml_pipeline' retrieved from /home/ec2-user/environment/lab4_model_training/dags/ml_pipeline_dag.py
[2026-03-22T22:36:47.417+0000] {logging_mixin.py:190} INFO - [2026-03-22T22:36:47.417+0000] {dag.py:3239} INFO - Sync 1 DAGs
[2026-03-22T22:36:47.427+0000] {logging_mixin.py:190} INFO - [2026-03-22T22:36:47.427+0000] {dag.py:4180} INFO - Setting next_dagrun for ml_pipeline to None, run_after=None
[2026-03-22T22:36:47.444+0000] {processor.py:208} INFO - Processing /home/ec2-user/environment/lab4_model_training/dags/ml_pipeline_dag.py took 1.335 seconds
[2026-03-22T22:37:17.619+0000] {processor.py:186} INFO - Started process (PID=9538) to work on /home/ec2-user/environment/lab4_model_training/dags/ml_pipeline_dag.py
[2026-03-22T22:37:17.619+0000] {processor.py:914} INFO - Processing file /home/ec2-user/environment/lab4_model_training/dags/ml_pipeline_dag.py for tasks to queue
[2026-03-22T22:37:17.621+0000] {logging_mixin.py:190} INFO - [2026-03-22T22:37:17.620+0000] {dagbag.py:588} INFO - Filling up the DagBag from /home/ec2-user/environment/lab4_model_training/dags/ml_pipeline_dag.py
[2026-03-22T22:37:18.907+0000] {processor.py:925} INFO - DAG(s) 'ml_pipeline' retrieved from /home/ec2-user/environment/lab4_model_training/dags/ml_pipeline_dag.py
[2026-03-22T22:37:18.911+0000] {logging_mixin.py:190} INFO - [2026-03-22T22:37:18.911+0000] {dag.py:3239} INFO - Sync 1 DAGs
[2026-03-22T22:37:18.921+0000] {logging_mixin.py:190} INFO - [2026-03-22T22:37:18.921+0000] {dag.py:4180} INFO - Setting next_dagrun for ml_pipeline to None, run_after=None
[2026-03-22T22:37:18.939+0000] {processor.py:208} INFO - Processing /home/ec2-user/environment/lab4_model_training/dags/ml_pipeline_dag.py took 1.326 seconds
[2026-03-22T22:37:49.123+0000] {processor.py:186} INFO - Started process (PID=9566) to work on /home/ec2-user/environment/lab4_model_training/dags/ml_pipeline_dag.py
[2026-03-22T22:37:49.123+0000] {processor.py:914} INFO - Processing file /home/ec2-user/environment/lab4_model_training/dags/ml_pipeline_dag.py for tasks to queue
[2026-03-22T22:37:49.125+0000] {logging_mixin.py:190} INFO - [2026-03-22T22:37:49.124+0000] {dagbag.py:588} INFO - Filling up the DagBag from /home/ec2-user/environment/lab4_model_training/dags/ml_pipeline_dag.py
[2026-03-22T22:37:50.395+0000] {processor.py:925} INFO - DAG(s) 'ml_pipeline' retrieved from /home/ec2-user/environment/lab4_model_training/dags/ml_pipeline_dag.py
[2026-03-22T22:37:50.474+0000] {logging_mixin.py:190} INFO - [2026-03-22T22:37:50.473+0000] {dag.py:3239} INFO - Sync 1 DAGs
[2026-03-22T22:37:50.482+0000] {logging_mixin.py:190} INFO - [2026-03-22T22:37:50.482+0000] {dag.py:4180} INFO - Setting next_dagrun for ml_pipeline to None, run_after=None
[2026-03-22T22:37:50.500+0000] {processor.py:208} INFO - Processing /home/ec2-user/environment/lab4_model_training/dags/ml_pipeline_dag.py took 1.382 seconds
[2026-03-22T22:38:20.973+0000] {processor.py:186} INFO - Started process (PID=9655) to work on /home/ec2-user/environment/lab4_model_training/dags/ml_pipeline_dag.py
[2026-03-22T22:38:20.974+0000] {processor.py:914} INFO - Processing file /home/ec2-user/environment/lab4_model_training/dags/ml_pipeline_dag.py for tasks to queue
[2026-03-22T22:38:20.975+0000] {logging_mixin.py:190} INFO - [2026-03-22T22:38:20.975+0000] {dagbag.py:588} INFO - Filling up the DagBag from /home/ec2-user/environment/lab4_model_training/dags/ml_pipeline_dag.py
[2026-03-22T22:38:22.258+0000] {processor.py:925} INFO - DAG(s) 'ml_pipeline' retrieved from /home/ec2-user/environment/lab4_model_training/dags/ml_pipeline_dag.py
[2026-03-22T22:38:22.273+0000] {logging_mixin.py:190} INFO - [2026-03-22T22:38:22.272+0000] {dag.py:3239} INFO - Sync 1 DAGs
[2026-03-22T22:38:22.282+0000] {logging_mixin.py:190} INFO - [2026-03-22T22:38:22.282+0000] {dag.py:4180} INFO - Setting next_dagrun for ml_pipeline to None, run_after=None
[2026-03-22T22:38:22.299+0000] {processor.py:208} INFO - Processing /home/ec2-user/environment/lab4_model_training/dags/ml_pipeline_dag.py took 1.331 seconds
[2026-03-22T22:38:52.387+0000] {processor.py:186} INFO - Started process (PID=9694) to work on /home/ec2-user/environment/lab4_model_training/dags/ml_pipeline_dag.py
[2026-03-22T22:38:52.388+0000] {processor.py:914} INFO - Processing file /home/ec2-user/environment/lab4_model_training/dags/ml_pipeline_dag.py for tasks to queue
[2026-03-22T22:38:52.389+0000] {logging_mixin.py:190} INFO - [2026-03-22T22:38:52.389+0000] {dagbag.py:588} INFO - Filling up the DagBag from /home/ec2-user/environment/lab4_model_training/dags/ml_pipeline_dag.py
[2026-03-22T22:38:53.666+0000] {processor.py:925} INFO - DAG(s) 'ml_pipeline' retrieved from /home/ec2-user/environment/lab4_model_training/dags/ml_pipeline_dag.py
[2026-03-22T22:38:53.671+0000] {logging_mixin.py:190} INFO - [2026-03-22T22:38:53.670+0000] {dag.py:3239} INFO - Sync 1 DAGs
[2026-03-22T22:38:53.681+0000] {logging_mixin.py:190} INFO - [2026-03-22T22:38:53.681+0000] {dag.py:4180} INFO - Setting next_dagrun for ml_pipeline to None, run_after=None
[2026-03-22T22:38:53.698+0000] {processor.py:208} INFO - Processing /home/ec2-user/environment/lab4_model_training/dags/ml_pipeline_dag.py took 1.316 seconds
[2026-03-22T22:39:24.030+0000] {processor.py:186} INFO - Started process (PID=9737) to work on /home/ec2-user/environment/lab4_model_training/dags/ml_pipeline_dag.py
[2026-03-22T22:39:24.030+0000] {processor.py:914} INFO - Processing file /home/ec2-user/environment/lab4_model_training/dags/ml_pipeline_dag.py for tasks to queue
[2026-03-22T22:39:24.032+0000] {logging_mixin.py:190} INFO - [2026-03-22T22:39:24.032+0000] {dagbag.py:588} INFO - Filling up the DagBag from /home/ec2-user/environment/lab4_model_training/dags/ml_pipeline_dag.py
[2026-03-22T22:39:25.304+0000] {processor.py:925} INFO - DAG(s) 'ml_pipeline' retrieved from /home/ec2-user/environment/lab4_model_training/dags/ml_pipeline_dag.py
[2026-03-22T22:39:25.381+0000] {logging_mixin.py:190} INFO - [2026-03-22T22:39:25.381+0000] {dag.py:3239} INFO - Sync 1 DAGs
[2026-03-22T22:39:25.392+0000] {logging_mixin.py:190} INFO - [2026-03-22T22:39:25.392+0000] {dag.py:4180} INFO - Setting next_dagrun for ml_pipeline to None, run_after=None
[2026-03-22T22:39:25.411+0000] {processor.py:208} INFO - Processing /home/ec2-user/environment/lab4_model_training/dags/ml_pipeline_dag.py took 1.386 seconds
[2026-03-22T22:39:55.660+0000] {processor.py:186} INFO - Started process (PID=9767) to work on /home/ec2-user/environment/lab4_model_training/dags/ml_pipeline_dag.py
[2026-03-22T22:39:55.665+0000] {processor.py:914} INFO - Processing file /home/ec2-user/environment/lab4_model_training/dags/ml_pipeline_dag.py for tasks to queue
[2026-03-22T22:39:55.669+0000] {logging_mixin.py:190} INFO - [2026-03-22T22:39:55.669+0000] {dagbag.py:588} INFO - Filling up the DagBag from /home/ec2-user/environment/lab4_model_training/dags/ml_pipeline_dag.py
[2026-03-22T22:39:57.339+0000] {processor.py:925} INFO - DAG(s) 'ml_pipeline' retrieved from /home/ec2-user/environment/lab4_model_training/dags/ml_pipeline_dag.py
[2026-03-22T22:39:57.353+0000] {logging_mixin.py:190} INFO - [2026-03-22T22:39:57.352+0000] {dag.py:3239} INFO - Sync 1 DAGs
[2026-03-22T22:39:57.362+0000] {logging_mixin.py:190} INFO - [2026-03-22T22:39:57.362+0000] {dag.py:4180} INFO - Setting next_dagrun for ml_pipeline to None, run_after=None
[2026-03-22T22:39:57.379+0000] {processor.py:208} INFO - Processing /home/ec2-user/environment/lab4_model_training/dags/ml_pipeline_dag.py took 1.727 seconds
[2026-03-22T22:40:28.183+0000] {processor.py:186} INFO - Started process (PID=9852) to work on /home/ec2-user/environment/lab4_model_training/dags/ml_pipeline_dag.py
[2026-03-22T22:40:28.185+0000] {processor.py:914} INFO - Processing file /home/ec2-user/environment/lab4_model_training/dags/ml_pipeline_dag.py for tasks to queue
[2026-03-22T22:40:28.186+0000] {logging_mixin.py:190} INFO - [2026-03-22T22:40:28.186+0000] {dagbag.py:588} INFO - Filling up the DagBag from /home/ec2-user/environment/lab4_model_training/dags/ml_pipeline_dag.py
[2026-03-22T22:40:29.465+0000] {processor.py:925} INFO - DAG(s) 'ml_pipeline' retrieved from /home/ec2-user/environment/lab4_model_training/dags/ml_pipeline_dag.py
[2026-03-22T22:40:29.469+0000] {logging_mixin.py:190} INFO - [2026-03-22T22:40:29.469+0000] {dag.py:3239} INFO - Sync 1 DAGs
[2026-03-22T22:40:29.479+0000] {logging_mixin.py:190} INFO - [2026-03-22T22:40:29.479+0000] {dag.py:4180} INFO - Setting next_dagrun for ml_pipeline to None, run_after=None
[2026-03-22T22:40:29.496+0000] {processor.py:208} INFO - Processing /home/ec2-user/environment/lab4_model_training/dags/ml_pipeline_dag.py took 1.318 seconds
[2026-03-22T22:40:59.702+0000] {processor.py:186} INFO - Started process (PID=9879) to work on /home/ec2-user/environment/lab4_model_training/dags/ml_pipeline_dag.py
[2026-03-22T22:40:59.703+0000] {processor.py:914} INFO - Processing file /home/ec2-user/environment/lab4_model_training/dags/ml_pipeline_dag.py for tasks to queue
[2026-03-22T22:40:59.704+0000] {logging_mixin.py:190} INFO - [2026-03-22T22:40:59.704+0000] {dagbag.py:588} INFO - Filling up the DagBag from /home/ec2-user/environment/lab4_model_training/dags/ml_pipeline_dag.py
[2026-03-22T22:41:00.979+0000] {processor.py:925} INFO - DAG(s) 'ml_pipeline' retrieved from /home/ec2-user/environment/lab4_model_training/dags/ml_pipeline_dag.py
[2026-03-22T22:41:01.057+0000] {logging_mixin.py:190} INFO - [2026-03-22T22:41:01.057+0000] {dag.py:3239} INFO - Sync 1 DAGs
[2026-03-22T22:41:01.068+0000] {logging_mixin.py:190} INFO - [2026-03-22T22:41:01.068+0000] {dag.py:4180} INFO - Setting next_dagrun for ml_pipeline to None, run_after=None
[2026-03-22T22:41:01.087+0000] {processor.py:208} INFO - Processing /home/ec2-user/environment/lab4_model_training/dags/ml_pipeline_dag.py took 1.391 seconds
[2026-03-22T22:41:31.207+0000] {processor.py:186} INFO - Started process (PID=9917) to work on /home/ec2-user/environment/lab4_model_training/dags/ml_pipeline_dag.py
[2026-03-22T22:41:31.207+0000] {processor.py:914} INFO - Processing file /home/ec2-user/environment/lab4_model_training/dags/ml_pipeline_dag.py for tasks to queue
[2026-03-22T22:41:31.210+0000] {logging_mixin.py:190} INFO - [2026-03-22T22:41:31.209+0000] {dagbag.py:588} INFO - Filling up the DagBag from /home/ec2-user/environment/lab4_model_training/dags/ml_pipeline_dag.py
[2026-03-22T22:41:32.496+0000] {processor.py:925} INFO - DAG(s) 'ml_pipeline' retrieved from /home/ec2-user/environment/lab4_model_training/dags/ml_pipeline_dag.py
[2026-03-22T22:41:32.509+0000] {logging_mixin.py:190} INFO - [2026-03-22T22:41:32.509+0000] {dag.py:3239} INFO - Sync 1 DAGs
[2026-03-22T22:41:32.518+0000] {logging_mixin.py:190} INFO - [2026-03-22T22:41:32.518+0000] {dag.py:4180} INFO - Setting next_dagrun for ml_pipeline to None, run_after=None
[2026-03-22T22:41:32.537+0000] {processor.py:208} INFO - Processing /home/ec2-user/environment/lab4_model_training/dags/ml_pipeline_dag.py took 1.335 seconds
[2026-03-22T22:42:02.795+0000] {processor.py:186} INFO - Started process (PID=10024) to work on /home/ec2-user/environment/lab4_model_training/dags/ml_pipeline_dag.py
[2026-03-22T22:42:02.796+0000] {processor.py:914} INFO - Processing file /home/ec2-user/environment/lab4_model_training/dags/ml_pipeline_dag.py for tasks to queue
[2026-03-22T22:42:02.797+0000] {logging_mixin.py:190} INFO - [2026-03-22T22:42:02.797+0000] {dagbag.py:588} INFO - Filling up the DagBag from /home/ec2-user/environment/lab4_model_training/dags/ml_pipeline_dag.py
[2026-03-22T22:42:04.085+0000] {processor.py:925} INFO - DAG(s) 'ml_pipeline' retrieved from /home/ec2-user/environment/lab4_model_training/dags/ml_pipeline_dag.py
[2026-03-22T22:42:04.091+0000] {logging_mixin.py:190} INFO - [2026-03-22T22:42:04.090+0000] {dag.py:3239} INFO - Sync 1 DAGs
[2026-03-22T22:42:04.105+0000] {logging_mixin.py:190} INFO - [2026-03-22T22:42:04.105+0000] {dag.py:4180} INFO - Setting next_dagrun for ml_pipeline to None, run_after=None
[2026-03-22T22:42:04.134+0000] {processor.py:208} INFO - Processing /home/ec2-user/environment/lab4_model_training/dags/ml_pipeline_dag.py took 1.345 seconds
[2026-03-22T22:42:34.612+0000] {processor.py:186} INFO - Started process (PID=10071) to work on /home/ec2-user/environment/lab4_model_training/dags/ml_pipeline_dag.py
[2026-03-22T22:42:34.613+0000] {processor.py:914} INFO - Processing file /home/ec2-user/environment/lab4_model_training/dags/ml_pipeline_dag.py for tasks to queue
[2026-03-22T22:42:34.614+0000] {logging_mixin.py:190} INFO - [2026-03-22T22:42:34.614+0000] {dagbag.py:588} INFO - Filling up the DagBag from /home/ec2-user/environment/lab4_model_training/dags/ml_pipeline_dag.py
[2026-03-22T22:42:35.887+0000] {processor.py:925} INFO - DAG(s) 'ml_pipeline' retrieved from /home/ec2-user/environment/lab4_model_training/dags/ml_pipeline_dag.py
[2026-03-22T22:42:35.965+0000] {logging_mixin.py:190} INFO - [2026-03-22T22:42:35.965+0000] {dag.py:3239} INFO - Sync 1 DAGs
[2026-03-22T22:42:35.974+0000] {logging_mixin.py:190} INFO - [2026-03-22T22:42:35.974+0000] {dag.py:4180} INFO - Setting next_dagrun for ml_pipeline to None, run_after=None
[2026-03-22T22:42:35.993+0000] {processor.py:208} INFO - Processing /home/ec2-user/environment/lab4_model_training/dags/ml_pipeline_dag.py took 1.386 seconds
[2026-03-22T22:43:06.251+0000] {processor.py:186} INFO - Started process (PID=10116) to work on /home/ec2-user/environment/lab4_model_training/dags/ml_pipeline_dag.py
[2026-03-22T22:43:06.251+0000] {processor.py:914} INFO - Processing file /home/ec2-user/environment/lab4_model_training/dags/ml_pipeline_dag.py for tasks to queue
[2026-03-22T22:43:06.253+0000] {logging_mixin.py:190} INFO - [2026-03-22T22:43:06.253+0000] {dagbag.py:588} INFO - Filling up the DagBag from /home/ec2-user/environment/lab4_model_training/dags/ml_pipeline_dag.py
[2026-03-22T22:43:07.525+0000] {processor.py:925} INFO - DAG(s) 'ml_pipeline' retrieved from /home/ec2-user/environment/lab4_model_training/dags/ml_pipeline_dag.py
[2026-03-22T22:43:07.540+0000] {logging_mixin.py:190} INFO - [2026-03-22T22:43:07.539+0000] {dag.py:3239} INFO - Sync 1 DAGs
[2026-03-22T22:43:07.549+0000] {logging_mixin.py:190} INFO - [2026-03-22T22:43:07.549+0000] {dag.py:4180} INFO - Setting next_dagrun for ml_pipeline to None, run_after=None
[2026-03-22T22:43:07.566+0000] {processor.py:208} INFO - Processing /home/ec2-user/environment/lab4_model_training/dags/ml_pipeline_dag.py took 1.320 seconds
[2026-03-22T22:43:37.877+0000] {processor.py:186} INFO - Started process (PID=10144) to work on /home/ec2-user/environment/lab4_model_training/dags/ml_pipeline_dag.py
[2026-03-22T22:43:37.879+0000] {processor.py:914} INFO - Processing file /home/ec2-user/environment/lab4_model_training/dags/ml_pipeline_dag.py for tasks to queue
[2026-03-22T22:43:37.880+0000] {logging_mixin.py:190} INFO - [2026-03-22T22:43:37.880+0000] {dagbag.py:588} INFO - Filling up the DagBag from /home/ec2-user/environment/lab4_model_training/dags/ml_pipeline_dag.py
[2026-03-22T22:43:39.149+0000] {processor.py:925} INFO - DAG(s) 'ml_pipeline' retrieved from /home/ec2-user/environment/lab4_model_training/dags/ml_pipeline_dag.py
[2026-03-22T22:43:39.153+0000] {logging_mixin.py:190} INFO - [2026-03-22T22:43:39.153+0000] {dag.py:3239} INFO - Sync 1 DAGs
[2026-03-22T22:43:39.167+0000] {logging_mixin.py:190} INFO - [2026-03-22T22:43:39.167+0000] {dag.py:4180} INFO - Setting next_dagrun for ml_pipeline to None, run_after=None
[2026-03-22T22:43:39.184+0000] {processor.py:208} INFO - Processing /home/ec2-user/environment/lab4_model_training/dags/ml_pipeline_dag.py took 1.312 seconds
[2026-03-22T22:44:09.510+0000] {processor.py:186} INFO - Started process (PID=10257) to work on /home/ec2-user/environment/lab4_model_training/dags/ml_pipeline_dag.py
[2026-03-22T22:44:09.511+0000] {processor.py:914} INFO - Processing file /home/ec2-user/environment/lab4_model_training/dags/ml_pipeline_dag.py for tasks to queue
[2026-03-22T22:44:09.513+0000] {logging_mixin.py:190} INFO - [2026-03-22T22:44:09.513+0000] {dagbag.py:588} INFO - Filling up the DagBag from /home/ec2-user/environment/lab4_model_training/dags/ml_pipeline_dag.py
[2026-03-22T22:44:10.786+0000] {processor.py:925} INFO - DAG(s) 'ml_pipeline' retrieved from /home/ec2-user/environment/lab4_model_training/dags/ml_pipeline_dag.py
[2026-03-22T22:44:10.864+0000] {logging_mixin.py:190} INFO - [2026-03-22T22:44:10.864+0000] {dag.py:3239} INFO - Sync 1 DAGs
[2026-03-22T22:44:10.873+0000] {logging_mixin.py:190} INFO - [2026-03-22T22:44:10.873+0000] {dag.py:4180} INFO - Setting next_dagrun for ml_pipeline to None, run_after=None
[2026-03-22T22:44:10.891+0000] {processor.py:208} INFO - Processing /home/ec2-user/environment/lab4_model_training/dags/ml_pipeline_dag.py took 1.386 seconds
[2026-03-22T22:44:41.135+0000] {processor.py:186} INFO - Started process (PID=10284) to work on /home/ec2-user/environment/lab4_model_training/dags/ml_pipeline_dag.py
[2026-03-22T22:44:41.136+0000] {processor.py:914} INFO - Processing file /home/ec2-user/environment/lab4_model_training/dags/ml_pipeline_dag.py for tasks to queue
[2026-03-22T22:44:41.138+0000] {logging_mixin.py:190} INFO - [2026-03-22T22:44:41.137+0000] {dagbag.py:588} INFO - Filling up the DagBag from /home/ec2-user/environment/lab4_model_training/dags/ml_pipeline_dag.py
[2026-03-22T22:44:42.424+0000] {processor.py:925} INFO - DAG(s) 'ml_pipeline' retrieved from /home/ec2-user/environment/lab4_model_training/dags/ml_pipeline_dag.py
[2026-03-22T22:44:42.437+0000] {logging_mixin.py:190} INFO - [2026-03-22T22:44:42.437+0000] {dag.py:3239} INFO - Sync 1 DAGs
[2026-03-22T22:44:42.446+0000] {logging_mixin.py:190} INFO - [2026-03-22T22:44:42.446+0000] {dag.py:4180} INFO - Setting next_dagrun for ml_pipeline to None, run_after=None
[2026-03-22T22:44:42.463+0000] {processor.py:208} INFO - Processing /home/ec2-user/environment/lab4_model_training/dags/ml_pipeline_dag.py took 1.333 seconds
[2026-03-22T22:45:12.784+0000] {processor.py:186} INFO - Started process (PID=10323) to work on /home/ec2-user/environment/lab4_model_training/dags/ml_pipeline_dag.py
[2026-03-22T22:45:12.784+0000] {processor.py:914} INFO - Processing file /home/ec2-user/environment/lab4_model_training/dags/ml_pipeline_dag.py for tasks to queue
[2026-03-22T22:45:12.786+0000] {logging_mixin.py:190} INFO - [2026-03-22T22:45:12.785+0000] {dagbag.py:588} INFO - Filling up the DagBag from /home/ec2-user/environment/lab4_model_training/dags/ml_pipeline_dag.py
[2026-03-22T22:45:14.061+0000] {processor.py:925} INFO - DAG(s) 'ml_pipeline' retrieved from /home/ec2-user/environment/lab4_model_training/dags/ml_pipeline_dag.py
[2026-03-22T22:45:14.066+0000] {logging_mixin.py:190} INFO - [2026-03-22T22:45:14.065+0000] {dag.py:3239} INFO - Sync 1 DAGs
[2026-03-22T22:45:14.075+0000] {logging_mixin.py:190} INFO - [2026-03-22T22:45:14.075+0000] {dag.py:4180} INFO - Setting next_dagrun for ml_pipeline to None, run_after=None
[2026-03-22T22:45:14.092+0000] {processor.py:208} INFO - Processing /home/ec2-user/environment/lab4_model_training/dags/ml_pipeline_dag.py took 1.313 seconds
[2026-03-22T22:45:44.406+0000] {processor.py:186} INFO - Started process (PID=10349) to work on /home/ec2-user/environment/lab4_model_training/dags/ml_pipeline_dag.py
[2026-03-22T22:45:44.407+0000] {processor.py:914} INFO - Processing file /home/ec2-user/environment/lab4_model_training/dags/ml_pipeline_dag.py for tasks to queue
[2026-03-22T22:45:44.409+0000] {logging_mixin.py:190} INFO - [2026-03-22T22:45:44.408+0000] {dagbag.py:588} INFO - Filling up the DagBag from /home/ec2-user/environment/lab4_model_training/dags/ml_pipeline_dag.py
[2026-03-22T22:45:45.676+0000] {processor.py:925} INFO - DAG(s) 'ml_pipeline' retrieved from /home/ec2-user/environment/lab4_model_training/dags/ml_pipeline_dag.py
[2026-03-22T22:45:45.754+0000] {logging_mixin.py:190} INFO - [2026-03-22T22:45:45.753+0000] {dag.py:3239} INFO - Sync 1 DAGs
[2026-03-22T22:45:45.762+0000] {logging_mixin.py:190} INFO - [2026-03-22T22:45:45.762+0000] {dag.py:4180} INFO - Setting next_dagrun for ml_pipeline to None, run_after=None
[2026-03-22T22:45:45.782+0000] {processor.py:208} INFO - Processing /home/ec2-user/environment/lab4_model_training/dags/ml_pipeline_dag.py took 1.380 seconds
[2026-03-22T22:46:15.985+0000] {processor.py:186} INFO - Started process (PID=10444) to work on /home/ec2-user/environment/lab4_model_training/dags/ml_pipeline_dag.py
[2026-03-22T22:46:15.986+0000] {processor.py:914} INFO - Processing file /home/ec2-user/environment/lab4_model_training/dags/ml_pipeline_dag.py for tasks to queue
[2026-03-22T22:46:15.987+0000] {logging_mixin.py:190} INFO - [2026-03-22T22:46:15.987+0000] {dagbag.py:588} INFO - Filling up the DagBag from /home/ec2-user/environment/lab4_model_training/dags/ml_pipeline_dag.py
[2026-03-22T22:46:17.281+0000] {processor.py:925} INFO - DAG(s) 'ml_pipeline' retrieved from /home/ec2-user/environment/lab4_model_training/dags/ml_pipeline_dag.py
[2026-03-22T22:46:17.294+0000] {logging_mixin.py:190} INFO - [2026-03-22T22:46:17.293+0000] {dag.py:3239} INFO - Sync 1 DAGs
[2026-03-22T22:46:17.303+0000] {logging_mixin.py:190} INFO - [2026-03-22T22:46:17.303+0000] {dag.py:4180} INFO - Setting next_dagrun for ml_pipeline to None, run_after=None
[2026-03-22T22:46:17.321+0000] {processor.py:208} INFO - Processing /home/ec2-user/environment/lab4_model_training/dags/ml_pipeline_dag.py took 1.342 seconds
[2026-03-22T22:46:48.394+0000] {processor.py:186} INFO - Started process (PID=10487) to work on /home/ec2-user/environment/lab4_model_training/dags/ml_pipeline_dag.py
[2026-03-22T22:46:48.397+0000] {processor.py:914} INFO - Processing file /home/ec2-user/environment/lab4_model_training/dags/ml_pipeline_dag.py for tasks to queue
[2026-03-22T22:46:48.400+0000] {logging_mixin.py:190} INFO - [2026-03-22T22:46:48.400+0000] {dagbag.py:588} INFO - Filling up the DagBag from /home/ec2-user/environment/lab4_model_training/dags/ml_pipeline_dag.py
[2026-03-22T22:46:50.038+0000] {processor.py:925} INFO - DAG(s) 'ml_pipeline' retrieved from /home/ec2-user/environment/lab4_model_training/dags/ml_pipeline_dag.py
[2026-03-22T22:46:50.042+0000] {logging_mixin.py:190} INFO - [2026-03-22T22:46:50.042+0000] {dag.py:3239} INFO - Sync 1 DAGs
[2026-03-22T22:46:50.051+0000] {logging_mixin.py:190} INFO - [2026-03-22T22:46:50.051+0000] {dag.py:4180} INFO - Setting next_dagrun for ml_pipeline to None, run_after=None
[2026-03-22T22:46:50.068+0000] {processor.py:208} INFO - Processing /home/ec2-user/environment/lab4_model_training/dags/ml_pipeline_dag.py took 1.680 seconds
[2026-03-22T22:47:22.610+0000] {processor.py:186} INFO - Started process (PID=10543) to work on /home/ec2-user/environment/lab4_model_training/dags/ml_pipeline_dag.py
[2026-03-22T22:47:22.611+0000] {processor.py:914} INFO - Processing file /home/ec2-user/environment/lab4_model_training/dags/ml_pipeline_dag.py for tasks to queue
[2026-03-22T22:47:22.612+0000] {logging_mixin.py:190} INFO - [2026-03-22T22:47:22.612+0000] {dagbag.py:588} INFO - Filling up the DagBag from /home/ec2-user/environment/lab4_model_training/dags/ml_pipeline_dag.py
[2026-03-22T22:47:23.913+0000] {processor.py:925} INFO - DAG(s) 'ml_pipeline' retrieved from /home/ec2-user/environment/lab4_model_training/dags/ml_pipeline_dag.py
[2026-03-22T22:47:23.989+0000] {logging_mixin.py:190} INFO - [2026-03-22T22:47:23.989+0000] {dag.py:3239} INFO - Sync 1 DAGs
[2026-03-22T22:47:24.000+0000] {logging_mixin.py:190} INFO - [2026-03-22T22:47:24.000+0000] {dag.py:4180} INFO - Setting next_dagrun for ml_pipeline to None, run_after=None
[2026-03-22T22:47:24.018+0000] {processor.py:208} INFO - Processing /home/ec2-user/environment/lab4_model_training/dags/ml_pipeline_dag.py took 1.414 seconds
[2026-03-22T22:47:54.165+0000] {processor.py:186} INFO - Started process (PID=10580) to work on /home/ec2-user/environment/lab4_model_training/dags/ml_pipeline_dag.py
[2026-03-22T22:47:54.166+0000] {processor.py:914} INFO - Processing file /home/ec2-user/environment/lab4_model_training/dags/ml_pipeline_dag.py for tasks to queue
[2026-03-22T22:47:54.167+0000] {logging_mixin.py:190} INFO - [2026-03-22T22:47:54.167+0000] {dagbag.py:588} INFO - Filling up the DagBag from /home/ec2-user/environment/lab4_model_training/dags/ml_pipeline_dag.py
[2026-03-22T22:47:55.436+0000] {processor.py:925} INFO - DAG(s) 'ml_pipeline' retrieved from /home/ec2-user/environment/lab4_model_training/dags/ml_pipeline_dag.py
[2026-03-22T22:47:55.450+0000] {logging_mixin.py:190} INFO - [2026-03-22T22:47:55.449+0000] {dag.py:3239} INFO - Sync 1 DAGs
[2026-03-22T22:47:55.459+0000] {logging_mixin.py:190} INFO - [2026-03-22T22:47:55.459+0000] {dag.py:4180} INFO - Setting next_dagrun for ml_pipeline to None, run_after=None
[2026-03-22T22:47:55.476+0000] {processor.py:208} INFO - Processing /home/ec2-user/environment/lab4_model_training/dags/ml_pipeline_dag.py took 1.315 seconds
[2026-03-22T22:48:26.571+0000] {processor.py:186} INFO - Started process (PID=10673) to work on /home/ec2-user/environment/lab4_model_training/dags/ml_pipeline_dag.py
[2026-03-22T22:48:26.572+0000] {processor.py:914} INFO - Processing file /home/ec2-user/environment/lab4_model_training/dags/ml_pipeline_dag.py for tasks to queue
[2026-03-22T22:48:26.574+0000] {logging_mixin.py:190} INFO - [2026-03-22T22:48:26.574+0000] {dagbag.py:588} INFO - Filling up the DagBag from /home/ec2-user/environment/lab4_model_training/dags/ml_pipeline_dag.py
[2026-03-22T22:48:27.853+0000] {processor.py:925} INFO - DAG(s) 'ml_pipeline' retrieved from /home/ec2-user/environment/lab4_model_training/dags/ml_pipeline_dag.py
[2026-03-22T22:48:27.857+0000] {logging_mixin.py:190} INFO - [2026-03-22T22:48:27.857+0000] {dag.py:3239} INFO - Sync 1 DAGs
[2026-03-22T22:48:27.868+0000] {logging_mixin.py:190} INFO - [2026-03-22T22:48:27.867+0000] {dag.py:4180} INFO - Setting next_dagrun for ml_pipeline to None, run_after=None
[2026-03-22T22:48:27.885+0000] {processor.py:208} INFO - Processing /home/ec2-user/environment/lab4_model_training/dags/ml_pipeline_dag.py took 1.319 seconds
[2026-03-22T22:48:58.162+0000] {processor.py:186} INFO - Started process (PID=10701) to work on /home/ec2-user/environment/lab4_model_training/dags/ml_pipeline_dag.py
[2026-03-22T22:48:58.163+0000] {processor.py:914} INFO - Processing file /home/ec2-user/environment/lab4_model_training/dags/ml_pipeline_dag.py for tasks to queue
[2026-03-22T22:48:58.164+0000] {logging_mixin.py:190} INFO - [2026-03-22T22:48:58.163+0000] {dagbag.py:588} INFO - Filling up the DagBag from /home/ec2-user/environment/lab4_model_training/dags/ml_pipeline_dag.py
[2026-03-22T22:48:59.455+0000] {processor.py:925} INFO - DAG(s) 'ml_pipeline' retrieved from /home/ec2-user/environment/lab4_model_training/dags/ml_pipeline_dag.py
[2026-03-22T22:48:59.533+0000] {logging_mixin.py:190} INFO - [2026-03-22T22:48:59.532+0000] {dag.py:3239} INFO - Sync 1 DAGs
[2026-03-22T22:48:59.542+0000] {logging_mixin.py:190} INFO - [2026-03-22T22:48:59.541+0000] {dag.py:4180} INFO - Setting next_dagrun for ml_pipeline to None, run_after=None
[2026-03-22T22:48:59.560+0000] {processor.py:208} INFO - Processing /home/ec2-user/environment/lab4_model_training/dags/ml_pipeline_dag.py took 1.403 seconds
[2026-03-22T22:49:30.661+0000] {processor.py:186} INFO - Started process (PID=10744) to work on /home/ec2-user/environment/lab4_model_training/dags/ml_pipeline_dag.py
[2026-03-22T22:49:30.662+0000] {processor.py:914} INFO - Processing file /home/ec2-user/environment/lab4_model_training/dags/ml_pipeline_dag.py for tasks to queue
[2026-03-22T22:49:30.664+0000] {logging_mixin.py:190} INFO - [2026-03-22T22:49:30.663+0000] {dagbag.py:588} INFO - Filling up the DagBag from /home/ec2-user/environment/lab4_model_training/dags/ml_pipeline_dag.py
[2026-03-22T22:49:31.943+0000] {processor.py:925} INFO - DAG(s) 'ml_pipeline' retrieved from /home/ec2-user/environment/lab4_model_training/dags/ml_pipeline_dag.py
[2026-03-22T22:49:31.956+0000] {logging_mixin.py:190} INFO - [2026-03-22T22:49:31.956+0000] {dag.py:3239} INFO - Sync 1 DAGs
[2026-03-22T22:49:31.965+0000] {logging_mixin.py:190} INFO - [2026-03-22T22:49:31.965+0000] {dag.py:4180} INFO - Setting next_dagrun for ml_pipeline to None, run_after=None
[2026-03-22T22:49:31.983+0000] {processor.py:208} INFO - Processing /home/ec2-user/environment/lab4_model_training/dags/ml_pipeline_dag.py took 1.326 seconds
[2026-03-22T22:50:02.170+0000] {processor.py:186} INFO - Started process (PID=10857) to work on /home/ec2-user/environment/lab4_model_training/dags/ml_pipeline_dag.py
[2026-03-22T22:50:02.170+0000] {processor.py:914} INFO - Processing file /home/ec2-user/environment/lab4_model_training/dags/ml_pipeline_dag.py for tasks to queue
[2026-03-22T22:50:02.172+0000] {logging_mixin.py:190} INFO - [2026-03-22T22:50:02.171+0000] {dagbag.py:588} INFO - Filling up the DagBag from /home/ec2-user/environment/lab4_model_training/dags/ml_pipeline_dag.py
[2026-03-22T22:50:03.476+0000] {processor.py:925} INFO - DAG(s) 'ml_pipeline' retrieved from /home/ec2-user/environment/lab4_model_training/dags/ml_pipeline_dag.py
[2026-03-22T22:50:03.480+0000] {logging_mixin.py:190} INFO - [2026-03-22T22:50:03.480+0000] {dag.py:3239} INFO - Sync 1 DAGs
[2026-03-22T22:50:03.489+0000] {logging_mixin.py:190} INFO - [2026-03-22T22:50:03.489+0000] {dag.py:4180} INFO - Setting next_dagrun for ml_pipeline to None, run_after=None
[2026-03-22T22:50:03.506+0000] {processor.py:208} INFO - Processing /home/ec2-user/environment/lab4_model_training/dags/ml_pipeline_dag.py took 1.342 seconds
[2026-03-22T22:50:33.627+0000] {processor.py:186} INFO - Started process (PID=10891) to work on /home/ec2-user/environment/lab4_model_training/dags/ml_pipeline_dag.py
[2026-03-22T22:50:33.628+0000] {processor.py:914} INFO - Processing file /home/ec2-user/environment/lab4_model_training/dags/ml_pipeline_dag.py for tasks to queue
[2026-03-22T22:50:33.629+0000] {logging_mixin.py:190} INFO - [2026-03-22T22:50:33.629+0000] {dagbag.py:588} INFO - Filling up the DagBag from /home/ec2-user/environment/lab4_model_training/dags/ml_pipeline_dag.py
[2026-03-22T22:50:34.909+0000] {processor.py:925} INFO - DAG(s) 'ml_pipeline' retrieved from /home/ec2-user/environment/lab4_model_training/dags/ml_pipeline_dag.py
[2026-03-22T22:50:34.989+0000] {logging_mixin.py:190} INFO - [2026-03-22T22:50:34.989+0000] {dag.py:3239} INFO - Sync 1 DAGs
[2026-03-22T22:50:34.998+0000] {logging_mixin.py:190} INFO - [2026-03-22T22:50:34.997+0000] {dag.py:4180} INFO - Setting next_dagrun for ml_pipeline to None, run_after=None
[2026-03-22T22:50:35.017+0000] {processor.py:208} INFO - Processing /home/ec2-user/environment/lab4_model_training/dags/ml_pipeline_dag.py took 1.395 seconds
[2026-03-22T22:51:05.103+0000] {processor.py:186} INFO - Started process (PID=10932) to work on /home/ec2-user/environment/lab4_model_training/dags/ml_pipeline_dag.py
[2026-03-22T22:51:05.104+0000] {processor.py:914} INFO - Processing file /home/ec2-user/environment/lab4_model_training/dags/ml_pipeline_dag.py for tasks to queue
[2026-03-22T22:51:05.105+0000] {logging_mixin.py:190} INFO - [2026-03-22T22:51:05.105+0000] {dagbag.py:588} INFO - Filling up the DagBag from /home/ec2-user/environment/lab4_model_training/dags/ml_pipeline_dag.py
[2026-03-22T22:51:06.379+0000] {processor.py:925} INFO - DAG(s) 'ml_pipeline' retrieved from /home/ec2-user/environment/lab4_model_training/dags/ml_pipeline_dag.py
[2026-03-22T22:51:06.392+0000] {logging_mixin.py:190} INFO - [2026-03-22T22:51:06.392+0000] {dag.py:3239} INFO - Sync 1 DAGs
[2026-03-22T22:51:06.401+0000] {logging_mixin.py:190} INFO - [2026-03-22T22:51:06.401+0000] {dag.py:4180} INFO - Setting next_dagrun for ml_pipeline to None, run_after=None
[2026-03-22T22:51:06.420+0000] {processor.py:208} INFO - Processing /home/ec2-user/environment/lab4_model_training/dags/ml_pipeline_dag.py took 1.322 seconds
[2026-03-22T22:51:36.582+0000] {processor.py:186} INFO - Started process (PID=11035) to work on /home/ec2-user/environment/lab4_model_training/dags/ml_pipeline_dag.py
[2026-03-22T22:51:36.583+0000] {processor.py:914} INFO - Processing file /home/ec2-user/environment/lab4_model_training/dags/ml_pipeline_dag.py for tasks to queue
[2026-03-22T22:51:36.584+0000] {logging_mixin.py:190} INFO - [2026-03-22T22:51:36.584+0000] {dagbag.py:588} INFO - Filling up the DagBag from /home/ec2-user/environment/lab4_model_training/dags/ml_pipeline_dag.py
[2026-03-22T22:51:37.870+0000] {processor.py:925} INFO - DAG(s) 'ml_pipeline' retrieved from /home/ec2-user/environment/lab4_model_training/dags/ml_pipeline_dag.py
[2026-03-22T22:51:37.874+0000] {logging_mixin.py:190} INFO - [2026-03-22T22:51:37.874+0000] {dag.py:3239} INFO - Sync 1 DAGs
[2026-03-22T22:51:37.883+0000] {logging_mixin.py:190} INFO - [2026-03-22T22:51:37.883+0000] {dag.py:4180} INFO - Setting next_dagrun for ml_pipeline to None, run_after=None
[2026-03-22T22:51:37.901+0000] {processor.py:208} INFO - Processing /home/ec2-user/environment/lab4_model_training/dags/ml_pipeline_dag.py took 1.324 seconds
[2026-03-22T22:52:08.077+0000] {processor.py:186} INFO - Started process (PID=11085) to work on /home/ec2-user/environment/lab4_model_training/dags/ml_pipeline_dag.py
[2026-03-22T22:52:08.077+0000] {processor.py:914} INFO - Processing file /home/ec2-user/environment/lab4_model_training/dags/ml_pipeline_dag.py for tasks to queue
[2026-03-22T22:52:08.078+0000] {logging_mixin.py:190} INFO - [2026-03-22T22:52:08.078+0000] {dagbag.py:588} INFO - Filling up the DagBag from /home/ec2-user/environment/lab4_model_training/dags/ml_pipeline_dag.py
[2026-03-22T22:52:09.365+0000] {processor.py:925} INFO - DAG(s) 'ml_pipeline' retrieved from /home/ec2-user/environment/lab4_model_training/dags/ml_pipeline_dag.py
[2026-03-22T22:52:09.442+0000] {logging_mixin.py:190} INFO - [2026-03-22T22:52:09.441+0000] {dag.py:3239} INFO - Sync 1 DAGs
[2026-03-22T22:52:09.452+0000] {logging_mixin.py:190} INFO - [2026-03-22T22:52:09.452+0000] {dag.py:4180} INFO - Setting next_dagrun for ml_pipeline to None, run_after=None
[2026-03-22T22:52:09.470+0000] {processor.py:208} INFO - Processing /home/ec2-user/environment/lab4_model_training/dags/ml_pipeline_dag.py took 1.399 seconds
[2026-03-22T22:52:39.531+0000] {processor.py:186} INFO - Started process (PID=11112) to work on /home/ec2-user/environment/lab4_model_training/dags/ml_pipeline_dag.py
[2026-03-22T22:52:39.532+0000] {processor.py:914} INFO - Processing file /home/ec2-user/environment/lab4_model_training/dags/ml_pipeline_dag.py for tasks to queue
[2026-03-22T22:52:39.534+0000] {logging_mixin.py:190} INFO - [2026-03-22T22:52:39.533+0000] {dagbag.py:588} INFO - Filling up the DagBag from /home/ec2-user/environment/lab4_model_training/dags/ml_pipeline_dag.py
[2026-03-22T22:52:40.812+0000] {processor.py:925} INFO - DAG(s) 'ml_pipeline' retrieved from /home/ec2-user/environment/lab4_model_training/dags/ml_pipeline_dag.py
[2026-03-22T22:52:40.826+0000] {logging_mixin.py:190} INFO - [2026-03-22T22:52:40.826+0000] {dag.py:3239} INFO - Sync 1 DAGs
[2026-03-22T22:52:40.835+0000] {logging_mixin.py:190} INFO - [2026-03-22T22:52:40.835+0000] {dag.py:4180} INFO - Setting next_dagrun for ml_pipeline to None, run_after=None
[2026-03-22T22:52:40.853+0000] {processor.py:208} INFO - Processing /home/ec2-user/environment/lab4_model_training/dags/ml_pipeline_dag.py took 1.327 seconds
[2026-03-22T22:53:11.112+0000] {processor.py:186} INFO - Started process (PID=11202) to work on /home/ec2-user/environment/lab4_model_training/dags/ml_pipeline_dag.py
[2026-03-22T22:53:11.113+0000] {processor.py:914} INFO - Processing file /home/ec2-user/environment/lab4_model_training/dags/ml_pipeline_dag.py for tasks to queue
[2026-03-22T22:53:11.114+0000] {logging_mixin.py:190} INFO - [2026-03-22T22:53:11.114+0000] {dagbag.py:588} INFO - Filling up the DagBag from /home/ec2-user/environment/lab4_model_training/dags/ml_pipeline_dag.py
[2026-03-22T22:53:12.388+0000] {processor.py:925} INFO - DAG(s) 'ml_pipeline' retrieved from /home/ec2-user/environment/lab4_model_training/dags/ml_pipeline_dag.py
[2026-03-22T22:53:12.393+0000] {logging_mixin.py:190} INFO - [2026-03-22T22:53:12.392+0000] {dag.py:3239} INFO - Sync 1 DAGs
[2026-03-22T22:53:12.403+0000] {logging_mixin.py:190} INFO - [2026-03-22T22:53:12.403+0000] {dag.py:4180} INFO - Setting next_dagrun for ml_pipeline to None, run_after=None
[2026-03-22T22:53:12.421+0000] {processor.py:208} INFO - Processing /home/ec2-user/environment/lab4_model_training/dags/ml_pipeline_dag.py took 1.314 seconds
[2026-03-22T22:53:42.592+0000] {processor.py:186} INFO - Started process (PID=11231) to work on /home/ec2-user/environment/lab4_model_training/dags/ml_pipeline_dag.py
[2026-03-22T22:53:42.593+0000] {processor.py:914} INFO - Processing file /home/ec2-user/environment/lab4_model_training/dags/ml_pipeline_dag.py for tasks to queue
[2026-03-22T22:53:42.596+0000] {logging_mixin.py:190} INFO - [2026-03-22T22:53:42.595+0000] {dagbag.py:588} INFO - Filling up the DagBag from /home/ec2-user/environment/lab4_model_training/dags/ml_pipeline_dag.py
[2026-03-22T22:53:43.895+0000] {processor.py:925} INFO - DAG(s) 'ml_pipeline' retrieved from /home/ec2-user/environment/lab4_model_training/dags/ml_pipeline_dag.py
[2026-03-22T22:53:43.974+0000] {logging_mixin.py:190} INFO - [2026-03-22T22:53:43.973+0000] {dag.py:3239} INFO - Sync 1 DAGs
[2026-03-22T22:53:43.982+0000] {logging_mixin.py:190} INFO - [2026-03-22T22:53:43.982+0000] {dag.py:4180} INFO - Setting next_dagrun for ml_pipeline to None, run_after=None
[2026-03-22T22:53:44.000+0000] {processor.py:208} INFO - Processing /home/ec2-user/environment/lab4_model_training/dags/ml_pipeline_dag.py took 1.412 seconds
[2026-03-22T22:54:15.107+0000] {processor.py:186} INFO - Started process (PID=11275) to work on /home/ec2-user/environment/lab4_model_training/dags/ml_pipeline_dag.py
[2026-03-22T22:54:15.107+0000] {processor.py:914} INFO - Processing file /home/ec2-user/environment/lab4_model_training/dags/ml_pipeline_dag.py for tasks to queue
[2026-03-22T22:54:15.108+0000] {logging_mixin.py:190} INFO - [2026-03-22T22:54:15.108+0000] {dagbag.py:588} INFO - Filling up the DagBag from /home/ec2-user/environment/lab4_model_training/dags/ml_pipeline_dag.py
[2026-03-22T22:54:16.384+0000] {processor.py:925} INFO - DAG(s) 'ml_pipeline' retrieved from /home/ec2-user/environment/lab4_model_training/dags/ml_pipeline_dag.py
[2026-03-22T22:54:16.398+0000] {logging_mixin.py:190} INFO - [2026-03-22T22:54:16.398+0000] {dag.py:3239} INFO - Sync 1 DAGs
[2026-03-22T22:54:16.407+0000] {logging_mixin.py:190} INFO - [2026-03-22T22:54:16.407+0000] {dag.py:4180} INFO - Setting next_dagrun for ml_pipeline to None, run_after=None
[2026-03-22T22:54:16.425+0000] {processor.py:208} INFO - Processing /home/ec2-user/environment/lab4_model_training/dags/ml_pipeline_dag.py took 1.323 seconds
[2026-03-22T22:54:46.580+0000] {processor.py:186} INFO - Started process (PID=11303) to work on /home/ec2-user/environment/lab4_model_training/dags/ml_pipeline_dag.py
[2026-03-22T22:54:46.581+0000] {processor.py:914} INFO - Processing file /home/ec2-user/environment/lab4_model_training/dags/ml_pipeline_dag.py for tasks to queue
[2026-03-22T22:54:46.582+0000] {logging_mixin.py:190} INFO - [2026-03-22T22:54:46.582+0000] {dagbag.py:588} INFO - Filling up the DagBag from /home/ec2-user/environment/lab4_model_training/dags/ml_pipeline_dag.py
[2026-03-22T22:54:47.849+0000] {processor.py:925} INFO - DAG(s) 'ml_pipeline' retrieved from /home/ec2-user/environment/lab4_model_training/dags/ml_pipeline_dag.py
[2026-03-22T22:54:47.853+0000] {logging_mixin.py:190} INFO - [2026-03-22T22:54:47.853+0000] {dag.py:3239} INFO - Sync 1 DAGs
[2026-03-22T22:54:47.862+0000] {logging_mixin.py:190} INFO - [2026-03-22T22:54:47.862+0000] {dag.py:4180} INFO - Setting next_dagrun for ml_pipeline to None, run_after=None
[2026-03-22T22:54:47.880+0000] {processor.py:208} INFO - Processing /home/ec2-user/environment/lab4_model_training/dags/ml_pipeline_dag.py took 1.305 seconds
[2026-03-22T22:55:18.053+0000] {processor.py:186} INFO - Started process (PID=11390) to work on /home/ec2-user/environment/lab4_model_training/dags/ml_pipeline_dag.py
[2026-03-22T22:55:18.055+0000] {processor.py:914} INFO - Processing file /home/ec2-user/environment/lab4_model_training/dags/ml_pipeline_dag.py for tasks to queue
[2026-03-22T22:55:18.056+0000] {logging_mixin.py:190} INFO - [2026-03-22T22:55:18.056+0000] {dagbag.py:588} INFO - Filling up the DagBag from /home/ec2-user/environment/lab4_model_training/dags/ml_pipeline_dag.py
[2026-03-22T22:55:19.322+0000] {processor.py:925} INFO - DAG(s) 'ml_pipeline' retrieved from /home/ec2-user/environment/lab4_model_training/dags/ml_pipeline_dag.py
[2026-03-22T22:55:19.398+0000] {logging_mixin.py:190} INFO - [2026-03-22T22:55:19.397+0000] {dag.py:3239} INFO - Sync 1 DAGs
[2026-03-22T22:55:19.407+0000] {logging_mixin.py:190} INFO - [2026-03-22T22:55:19.407+0000] {dag.py:4180} INFO - Setting next_dagrun for ml_pipeline to None, run_after=None
[2026-03-22T22:55:19.426+0000] {processor.py:208} INFO - Processing /home/ec2-user/environment/lab4_model_training/dags/ml_pipeline_dag.py took 1.377 seconds
[2026-03-22T22:55:49.530+0000] {processor.py:186} INFO - Started process (PID=11417) to work on /home/ec2-user/environment/lab4_model_training/dags/ml_pipeline_dag.py
[2026-03-22T22:55:49.532+0000] {processor.py:914} INFO - Processing file /home/ec2-user/environment/lab4_model_training/dags/ml_pipeline_dag.py for tasks to queue
[2026-03-22T22:55:49.533+0000] {logging_mixin.py:190} INFO - [2026-03-22T22:55:49.532+0000] {dagbag.py:588} INFO - Filling up the DagBag from /home/ec2-user/environment/lab4_model_training/dags/ml_pipeline_dag.py
[2026-03-22T22:55:50.803+0000] {processor.py:925} INFO - DAG(s) 'ml_pipeline' retrieved from /home/ec2-user/environment/lab4_model_training/dags/ml_pipeline_dag.py
[2026-03-22T22:55:50.816+0000] {logging_mixin.py:190} INFO - [2026-03-22T22:55:50.816+0000] {dag.py:3239} INFO - Sync 1 DAGs
[2026-03-22T22:55:50.825+0000] {logging_mixin.py:190} INFO - [2026-03-22T22:55:50.825+0000] {dag.py:4180} INFO - Setting next_dagrun for ml_pipeline to None, run_after=None
[2026-03-22T22:55:50.842+0000] {processor.py:208} INFO - Processing /home/ec2-user/environment/lab4_model_training/dags/ml_pipeline_dag.py took 1.317 seconds
[2026-03-22T22:56:21.003+0000] {processor.py:186} INFO - Started process (PID=11459) to work on /home/ec2-user/environment/lab4_model_training/dags/ml_pipeline_dag.py
[2026-03-22T22:56:21.004+0000] {processor.py:914} INFO - Processing file /home/ec2-user/environment/lab4_model_training/dags/ml_pipeline_dag.py for tasks to queue
[2026-03-22T22:56:21.006+0000] {logging_mixin.py:190} INFO - [2026-03-22T22:56:21.005+0000] {dagbag.py:588} INFO - Filling up the DagBag from /home/ec2-user/environment/lab4_model_training/dags/ml_pipeline_dag.py
[2026-03-22T22:56:22.309+0000] {processor.py:925} INFO - DAG(s) 'ml_pipeline' retrieved from /home/ec2-user/environment/lab4_model_training/dags/ml_pipeline_dag.py
[2026-03-22T22:56:22.313+0000] {logging_mixin.py:190} INFO - [2026-03-22T22:56:22.313+0000] {dag.py:3239} INFO - Sync 1 DAGs
[2026-03-22T22:56:22.323+0000] {logging_mixin.py:190} INFO - [2026-03-22T22:56:22.323+0000] {dag.py:4180} INFO - Setting next_dagrun for ml_pipeline to None, run_after=None
[2026-03-22T22:56:22.340+0000] {processor.py:208} INFO - Processing /home/ec2-user/environment/lab4_model_training/dags/ml_pipeline_dag.py took 1.342 seconds
[2026-03-22T22:56:52.477+0000] {processor.py:186} INFO - Started process (PID=11485) to work on /home/ec2-user/environment/lab4_model_training/dags/ml_pipeline_dag.py
[2026-03-22T22:56:52.478+0000] {processor.py:914} INFO - Processing file /home/ec2-user/environment/lab4_model_training/dags/ml_pipeline_dag.py for tasks to queue
[2026-03-22T22:56:52.479+0000] {logging_mixin.py:190} INFO - [2026-03-22T22:56:52.479+0000] {dagbag.py:588} INFO - Filling up the DagBag from /home/ec2-user/environment/lab4_model_training/dags/ml_pipeline_dag.py
[2026-03-22T22:56:53.771+0000] {processor.py:925} INFO - DAG(s) 'ml_pipeline' retrieved from /home/ec2-user/environment/lab4_model_training/dags/ml_pipeline_dag.py
[2026-03-22T22:56:53.849+0000] {logging_mixin.py:190} INFO - [2026-03-22T22:56:53.849+0000] {dag.py:3239} INFO - Sync 1 DAGs
[2026-03-22T22:56:53.859+0000] {logging_mixin.py:190} INFO - [2026-03-22T22:56:53.859+0000] {dag.py:4180} INFO - Setting next_dagrun for ml_pipeline to None, run_after=None
[2026-03-22T22:56:53.878+0000] {processor.py:208} INFO - Processing /home/ec2-user/environment/lab4_model_training/dags/ml_pipeline_dag.py took 1.405 seconds
[2026-03-22T22:57:24.051+0000] {processor.py:186} INFO - Started process (PID=11585) to work on /home/ec2-user/environment/lab4_model_training/dags/ml_pipeline_dag.py
[2026-03-22T22:57:24.053+0000] {processor.py:914} INFO - Processing file /home/ec2-user/environment/lab4_model_training/dags/ml_pipeline_dag.py for tasks to queue
[2026-03-22T22:57:24.055+0000] {logging_mixin.py:190} INFO - [2026-03-22T22:57:24.055+0000] {dagbag.py:588} INFO - Filling up the DagBag from /home/ec2-user/environment/lab4_model_training/dags/ml_pipeline_dag.py
[2026-03-22T22:57:25.332+0000] {processor.py:925} INFO - DAG(s) 'ml_pipeline' retrieved from /home/ec2-user/environment/lab4_model_training/dags/ml_pipeline_dag.py
[2026-03-22T22:57:25.345+0000] {logging_mixin.py:190} INFO - [2026-03-22T22:57:25.344+0000] {dag.py:3239} INFO - Sync 1 DAGs
[2026-03-22T22:57:25.355+0000] {logging_mixin.py:190} INFO - [2026-03-22T22:57:25.355+0000] {dag.py:4180} INFO - Setting next_dagrun for ml_pipeline to None, run_after=None
[2026-03-22T22:57:25.373+0000] {processor.py:208} INFO - Processing /home/ec2-user/environment/lab4_model_training/dags/ml_pipeline_dag.py took 1.326 seconds
[2026-03-22T22:57:56.133+0000] {processor.py:186} INFO - Started process (PID=11649) to work on /home/ec2-user/environment/lab4_model_training/dags/ml_pipeline_dag.py
[2026-03-22T22:57:56.134+0000] {processor.py:914} INFO - Processing file /home/ec2-user/environment/lab4_model_training/dags/ml_pipeline_dag.py for tasks to queue
[2026-03-22T22:57:56.135+0000] {logging_mixin.py:190} INFO - [2026-03-22T22:57:56.135+0000] {dagbag.py:588} INFO - Filling up the DagBag from /home/ec2-user/environment/lab4_model_training/dags/ml_pipeline_dag.py
[2026-03-22T22:57:57.416+0000] {processor.py:925} INFO - DAG(s) 'ml_pipeline' retrieved from /home/ec2-user/environment/lab4_model_training/dags/ml_pipeline_dag.py
[2026-03-22T22:57:57.421+0000] {logging_mixin.py:190} INFO - [2026-03-22T22:57:57.420+0000] {dag.py:3239} INFO - Sync 1 DAGs
[2026-03-22T22:57:57.431+0000] {logging_mixin.py:190} INFO - [2026-03-22T22:57:57.431+0000] {dag.py:4180} INFO - Setting next_dagrun for ml_pipeline to None, run_after=None
[2026-03-22T22:57:57.448+0000] {processor.py:208} INFO - Processing /home/ec2-user/environment/lab4_model_training/dags/ml_pipeline_dag.py took 1.320 seconds
[2026-03-22T22:58:28.003+0000] {processor.py:186} INFO - Started process (PID=11694) to work on /home/ec2-user/environment/lab4_model_training/dags/ml_pipeline_dag.py
[2026-03-22T22:58:28.005+0000] {processor.py:914} INFO - Processing file /home/ec2-user/environment/lab4_model_training/dags/ml_pipeline_dag.py for tasks to queue
[2026-03-22T22:58:28.006+0000] {logging_mixin.py:190} INFO - [2026-03-22T22:58:28.005+0000] {dagbag.py:588} INFO - Filling up the DagBag from /home/ec2-user/environment/lab4_model_training/dags/ml_pipeline_dag.py
[2026-03-22T22:58:29.284+0000] {processor.py:925} INFO - DAG(s) 'ml_pipeline' retrieved from /home/ec2-user/environment/lab4_model_training/dags/ml_pipeline_dag.py
[2026-03-22T22:58:29.362+0000] {logging_mixin.py:190} INFO - [2026-03-22T22:58:29.361+0000] {dag.py:3239} INFO - Sync 1 DAGs
[2026-03-22T22:58:29.370+0000] {logging_mixin.py:190} INFO - [2026-03-22T22:58:29.370+0000] {dag.py:4180} INFO - Setting next_dagrun for ml_pipeline to None, run_after=None
[2026-03-22T22:58:29.389+0000] {processor.py:208} INFO - Processing /home/ec2-user/environment/lab4_model_training/dags/ml_pipeline_dag.py took 1.391 seconds
[2026-03-22T22:58:59.960+0000] {processor.py:186} INFO - Started process (PID=11806) to work on /home/ec2-user/environment/lab4_model_training/dags/ml_pipeline_dag.py
[2026-03-22T22:58:59.964+0000] {processor.py:914} INFO - Processing file /home/ec2-user/environment/lab4_model_training/dags/ml_pipeline_dag.py for tasks to queue
[2026-03-22T22:58:59.967+0000] {logging_mixin.py:190} INFO - [2026-03-22T22:58:59.967+0000] {dagbag.py:588} INFO - Filling up the DagBag from /home/ec2-user/environment/lab4_model_training/dags/ml_pipeline_dag.py
[2026-03-22T22:59:01.762+0000] {processor.py:925} INFO - DAG(s) 'ml_pipeline' retrieved from /home/ec2-user/environment/lab4_model_training/dags/ml_pipeline_dag.py
[2026-03-22T22:59:01.777+0000] {logging_mixin.py:190} INFO - [2026-03-22T22:59:01.776+0000] {dag.py:3239} INFO - Sync 1 DAGs
[2026-03-22T22:59:01.786+0000] {logging_mixin.py:190} INFO - [2026-03-22T22:59:01.786+0000] {dag.py:4180} INFO - Setting next_dagrun for ml_pipeline to None, run_after=None
[2026-03-22T22:59:01.803+0000] {processor.py:208} INFO - Processing /home/ec2-user/environment/lab4_model_training/dags/ml_pipeline_dag.py took 1.849 seconds
[2026-03-22T22:59:31.930+0000] {processor.py:186} INFO - Started process (PID=11876) to work on /home/ec2-user/environment/lab4_model_training/dags/ml_pipeline_dag.py
[2026-03-22T22:59:31.931+0000] {processor.py:914} INFO - Processing file /home/ec2-user/environment/lab4_model_training/dags/ml_pipeline_dag.py for tasks to queue
[2026-03-22T22:59:31.932+0000] {logging_mixin.py:190} INFO - [2026-03-22T22:59:31.932+0000] {dagbag.py:588} INFO - Filling up the DagBag from /home/ec2-user/environment/lab4_model_training/dags/ml_pipeline_dag.py
[2026-03-22T22:59:33.216+0000] {processor.py:925} INFO - DAG(s) 'ml_pipeline' retrieved from /home/ec2-user/environment/lab4_model_training/dags/ml_pipeline_dag.py
[2026-03-22T22:59:33.220+0000] {logging_mixin.py:190} INFO - [2026-03-22T22:59:33.220+0000] {dag.py:3239} INFO - Sync 1 DAGs
[2026-03-22T22:59:33.230+0000] {logging_mixin.py:190} INFO - [2026-03-22T22:59:33.229+0000] {dag.py:4180} INFO - Setting next_dagrun for ml_pipeline to None, run_after=None
[2026-03-22T22:59:33.247+0000] {processor.py:208} INFO - Processing /home/ec2-user/environment/lab4_model_training/dags/ml_pipeline_dag.py took 1.322 seconds
[2026-03-22T23:00:03.894+0000] {processor.py:186} INFO - Started process (PID=11942) to work on /home/ec2-user/environment/lab4_model_training/dags/ml_pipeline_dag.py
[2026-03-22T23:00:03.903+0000] {processor.py:914} INFO - Processing file /home/ec2-user/environment/lab4_model_training/dags/ml_pipeline_dag.py for tasks to queue
[2026-03-22T23:00:03.908+0000] {logging_mixin.py:190} INFO - [2026-03-22T23:00:03.908+0000] {dagbag.py:588} INFO - Filling up the DagBag from /home/ec2-user/environment/lab4_model_training/dags/ml_pipeline_dag.py
[2026-03-22T23:00:05.491+0000] {processor.py:925} INFO - DAG(s) 'ml_pipeline' retrieved from /home/ec2-user/environment/lab4_model_training/dags/ml_pipeline_dag.py
[2026-03-22T23:00:05.569+0000] {logging_mixin.py:190} INFO - [2026-03-22T23:00:05.569+0000] {dag.py:3239} INFO - Sync 1 DAGs
[2026-03-22T23:00:05.578+0000] {logging_mixin.py:190} INFO - [2026-03-22T23:00:05.578+0000] {dag.py:4180} INFO - Setting next_dagrun for ml_pipeline to None, run_after=None
[2026-03-22T23:00:05.596+0000] {processor.py:208} INFO - Processing /home/ec2-user/environment/lab4_model_training/dags/ml_pipeline_dag.py took 1.709 seconds
[2026-03-22T23:00:35.764+0000] {processor.py:186} INFO - Started process (PID=11988) to work on /home/ec2-user/environment/lab4_model_training/dags/ml_pipeline_dag.py
[2026-03-22T23:00:35.766+0000] {processor.py:914} INFO - Processing file /home/ec2-user/environment/lab4_model_training/dags/ml_pipeline_dag.py for tasks to queue
[2026-03-22T23:00:35.768+0000] {logging_mixin.py:190} INFO - [2026-03-22T23:00:35.767+0000] {dagbag.py:588} INFO - Filling up the DagBag from /home/ec2-user/environment/lab4_model_training/dags/ml_pipeline_dag.py
[2026-03-22T23:00:37.045+0000] {processor.py:925} INFO - DAG(s) 'ml_pipeline' retrieved from /home/ec2-user/environment/lab4_model_training/dags/ml_pipeline_dag.py
[2026-03-22T23:00:37.058+0000] {logging_mixin.py:190} INFO - [2026-03-22T23:00:37.057+0000] {dag.py:3239} INFO - Sync 1 DAGs
[2026-03-22T23:00:37.067+0000] {logging_mixin.py:190} INFO - [2026-03-22T23:00:37.067+0000] {dag.py:4180} INFO - Setting next_dagrun for ml_pipeline to None, run_after=None
[2026-03-22T23:00:37.084+0000] {processor.py:208} INFO - Processing /home/ec2-user/environment/lab4_model_training/dags/ml_pipeline_dag.py took 1.325 seconds
[2026-03-22T23:01:07.239+0000] {processor.py:186} INFO - Started process (PID=12092) to work on /home/ec2-user/environment/lab4_model_training/dags/ml_pipeline_dag.py
[2026-03-22T23:01:07.240+0000] {processor.py:914} INFO - Processing file /home/ec2-user/environment/lab4_model_training/dags/ml_pipeline_dag.py for tasks to queue
[2026-03-22T23:01:07.241+0000] {logging_mixin.py:190} INFO - [2026-03-22T23:01:07.241+0000] {dagbag.py:588} INFO - Filling up the DagBag from /home/ec2-user/environment/lab4_model_training/dags/ml_pipeline_dag.py
[2026-03-22T23:01:08.539+0000] {processor.py:925} INFO - DAG(s) 'ml_pipeline' retrieved from /home/ec2-user/environment/lab4_model_training/dags/ml_pipeline_dag.py
[2026-03-22T23:01:08.543+0000] {logging_mixin.py:190} INFO - [2026-03-22T23:01:08.543+0000] {dag.py:3239} INFO - Sync 1 DAGs
[2026-03-22T23:01:08.552+0000] {logging_mixin.py:190} INFO - [2026-03-22T23:01:08.552+0000] {dag.py:4180} INFO - Setting next_dagrun for ml_pipeline to None, run_after=None
[2026-03-22T23:01:08.569+0000] {processor.py:208} INFO - Processing /home/ec2-user/environment/lab4_model_training/dags/ml_pipeline_dag.py took 1.336 seconds
[2026-03-22T23:01:38.711+0000] {processor.py:186} INFO - Started process (PID=12118) to work on /home/ec2-user/environment/lab4_model_training/dags/ml_pipeline_dag.py
[2026-03-22T23:01:38.712+0000] {processor.py:914} INFO - Processing file /home/ec2-user/environment/lab4_model_training/dags/ml_pipeline_dag.py for tasks to queue
[2026-03-22T23:01:38.713+0000] {logging_mixin.py:190} INFO - [2026-03-22T23:01:38.713+0000] {dagbag.py:588} INFO - Filling up the DagBag from /home/ec2-user/environment/lab4_model_training/dags/ml_pipeline_dag.py
[2026-03-22T23:01:39.995+0000] {processor.py:925} INFO - DAG(s) 'ml_pipeline' retrieved from /home/ec2-user/environment/lab4_model_training/dags/ml_pipeline_dag.py
[2026-03-22T23:01:40.073+0000] {logging_mixin.py:190} INFO - [2026-03-22T23:01:40.072+0000] {dag.py:3239} INFO - Sync 1 DAGs
[2026-03-22T23:01:40.083+0000] {logging_mixin.py:190} INFO - [2026-03-22T23:01:40.083+0000] {dag.py:4180} INFO - Setting next_dagrun for ml_pipeline to None, run_after=None
[2026-03-22T23:01:40.101+0000] {processor.py:208} INFO - Processing /home/ec2-user/environment/lab4_model_training/dags/ml_pipeline_dag.py took 1.395 seconds
[2026-03-22T23:02:10.203+0000] {processor.py:186} INFO - Started process (PID=12225) to work on /home/ec2-user/environment/lab4_model_training/dags/ml_pipeline_dag.py
[2026-03-22T23:02:10.204+0000] {processor.py:914} INFO - Processing file /home/ec2-user/environment/lab4_model_training/dags/ml_pipeline_dag.py for tasks to queue
[2026-03-22T23:02:10.205+0000] {logging_mixin.py:190} INFO - [2026-03-22T23:02:10.205+0000] {dagbag.py:588} INFO - Filling up the DagBag from /home/ec2-user/environment/lab4_model_training/dags/ml_pipeline_dag.py
[2026-03-22T23:02:11.481+0000] {processor.py:925} INFO - DAG(s) 'ml_pipeline' retrieved from /home/ec2-user/environment/lab4_model_training/dags/ml_pipeline_dag.py
[2026-03-22T23:02:11.494+0000] {logging_mixin.py:190} INFO - [2026-03-22T23:02:11.494+0000] {dag.py:3239} INFO - Sync 1 DAGs
[2026-03-22T23:02:11.505+0000] {logging_mixin.py:190} INFO - [2026-03-22T23:02:11.504+0000] {dag.py:4180} INFO - Setting next_dagrun for ml_pipeline to None, run_after=None
[2026-03-22T23:02:11.522+0000] {processor.py:208} INFO - Processing /home/ec2-user/environment/lab4_model_training/dags/ml_pipeline_dag.py took 1.324 seconds
[2026-03-22T23:02:41.676+0000] {processor.py:186} INFO - Started process (PID=12258) to work on /home/ec2-user/environment/lab4_model_training/dags/ml_pipeline_dag.py
[2026-03-22T23:02:41.677+0000] {processor.py:914} INFO - Processing file /home/ec2-user/environment/lab4_model_training/dags/ml_pipeline_dag.py for tasks to queue
[2026-03-22T23:02:41.678+0000] {logging_mixin.py:190} INFO - [2026-03-22T23:02:41.678+0000] {dagbag.py:588} INFO - Filling up the DagBag from /home/ec2-user/environment/lab4_model_training/dags/ml_pipeline_dag.py
[2026-03-22T23:02:42.981+0000] {processor.py:925} INFO - DAG(s) 'ml_pipeline' retrieved from /home/ec2-user/environment/lab4_model_training/dags/ml_pipeline_dag.py
[2026-03-22T23:02:42.985+0000] {logging_mixin.py:190} INFO - [2026-03-22T23:02:42.984+0000] {dag.py:3239} INFO - Sync 1 DAGs
[2026-03-22T23:02:42.995+0000] {logging_mixin.py:190} INFO - [2026-03-22T23:02:42.994+0000] {dag.py:4180} INFO - Setting next_dagrun for ml_pipeline to None, run_after=None
[2026-03-22T23:02:43.015+0000] {processor.py:208} INFO - Processing /home/ec2-user/environment/lab4_model_training/dags/ml_pipeline_dag.py took 1.344 seconds
[2026-03-22T23:03:13.150+0000] {processor.py:186} INFO - Started process (PID=12296) to work on /home/ec2-user/environment/lab4_model_training/dags/ml_pipeline_dag.py
[2026-03-22T23:03:13.151+0000] {processor.py:914} INFO - Processing file /home/ec2-user/environment/lab4_model_training/dags/ml_pipeline_dag.py for tasks to queue
[2026-03-22T23:03:13.152+0000] {logging_mixin.py:190} INFO - [2026-03-22T23:03:13.152+0000] {dagbag.py:588} INFO - Filling up the DagBag from /home/ec2-user/environment/lab4_model_training/dags/ml_pipeline_dag.py
[2026-03-22T23:03:14.428+0000] {processor.py:925} INFO - DAG(s) 'ml_pipeline' retrieved from /home/ec2-user/environment/lab4_model_training/dags/ml_pipeline_dag.py
[2026-03-22T23:03:14.507+0000] {logging_mixin.py:190} INFO - [2026-03-22T23:03:14.506+0000] {dag.py:3239} INFO - Sync 1 DAGs
[2026-03-22T23:03:14.515+0000] {logging_mixin.py:190} INFO - [2026-03-22T23:03:14.515+0000] {dag.py:4180} INFO - Setting next_dagrun for ml_pipeline to None, run_after=None
[2026-03-22T23:03:14.533+0000] {processor.py:208} INFO - Processing /home/ec2-user/environment/lab4_model_training/dags/ml_pipeline_dag.py took 1.388 seconds
[2026-03-22T23:03:44.730+0000] {processor.py:186} INFO - Started process (PID=12322) to work on /home/ec2-user/environment/lab4_model_training/dags/ml_pipeline_dag.py
[2026-03-22T23:03:44.731+0000] {processor.py:914} INFO - Processing file /home/ec2-user/environment/lab4_model_training/dags/ml_pipeline_dag.py for tasks to queue
[2026-03-22T23:03:44.733+0000] {logging_mixin.py:190} INFO - [2026-03-22T23:03:44.732+0000] {dagbag.py:588} INFO - Filling up the DagBag from /home/ec2-user/environment/lab4_model_training/dags/ml_pipeline_dag.py
[2026-03-22T23:03:46.028+0000] {processor.py:925} INFO - DAG(s) 'ml_pipeline' retrieved from /home/ec2-user/environment/lab4_model_training/dags/ml_pipeline_dag.py
[2026-03-22T23:03:46.043+0000] {logging_mixin.py:190} INFO - [2026-03-22T23:03:46.042+0000] {dag.py:3239} INFO - Sync 1 DAGs
[2026-03-22T23:03:46.052+0000] {logging_mixin.py:190} INFO - [2026-03-22T23:03:46.052+0000] {dag.py:4180} INFO - Setting next_dagrun for ml_pipeline to None, run_after=None
[2026-03-22T23:03:46.069+0000] {processor.py:208} INFO - Processing /home/ec2-user/environment/lab4_model_training/dags/ml_pipeline_dag.py took 1.344 seconds
[2026-03-22T23:04:16.242+0000] {processor.py:186} INFO - Started process (PID=12413) to work on /home/ec2-user/environment/lab4_model_training/dags/ml_pipeline_dag.py
[2026-03-22T23:04:16.242+0000] {processor.py:914} INFO - Processing file /home/ec2-user/environment/lab4_model_training/dags/ml_pipeline_dag.py for tasks to queue
[2026-03-22T23:04:16.244+0000] {logging_mixin.py:190} INFO - [2026-03-22T23:04:16.244+0000] {dagbag.py:588} INFO - Filling up the DagBag from /home/ec2-user/environment/lab4_model_training/dags/ml_pipeline_dag.py
[2026-03-22T23:04:17.513+0000] {processor.py:925} INFO - DAG(s) 'ml_pipeline' retrieved from /home/ec2-user/environment/lab4_model_training/dags/ml_pipeline_dag.py
[2026-03-22T23:04:17.518+0000] {logging_mixin.py:190} INFO - [2026-03-22T23:04:17.517+0000] {dag.py:3239} INFO - Sync 1 DAGs
[2026-03-22T23:04:17.528+0000] {logging_mixin.py:190} INFO - [2026-03-22T23:04:17.528+0000] {dag.py:4180} INFO - Setting next_dagrun for ml_pipeline to None, run_after=None
[2026-03-22T23:04:17.546+0000] {processor.py:208} INFO - Processing /home/ec2-user/environment/lab4_model_training/dags/ml_pipeline_dag.py took 1.309 seconds
[2026-03-22T23:04:48.176+0000] {processor.py:186} INFO - Started process (PID=12440) to work on /home/ec2-user/environment/lab4_model_training/dags/ml_pipeline_dag.py
[2026-03-22T23:04:48.177+0000] {processor.py:914} INFO - Processing file /home/ec2-user/environment/lab4_model_training/dags/ml_pipeline_dag.py for tasks to queue
[2026-03-22T23:04:48.179+0000] {logging_mixin.py:190} INFO - [2026-03-22T23:04:48.178+0000] {dagbag.py:588} INFO - Filling up the DagBag from /home/ec2-user/environment/lab4_model_training/dags/ml_pipeline_dag.py
[2026-03-22T23:04:49.447+0000] {processor.py:925} INFO - DAG(s) 'ml_pipeline' retrieved from /home/ec2-user/environment/lab4_model_training/dags/ml_pipeline_dag.py
[2026-03-22T23:04:49.523+0000] {logging_mixin.py:190} INFO - [2026-03-22T23:04:49.523+0000] {dag.py:3239} INFO - Sync 1 DAGs
[2026-03-22T23:04:49.532+0000] {logging_mixin.py:190} INFO - [2026-03-22T23:04:49.532+0000] {dag.py:4180} INFO - Setting next_dagrun for ml_pipeline to None, run_after=None
[2026-03-22T23:04:49.551+0000] {processor.py:208} INFO - Processing /home/ec2-user/environment/lab4_model_training/dags/ml_pipeline_dag.py took 1.380 seconds
[2026-03-22T23:05:19.780+0000] {processor.py:186} INFO - Started process (PID=12479) to work on /home/ec2-user/environment/lab4_model_training/dags/ml_pipeline_dag.py
[2026-03-22T23:05:19.781+0000] {processor.py:914} INFO - Processing file /home/ec2-user/environment/lab4_model_training/dags/ml_pipeline_dag.py for tasks to queue
[2026-03-22T23:05:19.782+0000] {logging_mixin.py:190} INFO - [2026-03-22T23:05:19.782+0000] {dagbag.py:588} INFO - Filling up the DagBag from /home/ec2-user/environment/lab4_model_training/dags/ml_pipeline_dag.py
[2026-03-22T23:05:21.069+0000] {processor.py:925} INFO - DAG(s) 'ml_pipeline' retrieved from /home/ec2-user/environment/lab4_model_training/dags/ml_pipeline_dag.py
[2026-03-22T23:05:21.082+0000] {logging_mixin.py:190} INFO - [2026-03-22T23:05:21.082+0000] {dag.py:3239} INFO - Sync 1 DAGs
[2026-03-22T23:05:21.091+0000] {logging_mixin.py:190} INFO - [2026-03-22T23:05:21.091+0000] {dag.py:4180} INFO - Setting next_dagrun for ml_pipeline to None, run_after=None
[2026-03-22T23:05:21.109+0000] {processor.py:208} INFO - Processing /home/ec2-user/environment/lab4_model_training/dags/ml_pipeline_dag.py took 1.334 seconds
[2026-03-22T23:05:51.368+0000] {processor.py:186} INFO - Started process (PID=12505) to work on /home/ec2-user/environment/lab4_model_training/dags/ml_pipeline_dag.py
[2026-03-22T23:05:51.369+0000] {processor.py:914} INFO - Processing file /home/ec2-user/environment/lab4_model_training/dags/ml_pipeline_dag.py for tasks to queue
[2026-03-22T23:05:51.370+0000] {logging_mixin.py:190} INFO - [2026-03-22T23:05:51.370+0000] {dagbag.py:588} INFO - Filling up the DagBag from /home/ec2-user/environment/lab4_model_training/dags/ml_pipeline_dag.py
[2026-03-22T23:05:52.640+0000] {processor.py:925} INFO - DAG(s) 'ml_pipeline' retrieved from /home/ec2-user/environment/lab4_model_training/dags/ml_pipeline_dag.py
[2026-03-22T23:05:52.644+0000] {logging_mixin.py:190} INFO - [2026-03-22T23:05:52.644+0000] {dag.py:3239} INFO - Sync 1 DAGs
[2026-03-22T23:05:52.654+0000] {logging_mixin.py:190} INFO - [2026-03-22T23:05:52.654+0000] {dag.py:4180} INFO - Setting next_dagrun for ml_pipeline to None, run_after=None
[2026-03-22T23:05:52.671+0000] {processor.py:208} INFO - Processing /home/ec2-user/environment/lab4_model_training/dags/ml_pipeline_dag.py took 1.308 seconds
[2026-03-22T23:06:23.481+0000] {processor.py:186} INFO - Started process (PID=12592) to work on /home/ec2-user/environment/lab4_model_training/dags/ml_pipeline_dag.py
[2026-03-22T23:06:23.482+0000] {processor.py:914} INFO - Processing file /home/ec2-user/environment/lab4_model_training/dags/ml_pipeline_dag.py for tasks to queue
[2026-03-22T23:06:23.483+0000] {logging_mixin.py:190} INFO - [2026-03-22T23:06:23.483+0000] {dagbag.py:588} INFO - Filling up the DagBag from /home/ec2-user/environment/lab4_model_training/dags/ml_pipeline_dag.py
[2026-03-22T23:06:24.755+0000] {processor.py:925} INFO - DAG(s) 'ml_pipeline' retrieved from /home/ec2-user/environment/lab4_model_training/dags/ml_pipeline_dag.py
[2026-03-22T23:06:24.832+0000] {logging_mixin.py:190} INFO - [2026-03-22T23:06:24.831+0000] {dag.py:3239} INFO - Sync 1 DAGs
[2026-03-22T23:06:24.840+0000] {logging_mixin.py:190} INFO - [2026-03-22T23:06:24.840+0000] {dag.py:4180} INFO - Setting next_dagrun for ml_pipeline to None, run_after=None
[2026-03-22T23:06:24.859+0000] {processor.py:208} INFO - Processing /home/ec2-user/environment/lab4_model_training/dags/ml_pipeline_dag.py took 1.383 seconds
[2026-03-22T23:06:54.900+0000] {processor.py:186} INFO - Started process (PID=12640) to work on /home/ec2-user/environment/lab4_model_training/dags/ml_pipeline_dag.py
[2026-03-22T23:06:54.902+0000] {processor.py:914} INFO - Processing file /home/ec2-user/environment/lab4_model_training/dags/ml_pipeline_dag.py for tasks to queue
[2026-03-22T23:06:54.903+0000] {logging_mixin.py:190} INFO - [2026-03-22T23:06:54.903+0000] {dagbag.py:588} INFO - Filling up the DagBag from /home/ec2-user/environment/lab4_model_training/dags/ml_pipeline_dag.py
[2026-03-22T23:06:56.178+0000] {processor.py:925} INFO - DAG(s) 'ml_pipeline' retrieved from /home/ec2-user/environment/lab4_model_training/dags/ml_pipeline_dag.py
[2026-03-22T23:06:56.191+0000] {logging_mixin.py:190} INFO - [2026-03-22T23:06:56.191+0000] {dag.py:3239} INFO - Sync 1 DAGs
[2026-03-22T23:06:56.201+0000] {logging_mixin.py:190} INFO - [2026-03-22T23:06:56.201+0000] {dag.py:4180} INFO - Setting next_dagrun for ml_pipeline to None, run_after=None
[2026-03-22T23:06:56.219+0000] {processor.py:208} INFO - Processing /home/ec2-user/environment/lab4_model_training/dags/ml_pipeline_dag.py took 1.323 seconds
[2026-03-22T23:07:26.590+0000] {processor.py:186} INFO - Started process (PID=12678) to work on /home/ec2-user/environment/lab4_model_training/dags/ml_pipeline_dag.py
[2026-03-22T23:07:26.591+0000] {processor.py:914} INFO - Processing file /home/ec2-user/environment/lab4_model_training/dags/ml_pipeline_dag.py for tasks to queue
[2026-03-22T23:07:26.594+0000] {logging_mixin.py:190} INFO - [2026-03-22T23:07:26.593+0000] {dagbag.py:588} INFO - Filling up the DagBag from /home/ec2-user/environment/lab4_model_training/dags/ml_pipeline_dag.py
[2026-03-22T23:07:27.870+0000] {processor.py:925} INFO - DAG(s) 'ml_pipeline' retrieved from /home/ec2-user/environment/lab4_model_training/dags/ml_pipeline_dag.py
[2026-03-22T23:07:27.875+0000] {logging_mixin.py:190} INFO - [2026-03-22T23:07:27.874+0000] {dag.py:3239} INFO - Sync 1 DAGs
[2026-03-22T23:07:27.884+0000] {logging_mixin.py:190} INFO - [2026-03-22T23:07:27.884+0000] {dag.py:4180} INFO - Setting next_dagrun for ml_pipeline to None, run_after=None
[2026-03-22T23:07:27.903+0000] {processor.py:208} INFO - Processing /home/ec2-user/environment/lab4_model_training/dags/ml_pipeline_dag.py took 1.318 seconds
[2026-03-22T23:07:58.280+0000] {processor.py:186} INFO - Started process (PID=12756) to work on /home/ec2-user/environment/lab4_model_training/dags/ml_pipeline_dag.py
[2026-03-22T23:07:58.281+0000] {processor.py:914} INFO - Processing file /home/ec2-user/environment/lab4_model_training/dags/ml_pipeline_dag.py for tasks to queue
[2026-03-22T23:07:58.282+0000] {logging_mixin.py:190} INFO - [2026-03-22T23:07:58.282+0000] {dagbag.py:588} INFO - Filling up the DagBag from /home/ec2-user/environment/lab4_model_training/dags/ml_pipeline_dag.py
[2026-03-22T23:07:59.561+0000] {processor.py:925} INFO - DAG(s) 'ml_pipeline' retrieved from /home/ec2-user/environment/lab4_model_training/dags/ml_pipeline_dag.py
[2026-03-22T23:07:59.638+0000] {logging_mixin.py:190} INFO - [2026-03-22T23:07:59.638+0000] {dag.py:3239} INFO - Sync 1 DAGs
[2026-03-22T23:07:59.648+0000] {logging_mixin.py:190} INFO - [2026-03-22T23:07:59.648+0000] {dag.py:4180} INFO - Setting next_dagrun for ml_pipeline to None, run_after=None
[2026-03-22T23:07:59.666+0000] {processor.py:208} INFO - Processing /home/ec2-user/environment/lab4_model_training/dags/ml_pipeline_dag.py took 1.392 seconds
[2026-03-22T23:08:30.095+0000] {processor.py:186} INFO - Started process (PID=12794) to work on /home/ec2-user/environment/lab4_model_training/dags/ml_pipeline_dag.py
[2026-03-22T23:08:30.096+0000] {processor.py:914} INFO - Processing file /home/ec2-user/environment/lab4_model_training/dags/ml_pipeline_dag.py for tasks to queue
[2026-03-22T23:08:30.097+0000] {logging_mixin.py:190} INFO - [2026-03-22T23:08:30.097+0000] {dagbag.py:588} INFO - Filling up the DagBag from /home/ec2-user/environment/lab4_model_training/dags/ml_pipeline_dag.py
[2026-03-22T23:08:31.371+0000] {processor.py:925} INFO - DAG(s) 'ml_pipeline' retrieved from /home/ec2-user/environment/lab4_model_training/dags/ml_pipeline_dag.py
[2026-03-22T23:08:31.385+0000] {logging_mixin.py:190} INFO - [2026-03-22T23:08:31.385+0000] {dag.py:3239} INFO - Sync 1 DAGs
[2026-03-22T23:08:31.395+0000] {logging_mixin.py:190} INFO - [2026-03-22T23:08:31.394+0000] {dag.py:4180} INFO - Setting next_dagrun for ml_pipeline to None, run_after=None
[2026-03-22T23:08:31.411+0000] {processor.py:208} INFO - Processing /home/ec2-user/environment/lab4_model_training/dags/ml_pipeline_dag.py took 1.321 seconds
[2026-03-22T23:09:01.687+0000] {processor.py:186} INFO - Started process (PID=12832) to work on /home/ec2-user/environment/lab4_model_training/dags/ml_pipeline_dag.py
[2026-03-22T23:09:01.688+0000] {processor.py:914} INFO - Processing file /home/ec2-user/environment/lab4_model_training/dags/ml_pipeline_dag.py for tasks to queue
[2026-03-22T23:09:01.689+0000] {logging_mixin.py:190} INFO - [2026-03-22T23:09:01.689+0000] {dagbag.py:588} INFO - Filling up the DagBag from /home/ec2-user/environment/lab4_model_training/dags/ml_pipeline_dag.py
[2026-03-22T23:09:02.980+0000] {processor.py:925} INFO - DAG(s) 'ml_pipeline' retrieved from /home/ec2-user/environment/lab4_model_training/dags/ml_pipeline_dag.py
[2026-03-22T23:09:02.985+0000] {logging_mixin.py:190} INFO - [2026-03-22T23:09:02.984+0000] {dag.py:3239} INFO - Sync 1 DAGs
[2026-03-22T23:09:02.995+0000] {logging_mixin.py:190} INFO - [2026-03-22T23:09:02.995+0000] {dag.py:4180} INFO - Setting next_dagrun for ml_pipeline to None, run_after=None
[2026-03-22T23:09:03.013+0000] {processor.py:208} INFO - Processing /home/ec2-user/environment/lab4_model_training/dags/ml_pipeline_dag.py took 1.332 seconds
[2026-03-22T23:09:33.273+0000] {processor.py:186} INFO - Started process (PID=12860) to work on /home/ec2-user/environment/lab4_model_training/dags/ml_pipeline_dag.py
[2026-03-22T23:09:33.274+0000] {processor.py:914} INFO - Processing file /home/ec2-user/environment/lab4_model_training/dags/ml_pipeline_dag.py for tasks to queue
[2026-03-22T23:09:33.276+0000] {logging_mixin.py:190} INFO - [2026-03-22T23:09:33.275+0000] {dagbag.py:588} INFO - Filling up the DagBag from /home/ec2-user/environment/lab4_model_training/dags/ml_pipeline_dag.py
[2026-03-22T23:09:34.552+0000] {processor.py:925} INFO - DAG(s) 'ml_pipeline' retrieved from /home/ec2-user/environment/lab4_model_training/dags/ml_pipeline_dag.py
[2026-03-22T23:09:34.631+0000] {logging_mixin.py:190} INFO - [2026-03-22T23:09:34.630+0000] {dag.py:3239} INFO - Sync 1 DAGs
[2026-03-22T23:09:34.640+0000] {logging_mixin.py:190} INFO - [2026-03-22T23:09:34.639+0000] {dag.py:4180} INFO - Setting next_dagrun for ml_pipeline to None, run_after=None
[2026-03-22T23:09:34.658+0000] {processor.py:208} INFO - Processing /home/ec2-user/environment/lab4_model_training/dags/ml_pipeline_dag.py took 1.389 seconds
[2026-03-22T23:10:04.879+0000] {processor.py:186} INFO - Started process (PID=12949) to work on /home/ec2-user/environment/lab4_model_training/dags/ml_pipeline_dag.py
[2026-03-22T23:10:04.880+0000] {processor.py:914} INFO - Processing file /home/ec2-user/environment/lab4_model_training/dags/ml_pipeline_dag.py for tasks to queue
[2026-03-22T23:10:04.881+0000] {logging_mixin.py:190} INFO - [2026-03-22T23:10:04.881+0000] {dagbag.py:588} INFO - Filling up the DagBag from /home/ec2-user/environment/lab4_model_training/dags/ml_pipeline_dag.py
[2026-03-22T23:10:06.155+0000] {processor.py:925} INFO - DAG(s) 'ml_pipeline' retrieved from /home/ec2-user/environment/lab4_model_training/dags/ml_pipeline_dag.py
[2026-03-22T23:10:06.169+0000] {logging_mixin.py:190} INFO - [2026-03-22T23:10:06.169+0000] {dag.py:3239} INFO - Sync 1 DAGs
[2026-03-22T23:10:06.179+0000] {logging_mixin.py:190} INFO - [2026-03-22T23:10:06.178+0000] {dag.py:4180} INFO - Setting next_dagrun for ml_pipeline to None, run_after=None
[2026-03-22T23:10:06.196+0000] {processor.py:208} INFO - Processing /home/ec2-user/environment/lab4_model_training/dags/ml_pipeline_dag.py took 1.322 seconds
[2026-03-22T23:10:36.470+0000] {processor.py:186} INFO - Started process (PID=12975) to work on /home/ec2-user/environment/lab4_model_training/dags/ml_pipeline_dag.py
[2026-03-22T23:10:36.471+0000] {processor.py:914} INFO - Processing file /home/ec2-user/environment/lab4_model_training/dags/ml_pipeline_dag.py for tasks to queue
[2026-03-22T23:10:36.473+0000] {logging_mixin.py:190} INFO - [2026-03-22T23:10:36.473+0000] {dagbag.py:588} INFO - Filling up the DagBag from /home/ec2-user/environment/lab4_model_training/dags/ml_pipeline_dag.py
[2026-03-22T23:10:37.749+0000] {processor.py:925} INFO - DAG(s) 'ml_pipeline' retrieved from /home/ec2-user/environment/lab4_model_training/dags/ml_pipeline_dag.py
[2026-03-22T23:10:37.753+0000] {logging_mixin.py:190} INFO - [2026-03-22T23:10:37.753+0000] {dag.py:3239} INFO - Sync 1 DAGs
[2026-03-22T23:10:37.763+0000] {logging_mixin.py:190} INFO - [2026-03-22T23:10:37.762+0000] {dag.py:4180} INFO - Setting next_dagrun for ml_pipeline to None, run_after=None
[2026-03-22T23:10:37.780+0000] {processor.py:208} INFO - Processing /home/ec2-user/environment/lab4_model_training/dags/ml_pipeline_dag.py took 1.315 seconds
[2026-03-22T23:11:08.059+0000] {processor.py:186} INFO - Started process (PID=13022) to work on /home/ec2-user/environment/lab4_model_training/dags/ml_pipeline_dag.py
[2026-03-22T23:11:08.061+0000] {processor.py:914} INFO - Processing file /home/ec2-user/environment/lab4_model_training/dags/ml_pipeline_dag.py for tasks to queue
[2026-03-22T23:11:08.062+0000] {logging_mixin.py:190} INFO - [2026-03-22T23:11:08.062+0000] {dagbag.py:588} INFO - Filling up the DagBag from /home/ec2-user/environment/lab4_model_training/dags/ml_pipeline_dag.py
[2026-03-22T23:11:09.336+0000] {processor.py:925} INFO - DAG(s) 'ml_pipeline' retrieved from /home/ec2-user/environment/lab4_model_training/dags/ml_pipeline_dag.py
[2026-03-22T23:11:09.413+0000] {logging_mixin.py:190} INFO - [2026-03-22T23:11:09.413+0000] {dag.py:3239} INFO - Sync 1 DAGs
[2026-03-22T23:11:09.422+0000] {logging_mixin.py:190} INFO - [2026-03-22T23:11:09.422+0000] {dag.py:4180} INFO - Setting next_dagrun for ml_pipeline to None, run_after=None
[2026-03-22T23:11:09.441+0000] {processor.py:208} INFO - Processing /home/ec2-user/environment/lab4_model_training/dags/ml_pipeline_dag.py took 1.387 seconds
[2026-03-22T23:11:39.651+0000] {processor.py:186} INFO - Started process (PID=13049) to work on /home/ec2-user/environment/lab4_model_training/dags/ml_pipeline_dag.py
[2026-03-22T23:11:39.652+0000] {processor.py:914} INFO - Processing file /home/ec2-user/environment/lab4_model_training/dags/ml_pipeline_dag.py for tasks to queue
[2026-03-22T23:11:39.654+0000] {logging_mixin.py:190} INFO - [2026-03-22T23:11:39.653+0000] {dagbag.py:588} INFO - Filling up the DagBag from /home/ec2-user/environment/lab4_model_training/dags/ml_pipeline_dag.py
[2026-03-22T23:11:40.933+0000] {processor.py:925} INFO - DAG(s) 'ml_pipeline' retrieved from /home/ec2-user/environment/lab4_model_training/dags/ml_pipeline_dag.py
[2026-03-22T23:11:40.946+0000] {logging_mixin.py:190} INFO - [2026-03-22T23:11:40.946+0000] {dag.py:3239} INFO - Sync 1 DAGs
[2026-03-22T23:11:40.955+0000] {logging_mixin.py:190} INFO - [2026-03-22T23:11:40.955+0000] {dag.py:4180} INFO - Setting next_dagrun for ml_pipeline to None, run_after=None
[2026-03-22T23:11:40.973+0000] {processor.py:208} INFO - Processing /home/ec2-user/environment/lab4_model_training/dags/ml_pipeline_dag.py took 1.327 seconds
[2026-03-22T23:12:11.242+0000] {processor.py:186} INFO - Started process (PID=13135) to work on /home/ec2-user/environment/lab4_model_training/dags/ml_pipeline_dag.py
[2026-03-22T23:12:11.243+0000] {processor.py:914} INFO - Processing file /home/ec2-user/environment/lab4_model_training/dags/ml_pipeline_dag.py for tasks to queue
[2026-03-22T23:12:11.244+0000] {logging_mixin.py:190} INFO - [2026-03-22T23:12:11.244+0000] {dagbag.py:588} INFO - Filling up the DagBag from /home/ec2-user/environment/lab4_model_training/dags/ml_pipeline_dag.py
[2026-03-22T23:12:12.513+0000] {processor.py:925} INFO - DAG(s) 'ml_pipeline' retrieved from /home/ec2-user/environment/lab4_model_training/dags/ml_pipeline_dag.py
[2026-03-22T23:12:12.517+0000] {logging_mixin.py:190} INFO - [2026-03-22T23:12:12.516+0000] {dag.py:3239} INFO - Sync 1 DAGs
[2026-03-22T23:12:12.526+0000] {logging_mixin.py:190} INFO - [2026-03-22T23:12:12.526+0000] {dag.py:4180} INFO - Setting next_dagrun for ml_pipeline to None, run_after=None
[2026-03-22T23:12:12.546+0000] {processor.py:208} INFO - Processing /home/ec2-user/environment/lab4_model_training/dags/ml_pipeline_dag.py took 1.309 seconds
[2026-03-22T23:12:42.849+0000] {processor.py:186} INFO - Started process (PID=13147) to work on /home/ec2-user/environment/lab4_model_training/dags/ml_pipeline_dag.py
[2026-03-22T23:12:42.851+0000] {processor.py:914} INFO - Processing file /home/ec2-user/environment/lab4_model_training/dags/ml_pipeline_dag.py for tasks to queue
[2026-03-22T23:12:42.852+0000] {logging_mixin.py:190} INFO - [2026-03-22T23:12:42.852+0000] {dagbag.py:588} INFO - Filling up the DagBag from /home/ec2-user/environment/lab4_model_training/dags/ml_pipeline_dag.py
[2026-03-22T23:12:44.126+0000] {processor.py:925} INFO - DAG(s) 'ml_pipeline' retrieved from /home/ec2-user/environment/lab4_model_training/dags/ml_pipeline_dag.py
[2026-03-22T23:12:44.203+0000] {logging_mixin.py:190} INFO - [2026-03-22T23:12:44.202+0000] {dag.py:3239} INFO - Sync 1 DAGs
[2026-03-22T23:12:44.212+0000] {logging_mixin.py:190} INFO - [2026-03-22T23:12:44.212+0000] {dag.py:4180} INFO - Setting next_dagrun for ml_pipeline to None, run_after=None
[2026-03-22T23:12:44.230+0000] {processor.py:208} INFO - Processing /home/ec2-user/environment/lab4_model_training/dags/ml_pipeline_dag.py took 1.385 seconds
[2026-03-22T23:13:20.263+0000] {processor.py:186} INFO - Started process (PID=13214) to work on /home/ec2-user/environment/lab4_model_training/dags/ml_pipeline_dag.py
[2026-03-22T23:13:20.264+0000] {processor.py:914} INFO - Processing file /home/ec2-user/environment/lab4_model_training/dags/ml_pipeline_dag.py for tasks to queue
[2026-03-22T23:13:20.265+0000] {logging_mixin.py:190} INFO - [2026-03-22T23:13:20.265+0000] {dagbag.py:588} INFO - Filling up the DagBag from /home/ec2-user/environment/lab4_model_training/dags/ml_pipeline_dag.py
[2026-03-22T23:13:22.499+0000] {processor.py:925} INFO - DAG(s) 'ml_pipeline' retrieved from /home/ec2-user/environment/lab4_model_training/dags/ml_pipeline_dag.py
[2026-03-22T23:13:22.504+0000] {logging_mixin.py:190} INFO - [2026-03-22T23:13:22.503+0000] {dag.py:3239} INFO - Sync 1 DAGs
[2026-03-22T23:13:22.515+0000] {logging_mixin.py:190} INFO - [2026-03-22T23:13:22.515+0000] {dag.py:4180} INFO - Setting next_dagrun for ml_pipeline to None, run_after=None
[2026-03-22T23:13:22.548+0000] {processor.py:208} INFO - Processing /home/ec2-user/environment/lab4_model_training/dags/ml_pipeline_dag.py took 2.301 seconds
[2026-03-22T23:13:52.789+0000] {processor.py:186} INFO - Started process (PID=13271) to work on /home/ec2-user/environment/lab4_model_training/dags/ml_pipeline_dag.py
[2026-03-22T23:13:52.790+0000] {processor.py:914} INFO - Processing file /home/ec2-user/environment/lab4_model_training/dags/ml_pipeline_dag.py for tasks to queue
[2026-03-22T23:13:52.792+0000] {logging_mixin.py:190} INFO - [2026-03-22T23:13:52.791+0000] {dagbag.py:588} INFO - Filling up the DagBag from /home/ec2-user/environment/lab4_model_training/dags/ml_pipeline_dag.py
[2026-03-22T23:13:54.307+0000] {processor.py:925} INFO - DAG(s) 'ml_pipeline' retrieved from /home/ec2-user/environment/lab4_model_training/dags/ml_pipeline_dag.py
[2026-03-22T23:13:54.429+0000] {logging_mixin.py:190} INFO - [2026-03-22T23:13:54.429+0000] {dag.py:3239} INFO - Sync 1 DAGs
[2026-03-22T23:13:54.441+0000] {logging_mixin.py:190} INFO - [2026-03-22T23:13:54.441+0000] {dag.py:4180} INFO - Setting next_dagrun for ml_pipeline to None, run_after=None
[2026-03-22T23:13:54.471+0000] {processor.py:208} INFO - Processing /home/ec2-user/environment/lab4_model_training/dags/ml_pipeline_dag.py took 1.688 seconds
