[2026-03-22T21:49:28.463+0000] {processor.py:186} INFO - Started process (PID=3980) to work on /home/ec2-user/environment/lab4_model_training/dags/ml_training_pipeline_v2.py
[2026-03-22T21:49:28.464+0000] {processor.py:914} INFO - Processing file /home/ec2-user/environment/lab4_model_training/dags/ml_training_pipeline_v2.py for tasks to queue
[2026-03-22T21:49:28.465+0000] {logging_mixin.py:190} INFO - [2026-03-22T21:49:28.465+0000] {dagbag.py:588} INFO - Filling up the DagBag from /home/ec2-user/environment/lab4_model_training/dags/ml_training_pipeline_v2.py
[2026-03-22T21:49:29.757+0000] {processor.py:925} INFO - DAG(s) 'ml_pipeline' retrieved from /home/ec2-user/environment/lab4_model_training/dags/ml_training_pipeline_v2.py
[2026-03-22T21:49:29.835+0000] {logging_mixin.py:190} INFO - [2026-03-22T21:49:29.835+0000] {dag.py:3239} INFO - Sync 1 DAGs
[2026-03-22T21:49:29.844+0000] {logging_mixin.py:190} INFO - [2026-03-22T21:49:29.844+0000] {dag.py:4180} INFO - Setting next_dagrun for ml_pipeline to None, run_after=None
[2026-03-22T21:49:29.865+0000] {processor.py:208} INFO - Processing /home/ec2-user/environment/lab4_model_training/dags/ml_training_pipeline_v2.py took 1.407 seconds
[2026-03-22T21:50:00.192+0000] {processor.py:186} INFO - Started process (PID=4020) to work on /home/ec2-user/environment/lab4_model_training/dags/ml_training_pipeline_v2.py
[2026-03-22T21:50:00.193+0000] {processor.py:914} INFO - Processing file /home/ec2-user/environment/lab4_model_training/dags/ml_training_pipeline_v2.py for tasks to queue
[2026-03-22T21:50:00.194+0000] {logging_mixin.py:190} INFO - [2026-03-22T21:50:00.194+0000] {dagbag.py:588} INFO - Filling up the DagBag from /home/ec2-user/environment/lab4_model_training/dags/ml_training_pipeline_v2.py
[2026-03-22T21:50:01.943+0000] {processor.py:925} INFO - DAG(s) 'ml_pipeline' retrieved from /home/ec2-user/environment/lab4_model_training/dags/ml_training_pipeline_v2.py
[2026-03-22T21:50:01.957+0000] {logging_mixin.py:190} INFO - [2026-03-22T21:50:01.956+0000] {dag.py:3239} INFO - Sync 1 DAGs
[2026-03-22T21:50:01.966+0000] {logging_mixin.py:190} INFO - [2026-03-22T21:50:01.966+0000] {dag.py:4180} INFO - Setting next_dagrun for ml_pipeline to None, run_after=None
[2026-03-22T21:50:01.984+0000] {processor.py:208} INFO - Processing /home/ec2-user/environment/lab4_model_training/dags/ml_training_pipeline_v2.py took 1.796 seconds
[2026-03-22T21:50:32.065+0000] {processor.py:186} INFO - Started process (PID=4084) to work on /home/ec2-user/environment/lab4_model_training/dags/ml_training_pipeline_v2.py
[2026-03-22T21:50:32.066+0000] {processor.py:914} INFO - Processing file /home/ec2-user/environment/lab4_model_training/dags/ml_training_pipeline_v2.py for tasks to queue
[2026-03-22T21:50:32.068+0000] {logging_mixin.py:190} INFO - [2026-03-22T21:50:32.067+0000] {dagbag.py:588} INFO - Filling up the DagBag from /home/ec2-user/environment/lab4_model_training/dags/ml_training_pipeline_v2.py
[2026-03-22T21:50:33.363+0000] {processor.py:925} INFO - DAG(s) 'ml_pipeline' retrieved from /home/ec2-user/environment/lab4_model_training/dags/ml_training_pipeline_v2.py
[2026-03-22T21:50:33.368+0000] {logging_mixin.py:190} INFO - [2026-03-22T21:50:33.368+0000] {dag.py:3239} INFO - Sync 1 DAGs
[2026-03-22T21:50:33.378+0000] {logging_mixin.py:190} INFO - [2026-03-22T21:50:33.378+0000] {dag.py:4180} INFO - Setting next_dagrun for ml_pipeline to None, run_after=None
[2026-03-22T21:50:33.396+0000] {processor.py:208} INFO - Processing /home/ec2-user/environment/lab4_model_training/dags/ml_training_pipeline_v2.py took 1.336 seconds
[2026-03-22T21:51:04.180+0000] {processor.py:186} INFO - Started process (PID=4190) to work on /home/ec2-user/environment/lab4_model_training/dags/ml_training_pipeline_v2.py
[2026-03-22T21:51:04.181+0000] {processor.py:914} INFO - Processing file /home/ec2-user/environment/lab4_model_training/dags/ml_training_pipeline_v2.py for tasks to queue
[2026-03-22T21:51:04.183+0000] {logging_mixin.py:190} INFO - [2026-03-22T21:51:04.182+0000] {dagbag.py:588} INFO - Filling up the DagBag from /home/ec2-user/environment/lab4_model_training/dags/ml_training_pipeline_v2.py
[2026-03-22T21:51:05.469+0000] {processor.py:925} INFO - DAG(s) 'ml_pipeline' retrieved from /home/ec2-user/environment/lab4_model_training/dags/ml_training_pipeline_v2.py
[2026-03-22T21:51:05.547+0000] {logging_mixin.py:190} INFO - [2026-03-22T21:51:05.546+0000] {dag.py:3239} INFO - Sync 1 DAGs
[2026-03-22T21:51:05.556+0000] {logging_mixin.py:190} INFO - [2026-03-22T21:51:05.555+0000] {dag.py:4180} INFO - Setting next_dagrun for ml_pipeline to None, run_after=None
[2026-03-22T21:51:05.579+0000] {processor.py:208} INFO - Processing /home/ec2-user/environment/lab4_model_training/dags/ml_training_pipeline_v2.py took 1.403 seconds
[2026-03-22T21:51:35.889+0000] {processor.py:186} INFO - Started process (PID=4259) to work on /home/ec2-user/environment/lab4_model_training/dags/ml_training_pipeline_v2.py
[2026-03-22T21:51:35.891+0000] {processor.py:914} INFO - Processing file /home/ec2-user/environment/lab4_model_training/dags/ml_training_pipeline_v2.py for tasks to queue
[2026-03-22T21:51:35.894+0000] {logging_mixin.py:190} INFO - [2026-03-22T21:51:35.894+0000] {dagbag.py:588} INFO - Filling up the DagBag from /home/ec2-user/environment/lab4_model_training/dags/ml_training_pipeline_v2.py
[2026-03-22T21:51:37.732+0000] {processor.py:925} INFO - DAG(s) 'ml_pipeline' retrieved from /home/ec2-user/environment/lab4_model_training/dags/ml_training_pipeline_v2.py
[2026-03-22T21:51:37.745+0000] {logging_mixin.py:190} INFO - [2026-03-22T21:51:37.745+0000] {dag.py:3239} INFO - Sync 1 DAGs
[2026-03-22T21:51:37.754+0000] {logging_mixin.py:190} INFO - [2026-03-22T21:51:37.754+0000] {dag.py:4180} INFO - Setting next_dagrun for ml_pipeline to None, run_after=None
[2026-03-22T21:51:37.774+0000] {processor.py:208} INFO - Processing /home/ec2-user/environment/lab4_model_training/dags/ml_training_pipeline_v2.py took 1.892 seconds
[2026-03-22T21:51:42.081+0000] {processor.py:186} INFO - Started process (PID=4277) to work on /home/ec2-user/environment/lab4_model_training/dags/ml_training_pipeline_v2.py
[2026-03-22T21:51:42.083+0000] {processor.py:914} INFO - Processing file /home/ec2-user/environment/lab4_model_training/dags/ml_training_pipeline_v2.py for tasks to queue
[2026-03-22T21:51:42.084+0000] {logging_mixin.py:190} INFO - [2026-03-22T21:51:42.083+0000] {dagbag.py:588} INFO - Filling up the DagBag from /home/ec2-user/environment/lab4_model_training/dags/ml_training_pipeline_v2.py
[2026-03-22T21:51:43.439+0000] {processor.py:925} INFO - DAG(s) 'ml_pipeline' retrieved from /home/ec2-user/environment/lab4_model_training/dags/ml_training_pipeline_v2.py
[2026-03-22T21:51:43.458+0000] {logging_mixin.py:190} INFO - [2026-03-22T21:51:43.458+0000] {dag.py:3239} INFO - Sync 1 DAGs
[2026-03-22T21:51:43.472+0000] {logging_mixin.py:190} INFO - [2026-03-22T21:51:43.472+0000] {dag.py:4180} INFO - Setting next_dagrun for ml_pipeline to None, run_after=None
[2026-03-22T21:51:43.502+0000] {processor.py:208} INFO - Processing /home/ec2-user/environment/lab4_model_training/dags/ml_training_pipeline_v2.py took 1.426 seconds
[2026-03-22T21:52:13.748+0000] {processor.py:186} INFO - Started process (PID=4406) to work on /home/ec2-user/environment/lab4_model_training/dags/ml_training_pipeline_v2.py
[2026-03-22T21:52:13.748+0000] {processor.py:914} INFO - Processing file /home/ec2-user/environment/lab4_model_training/dags/ml_training_pipeline_v2.py for tasks to queue
[2026-03-22T21:52:13.750+0000] {logging_mixin.py:190} INFO - [2026-03-22T21:52:13.749+0000] {dagbag.py:588} INFO - Filling up the DagBag from /home/ec2-user/environment/lab4_model_training/dags/ml_training_pipeline_v2.py
[2026-03-22T21:52:15.036+0000] {processor.py:925} INFO - DAG(s) 'ml_pipeline' retrieved from /home/ec2-user/environment/lab4_model_training/dags/ml_training_pipeline_v2.py
[2026-03-22T21:52:15.041+0000] {logging_mixin.py:190} INFO - [2026-03-22T21:52:15.040+0000] {dag.py:3239} INFO - Sync 1 DAGs
[2026-03-22T21:52:15.050+0000] {logging_mixin.py:190} INFO - [2026-03-22T21:52:15.050+0000] {dag.py:4180} INFO - Setting next_dagrun for ml_pipeline to None, run_after=None
[2026-03-22T21:52:15.071+0000] {processor.py:208} INFO - Processing /home/ec2-user/environment/lab4_model_training/dags/ml_training_pipeline_v2.py took 1.329 seconds
[2026-03-22T21:52:45.502+0000] {processor.py:186} INFO - Started process (PID=4442) to work on /home/ec2-user/environment/lab4_model_training/dags/ml_training_pipeline_v2.py
[2026-03-22T21:52:45.503+0000] {processor.py:914} INFO - Processing file /home/ec2-user/environment/lab4_model_training/dags/ml_training_pipeline_v2.py for tasks to queue
[2026-03-22T21:52:45.504+0000] {logging_mixin.py:190} INFO - [2026-03-22T21:52:45.504+0000] {dagbag.py:588} INFO - Filling up the DagBag from /home/ec2-user/environment/lab4_model_training/dags/ml_training_pipeline_v2.py
[2026-03-22T21:52:46.791+0000] {processor.py:925} INFO - DAG(s) 'ml_pipeline' retrieved from /home/ec2-user/environment/lab4_model_training/dags/ml_training_pipeline_v2.py
[2026-03-22T21:52:46.870+0000] {logging_mixin.py:190} INFO - [2026-03-22T21:52:46.869+0000] {dag.py:3239} INFO - Sync 1 DAGs
[2026-03-22T21:52:46.879+0000] {logging_mixin.py:190} INFO - [2026-03-22T21:52:46.879+0000] {dag.py:4180} INFO - Setting next_dagrun for ml_pipeline to None, run_after=None
[2026-03-22T21:52:46.897+0000] {processor.py:208} INFO - Processing /home/ec2-user/environment/lab4_model_training/dags/ml_training_pipeline_v2.py took 1.400 seconds
[2026-03-22T21:53:18.022+0000] {processor.py:186} INFO - Started process (PID=4481) to work on /home/ec2-user/environment/lab4_model_training/dags/ml_training_pipeline_v2.py
[2026-03-22T21:53:18.023+0000] {processor.py:914} INFO - Processing file /home/ec2-user/environment/lab4_model_training/dags/ml_training_pipeline_v2.py for tasks to queue
[2026-03-22T21:53:18.024+0000] {logging_mixin.py:190} INFO - [2026-03-22T21:53:18.024+0000] {dagbag.py:588} INFO - Filling up the DagBag from /home/ec2-user/environment/lab4_model_training/dags/ml_training_pipeline_v2.py
[2026-03-22T21:53:19.307+0000] {processor.py:925} INFO - DAG(s) 'ml_pipeline' retrieved from /home/ec2-user/environment/lab4_model_training/dags/ml_training_pipeline_v2.py
[2026-03-22T21:53:19.322+0000] {logging_mixin.py:190} INFO - [2026-03-22T21:53:19.321+0000] {dag.py:3239} INFO - Sync 1 DAGs
[2026-03-22T21:53:19.331+0000] {logging_mixin.py:190} INFO - [2026-03-22T21:53:19.331+0000] {dag.py:4180} INFO - Setting next_dagrun for ml_pipeline to None, run_after=None
[2026-03-22T21:53:19.348+0000] {processor.py:208} INFO - Processing /home/ec2-user/environment/lab4_model_training/dags/ml_training_pipeline_v2.py took 1.331 seconds
[2026-03-22T21:53:50.019+0000] {processor.py:186} INFO - Started process (PID=4540) to work on /home/ec2-user/environment/lab4_model_training/dags/ml_training_pipeline_v2.py
[2026-03-22T21:53:50.020+0000] {processor.py:914} INFO - Processing file /home/ec2-user/environment/lab4_model_training/dags/ml_training_pipeline_v2.py for tasks to queue
[2026-03-22T21:53:50.022+0000] {logging_mixin.py:190} INFO - [2026-03-22T21:53:50.022+0000] {dagbag.py:588} INFO - Filling up the DagBag from /home/ec2-user/environment/lab4_model_training/dags/ml_training_pipeline_v2.py
[2026-03-22T21:53:51.303+0000] {processor.py:925} INFO - DAG(s) 'ml_pipeline' retrieved from /home/ec2-user/environment/lab4_model_training/dags/ml_training_pipeline_v2.py
[2026-03-22T21:53:51.307+0000] {logging_mixin.py:190} INFO - [2026-03-22T21:53:51.307+0000] {dag.py:3239} INFO - Sync 1 DAGs
[2026-03-22T21:53:51.318+0000] {logging_mixin.py:190} INFO - [2026-03-22T21:53:51.318+0000] {dag.py:4180} INFO - Setting next_dagrun for ml_pipeline to None, run_after=None
[2026-03-22T21:53:51.335+0000] {processor.py:208} INFO - Processing /home/ec2-user/environment/lab4_model_training/dags/ml_training_pipeline_v2.py took 1.321 seconds
[2026-03-22T21:54:21.641+0000] {processor.py:186} INFO - Started process (PID=4641) to work on /home/ec2-user/environment/lab4_model_training/dags/ml_training_pipeline_v2.py
[2026-03-22T21:54:21.642+0000] {processor.py:914} INFO - Processing file /home/ec2-user/environment/lab4_model_training/dags/ml_training_pipeline_v2.py for tasks to queue
[2026-03-22T21:54:21.644+0000] {logging_mixin.py:190} INFO - [2026-03-22T21:54:21.643+0000] {dagbag.py:588} INFO - Filling up the DagBag from /home/ec2-user/environment/lab4_model_training/dags/ml_training_pipeline_v2.py
[2026-03-22T21:54:22.943+0000] {processor.py:925} INFO - DAG(s) 'ml_pipeline' retrieved from /home/ec2-user/environment/lab4_model_training/dags/ml_training_pipeline_v2.py
[2026-03-22T21:54:23.025+0000] {logging_mixin.py:190} INFO - [2026-03-22T21:54:23.025+0000] {dag.py:3239} INFO - Sync 1 DAGs
[2026-03-22T21:54:23.034+0000] {logging_mixin.py:190} INFO - [2026-03-22T21:54:23.034+0000] {dag.py:4180} INFO - Setting next_dagrun for ml_pipeline to None, run_after=None
[2026-03-22T21:54:23.052+0000] {processor.py:208} INFO - Processing /home/ec2-user/environment/lab4_model_training/dags/ml_training_pipeline_v2.py took 1.416 seconds
[2026-03-22T21:54:53.635+0000] {processor.py:186} INFO - Started process (PID=4688) to work on /home/ec2-user/environment/lab4_model_training/dags/ml_training_pipeline_v2.py
[2026-03-22T21:54:53.635+0000] {processor.py:914} INFO - Processing file /home/ec2-user/environment/lab4_model_training/dags/ml_training_pipeline_v2.py for tasks to queue
[2026-03-22T21:54:53.637+0000] {logging_mixin.py:190} INFO - [2026-03-22T21:54:53.636+0000] {dagbag.py:588} INFO - Filling up the DagBag from /home/ec2-user/environment/lab4_model_training/dags/ml_training_pipeline_v2.py
[2026-03-22T21:54:54.929+0000] {processor.py:925} INFO - DAG(s) 'ml_pipeline' retrieved from /home/ec2-user/environment/lab4_model_training/dags/ml_training_pipeline_v2.py
[2026-03-22T21:54:54.943+0000] {logging_mixin.py:190} INFO - [2026-03-22T21:54:54.942+0000] {dag.py:3239} INFO - Sync 1 DAGs
[2026-03-22T21:54:54.952+0000] {logging_mixin.py:190} INFO - [2026-03-22T21:54:54.952+0000] {dag.py:4180} INFO - Setting next_dagrun for ml_pipeline to None, run_after=None
[2026-03-22T21:54:54.969+0000] {processor.py:208} INFO - Processing /home/ec2-user/environment/lab4_model_training/dags/ml_training_pipeline_v2.py took 1.339 seconds
[2026-03-22T21:55:25.229+0000] {processor.py:186} INFO - Started process (PID=4735) to work on /home/ec2-user/environment/lab4_model_training/dags/ml_training_pipeline_v2.py
[2026-03-22T21:55:25.231+0000] {processor.py:914} INFO - Processing file /home/ec2-user/environment/lab4_model_training/dags/ml_training_pipeline_v2.py for tasks to queue
[2026-03-22T21:55:25.232+0000] {logging_mixin.py:190} INFO - [2026-03-22T21:55:25.231+0000] {dagbag.py:588} INFO - Filling up the DagBag from /home/ec2-user/environment/lab4_model_training/dags/ml_training_pipeline_v2.py
[2026-03-22T21:55:26.511+0000] {processor.py:925} INFO - DAG(s) 'ml_pipeline' retrieved from /home/ec2-user/environment/lab4_model_training/dags/ml_training_pipeline_v2.py
[2026-03-22T21:55:26.515+0000] {logging_mixin.py:190} INFO - [2026-03-22T21:55:26.515+0000] {dag.py:3239} INFO - Sync 1 DAGs
[2026-03-22T21:55:26.525+0000] {logging_mixin.py:190} INFO - [2026-03-22T21:55:26.525+0000] {dag.py:4180} INFO - Setting next_dagrun for ml_pipeline to None, run_after=None
[2026-03-22T21:55:26.542+0000] {processor.py:208} INFO - Processing /home/ec2-user/environment/lab4_model_training/dags/ml_training_pipeline_v2.py took 1.317 seconds
[2026-03-22T21:55:56.729+0000] {processor.py:186} INFO - Started process (PID=4809) to work on /home/ec2-user/environment/lab4_model_training/dags/ml_training_pipeline_v2.py
[2026-03-22T21:55:56.730+0000] {processor.py:914} INFO - Processing file /home/ec2-user/environment/lab4_model_training/dags/ml_training_pipeline_v2.py for tasks to queue
[2026-03-22T21:55:56.732+0000] {logging_mixin.py:190} INFO - [2026-03-22T21:55:56.731+0000] {dagbag.py:588} INFO - Filling up the DagBag from /home/ec2-user/environment/lab4_model_training/dags/ml_training_pipeline_v2.py
[2026-03-22T21:55:58.027+0000] {processor.py:925} INFO - DAG(s) 'ml_pipeline' retrieved from /home/ec2-user/environment/lab4_model_training/dags/ml_training_pipeline_v2.py
[2026-03-22T21:55:58.105+0000] {logging_mixin.py:190} INFO - [2026-03-22T21:55:58.105+0000] {dag.py:3239} INFO - Sync 1 DAGs
[2026-03-22T21:55:58.114+0000] {logging_mixin.py:190} INFO - [2026-03-22T21:55:58.114+0000] {dag.py:4180} INFO - Setting next_dagrun for ml_pipeline to None, run_after=None
[2026-03-22T21:55:58.134+0000] {processor.py:208} INFO - Processing /home/ec2-user/environment/lab4_model_training/dags/ml_training_pipeline_v2.py took 1.410 seconds
[2026-03-22T21:56:28.517+0000] {processor.py:186} INFO - Started process (PID=4862) to work on /home/ec2-user/environment/lab4_model_training/dags/ml_training_pipeline_v2.py
[2026-03-22T21:56:28.517+0000] {processor.py:914} INFO - Processing file /home/ec2-user/environment/lab4_model_training/dags/ml_training_pipeline_v2.py for tasks to queue
[2026-03-22T21:56:28.519+0000] {logging_mixin.py:190} INFO - [2026-03-22T21:56:28.518+0000] {dagbag.py:588} INFO - Filling up the DagBag from /home/ec2-user/environment/lab4_model_training/dags/ml_training_pipeline_v2.py
[2026-03-22T21:56:29.796+0000] {processor.py:925} INFO - DAG(s) 'ml_pipeline' retrieved from /home/ec2-user/environment/lab4_model_training/dags/ml_training_pipeline_v2.py
[2026-03-22T21:56:29.812+0000] {logging_mixin.py:190} INFO - [2026-03-22T21:56:29.812+0000] {dag.py:3239} INFO - Sync 1 DAGs
[2026-03-22T21:56:29.822+0000] {logging_mixin.py:190} INFO - [2026-03-22T21:56:29.822+0000] {dag.py:4180} INFO - Setting next_dagrun for ml_pipeline to None, run_after=None
[2026-03-22T21:56:29.840+0000] {processor.py:208} INFO - Processing /home/ec2-user/environment/lab4_model_training/dags/ml_training_pipeline_v2.py took 1.328 seconds
[2026-03-22T21:57:00.149+0000] {processor.py:186} INFO - Started process (PID=4907) to work on /home/ec2-user/environment/lab4_model_training/dags/ml_training_pipeline_v2.py
[2026-03-22T21:57:00.150+0000] {processor.py:914} INFO - Processing file /home/ec2-user/environment/lab4_model_training/dags/ml_training_pipeline_v2.py for tasks to queue
[2026-03-22T21:57:00.152+0000] {logging_mixin.py:190} INFO - [2026-03-22T21:57:00.152+0000] {dagbag.py:588} INFO - Filling up the DagBag from /home/ec2-user/environment/lab4_model_training/dags/ml_training_pipeline_v2.py
[2026-03-22T21:57:01.436+0000] {processor.py:925} INFO - DAG(s) 'ml_pipeline' retrieved from /home/ec2-user/environment/lab4_model_training/dags/ml_training_pipeline_v2.py
[2026-03-22T21:57:01.441+0000] {logging_mixin.py:190} INFO - [2026-03-22T21:57:01.440+0000] {dag.py:3239} INFO - Sync 1 DAGs
[2026-03-22T21:57:01.450+0000] {logging_mixin.py:190} INFO - [2026-03-22T21:57:01.450+0000] {dag.py:4180} INFO - Setting next_dagrun for ml_pipeline to None, run_after=None
[2026-03-22T21:57:01.471+0000] {processor.py:208} INFO - Processing /home/ec2-user/environment/lab4_model_training/dags/ml_training_pipeline_v2.py took 1.326 seconds
[2026-03-22T21:57:31.609+0000] {processor.py:186} INFO - Started process (PID=4965) to work on /home/ec2-user/environment/lab4_model_training/dags/ml_training_pipeline_v2.py
[2026-03-22T21:57:31.610+0000] {processor.py:914} INFO - Processing file /home/ec2-user/environment/lab4_model_training/dags/ml_training_pipeline_v2.py for tasks to queue
[2026-03-22T21:57:31.612+0000] {logging_mixin.py:190} INFO - [2026-03-22T21:57:31.611+0000] {dagbag.py:588} INFO - Filling up the DagBag from /home/ec2-user/environment/lab4_model_training/dags/ml_training_pipeline_v2.py
[2026-03-22T21:57:32.888+0000] {processor.py:925} INFO - DAG(s) 'ml_pipeline' retrieved from /home/ec2-user/environment/lab4_model_training/dags/ml_training_pipeline_v2.py
[2026-03-22T21:57:32.965+0000] {logging_mixin.py:190} INFO - [2026-03-22T21:57:32.965+0000] {dag.py:3239} INFO - Sync 1 DAGs
[2026-03-22T21:57:32.975+0000] {logging_mixin.py:190} INFO - [2026-03-22T21:57:32.975+0000] {dag.py:4180} INFO - Setting next_dagrun for ml_pipeline to None, run_after=None
[2026-03-22T21:57:32.993+0000] {processor.py:208} INFO - Processing /home/ec2-user/environment/lab4_model_training/dags/ml_training_pipeline_v2.py took 1.389 seconds
[2026-03-22T21:58:03.242+0000] {processor.py:186} INFO - Started process (PID=5062) to work on /home/ec2-user/environment/lab4_model_training/dags/ml_training_pipeline_v2.py
[2026-03-22T21:58:03.243+0000] {processor.py:914} INFO - Processing file /home/ec2-user/environment/lab4_model_training/dags/ml_training_pipeline_v2.py for tasks to queue
[2026-03-22T21:58:03.245+0000] {logging_mixin.py:190} INFO - [2026-03-22T21:58:03.244+0000] {dagbag.py:588} INFO - Filling up the DagBag from /home/ec2-user/environment/lab4_model_training/dags/ml_training_pipeline_v2.py
[2026-03-22T21:58:04.829+0000] {processor.py:925} INFO - DAG(s) 'ml_pipeline' retrieved from /home/ec2-user/environment/lab4_model_training/dags/ml_training_pipeline_v2.py
[2026-03-22T21:58:04.843+0000] {logging_mixin.py:190} INFO - [2026-03-22T21:58:04.842+0000] {dag.py:3239} INFO - Sync 1 DAGs
[2026-03-22T21:58:04.853+0000] {logging_mixin.py:190} INFO - [2026-03-22T21:58:04.853+0000] {dag.py:4180} INFO - Setting next_dagrun for ml_pipeline to None, run_after=None
[2026-03-22T21:58:04.871+0000] {processor.py:208} INFO - Processing /home/ec2-user/environment/lab4_model_training/dags/ml_training_pipeline_v2.py took 1.635 seconds
[2026-03-22T21:58:35.111+0000] {processor.py:186} INFO - Started process (PID=5098) to work on /home/ec2-user/environment/lab4_model_training/dags/ml_training_pipeline_v2.py
[2026-03-22T21:58:35.112+0000] {processor.py:914} INFO - Processing file /home/ec2-user/environment/lab4_model_training/dags/ml_training_pipeline_v2.py for tasks to queue
[2026-03-22T21:58:35.113+0000] {logging_mixin.py:190} INFO - [2026-03-22T21:58:35.113+0000] {dagbag.py:588} INFO - Filling up the DagBag from /home/ec2-user/environment/lab4_model_training/dags/ml_training_pipeline_v2.py
[2026-03-22T21:58:36.435+0000] {processor.py:925} INFO - DAG(s) 'ml_pipeline' retrieved from /home/ec2-user/environment/lab4_model_training/dags/ml_training_pipeline_v2.py
[2026-03-22T21:58:36.443+0000] {logging_mixin.py:190} INFO - [2026-03-22T21:58:36.442+0000] {dag.py:3239} INFO - Sync 1 DAGs
[2026-03-22T21:58:36.458+0000] {logging_mixin.py:190} INFO - [2026-03-22T21:58:36.458+0000] {dag.py:4180} INFO - Setting next_dagrun for ml_pipeline to None, run_after=None
[2026-03-22T21:58:36.481+0000] {processor.py:208} INFO - Processing /home/ec2-user/environment/lab4_model_training/dags/ml_training_pipeline_v2.py took 1.375 seconds
[2026-03-22T21:59:06.764+0000] {processor.py:186} INFO - Started process (PID=5182) to work on /home/ec2-user/environment/lab4_model_training/dags/ml_training_pipeline_v2.py
[2026-03-22T21:59:06.767+0000] {processor.py:914} INFO - Processing file /home/ec2-user/environment/lab4_model_training/dags/ml_training_pipeline_v2.py for tasks to queue
[2026-03-22T21:59:06.771+0000] {logging_mixin.py:190} INFO - [2026-03-22T21:59:06.771+0000] {dagbag.py:588} INFO - Filling up the DagBag from /home/ec2-user/environment/lab4_model_training/dags/ml_training_pipeline_v2.py
[2026-03-22T21:59:08.184+0000] {processor.py:925} INFO - DAG(s) 'ml_pipeline' retrieved from /home/ec2-user/environment/lab4_model_training/dags/ml_training_pipeline_v2.py
[2026-03-22T21:59:08.314+0000] {logging_mixin.py:190} INFO - [2026-03-22T21:59:08.313+0000] {dag.py:3239} INFO - Sync 1 DAGs
[2026-03-22T21:59:08.329+0000] {logging_mixin.py:190} INFO - [2026-03-22T21:59:08.328+0000] {dag.py:4180} INFO - Setting next_dagrun for ml_pipeline to None, run_after=None
[2026-03-22T21:59:08.359+0000] {processor.py:208} INFO - Processing /home/ec2-user/environment/lab4_model_training/dags/ml_training_pipeline_v2.py took 1.602 seconds
[2026-03-22T21:59:38.647+0000] {processor.py:186} INFO - Started process (PID=5271) to work on /home/ec2-user/environment/lab4_model_training/dags/ml_training_pipeline_v2.py
[2026-03-22T21:59:38.648+0000] {processor.py:914} INFO - Processing file /home/ec2-user/environment/lab4_model_training/dags/ml_training_pipeline_v2.py for tasks to queue
[2026-03-22T21:59:38.649+0000] {logging_mixin.py:190} INFO - [2026-03-22T21:59:38.649+0000] {dagbag.py:588} INFO - Filling up the DagBag from /home/ec2-user/environment/lab4_model_training/dags/ml_training_pipeline_v2.py
[2026-03-22T21:59:39.935+0000] {processor.py:925} INFO - DAG(s) 'ml_pipeline' retrieved from /home/ec2-user/environment/lab4_model_training/dags/ml_training_pipeline_v2.py
[2026-03-22T21:59:39.949+0000] {logging_mixin.py:190} INFO - [2026-03-22T21:59:39.949+0000] {dag.py:3239} INFO - Sync 1 DAGs
[2026-03-22T21:59:39.959+0000] {logging_mixin.py:190} INFO - [2026-03-22T21:59:39.959+0000] {dag.py:4180} INFO - Setting next_dagrun for ml_pipeline to None, run_after=None
[2026-03-22T21:59:39.979+0000] {processor.py:208} INFO - Processing /home/ec2-user/environment/lab4_model_training/dags/ml_training_pipeline_v2.py took 1.337 seconds
[2026-03-22T22:00:10.239+0000] {processor.py:186} INFO - Started process (PID=5327) to work on /home/ec2-user/environment/lab4_model_training/dags/ml_training_pipeline_v2.py
[2026-03-22T22:00:10.240+0000] {processor.py:914} INFO - Processing file /home/ec2-user/environment/lab4_model_training/dags/ml_training_pipeline_v2.py for tasks to queue
[2026-03-22T22:00:10.241+0000] {logging_mixin.py:190} INFO - [2026-03-22T22:00:10.241+0000] {dagbag.py:588} INFO - Filling up the DagBag from /home/ec2-user/environment/lab4_model_training/dags/ml_training_pipeline_v2.py
[2026-03-22T22:00:11.529+0000] {processor.py:925} INFO - DAG(s) 'ml_pipeline' retrieved from /home/ec2-user/environment/lab4_model_training/dags/ml_training_pipeline_v2.py
[2026-03-22T22:00:11.533+0000] {logging_mixin.py:190} INFO - [2026-03-22T22:00:11.533+0000] {dag.py:3239} INFO - Sync 1 DAGs
[2026-03-22T22:00:11.542+0000] {logging_mixin.py:190} INFO - [2026-03-22T22:00:11.542+0000] {dag.py:4180} INFO - Setting next_dagrun for ml_pipeline to None, run_after=None
[2026-03-22T22:00:11.560+0000] {processor.py:208} INFO - Processing /home/ec2-user/environment/lab4_model_training/dags/ml_training_pipeline_v2.py took 1.326 seconds
[2026-03-22T22:00:41.732+0000] {processor.py:186} INFO - Started process (PID=5358) to work on /home/ec2-user/environment/lab4_model_training/dags/ml_training_pipeline_v2.py
[2026-03-22T22:00:41.733+0000] {processor.py:914} INFO - Processing file /home/ec2-user/environment/lab4_model_training/dags/ml_training_pipeline_v2.py for tasks to queue
[2026-03-22T22:00:41.734+0000] {logging_mixin.py:190} INFO - [2026-03-22T22:00:41.734+0000] {dagbag.py:588} INFO - Filling up the DagBag from /home/ec2-user/environment/lab4_model_training/dags/ml_training_pipeline_v2.py
[2026-03-22T22:00:43.070+0000] {processor.py:925} INFO - DAG(s) 'ml_pipeline' retrieved from /home/ec2-user/environment/lab4_model_training/dags/ml_training_pipeline_v2.py
[2026-03-22T22:00:43.150+0000] {logging_mixin.py:190} INFO - [2026-03-22T22:00:43.150+0000] {dag.py:3239} INFO - Sync 1 DAGs
[2026-03-22T22:00:43.159+0000] {logging_mixin.py:190} INFO - [2026-03-22T22:00:43.159+0000] {dag.py:4180} INFO - Setting next_dagrun for ml_pipeline to None, run_after=None
[2026-03-22T22:00:43.180+0000] {processor.py:208} INFO - Processing /home/ec2-user/environment/lab4_model_training/dags/ml_training_pipeline_v2.py took 1.452 seconds
[2026-03-22T22:01:13.434+0000] {processor.py:186} INFO - Started process (PID=5478) to work on /home/ec2-user/environment/lab4_model_training/dags/ml_training_pipeline_v2.py
[2026-03-22T22:01:13.435+0000] {processor.py:914} INFO - Processing file /home/ec2-user/environment/lab4_model_training/dags/ml_training_pipeline_v2.py for tasks to queue
[2026-03-22T22:01:13.437+0000] {logging_mixin.py:190} INFO - [2026-03-22T22:01:13.436+0000] {dagbag.py:588} INFO - Filling up the DagBag from /home/ec2-user/environment/lab4_model_training/dags/ml_training_pipeline_v2.py
[2026-03-22T22:01:14.947+0000] {processor.py:925} INFO - DAG(s) 'ml_pipeline' retrieved from /home/ec2-user/environment/lab4_model_training/dags/ml_training_pipeline_v2.py
[2026-03-22T22:01:14.966+0000] {logging_mixin.py:190} INFO - [2026-03-22T22:01:14.966+0000] {dag.py:3239} INFO - Sync 1 DAGs
[2026-03-22T22:01:14.980+0000] {logging_mixin.py:190} INFO - [2026-03-22T22:01:14.979+0000] {dag.py:4180} INFO - Setting next_dagrun for ml_pipeline to None, run_after=None
[2026-03-22T22:01:15.015+0000] {processor.py:208} INFO - Processing /home/ec2-user/environment/lab4_model_training/dags/ml_training_pipeline_v2.py took 1.586 seconds
[2026-03-22T22:02:18.715+0000] {processor.py:186} INFO - Started process (PID=5625) to work on /home/ec2-user/environment/lab4_model_training/dags/ml_training_pipeline_v2.py
[2026-03-22T22:02:18.716+0000] {processor.py:914} INFO - Processing file /home/ec2-user/environment/lab4_model_training/dags/ml_training_pipeline_v2.py for tasks to queue
[2026-03-22T22:02:18.717+0000] {logging_mixin.py:190} INFO - [2026-03-22T22:02:18.717+0000] {dagbag.py:588} INFO - Filling up the DagBag from /home/ec2-user/environment/lab4_model_training/dags/ml_training_pipeline_v2.py
[2026-03-22T22:02:20.086+0000] {processor.py:925} INFO - DAG(s) 'ml_pipeline' retrieved from /home/ec2-user/environment/lab4_model_training/dags/ml_training_pipeline_v2.py
[2026-03-22T22:02:20.164+0000] {logging_mixin.py:190} INFO - [2026-03-22T22:02:20.164+0000] {dag.py:3239} INFO - Sync 1 DAGs
[2026-03-22T22:02:20.173+0000] {logging_mixin.py:190} INFO - [2026-03-22T22:02:20.173+0000] {dag.py:4180} INFO - Setting next_dagrun for ml_pipeline to None, run_after=None
[2026-03-22T22:02:20.191+0000] {processor.py:208} INFO - Processing /home/ec2-user/environment/lab4_model_training/dags/ml_training_pipeline_v2.py took 1.481 seconds
[2026-03-22T22:02:53.533+0000] {processor.py:186} INFO - Started process (PID=5665) to work on /home/ec2-user/environment/lab4_model_training/dags/ml_training_pipeline_v2.py
[2026-03-22T22:02:53.534+0000] {processor.py:914} INFO - Processing file /home/ec2-user/environment/lab4_model_training/dags/ml_training_pipeline_v2.py for tasks to queue
[2026-03-22T22:02:53.535+0000] {logging_mixin.py:190} INFO - [2026-03-22T22:02:53.535+0000] {dagbag.py:588} INFO - Filling up the DagBag from /home/ec2-user/environment/lab4_model_training/dags/ml_training_pipeline_v2.py
[2026-03-22T22:02:54.895+0000] {processor.py:925} INFO - DAG(s) 'ml_pipeline' retrieved from /home/ec2-user/environment/lab4_model_training/dags/ml_training_pipeline_v2.py
[2026-03-22T22:02:54.899+0000] {logging_mixin.py:190} INFO - [2026-03-22T22:02:54.899+0000] {dag.py:3239} INFO - Sync 1 DAGs
[2026-03-22T22:02:54.909+0000] {logging_mixin.py:190} INFO - [2026-03-22T22:02:54.909+0000] {dag.py:4180} INFO - Setting next_dagrun for ml_pipeline to None, run_after=None
[2026-03-22T22:02:54.926+0000] {processor.py:208} INFO - Processing /home/ec2-user/environment/lab4_model_training/dags/ml_training_pipeline_v2.py took 1.398 seconds
[2026-03-22T22:03:25.125+0000] {processor.py:186} INFO - Started process (PID=5707) to work on /home/ec2-user/environment/lab4_model_training/dags/ml_training_pipeline_v2.py
[2026-03-22T22:03:25.126+0000] {processor.py:914} INFO - Processing file /home/ec2-user/environment/lab4_model_training/dags/ml_training_pipeline_v2.py for tasks to queue
[2026-03-22T22:03:25.127+0000] {logging_mixin.py:190} INFO - [2026-03-22T22:03:25.127+0000] {dagbag.py:588} INFO - Filling up the DagBag from /home/ec2-user/environment/lab4_model_training/dags/ml_training_pipeline_v2.py
[2026-03-22T22:03:26.511+0000] {processor.py:925} INFO - DAG(s) 'ml_pipeline' retrieved from /home/ec2-user/environment/lab4_model_training/dags/ml_training_pipeline_v2.py
[2026-03-22T22:03:26.589+0000] {logging_mixin.py:190} INFO - [2026-03-22T22:03:26.588+0000] {dag.py:3239} INFO - Sync 1 DAGs
[2026-03-22T22:03:26.598+0000] {logging_mixin.py:190} INFO - [2026-03-22T22:03:26.598+0000] {dag.py:4180} INFO - Setting next_dagrun for ml_pipeline to None, run_after=None
[2026-03-22T22:03:26.616+0000] {processor.py:208} INFO - Processing /home/ec2-user/environment/lab4_model_training/dags/ml_training_pipeline_v2.py took 1.495 seconds
[2026-03-22T22:03:56.707+0000] {processor.py:186} INFO - Started process (PID=5787) to work on /home/ec2-user/environment/lab4_model_training/dags/ml_training_pipeline_v2.py
[2026-03-22T22:03:56.707+0000] {processor.py:914} INFO - Processing file /home/ec2-user/environment/lab4_model_training/dags/ml_training_pipeline_v2.py for tasks to queue
[2026-03-22T22:03:56.709+0000] {logging_mixin.py:190} INFO - [2026-03-22T22:03:56.709+0000] {dagbag.py:588} INFO - Filling up the DagBag from /home/ec2-user/environment/lab4_model_training/dags/ml_training_pipeline_v2.py
[2026-03-22T22:03:58.092+0000] {processor.py:925} INFO - DAG(s) 'ml_pipeline' retrieved from /home/ec2-user/environment/lab4_model_training/dags/ml_training_pipeline_v2.py
[2026-03-22T22:03:58.105+0000] {logging_mixin.py:190} INFO - [2026-03-22T22:03:58.105+0000] {dag.py:3239} INFO - Sync 1 DAGs
[2026-03-22T22:03:58.115+0000] {logging_mixin.py:190} INFO - [2026-03-22T22:03:58.115+0000] {dag.py:4180} INFO - Setting next_dagrun for ml_pipeline to None, run_after=None
[2026-03-22T22:03:58.135+0000] {processor.py:208} INFO - Processing /home/ec2-user/environment/lab4_model_training/dags/ml_training_pipeline_v2.py took 1.432 seconds
[2026-03-22T22:04:28.283+0000] {processor.py:186} INFO - Started process (PID=5834) to work on /home/ec2-user/environment/lab4_model_training/dags/ml_training_pipeline_v2.py
[2026-03-22T22:04:28.284+0000] {processor.py:914} INFO - Processing file /home/ec2-user/environment/lab4_model_training/dags/ml_training_pipeline_v2.py for tasks to queue
[2026-03-22T22:04:28.285+0000] {logging_mixin.py:190} INFO - [2026-03-22T22:04:28.285+0000] {dagbag.py:588} INFO - Filling up the DagBag from /home/ec2-user/environment/lab4_model_training/dags/ml_training_pipeline_v2.py
[2026-03-22T22:04:29.756+0000] {processor.py:925} INFO - DAG(s) 'ml_pipeline' retrieved from /home/ec2-user/environment/lab4_model_training/dags/ml_training_pipeline_v2.py
[2026-03-22T22:04:29.763+0000] {logging_mixin.py:190} INFO - [2026-03-22T22:04:29.762+0000] {dag.py:3239} INFO - Sync 1 DAGs
[2026-03-22T22:04:29.779+0000] {logging_mixin.py:190} INFO - [2026-03-22T22:04:29.779+0000] {dag.py:4180} INFO - Setting next_dagrun for ml_pipeline to None, run_after=None
[2026-03-22T22:04:29.813+0000] {processor.py:208} INFO - Processing /home/ec2-user/environment/lab4_model_training/dags/ml_training_pipeline_v2.py took 1.536 seconds
[2026-03-22T22:04:59.966+0000] {processor.py:186} INFO - Started process (PID=5863) to work on /home/ec2-user/environment/lab4_model_training/dags/ml_training_pipeline_v2.py
[2026-03-22T22:04:59.967+0000] {processor.py:914} INFO - Processing file /home/ec2-user/environment/lab4_model_training/dags/ml_training_pipeline_v2.py for tasks to queue
[2026-03-22T22:04:59.968+0000] {logging_mixin.py:190} INFO - [2026-03-22T22:04:59.968+0000] {dagbag.py:588} INFO - Filling up the DagBag from /home/ec2-user/environment/lab4_model_training/dags/ml_training_pipeline_v2.py
[2026-03-22T22:05:01.345+0000] {processor.py:925} INFO - DAG(s) 'ml_pipeline' retrieved from /home/ec2-user/environment/lab4_model_training/dags/ml_training_pipeline_v2.py
[2026-03-22T22:05:01.422+0000] {logging_mixin.py:190} INFO - [2026-03-22T22:05:01.422+0000] {dag.py:3239} INFO - Sync 1 DAGs
[2026-03-22T22:05:01.432+0000] {logging_mixin.py:190} INFO - [2026-03-22T22:05:01.432+0000] {dag.py:4180} INFO - Setting next_dagrun for ml_pipeline to None, run_after=None
[2026-03-22T22:05:01.450+0000] {processor.py:208} INFO - Processing /home/ec2-user/environment/lab4_model_training/dags/ml_training_pipeline_v2.py took 1.488 seconds
[2026-03-22T22:05:31.532+0000] {processor.py:186} INFO - Started process (PID=5902) to work on /home/ec2-user/environment/lab4_model_training/dags/ml_training_pipeline_v2.py
[2026-03-22T22:05:31.533+0000] {processor.py:914} INFO - Processing file /home/ec2-user/environment/lab4_model_training/dags/ml_training_pipeline_v2.py for tasks to queue
[2026-03-22T22:05:31.534+0000] {logging_mixin.py:190} INFO - [2026-03-22T22:05:31.533+0000] {dagbag.py:588} INFO - Filling up the DagBag from /home/ec2-user/environment/lab4_model_training/dags/ml_training_pipeline_v2.py
[2026-03-22T22:05:32.902+0000] {processor.py:925} INFO - DAG(s) 'ml_pipeline' retrieved from /home/ec2-user/environment/lab4_model_training/dags/ml_training_pipeline_v2.py
[2026-03-22T22:05:32.916+0000] {logging_mixin.py:190} INFO - [2026-03-22T22:05:32.915+0000] {dag.py:3239} INFO - Sync 1 DAGs
[2026-03-22T22:05:32.926+0000] {logging_mixin.py:190} INFO - [2026-03-22T22:05:32.926+0000] {dag.py:4180} INFO - Setting next_dagrun for ml_pipeline to None, run_after=None
[2026-03-22T22:05:32.943+0000] {processor.py:208} INFO - Processing /home/ec2-user/environment/lab4_model_training/dags/ml_training_pipeline_v2.py took 1.415 seconds
[2026-03-22T22:06:03.106+0000] {processor.py:186} INFO - Started process (PID=6031) to work on /home/ec2-user/environment/lab4_model_training/dags/ml_training_pipeline_v2.py
[2026-03-22T22:06:03.107+0000] {processor.py:914} INFO - Processing file /home/ec2-user/environment/lab4_model_training/dags/ml_training_pipeline_v2.py for tasks to queue
[2026-03-22T22:06:03.109+0000] {logging_mixin.py:190} INFO - [2026-03-22T22:06:03.108+0000] {dagbag.py:588} INFO - Filling up the DagBag from /home/ec2-user/environment/lab4_model_training/dags/ml_training_pipeline_v2.py
[2026-03-22T22:06:04.841+0000] {processor.py:925} INFO - DAG(s) 'ml_pipeline' retrieved from /home/ec2-user/environment/lab4_model_training/dags/ml_training_pipeline_v2.py
[2026-03-22T22:06:04.845+0000] {logging_mixin.py:190} INFO - [2026-03-22T22:06:04.845+0000] {dag.py:3239} INFO - Sync 1 DAGs
[2026-03-22T22:06:04.855+0000] {logging_mixin.py:190} INFO - [2026-03-22T22:06:04.855+0000] {dag.py:4180} INFO - Setting next_dagrun for ml_pipeline to None, run_after=None
[2026-03-22T22:06:04.873+0000] {processor.py:208} INFO - Processing /home/ec2-user/environment/lab4_model_training/dags/ml_training_pipeline_v2.py took 1.774 seconds
[2026-03-22T22:06:34.975+0000] {processor.py:186} INFO - Started process (PID=6105) to work on /home/ec2-user/environment/lab4_model_training/dags/ml_training_pipeline_v2.py
[2026-03-22T22:06:34.977+0000] {processor.py:914} INFO - Processing file /home/ec2-user/environment/lab4_model_training/dags/ml_training_pipeline_v2.py for tasks to queue
[2026-03-22T22:06:34.978+0000] {logging_mixin.py:190} INFO - [2026-03-22T22:06:34.977+0000] {dagbag.py:588} INFO - Filling up the DagBag from /home/ec2-user/environment/lab4_model_training/dags/ml_training_pipeline_v2.py
[2026-03-22T22:06:36.339+0000] {processor.py:925} INFO - DAG(s) 'ml_pipeline' retrieved from /home/ec2-user/environment/lab4_model_training/dags/ml_training_pipeline_v2.py
[2026-03-22T22:06:36.418+0000] {logging_mixin.py:190} INFO - [2026-03-22T22:06:36.417+0000] {dag.py:3239} INFO - Sync 1 DAGs
[2026-03-22T22:06:36.427+0000] {logging_mixin.py:190} INFO - [2026-03-22T22:06:36.426+0000] {dag.py:4180} INFO - Setting next_dagrun for ml_pipeline to None, run_after=None
[2026-03-22T22:06:36.444+0000] {processor.py:208} INFO - Processing /home/ec2-user/environment/lab4_model_training/dags/ml_training_pipeline_v2.py took 1.474 seconds
[2026-03-22T22:07:06.546+0000] {processor.py:186} INFO - Started process (PID=6190) to work on /home/ec2-user/environment/lab4_model_training/dags/ml_training_pipeline_v2.py
[2026-03-22T22:07:06.547+0000] {processor.py:914} INFO - Processing file /home/ec2-user/environment/lab4_model_training/dags/ml_training_pipeline_v2.py for tasks to queue
[2026-03-22T22:07:06.549+0000] {logging_mixin.py:190} INFO - [2026-03-22T22:07:06.548+0000] {dagbag.py:588} INFO - Filling up the DagBag from /home/ec2-user/environment/lab4_model_training/dags/ml_training_pipeline_v2.py
[2026-03-22T22:07:08.477+0000] {processor.py:925} INFO - DAG(s) 'ml_pipeline' retrieved from /home/ec2-user/environment/lab4_model_training/dags/ml_training_pipeline_v2.py
[2026-03-22T22:07:08.491+0000] {logging_mixin.py:190} INFO - [2026-03-22T22:07:08.491+0000] {dag.py:3239} INFO - Sync 1 DAGs
[2026-03-22T22:07:08.500+0000] {logging_mixin.py:190} INFO - [2026-03-22T22:07:08.500+0000] {dag.py:4180} INFO - Setting next_dagrun for ml_pipeline to None, run_after=None
[2026-03-22T22:07:08.518+0000] {processor.py:208} INFO - Processing /home/ec2-user/environment/lab4_model_training/dags/ml_training_pipeline_v2.py took 1.978 seconds
[2026-03-22T22:07:38.608+0000] {processor.py:186} INFO - Started process (PID=6232) to work on /home/ec2-user/environment/lab4_model_training/dags/ml_training_pipeline_v2.py
[2026-03-22T22:07:38.609+0000] {processor.py:914} INFO - Processing file /home/ec2-user/environment/lab4_model_training/dags/ml_training_pipeline_v2.py for tasks to queue
[2026-03-22T22:07:38.611+0000] {logging_mixin.py:190} INFO - [2026-03-22T22:07:38.610+0000] {dagbag.py:588} INFO - Filling up the DagBag from /home/ec2-user/environment/lab4_model_training/dags/ml_training_pipeline_v2.py
[2026-03-22T22:07:39.979+0000] {processor.py:925} INFO - DAG(s) 'ml_pipeline' retrieved from /home/ec2-user/environment/lab4_model_training/dags/ml_training_pipeline_v2.py
[2026-03-22T22:07:39.984+0000] {logging_mixin.py:190} INFO - [2026-03-22T22:07:39.983+0000] {dag.py:3239} INFO - Sync 1 DAGs
[2026-03-22T22:07:39.993+0000] {logging_mixin.py:190} INFO - [2026-03-22T22:07:39.993+0000] {dag.py:4180} INFO - Setting next_dagrun for ml_pipeline to None, run_after=None
[2026-03-22T22:07:40.010+0000] {processor.py:208} INFO - Processing /home/ec2-user/environment/lab4_model_training/dags/ml_training_pipeline_v2.py took 1.407 seconds
[2026-03-22T22:08:10.173+0000] {processor.py:186} INFO - Started process (PID=6324) to work on /home/ec2-user/environment/lab4_model_training/dags/ml_training_pipeline_v2.py
[2026-03-22T22:08:10.173+0000] {processor.py:914} INFO - Processing file /home/ec2-user/environment/lab4_model_training/dags/ml_training_pipeline_v2.py for tasks to queue
[2026-03-22T22:08:10.175+0000] {logging_mixin.py:190} INFO - [2026-03-22T22:08:10.174+0000] {dagbag.py:588} INFO - Filling up the DagBag from /home/ec2-user/environment/lab4_model_training/dags/ml_training_pipeline_v2.py
[2026-03-22T22:08:11.548+0000] {processor.py:925} INFO - DAG(s) 'ml_pipeline' retrieved from /home/ec2-user/environment/lab4_model_training/dags/ml_training_pipeline_v2.py
[2026-03-22T22:08:11.625+0000] {logging_mixin.py:190} INFO - [2026-03-22T22:08:11.624+0000] {dag.py:3239} INFO - Sync 1 DAGs
[2026-03-22T22:08:11.634+0000] {logging_mixin.py:190} INFO - [2026-03-22T22:08:11.633+0000] {dag.py:4180} INFO - Setting next_dagrun for ml_pipeline to None, run_after=None
[2026-03-22T22:08:11.652+0000] {processor.py:208} INFO - Processing /home/ec2-user/environment/lab4_model_training/dags/ml_training_pipeline_v2.py took 1.484 seconds
[2026-03-22T22:08:41.743+0000] {processor.py:186} INFO - Started process (PID=6359) to work on /home/ec2-user/environment/lab4_model_training/dags/ml_training_pipeline_v2.py
[2026-03-22T22:08:41.746+0000] {processor.py:914} INFO - Processing file /home/ec2-user/environment/lab4_model_training/dags/ml_training_pipeline_v2.py for tasks to queue
[2026-03-22T22:08:41.750+0000] {logging_mixin.py:190} INFO - [2026-03-22T22:08:41.749+0000] {dagbag.py:588} INFO - Filling up the DagBag from /home/ec2-user/environment/lab4_model_training/dags/ml_training_pipeline_v2.py
[2026-03-22T22:08:43.433+0000] {processor.py:925} INFO - DAG(s) 'ml_pipeline' retrieved from /home/ec2-user/environment/lab4_model_training/dags/ml_training_pipeline_v2.py
[2026-03-22T22:08:43.446+0000] {logging_mixin.py:190} INFO - [2026-03-22T22:08:43.445+0000] {dag.py:3239} INFO - Sync 1 DAGs
[2026-03-22T22:08:43.455+0000] {logging_mixin.py:190} INFO - [2026-03-22T22:08:43.455+0000] {dag.py:4180} INFO - Setting next_dagrun for ml_pipeline to None, run_after=None
[2026-03-22T22:08:43.473+0000] {processor.py:208} INFO - Processing /home/ec2-user/environment/lab4_model_training/dags/ml_training_pipeline_v2.py took 1.737 seconds
[2026-03-22T22:09:13.608+0000] {processor.py:186} INFO - Started process (PID=6406) to work on /home/ec2-user/environment/lab4_model_training/dags/ml_training_pipeline_v2.py
[2026-03-22T22:09:13.609+0000] {processor.py:914} INFO - Processing file /home/ec2-user/environment/lab4_model_training/dags/ml_training_pipeline_v2.py for tasks to queue
[2026-03-22T22:09:13.610+0000] {logging_mixin.py:190} INFO - [2026-03-22T22:09:13.610+0000] {dagbag.py:588} INFO - Filling up the DagBag from /home/ec2-user/environment/lab4_model_training/dags/ml_training_pipeline_v2.py
[2026-03-22T22:09:14.956+0000] {processor.py:925} INFO - DAG(s) 'ml_pipeline' retrieved from /home/ec2-user/environment/lab4_model_training/dags/ml_training_pipeline_v2.py
[2026-03-22T22:09:14.960+0000] {logging_mixin.py:190} INFO - [2026-03-22T22:09:14.960+0000] {dag.py:3239} INFO - Sync 1 DAGs
[2026-03-22T22:09:14.969+0000] {logging_mixin.py:190} INFO - [2026-03-22T22:09:14.969+0000] {dag.py:4180} INFO - Setting next_dagrun for ml_pipeline to None, run_after=None
[2026-03-22T22:09:14.986+0000] {processor.py:208} INFO - Processing /home/ec2-user/environment/lab4_model_training/dags/ml_training_pipeline_v2.py took 1.383 seconds
[2026-03-22T22:09:45.084+0000] {processor.py:186} INFO - Started process (PID=6442) to work on /home/ec2-user/environment/lab4_model_training/dags/ml_training_pipeline_v2.py
[2026-03-22T22:09:45.085+0000] {processor.py:914} INFO - Processing file /home/ec2-user/environment/lab4_model_training/dags/ml_training_pipeline_v2.py for tasks to queue
[2026-03-22T22:09:45.086+0000] {logging_mixin.py:190} INFO - [2026-03-22T22:09:45.085+0000] {dagbag.py:588} INFO - Filling up the DagBag from /home/ec2-user/environment/lab4_model_training/dags/ml_training_pipeline_v2.py
[2026-03-22T22:09:46.531+0000] {processor.py:925} INFO - DAG(s) 'ml_pipeline' retrieved from /home/ec2-user/environment/lab4_model_training/dags/ml_training_pipeline_v2.py
[2026-03-22T22:09:46.662+0000] {logging_mixin.py:190} INFO - [2026-03-22T22:09:46.661+0000] {dag.py:3239} INFO - Sync 1 DAGs
[2026-03-22T22:09:46.676+0000] {logging_mixin.py:190} INFO - [2026-03-22T22:09:46.676+0000] {dag.py:4180} INFO - Setting next_dagrun for ml_pipeline to None, run_after=None
[2026-03-22T22:09:46.702+0000] {processor.py:208} INFO - Processing /home/ec2-user/environment/lab4_model_training/dags/ml_training_pipeline_v2.py took 1.622 seconds
[2026-03-22T22:10:16.859+0000] {processor.py:186} INFO - Started process (PID=6545) to work on /home/ec2-user/environment/lab4_model_training/dags/ml_training_pipeline_v2.py
[2026-03-22T22:10:16.859+0000] {processor.py:914} INFO - Processing file /home/ec2-user/environment/lab4_model_training/dags/ml_training_pipeline_v2.py for tasks to queue
[2026-03-22T22:10:16.861+0000] {logging_mixin.py:190} INFO - [2026-03-22T22:10:16.860+0000] {dagbag.py:588} INFO - Filling up the DagBag from /home/ec2-user/environment/lab4_model_training/dags/ml_training_pipeline_v2.py
[2026-03-22T22:10:18.844+0000] {processor.py:925} INFO - DAG(s) 'ml_pipeline' retrieved from /home/ec2-user/environment/lab4_model_training/dags/ml_training_pipeline_v2.py
[2026-03-22T22:10:18.857+0000] {logging_mixin.py:190} INFO - [2026-03-22T22:10:18.856+0000] {dag.py:3239} INFO - Sync 1 DAGs
[2026-03-22T22:10:18.867+0000] {logging_mixin.py:190} INFO - [2026-03-22T22:10:18.867+0000] {dag.py:4180} INFO - Setting next_dagrun for ml_pipeline to None, run_after=None
[2026-03-22T22:10:18.884+0000] {processor.py:208} INFO - Processing /home/ec2-user/environment/lab4_model_training/dags/ml_training_pipeline_v2.py took 2.030 seconds
[2026-03-22T22:10:49.024+0000] {processor.py:186} INFO - Started process (PID=6585) to work on /home/ec2-user/environment/lab4_model_training/dags/ml_training_pipeline_v2.py
[2026-03-22T22:10:49.025+0000] {processor.py:914} INFO - Processing file /home/ec2-user/environment/lab4_model_training/dags/ml_training_pipeline_v2.py for tasks to queue
[2026-03-22T22:10:49.026+0000] {logging_mixin.py:190} INFO - [2026-03-22T22:10:49.026+0000] {dagbag.py:588} INFO - Filling up the DagBag from /home/ec2-user/environment/lab4_model_training/dags/ml_training_pipeline_v2.py
[2026-03-22T22:10:50.386+0000] {processor.py:925} INFO - DAG(s) 'ml_pipeline' retrieved from /home/ec2-user/environment/lab4_model_training/dags/ml_training_pipeline_v2.py
[2026-03-22T22:10:50.391+0000] {logging_mixin.py:190} INFO - [2026-03-22T22:10:50.390+0000] {dag.py:3239} INFO - Sync 1 DAGs
[2026-03-22T22:10:50.400+0000] {logging_mixin.py:190} INFO - [2026-03-22T22:10:50.400+0000] {dag.py:4180} INFO - Setting next_dagrun for ml_pipeline to None, run_after=None
[2026-03-22T22:10:50.419+0000] {processor.py:208} INFO - Processing /home/ec2-user/environment/lab4_model_training/dags/ml_training_pipeline_v2.py took 1.400 seconds
[2026-03-22T22:11:20.502+0000] {processor.py:186} INFO - Started process (PID=6647) to work on /home/ec2-user/environment/lab4_model_training/dags/ml_training_pipeline_v2.py
[2026-03-22T22:11:20.503+0000] {processor.py:914} INFO - Processing file /home/ec2-user/environment/lab4_model_training/dags/ml_training_pipeline_v2.py for tasks to queue
[2026-03-22T22:11:20.504+0000] {logging_mixin.py:190} INFO - [2026-03-22T22:11:20.504+0000] {dagbag.py:588} INFO - Filling up the DagBag from /home/ec2-user/environment/lab4_model_training/dags/ml_training_pipeline_v2.py
[2026-03-22T22:11:21.876+0000] {processor.py:925} INFO - DAG(s) 'ml_pipeline' retrieved from /home/ec2-user/environment/lab4_model_training/dags/ml_training_pipeline_v2.py
[2026-03-22T22:11:21.955+0000] {logging_mixin.py:190} INFO - [2026-03-22T22:11:21.954+0000] {dag.py:3239} INFO - Sync 1 DAGs
[2026-03-22T22:11:21.963+0000] {logging_mixin.py:190} INFO - [2026-03-22T22:11:21.963+0000] {dag.py:4180} INFO - Setting next_dagrun for ml_pipeline to None, run_after=None
[2026-03-22T22:11:21.981+0000] {processor.py:208} INFO - Processing /home/ec2-user/environment/lab4_model_training/dags/ml_training_pipeline_v2.py took 1.483 seconds
[2026-03-22T22:11:52.077+0000] {processor.py:186} INFO - Started process (PID=6680) to work on /home/ec2-user/environment/lab4_model_training/dags/ml_training_pipeline_v2.py
[2026-03-22T22:11:52.080+0000] {processor.py:914} INFO - Processing file /home/ec2-user/environment/lab4_model_training/dags/ml_training_pipeline_v2.py for tasks to queue
[2026-03-22T22:11:52.083+0000] {logging_mixin.py:190} INFO - [2026-03-22T22:11:52.083+0000] {dagbag.py:588} INFO - Filling up the DagBag from /home/ec2-user/environment/lab4_model_training/dags/ml_training_pipeline_v2.py
[2026-03-22T22:11:53.989+0000] {processor.py:925} INFO - DAG(s) 'ml_pipeline' retrieved from /home/ec2-user/environment/lab4_model_training/dags/ml_training_pipeline_v2.py
[2026-03-22T22:11:54.012+0000] {logging_mixin.py:190} INFO - [2026-03-22T22:11:54.011+0000] {dag.py:3239} INFO - Sync 1 DAGs
[2026-03-22T22:11:54.027+0000] {logging_mixin.py:190} INFO - [2026-03-22T22:11:54.027+0000] {dag.py:4180} INFO - Setting next_dagrun for ml_pipeline to None, run_after=None
[2026-03-22T22:11:54.059+0000] {processor.py:208} INFO - Processing /home/ec2-user/environment/lab4_model_training/dags/ml_training_pipeline_v2.py took 1.989 seconds
[2026-03-22T22:12:25.430+0000] {processor.py:186} INFO - Started process (PID=6813) to work on /home/ec2-user/environment/lab4_model_training/dags/ml_training_pipeline_v2.py
[2026-03-22T22:12:25.431+0000] {processor.py:914} INFO - Processing file /home/ec2-user/environment/lab4_model_training/dags/ml_training_pipeline_v2.py for tasks to queue
[2026-03-22T22:12:25.433+0000] {logging_mixin.py:190} INFO - [2026-03-22T22:12:25.433+0000] {dagbag.py:588} INFO - Filling up the DagBag from /home/ec2-user/environment/lab4_model_training/dags/ml_training_pipeline_v2.py
[2026-03-22T22:12:27.086+0000] {processor.py:925} INFO - DAG(s) 'ml_pipeline' retrieved from /home/ec2-user/environment/lab4_model_training/dags/ml_training_pipeline_v2.py
[2026-03-22T22:12:27.092+0000] {logging_mixin.py:190} INFO - [2026-03-22T22:12:27.091+0000] {dag.py:3239} INFO - Sync 1 DAGs
[2026-03-22T22:12:27.105+0000] {logging_mixin.py:190} INFO - [2026-03-22T22:12:27.105+0000] {dag.py:4180} INFO - Setting next_dagrun for ml_pipeline to None, run_after=None
[2026-03-22T22:12:27.133+0000] {processor.py:208} INFO - Processing /home/ec2-user/environment/lab4_model_training/dags/ml_training_pipeline_v2.py took 1.707 seconds
[2026-03-22T22:12:58.078+0000] {processor.py:186} INFO - Started process (PID=6860) to work on /home/ec2-user/environment/lab4_model_training/dags/ml_training_pipeline_v2.py
[2026-03-22T22:12:58.079+0000] {processor.py:914} INFO - Processing file /home/ec2-user/environment/lab4_model_training/dags/ml_training_pipeline_v2.py for tasks to queue
[2026-03-22T22:12:58.081+0000] {logging_mixin.py:190} INFO - [2026-03-22T22:12:58.080+0000] {dagbag.py:588} INFO - Filling up the DagBag from /home/ec2-user/environment/lab4_model_training/dags/ml_training_pipeline_v2.py
[2026-03-22T22:12:59.552+0000] {processor.py:925} INFO - DAG(s) 'ml_pipeline' retrieved from /home/ec2-user/environment/lab4_model_training/dags/ml_training_pipeline_v2.py
[2026-03-22T22:12:59.672+0000] {logging_mixin.py:190} INFO - [2026-03-22T22:12:59.672+0000] {dag.py:3239} INFO - Sync 1 DAGs
[2026-03-22T22:12:59.685+0000] {logging_mixin.py:190} INFO - [2026-03-22T22:12:59.685+0000] {dag.py:4180} INFO - Setting next_dagrun for ml_pipeline to None, run_after=None
[2026-03-22T22:12:59.711+0000] {processor.py:208} INFO - Processing /home/ec2-user/environment/lab4_model_training/dags/ml_training_pipeline_v2.py took 1.638 seconds
[2026-03-22T22:13:29.833+0000] {processor.py:186} INFO - Started process (PID=6911) to work on /home/ec2-user/environment/lab4_model_training/dags/ml_training_pipeline_v2.py
[2026-03-22T22:13:29.834+0000] {processor.py:914} INFO - Processing file /home/ec2-user/environment/lab4_model_training/dags/ml_training_pipeline_v2.py for tasks to queue
[2026-03-22T22:13:29.837+0000] {logging_mixin.py:190} INFO - [2026-03-22T22:13:29.836+0000] {dagbag.py:588} INFO - Filling up the DagBag from /home/ec2-user/environment/lab4_model_training/dags/ml_training_pipeline_v2.py
[2026-03-22T22:13:31.629+0000] {processor.py:925} INFO - DAG(s) 'ml_pipeline' retrieved from /home/ec2-user/environment/lab4_model_training/dags/ml_training_pipeline_v2.py
[2026-03-22T22:13:31.642+0000] {logging_mixin.py:190} INFO - [2026-03-22T22:13:31.642+0000] {dag.py:3239} INFO - Sync 1 DAGs
[2026-03-22T22:13:31.651+0000] {logging_mixin.py:190} INFO - [2026-03-22T22:13:31.651+0000] {dag.py:4180} INFO - Setting next_dagrun for ml_pipeline to None, run_after=None
[2026-03-22T22:13:31.669+0000] {processor.py:208} INFO - Processing /home/ec2-user/environment/lab4_model_training/dags/ml_training_pipeline_v2.py took 1.842 seconds
[2026-03-22T22:14:02.748+0000] {processor.py:186} INFO - Started process (PID=7022) to work on /home/ec2-user/environment/lab4_model_training/dags/ml_training_pipeline_v2.py
[2026-03-22T22:14:02.750+0000] {processor.py:914} INFO - Processing file /home/ec2-user/environment/lab4_model_training/dags/ml_training_pipeline_v2.py for tasks to queue
[2026-03-22T22:14:02.751+0000] {logging_mixin.py:190} INFO - [2026-03-22T22:14:02.751+0000] {dagbag.py:588} INFO - Filling up the DagBag from /home/ec2-user/environment/lab4_model_training/dags/ml_training_pipeline_v2.py
[2026-03-22T22:14:04.531+0000] {processor.py:925} INFO - DAG(s) 'ml_pipeline' retrieved from /home/ec2-user/environment/lab4_model_training/dags/ml_training_pipeline_v2.py
[2026-03-22T22:14:04.537+0000] {logging_mixin.py:190} INFO - [2026-03-22T22:14:04.537+0000] {dag.py:3239} INFO - Sync 1 DAGs
[2026-03-22T22:14:04.551+0000] {logging_mixin.py:190} INFO - [2026-03-22T22:14:04.551+0000] {dag.py:4180} INFO - Setting next_dagrun for ml_pipeline to None, run_after=None
[2026-03-22T22:14:04.573+0000] {processor.py:208} INFO - Processing /home/ec2-user/environment/lab4_model_training/dags/ml_training_pipeline_v2.py took 1.830 seconds
[2026-03-22T22:14:35.330+0000] {processor.py:186} INFO - Started process (PID=7064) to work on /home/ec2-user/environment/lab4_model_training/dags/ml_training_pipeline_v2.py
[2026-03-22T22:14:35.331+0000] {processor.py:914} INFO - Processing file /home/ec2-user/environment/lab4_model_training/dags/ml_training_pipeline_v2.py for tasks to queue
[2026-03-22T22:14:35.333+0000] {logging_mixin.py:190} INFO - [2026-03-22T22:14:35.332+0000] {dagbag.py:588} INFO - Filling up the DagBag from /home/ec2-user/environment/lab4_model_training/dags/ml_training_pipeline_v2.py
[2026-03-22T22:14:36.602+0000] {processor.py:925} INFO - DAG(s) 'ml_pipeline' retrieved from /home/ec2-user/environment/lab4_model_training/dags/ml_training_pipeline_v2.py
[2026-03-22T22:14:36.679+0000] {logging_mixin.py:190} INFO - [2026-03-22T22:14:36.679+0000] {dag.py:3239} INFO - Sync 1 DAGs
[2026-03-22T22:14:36.689+0000] {logging_mixin.py:190} INFO - [2026-03-22T22:14:36.688+0000] {dag.py:4180} INFO - Setting next_dagrun for ml_pipeline to None, run_after=None
[2026-03-22T22:14:36.708+0000] {processor.py:208} INFO - Processing /home/ec2-user/environment/lab4_model_training/dags/ml_training_pipeline_v2.py took 1.382 seconds
[2026-03-22T22:15:06.818+0000] {processor.py:186} INFO - Started process (PID=7164) to work on /home/ec2-user/environment/lab4_model_training/dags/ml_training_pipeline_v2.py
[2026-03-22T22:15:06.819+0000] {processor.py:914} INFO - Processing file /home/ec2-user/environment/lab4_model_training/dags/ml_training_pipeline_v2.py for tasks to queue
[2026-03-22T22:15:06.820+0000] {logging_mixin.py:190} INFO - [2026-03-22T22:15:06.820+0000] {dagbag.py:588} INFO - Filling up the DagBag from /home/ec2-user/environment/lab4_model_training/dags/ml_training_pipeline_v2.py
[2026-03-22T22:15:08.108+0000] {processor.py:925} INFO - DAG(s) 'ml_pipeline' retrieved from /home/ec2-user/environment/lab4_model_training/dags/ml_training_pipeline_v2.py
[2026-03-22T22:15:08.121+0000] {logging_mixin.py:190} INFO - [2026-03-22T22:15:08.121+0000] {dag.py:3239} INFO - Sync 1 DAGs
[2026-03-22T22:15:08.131+0000] {logging_mixin.py:190} INFO - [2026-03-22T22:15:08.131+0000] {dag.py:4180} INFO - Setting next_dagrun for ml_pipeline to None, run_after=None
[2026-03-22T22:15:08.149+0000] {processor.py:208} INFO - Processing /home/ec2-user/environment/lab4_model_training/dags/ml_training_pipeline_v2.py took 1.336 seconds
[2026-03-22T22:15:38.294+0000] {processor.py:186} INFO - Started process (PID=7193) to work on /home/ec2-user/environment/lab4_model_training/dags/ml_training_pipeline_v2.py
[2026-03-22T22:15:38.295+0000] {processor.py:914} INFO - Processing file /home/ec2-user/environment/lab4_model_training/dags/ml_training_pipeline_v2.py for tasks to queue
[2026-03-22T22:15:38.296+0000] {logging_mixin.py:190} INFO - [2026-03-22T22:15:38.296+0000] {dagbag.py:588} INFO - Filling up the DagBag from /home/ec2-user/environment/lab4_model_training/dags/ml_training_pipeline_v2.py
[2026-03-22T22:15:39.567+0000] {processor.py:925} INFO - DAG(s) 'ml_pipeline' retrieved from /home/ec2-user/environment/lab4_model_training/dags/ml_training_pipeline_v2.py
[2026-03-22T22:15:39.571+0000] {logging_mixin.py:190} INFO - [2026-03-22T22:15:39.571+0000] {dag.py:3239} INFO - Sync 1 DAGs
[2026-03-22T22:15:39.580+0000] {logging_mixin.py:190} INFO - [2026-03-22T22:15:39.580+0000] {dag.py:4180} INFO - Setting next_dagrun for ml_pipeline to None, run_after=None
[2026-03-22T22:15:39.599+0000] {processor.py:208} INFO - Processing /home/ec2-user/environment/lab4_model_training/dags/ml_training_pipeline_v2.py took 1.310 seconds
[2026-03-22T22:16:09.867+0000] {processor.py:186} INFO - Started process (PID=7233) to work on /home/ec2-user/environment/lab4_model_training/dags/ml_training_pipeline_v2.py
[2026-03-22T22:16:09.869+0000] {processor.py:914} INFO - Processing file /home/ec2-user/environment/lab4_model_training/dags/ml_training_pipeline_v2.py for tasks to queue
[2026-03-22T22:16:09.870+0000] {logging_mixin.py:190} INFO - [2026-03-22T22:16:09.870+0000] {dagbag.py:588} INFO - Filling up the DagBag from /home/ec2-user/environment/lab4_model_training/dags/ml_training_pipeline_v2.py
[2026-03-22T22:16:11.154+0000] {processor.py:925} INFO - DAG(s) 'ml_pipeline' retrieved from /home/ec2-user/environment/lab4_model_training/dags/ml_training_pipeline_v2.py
[2026-03-22T22:16:11.233+0000] {logging_mixin.py:190} INFO - [2026-03-22T22:16:11.233+0000] {dag.py:3239} INFO - Sync 1 DAGs
[2026-03-22T22:16:11.242+0000] {logging_mixin.py:190} INFO - [2026-03-22T22:16:11.242+0000] {dag.py:4180} INFO - Setting next_dagrun for ml_pipeline to None, run_after=None
[2026-03-22T22:16:11.260+0000] {processor.py:208} INFO - Processing /home/ec2-user/environment/lab4_model_training/dags/ml_training_pipeline_v2.py took 1.398 seconds
[2026-03-22T22:16:41.351+0000] {processor.py:186} INFO - Started process (PID=7266) to work on /home/ec2-user/environment/lab4_model_training/dags/ml_training_pipeline_v2.py
[2026-03-22T22:16:41.352+0000] {processor.py:914} INFO - Processing file /home/ec2-user/environment/lab4_model_training/dags/ml_training_pipeline_v2.py for tasks to queue
[2026-03-22T22:16:41.354+0000] {logging_mixin.py:190} INFO - [2026-03-22T22:16:41.353+0000] {dagbag.py:588} INFO - Filling up the DagBag from /home/ec2-user/environment/lab4_model_training/dags/ml_training_pipeline_v2.py
[2026-03-22T22:16:42.629+0000] {processor.py:925} INFO - DAG(s) 'ml_pipeline' retrieved from /home/ec2-user/environment/lab4_model_training/dags/ml_training_pipeline_v2.py
[2026-03-22T22:16:42.643+0000] {logging_mixin.py:190} INFO - [2026-03-22T22:16:42.643+0000] {dag.py:3239} INFO - Sync 1 DAGs
[2026-03-22T22:16:42.652+0000] {logging_mixin.py:190} INFO - [2026-03-22T22:16:42.652+0000] {dag.py:4180} INFO - Setting next_dagrun for ml_pipeline to None, run_after=None
[2026-03-22T22:16:42.674+0000] {processor.py:208} INFO - Processing /home/ec2-user/environment/lab4_model_training/dags/ml_training_pipeline_v2.py took 1.327 seconds
[2026-03-22T22:17:13.289+0000] {processor.py:186} INFO - Started process (PID=7354) to work on /home/ec2-user/environment/lab4_model_training/dags/ml_training_pipeline_v2.py
[2026-03-22T22:17:13.291+0000] {processor.py:914} INFO - Processing file /home/ec2-user/environment/lab4_model_training/dags/ml_training_pipeline_v2.py for tasks to queue
[2026-03-22T22:17:13.292+0000] {logging_mixin.py:190} INFO - [2026-03-22T22:17:13.291+0000] {dagbag.py:588} INFO - Filling up the DagBag from /home/ec2-user/environment/lab4_model_training/dags/ml_training_pipeline_v2.py
[2026-03-22T22:17:14.584+0000] {processor.py:925} INFO - DAG(s) 'ml_pipeline' retrieved from /home/ec2-user/environment/lab4_model_training/dags/ml_training_pipeline_v2.py
[2026-03-22T22:17:14.588+0000] {logging_mixin.py:190} INFO - [2026-03-22T22:17:14.588+0000] {dag.py:3239} INFO - Sync 1 DAGs
[2026-03-22T22:17:14.599+0000] {logging_mixin.py:190} INFO - [2026-03-22T22:17:14.599+0000] {dag.py:4180} INFO - Setting next_dagrun for ml_pipeline to None, run_after=None
[2026-03-22T22:17:14.616+0000] {processor.py:208} INFO - Processing /home/ec2-user/environment/lab4_model_training/dags/ml_training_pipeline_v2.py took 1.331 seconds
[2026-03-22T22:17:44.800+0000] {processor.py:186} INFO - Started process (PID=7383) to work on /home/ec2-user/environment/lab4_model_training/dags/ml_training_pipeline_v2.py
[2026-03-22T22:17:44.801+0000] {processor.py:914} INFO - Processing file /home/ec2-user/environment/lab4_model_training/dags/ml_training_pipeline_v2.py for tasks to queue
[2026-03-22T22:17:44.803+0000] {logging_mixin.py:190} INFO - [2026-03-22T22:17:44.803+0000] {dagbag.py:588} INFO - Filling up the DagBag from /home/ec2-user/environment/lab4_model_training/dags/ml_training_pipeline_v2.py
[2026-03-22T22:17:46.073+0000] {processor.py:925} INFO - DAG(s) 'ml_pipeline' retrieved from /home/ec2-user/environment/lab4_model_training/dags/ml_training_pipeline_v2.py
[2026-03-22T22:17:46.152+0000] {logging_mixin.py:190} INFO - [2026-03-22T22:17:46.152+0000] {dag.py:3239} INFO - Sync 1 DAGs
[2026-03-22T22:17:46.161+0000] {logging_mixin.py:190} INFO - [2026-03-22T22:17:46.161+0000] {dag.py:4180} INFO - Setting next_dagrun for ml_pipeline to None, run_after=None
[2026-03-22T22:17:46.193+0000] {processor.py:208} INFO - Processing /home/ec2-user/environment/lab4_model_training/dags/ml_training_pipeline_v2.py took 1.397 seconds
[2026-03-22T22:18:17.126+0000] {processor.py:186} INFO - Started process (PID=7423) to work on /home/ec2-user/environment/lab4_model_training/dags/ml_training_pipeline_v2.py
[2026-03-22T22:18:17.126+0000] {processor.py:914} INFO - Processing file /home/ec2-user/environment/lab4_model_training/dags/ml_training_pipeline_v2.py for tasks to queue
[2026-03-22T22:18:17.127+0000] {logging_mixin.py:190} INFO - [2026-03-22T22:18:17.127+0000] {dagbag.py:588} INFO - Filling up the DagBag from /home/ec2-user/environment/lab4_model_training/dags/ml_training_pipeline_v2.py
[2026-03-22T22:18:18.391+0000] {processor.py:925} INFO - DAG(s) 'ml_pipeline' retrieved from /home/ec2-user/environment/lab4_model_training/dags/ml_training_pipeline_v2.py
[2026-03-22T22:18:18.405+0000] {logging_mixin.py:190} INFO - [2026-03-22T22:18:18.405+0000] {dag.py:3239} INFO - Sync 1 DAGs
[2026-03-22T22:18:18.414+0000] {logging_mixin.py:190} INFO - [2026-03-22T22:18:18.414+0000] {dag.py:4180} INFO - Setting next_dagrun for ml_pipeline to None, run_after=None
[2026-03-22T22:18:18.431+0000] {processor.py:208} INFO - Processing /home/ec2-user/environment/lab4_model_training/dags/ml_training_pipeline_v2.py took 1.311 seconds
[2026-03-22T22:18:49.298+0000] {processor.py:186} INFO - Started process (PID=7450) to work on /home/ec2-user/environment/lab4_model_training/dags/ml_training_pipeline_v2.py
[2026-03-22T22:18:49.299+0000] {processor.py:914} INFO - Processing file /home/ec2-user/environment/lab4_model_training/dags/ml_training_pipeline_v2.py for tasks to queue
[2026-03-22T22:18:49.300+0000] {logging_mixin.py:190} INFO - [2026-03-22T22:18:49.300+0000] {dagbag.py:588} INFO - Filling up the DagBag from /home/ec2-user/environment/lab4_model_training/dags/ml_training_pipeline_v2.py
[2026-03-22T22:18:50.588+0000] {processor.py:925} INFO - DAG(s) 'ml_pipeline' retrieved from /home/ec2-user/environment/lab4_model_training/dags/ml_training_pipeline_v2.py
[2026-03-22T22:18:50.592+0000] {logging_mixin.py:190} INFO - [2026-03-22T22:18:50.592+0000] {dag.py:3239} INFO - Sync 1 DAGs
[2026-03-22T22:18:50.601+0000] {logging_mixin.py:190} INFO - [2026-03-22T22:18:50.601+0000] {dag.py:4180} INFO - Setting next_dagrun for ml_pipeline to None, run_after=None
[2026-03-22T22:18:50.619+0000] {processor.py:208} INFO - Processing /home/ec2-user/environment/lab4_model_training/dags/ml_training_pipeline_v2.py took 1.326 seconds
[2026-03-22T22:19:20.904+0000] {processor.py:186} INFO - Started process (PID=7543) to work on /home/ec2-user/environment/lab4_model_training/dags/ml_training_pipeline_v2.py
[2026-03-22T22:19:20.905+0000] {processor.py:914} INFO - Processing file /home/ec2-user/environment/lab4_model_training/dags/ml_training_pipeline_v2.py for tasks to queue
[2026-03-22T22:19:20.906+0000] {logging_mixin.py:190} INFO - [2026-03-22T22:19:20.906+0000] {dagbag.py:588} INFO - Filling up the DagBag from /home/ec2-user/environment/lab4_model_training/dags/ml_training_pipeline_v2.py
[2026-03-22T22:19:22.188+0000] {processor.py:925} INFO - DAG(s) 'ml_pipeline' retrieved from /home/ec2-user/environment/lab4_model_training/dags/ml_training_pipeline_v2.py
[2026-03-22T22:19:22.265+0000] {logging_mixin.py:190} INFO - [2026-03-22T22:19:22.265+0000] {dag.py:3239} INFO - Sync 1 DAGs
[2026-03-22T22:19:22.274+0000] {logging_mixin.py:190} INFO - [2026-03-22T22:19:22.274+0000] {dag.py:4180} INFO - Setting next_dagrun for ml_pipeline to None, run_after=None
[2026-03-22T22:19:22.293+0000] {processor.py:208} INFO - Processing /home/ec2-user/environment/lab4_model_training/dags/ml_training_pipeline_v2.py took 1.394 seconds
[2026-03-22T22:19:52.553+0000] {processor.py:186} INFO - Started process (PID=7581) to work on /home/ec2-user/environment/lab4_model_training/dags/ml_training_pipeline_v2.py
[2026-03-22T22:19:52.554+0000] {processor.py:914} INFO - Processing file /home/ec2-user/environment/lab4_model_training/dags/ml_training_pipeline_v2.py for tasks to queue
[2026-03-22T22:19:52.556+0000] {logging_mixin.py:190} INFO - [2026-03-22T22:19:52.556+0000] {dagbag.py:588} INFO - Filling up the DagBag from /home/ec2-user/environment/lab4_model_training/dags/ml_training_pipeline_v2.py
[2026-03-22T22:19:53.828+0000] {processor.py:925} INFO - DAG(s) 'ml_pipeline' retrieved from /home/ec2-user/environment/lab4_model_training/dags/ml_training_pipeline_v2.py
[2026-03-22T22:19:53.842+0000] {logging_mixin.py:190} INFO - [2026-03-22T22:19:53.841+0000] {dag.py:3239} INFO - Sync 1 DAGs
[2026-03-22T22:19:53.851+0000] {logging_mixin.py:190} INFO - [2026-03-22T22:19:53.851+0000] {dag.py:4180} INFO - Setting next_dagrun for ml_pipeline to None, run_after=None
[2026-03-22T22:19:53.869+0000] {processor.py:208} INFO - Processing /home/ec2-user/environment/lab4_model_training/dags/ml_training_pipeline_v2.py took 1.321 seconds
[2026-03-22T22:20:24.145+0000] {processor.py:186} INFO - Started process (PID=7621) to work on /home/ec2-user/environment/lab4_model_training/dags/ml_training_pipeline_v2.py
[2026-03-22T22:20:24.147+0000] {processor.py:914} INFO - Processing file /home/ec2-user/environment/lab4_model_training/dags/ml_training_pipeline_v2.py for tasks to queue
[2026-03-22T22:20:24.148+0000] {logging_mixin.py:190} INFO - [2026-03-22T22:20:24.148+0000] {dagbag.py:588} INFO - Filling up the DagBag from /home/ec2-user/environment/lab4_model_training/dags/ml_training_pipeline_v2.py
[2026-03-22T22:20:25.407+0000] {processor.py:925} INFO - DAG(s) 'ml_pipeline' retrieved from /home/ec2-user/environment/lab4_model_training/dags/ml_training_pipeline_v2.py
[2026-03-22T22:20:25.412+0000] {logging_mixin.py:190} INFO - [2026-03-22T22:20:25.411+0000] {dag.py:3239} INFO - Sync 1 DAGs
[2026-03-22T22:20:25.421+0000] {logging_mixin.py:190} INFO - [2026-03-22T22:20:25.421+0000] {dag.py:4180} INFO - Setting next_dagrun for ml_pipeline to None, run_after=None
[2026-03-22T22:20:25.439+0000] {processor.py:208} INFO - Processing /home/ec2-user/environment/lab4_model_training/dags/ml_training_pipeline_v2.py took 1.298 seconds
[2026-03-22T22:20:55.650+0000] {processor.py:186} INFO - Started process (PID=7700) to work on /home/ec2-user/environment/lab4_model_training/dags/ml_training_pipeline_v2.py
[2026-03-22T22:20:55.651+0000] {processor.py:914} INFO - Processing file /home/ec2-user/environment/lab4_model_training/dags/ml_training_pipeline_v2.py for tasks to queue
[2026-03-22T22:20:55.652+0000] {logging_mixin.py:190} INFO - [2026-03-22T22:20:55.652+0000] {dagbag.py:588} INFO - Filling up the DagBag from /home/ec2-user/environment/lab4_model_training/dags/ml_training_pipeline_v2.py
[2026-03-22T22:20:56.936+0000] {processor.py:925} INFO - DAG(s) 'ml_pipeline' retrieved from /home/ec2-user/environment/lab4_model_training/dags/ml_training_pipeline_v2.py
[2026-03-22T22:20:57.024+0000] {logging_mixin.py:190} INFO - [2026-03-22T22:20:57.023+0000] {dag.py:3239} INFO - Sync 1 DAGs
[2026-03-22T22:20:57.032+0000] {logging_mixin.py:190} INFO - [2026-03-22T22:20:57.032+0000] {dag.py:4180} INFO - Setting next_dagrun for ml_pipeline to None, run_after=None
[2026-03-22T22:20:57.050+0000] {processor.py:208} INFO - Processing /home/ec2-user/environment/lab4_model_training/dags/ml_training_pipeline_v2.py took 1.404 seconds
[2026-03-22T22:21:27.160+0000] {processor.py:186} INFO - Started process (PID=7764) to work on /home/ec2-user/environment/lab4_model_training/dags/ml_training_pipeline_v2.py
[2026-03-22T22:21:27.161+0000] {processor.py:914} INFO - Processing file /home/ec2-user/environment/lab4_model_training/dags/ml_training_pipeline_v2.py for tasks to queue
[2026-03-22T22:21:27.163+0000] {logging_mixin.py:190} INFO - [2026-03-22T22:21:27.163+0000] {dagbag.py:588} INFO - Filling up the DagBag from /home/ec2-user/environment/lab4_model_training/dags/ml_training_pipeline_v2.py
[2026-03-22T22:21:28.461+0000] {processor.py:925} INFO - DAG(s) 'ml_pipeline' retrieved from /home/ec2-user/environment/lab4_model_training/dags/ml_training_pipeline_v2.py
[2026-03-22T22:21:28.475+0000] {logging_mixin.py:190} INFO - [2026-03-22T22:21:28.475+0000] {dag.py:3239} INFO - Sync 1 DAGs
[2026-03-22T22:21:28.485+0000] {logging_mixin.py:190} INFO - [2026-03-22T22:21:28.484+0000] {dag.py:4180} INFO - Setting next_dagrun for ml_pipeline to None, run_after=None
[2026-03-22T22:21:28.502+0000] {processor.py:208} INFO - Processing /home/ec2-user/environment/lab4_model_training/dags/ml_training_pipeline_v2.py took 1.347 seconds
[2026-03-22T22:21:59.470+0000] {processor.py:186} INFO - Started process (PID=7844) to work on /home/ec2-user/environment/lab4_model_training/dags/ml_training_pipeline_v2.py
[2026-03-22T22:21:59.471+0000] {processor.py:914} INFO - Processing file /home/ec2-user/environment/lab4_model_training/dags/ml_training_pipeline_v2.py for tasks to queue
[2026-03-22T22:21:59.473+0000] {logging_mixin.py:190} INFO - [2026-03-22T22:21:59.473+0000] {dagbag.py:588} INFO - Filling up the DagBag from /home/ec2-user/environment/lab4_model_training/dags/ml_training_pipeline_v2.py
[2026-03-22T22:22:00.764+0000] {processor.py:925} INFO - DAG(s) 'ml_pipeline' retrieved from /home/ec2-user/environment/lab4_model_training/dags/ml_training_pipeline_v2.py
[2026-03-22T22:22:00.768+0000] {logging_mixin.py:190} INFO - [2026-03-22T22:22:00.768+0000] {dag.py:3239} INFO - Sync 1 DAGs
[2026-03-22T22:22:00.779+0000] {logging_mixin.py:190} INFO - [2026-03-22T22:22:00.779+0000] {dag.py:4180} INFO - Setting next_dagrun for ml_pipeline to None, run_after=None
[2026-03-22T22:22:00.797+0000] {processor.py:208} INFO - Processing /home/ec2-user/environment/lab4_model_training/dags/ml_training_pipeline_v2.py took 1.332 seconds
[2026-03-22T22:22:31.262+0000] {processor.py:186} INFO - Started process (PID=7882) to work on /home/ec2-user/environment/lab4_model_training/dags/ml_training_pipeline_v2.py
[2026-03-22T22:22:31.264+0000] {processor.py:914} INFO - Processing file /home/ec2-user/environment/lab4_model_training/dags/ml_training_pipeline_v2.py for tasks to queue
[2026-03-22T22:22:31.265+0000] {logging_mixin.py:190} INFO - [2026-03-22T22:22:31.265+0000] {dagbag.py:588} INFO - Filling up the DagBag from /home/ec2-user/environment/lab4_model_training/dags/ml_training_pipeline_v2.py
[2026-03-22T22:22:32.546+0000] {processor.py:925} INFO - DAG(s) 'ml_pipeline' retrieved from /home/ec2-user/environment/lab4_model_training/dags/ml_training_pipeline_v2.py
[2026-03-22T22:22:32.629+0000] {logging_mixin.py:190} INFO - [2026-03-22T22:22:32.629+0000] {dag.py:3239} INFO - Sync 1 DAGs
[2026-03-22T22:22:32.638+0000] {logging_mixin.py:190} INFO - [2026-03-22T22:22:32.638+0000] {dag.py:4180} INFO - Setting next_dagrun for ml_pipeline to None, run_after=None
[2026-03-22T22:22:32.656+0000] {processor.py:208} INFO - Processing /home/ec2-user/environment/lab4_model_training/dags/ml_training_pipeline_v2.py took 1.398 seconds
[2026-03-22T22:23:02.771+0000] {processor.py:186} INFO - Started process (PID=7922) to work on /home/ec2-user/environment/lab4_model_training/dags/ml_training_pipeline_v2.py
[2026-03-22T22:23:02.772+0000] {processor.py:914} INFO - Processing file /home/ec2-user/environment/lab4_model_training/dags/ml_training_pipeline_v2.py for tasks to queue
[2026-03-22T22:23:02.774+0000] {logging_mixin.py:190} INFO - [2026-03-22T22:23:02.774+0000] {dagbag.py:588} INFO - Filling up the DagBag from /home/ec2-user/environment/lab4_model_training/dags/ml_training_pipeline_v2.py
[2026-03-22T22:23:04.075+0000] {processor.py:925} INFO - DAG(s) 'ml_pipeline' retrieved from /home/ec2-user/environment/lab4_model_training/dags/ml_training_pipeline_v2.py
[2026-03-22T22:23:04.088+0000] {logging_mixin.py:190} INFO - [2026-03-22T22:23:04.088+0000] {dag.py:3239} INFO - Sync 1 DAGs
[2026-03-22T22:23:04.097+0000] {logging_mixin.py:190} INFO - [2026-03-22T22:23:04.097+0000] {dag.py:4180} INFO - Setting next_dagrun for ml_pipeline to None, run_after=None
[2026-03-22T22:23:04.115+0000] {processor.py:208} INFO - Processing /home/ec2-user/environment/lab4_model_training/dags/ml_training_pipeline_v2.py took 1.348 seconds
[2026-03-22T22:23:34.269+0000] {processor.py:186} INFO - Started process (PID=7951) to work on /home/ec2-user/environment/lab4_model_training/dags/ml_training_pipeline_v2.py
[2026-03-22T22:23:34.269+0000] {processor.py:914} INFO - Processing file /home/ec2-user/environment/lab4_model_training/dags/ml_training_pipeline_v2.py for tasks to queue
[2026-03-22T22:23:34.271+0000] {logging_mixin.py:190} INFO - [2026-03-22T22:23:34.270+0000] {dagbag.py:588} INFO - Filling up the DagBag from /home/ec2-user/environment/lab4_model_training/dags/ml_training_pipeline_v2.py
[2026-03-22T22:23:35.561+0000] {processor.py:925} INFO - DAG(s) 'ml_pipeline' retrieved from /home/ec2-user/environment/lab4_model_training/dags/ml_training_pipeline_v2.py
[2026-03-22T22:23:35.566+0000] {logging_mixin.py:190} INFO - [2026-03-22T22:23:35.566+0000] {dag.py:3239} INFO - Sync 1 DAGs
[2026-03-22T22:23:35.576+0000] {logging_mixin.py:190} INFO - [2026-03-22T22:23:35.575+0000] {dag.py:4180} INFO - Setting next_dagrun for ml_pipeline to None, run_after=None
[2026-03-22T22:23:35.593+0000] {processor.py:208} INFO - Processing /home/ec2-user/environment/lab4_model_training/dags/ml_training_pipeline_v2.py took 1.329 seconds
[2026-03-22T22:24:05.767+0000] {processor.py:186} INFO - Started process (PID=8040) to work on /home/ec2-user/environment/lab4_model_training/dags/ml_training_pipeline_v2.py
[2026-03-22T22:24:05.768+0000] {processor.py:914} INFO - Processing file /home/ec2-user/environment/lab4_model_training/dags/ml_training_pipeline_v2.py for tasks to queue
[2026-03-22T22:24:05.770+0000] {logging_mixin.py:190} INFO - [2026-03-22T22:24:05.769+0000] {dagbag.py:588} INFO - Filling up the DagBag from /home/ec2-user/environment/lab4_model_training/dags/ml_training_pipeline_v2.py
[2026-03-22T22:24:07.056+0000] {processor.py:925} INFO - DAG(s) 'ml_pipeline' retrieved from /home/ec2-user/environment/lab4_model_training/dags/ml_training_pipeline_v2.py
[2026-03-22T22:24:07.133+0000] {logging_mixin.py:190} INFO - [2026-03-22T22:24:07.132+0000] {dag.py:3239} INFO - Sync 1 DAGs
[2026-03-22T22:24:07.142+0000] {logging_mixin.py:190} INFO - [2026-03-22T22:24:07.142+0000] {dag.py:4180} INFO - Setting next_dagrun for ml_pipeline to None, run_after=None
[2026-03-22T22:24:07.161+0000] {processor.py:208} INFO - Processing /home/ec2-user/environment/lab4_model_training/dags/ml_training_pipeline_v2.py took 1.398 seconds
[2026-03-22T22:24:37.275+0000] {processor.py:186} INFO - Started process (PID=8068) to work on /home/ec2-user/environment/lab4_model_training/dags/ml_training_pipeline_v2.py
[2026-03-22T22:24:37.276+0000] {processor.py:914} INFO - Processing file /home/ec2-user/environment/lab4_model_training/dags/ml_training_pipeline_v2.py for tasks to queue
[2026-03-22T22:24:37.278+0000] {logging_mixin.py:190} INFO - [2026-03-22T22:24:37.277+0000] {dagbag.py:588} INFO - Filling up the DagBag from /home/ec2-user/environment/lab4_model_training/dags/ml_training_pipeline_v2.py
[2026-03-22T22:24:38.560+0000] {processor.py:925} INFO - DAG(s) 'ml_pipeline' retrieved from /home/ec2-user/environment/lab4_model_training/dags/ml_training_pipeline_v2.py
[2026-03-22T22:24:38.573+0000] {logging_mixin.py:190} INFO - [2026-03-22T22:24:38.573+0000] {dag.py:3239} INFO - Sync 1 DAGs
[2026-03-22T22:24:38.582+0000] {logging_mixin.py:190} INFO - [2026-03-22T22:24:38.582+0000] {dag.py:4180} INFO - Setting next_dagrun for ml_pipeline to None, run_after=None
[2026-03-22T22:24:38.601+0000] {processor.py:208} INFO - Processing /home/ec2-user/environment/lab4_model_training/dags/ml_training_pipeline_v2.py took 1.330 seconds
[2026-03-22T22:25:08.772+0000] {processor.py:186} INFO - Started process (PID=8106) to work on /home/ec2-user/environment/lab4_model_training/dags/ml_training_pipeline_v2.py
[2026-03-22T22:25:08.773+0000] {processor.py:914} INFO - Processing file /home/ec2-user/environment/lab4_model_training/dags/ml_training_pipeline_v2.py for tasks to queue
[2026-03-22T22:25:08.775+0000] {logging_mixin.py:190} INFO - [2026-03-22T22:25:08.774+0000] {dagbag.py:588} INFO - Filling up the DagBag from /home/ec2-user/environment/lab4_model_training/dags/ml_training_pipeline_v2.py
[2026-03-22T22:25:10.048+0000] {processor.py:925} INFO - DAG(s) 'ml_pipeline' retrieved from /home/ec2-user/environment/lab4_model_training/dags/ml_training_pipeline_v2.py
[2026-03-22T22:25:10.052+0000] {logging_mixin.py:190} INFO - [2026-03-22T22:25:10.052+0000] {dag.py:3239} INFO - Sync 1 DAGs
[2026-03-22T22:25:10.061+0000] {logging_mixin.py:190} INFO - [2026-03-22T22:25:10.061+0000] {dag.py:4180} INFO - Setting next_dagrun for ml_pipeline to None, run_after=None
[2026-03-22T22:25:10.079+0000] {processor.py:208} INFO - Processing /home/ec2-user/environment/lab4_model_training/dags/ml_training_pipeline_v2.py took 1.311 seconds
[2026-03-22T22:25:40.269+0000] {processor.py:186} INFO - Started process (PID=8138) to work on /home/ec2-user/environment/lab4_model_training/dags/ml_training_pipeline_v2.py
[2026-03-22T22:25:40.270+0000] {processor.py:914} INFO - Processing file /home/ec2-user/environment/lab4_model_training/dags/ml_training_pipeline_v2.py for tasks to queue
[2026-03-22T22:25:40.272+0000] {logging_mixin.py:190} INFO - [2026-03-22T22:25:40.272+0000] {dagbag.py:588} INFO - Filling up the DagBag from /home/ec2-user/environment/lab4_model_training/dags/ml_training_pipeline_v2.py
[2026-03-22T22:25:41.974+0000] {processor.py:925} INFO - DAG(s) 'ml_pipeline' retrieved from /home/ec2-user/environment/lab4_model_training/dags/ml_training_pipeline_v2.py
[2026-03-22T22:25:42.094+0000] {logging_mixin.py:190} INFO - [2026-03-22T22:25:42.094+0000] {dag.py:3239} INFO - Sync 1 DAGs
[2026-03-22T22:25:42.111+0000] {logging_mixin.py:190} INFO - [2026-03-22T22:25:42.111+0000] {dag.py:4180} INFO - Setting next_dagrun for ml_pipeline to None, run_after=None
[2026-03-22T22:25:42.142+0000] {processor.py:208} INFO - Processing /home/ec2-user/environment/lab4_model_training/dags/ml_training_pipeline_v2.py took 1.878 seconds
[2026-03-22T22:26:12.266+0000] {processor.py:186} INFO - Started process (PID=8231) to work on /home/ec2-user/environment/lab4_model_training/dags/ml_training_pipeline_v2.py
[2026-03-22T22:26:12.267+0000] {processor.py:914} INFO - Processing file /home/ec2-user/environment/lab4_model_training/dags/ml_training_pipeline_v2.py for tasks to queue
[2026-03-22T22:26:12.269+0000] {logging_mixin.py:190} INFO - [2026-03-22T22:26:12.268+0000] {dagbag.py:588} INFO - Filling up the DagBag from /home/ec2-user/environment/lab4_model_training/dags/ml_training_pipeline_v2.py
[2026-03-22T22:26:13.559+0000] {processor.py:925} INFO - DAG(s) 'ml_pipeline' retrieved from /home/ec2-user/environment/lab4_model_training/dags/ml_training_pipeline_v2.py
[2026-03-22T22:26:13.573+0000] {logging_mixin.py:190} INFO - [2026-03-22T22:26:13.572+0000] {dag.py:3239} INFO - Sync 1 DAGs
[2026-03-22T22:26:13.583+0000] {logging_mixin.py:190} INFO - [2026-03-22T22:26:13.583+0000] {dag.py:4180} INFO - Setting next_dagrun for ml_pipeline to None, run_after=None
[2026-03-22T22:26:13.601+0000] {processor.py:208} INFO - Processing /home/ec2-user/environment/lab4_model_training/dags/ml_training_pipeline_v2.py took 1.340 seconds
[2026-03-22T22:26:43.761+0000] {processor.py:186} INFO - Started process (PID=8261) to work on /home/ec2-user/environment/lab4_model_training/dags/ml_training_pipeline_v2.py
[2026-03-22T22:26:43.762+0000] {processor.py:914} INFO - Processing file /home/ec2-user/environment/lab4_model_training/dags/ml_training_pipeline_v2.py for tasks to queue
[2026-03-22T22:26:43.764+0000] {logging_mixin.py:190} INFO - [2026-03-22T22:26:43.763+0000] {dagbag.py:588} INFO - Filling up the DagBag from /home/ec2-user/environment/lab4_model_training/dags/ml_training_pipeline_v2.py
[2026-03-22T22:26:45.054+0000] {processor.py:925} INFO - DAG(s) 'ml_pipeline' retrieved from /home/ec2-user/environment/lab4_model_training/dags/ml_training_pipeline_v2.py
[2026-03-22T22:26:45.059+0000] {logging_mixin.py:190} INFO - [2026-03-22T22:26:45.058+0000] {dag.py:3239} INFO - Sync 1 DAGs
[2026-03-22T22:26:45.069+0000] {logging_mixin.py:190} INFO - [2026-03-22T22:26:45.069+0000] {dag.py:4180} INFO - Setting next_dagrun for ml_pipeline to None, run_after=None
[2026-03-22T22:26:45.086+0000] {processor.py:208} INFO - Processing /home/ec2-user/environment/lab4_model_training/dags/ml_training_pipeline_v2.py took 1.330 seconds
[2026-03-22T22:27:15.249+0000] {processor.py:186} INFO - Started process (PID=8299) to work on /home/ec2-user/environment/lab4_model_training/dags/ml_training_pipeline_v2.py
[2026-03-22T22:27:15.250+0000] {processor.py:914} INFO - Processing file /home/ec2-user/environment/lab4_model_training/dags/ml_training_pipeline_v2.py for tasks to queue
[2026-03-22T22:27:15.251+0000] {logging_mixin.py:190} INFO - [2026-03-22T22:27:15.251+0000] {dagbag.py:588} INFO - Filling up the DagBag from /home/ec2-user/environment/lab4_model_training/dags/ml_training_pipeline_v2.py
[2026-03-22T22:27:16.531+0000] {processor.py:925} INFO - DAG(s) 'ml_pipeline' retrieved from /home/ec2-user/environment/lab4_model_training/dags/ml_training_pipeline_v2.py
[2026-03-22T22:27:16.609+0000] {logging_mixin.py:190} INFO - [2026-03-22T22:27:16.608+0000] {dag.py:3239} INFO - Sync 1 DAGs
[2026-03-22T22:27:16.618+0000] {logging_mixin.py:190} INFO - [2026-03-22T22:27:16.618+0000] {dag.py:4180} INFO - Setting next_dagrun for ml_pipeline to None, run_after=None
[2026-03-22T22:27:16.636+0000] {processor.py:208} INFO - Processing /home/ec2-user/environment/lab4_model_training/dags/ml_training_pipeline_v2.py took 1.392 seconds
[2026-03-22T22:27:46.752+0000] {processor.py:186} INFO - Started process (PID=8326) to work on /home/ec2-user/environment/lab4_model_training/dags/ml_training_pipeline_v2.py
[2026-03-22T22:27:46.752+0000] {processor.py:914} INFO - Processing file /home/ec2-user/environment/lab4_model_training/dags/ml_training_pipeline_v2.py for tasks to queue
[2026-03-22T22:27:46.754+0000] {logging_mixin.py:190} INFO - [2026-03-22T22:27:46.753+0000] {dagbag.py:588} INFO - Filling up the DagBag from /home/ec2-user/environment/lab4_model_training/dags/ml_training_pipeline_v2.py
[2026-03-22T22:27:48.028+0000] {processor.py:925} INFO - DAG(s) 'ml_pipeline' retrieved from /home/ec2-user/environment/lab4_model_training/dags/ml_training_pipeline_v2.py
[2026-03-22T22:27:48.042+0000] {logging_mixin.py:190} INFO - [2026-03-22T22:27:48.042+0000] {dag.py:3239} INFO - Sync 1 DAGs
[2026-03-22T22:27:48.051+0000] {logging_mixin.py:190} INFO - [2026-03-22T22:27:48.051+0000] {dag.py:4180} INFO - Setting next_dagrun for ml_pipeline to None, run_after=None
[2026-03-22T22:27:48.068+0000] {processor.py:208} INFO - Processing /home/ec2-user/environment/lab4_model_training/dags/ml_training_pipeline_v2.py took 1.321 seconds
[2026-03-22T22:28:18.247+0000] {processor.py:186} INFO - Started process (PID=8415) to work on /home/ec2-user/environment/lab4_model_training/dags/ml_training_pipeline_v2.py
[2026-03-22T22:28:18.249+0000] {processor.py:914} INFO - Processing file /home/ec2-user/environment/lab4_model_training/dags/ml_training_pipeline_v2.py for tasks to queue
[2026-03-22T22:28:18.251+0000] {logging_mixin.py:190} INFO - [2026-03-22T22:28:18.251+0000] {dagbag.py:588} INFO - Filling up the DagBag from /home/ec2-user/environment/lab4_model_training/dags/ml_training_pipeline_v2.py
[2026-03-22T22:28:19.526+0000] {processor.py:925} INFO - DAG(s) 'ml_pipeline' retrieved from /home/ec2-user/environment/lab4_model_training/dags/ml_training_pipeline_v2.py
[2026-03-22T22:28:19.530+0000] {logging_mixin.py:190} INFO - [2026-03-22T22:28:19.530+0000] {dag.py:3239} INFO - Sync 1 DAGs
[2026-03-22T22:28:19.539+0000] {logging_mixin.py:190} INFO - [2026-03-22T22:28:19.539+0000] {dag.py:4180} INFO - Setting next_dagrun for ml_pipeline to None, run_after=None
[2026-03-22T22:28:19.557+0000] {processor.py:208} INFO - Processing /home/ec2-user/environment/lab4_model_training/dags/ml_training_pipeline_v2.py took 1.314 seconds
[2026-03-22T22:28:49.744+0000] {processor.py:186} INFO - Started process (PID=8442) to work on /home/ec2-user/environment/lab4_model_training/dags/ml_training_pipeline_v2.py
[2026-03-22T22:28:49.745+0000] {processor.py:914} INFO - Processing file /home/ec2-user/environment/lab4_model_training/dags/ml_training_pipeline_v2.py for tasks to queue
[2026-03-22T22:28:49.747+0000] {logging_mixin.py:190} INFO - [2026-03-22T22:28:49.746+0000] {dagbag.py:588} INFO - Filling up the DagBag from /home/ec2-user/environment/lab4_model_training/dags/ml_training_pipeline_v2.py
[2026-03-22T22:28:51.029+0000] {processor.py:925} INFO - DAG(s) 'ml_pipeline' retrieved from /home/ec2-user/environment/lab4_model_training/dags/ml_training_pipeline_v2.py
[2026-03-22T22:28:51.111+0000] {logging_mixin.py:190} INFO - [2026-03-22T22:28:51.110+0000] {dag.py:3239} INFO - Sync 1 DAGs
[2026-03-22T22:28:51.120+0000] {logging_mixin.py:190} INFO - [2026-03-22T22:28:51.119+0000] {dag.py:4180} INFO - Setting next_dagrun for ml_pipeline to None, run_after=None
[2026-03-22T22:28:51.137+0000] {processor.py:208} INFO - Processing /home/ec2-user/environment/lab4_model_training/dags/ml_training_pipeline_v2.py took 1.399 seconds
[2026-03-22T22:29:21.252+0000] {processor.py:186} INFO - Started process (PID=8502) to work on /home/ec2-user/environment/lab4_model_training/dags/ml_training_pipeline_v2.py
[2026-03-22T22:29:21.253+0000] {processor.py:914} INFO - Processing file /home/ec2-user/environment/lab4_model_training/dags/ml_training_pipeline_v2.py for tasks to queue
[2026-03-22T22:29:21.255+0000] {logging_mixin.py:190} INFO - [2026-03-22T22:29:21.254+0000] {dagbag.py:588} INFO - Filling up the DagBag from /home/ec2-user/environment/lab4_model_training/dags/ml_training_pipeline_v2.py
[2026-03-22T22:29:22.550+0000] {processor.py:925} INFO - DAG(s) 'ml_pipeline' retrieved from /home/ec2-user/environment/lab4_model_training/dags/ml_training_pipeline_v2.py
[2026-03-22T22:29:22.564+0000] {logging_mixin.py:190} INFO - [2026-03-22T22:29:22.563+0000] {dag.py:3239} INFO - Sync 1 DAGs
[2026-03-22T22:29:22.573+0000] {logging_mixin.py:190} INFO - [2026-03-22T22:29:22.573+0000] {dag.py:4180} INFO - Setting next_dagrun for ml_pipeline to None, run_after=None
[2026-03-22T22:29:22.591+0000] {processor.py:208} INFO - Processing /home/ec2-user/environment/lab4_model_training/dags/ml_training_pipeline_v2.py took 1.345 seconds
[2026-03-22T22:29:54.252+0000] {processor.py:186} INFO - Started process (PID=8682) to work on /home/ec2-user/environment/lab4_model_training/dags/ml_training_pipeline_v2.py
[2026-03-22T22:29:54.253+0000] {processor.py:914} INFO - Processing file /home/ec2-user/environment/lab4_model_training/dags/ml_training_pipeline_v2.py for tasks to queue
[2026-03-22T22:29:54.255+0000] {logging_mixin.py:190} INFO - [2026-03-22T22:29:54.254+0000] {dagbag.py:588} INFO - Filling up the DagBag from /home/ec2-user/environment/lab4_model_training/dags/ml_training_pipeline_v2.py
[2026-03-22T22:29:55.544+0000] {processor.py:925} INFO - DAG(s) 'ml_pipeline' retrieved from /home/ec2-user/environment/lab4_model_training/dags/ml_training_pipeline_v2.py
[2026-03-22T22:29:55.548+0000] {logging_mixin.py:190} INFO - [2026-03-22T22:29:55.547+0000] {dag.py:3239} INFO - Sync 1 DAGs
[2026-03-22T22:29:55.557+0000] {logging_mixin.py:190} INFO - [2026-03-22T22:29:55.557+0000] {dag.py:4180} INFO - Setting next_dagrun for ml_pipeline to None, run_after=None
[2026-03-22T22:29:55.574+0000] {processor.py:208} INFO - Processing /home/ec2-user/environment/lab4_model_training/dags/ml_training_pipeline_v2.py took 1.327 seconds
[2026-03-22T22:30:26.230+0000] {processor.py:186} INFO - Started process (PID=8722) to work on /home/ec2-user/environment/lab4_model_training/dags/ml_training_pipeline_v2.py
[2026-03-22T22:30:26.231+0000] {processor.py:914} INFO - Processing file /home/ec2-user/environment/lab4_model_training/dags/ml_training_pipeline_v2.py for tasks to queue
[2026-03-22T22:30:26.232+0000] {logging_mixin.py:190} INFO - [2026-03-22T22:30:26.232+0000] {dagbag.py:588} INFO - Filling up the DagBag from /home/ec2-user/environment/lab4_model_training/dags/ml_training_pipeline_v2.py
[2026-03-22T22:30:27.519+0000] {processor.py:925} INFO - DAG(s) 'ml_pipeline' retrieved from /home/ec2-user/environment/lab4_model_training/dags/ml_training_pipeline_v2.py
[2026-03-22T22:30:27.597+0000] {logging_mixin.py:190} INFO - [2026-03-22T22:30:27.596+0000] {dag.py:3239} INFO - Sync 1 DAGs
[2026-03-22T22:30:27.606+0000] {logging_mixin.py:190} INFO - [2026-03-22T22:30:27.605+0000] {dag.py:4180} INFO - Setting next_dagrun for ml_pipeline to None, run_after=None
[2026-03-22T22:30:27.625+0000] {processor.py:208} INFO - Processing /home/ec2-user/environment/lab4_model_training/dags/ml_training_pipeline_v2.py took 1.401 seconds
[2026-03-22T22:30:58.208+0000] {processor.py:186} INFO - Started process (PID=8798) to work on /home/ec2-user/environment/lab4_model_training/dags/ml_training_pipeline_v2.py
[2026-03-22T22:30:58.208+0000] {processor.py:914} INFO - Processing file /home/ec2-user/environment/lab4_model_training/dags/ml_training_pipeline_v2.py for tasks to queue
[2026-03-22T22:30:58.210+0000] {logging_mixin.py:190} INFO - [2026-03-22T22:30:58.209+0000] {dagbag.py:588} INFO - Filling up the DagBag from /home/ec2-user/environment/lab4_model_training/dags/ml_training_pipeline_v2.py
[2026-03-22T22:30:59.500+0000] {processor.py:925} INFO - DAG(s) 'ml_pipeline' retrieved from /home/ec2-user/environment/lab4_model_training/dags/ml_training_pipeline_v2.py
[2026-03-22T22:30:59.513+0000] {logging_mixin.py:190} INFO - [2026-03-22T22:30:59.513+0000] {dag.py:3239} INFO - Sync 1 DAGs
[2026-03-22T22:30:59.523+0000] {logging_mixin.py:190} INFO - [2026-03-22T22:30:59.523+0000] {dag.py:4180} INFO - Setting next_dagrun for ml_pipeline to None, run_after=None
[2026-03-22T22:30:59.542+0000] {processor.py:208} INFO - Processing /home/ec2-user/environment/lab4_model_training/dags/ml_training_pipeline_v2.py took 1.340 seconds
[2026-03-22T22:31:30.289+0000] {processor.py:186} INFO - Started process (PID=8846) to work on /home/ec2-user/environment/lab4_model_training/dags/ml_training_pipeline_v2.py
[2026-03-22T22:31:30.290+0000] {processor.py:914} INFO - Processing file /home/ec2-user/environment/lab4_model_training/dags/ml_training_pipeline_v2.py for tasks to queue
[2026-03-22T22:31:30.292+0000] {logging_mixin.py:190} INFO - [2026-03-22T22:31:30.291+0000] {dagbag.py:588} INFO - Filling up the DagBag from /home/ec2-user/environment/lab4_model_training/dags/ml_training_pipeline_v2.py
[2026-03-22T22:31:31.574+0000] {processor.py:925} INFO - DAG(s) 'ml_pipeline' retrieved from /home/ec2-user/environment/lab4_model_training/dags/ml_training_pipeline_v2.py
[2026-03-22T22:31:31.578+0000] {logging_mixin.py:190} INFO - [2026-03-22T22:31:31.578+0000] {dag.py:3239} INFO - Sync 1 DAGs
[2026-03-22T22:31:31.588+0000] {logging_mixin.py:190} INFO - [2026-03-22T22:31:31.588+0000] {dag.py:4180} INFO - Setting next_dagrun for ml_pipeline to None, run_after=None
[2026-03-22T22:31:31.606+0000] {processor.py:208} INFO - Processing /home/ec2-user/environment/lab4_model_training/dags/ml_training_pipeline_v2.py took 1.322 seconds
[2026-03-22T22:32:02.265+0000] {processor.py:186} INFO - Started process (PID=8884) to work on /home/ec2-user/environment/lab4_model_training/dags/ml_training_pipeline_v2.py
[2026-03-22T22:32:02.266+0000] {processor.py:914} INFO - Processing file /home/ec2-user/environment/lab4_model_training/dags/ml_training_pipeline_v2.py for tasks to queue
[2026-03-22T22:32:02.267+0000] {logging_mixin.py:190} INFO - [2026-03-22T22:32:02.267+0000] {dagbag.py:588} INFO - Filling up the DagBag from /home/ec2-user/environment/lab4_model_training/dags/ml_training_pipeline_v2.py
[2026-03-22T22:32:03.569+0000] {processor.py:925} INFO - DAG(s) 'ml_pipeline' retrieved from /home/ec2-user/environment/lab4_model_training/dags/ml_training_pipeline_v2.py
[2026-03-22T22:32:03.648+0000] {logging_mixin.py:190} INFO - [2026-03-22T22:32:03.647+0000] {dag.py:3239} INFO - Sync 1 DAGs
[2026-03-22T22:32:03.657+0000] {logging_mixin.py:190} INFO - [2026-03-22T22:32:03.656+0000] {dag.py:4180} INFO - Setting next_dagrun for ml_pipeline to None, run_after=None
[2026-03-22T22:32:03.674+0000] {processor.py:208} INFO - Processing /home/ec2-user/environment/lab4_model_training/dags/ml_training_pipeline_v2.py took 1.414 seconds
[2026-03-22T22:32:34.015+0000] {processor.py:186} INFO - Started process (PID=8928) to work on /home/ec2-user/environment/lab4_model_training/dags/ml_training_pipeline_v2.py
[2026-03-22T22:32:34.016+0000] {processor.py:914} INFO - Processing file /home/ec2-user/environment/lab4_model_training/dags/ml_training_pipeline_v2.py for tasks to queue
[2026-03-22T22:32:34.017+0000] {logging_mixin.py:190} INFO - [2026-03-22T22:32:34.017+0000] {dagbag.py:588} INFO - Filling up the DagBag from /home/ec2-user/environment/lab4_model_training/dags/ml_training_pipeline_v2.py
[2026-03-22T22:32:35.304+0000] {processor.py:925} INFO - DAG(s) 'ml_pipeline' retrieved from /home/ec2-user/environment/lab4_model_training/dags/ml_training_pipeline_v2.py
[2026-03-22T22:32:35.318+0000] {logging_mixin.py:190} INFO - [2026-03-22T22:32:35.317+0000] {dag.py:3239} INFO - Sync 1 DAGs
[2026-03-22T22:32:35.327+0000] {logging_mixin.py:190} INFO - [2026-03-22T22:32:35.327+0000] {dag.py:4180} INFO - Setting next_dagrun for ml_pipeline to None, run_after=None
[2026-03-22T22:32:35.345+0000] {processor.py:208} INFO - Processing /home/ec2-user/environment/lab4_model_training/dags/ml_training_pipeline_v2.py took 1.334 seconds
[2026-03-22T22:33:06.221+0000] {processor.py:186} INFO - Started process (PID=9058) to work on /home/ec2-user/environment/lab4_model_training/dags/ml_training_pipeline_v2.py
[2026-03-22T22:33:06.223+0000] {processor.py:914} INFO - Processing file /home/ec2-user/environment/lab4_model_training/dags/ml_training_pipeline_v2.py for tasks to queue
[2026-03-22T22:33:06.224+0000] {logging_mixin.py:190} INFO - [2026-03-22T22:33:06.224+0000] {dagbag.py:588} INFO - Filling up the DagBag from /home/ec2-user/environment/lab4_model_training/dags/ml_training_pipeline_v2.py
[2026-03-22T22:33:07.505+0000] {processor.py:925} INFO - DAG(s) 'ml_pipeline' retrieved from /home/ec2-user/environment/lab4_model_training/dags/ml_training_pipeline_v2.py
[2026-03-22T22:33:07.509+0000] {logging_mixin.py:190} INFO - [2026-03-22T22:33:07.509+0000] {dag.py:3239} INFO - Sync 1 DAGs
[2026-03-22T22:33:07.520+0000] {logging_mixin.py:190} INFO - [2026-03-22T22:33:07.520+0000] {dag.py:4180} INFO - Setting next_dagrun for ml_pipeline to None, run_after=None
[2026-03-22T22:33:07.538+0000] {processor.py:208} INFO - Processing /home/ec2-user/environment/lab4_model_training/dags/ml_training_pipeline_v2.py took 1.321 seconds
[2026-03-22T22:33:38.954+0000] {processor.py:186} INFO - Started process (PID=9112) to work on /home/ec2-user/environment/lab4_model_training/dags/ml_training_pipeline_v2.py
[2026-03-22T22:33:38.956+0000] {processor.py:914} INFO - Processing file /home/ec2-user/environment/lab4_model_training/dags/ml_training_pipeline_v2.py for tasks to queue
[2026-03-22T22:33:38.957+0000] {logging_mixin.py:190} INFO - [2026-03-22T22:33:38.956+0000] {dagbag.py:588} INFO - Filling up the DagBag from /home/ec2-user/environment/lab4_model_training/dags/ml_training_pipeline_v2.py
[2026-03-22T22:33:40.536+0000] {processor.py:925} INFO - DAG(s) 'ml_pipeline' retrieved from /home/ec2-user/environment/lab4_model_training/dags/ml_training_pipeline_v2.py
[2026-03-22T22:33:40.659+0000] {logging_mixin.py:190} INFO - [2026-03-22T22:33:40.659+0000] {dag.py:3239} INFO - Sync 1 DAGs
[2026-03-22T22:33:40.674+0000] {logging_mixin.py:190} INFO - [2026-03-22T22:33:40.674+0000] {dag.py:4180} INFO - Setting next_dagrun for ml_pipeline to None, run_after=None
[2026-03-22T22:33:40.707+0000] {processor.py:208} INFO - Processing /home/ec2-user/environment/lab4_model_training/dags/ml_training_pipeline_v2.py took 1.758 seconds
[2026-03-22T22:34:11.481+0000] {processor.py:186} INFO - Started process (PID=9152) to work on /home/ec2-user/environment/lab4_model_training/dags/ml_training_pipeline_v2.py
[2026-03-22T22:34:11.481+0000] {processor.py:914} INFO - Processing file /home/ec2-user/environment/lab4_model_training/dags/ml_training_pipeline_v2.py for tasks to queue
[2026-03-22T22:34:11.482+0000] {logging_mixin.py:190} INFO - [2026-03-22T22:34:11.482+0000] {dagbag.py:588} INFO - Filling up the DagBag from /home/ec2-user/environment/lab4_model_training/dags/ml_training_pipeline_v2.py
[2026-03-22T22:34:12.748+0000] {processor.py:925} INFO - DAG(s) 'ml_pipeline' retrieved from /home/ec2-user/environment/lab4_model_training/dags/ml_training_pipeline_v2.py
[2026-03-22T22:34:12.761+0000] {logging_mixin.py:190} INFO - [2026-03-22T22:34:12.761+0000] {dag.py:3239} INFO - Sync 1 DAGs
[2026-03-22T22:34:12.770+0000] {logging_mixin.py:190} INFO - [2026-03-22T22:34:12.770+0000] {dag.py:4180} INFO - Setting next_dagrun for ml_pipeline to None, run_after=None
[2026-03-22T22:34:12.788+0000] {processor.py:208} INFO - Processing /home/ec2-user/environment/lab4_model_training/dags/ml_training_pipeline_v2.py took 1.312 seconds
[2026-03-22T22:34:42.987+0000] {processor.py:186} INFO - Started process (PID=9179) to work on /home/ec2-user/environment/lab4_model_training/dags/ml_training_pipeline_v2.py
[2026-03-22T22:34:42.987+0000] {processor.py:914} INFO - Processing file /home/ec2-user/environment/lab4_model_training/dags/ml_training_pipeline_v2.py for tasks to queue
[2026-03-22T22:34:42.989+0000] {logging_mixin.py:190} INFO - [2026-03-22T22:34:42.988+0000] {dagbag.py:588} INFO - Filling up the DagBag from /home/ec2-user/environment/lab4_model_training/dags/ml_training_pipeline_v2.py
[2026-03-22T22:34:44.271+0000] {processor.py:925} INFO - DAG(s) 'ml_pipeline' retrieved from /home/ec2-user/environment/lab4_model_training/dags/ml_training_pipeline_v2.py
[2026-03-22T22:34:44.275+0000] {logging_mixin.py:190} INFO - [2026-03-22T22:34:44.275+0000] {dag.py:3239} INFO - Sync 1 DAGs
[2026-03-22T22:34:44.285+0000] {logging_mixin.py:190} INFO - [2026-03-22T22:34:44.285+0000] {dag.py:4180} INFO - Setting next_dagrun for ml_pipeline to None, run_after=None
[2026-03-22T22:34:44.302+0000] {processor.py:208} INFO - Processing /home/ec2-user/environment/lab4_model_training/dags/ml_training_pipeline_v2.py took 1.320 seconds
[2026-03-22T22:35:14.484+0000] {processor.py:186} INFO - Started process (PID=9270) to work on /home/ec2-user/environment/lab4_model_training/dags/ml_training_pipeline_v2.py
[2026-03-22T22:35:14.485+0000] {processor.py:914} INFO - Processing file /home/ec2-user/environment/lab4_model_training/dags/ml_training_pipeline_v2.py for tasks to queue
[2026-03-22T22:35:14.487+0000] {logging_mixin.py:190} INFO - [2026-03-22T22:35:14.486+0000] {dagbag.py:588} INFO - Filling up the DagBag from /home/ec2-user/environment/lab4_model_training/dags/ml_training_pipeline_v2.py
[2026-03-22T22:35:15.768+0000] {processor.py:925} INFO - DAG(s) 'ml_pipeline' retrieved from /home/ec2-user/environment/lab4_model_training/dags/ml_training_pipeline_v2.py
[2026-03-22T22:35:15.845+0000] {logging_mixin.py:190} INFO - [2026-03-22T22:35:15.844+0000] {dag.py:3239} INFO - Sync 1 DAGs
[2026-03-22T22:35:15.853+0000] {logging_mixin.py:190} INFO - [2026-03-22T22:35:15.853+0000] {dag.py:4180} INFO - Setting next_dagrun for ml_pipeline to None, run_after=None
[2026-03-22T22:35:15.872+0000] {processor.py:208} INFO - Processing /home/ec2-user/environment/lab4_model_training/dags/ml_training_pipeline_v2.py took 1.393 seconds
[2026-03-22T22:35:45.989+0000] {processor.py:186} INFO - Started process (PID=9297) to work on /home/ec2-user/environment/lab4_model_training/dags/ml_training_pipeline_v2.py
[2026-03-22T22:35:45.990+0000] {processor.py:914} INFO - Processing file /home/ec2-user/environment/lab4_model_training/dags/ml_training_pipeline_v2.py for tasks to queue
[2026-03-22T22:35:45.991+0000] {logging_mixin.py:190} INFO - [2026-03-22T22:35:45.991+0000] {dagbag.py:588} INFO - Filling up the DagBag from /home/ec2-user/environment/lab4_model_training/dags/ml_training_pipeline_v2.py
[2026-03-22T22:35:47.291+0000] {processor.py:925} INFO - DAG(s) 'ml_pipeline' retrieved from /home/ec2-user/environment/lab4_model_training/dags/ml_training_pipeline_v2.py
[2026-03-22T22:35:47.304+0000] {logging_mixin.py:190} INFO - [2026-03-22T22:35:47.304+0000] {dag.py:3239} INFO - Sync 1 DAGs
[2026-03-22T22:35:47.313+0000] {logging_mixin.py:190} INFO - [2026-03-22T22:35:47.313+0000] {dag.py:4180} INFO - Setting next_dagrun for ml_pipeline to None, run_after=None
[2026-03-22T22:35:47.335+0000] {processor.py:208} INFO - Processing /home/ec2-user/environment/lab4_model_training/dags/ml_training_pipeline_v2.py took 1.350 seconds
[2026-03-22T22:36:17.820+0000] {processor.py:186} INFO - Started process (PID=9379) to work on /home/ec2-user/environment/lab4_model_training/dags/ml_training_pipeline_v2.py
[2026-03-22T22:36:17.821+0000] {processor.py:914} INFO - Processing file /home/ec2-user/environment/lab4_model_training/dags/ml_training_pipeline_v2.py for tasks to queue
[2026-03-22T22:36:17.823+0000] {logging_mixin.py:190} INFO - [2026-03-22T22:36:17.822+0000] {dagbag.py:588} INFO - Filling up the DagBag from /home/ec2-user/environment/lab4_model_training/dags/ml_training_pipeline_v2.py
[2026-03-22T22:36:19.377+0000] {processor.py:925} INFO - DAG(s) 'ml_pipeline' retrieved from /home/ec2-user/environment/lab4_model_training/dags/ml_training_pipeline_v2.py
[2026-03-22T22:36:19.381+0000] {logging_mixin.py:190} INFO - [2026-03-22T22:36:19.381+0000] {dag.py:3239} INFO - Sync 1 DAGs
[2026-03-22T22:36:19.390+0000] {logging_mixin.py:190} INFO - [2026-03-22T22:36:19.390+0000] {dag.py:4180} INFO - Setting next_dagrun for ml_pipeline to None, run_after=None
[2026-03-22T22:36:19.408+0000] {processor.py:208} INFO - Processing /home/ec2-user/environment/lab4_model_training/dags/ml_training_pipeline_v2.py took 1.593 seconds
[2026-03-22T22:36:49.589+0000] {processor.py:186} INFO - Started process (PID=9500) to work on /home/ec2-user/environment/lab4_model_training/dags/ml_training_pipeline_v2.py
[2026-03-22T22:36:49.590+0000] {processor.py:914} INFO - Processing file /home/ec2-user/environment/lab4_model_training/dags/ml_training_pipeline_v2.py for tasks to queue
[2026-03-22T22:36:49.593+0000] {logging_mixin.py:190} INFO - [2026-03-22T22:36:49.592+0000] {dagbag.py:588} INFO - Filling up the DagBag from /home/ec2-user/environment/lab4_model_training/dags/ml_training_pipeline_v2.py
[2026-03-22T22:36:50.869+0000] {processor.py:925} INFO - DAG(s) 'ml_pipeline' retrieved from /home/ec2-user/environment/lab4_model_training/dags/ml_training_pipeline_v2.py
[2026-03-22T22:36:50.947+0000] {logging_mixin.py:190} INFO - [2026-03-22T22:36:50.946+0000] {dag.py:3239} INFO - Sync 1 DAGs
[2026-03-22T22:36:50.956+0000] {logging_mixin.py:190} INFO - [2026-03-22T22:36:50.956+0000] {dag.py:4180} INFO - Setting next_dagrun for ml_pipeline to None, run_after=None
[2026-03-22T22:36:50.974+0000] {processor.py:208} INFO - Processing /home/ec2-user/environment/lab4_model_training/dags/ml_training_pipeline_v2.py took 1.390 seconds
[2026-03-22T22:37:21.521+0000] {processor.py:186} INFO - Started process (PID=9541) to work on /home/ec2-user/environment/lab4_model_training/dags/ml_training_pipeline_v2.py
[2026-03-22T22:37:21.522+0000] {processor.py:914} INFO - Processing file /home/ec2-user/environment/lab4_model_training/dags/ml_training_pipeline_v2.py for tasks to queue
[2026-03-22T22:37:21.524+0000] {logging_mixin.py:190} INFO - [2026-03-22T22:37:21.523+0000] {dagbag.py:588} INFO - Filling up the DagBag from /home/ec2-user/environment/lab4_model_training/dags/ml_training_pipeline_v2.py
[2026-03-22T22:37:22.827+0000] {processor.py:925} INFO - DAG(s) 'ml_pipeline' retrieved from /home/ec2-user/environment/lab4_model_training/dags/ml_training_pipeline_v2.py
[2026-03-22T22:37:22.841+0000] {logging_mixin.py:190} INFO - [2026-03-22T22:37:22.841+0000] {dag.py:3239} INFO - Sync 1 DAGs
[2026-03-22T22:37:22.851+0000] {logging_mixin.py:190} INFO - [2026-03-22T22:37:22.850+0000] {dag.py:4180} INFO - Setting next_dagrun for ml_pipeline to None, run_after=None
[2026-03-22T22:37:22.869+0000] {processor.py:208} INFO - Processing /home/ec2-user/environment/lab4_model_training/dags/ml_training_pipeline_v2.py took 1.352 seconds
[2026-03-22T22:37:53.625+0000] {processor.py:186} INFO - Started process (PID=9569) to work on /home/ec2-user/environment/lab4_model_training/dags/ml_training_pipeline_v2.py
[2026-03-22T22:37:53.626+0000] {processor.py:914} INFO - Processing file /home/ec2-user/environment/lab4_model_training/dags/ml_training_pipeline_v2.py for tasks to queue
[2026-03-22T22:37:53.627+0000] {logging_mixin.py:190} INFO - [2026-03-22T22:37:53.627+0000] {dagbag.py:588} INFO - Filling up the DagBag from /home/ec2-user/environment/lab4_model_training/dags/ml_training_pipeline_v2.py
[2026-03-22T22:37:54.899+0000] {processor.py:925} INFO - DAG(s) 'ml_pipeline' retrieved from /home/ec2-user/environment/lab4_model_training/dags/ml_training_pipeline_v2.py
[2026-03-22T22:37:54.903+0000] {logging_mixin.py:190} INFO - [2026-03-22T22:37:54.902+0000] {dag.py:3239} INFO - Sync 1 DAGs
[2026-03-22T22:37:54.913+0000] {logging_mixin.py:190} INFO - [2026-03-22T22:37:54.913+0000] {dag.py:4180} INFO - Setting next_dagrun for ml_pipeline to None, run_after=None
[2026-03-22T22:37:54.930+0000] {processor.py:208} INFO - Processing /home/ec2-user/environment/lab4_model_training/dags/ml_training_pipeline_v2.py took 1.310 seconds
[2026-03-22T22:38:25.812+0000] {processor.py:186} INFO - Started process (PID=9664) to work on /home/ec2-user/environment/lab4_model_training/dags/ml_training_pipeline_v2.py
[2026-03-22T22:38:25.813+0000] {processor.py:914} INFO - Processing file /home/ec2-user/environment/lab4_model_training/dags/ml_training_pipeline_v2.py for tasks to queue
[2026-03-22T22:38:25.815+0000] {logging_mixin.py:190} INFO - [2026-03-22T22:38:25.814+0000] {dagbag.py:588} INFO - Filling up the DagBag from /home/ec2-user/environment/lab4_model_training/dags/ml_training_pipeline_v2.py
[2026-03-22T22:38:27.087+0000] {processor.py:925} INFO - DAG(s) 'ml_pipeline' retrieved from /home/ec2-user/environment/lab4_model_training/dags/ml_training_pipeline_v2.py
[2026-03-22T22:38:27.164+0000] {logging_mixin.py:190} INFO - [2026-03-22T22:38:27.164+0000] {dag.py:3239} INFO - Sync 1 DAGs
[2026-03-22T22:38:27.173+0000] {logging_mixin.py:190} INFO - [2026-03-22T22:38:27.173+0000] {dag.py:4180} INFO - Setting next_dagrun for ml_pipeline to None, run_after=None
[2026-03-22T22:38:27.191+0000] {processor.py:208} INFO - Processing /home/ec2-user/environment/lab4_model_training/dags/ml_training_pipeline_v2.py took 1.384 seconds
[2026-03-22T22:38:57.426+0000] {processor.py:186} INFO - Started process (PID=9699) to work on /home/ec2-user/environment/lab4_model_training/dags/ml_training_pipeline_v2.py
[2026-03-22T22:38:57.427+0000] {processor.py:914} INFO - Processing file /home/ec2-user/environment/lab4_model_training/dags/ml_training_pipeline_v2.py for tasks to queue
[2026-03-22T22:38:57.429+0000] {logging_mixin.py:190} INFO - [2026-03-22T22:38:57.429+0000] {dagbag.py:588} INFO - Filling up the DagBag from /home/ec2-user/environment/lab4_model_training/dags/ml_training_pipeline_v2.py
[2026-03-22T22:38:58.712+0000] {processor.py:925} INFO - DAG(s) 'ml_pipeline' retrieved from /home/ec2-user/environment/lab4_model_training/dags/ml_training_pipeline_v2.py
[2026-03-22T22:38:58.727+0000] {logging_mixin.py:190} INFO - [2026-03-22T22:38:58.726+0000] {dag.py:3239} INFO - Sync 1 DAGs
[2026-03-22T22:38:58.736+0000] {logging_mixin.py:190} INFO - [2026-03-22T22:38:58.736+0000] {dag.py:4180} INFO - Setting next_dagrun for ml_pipeline to None, run_after=None
[2026-03-22T22:38:58.753+0000] {processor.py:208} INFO - Processing /home/ec2-user/environment/lab4_model_training/dags/ml_training_pipeline_v2.py took 1.333 seconds
[2026-03-22T22:39:29.058+0000] {processor.py:186} INFO - Started process (PID=9740) to work on /home/ec2-user/environment/lab4_model_training/dags/ml_training_pipeline_v2.py
[2026-03-22T22:39:29.058+0000] {processor.py:914} INFO - Processing file /home/ec2-user/environment/lab4_model_training/dags/ml_training_pipeline_v2.py for tasks to queue
[2026-03-22T22:39:29.059+0000] {logging_mixin.py:190} INFO - [2026-03-22T22:39:29.059+0000] {dagbag.py:588} INFO - Filling up the DagBag from /home/ec2-user/environment/lab4_model_training/dags/ml_training_pipeline_v2.py
[2026-03-22T22:39:30.337+0000] {processor.py:925} INFO - DAG(s) 'ml_pipeline' retrieved from /home/ec2-user/environment/lab4_model_training/dags/ml_training_pipeline_v2.py
[2026-03-22T22:39:30.342+0000] {logging_mixin.py:190} INFO - [2026-03-22T22:39:30.341+0000] {dag.py:3239} INFO - Sync 1 DAGs
[2026-03-22T22:39:30.351+0000] {logging_mixin.py:190} INFO - [2026-03-22T22:39:30.351+0000] {dag.py:4180} INFO - Setting next_dagrun for ml_pipeline to None, run_after=None
[2026-03-22T22:39:30.368+0000] {processor.py:208} INFO - Processing /home/ec2-user/environment/lab4_model_training/dags/ml_training_pipeline_v2.py took 1.316 seconds
[2026-03-22T22:40:00.685+0000] {processor.py:186} INFO - Started process (PID=9817) to work on /home/ec2-user/environment/lab4_model_training/dags/ml_training_pipeline_v2.py
[2026-03-22T22:40:00.686+0000] {processor.py:914} INFO - Processing file /home/ec2-user/environment/lab4_model_training/dags/ml_training_pipeline_v2.py for tasks to queue
[2026-03-22T22:40:00.687+0000] {logging_mixin.py:190} INFO - [2026-03-22T22:40:00.687+0000] {dagbag.py:588} INFO - Filling up the DagBag from /home/ec2-user/environment/lab4_model_training/dags/ml_training_pipeline_v2.py
[2026-03-22T22:40:01.999+0000] {processor.py:925} INFO - DAG(s) 'ml_pipeline' retrieved from /home/ec2-user/environment/lab4_model_training/dags/ml_training_pipeline_v2.py
[2026-03-22T22:40:02.076+0000] {logging_mixin.py:190} INFO - [2026-03-22T22:40:02.075+0000] {dag.py:3239} INFO - Sync 1 DAGs
[2026-03-22T22:40:02.084+0000] {logging_mixin.py:190} INFO - [2026-03-22T22:40:02.084+0000] {dag.py:4180} INFO - Setting next_dagrun for ml_pipeline to None, run_after=None
[2026-03-22T22:40:02.103+0000] {processor.py:208} INFO - Processing /home/ec2-user/environment/lab4_model_training/dags/ml_training_pipeline_v2.py took 1.423 seconds
[2026-03-22T22:40:32.700+0000] {processor.py:186} INFO - Started process (PID=9861) to work on /home/ec2-user/environment/lab4_model_training/dags/ml_training_pipeline_v2.py
[2026-03-22T22:40:32.701+0000] {processor.py:914} INFO - Processing file /home/ec2-user/environment/lab4_model_training/dags/ml_training_pipeline_v2.py for tasks to queue
[2026-03-22T22:40:32.703+0000] {logging_mixin.py:190} INFO - [2026-03-22T22:40:32.702+0000] {dagbag.py:588} INFO - Filling up the DagBag from /home/ec2-user/environment/lab4_model_training/dags/ml_training_pipeline_v2.py
[2026-03-22T22:40:33.997+0000] {processor.py:925} INFO - DAG(s) 'ml_pipeline' retrieved from /home/ec2-user/environment/lab4_model_training/dags/ml_training_pipeline_v2.py
[2026-03-22T22:40:34.011+0000] {logging_mixin.py:190} INFO - [2026-03-22T22:40:34.010+0000] {dag.py:3239} INFO - Sync 1 DAGs
[2026-03-22T22:40:34.020+0000] {logging_mixin.py:190} INFO - [2026-03-22T22:40:34.020+0000] {dag.py:4180} INFO - Setting next_dagrun for ml_pipeline to None, run_after=None
[2026-03-22T22:40:34.038+0000] {processor.py:208} INFO - Processing /home/ec2-user/environment/lab4_model_training/dags/ml_training_pipeline_v2.py took 1.343 seconds
[2026-03-22T22:41:04.327+0000] {processor.py:186} INFO - Started process (PID=9904) to work on /home/ec2-user/environment/lab4_model_training/dags/ml_training_pipeline_v2.py
[2026-03-22T22:41:04.328+0000] {processor.py:914} INFO - Processing file /home/ec2-user/environment/lab4_model_training/dags/ml_training_pipeline_v2.py for tasks to queue
[2026-03-22T22:41:04.330+0000] {logging_mixin.py:190} INFO - [2026-03-22T22:41:04.329+0000] {dagbag.py:588} INFO - Filling up the DagBag from /home/ec2-user/environment/lab4_model_training/dags/ml_training_pipeline_v2.py
[2026-03-22T22:41:05.604+0000] {processor.py:925} INFO - DAG(s) 'ml_pipeline' retrieved from /home/ec2-user/environment/lab4_model_training/dags/ml_training_pipeline_v2.py
[2026-03-22T22:41:05.608+0000] {logging_mixin.py:190} INFO - [2026-03-22T22:41:05.608+0000] {dag.py:3239} INFO - Sync 1 DAGs
[2026-03-22T22:41:05.618+0000] {logging_mixin.py:190} INFO - [2026-03-22T22:41:05.618+0000] {dag.py:4180} INFO - Setting next_dagrun for ml_pipeline to None, run_after=None
[2026-03-22T22:41:05.635+0000] {processor.py:208} INFO - Processing /home/ec2-user/environment/lab4_model_training/dags/ml_training_pipeline_v2.py took 1.312 seconds
[2026-03-22T22:41:35.919+0000] {processor.py:186} INFO - Started process (PID=9930) to work on /home/ec2-user/environment/lab4_model_training/dags/ml_training_pipeline_v2.py
[2026-03-22T22:41:35.919+0000] {processor.py:914} INFO - Processing file /home/ec2-user/environment/lab4_model_training/dags/ml_training_pipeline_v2.py for tasks to queue
[2026-03-22T22:41:35.921+0000] {logging_mixin.py:190} INFO - [2026-03-22T22:41:35.920+0000] {dagbag.py:588} INFO - Filling up the DagBag from /home/ec2-user/environment/lab4_model_training/dags/ml_training_pipeline_v2.py
[2026-03-22T22:41:37.179+0000] {processor.py:925} INFO - DAG(s) 'ml_pipeline' retrieved from /home/ec2-user/environment/lab4_model_training/dags/ml_training_pipeline_v2.py
[2026-03-22T22:41:37.256+0000] {logging_mixin.py:190} INFO - [2026-03-22T22:41:37.256+0000] {dag.py:3239} INFO - Sync 1 DAGs
[2026-03-22T22:41:37.266+0000] {logging_mixin.py:190} INFO - [2026-03-22T22:41:37.266+0000] {dag.py:4180} INFO - Setting next_dagrun for ml_pipeline to None, run_after=None
[2026-03-22T22:41:37.285+0000] {processor.py:208} INFO - Processing /home/ec2-user/environment/lab4_model_training/dags/ml_training_pipeline_v2.py took 1.371 seconds
[2026-03-22T22:42:07.628+0000] {processor.py:186} INFO - Started process (PID=10040) to work on /home/ec2-user/environment/lab4_model_training/dags/ml_training_pipeline_v2.py
[2026-03-22T22:42:07.632+0000] {processor.py:914} INFO - Processing file /home/ec2-user/environment/lab4_model_training/dags/ml_training_pipeline_v2.py for tasks to queue
[2026-03-22T22:42:07.635+0000] {logging_mixin.py:190} INFO - [2026-03-22T22:42:07.635+0000] {dagbag.py:588} INFO - Filling up the DagBag from /home/ec2-user/environment/lab4_model_training/dags/ml_training_pipeline_v2.py
[2026-03-22T22:42:09.332+0000] {processor.py:925} INFO - DAG(s) 'ml_pipeline' retrieved from /home/ec2-user/environment/lab4_model_training/dags/ml_training_pipeline_v2.py
[2026-03-22T22:42:09.352+0000] {logging_mixin.py:190} INFO - [2026-03-22T22:42:09.352+0000] {dag.py:3239} INFO - Sync 1 DAGs
[2026-03-22T22:42:09.369+0000] {logging_mixin.py:190} INFO - [2026-03-22T22:42:09.369+0000] {dag.py:4180} INFO - Setting next_dagrun for ml_pipeline to None, run_after=None
[2026-03-22T22:42:09.402+0000] {processor.py:208} INFO - Processing /home/ec2-user/environment/lab4_model_training/dags/ml_training_pipeline_v2.py took 1.781 seconds
[2026-03-22T22:42:39.652+0000] {processor.py:186} INFO - Started process (PID=10074) to work on /home/ec2-user/environment/lab4_model_training/dags/ml_training_pipeline_v2.py
[2026-03-22T22:42:39.653+0000] {processor.py:914} INFO - Processing file /home/ec2-user/environment/lab4_model_training/dags/ml_training_pipeline_v2.py for tasks to queue
[2026-03-22T22:42:39.654+0000] {logging_mixin.py:190} INFO - [2026-03-22T22:42:39.654+0000] {dagbag.py:588} INFO - Filling up the DagBag from /home/ec2-user/environment/lab4_model_training/dags/ml_training_pipeline_v2.py
[2026-03-22T22:42:40.935+0000] {processor.py:925} INFO - DAG(s) 'ml_pipeline' retrieved from /home/ec2-user/environment/lab4_model_training/dags/ml_training_pipeline_v2.py
[2026-03-22T22:42:40.939+0000] {logging_mixin.py:190} INFO - [2026-03-22T22:42:40.939+0000] {dag.py:3239} INFO - Sync 1 DAGs
[2026-03-22T22:42:40.949+0000] {logging_mixin.py:190} INFO - [2026-03-22T22:42:40.949+0000] {dag.py:4180} INFO - Setting next_dagrun for ml_pipeline to None, run_after=None
[2026-03-22T22:42:40.966+0000] {processor.py:208} INFO - Processing /home/ec2-user/environment/lab4_model_training/dags/ml_training_pipeline_v2.py took 1.319 seconds
[2026-03-22T22:43:11.289+0000] {processor.py:186} INFO - Started process (PID=10119) to work on /home/ec2-user/environment/lab4_model_training/dags/ml_training_pipeline_v2.py
[2026-03-22T22:43:11.290+0000] {processor.py:914} INFO - Processing file /home/ec2-user/environment/lab4_model_training/dags/ml_training_pipeline_v2.py for tasks to queue
[2026-03-22T22:43:11.292+0000] {logging_mixin.py:190} INFO - [2026-03-22T22:43:11.291+0000] {dagbag.py:588} INFO - Filling up the DagBag from /home/ec2-user/environment/lab4_model_training/dags/ml_training_pipeline_v2.py
[2026-03-22T22:43:12.566+0000] {processor.py:925} INFO - DAG(s) 'ml_pipeline' retrieved from /home/ec2-user/environment/lab4_model_training/dags/ml_training_pipeline_v2.py
[2026-03-22T22:43:12.645+0000] {logging_mixin.py:190} INFO - [2026-03-22T22:43:12.645+0000] {dag.py:3239} INFO - Sync 1 DAGs
[2026-03-22T22:43:12.653+0000] {logging_mixin.py:190} INFO - [2026-03-22T22:43:12.653+0000] {dag.py:4180} INFO - Setting next_dagrun for ml_pipeline to None, run_after=None
[2026-03-22T22:43:12.671+0000] {processor.py:208} INFO - Processing /home/ec2-user/environment/lab4_model_training/dags/ml_training_pipeline_v2.py took 1.387 seconds
[2026-03-22T22:43:42.914+0000] {processor.py:186} INFO - Started process (PID=10147) to work on /home/ec2-user/environment/lab4_model_training/dags/ml_training_pipeline_v2.py
[2026-03-22T22:43:42.915+0000] {processor.py:914} INFO - Processing file /home/ec2-user/environment/lab4_model_training/dags/ml_training_pipeline_v2.py for tasks to queue
[2026-03-22T22:43:42.918+0000] {logging_mixin.py:190} INFO - [2026-03-22T22:43:42.917+0000] {dagbag.py:588} INFO - Filling up the DagBag from /home/ec2-user/environment/lab4_model_training/dags/ml_training_pipeline_v2.py
[2026-03-22T22:43:44.198+0000] {processor.py:925} INFO - DAG(s) 'ml_pipeline' retrieved from /home/ec2-user/environment/lab4_model_training/dags/ml_training_pipeline_v2.py
[2026-03-22T22:43:44.213+0000] {logging_mixin.py:190} INFO - [2026-03-22T22:43:44.213+0000] {dag.py:3239} INFO - Sync 1 DAGs
[2026-03-22T22:43:44.222+0000] {logging_mixin.py:190} INFO - [2026-03-22T22:43:44.222+0000] {dag.py:4180} INFO - Setting next_dagrun for ml_pipeline to None, run_after=None
[2026-03-22T22:43:44.240+0000] {processor.py:208} INFO - Processing /home/ec2-user/environment/lab4_model_training/dags/ml_training_pipeline_v2.py took 1.330 seconds
[2026-03-22T22:44:14.548+0000] {processor.py:186} INFO - Started process (PID=10260) to work on /home/ec2-user/environment/lab4_model_training/dags/ml_training_pipeline_v2.py
[2026-03-22T22:44:14.549+0000] {processor.py:914} INFO - Processing file /home/ec2-user/environment/lab4_model_training/dags/ml_training_pipeline_v2.py for tasks to queue
[2026-03-22T22:44:14.551+0000] {logging_mixin.py:190} INFO - [2026-03-22T22:44:14.551+0000] {dagbag.py:588} INFO - Filling up the DagBag from /home/ec2-user/environment/lab4_model_training/dags/ml_training_pipeline_v2.py
[2026-03-22T22:44:15.819+0000] {processor.py:925} INFO - DAG(s) 'ml_pipeline' retrieved from /home/ec2-user/environment/lab4_model_training/dags/ml_training_pipeline_v2.py
[2026-03-22T22:44:15.823+0000] {logging_mixin.py:190} INFO - [2026-03-22T22:44:15.823+0000] {dag.py:3239} INFO - Sync 1 DAGs
[2026-03-22T22:44:15.833+0000] {logging_mixin.py:190} INFO - [2026-03-22T22:44:15.833+0000] {dag.py:4180} INFO - Setting next_dagrun for ml_pipeline to None, run_after=None
[2026-03-22T22:44:15.850+0000] {processor.py:208} INFO - Processing /home/ec2-user/environment/lab4_model_training/dags/ml_training_pipeline_v2.py took 1.308 seconds
[2026-03-22T22:44:46.190+0000] {processor.py:186} INFO - Started process (PID=10287) to work on /home/ec2-user/environment/lab4_model_training/dags/ml_training_pipeline_v2.py
[2026-03-22T22:44:46.190+0000] {processor.py:914} INFO - Processing file /home/ec2-user/environment/lab4_model_training/dags/ml_training_pipeline_v2.py for tasks to queue
[2026-03-22T22:44:46.192+0000] {logging_mixin.py:190} INFO - [2026-03-22T22:44:46.191+0000] {dagbag.py:588} INFO - Filling up the DagBag from /home/ec2-user/environment/lab4_model_training/dags/ml_training_pipeline_v2.py
[2026-03-22T22:44:47.474+0000] {processor.py:925} INFO - DAG(s) 'ml_pipeline' retrieved from /home/ec2-user/environment/lab4_model_training/dags/ml_training_pipeline_v2.py
[2026-03-22T22:44:47.551+0000] {logging_mixin.py:190} INFO - [2026-03-22T22:44:47.551+0000] {dag.py:3239} INFO - Sync 1 DAGs
[2026-03-22T22:44:47.560+0000] {logging_mixin.py:190} INFO - [2026-03-22T22:44:47.560+0000] {dag.py:4180} INFO - Setting next_dagrun for ml_pipeline to None, run_after=None
[2026-03-22T22:44:47.578+0000] {processor.py:208} INFO - Processing /home/ec2-user/environment/lab4_model_training/dags/ml_training_pipeline_v2.py took 1.393 seconds
[2026-03-22T22:45:17.822+0000] {processor.py:186} INFO - Started process (PID=10326) to work on /home/ec2-user/environment/lab4_model_training/dags/ml_training_pipeline_v2.py
[2026-03-22T22:45:17.822+0000] {processor.py:914} INFO - Processing file /home/ec2-user/environment/lab4_model_training/dags/ml_training_pipeline_v2.py for tasks to queue
[2026-03-22T22:45:17.824+0000] {logging_mixin.py:190} INFO - [2026-03-22T22:45:17.823+0000] {dagbag.py:588} INFO - Filling up the DagBag from /home/ec2-user/environment/lab4_model_training/dags/ml_training_pipeline_v2.py
[2026-03-22T22:45:19.108+0000] {processor.py:925} INFO - DAG(s) 'ml_pipeline' retrieved from /home/ec2-user/environment/lab4_model_training/dags/ml_training_pipeline_v2.py
[2026-03-22T22:45:19.121+0000] {logging_mixin.py:190} INFO - [2026-03-22T22:45:19.121+0000] {dag.py:3239} INFO - Sync 1 DAGs
[2026-03-22T22:45:19.130+0000] {logging_mixin.py:190} INFO - [2026-03-22T22:45:19.130+0000] {dag.py:4180} INFO - Setting next_dagrun for ml_pipeline to None, run_after=None
[2026-03-22T22:45:19.147+0000] {processor.py:208} INFO - Processing /home/ec2-user/environment/lab4_model_training/dags/ml_training_pipeline_v2.py took 1.330 seconds
[2026-03-22T22:45:49.444+0000] {processor.py:186} INFO - Started process (PID=10352) to work on /home/ec2-user/environment/lab4_model_training/dags/ml_training_pipeline_v2.py
[2026-03-22T22:45:49.446+0000] {processor.py:914} INFO - Processing file /home/ec2-user/environment/lab4_model_training/dags/ml_training_pipeline_v2.py for tasks to queue
[2026-03-22T22:45:49.447+0000] {logging_mixin.py:190} INFO - [2026-03-22T22:45:49.446+0000] {dagbag.py:588} INFO - Filling up the DagBag from /home/ec2-user/environment/lab4_model_training/dags/ml_training_pipeline_v2.py
[2026-03-22T22:45:50.722+0000] {processor.py:925} INFO - DAG(s) 'ml_pipeline' retrieved from /home/ec2-user/environment/lab4_model_training/dags/ml_training_pipeline_v2.py
[2026-03-22T22:45:50.726+0000] {logging_mixin.py:190} INFO - [2026-03-22T22:45:50.726+0000] {dag.py:3239} INFO - Sync 1 DAGs
[2026-03-22T22:45:50.736+0000] {logging_mixin.py:190} INFO - [2026-03-22T22:45:50.736+0000] {dag.py:4180} INFO - Setting next_dagrun for ml_pipeline to None, run_after=None
[2026-03-22T22:45:50.753+0000] {processor.py:208} INFO - Processing /home/ec2-user/environment/lab4_model_training/dags/ml_training_pipeline_v2.py took 1.313 seconds
[2026-03-22T22:46:21.071+0000] {processor.py:186} INFO - Started process (PID=10452) to work on /home/ec2-user/environment/lab4_model_training/dags/ml_training_pipeline_v2.py
[2026-03-22T22:46:21.071+0000] {processor.py:914} INFO - Processing file /home/ec2-user/environment/lab4_model_training/dags/ml_training_pipeline_v2.py for tasks to queue
[2026-03-22T22:46:21.073+0000] {logging_mixin.py:190} INFO - [2026-03-22T22:46:21.072+0000] {dagbag.py:588} INFO - Filling up the DagBag from /home/ec2-user/environment/lab4_model_training/dags/ml_training_pipeline_v2.py
[2026-03-22T22:46:22.361+0000] {processor.py:925} INFO - DAG(s) 'ml_pipeline' retrieved from /home/ec2-user/environment/lab4_model_training/dags/ml_training_pipeline_v2.py
[2026-03-22T22:46:22.440+0000] {logging_mixin.py:190} INFO - [2026-03-22T22:46:22.439+0000] {dag.py:3239} INFO - Sync 1 DAGs
[2026-03-22T22:46:22.448+0000] {logging_mixin.py:190} INFO - [2026-03-22T22:46:22.448+0000] {dag.py:4180} INFO - Setting next_dagrun for ml_pipeline to None, run_after=None
[2026-03-22T22:46:22.468+0000] {processor.py:208} INFO - Processing /home/ec2-user/environment/lab4_model_training/dags/ml_training_pipeline_v2.py took 1.402 seconds
[2026-03-22T22:46:53.434+0000] {processor.py:186} INFO - Started process (PID=10496) to work on /home/ec2-user/environment/lab4_model_training/dags/ml_training_pipeline_v2.py
[2026-03-22T22:46:53.437+0000] {processor.py:914} INFO - Processing file /home/ec2-user/environment/lab4_model_training/dags/ml_training_pipeline_v2.py for tasks to queue
[2026-03-22T22:46:53.440+0000] {logging_mixin.py:190} INFO - [2026-03-22T22:46:53.440+0000] {dagbag.py:588} INFO - Filling up the DagBag from /home/ec2-user/environment/lab4_model_training/dags/ml_training_pipeline_v2.py
[2026-03-22T22:46:55.274+0000] {processor.py:925} INFO - DAG(s) 'ml_pipeline' retrieved from /home/ec2-user/environment/lab4_model_training/dags/ml_training_pipeline_v2.py
[2026-03-22T22:46:55.287+0000] {logging_mixin.py:190} INFO - [2026-03-22T22:46:55.286+0000] {dag.py:3239} INFO - Sync 1 DAGs
[2026-03-22T22:46:55.296+0000] {logging_mixin.py:190} INFO - [2026-03-22T22:46:55.296+0000] {dag.py:4180} INFO - Setting next_dagrun for ml_pipeline to None, run_after=None
[2026-03-22T22:46:55.315+0000] {processor.py:208} INFO - Processing /home/ec2-user/environment/lab4_model_training/dags/ml_training_pipeline_v2.py took 1.887 seconds
[2026-03-22T22:47:25.876+0000] {processor.py:186} INFO - Started process (PID=10546) to work on /home/ec2-user/environment/lab4_model_training/dags/ml_training_pipeline_v2.py
[2026-03-22T22:47:25.877+0000] {processor.py:914} INFO - Processing file /home/ec2-user/environment/lab4_model_training/dags/ml_training_pipeline_v2.py for tasks to queue
[2026-03-22T22:47:25.878+0000] {logging_mixin.py:190} INFO - [2026-03-22T22:47:25.878+0000] {dagbag.py:588} INFO - Filling up the DagBag from /home/ec2-user/environment/lab4_model_training/dags/ml_training_pipeline_v2.py
[2026-03-22T22:47:27.155+0000] {processor.py:925} INFO - DAG(s) 'ml_pipeline' retrieved from /home/ec2-user/environment/lab4_model_training/dags/ml_training_pipeline_v2.py
[2026-03-22T22:47:27.159+0000] {logging_mixin.py:190} INFO - [2026-03-22T22:47:27.159+0000] {dag.py:3239} INFO - Sync 1 DAGs
[2026-03-22T22:47:27.169+0000] {logging_mixin.py:190} INFO - [2026-03-22T22:47:27.169+0000] {dag.py:4180} INFO - Setting next_dagrun for ml_pipeline to None, run_after=None
[2026-03-22T22:47:27.187+0000] {processor.py:208} INFO - Processing /home/ec2-user/environment/lab4_model_training/dags/ml_training_pipeline_v2.py took 1.317 seconds
[2026-03-22T22:47:57.629+0000] {processor.py:186} INFO - Started process (PID=10632) to work on /home/ec2-user/environment/lab4_model_training/dags/ml_training_pipeline_v2.py
[2026-03-22T22:47:57.630+0000] {processor.py:914} INFO - Processing file /home/ec2-user/environment/lab4_model_training/dags/ml_training_pipeline_v2.py for tasks to queue
[2026-03-22T22:47:57.631+0000] {logging_mixin.py:190} INFO - [2026-03-22T22:47:57.631+0000] {dagbag.py:588} INFO - Filling up the DagBag from /home/ec2-user/environment/lab4_model_training/dags/ml_training_pipeline_v2.py
[2026-03-22T22:47:58.909+0000] {processor.py:925} INFO - DAG(s) 'ml_pipeline' retrieved from /home/ec2-user/environment/lab4_model_training/dags/ml_training_pipeline_v2.py
[2026-03-22T22:47:58.991+0000] {logging_mixin.py:190} INFO - [2026-03-22T22:47:58.991+0000] {dag.py:3239} INFO - Sync 1 DAGs
[2026-03-22T22:47:59.000+0000] {logging_mixin.py:190} INFO - [2026-03-22T22:47:59.000+0000] {dag.py:4180} INFO - Setting next_dagrun for ml_pipeline to None, run_after=None
[2026-03-22T22:47:59.018+0000] {processor.py:208} INFO - Processing /home/ec2-user/environment/lab4_model_training/dags/ml_training_pipeline_v2.py took 1.393 seconds
[2026-03-22T22:48:29.509+0000] {processor.py:186} INFO - Started process (PID=10676) to work on /home/ec2-user/environment/lab4_model_training/dags/ml_training_pipeline_v2.py
[2026-03-22T22:48:29.510+0000] {processor.py:914} INFO - Processing file /home/ec2-user/environment/lab4_model_training/dags/ml_training_pipeline_v2.py for tasks to queue
[2026-03-22T22:48:29.512+0000] {logging_mixin.py:190} INFO - [2026-03-22T22:48:29.511+0000] {dagbag.py:588} INFO - Filling up the DagBag from /home/ec2-user/environment/lab4_model_training/dags/ml_training_pipeline_v2.py
[2026-03-22T22:48:30.785+0000] {processor.py:925} INFO - DAG(s) 'ml_pipeline' retrieved from /home/ec2-user/environment/lab4_model_training/dags/ml_training_pipeline_v2.py
[2026-03-22T22:48:30.799+0000] {logging_mixin.py:190} INFO - [2026-03-22T22:48:30.798+0000] {dag.py:3239} INFO - Sync 1 DAGs
[2026-03-22T22:48:30.808+0000] {logging_mixin.py:190} INFO - [2026-03-22T22:48:30.808+0000] {dag.py:4180} INFO - Setting next_dagrun for ml_pipeline to None, run_after=None
[2026-03-22T22:48:30.825+0000] {processor.py:208} INFO - Processing /home/ec2-user/environment/lab4_model_training/dags/ml_training_pipeline_v2.py took 1.321 seconds
[2026-03-22T22:49:00.982+0000] {processor.py:186} INFO - Started process (PID=10705) to work on /home/ec2-user/environment/lab4_model_training/dags/ml_training_pipeline_v2.py
[2026-03-22T22:49:00.983+0000] {processor.py:914} INFO - Processing file /home/ec2-user/environment/lab4_model_training/dags/ml_training_pipeline_v2.py for tasks to queue
[2026-03-22T22:49:00.984+0000] {logging_mixin.py:190} INFO - [2026-03-22T22:49:00.984+0000] {dagbag.py:588} INFO - Filling up the DagBag from /home/ec2-user/environment/lab4_model_training/dags/ml_training_pipeline_v2.py
[2026-03-22T22:49:02.277+0000] {processor.py:925} INFO - DAG(s) 'ml_pipeline' retrieved from /home/ec2-user/environment/lab4_model_training/dags/ml_training_pipeline_v2.py
[2026-03-22T22:49:02.281+0000] {logging_mixin.py:190} INFO - [2026-03-22T22:49:02.281+0000] {dag.py:3239} INFO - Sync 1 DAGs
[2026-03-22T22:49:02.292+0000] {logging_mixin.py:190} INFO - [2026-03-22T22:49:02.292+0000] {dag.py:4180} INFO - Setting next_dagrun for ml_pipeline to None, run_after=None
[2026-03-22T22:49:02.310+0000] {processor.py:208} INFO - Processing /home/ec2-user/environment/lab4_model_training/dags/ml_training_pipeline_v2.py took 1.332 seconds
[2026-03-22T22:49:32.466+0000] {processor.py:186} INFO - Started process (PID=10747) to work on /home/ec2-user/environment/lab4_model_training/dags/ml_training_pipeline_v2.py
[2026-03-22T22:49:32.467+0000] {processor.py:914} INFO - Processing file /home/ec2-user/environment/lab4_model_training/dags/ml_training_pipeline_v2.py for tasks to queue
[2026-03-22T22:49:32.468+0000] {logging_mixin.py:190} INFO - [2026-03-22T22:49:32.468+0000] {dagbag.py:588} INFO - Filling up the DagBag from /home/ec2-user/environment/lab4_model_training/dags/ml_training_pipeline_v2.py
[2026-03-22T22:49:33.752+0000] {processor.py:925} INFO - DAG(s) 'ml_pipeline' retrieved from /home/ec2-user/environment/lab4_model_training/dags/ml_training_pipeline_v2.py
[2026-03-22T22:49:33.830+0000] {logging_mixin.py:190} INFO - [2026-03-22T22:49:33.829+0000] {dag.py:3239} INFO - Sync 1 DAGs
[2026-03-22T22:49:33.839+0000] {logging_mixin.py:190} INFO - [2026-03-22T22:49:33.839+0000] {dag.py:4180} INFO - Setting next_dagrun for ml_pipeline to None, run_after=None
[2026-03-22T22:49:33.857+0000] {processor.py:208} INFO - Processing /home/ec2-user/environment/lab4_model_training/dags/ml_training_pipeline_v2.py took 1.396 seconds
[2026-03-22T22:50:03.950+0000] {processor.py:186} INFO - Started process (PID=10866) to work on /home/ec2-user/environment/lab4_model_training/dags/ml_training_pipeline_v2.py
[2026-03-22T22:50:03.951+0000] {processor.py:914} INFO - Processing file /home/ec2-user/environment/lab4_model_training/dags/ml_training_pipeline_v2.py for tasks to queue
[2026-03-22T22:50:03.953+0000] {logging_mixin.py:190} INFO - [2026-03-22T22:50:03.953+0000] {dagbag.py:588} INFO - Filling up the DagBag from /home/ec2-user/environment/lab4_model_training/dags/ml_training_pipeline_v2.py
[2026-03-22T22:50:05.228+0000] {processor.py:925} INFO - DAG(s) 'ml_pipeline' retrieved from /home/ec2-user/environment/lab4_model_training/dags/ml_training_pipeline_v2.py
[2026-03-22T22:50:05.241+0000] {logging_mixin.py:190} INFO - [2026-03-22T22:50:05.241+0000] {dag.py:3239} INFO - Sync 1 DAGs
[2026-03-22T22:50:05.254+0000] {logging_mixin.py:190} INFO - [2026-03-22T22:50:05.254+0000] {dag.py:4180} INFO - Setting next_dagrun for ml_pipeline to None, run_after=None
[2026-03-22T22:50:05.271+0000] {processor.py:208} INFO - Processing /home/ec2-user/environment/lab4_model_training/dags/ml_training_pipeline_v2.py took 1.326 seconds
[2026-03-22T22:50:35.426+0000] {processor.py:186} INFO - Started process (PID=10894) to work on /home/ec2-user/environment/lab4_model_training/dags/ml_training_pipeline_v2.py
[2026-03-22T22:50:35.427+0000] {processor.py:914} INFO - Processing file /home/ec2-user/environment/lab4_model_training/dags/ml_training_pipeline_v2.py for tasks to queue
[2026-03-22T22:50:35.428+0000] {logging_mixin.py:190} INFO - [2026-03-22T22:50:35.428+0000] {dagbag.py:588} INFO - Filling up the DagBag from /home/ec2-user/environment/lab4_model_training/dags/ml_training_pipeline_v2.py
[2026-03-22T22:50:36.706+0000] {processor.py:925} INFO - DAG(s) 'ml_pipeline' retrieved from /home/ec2-user/environment/lab4_model_training/dags/ml_training_pipeline_v2.py
[2026-03-22T22:50:36.710+0000] {logging_mixin.py:190} INFO - [2026-03-22T22:50:36.710+0000] {dag.py:3239} INFO - Sync 1 DAGs
[2026-03-22T22:50:36.719+0000] {logging_mixin.py:190} INFO - [2026-03-22T22:50:36.719+0000] {dag.py:4180} INFO - Setting next_dagrun for ml_pipeline to None, run_after=None
[2026-03-22T22:50:36.737+0000] {processor.py:208} INFO - Processing /home/ec2-user/environment/lab4_model_training/dags/ml_training_pipeline_v2.py took 1.315 seconds
[2026-03-22T22:51:06.902+0000] {processor.py:186} INFO - Started process (PID=10939) to work on /home/ec2-user/environment/lab4_model_training/dags/ml_training_pipeline_v2.py
[2026-03-22T22:51:06.903+0000] {processor.py:914} INFO - Processing file /home/ec2-user/environment/lab4_model_training/dags/ml_training_pipeline_v2.py for tasks to queue
[2026-03-22T22:51:06.905+0000] {logging_mixin.py:190} INFO - [2026-03-22T22:51:06.904+0000] {dagbag.py:588} INFO - Filling up the DagBag from /home/ec2-user/environment/lab4_model_training/dags/ml_training_pipeline_v2.py
[2026-03-22T22:51:08.183+0000] {processor.py:925} INFO - DAG(s) 'ml_pipeline' retrieved from /home/ec2-user/environment/lab4_model_training/dags/ml_training_pipeline_v2.py
[2026-03-22T22:51:08.261+0000] {logging_mixin.py:190} INFO - [2026-03-22T22:51:08.260+0000] {dag.py:3239} INFO - Sync 1 DAGs
[2026-03-22T22:51:08.269+0000] {logging_mixin.py:190} INFO - [2026-03-22T22:51:08.269+0000] {dag.py:4180} INFO - Setting next_dagrun for ml_pipeline to None, run_after=None
[2026-03-22T22:51:08.288+0000] {processor.py:208} INFO - Processing /home/ec2-user/environment/lab4_model_training/dags/ml_training_pipeline_v2.py took 1.391 seconds
[2026-03-22T22:51:38.383+0000] {processor.py:186} INFO - Started process (PID=11042) to work on /home/ec2-user/environment/lab4_model_training/dags/ml_training_pipeline_v2.py
[2026-03-22T22:51:38.383+0000] {processor.py:914} INFO - Processing file /home/ec2-user/environment/lab4_model_training/dags/ml_training_pipeline_v2.py for tasks to queue
[2026-03-22T22:51:38.384+0000] {logging_mixin.py:190} INFO - [2026-03-22T22:51:38.384+0000] {dagbag.py:588} INFO - Filling up the DagBag from /home/ec2-user/environment/lab4_model_training/dags/ml_training_pipeline_v2.py
[2026-03-22T22:51:39.667+0000] {processor.py:925} INFO - DAG(s) 'ml_pipeline' retrieved from /home/ec2-user/environment/lab4_model_training/dags/ml_training_pipeline_v2.py
[2026-03-22T22:51:39.680+0000] {logging_mixin.py:190} INFO - [2026-03-22T22:51:39.680+0000] {dag.py:3239} INFO - Sync 1 DAGs
[2026-03-22T22:51:39.689+0000] {logging_mixin.py:190} INFO - [2026-03-22T22:51:39.689+0000] {dag.py:4180} INFO - Setting next_dagrun for ml_pipeline to None, run_after=None
[2026-03-22T22:51:39.707+0000] {processor.py:208} INFO - Processing /home/ec2-user/environment/lab4_model_training/dags/ml_training_pipeline_v2.py took 1.329 seconds
[2026-03-22T22:52:09.859+0000] {processor.py:186} INFO - Started process (PID=11088) to work on /home/ec2-user/environment/lab4_model_training/dags/ml_training_pipeline_v2.py
[2026-03-22T22:52:09.860+0000] {processor.py:914} INFO - Processing file /home/ec2-user/environment/lab4_model_training/dags/ml_training_pipeline_v2.py for tasks to queue
[2026-03-22T22:52:09.861+0000] {logging_mixin.py:190} INFO - [2026-03-22T22:52:09.861+0000] {dagbag.py:588} INFO - Filling up the DagBag from /home/ec2-user/environment/lab4_model_training/dags/ml_training_pipeline_v2.py
[2026-03-22T22:52:11.127+0000] {processor.py:925} INFO - DAG(s) 'ml_pipeline' retrieved from /home/ec2-user/environment/lab4_model_training/dags/ml_training_pipeline_v2.py
[2026-03-22T22:52:11.131+0000] {logging_mixin.py:190} INFO - [2026-03-22T22:52:11.131+0000] {dag.py:3239} INFO - Sync 1 DAGs
[2026-03-22T22:52:11.140+0000] {logging_mixin.py:190} INFO - [2026-03-22T22:52:11.140+0000] {dag.py:4180} INFO - Setting next_dagrun for ml_pipeline to None, run_after=None
[2026-03-22T22:52:11.159+0000] {processor.py:208} INFO - Processing /home/ec2-user/environment/lab4_model_training/dags/ml_training_pipeline_v2.py took 1.306 seconds
[2026-03-22T22:52:41.334+0000] {processor.py:186} INFO - Started process (PID=11115) to work on /home/ec2-user/environment/lab4_model_training/dags/ml_training_pipeline_v2.py
[2026-03-22T22:52:41.336+0000] {processor.py:914} INFO - Processing file /home/ec2-user/environment/lab4_model_training/dags/ml_training_pipeline_v2.py for tasks to queue
[2026-03-22T22:52:41.337+0000] {logging_mixin.py:190} INFO - [2026-03-22T22:52:41.336+0000] {dagbag.py:588} INFO - Filling up the DagBag from /home/ec2-user/environment/lab4_model_training/dags/ml_training_pipeline_v2.py
[2026-03-22T22:52:42.630+0000] {processor.py:925} INFO - DAG(s) 'ml_pipeline' retrieved from /home/ec2-user/environment/lab4_model_training/dags/ml_training_pipeline_v2.py
[2026-03-22T22:52:42.709+0000] {logging_mixin.py:190} INFO - [2026-03-22T22:52:42.709+0000] {dag.py:3239} INFO - Sync 1 DAGs
[2026-03-22T22:52:42.718+0000] {logging_mixin.py:190} INFO - [2026-03-22T22:52:42.718+0000] {dag.py:4180} INFO - Setting next_dagrun for ml_pipeline to None, run_after=None
[2026-03-22T22:52:42.736+0000] {processor.py:208} INFO - Processing /home/ec2-user/environment/lab4_model_training/dags/ml_training_pipeline_v2.py took 1.407 seconds
[2026-03-22T22:53:12.916+0000] {processor.py:186} INFO - Started process (PID=11206) to work on /home/ec2-user/environment/lab4_model_training/dags/ml_training_pipeline_v2.py
[2026-03-22T22:53:12.916+0000] {processor.py:914} INFO - Processing file /home/ec2-user/environment/lab4_model_training/dags/ml_training_pipeline_v2.py for tasks to queue
[2026-03-22T22:53:12.917+0000] {logging_mixin.py:190} INFO - [2026-03-22T22:53:12.917+0000] {dagbag.py:588} INFO - Filling up the DagBag from /home/ec2-user/environment/lab4_model_training/dags/ml_training_pipeline_v2.py
[2026-03-22T22:53:14.201+0000] {processor.py:925} INFO - DAG(s) 'ml_pipeline' retrieved from /home/ec2-user/environment/lab4_model_training/dags/ml_training_pipeline_v2.py
[2026-03-22T22:53:14.216+0000] {logging_mixin.py:190} INFO - [2026-03-22T22:53:14.216+0000] {dag.py:3239} INFO - Sync 1 DAGs
[2026-03-22T22:53:14.225+0000] {logging_mixin.py:190} INFO - [2026-03-22T22:53:14.225+0000] {dag.py:4180} INFO - Setting next_dagrun for ml_pipeline to None, run_after=None
[2026-03-22T22:53:14.243+0000] {processor.py:208} INFO - Processing /home/ec2-user/environment/lab4_model_training/dags/ml_training_pipeline_v2.py took 1.332 seconds
[2026-03-22T22:53:44.393+0000] {processor.py:186} INFO - Started process (PID=11234) to work on /home/ec2-user/environment/lab4_model_training/dags/ml_training_pipeline_v2.py
[2026-03-22T22:53:44.394+0000] {processor.py:914} INFO - Processing file /home/ec2-user/environment/lab4_model_training/dags/ml_training_pipeline_v2.py for tasks to queue
[2026-03-22T22:53:44.396+0000] {logging_mixin.py:190} INFO - [2026-03-22T22:53:44.396+0000] {dagbag.py:588} INFO - Filling up the DagBag from /home/ec2-user/environment/lab4_model_training/dags/ml_training_pipeline_v2.py
[2026-03-22T22:53:45.670+0000] {processor.py:925} INFO - DAG(s) 'ml_pipeline' retrieved from /home/ec2-user/environment/lab4_model_training/dags/ml_training_pipeline_v2.py
[2026-03-22T22:53:45.675+0000] {logging_mixin.py:190} INFO - [2026-03-22T22:53:45.674+0000] {dag.py:3239} INFO - Sync 1 DAGs
[2026-03-22T22:53:45.685+0000] {logging_mixin.py:190} INFO - [2026-03-22T22:53:45.685+0000] {dag.py:4180} INFO - Setting next_dagrun for ml_pipeline to None, run_after=None
[2026-03-22T22:53:45.703+0000] {processor.py:208} INFO - Processing /home/ec2-user/environment/lab4_model_training/dags/ml_training_pipeline_v2.py took 1.315 seconds
[2026-03-22T22:54:17.554+0000] {processor.py:186} INFO - Started process (PID=11279) to work on /home/ec2-user/environment/lab4_model_training/dags/ml_training_pipeline_v2.py
[2026-03-22T22:54:17.555+0000] {processor.py:914} INFO - Processing file /home/ec2-user/environment/lab4_model_training/dags/ml_training_pipeline_v2.py for tasks to queue
[2026-03-22T22:54:17.556+0000] {logging_mixin.py:190} INFO - [2026-03-22T22:54:17.556+0000] {dagbag.py:588} INFO - Filling up the DagBag from /home/ec2-user/environment/lab4_model_training/dags/ml_training_pipeline_v2.py
[2026-03-22T22:54:18.836+0000] {processor.py:925} INFO - DAG(s) 'ml_pipeline' retrieved from /home/ec2-user/environment/lab4_model_training/dags/ml_training_pipeline_v2.py
[2026-03-22T22:54:18.915+0000] {logging_mixin.py:190} INFO - [2026-03-22T22:54:18.914+0000] {dag.py:3239} INFO - Sync 1 DAGs
[2026-03-22T22:54:18.924+0000] {logging_mixin.py:190} INFO - [2026-03-22T22:54:18.923+0000] {dag.py:4180} INFO - Setting next_dagrun for ml_pipeline to None, run_after=None
[2026-03-22T22:54:18.942+0000] {processor.py:208} INFO - Processing /home/ec2-user/environment/lab4_model_training/dags/ml_training_pipeline_v2.py took 1.393 seconds
[2026-03-22T22:54:49.027+0000] {processor.py:186} INFO - Started process (PID=11307) to work on /home/ec2-user/environment/lab4_model_training/dags/ml_training_pipeline_v2.py
[2026-03-22T22:54:49.027+0000] {processor.py:914} INFO - Processing file /home/ec2-user/environment/lab4_model_training/dags/ml_training_pipeline_v2.py for tasks to queue
[2026-03-22T22:54:49.029+0000] {logging_mixin.py:190} INFO - [2026-03-22T22:54:49.028+0000] {dagbag.py:588} INFO - Filling up the DagBag from /home/ec2-user/environment/lab4_model_training/dags/ml_training_pipeline_v2.py
[2026-03-22T22:54:50.298+0000] {processor.py:925} INFO - DAG(s) 'ml_pipeline' retrieved from /home/ec2-user/environment/lab4_model_training/dags/ml_training_pipeline_v2.py
[2026-03-22T22:54:50.311+0000] {logging_mixin.py:190} INFO - [2026-03-22T22:54:50.311+0000] {dag.py:3239} INFO - Sync 1 DAGs
[2026-03-22T22:54:50.320+0000] {logging_mixin.py:190} INFO - [2026-03-22T22:54:50.320+0000] {dag.py:4180} INFO - Setting next_dagrun for ml_pipeline to None, run_after=None
[2026-03-22T22:54:50.337+0000] {processor.py:208} INFO - Processing /home/ec2-user/environment/lab4_model_training/dags/ml_training_pipeline_v2.py took 1.315 seconds
[2026-03-22T22:55:20.501+0000] {processor.py:186} INFO - Started process (PID=11393) to work on /home/ec2-user/environment/lab4_model_training/dags/ml_training_pipeline_v2.py
[2026-03-22T22:55:20.502+0000] {processor.py:914} INFO - Processing file /home/ec2-user/environment/lab4_model_training/dags/ml_training_pipeline_v2.py for tasks to queue
[2026-03-22T22:55:20.504+0000] {logging_mixin.py:190} INFO - [2026-03-22T22:55:20.503+0000] {dagbag.py:588} INFO - Filling up the DagBag from /home/ec2-user/environment/lab4_model_training/dags/ml_training_pipeline_v2.py
[2026-03-22T22:55:21.776+0000] {processor.py:925} INFO - DAG(s) 'ml_pipeline' retrieved from /home/ec2-user/environment/lab4_model_training/dags/ml_training_pipeline_v2.py
[2026-03-22T22:55:21.780+0000] {logging_mixin.py:190} INFO - [2026-03-22T22:55:21.780+0000] {dag.py:3239} INFO - Sync 1 DAGs
[2026-03-22T22:55:21.792+0000] {logging_mixin.py:190} INFO - [2026-03-22T22:55:21.792+0000] {dag.py:4180} INFO - Setting next_dagrun for ml_pipeline to None, run_after=None
[2026-03-22T22:55:21.816+0000] {processor.py:208} INFO - Processing /home/ec2-user/environment/lab4_model_training/dags/ml_training_pipeline_v2.py took 1.320 seconds
[2026-03-22T22:55:51.977+0000] {processor.py:186} INFO - Started process (PID=11420) to work on /home/ec2-user/environment/lab4_model_training/dags/ml_training_pipeline_v2.py
[2026-03-22T22:55:51.978+0000] {processor.py:914} INFO - Processing file /home/ec2-user/environment/lab4_model_training/dags/ml_training_pipeline_v2.py for tasks to queue
[2026-03-22T22:55:51.980+0000] {logging_mixin.py:190} INFO - [2026-03-22T22:55:51.979+0000] {dagbag.py:588} INFO - Filling up the DagBag from /home/ec2-user/environment/lab4_model_training/dags/ml_training_pipeline_v2.py
[2026-03-22T22:55:53.266+0000] {processor.py:925} INFO - DAG(s) 'ml_pipeline' retrieved from /home/ec2-user/environment/lab4_model_training/dags/ml_training_pipeline_v2.py
[2026-03-22T22:55:53.343+0000] {logging_mixin.py:190} INFO - [2026-03-22T22:55:53.343+0000] {dag.py:3239} INFO - Sync 1 DAGs
[2026-03-22T22:55:53.352+0000] {logging_mixin.py:190} INFO - [2026-03-22T22:55:53.352+0000] {dag.py:4180} INFO - Setting next_dagrun for ml_pipeline to None, run_after=None
[2026-03-22T22:55:53.372+0000] {processor.py:208} INFO - Processing /home/ec2-user/environment/lab4_model_training/dags/ml_training_pipeline_v2.py took 1.400 seconds
[2026-03-22T22:56:24.478+0000] {processor.py:186} INFO - Started process (PID=11466) to work on /home/ec2-user/environment/lab4_model_training/dags/ml_training_pipeline_v2.py
[2026-03-22T22:56:24.478+0000] {processor.py:914} INFO - Processing file /home/ec2-user/environment/lab4_model_training/dags/ml_training_pipeline_v2.py for tasks to queue
[2026-03-22T22:56:24.480+0000] {logging_mixin.py:190} INFO - [2026-03-22T22:56:24.479+0000] {dagbag.py:588} INFO - Filling up the DagBag from /home/ec2-user/environment/lab4_model_training/dags/ml_training_pipeline_v2.py
[2026-03-22T22:56:25.763+0000] {processor.py:925} INFO - DAG(s) 'ml_pipeline' retrieved from /home/ec2-user/environment/lab4_model_training/dags/ml_training_pipeline_v2.py
[2026-03-22T22:56:25.776+0000] {logging_mixin.py:190} INFO - [2026-03-22T22:56:25.776+0000] {dag.py:3239} INFO - Sync 1 DAGs
[2026-03-22T22:56:25.785+0000] {logging_mixin.py:190} INFO - [2026-03-22T22:56:25.785+0000] {dag.py:4180} INFO - Setting next_dagrun for ml_pipeline to None, run_after=None
[2026-03-22T22:56:25.804+0000] {processor.py:208} INFO - Processing /home/ec2-user/environment/lab4_model_training/dags/ml_training_pipeline_v2.py took 1.330 seconds
[2026-03-22T22:56:56.052+0000] {processor.py:186} INFO - Started process (PID=11541) to work on /home/ec2-user/environment/lab4_model_training/dags/ml_training_pipeline_v2.py
[2026-03-22T22:56:56.053+0000] {processor.py:914} INFO - Processing file /home/ec2-user/environment/lab4_model_training/dags/ml_training_pipeline_v2.py for tasks to queue
[2026-03-22T22:56:56.054+0000] {logging_mixin.py:190} INFO - [2026-03-22T22:56:56.054+0000] {dagbag.py:588} INFO - Filling up the DagBag from /home/ec2-user/environment/lab4_model_training/dags/ml_training_pipeline_v2.py
[2026-03-22T22:56:57.342+0000] {processor.py:925} INFO - DAG(s) 'ml_pipeline' retrieved from /home/ec2-user/environment/lab4_model_training/dags/ml_training_pipeline_v2.py
[2026-03-22T22:56:57.346+0000] {logging_mixin.py:190} INFO - [2026-03-22T22:56:57.345+0000] {dag.py:3239} INFO - Sync 1 DAGs
[2026-03-22T22:56:57.355+0000] {logging_mixin.py:190} INFO - [2026-03-22T22:56:57.355+0000] {dag.py:4180} INFO - Setting next_dagrun for ml_pipeline to None, run_after=None
[2026-03-22T22:56:57.374+0000] {processor.py:208} INFO - Processing /home/ec2-user/environment/lab4_model_training/dags/ml_training_pipeline_v2.py took 1.327 seconds
[2026-03-22T22:57:27.975+0000] {processor.py:186} INFO - Started process (PID=11595) to work on /home/ec2-user/environment/lab4_model_training/dags/ml_training_pipeline_v2.py
[2026-03-22T22:57:27.976+0000] {processor.py:914} INFO - Processing file /home/ec2-user/environment/lab4_model_training/dags/ml_training_pipeline_v2.py for tasks to queue
[2026-03-22T22:57:27.978+0000] {logging_mixin.py:190} INFO - [2026-03-22T22:57:27.978+0000] {dagbag.py:588} INFO - Filling up the DagBag from /home/ec2-user/environment/lab4_model_training/dags/ml_training_pipeline_v2.py
[2026-03-22T22:57:30.022+0000] {processor.py:925} INFO - DAG(s) 'ml_pipeline' retrieved from /home/ec2-user/environment/lab4_model_training/dags/ml_training_pipeline_v2.py
[2026-03-22T22:57:30.134+0000] {logging_mixin.py:190} INFO - [2026-03-22T22:57:30.134+0000] {dag.py:3239} INFO - Sync 1 DAGs
[2026-03-22T22:57:30.147+0000] {logging_mixin.py:190} INFO - [2026-03-22T22:57:30.146+0000] {dag.py:4180} INFO - Setting next_dagrun for ml_pipeline to None, run_after=None
[2026-03-22T22:57:30.170+0000] {processor.py:208} INFO - Processing /home/ec2-user/environment/lab4_model_training/dags/ml_training_pipeline_v2.py took 2.200 seconds
[2026-03-22T22:58:00.633+0000] {processor.py:186} INFO - Started process (PID=11652) to work on /home/ec2-user/environment/lab4_model_training/dags/ml_training_pipeline_v2.py
[2026-03-22T22:58:00.634+0000] {processor.py:914} INFO - Processing file /home/ec2-user/environment/lab4_model_training/dags/ml_training_pipeline_v2.py for tasks to queue
[2026-03-22T22:58:00.635+0000] {logging_mixin.py:190} INFO - [2026-03-22T22:58:00.635+0000] {dagbag.py:588} INFO - Filling up the DagBag from /home/ec2-user/environment/lab4_model_training/dags/ml_training_pipeline_v2.py
[2026-03-22T22:58:01.931+0000] {processor.py:925} INFO - DAG(s) 'ml_pipeline' retrieved from /home/ec2-user/environment/lab4_model_training/dags/ml_training_pipeline_v2.py
[2026-03-22T22:58:01.947+0000] {logging_mixin.py:190} INFO - [2026-03-22T22:58:01.947+0000] {dag.py:3239} INFO - Sync 1 DAGs
[2026-03-22T22:58:01.956+0000] {logging_mixin.py:190} INFO - [2026-03-22T22:58:01.956+0000] {dag.py:4180} INFO - Setting next_dagrun for ml_pipeline to None, run_after=None
[2026-03-22T22:58:01.974+0000] {processor.py:208} INFO - Processing /home/ec2-user/environment/lab4_model_training/dags/ml_training_pipeline_v2.py took 1.346 seconds
[2026-03-22T22:58:32.516+0000] {processor.py:186} INFO - Started process (PID=11700) to work on /home/ec2-user/environment/lab4_model_training/dags/ml_training_pipeline_v2.py
[2026-03-22T22:58:32.517+0000] {processor.py:914} INFO - Processing file /home/ec2-user/environment/lab4_model_training/dags/ml_training_pipeline_v2.py for tasks to queue
[2026-03-22T22:58:32.518+0000] {logging_mixin.py:190} INFO - [2026-03-22T22:58:32.518+0000] {dagbag.py:588} INFO - Filling up the DagBag from /home/ec2-user/environment/lab4_model_training/dags/ml_training_pipeline_v2.py
[2026-03-22T22:58:33.805+0000] {processor.py:925} INFO - DAG(s) 'ml_pipeline' retrieved from /home/ec2-user/environment/lab4_model_training/dags/ml_training_pipeline_v2.py
[2026-03-22T22:58:33.810+0000] {logging_mixin.py:190} INFO - [2026-03-22T22:58:33.809+0000] {dag.py:3239} INFO - Sync 1 DAGs
[2026-03-22T22:58:33.820+0000] {logging_mixin.py:190} INFO - [2026-03-22T22:58:33.820+0000] {dag.py:4180} INFO - Setting next_dagrun for ml_pipeline to None, run_after=None
[2026-03-22T22:58:33.837+0000] {processor.py:208} INFO - Processing /home/ec2-user/environment/lab4_model_training/dags/ml_training_pipeline_v2.py took 1.326 seconds
[2026-03-22T22:59:03.937+0000] {processor.py:186} INFO - Started process (PID=11831) to work on /home/ec2-user/environment/lab4_model_training/dags/ml_training_pipeline_v2.py
[2026-03-22T22:59:03.938+0000] {processor.py:914} INFO - Processing file /home/ec2-user/environment/lab4_model_training/dags/ml_training_pipeline_v2.py for tasks to queue
[2026-03-22T22:59:03.939+0000] {logging_mixin.py:190} INFO - [2026-03-22T22:59:03.939+0000] {dagbag.py:588} INFO - Filling up the DagBag from /home/ec2-user/environment/lab4_model_training/dags/ml_training_pipeline_v2.py
[2026-03-22T22:59:05.455+0000] {processor.py:925} INFO - DAG(s) 'ml_pipeline' retrieved from /home/ec2-user/environment/lab4_model_training/dags/ml_training_pipeline_v2.py
[2026-03-22T22:59:05.536+0000] {logging_mixin.py:190} INFO - [2026-03-22T22:59:05.535+0000] {dag.py:3239} INFO - Sync 1 DAGs
[2026-03-22T22:59:05.544+0000] {logging_mixin.py:190} INFO - [2026-03-22T22:59:05.544+0000] {dag.py:4180} INFO - Setting next_dagrun for ml_pipeline to None, run_after=None
[2026-03-22T22:59:05.562+0000] {processor.py:208} INFO - Processing /home/ec2-user/environment/lab4_model_training/dags/ml_training_pipeline_v2.py took 1.632 seconds
[2026-03-22T22:59:36.431+0000] {processor.py:186} INFO - Started process (PID=11886) to work on /home/ec2-user/environment/lab4_model_training/dags/ml_training_pipeline_v2.py
[2026-03-22T22:59:36.431+0000] {processor.py:914} INFO - Processing file /home/ec2-user/environment/lab4_model_training/dags/ml_training_pipeline_v2.py for tasks to queue
[2026-03-22T22:59:36.433+0000] {logging_mixin.py:190} INFO - [2026-03-22T22:59:36.432+0000] {dagbag.py:588} INFO - Filling up the DagBag from /home/ec2-user/environment/lab4_model_training/dags/ml_training_pipeline_v2.py
[2026-03-22T22:59:37.710+0000] {processor.py:925} INFO - DAG(s) 'ml_pipeline' retrieved from /home/ec2-user/environment/lab4_model_training/dags/ml_training_pipeline_v2.py
[2026-03-22T22:59:37.723+0000] {logging_mixin.py:190} INFO - [2026-03-22T22:59:37.723+0000] {dag.py:3239} INFO - Sync 1 DAGs
[2026-03-22T22:59:37.732+0000] {logging_mixin.py:190} INFO - [2026-03-22T22:59:37.732+0000] {dag.py:4180} INFO - Setting next_dagrun for ml_pipeline to None, run_after=None
[2026-03-22T22:59:37.750+0000] {processor.py:208} INFO - Processing /home/ec2-user/environment/lab4_model_training/dags/ml_training_pipeline_v2.py took 1.324 seconds
[2026-03-22T23:00:08.808+0000] {processor.py:186} INFO - Started process (PID=11960) to work on /home/ec2-user/environment/lab4_model_training/dags/ml_training_pipeline_v2.py
[2026-03-22T23:00:08.809+0000] {processor.py:914} INFO - Processing file /home/ec2-user/environment/lab4_model_training/dags/ml_training_pipeline_v2.py for tasks to queue
[2026-03-22T23:00:08.811+0000] {logging_mixin.py:190} INFO - [2026-03-22T23:00:08.810+0000] {dagbag.py:588} INFO - Filling up the DagBag from /home/ec2-user/environment/lab4_model_training/dags/ml_training_pipeline_v2.py
[2026-03-22T23:00:10.600+0000] {processor.py:925} INFO - DAG(s) 'ml_pipeline' retrieved from /home/ec2-user/environment/lab4_model_training/dags/ml_training_pipeline_v2.py
[2026-03-22T23:00:10.607+0000] {logging_mixin.py:190} INFO - [2026-03-22T23:00:10.607+0000] {dag.py:3239} INFO - Sync 1 DAGs
[2026-03-22T23:00:10.624+0000] {logging_mixin.py:190} INFO - [2026-03-22T23:00:10.624+0000] {dag.py:4180} INFO - Setting next_dagrun for ml_pipeline to None, run_after=None
[2026-03-22T23:00:10.649+0000] {processor.py:208} INFO - Processing /home/ec2-user/environment/lab4_model_training/dags/ml_training_pipeline_v2.py took 1.846 seconds
[2026-03-22T23:00:40.829+0000] {processor.py:186} INFO - Started process (PID=11995) to work on /home/ec2-user/environment/lab4_model_training/dags/ml_training_pipeline_v2.py
[2026-03-22T23:00:40.830+0000] {processor.py:914} INFO - Processing file /home/ec2-user/environment/lab4_model_training/dags/ml_training_pipeline_v2.py for tasks to queue
[2026-03-22T23:00:40.831+0000] {logging_mixin.py:190} INFO - [2026-03-22T23:00:40.831+0000] {dagbag.py:588} INFO - Filling up the DagBag from /home/ec2-user/environment/lab4_model_training/dags/ml_training_pipeline_v2.py
[2026-03-22T23:00:42.118+0000] {processor.py:925} INFO - DAG(s) 'ml_pipeline' retrieved from /home/ec2-user/environment/lab4_model_training/dags/ml_training_pipeline_v2.py
[2026-03-22T23:00:42.197+0000] {logging_mixin.py:190} INFO - [2026-03-22T23:00:42.196+0000] {dag.py:3239} INFO - Sync 1 DAGs
[2026-03-22T23:00:42.205+0000] {logging_mixin.py:190} INFO - [2026-03-22T23:00:42.205+0000] {dag.py:4180} INFO - Setting next_dagrun for ml_pipeline to None, run_after=None
[2026-03-22T23:00:42.225+0000] {processor.py:208} INFO - Processing /home/ec2-user/environment/lab4_model_training/dags/ml_training_pipeline_v2.py took 1.402 seconds
[2026-03-22T23:01:12.428+0000] {processor.py:186} INFO - Started process (PID=12099) to work on /home/ec2-user/environment/lab4_model_training/dags/ml_training_pipeline_v2.py
[2026-03-22T23:01:12.429+0000] {processor.py:914} INFO - Processing file /home/ec2-user/environment/lab4_model_training/dags/ml_training_pipeline_v2.py for tasks to queue
[2026-03-22T23:01:12.430+0000] {logging_mixin.py:190} INFO - [2026-03-22T23:01:12.430+0000] {dagbag.py:588} INFO - Filling up the DagBag from /home/ec2-user/environment/lab4_model_training/dags/ml_training_pipeline_v2.py
[2026-03-22T23:01:13.707+0000] {processor.py:925} INFO - DAG(s) 'ml_pipeline' retrieved from /home/ec2-user/environment/lab4_model_training/dags/ml_training_pipeline_v2.py
[2026-03-22T23:01:13.720+0000] {logging_mixin.py:190} INFO - [2026-03-22T23:01:13.720+0000] {dag.py:3239} INFO - Sync 1 DAGs
[2026-03-22T23:01:13.730+0000] {logging_mixin.py:190} INFO - [2026-03-22T23:01:13.729+0000] {dag.py:4180} INFO - Setting next_dagrun for ml_pipeline to None, run_after=None
[2026-03-22T23:01:13.748+0000] {processor.py:208} INFO - Processing /home/ec2-user/environment/lab4_model_training/dags/ml_training_pipeline_v2.py took 1.325 seconds
[2026-03-22T23:01:43.928+0000] {processor.py:186} INFO - Started process (PID=12125) to work on /home/ec2-user/environment/lab4_model_training/dags/ml_training_pipeline_v2.py
[2026-03-22T23:01:43.929+0000] {processor.py:914} INFO - Processing file /home/ec2-user/environment/lab4_model_training/dags/ml_training_pipeline_v2.py for tasks to queue
[2026-03-22T23:01:43.931+0000] {logging_mixin.py:190} INFO - [2026-03-22T23:01:43.930+0000] {dagbag.py:588} INFO - Filling up the DagBag from /home/ec2-user/environment/lab4_model_training/dags/ml_training_pipeline_v2.py
[2026-03-22T23:01:45.205+0000] {processor.py:925} INFO - DAG(s) 'ml_pipeline' retrieved from /home/ec2-user/environment/lab4_model_training/dags/ml_training_pipeline_v2.py
[2026-03-22T23:01:45.209+0000] {logging_mixin.py:190} INFO - [2026-03-22T23:01:45.209+0000] {dag.py:3239} INFO - Sync 1 DAGs
[2026-03-22T23:01:45.219+0000] {logging_mixin.py:190} INFO - [2026-03-22T23:01:45.219+0000] {dag.py:4180} INFO - Setting next_dagrun for ml_pipeline to None, run_after=None
[2026-03-22T23:01:45.236+0000] {processor.py:208} INFO - Processing /home/ec2-user/environment/lab4_model_training/dags/ml_training_pipeline_v2.py took 1.313 seconds
[2026-03-22T23:02:15.454+0000] {processor.py:186} INFO - Started process (PID=12228) to work on /home/ec2-user/environment/lab4_model_training/dags/ml_training_pipeline_v2.py
[2026-03-22T23:02:15.455+0000] {processor.py:914} INFO - Processing file /home/ec2-user/environment/lab4_model_training/dags/ml_training_pipeline_v2.py for tasks to queue
[2026-03-22T23:02:15.457+0000] {logging_mixin.py:190} INFO - [2026-03-22T23:02:15.456+0000] {dagbag.py:588} INFO - Filling up the DagBag from /home/ec2-user/environment/lab4_model_training/dags/ml_training_pipeline_v2.py
[2026-03-22T23:02:16.739+0000] {processor.py:925} INFO - DAG(s) 'ml_pipeline' retrieved from /home/ec2-user/environment/lab4_model_training/dags/ml_training_pipeline_v2.py
[2026-03-22T23:02:16.816+0000] {logging_mixin.py:190} INFO - [2026-03-22T23:02:16.816+0000] {dag.py:3239} INFO - Sync 1 DAGs
[2026-03-22T23:02:16.826+0000] {logging_mixin.py:190} INFO - [2026-03-22T23:02:16.826+0000] {dag.py:4180} INFO - Setting next_dagrun for ml_pipeline to None, run_after=None
[2026-03-22T23:02:16.844+0000] {processor.py:208} INFO - Processing /home/ec2-user/environment/lab4_model_training/dags/ml_training_pipeline_v2.py took 1.395 seconds
[2026-03-22T23:02:46.971+0000] {processor.py:186} INFO - Started process (PID=12261) to work on /home/ec2-user/environment/lab4_model_training/dags/ml_training_pipeline_v2.py
[2026-03-22T23:02:46.972+0000] {processor.py:914} INFO - Processing file /home/ec2-user/environment/lab4_model_training/dags/ml_training_pipeline_v2.py for tasks to queue
[2026-03-22T23:02:46.973+0000] {logging_mixin.py:190} INFO - [2026-03-22T23:02:46.973+0000] {dagbag.py:588} INFO - Filling up the DagBag from /home/ec2-user/environment/lab4_model_training/dags/ml_training_pipeline_v2.py
[2026-03-22T23:02:48.248+0000] {processor.py:925} INFO - DAG(s) 'ml_pipeline' retrieved from /home/ec2-user/environment/lab4_model_training/dags/ml_training_pipeline_v2.py
[2026-03-22T23:02:48.262+0000] {logging_mixin.py:190} INFO - [2026-03-22T23:02:48.262+0000] {dag.py:3239} INFO - Sync 1 DAGs
[2026-03-22T23:02:48.272+0000] {logging_mixin.py:190} INFO - [2026-03-22T23:02:48.271+0000] {dag.py:4180} INFO - Setting next_dagrun for ml_pipeline to None, run_after=None
[2026-03-22T23:02:48.290+0000] {processor.py:208} INFO - Processing /home/ec2-user/environment/lab4_model_training/dags/ml_training_pipeline_v2.py took 1.323 seconds
[2026-03-22T23:03:18.473+0000] {processor.py:186} INFO - Started process (PID=12299) to work on /home/ec2-user/environment/lab4_model_training/dags/ml_training_pipeline_v2.py
[2026-03-22T23:03:18.473+0000] {processor.py:914} INFO - Processing file /home/ec2-user/environment/lab4_model_training/dags/ml_training_pipeline_v2.py for tasks to queue
[2026-03-22T23:03:18.474+0000] {logging_mixin.py:190} INFO - [2026-03-22T23:03:18.474+0000] {dagbag.py:588} INFO - Filling up the DagBag from /home/ec2-user/environment/lab4_model_training/dags/ml_training_pipeline_v2.py
[2026-03-22T23:03:19.755+0000] {processor.py:925} INFO - DAG(s) 'ml_pipeline' retrieved from /home/ec2-user/environment/lab4_model_training/dags/ml_training_pipeline_v2.py
[2026-03-22T23:03:19.759+0000] {logging_mixin.py:190} INFO - [2026-03-22T23:03:19.759+0000] {dag.py:3239} INFO - Sync 1 DAGs
[2026-03-22T23:03:19.770+0000] {logging_mixin.py:190} INFO - [2026-03-22T23:03:19.770+0000] {dag.py:4180} INFO - Setting next_dagrun for ml_pipeline to None, run_after=None
[2026-03-22T23:03:19.787+0000] {processor.py:208} INFO - Processing /home/ec2-user/environment/lab4_model_training/dags/ml_training_pipeline_v2.py took 1.319 seconds
[2026-03-22T23:03:49.975+0000] {processor.py:186} INFO - Started process (PID=12325) to work on /home/ec2-user/environment/lab4_model_training/dags/ml_training_pipeline_v2.py
[2026-03-22T23:03:49.976+0000] {processor.py:914} INFO - Processing file /home/ec2-user/environment/lab4_model_training/dags/ml_training_pipeline_v2.py for tasks to queue
[2026-03-22T23:03:49.978+0000] {logging_mixin.py:190} INFO - [2026-03-22T23:03:49.978+0000] {dagbag.py:588} INFO - Filling up the DagBag from /home/ec2-user/environment/lab4_model_training/dags/ml_training_pipeline_v2.py
[2026-03-22T23:03:51.265+0000] {processor.py:925} INFO - DAG(s) 'ml_pipeline' retrieved from /home/ec2-user/environment/lab4_model_training/dags/ml_training_pipeline_v2.py
[2026-03-22T23:03:51.347+0000] {logging_mixin.py:190} INFO - [2026-03-22T23:03:51.347+0000] {dag.py:3239} INFO - Sync 1 DAGs
[2026-03-22T23:03:51.356+0000] {logging_mixin.py:190} INFO - [2026-03-22T23:03:51.356+0000] {dag.py:4180} INFO - Setting next_dagrun for ml_pipeline to None, run_after=None
[2026-03-22T23:03:51.374+0000] {processor.py:208} INFO - Processing /home/ec2-user/environment/lab4_model_training/dags/ml_training_pipeline_v2.py took 1.404 seconds
[2026-03-22T23:04:22.114+0000] {processor.py:186} INFO - Started process (PID=12416) to work on /home/ec2-user/environment/lab4_model_training/dags/ml_training_pipeline_v2.py
[2026-03-22T23:04:22.115+0000] {processor.py:914} INFO - Processing file /home/ec2-user/environment/lab4_model_training/dags/ml_training_pipeline_v2.py for tasks to queue
[2026-03-22T23:04:22.116+0000] {logging_mixin.py:190} INFO - [2026-03-22T23:04:22.116+0000] {dagbag.py:588} INFO - Filling up the DagBag from /home/ec2-user/environment/lab4_model_training/dags/ml_training_pipeline_v2.py
[2026-03-22T23:04:23.402+0000] {processor.py:925} INFO - DAG(s) 'ml_pipeline' retrieved from /home/ec2-user/environment/lab4_model_training/dags/ml_training_pipeline_v2.py
[2026-03-22T23:04:23.417+0000] {logging_mixin.py:190} INFO - [2026-03-22T23:04:23.416+0000] {dag.py:3239} INFO - Sync 1 DAGs
[2026-03-22T23:04:23.426+0000] {logging_mixin.py:190} INFO - [2026-03-22T23:04:23.426+0000] {dag.py:4180} INFO - Setting next_dagrun for ml_pipeline to None, run_after=None
[2026-03-22T23:04:23.443+0000] {processor.py:208} INFO - Processing /home/ec2-user/environment/lab4_model_training/dags/ml_training_pipeline_v2.py took 1.335 seconds
[2026-03-22T23:04:53.708+0000] {processor.py:186} INFO - Started process (PID=12443) to work on /home/ec2-user/environment/lab4_model_training/dags/ml_training_pipeline_v2.py
[2026-03-22T23:04:53.709+0000] {processor.py:914} INFO - Processing file /home/ec2-user/environment/lab4_model_training/dags/ml_training_pipeline_v2.py for tasks to queue
[2026-03-22T23:04:53.710+0000] {logging_mixin.py:190} INFO - [2026-03-22T23:04:53.710+0000] {dagbag.py:588} INFO - Filling up the DagBag from /home/ec2-user/environment/lab4_model_training/dags/ml_training_pipeline_v2.py
[2026-03-22T23:04:54.981+0000] {processor.py:925} INFO - DAG(s) 'ml_pipeline' retrieved from /home/ec2-user/environment/lab4_model_training/dags/ml_training_pipeline_v2.py
[2026-03-22T23:04:54.985+0000] {logging_mixin.py:190} INFO - [2026-03-22T23:04:54.984+0000] {dag.py:3239} INFO - Sync 1 DAGs
[2026-03-22T23:04:54.994+0000] {logging_mixin.py:190} INFO - [2026-03-22T23:04:54.994+0000] {dag.py:4180} INFO - Setting next_dagrun for ml_pipeline to None, run_after=None
[2026-03-22T23:04:55.011+0000] {processor.py:208} INFO - Processing /home/ec2-user/environment/lab4_model_training/dags/ml_training_pipeline_v2.py took 1.308 seconds
[2026-03-22T23:05:25.307+0000] {processor.py:186} INFO - Started process (PID=12482) to work on /home/ec2-user/environment/lab4_model_training/dags/ml_training_pipeline_v2.py
[2026-03-22T23:05:25.308+0000] {processor.py:914} INFO - Processing file /home/ec2-user/environment/lab4_model_training/dags/ml_training_pipeline_v2.py for tasks to queue
[2026-03-22T23:05:25.309+0000] {logging_mixin.py:190} INFO - [2026-03-22T23:05:25.309+0000] {dagbag.py:588} INFO - Filling up the DagBag from /home/ec2-user/environment/lab4_model_training/dags/ml_training_pipeline_v2.py
[2026-03-22T23:05:26.578+0000] {processor.py:925} INFO - DAG(s) 'ml_pipeline' retrieved from /home/ec2-user/environment/lab4_model_training/dags/ml_training_pipeline_v2.py
[2026-03-22T23:05:26.655+0000] {logging_mixin.py:190} INFO - [2026-03-22T23:05:26.654+0000] {dag.py:3239} INFO - Sync 1 DAGs
[2026-03-22T23:05:26.663+0000] {logging_mixin.py:190} INFO - [2026-03-22T23:05:26.663+0000] {dag.py:4180} INFO - Setting next_dagrun for ml_pipeline to None, run_after=None
[2026-03-22T23:05:26.682+0000] {processor.py:208} INFO - Processing /home/ec2-user/environment/lab4_model_training/dags/ml_training_pipeline_v2.py took 1.380 seconds
[2026-03-22T23:05:56.897+0000] {processor.py:186} INFO - Started process (PID=12560) to work on /home/ec2-user/environment/lab4_model_training/dags/ml_training_pipeline_v2.py
[2026-03-22T23:05:56.897+0000] {processor.py:914} INFO - Processing file /home/ec2-user/environment/lab4_model_training/dags/ml_training_pipeline_v2.py for tasks to queue
[2026-03-22T23:05:56.899+0000] {logging_mixin.py:190} INFO - [2026-03-22T23:05:56.898+0000] {dagbag.py:588} INFO - Filling up the DagBag from /home/ec2-user/environment/lab4_model_training/dags/ml_training_pipeline_v2.py
[2026-03-22T23:05:58.190+0000] {processor.py:925} INFO - DAG(s) 'ml_pipeline' retrieved from /home/ec2-user/environment/lab4_model_training/dags/ml_training_pipeline_v2.py
[2026-03-22T23:05:58.203+0000] {logging_mixin.py:190} INFO - [2026-03-22T23:05:58.203+0000] {dag.py:3239} INFO - Sync 1 DAGs
[2026-03-22T23:05:58.212+0000] {logging_mixin.py:190} INFO - [2026-03-22T23:05:58.212+0000] {dag.py:4180} INFO - Setting next_dagrun for ml_pipeline to None, run_after=None
[2026-03-22T23:05:58.230+0000] {processor.py:208} INFO - Processing /home/ec2-user/environment/lab4_model_training/dags/ml_training_pipeline_v2.py took 1.338 seconds
[2026-03-22T23:06:28.836+0000] {processor.py:186} INFO - Started process (PID=12621) to work on /home/ec2-user/environment/lab4_model_training/dags/ml_training_pipeline_v2.py
[2026-03-22T23:06:28.837+0000] {processor.py:914} INFO - Processing file /home/ec2-user/environment/lab4_model_training/dags/ml_training_pipeline_v2.py for tasks to queue
[2026-03-22T23:06:28.838+0000] {logging_mixin.py:190} INFO - [2026-03-22T23:06:28.838+0000] {dagbag.py:588} INFO - Filling up the DagBag from /home/ec2-user/environment/lab4_model_training/dags/ml_training_pipeline_v2.py
[2026-03-22T23:06:30.118+0000] {processor.py:925} INFO - DAG(s) 'ml_pipeline' retrieved from /home/ec2-user/environment/lab4_model_training/dags/ml_training_pipeline_v2.py
[2026-03-22T23:06:30.122+0000] {logging_mixin.py:190} INFO - [2026-03-22T23:06:30.122+0000] {dag.py:3239} INFO - Sync 1 DAGs
[2026-03-22T23:06:30.132+0000] {logging_mixin.py:190} INFO - [2026-03-22T23:06:30.132+0000] {dag.py:4180} INFO - Setting next_dagrun for ml_pipeline to None, run_after=None
[2026-03-22T23:06:30.149+0000] {processor.py:208} INFO - Processing /home/ec2-user/environment/lab4_model_training/dags/ml_training_pipeline_v2.py took 1.318 seconds
[2026-03-22T23:07:00.427+0000] {processor.py:186} INFO - Started process (PID=12647) to work on /home/ec2-user/environment/lab4_model_training/dags/ml_training_pipeline_v2.py
[2026-03-22T23:07:00.428+0000] {processor.py:914} INFO - Processing file /home/ec2-user/environment/lab4_model_training/dags/ml_training_pipeline_v2.py for tasks to queue
[2026-03-22T23:07:00.430+0000] {logging_mixin.py:190} INFO - [2026-03-22T23:07:00.430+0000] {dagbag.py:588} INFO - Filling up the DagBag from /home/ec2-user/environment/lab4_model_training/dags/ml_training_pipeline_v2.py
[2026-03-22T23:07:01.727+0000] {processor.py:925} INFO - DAG(s) 'ml_pipeline' retrieved from /home/ec2-user/environment/lab4_model_training/dags/ml_training_pipeline_v2.py
[2026-03-22T23:07:01.805+0000] {logging_mixin.py:190} INFO - [2026-03-22T23:07:01.805+0000] {dag.py:3239} INFO - Sync 1 DAGs
[2026-03-22T23:07:01.814+0000] {logging_mixin.py:190} INFO - [2026-03-22T23:07:01.814+0000] {dag.py:4180} INFO - Setting next_dagrun for ml_pipeline to None, run_after=None
[2026-03-22T23:07:01.832+0000] {processor.py:208} INFO - Processing /home/ec2-user/environment/lab4_model_training/dags/ml_training_pipeline_v2.py took 1.409 seconds
[2026-03-22T23:07:32.121+0000] {processor.py:186} INFO - Started process (PID=12685) to work on /home/ec2-user/environment/lab4_model_training/dags/ml_training_pipeline_v2.py
[2026-03-22T23:07:32.122+0000] {processor.py:914} INFO - Processing file /home/ec2-user/environment/lab4_model_training/dags/ml_training_pipeline_v2.py for tasks to queue
[2026-03-22T23:07:32.123+0000] {logging_mixin.py:190} INFO - [2026-03-22T23:07:32.122+0000] {dagbag.py:588} INFO - Filling up the DagBag from /home/ec2-user/environment/lab4_model_training/dags/ml_training_pipeline_v2.py
[2026-03-22T23:07:33.394+0000] {processor.py:925} INFO - DAG(s) 'ml_pipeline' retrieved from /home/ec2-user/environment/lab4_model_training/dags/ml_training_pipeline_v2.py
[2026-03-22T23:07:33.407+0000] {logging_mixin.py:190} INFO - [2026-03-22T23:07:33.407+0000] {dag.py:3239} INFO - Sync 1 DAGs
[2026-03-22T23:07:33.417+0000] {logging_mixin.py:190} INFO - [2026-03-22T23:07:33.417+0000] {dag.py:4180} INFO - Setting next_dagrun for ml_pipeline to None, run_after=None
[2026-03-22T23:07:33.434+0000] {processor.py:208} INFO - Processing /home/ec2-user/environment/lab4_model_training/dags/ml_training_pipeline_v2.py took 1.319 seconds
[2026-03-22T23:08:03.812+0000] {processor.py:186} INFO - Started process (PID=12771) to work on /home/ec2-user/environment/lab4_model_training/dags/ml_training_pipeline_v2.py
[2026-03-22T23:08:03.813+0000] {processor.py:914} INFO - Processing file /home/ec2-user/environment/lab4_model_training/dags/ml_training_pipeline_v2.py for tasks to queue
[2026-03-22T23:08:03.814+0000] {logging_mixin.py:190} INFO - [2026-03-22T23:08:03.814+0000] {dagbag.py:588} INFO - Filling up the DagBag from /home/ec2-user/environment/lab4_model_training/dags/ml_training_pipeline_v2.py
[2026-03-22T23:08:05.093+0000] {processor.py:925} INFO - DAG(s) 'ml_pipeline' retrieved from /home/ec2-user/environment/lab4_model_training/dags/ml_training_pipeline_v2.py
[2026-03-22T23:08:05.097+0000] {logging_mixin.py:190} INFO - [2026-03-22T23:08:05.097+0000] {dag.py:3239} INFO - Sync 1 DAGs
[2026-03-22T23:08:05.108+0000] {logging_mixin.py:190} INFO - [2026-03-22T23:08:05.108+0000] {dag.py:4180} INFO - Setting next_dagrun for ml_pipeline to None, run_after=None
[2026-03-22T23:08:05.125+0000] {processor.py:208} INFO - Processing /home/ec2-user/environment/lab4_model_training/dags/ml_training_pipeline_v2.py took 1.318 seconds
[2026-03-22T23:08:35.621+0000] {processor.py:186} INFO - Started process (PID=12797) to work on /home/ec2-user/environment/lab4_model_training/dags/ml_training_pipeline_v2.py
[2026-03-22T23:08:35.623+0000] {processor.py:914} INFO - Processing file /home/ec2-user/environment/lab4_model_training/dags/ml_training_pipeline_v2.py for tasks to queue
[2026-03-22T23:08:35.624+0000] {logging_mixin.py:190} INFO - [2026-03-22T23:08:35.623+0000] {dagbag.py:588} INFO - Filling up the DagBag from /home/ec2-user/environment/lab4_model_training/dags/ml_training_pipeline_v2.py
[2026-03-22T23:08:36.903+0000] {processor.py:925} INFO - DAG(s) 'ml_pipeline' retrieved from /home/ec2-user/environment/lab4_model_training/dags/ml_training_pipeline_v2.py
[2026-03-22T23:08:36.981+0000] {logging_mixin.py:190} INFO - [2026-03-22T23:08:36.981+0000] {dag.py:3239} INFO - Sync 1 DAGs
[2026-03-22T23:08:36.990+0000] {logging_mixin.py:190} INFO - [2026-03-22T23:08:36.990+0000] {dag.py:4180} INFO - Setting next_dagrun for ml_pipeline to None, run_after=None
[2026-03-22T23:08:37.008+0000] {processor.py:208} INFO - Processing /home/ec2-user/environment/lab4_model_training/dags/ml_training_pipeline_v2.py took 1.391 seconds
[2026-03-22T23:09:07.214+0000] {processor.py:186} INFO - Started process (PID=12841) to work on /home/ec2-user/environment/lab4_model_training/dags/ml_training_pipeline_v2.py
[2026-03-22T23:09:07.216+0000] {processor.py:914} INFO - Processing file /home/ec2-user/environment/lab4_model_training/dags/ml_training_pipeline_v2.py for tasks to queue
[2026-03-22T23:09:07.217+0000] {logging_mixin.py:190} INFO - [2026-03-22T23:09:07.217+0000] {dagbag.py:588} INFO - Filling up the DagBag from /home/ec2-user/environment/lab4_model_training/dags/ml_training_pipeline_v2.py
[2026-03-22T23:09:08.497+0000] {processor.py:925} INFO - DAG(s) 'ml_pipeline' retrieved from /home/ec2-user/environment/lab4_model_training/dags/ml_training_pipeline_v2.py
[2026-03-22T23:09:08.511+0000] {logging_mixin.py:190} INFO - [2026-03-22T23:09:08.511+0000] {dag.py:3239} INFO - Sync 1 DAGs
[2026-03-22T23:09:08.521+0000] {logging_mixin.py:190} INFO - [2026-03-22T23:09:08.520+0000] {dag.py:4180} INFO - Setting next_dagrun for ml_pipeline to None, run_after=None
[2026-03-22T23:09:08.538+0000] {processor.py:208} INFO - Processing /home/ec2-user/environment/lab4_model_training/dags/ml_training_pipeline_v2.py took 1.328 seconds
[2026-03-22T23:09:38.804+0000] {processor.py:186} INFO - Started process (PID=12869) to work on /home/ec2-user/environment/lab4_model_training/dags/ml_training_pipeline_v2.py
[2026-03-22T23:09:38.805+0000] {processor.py:914} INFO - Processing file /home/ec2-user/environment/lab4_model_training/dags/ml_training_pipeline_v2.py for tasks to queue
[2026-03-22T23:09:38.806+0000] {logging_mixin.py:190} INFO - [2026-03-22T23:09:38.806+0000] {dagbag.py:588} INFO - Filling up the DagBag from /home/ec2-user/environment/lab4_model_training/dags/ml_training_pipeline_v2.py
[2026-03-22T23:09:40.085+0000] {processor.py:925} INFO - DAG(s) 'ml_pipeline' retrieved from /home/ec2-user/environment/lab4_model_training/dags/ml_training_pipeline_v2.py
[2026-03-22T23:09:40.089+0000] {logging_mixin.py:190} INFO - [2026-03-22T23:09:40.089+0000] {dag.py:3239} INFO - Sync 1 DAGs
[2026-03-22T23:09:40.099+0000] {logging_mixin.py:190} INFO - [2026-03-22T23:09:40.099+0000] {dag.py:4180} INFO - Setting next_dagrun for ml_pipeline to None, run_after=None
[2026-03-22T23:09:40.116+0000] {processor.py:208} INFO - Processing /home/ec2-user/environment/lab4_model_training/dags/ml_training_pipeline_v2.py took 1.317 seconds
[2026-03-22T23:10:10.405+0000] {processor.py:186} INFO - Started process (PID=12958) to work on /home/ec2-user/environment/lab4_model_training/dags/ml_training_pipeline_v2.py
[2026-03-22T23:10:10.407+0000] {processor.py:914} INFO - Processing file /home/ec2-user/environment/lab4_model_training/dags/ml_training_pipeline_v2.py for tasks to queue
[2026-03-22T23:10:10.409+0000] {logging_mixin.py:190} INFO - [2026-03-22T23:10:10.409+0000] {dagbag.py:588} INFO - Filling up the DagBag from /home/ec2-user/environment/lab4_model_training/dags/ml_training_pipeline_v2.py
[2026-03-22T23:10:11.681+0000] {processor.py:925} INFO - DAG(s) 'ml_pipeline' retrieved from /home/ec2-user/environment/lab4_model_training/dags/ml_training_pipeline_v2.py
[2026-03-22T23:10:11.762+0000] {logging_mixin.py:190} INFO - [2026-03-22T23:10:11.762+0000] {dag.py:3239} INFO - Sync 1 DAGs
[2026-03-22T23:10:11.771+0000] {logging_mixin.py:190} INFO - [2026-03-22T23:10:11.770+0000] {dag.py:4180} INFO - Setting next_dagrun for ml_pipeline to None, run_after=None
[2026-03-22T23:10:11.788+0000] {processor.py:208} INFO - Processing /home/ec2-user/environment/lab4_model_training/dags/ml_training_pipeline_v2.py took 1.388 seconds
[2026-03-22T23:10:42.001+0000] {processor.py:186} INFO - Started process (PID=12985) to work on /home/ec2-user/environment/lab4_model_training/dags/ml_training_pipeline_v2.py
[2026-03-22T23:10:42.002+0000] {processor.py:914} INFO - Processing file /home/ec2-user/environment/lab4_model_training/dags/ml_training_pipeline_v2.py for tasks to queue
[2026-03-22T23:10:42.003+0000] {logging_mixin.py:190} INFO - [2026-03-22T23:10:42.003+0000] {dagbag.py:588} INFO - Filling up the DagBag from /home/ec2-user/environment/lab4_model_training/dags/ml_training_pipeline_v2.py
[2026-03-22T23:10:43.288+0000] {processor.py:925} INFO - DAG(s) 'ml_pipeline' retrieved from /home/ec2-user/environment/lab4_model_training/dags/ml_training_pipeline_v2.py
[2026-03-22T23:10:43.301+0000] {logging_mixin.py:190} INFO - [2026-03-22T23:10:43.300+0000] {dag.py:3239} INFO - Sync 1 DAGs
[2026-03-22T23:10:43.310+0000] {logging_mixin.py:190} INFO - [2026-03-22T23:10:43.310+0000] {dag.py:4180} INFO - Setting next_dagrun for ml_pipeline to None, run_after=None
[2026-03-22T23:10:43.328+0000] {processor.py:208} INFO - Processing /home/ec2-user/environment/lab4_model_training/dags/ml_training_pipeline_v2.py took 1.333 seconds
[2026-03-22T23:11:13.586+0000] {processor.py:186} INFO - Started process (PID=13025) to work on /home/ec2-user/environment/lab4_model_training/dags/ml_training_pipeline_v2.py
[2026-03-22T23:11:13.587+0000] {processor.py:914} INFO - Processing file /home/ec2-user/environment/lab4_model_training/dags/ml_training_pipeline_v2.py for tasks to queue
[2026-03-22T23:11:13.589+0000] {logging_mixin.py:190} INFO - [2026-03-22T23:11:13.588+0000] {dagbag.py:588} INFO - Filling up the DagBag from /home/ec2-user/environment/lab4_model_training/dags/ml_training_pipeline_v2.py
[2026-03-22T23:11:14.854+0000] {processor.py:925} INFO - DAG(s) 'ml_pipeline' retrieved from /home/ec2-user/environment/lab4_model_training/dags/ml_training_pipeline_v2.py
[2026-03-22T23:11:14.859+0000] {logging_mixin.py:190} INFO - [2026-03-22T23:11:14.858+0000] {dag.py:3239} INFO - Sync 1 DAGs
[2026-03-22T23:11:14.868+0000] {logging_mixin.py:190} INFO - [2026-03-22T23:11:14.868+0000] {dag.py:4180} INFO - Setting next_dagrun for ml_pipeline to None, run_after=None
[2026-03-22T23:11:14.885+0000] {processor.py:208} INFO - Processing /home/ec2-user/environment/lab4_model_training/dags/ml_training_pipeline_v2.py took 1.304 seconds
[2026-03-22T23:11:45.178+0000] {processor.py:186} INFO - Started process (PID=13052) to work on /home/ec2-user/environment/lab4_model_training/dags/ml_training_pipeline_v2.py
[2026-03-22T23:11:45.179+0000] {processor.py:914} INFO - Processing file /home/ec2-user/environment/lab4_model_training/dags/ml_training_pipeline_v2.py for tasks to queue
[2026-03-22T23:11:45.181+0000] {logging_mixin.py:190} INFO - [2026-03-22T23:11:45.180+0000] {dagbag.py:588} INFO - Filling up the DagBag from /home/ec2-user/environment/lab4_model_training/dags/ml_training_pipeline_v2.py
[2026-03-22T23:11:46.454+0000] {processor.py:925} INFO - DAG(s) 'ml_pipeline' retrieved from /home/ec2-user/environment/lab4_model_training/dags/ml_training_pipeline_v2.py
[2026-03-22T23:11:46.535+0000] {logging_mixin.py:190} INFO - [2026-03-22T23:11:46.535+0000] {dag.py:3239} INFO - Sync 1 DAGs
[2026-03-22T23:11:46.544+0000] {logging_mixin.py:190} INFO - [2026-03-22T23:11:46.544+0000] {dag.py:4180} INFO - Setting next_dagrun for ml_pipeline to None, run_after=None
[2026-03-22T23:11:46.563+0000] {processor.py:208} INFO - Processing /home/ec2-user/environment/lab4_model_training/dags/ml_training_pipeline_v2.py took 1.389 seconds
[2026-03-22T23:12:16.782+0000] {processor.py:186} INFO - Started process (PID=13138) to work on /home/ec2-user/environment/lab4_model_training/dags/ml_training_pipeline_v2.py
[2026-03-22T23:12:16.782+0000] {processor.py:914} INFO - Processing file /home/ec2-user/environment/lab4_model_training/dags/ml_training_pipeline_v2.py for tasks to queue
[2026-03-22T23:12:16.784+0000] {logging_mixin.py:190} INFO - [2026-03-22T23:12:16.783+0000] {dagbag.py:588} INFO - Filling up the DagBag from /home/ec2-user/environment/lab4_model_training/dags/ml_training_pipeline_v2.py
[2026-03-22T23:12:18.058+0000] {processor.py:925} INFO - DAG(s) 'ml_pipeline' retrieved from /home/ec2-user/environment/lab4_model_training/dags/ml_training_pipeline_v2.py
[2026-03-22T23:12:18.071+0000] {logging_mixin.py:190} INFO - [2026-03-22T23:12:18.070+0000] {dag.py:3239} INFO - Sync 1 DAGs
[2026-03-22T23:12:18.080+0000] {logging_mixin.py:190} INFO - [2026-03-22T23:12:18.080+0000] {dag.py:4180} INFO - Setting next_dagrun for ml_pipeline to None, run_after=None
[2026-03-22T23:12:18.098+0000] {processor.py:208} INFO - Processing /home/ec2-user/environment/lab4_model_training/dags/ml_training_pipeline_v2.py took 1.321 seconds
[2026-03-22T23:12:48.376+0000] {processor.py:186} INFO - Started process (PID=13150) to work on /home/ec2-user/environment/lab4_model_training/dags/ml_training_pipeline_v2.py
[2026-03-22T23:12:48.378+0000] {processor.py:914} INFO - Processing file /home/ec2-user/environment/lab4_model_training/dags/ml_training_pipeline_v2.py for tasks to queue
[2026-03-22T23:12:48.380+0000] {logging_mixin.py:190} INFO - [2026-03-22T23:12:48.380+0000] {dagbag.py:588} INFO - Filling up the DagBag from /home/ec2-user/environment/lab4_model_training/dags/ml_training_pipeline_v2.py
[2026-03-22T23:12:49.663+0000] {processor.py:925} INFO - DAG(s) 'ml_pipeline' retrieved from /home/ec2-user/environment/lab4_model_training/dags/ml_training_pipeline_v2.py
[2026-03-22T23:12:49.668+0000] {logging_mixin.py:190} INFO - [2026-03-22T23:12:49.667+0000] {dag.py:3239} INFO - Sync 1 DAGs
[2026-03-22T23:12:49.677+0000] {logging_mixin.py:190} INFO - [2026-03-22T23:12:49.677+0000] {dag.py:4180} INFO - Setting next_dagrun for ml_pipeline to None, run_after=None
[2026-03-22T23:12:49.696+0000] {processor.py:208} INFO - Processing /home/ec2-user/environment/lab4_model_training/dags/ml_training_pipeline_v2.py took 1.324 seconds
[2026-03-22T23:13:13.420+0000] {processor.py:186} INFO - Started process (PID=13195) to work on /home/ec2-user/environment/lab4_model_training/dags/ml_training_pipeline_v2.py
[2026-03-22T23:13:13.421+0000] {processor.py:914} INFO - Processing file /home/ec2-user/environment/lab4_model_training/dags/ml_training_pipeline_v2.py for tasks to queue
[2026-03-22T23:13:13.423+0000] {logging_mixin.py:190} INFO - [2026-03-22T23:13:13.422+0000] {dagbag.py:588} INFO - Filling up the DagBag from /home/ec2-user/environment/lab4_model_training/dags/ml_training_pipeline_v2.py
[2026-03-22T23:13:15.530+0000] {processor.py:925} INFO - DAG(s) 'ml_pipeline' retrieved from /home/ec2-user/environment/lab4_model_training/dags/ml_training_pipeline_v2.py
[2026-03-22T23:13:15.754+0000] {logging_mixin.py:190} INFO - [2026-03-22T23:13:15.753+0000] {dag.py:3239} INFO - Sync 1 DAGs
[2026-03-22T23:13:15.778+0000] {logging_mixin.py:190} INFO - [2026-03-22T23:13:15.777+0000] {dag.py:4180} INFO - Setting next_dagrun for ml_pipeline to None, run_after=None
[2026-03-22T23:13:15.827+0000] {processor.py:208} INFO - Processing /home/ec2-user/environment/lab4_model_training/dags/ml_training_pipeline_v2.py took 2.412 seconds
[2026-03-22T23:13:45.972+0000] {processor.py:186} INFO - Started process (PID=13239) to work on /home/ec2-user/environment/lab4_model_training/dags/ml_training_pipeline_v2.py
[2026-03-22T23:13:45.973+0000] {processor.py:914} INFO - Processing file /home/ec2-user/environment/lab4_model_training/dags/ml_training_pipeline_v2.py for tasks to queue
[2026-03-22T23:13:45.974+0000] {logging_mixin.py:190} INFO - [2026-03-22T23:13:45.974+0000] {dagbag.py:588} INFO - Filling up the DagBag from /home/ec2-user/environment/lab4_model_training/dags/ml_training_pipeline_v2.py
[2026-03-22T23:13:47.306+0000] {processor.py:925} INFO - DAG(s) 'ml_pipeline' retrieved from /home/ec2-user/environment/lab4_model_training/dags/ml_training_pipeline_v2.py
[2026-03-22T23:13:47.320+0000] {logging_mixin.py:190} INFO - [2026-03-22T23:13:47.320+0000] {dag.py:3239} INFO - Sync 1 DAGs
[2026-03-22T23:13:47.329+0000] {logging_mixin.py:190} INFO - [2026-03-22T23:13:47.329+0000] {dag.py:4180} INFO - Setting next_dagrun for ml_pipeline to None, run_after=None
[2026-03-22T23:13:47.355+0000] {processor.py:208} INFO - Processing /home/ec2-user/environment/lab4_model_training/dags/ml_training_pipeline_v2.py took 1.388 seconds
[2026-03-22T23:14:17.801+0000] {processor.py:186} INFO - Started process (PID=13425) to work on /home/ec2-user/environment/lab4_model_training/dags/ml_training_pipeline_v2.py
[2026-03-22T23:14:17.801+0000] {processor.py:914} INFO - Processing file /home/ec2-user/environment/lab4_model_training/dags/ml_training_pipeline_v2.py for tasks to queue
[2026-03-22T23:14:17.803+0000] {logging_mixin.py:190} INFO - [2026-03-22T23:14:17.802+0000] {dagbag.py:588} INFO - Filling up the DagBag from /home/ec2-user/environment/lab4_model_training/dags/ml_training_pipeline_v2.py
[2026-03-22T23:14:19.070+0000] {processor.py:925} INFO - DAG(s) 'ml_pipeline' retrieved from /home/ec2-user/environment/lab4_model_training/dags/ml_training_pipeline_v2.py
[2026-03-22T23:14:19.074+0000] {logging_mixin.py:190} INFO - [2026-03-22T23:14:19.074+0000] {dag.py:3239} INFO - Sync 1 DAGs
[2026-03-22T23:14:19.085+0000] {logging_mixin.py:190} INFO - [2026-03-22T23:14:19.084+0000] {dag.py:4180} INFO - Setting next_dagrun for ml_pipeline to None, run_after=None
[2026-03-22T23:14:19.103+0000] {processor.py:208} INFO - Processing /home/ec2-user/environment/lab4_model_training/dags/ml_training_pipeline_v2.py took 1.308 seconds
[2026-03-22T23:14:49.403+0000] {processor.py:186} INFO - Started process (PID=13502) to work on /home/ec2-user/environment/lab4_model_training/dags/ml_training_pipeline_v2.py
[2026-03-22T23:14:49.404+0000] {processor.py:914} INFO - Processing file /home/ec2-user/environment/lab4_model_training/dags/ml_training_pipeline_v2.py for tasks to queue
[2026-03-22T23:14:49.405+0000] {logging_mixin.py:190} INFO - [2026-03-22T23:14:49.405+0000] {dagbag.py:588} INFO - Filling up the DagBag from /home/ec2-user/environment/lab4_model_training/dags/ml_training_pipeline_v2.py
[2026-03-22T23:14:52.753+0000] {processor.py:925} INFO - DAG(s) 'ml_pipeline' retrieved from /home/ec2-user/environment/lab4_model_training/dags/ml_training_pipeline_v2.py
[2026-03-22T23:14:52.893+0000] {logging_mixin.py:190} INFO - [2026-03-22T23:14:52.893+0000] {dag.py:3239} INFO - Sync 1 DAGs
[2026-03-22T23:14:52.912+0000] {logging_mixin.py:190} INFO - [2026-03-22T23:14:52.912+0000] {dag.py:4180} INFO - Setting next_dagrun for ml_pipeline to None, run_after=None
[2026-03-22T23:14:52.964+0000] {processor.py:208} INFO - Processing /home/ec2-user/environment/lab4_model_training/dags/ml_training_pipeline_v2.py took 3.577 seconds
[2026-03-22T23:15:23.743+0000] {processor.py:186} INFO - Started process (PID=13554) to work on /home/ec2-user/environment/lab4_model_training/dags/ml_training_pipeline_v2.py
[2026-03-22T23:15:23.744+0000] {processor.py:914} INFO - Processing file /home/ec2-user/environment/lab4_model_training/dags/ml_training_pipeline_v2.py for tasks to queue
[2026-03-22T23:15:23.746+0000] {logging_mixin.py:190} INFO - [2026-03-22T23:15:23.745+0000] {dagbag.py:588} INFO - Filling up the DagBag from /home/ec2-user/environment/lab4_model_training/dags/ml_training_pipeline_v2.py
[2026-03-22T23:15:28.329+0000] {processor.py:925} INFO - DAG(s) 'ml_pipeline' retrieved from /home/ec2-user/environment/lab4_model_training/dags/ml_training_pipeline_v2.py
[2026-03-22T23:15:28.369+0000] {logging_mixin.py:190} INFO - [2026-03-22T23:15:28.369+0000] {dag.py:3239} INFO - Sync 1 DAGs
[2026-03-22T23:15:28.403+0000] {logging_mixin.py:190} INFO - [2026-03-22T23:15:28.382+0000] {dag.py:4180} INFO - Setting next_dagrun for ml_pipeline to None, run_after=None
[2026-03-22T23:15:28.437+0000] {processor.py:208} INFO - Processing /home/ec2-user/environment/lab4_model_training/dags/ml_training_pipeline_v2.py took 4.720 seconds
[2026-03-22T23:15:58.881+0000] {processor.py:186} INFO - Started process (PID=13639) to work on /home/ec2-user/environment/lab4_model_training/dags/ml_training_pipeline_v2.py
[2026-03-22T23:15:58.896+0000] {processor.py:914} INFO - Processing file /home/ec2-user/environment/lab4_model_training/dags/ml_training_pipeline_v2.py for tasks to queue
[2026-03-22T23:15:58.898+0000] {logging_mixin.py:190} INFO - [2026-03-22T23:15:58.898+0000] {dagbag.py:588} INFO - Filling up the DagBag from /home/ec2-user/environment/lab4_model_training/dags/ml_training_pipeline_v2.py
[2026-03-22T23:16:02.693+0000] {processor.py:925} INFO - DAG(s) 'ml_pipeline' retrieved from /home/ec2-user/environment/lab4_model_training/dags/ml_training_pipeline_v2.py
[2026-03-22T23:16:02.698+0000] {logging_mixin.py:190} INFO - [2026-03-22T23:16:02.698+0000] {dag.py:3239} INFO - Sync 1 DAGs
[2026-03-22T23:16:02.734+0000] {logging_mixin.py:190} INFO - [2026-03-22T23:16:02.734+0000] {dag.py:4180} INFO - Setting next_dagrun for ml_pipeline to None, run_after=None
[2026-03-22T23:16:02.785+0000] {processor.py:208} INFO - Processing /home/ec2-user/environment/lab4_model_training/dags/ml_training_pipeline_v2.py took 3.911 seconds
[2026-03-22T23:16:32.999+0000] {processor.py:186} INFO - Started process (PID=13682) to work on /home/ec2-user/environment/lab4_model_training/dags/ml_training_pipeline_v2.py
[2026-03-22T23:16:33.002+0000] {processor.py:914} INFO - Processing file /home/ec2-user/environment/lab4_model_training/dags/ml_training_pipeline_v2.py for tasks to queue
[2026-03-22T23:16:33.005+0000] {logging_mixin.py:190} INFO - [2026-03-22T23:16:33.005+0000] {dagbag.py:588} INFO - Filling up the DagBag from /home/ec2-user/environment/lab4_model_training/dags/ml_training_pipeline_v2.py
[2026-03-22T23:16:34.955+0000] {processor.py:925} INFO - DAG(s) 'ml_pipeline' retrieved from /home/ec2-user/environment/lab4_model_training/dags/ml_training_pipeline_v2.py
[2026-03-22T23:16:35.067+0000] {logging_mixin.py:190} INFO - [2026-03-22T23:16:35.066+0000] {dag.py:3239} INFO - Sync 1 DAGs
[2026-03-22T23:16:35.078+0000] {logging_mixin.py:190} INFO - [2026-03-22T23:16:35.078+0000] {dag.py:4180} INFO - Setting next_dagrun for ml_pipeline to None, run_after=None
[2026-03-22T23:16:35.110+0000] {processor.py:208} INFO - Processing /home/ec2-user/environment/lab4_model_training/dags/ml_training_pipeline_v2.py took 2.118 seconds
[2026-03-22T23:17:05.283+0000] {processor.py:186} INFO - Started process (PID=13732) to work on /home/ec2-user/environment/lab4_model_training/dags/ml_training_pipeline_v2.py
[2026-03-22T23:17:05.284+0000] {processor.py:914} INFO - Processing file /home/ec2-user/environment/lab4_model_training/dags/ml_training_pipeline_v2.py for tasks to queue
[2026-03-22T23:17:05.285+0000] {logging_mixin.py:190} INFO - [2026-03-22T23:17:05.285+0000] {dagbag.py:588} INFO - Filling up the DagBag from /home/ec2-user/environment/lab4_model_training/dags/ml_training_pipeline_v2.py
[2026-03-22T23:17:06.553+0000] {processor.py:925} INFO - DAG(s) 'ml_pipeline' retrieved from /home/ec2-user/environment/lab4_model_training/dags/ml_training_pipeline_v2.py
[2026-03-22T23:17:06.566+0000] {logging_mixin.py:190} INFO - [2026-03-22T23:17:06.565+0000] {dag.py:3239} INFO - Sync 1 DAGs
[2026-03-22T23:17:06.575+0000] {logging_mixin.py:190} INFO - [2026-03-22T23:17:06.575+0000] {dag.py:4180} INFO - Setting next_dagrun for ml_pipeline to None, run_after=None
[2026-03-22T23:17:06.590+0000] {processor.py:208} INFO - Processing /home/ec2-user/environment/lab4_model_training/dags/ml_training_pipeline_v2.py took 1.312 seconds
[2026-03-22T23:17:36.753+0000] {processor.py:186} INFO - Started process (PID=13758) to work on /home/ec2-user/environment/lab4_model_training/dags/ml_training_pipeline_v2.py
[2026-03-22T23:17:36.754+0000] {processor.py:914} INFO - Processing file /home/ec2-user/environment/lab4_model_training/dags/ml_training_pipeline_v2.py for tasks to queue
[2026-03-22T23:17:36.756+0000] {logging_mixin.py:190} INFO - [2026-03-22T23:17:36.755+0000] {dagbag.py:588} INFO - Filling up the DagBag from /home/ec2-user/environment/lab4_model_training/dags/ml_training_pipeline_v2.py
[2026-03-22T23:17:38.041+0000] {processor.py:925} INFO - DAG(s) 'ml_pipeline' retrieved from /home/ec2-user/environment/lab4_model_training/dags/ml_training_pipeline_v2.py
[2026-03-22T23:17:38.045+0000] {logging_mixin.py:190} INFO - [2026-03-22T23:17:38.044+0000] {dag.py:3239} INFO - Sync 1 DAGs
[2026-03-22T23:17:38.054+0000] {logging_mixin.py:190} INFO - [2026-03-22T23:17:38.054+0000] {dag.py:4180} INFO - Setting next_dagrun for ml_pipeline to None, run_after=None
[2026-03-22T23:17:38.070+0000] {processor.py:208} INFO - Processing /home/ec2-user/environment/lab4_model_training/dags/ml_training_pipeline_v2.py took 1.322 seconds
[2026-03-22T23:18:08.228+0000] {processor.py:186} INFO - Started process (PID=13849) to work on /home/ec2-user/environment/lab4_model_training/dags/ml_training_pipeline_v2.py
[2026-03-22T23:18:08.229+0000] {processor.py:914} INFO - Processing file /home/ec2-user/environment/lab4_model_training/dags/ml_training_pipeline_v2.py for tasks to queue
[2026-03-22T23:18:08.232+0000] {logging_mixin.py:190} INFO - [2026-03-22T23:18:08.231+0000] {dagbag.py:588} INFO - Filling up the DagBag from /home/ec2-user/environment/lab4_model_training/dags/ml_training_pipeline_v2.py
[2026-03-22T23:18:09.551+0000] {processor.py:925} INFO - DAG(s) 'ml_pipeline' retrieved from /home/ec2-user/environment/lab4_model_training/dags/ml_training_pipeline_v2.py
[2026-03-22T23:18:09.633+0000] {logging_mixin.py:190} INFO - [2026-03-22T23:18:09.633+0000] {dag.py:3239} INFO - Sync 1 DAGs
[2026-03-22T23:18:09.643+0000] {logging_mixin.py:190} INFO - [2026-03-22T23:18:09.643+0000] {dag.py:4180} INFO - Setting next_dagrun for ml_pipeline to None, run_after=None
[2026-03-22T23:18:09.667+0000] {processor.py:208} INFO - Processing /home/ec2-user/environment/lab4_model_training/dags/ml_training_pipeline_v2.py took 1.443 seconds
