[2026-03-22T21:39:34.063+0000] {processor.py:186} INFO - Started process (PID=2898) to work on /home/ec2-user/environment/lab4_model_training/dags/train_model_dag.py
[2026-03-22T21:39:34.063+0000] {processor.py:914} INFO - Processing file /home/ec2-user/environment/lab4_model_training/dags/train_model_dag.py for tasks to queue
[2026-03-22T21:39:34.065+0000] {logging_mixin.py:190} INFO - [2026-03-22T21:39:34.064+0000] {dagbag.py:588} INFO - Filling up the DagBag from /home/ec2-user/environment/lab4_model_training/dags/train_model_dag.py
[2026-03-22T21:39:35.851+0000] {processor.py:925} INFO - DAG(s) 'train_model_only' retrieved from /home/ec2-user/environment/lab4_model_training/dags/train_model_dag.py
[2026-03-22T21:39:35.935+0000] {logging_mixin.py:190} INFO - [2026-03-22T21:39:35.934+0000] {override.py:1930} INFO - Created Permission View: can read on DAG:train_model_only
[2026-03-22T21:39:35.948+0000] {logging_mixin.py:190} INFO - [2026-03-22T21:39:35.948+0000] {override.py:1930} INFO - Created Permission View: can edit on DAG:train_model_only
[2026-03-22T21:39:35.957+0000] {logging_mixin.py:190} INFO - [2026-03-22T21:39:35.957+0000] {override.py:1930} INFO - Created Permission View: can delete on DAG:train_model_only
[2026-03-22T21:39:35.972+0000] {logging_mixin.py:190} INFO - [2026-03-22T21:39:35.971+0000] {override.py:1930} INFO - Created Permission View: can read on DAG Run:train_model_only
[2026-03-22T21:39:35.983+0000] {logging_mixin.py:190} INFO - [2026-03-22T21:39:35.982+0000] {override.py:1930} INFO - Created Permission View: can delete on DAG Run:train_model_only
[2026-03-22T21:39:35.992+0000] {logging_mixin.py:190} INFO - [2026-03-22T21:39:35.991+0000] {override.py:1930} INFO - Created Permission View: menu access on DAG Run:train_model_only
[2026-03-22T21:39:36.001+0000] {logging_mixin.py:190} INFO - [2026-03-22T21:39:36.000+0000] {override.py:1930} INFO - Created Permission View: can create on DAG Run:train_model_only
[2026-03-22T21:39:36.002+0000] {logging_mixin.py:190} INFO - [2026-03-22T21:39:36.001+0000] {dag.py:3239} INFO - Sync 1 DAGs
[2026-03-22T21:39:36.012+0000] {logging_mixin.py:190} INFO - [2026-03-22T21:39:36.012+0000] {dag.py:3262} INFO - Creating ORM DAG for train_model_only
[2026-03-22T21:39:36.013+0000] {logging_mixin.py:190} INFO - [2026-03-22T21:39:36.013+0000] {dag.py:4180} INFO - Setting next_dagrun for train_model_only to None, run_after=None
[2026-03-22T21:39:36.032+0000] {processor.py:208} INFO - Processing /home/ec2-user/environment/lab4_model_training/dags/train_model_dag.py took 1.974 seconds
[2026-03-22T21:40:06.829+0000] {processor.py:186} INFO - Started process (PID=3030) to work on /home/ec2-user/environment/lab4_model_training/dags/train_model_dag.py
[2026-03-22T21:40:06.829+0000] {processor.py:914} INFO - Processing file /home/ec2-user/environment/lab4_model_training/dags/train_model_dag.py for tasks to queue
[2026-03-22T21:40:06.831+0000] {logging_mixin.py:190} INFO - [2026-03-22T21:40:06.830+0000] {dagbag.py:588} INFO - Filling up the DagBag from /home/ec2-user/environment/lab4_model_training/dags/train_model_dag.py
[2026-03-22T21:40:08.493+0000] {processor.py:925} INFO - DAG(s) 'train_model_only' retrieved from /home/ec2-user/environment/lab4_model_training/dags/train_model_dag.py
[2026-03-22T21:40:08.506+0000] {logging_mixin.py:190} INFO - [2026-03-22T21:40:08.506+0000] {dag.py:3239} INFO - Sync 1 DAGs
[2026-03-22T21:40:08.516+0000] {logging_mixin.py:190} INFO - [2026-03-22T21:40:08.515+0000] {dag.py:4180} INFO - Setting next_dagrun for train_model_only to None, run_after=None
[2026-03-22T21:40:08.562+0000] {processor.py:208} INFO - Processing /home/ec2-user/environment/lab4_model_training/dags/train_model_dag.py took 1.738 seconds
[2026-03-22T21:40:38.722+0000] {processor.py:186} INFO - Started process (PID=3054) to work on /home/ec2-user/environment/lab4_model_training/dags/train_model_dag.py
[2026-03-22T21:40:38.722+0000] {processor.py:914} INFO - Processing file /home/ec2-user/environment/lab4_model_training/dags/train_model_dag.py for tasks to queue
[2026-03-22T21:40:38.724+0000] {logging_mixin.py:190} INFO - [2026-03-22T21:40:38.724+0000] {dagbag.py:588} INFO - Filling up the DagBag from /home/ec2-user/environment/lab4_model_training/dags/train_model_dag.py
[2026-03-22T21:40:40.120+0000] {processor.py:925} INFO - DAG(s) 'train_model_only' retrieved from /home/ec2-user/environment/lab4_model_training/dags/train_model_dag.py
[2026-03-22T21:40:40.133+0000] {logging_mixin.py:190} INFO - [2026-03-22T21:40:40.133+0000] {dag.py:3239} INFO - Sync 1 DAGs
[2026-03-22T21:40:40.143+0000] {logging_mixin.py:190} INFO - [2026-03-22T21:40:40.142+0000] {dag.py:4180} INFO - Setting next_dagrun for train_model_only to None, run_after=None
[2026-03-22T21:40:40.160+0000] {processor.py:208} INFO - Processing /home/ec2-user/environment/lab4_model_training/dags/train_model_dag.py took 1.443 seconds
[2026-03-22T21:41:10.432+0000] {processor.py:186} INFO - Started process (PID=3095) to work on /home/ec2-user/environment/lab4_model_training/dags/train_model_dag.py
[2026-03-22T21:41:10.434+0000] {processor.py:914} INFO - Processing file /home/ec2-user/environment/lab4_model_training/dags/train_model_dag.py for tasks to queue
[2026-03-22T21:41:10.435+0000] {logging_mixin.py:190} INFO - [2026-03-22T21:41:10.434+0000] {dagbag.py:588} INFO - Filling up the DagBag from /home/ec2-user/environment/lab4_model_training/dags/train_model_dag.py
[2026-03-22T21:41:11.836+0000] {processor.py:925} INFO - DAG(s) 'train_model_only' retrieved from /home/ec2-user/environment/lab4_model_training/dags/train_model_dag.py
[2026-03-22T21:41:11.849+0000] {logging_mixin.py:190} INFO - [2026-03-22T21:41:11.848+0000] {dag.py:3239} INFO - Sync 1 DAGs
[2026-03-22T21:41:11.858+0000] {logging_mixin.py:190} INFO - [2026-03-22T21:41:11.858+0000] {dag.py:4180} INFO - Setting next_dagrun for train_model_only to None, run_after=None
[2026-03-22T21:41:11.875+0000] {processor.py:208} INFO - Processing /home/ec2-user/environment/lab4_model_training/dags/train_model_dag.py took 1.448 seconds
[2026-03-22T21:41:42.263+0000] {processor.py:186} INFO - Started process (PID=3128) to work on /home/ec2-user/environment/lab4_model_training/dags/train_model_dag.py
[2026-03-22T21:41:42.264+0000] {processor.py:914} INFO - Processing file /home/ec2-user/environment/lab4_model_training/dags/train_model_dag.py for tasks to queue
[2026-03-22T21:41:42.265+0000] {logging_mixin.py:190} INFO - [2026-03-22T21:41:42.265+0000] {dagbag.py:588} INFO - Filling up the DagBag from /home/ec2-user/environment/lab4_model_training/dags/train_model_dag.py
[2026-03-22T21:41:43.683+0000] {processor.py:925} INFO - DAG(s) 'train_model_only' retrieved from /home/ec2-user/environment/lab4_model_training/dags/train_model_dag.py
[2026-03-22T21:41:43.696+0000] {logging_mixin.py:190} INFO - [2026-03-22T21:41:43.696+0000] {dag.py:3239} INFO - Sync 1 DAGs
[2026-03-22T21:41:43.705+0000] {logging_mixin.py:190} INFO - [2026-03-22T21:41:43.705+0000] {dag.py:4180} INFO - Setting next_dagrun for train_model_only to None, run_after=None
[2026-03-22T21:41:43.725+0000] {processor.py:208} INFO - Processing /home/ec2-user/environment/lab4_model_training/dags/train_model_dag.py took 1.466 seconds
[2026-03-22T21:42:13.830+0000] {processor.py:186} INFO - Started process (PID=3212) to work on /home/ec2-user/environment/lab4_model_training/dags/train_model_dag.py
[2026-03-22T21:42:13.831+0000] {processor.py:914} INFO - Processing file /home/ec2-user/environment/lab4_model_training/dags/train_model_dag.py for tasks to queue
[2026-03-22T21:42:13.832+0000] {logging_mixin.py:190} INFO - [2026-03-22T21:42:13.832+0000] {dagbag.py:588} INFO - Filling up the DagBag from /home/ec2-user/environment/lab4_model_training/dags/train_model_dag.py
[2026-03-22T21:42:15.244+0000] {processor.py:925} INFO - DAG(s) 'train_model_only' retrieved from /home/ec2-user/environment/lab4_model_training/dags/train_model_dag.py
[2026-03-22T21:42:15.257+0000] {logging_mixin.py:190} INFO - [2026-03-22T21:42:15.257+0000] {dag.py:3239} INFO - Sync 1 DAGs
[2026-03-22T21:42:15.266+0000] {logging_mixin.py:190} INFO - [2026-03-22T21:42:15.266+0000] {dag.py:4180} INFO - Setting next_dagrun for train_model_only to None, run_after=None
[2026-03-22T21:42:15.285+0000] {processor.py:208} INFO - Processing /home/ec2-user/environment/lab4_model_training/dags/train_model_dag.py took 1.459 seconds
[2026-03-22T21:42:45.395+0000] {processor.py:186} INFO - Started process (PID=3245) to work on /home/ec2-user/environment/lab4_model_training/dags/train_model_dag.py
[2026-03-22T21:42:45.396+0000] {processor.py:914} INFO - Processing file /home/ec2-user/environment/lab4_model_training/dags/train_model_dag.py for tasks to queue
[2026-03-22T21:42:45.398+0000] {logging_mixin.py:190} INFO - [2026-03-22T21:42:45.397+0000] {dagbag.py:588} INFO - Filling up the DagBag from /home/ec2-user/environment/lab4_model_training/dags/train_model_dag.py
[2026-03-22T21:42:46.803+0000] {processor.py:925} INFO - DAG(s) 'train_model_only' retrieved from /home/ec2-user/environment/lab4_model_training/dags/train_model_dag.py
[2026-03-22T21:42:46.817+0000] {logging_mixin.py:190} INFO - [2026-03-22T21:42:46.816+0000] {dag.py:3239} INFO - Sync 1 DAGs
[2026-03-22T21:42:46.832+0000] {logging_mixin.py:190} INFO - [2026-03-22T21:42:46.831+0000] {dag.py:4180} INFO - Setting next_dagrun for train_model_only to None, run_after=None
[2026-03-22T21:42:46.849+0000] {processor.py:208} INFO - Processing /home/ec2-user/environment/lab4_model_training/dags/train_model_dag.py took 1.459 seconds
[2026-03-22T21:43:16.964+0000] {processor.py:186} INFO - Started process (PID=3285) to work on /home/ec2-user/environment/lab4_model_training/dags/train_model_dag.py
[2026-03-22T21:43:16.965+0000] {processor.py:914} INFO - Processing file /home/ec2-user/environment/lab4_model_training/dags/train_model_dag.py for tasks to queue
[2026-03-22T21:43:16.966+0000] {logging_mixin.py:190} INFO - [2026-03-22T21:43:16.966+0000] {dagbag.py:588} INFO - Filling up the DagBag from /home/ec2-user/environment/lab4_model_training/dags/train_model_dag.py
[2026-03-22T21:43:18.373+0000] {processor.py:925} INFO - DAG(s) 'train_model_only' retrieved from /home/ec2-user/environment/lab4_model_training/dags/train_model_dag.py
[2026-03-22T21:43:18.386+0000] {logging_mixin.py:190} INFO - [2026-03-22T21:43:18.386+0000] {dag.py:3239} INFO - Sync 1 DAGs
[2026-03-22T21:43:18.397+0000] {logging_mixin.py:190} INFO - [2026-03-22T21:43:18.397+0000] {dag.py:4180} INFO - Setting next_dagrun for train_model_only to None, run_after=None
[2026-03-22T21:43:18.415+0000] {processor.py:208} INFO - Processing /home/ec2-user/environment/lab4_model_training/dags/train_model_dag.py took 1.456 seconds
[2026-03-22T21:43:48.527+0000] {processor.py:186} INFO - Started process (PID=3308) to work on /home/ec2-user/environment/lab4_model_training/dags/train_model_dag.py
[2026-03-22T21:43:48.528+0000] {processor.py:914} INFO - Processing file /home/ec2-user/environment/lab4_model_training/dags/train_model_dag.py for tasks to queue
[2026-03-22T21:43:48.529+0000] {logging_mixin.py:190} INFO - [2026-03-22T21:43:48.529+0000] {dagbag.py:588} INFO - Filling up the DagBag from /home/ec2-user/environment/lab4_model_training/dags/train_model_dag.py
[2026-03-22T21:43:49.933+0000] {processor.py:925} INFO - DAG(s) 'train_model_only' retrieved from /home/ec2-user/environment/lab4_model_training/dags/train_model_dag.py
[2026-03-22T21:43:49.947+0000] {logging_mixin.py:190} INFO - [2026-03-22T21:43:49.947+0000] {dag.py:3239} INFO - Sync 1 DAGs
[2026-03-22T21:43:49.957+0000] {logging_mixin.py:190} INFO - [2026-03-22T21:43:49.957+0000] {dag.py:4180} INFO - Setting next_dagrun for train_model_only to None, run_after=None
[2026-03-22T21:43:49.975+0000] {processor.py:208} INFO - Processing /home/ec2-user/environment/lab4_model_training/dags/train_model_dag.py took 1.452 seconds
[2026-03-22T21:44:21.719+0000] {processor.py:186} INFO - Started process (PID=3465) to work on /home/ec2-user/environment/lab4_model_training/dags/train_model_dag.py
[2026-03-22T21:44:21.721+0000] {processor.py:914} INFO - Processing file /home/ec2-user/environment/lab4_model_training/dags/train_model_dag.py for tasks to queue
[2026-03-22T21:44:21.722+0000] {logging_mixin.py:190} INFO - [2026-03-22T21:44:21.721+0000] {dagbag.py:588} INFO - Filling up the DagBag from /home/ec2-user/environment/lab4_model_training/dags/train_model_dag.py
[2026-03-22T21:44:23.155+0000] {processor.py:925} INFO - DAG(s) 'train_model_only' retrieved from /home/ec2-user/environment/lab4_model_training/dags/train_model_dag.py
[2026-03-22T21:44:23.169+0000] {logging_mixin.py:190} INFO - [2026-03-22T21:44:23.169+0000] {dag.py:3239} INFO - Sync 1 DAGs
[2026-03-22T21:44:23.179+0000] {logging_mixin.py:190} INFO - [2026-03-22T21:44:23.179+0000] {dag.py:4180} INFO - Setting next_dagrun for train_model_only to None, run_after=None
[2026-03-22T21:44:23.197+0000] {processor.py:208} INFO - Processing /home/ec2-user/environment/lab4_model_training/dags/train_model_dag.py took 1.482 seconds
[2026-03-22T21:44:53.284+0000] {processor.py:186} INFO - Started process (PID=3492) to work on /home/ec2-user/environment/lab4_model_training/dags/train_model_dag.py
[2026-03-22T21:44:53.285+0000] {processor.py:914} INFO - Processing file /home/ec2-user/environment/lab4_model_training/dags/train_model_dag.py for tasks to queue
[2026-03-22T21:44:53.286+0000] {logging_mixin.py:190} INFO - [2026-03-22T21:44:53.286+0000] {dagbag.py:588} INFO - Filling up the DagBag from /home/ec2-user/environment/lab4_model_training/dags/train_model_dag.py
[2026-03-22T21:44:54.673+0000] {processor.py:925} INFO - DAG(s) 'train_model_only' retrieved from /home/ec2-user/environment/lab4_model_training/dags/train_model_dag.py
[2026-03-22T21:44:54.687+0000] {logging_mixin.py:190} INFO - [2026-03-22T21:44:54.687+0000] {dag.py:3239} INFO - Sync 1 DAGs
[2026-03-22T21:44:54.696+0000] {logging_mixin.py:190} INFO - [2026-03-22T21:44:54.696+0000] {dag.py:4180} INFO - Setting next_dagrun for train_model_only to None, run_after=None
[2026-03-22T21:44:54.714+0000] {processor.py:208} INFO - Processing /home/ec2-user/environment/lab4_model_training/dags/train_model_dag.py took 1.435 seconds
[2026-03-22T21:45:24.853+0000] {processor.py:186} INFO - Started process (PID=3587) to work on /home/ec2-user/environment/lab4_model_training/dags/train_model_dag.py
[2026-03-22T21:45:24.854+0000] {processor.py:914} INFO - Processing file /home/ec2-user/environment/lab4_model_training/dags/train_model_dag.py for tasks to queue
[2026-03-22T21:45:24.855+0000] {logging_mixin.py:190} INFO - [2026-03-22T21:45:24.855+0000] {dagbag.py:588} INFO - Filling up the DagBag from /home/ec2-user/environment/lab4_model_training/dags/train_model_dag.py
[2026-03-22T21:45:26.560+0000] {processor.py:925} INFO - DAG(s) 'train_model_only' retrieved from /home/ec2-user/environment/lab4_model_training/dags/train_model_dag.py
[2026-03-22T21:45:26.573+0000] {logging_mixin.py:190} INFO - [2026-03-22T21:45:26.572+0000] {dag.py:3239} INFO - Sync 1 DAGs
[2026-03-22T21:45:26.582+0000] {logging_mixin.py:190} INFO - [2026-03-22T21:45:26.582+0000] {dag.py:4180} INFO - Setting next_dagrun for train_model_only to None, run_after=None
[2026-03-22T21:45:26.603+0000] {processor.py:208} INFO - Processing /home/ec2-user/environment/lab4_model_training/dags/train_model_dag.py took 1.754 seconds
[2026-03-22T21:45:57.445+0000] {processor.py:186} INFO - Started process (PID=3620) to work on /home/ec2-user/environment/lab4_model_training/dags/train_model_dag.py
[2026-03-22T21:45:57.446+0000] {processor.py:914} INFO - Processing file /home/ec2-user/environment/lab4_model_training/dags/train_model_dag.py for tasks to queue
[2026-03-22T21:45:57.448+0000] {logging_mixin.py:190} INFO - [2026-03-22T21:45:57.447+0000] {dagbag.py:588} INFO - Filling up the DagBag from /home/ec2-user/environment/lab4_model_training/dags/train_model_dag.py
[2026-03-22T21:45:58.864+0000] {processor.py:925} INFO - DAG(s) 'train_model_only' retrieved from /home/ec2-user/environment/lab4_model_training/dags/train_model_dag.py
[2026-03-22T21:45:58.877+0000] {logging_mixin.py:190} INFO - [2026-03-22T21:45:58.876+0000] {dag.py:3239} INFO - Sync 1 DAGs
[2026-03-22T21:45:58.886+0000] {logging_mixin.py:190} INFO - [2026-03-22T21:45:58.886+0000] {dag.py:4180} INFO - Setting next_dagrun for train_model_only to None, run_after=None
[2026-03-22T21:45:58.904+0000] {processor.py:208} INFO - Processing /home/ec2-user/environment/lab4_model_training/dags/train_model_dag.py took 1.463 seconds
[2026-03-22T21:46:29.123+0000] {processor.py:186} INFO - Started process (PID=3660) to work on /home/ec2-user/environment/lab4_model_training/dags/train_model_dag.py
[2026-03-22T21:46:29.124+0000] {processor.py:914} INFO - Processing file /home/ec2-user/environment/lab4_model_training/dags/train_model_dag.py for tasks to queue
[2026-03-22T21:46:29.125+0000] {logging_mixin.py:190} INFO - [2026-03-22T21:46:29.125+0000] {dagbag.py:588} INFO - Filling up the DagBag from /home/ec2-user/environment/lab4_model_training/dags/train_model_dag.py
[2026-03-22T21:46:30.482+0000] {processor.py:925} INFO - DAG(s) 'train_model_only' retrieved from /home/ec2-user/environment/lab4_model_training/dags/train_model_dag.py
[2026-03-22T21:46:30.495+0000] {logging_mixin.py:190} INFO - [2026-03-22T21:46:30.495+0000] {dag.py:3239} INFO - Sync 1 DAGs
[2026-03-22T21:46:30.504+0000] {logging_mixin.py:190} INFO - [2026-03-22T21:46:30.504+0000] {dag.py:4180} INFO - Setting next_dagrun for train_model_only to None, run_after=None
[2026-03-22T21:46:30.522+0000] {processor.py:208} INFO - Processing /home/ec2-user/environment/lab4_model_training/dags/train_model_dag.py took 1.404 seconds
[2026-03-22T21:47:01.642+0000] {processor.py:186} INFO - Started process (PID=3751) to work on /home/ec2-user/environment/lab4_model_training/dags/train_model_dag.py
[2026-03-22T21:47:01.644+0000] {processor.py:914} INFO - Processing file /home/ec2-user/environment/lab4_model_training/dags/train_model_dag.py for tasks to queue
[2026-03-22T21:47:01.645+0000] {logging_mixin.py:190} INFO - [2026-03-22T21:47:01.644+0000] {dagbag.py:588} INFO - Filling up the DagBag from /home/ec2-user/environment/lab4_model_training/dags/train_model_dag.py
[2026-03-22T21:47:03.029+0000] {processor.py:925} INFO - DAG(s) 'train_model_only' retrieved from /home/ec2-user/environment/lab4_model_training/dags/train_model_dag.py
[2026-03-22T21:47:03.042+0000] {logging_mixin.py:190} INFO - [2026-03-22T21:47:03.042+0000] {dag.py:3239} INFO - Sync 1 DAGs
[2026-03-22T21:47:03.053+0000] {logging_mixin.py:190} INFO - [2026-03-22T21:47:03.052+0000] {dag.py:4180} INFO - Setting next_dagrun for train_model_only to None, run_after=None
[2026-03-22T21:47:03.072+0000] {processor.py:208} INFO - Processing /home/ec2-user/environment/lab4_model_training/dags/train_model_dag.py took 1.435 seconds
[2026-03-22T21:47:33.556+0000] {processor.py:186} INFO - Started process (PID=3797) to work on /home/ec2-user/environment/lab4_model_training/dags/train_model_dag.py
[2026-03-22T21:47:33.556+0000] {processor.py:914} INFO - Processing file /home/ec2-user/environment/lab4_model_training/dags/train_model_dag.py for tasks to queue
[2026-03-22T21:47:33.557+0000] {logging_mixin.py:190} INFO - [2026-03-22T21:47:33.557+0000] {dagbag.py:588} INFO - Filling up the DagBag from /home/ec2-user/environment/lab4_model_training/dags/train_model_dag.py
[2026-03-22T21:47:34.932+0000] {processor.py:925} INFO - DAG(s) 'train_model_only' retrieved from /home/ec2-user/environment/lab4_model_training/dags/train_model_dag.py
[2026-03-22T21:47:34.945+0000] {logging_mixin.py:190} INFO - [2026-03-22T21:47:34.945+0000] {dag.py:3239} INFO - Sync 1 DAGs
[2026-03-22T21:47:34.955+0000] {logging_mixin.py:190} INFO - [2026-03-22T21:47:34.955+0000] {dag.py:4180} INFO - Setting next_dagrun for train_model_only to None, run_after=None
[2026-03-22T21:47:34.973+0000] {processor.py:208} INFO - Processing /home/ec2-user/environment/lab4_model_training/dags/train_model_dag.py took 1.422 seconds
[2026-03-22T21:48:05.282+0000] {processor.py:186} INFO - Started process (PID=3837) to work on /home/ec2-user/environment/lab4_model_training/dags/train_model_dag.py
[2026-03-22T21:48:05.282+0000] {processor.py:914} INFO - Processing file /home/ec2-user/environment/lab4_model_training/dags/train_model_dag.py for tasks to queue
[2026-03-22T21:48:05.284+0000] {logging_mixin.py:190} INFO - [2026-03-22T21:48:05.283+0000] {dagbag.py:588} INFO - Filling up the DagBag from /home/ec2-user/environment/lab4_model_training/dags/train_model_dag.py
[2026-03-22T21:48:06.657+0000] {processor.py:925} INFO - DAG(s) 'train_model_only' retrieved from /home/ec2-user/environment/lab4_model_training/dags/train_model_dag.py
[2026-03-22T21:48:06.670+0000] {logging_mixin.py:190} INFO - [2026-03-22T21:48:06.669+0000] {dag.py:3239} INFO - Sync 1 DAGs
[2026-03-22T21:48:06.680+0000] {logging_mixin.py:190} INFO - [2026-03-22T21:48:06.680+0000] {dag.py:4180} INFO - Setting next_dagrun for train_model_only to None, run_after=None
[2026-03-22T21:48:06.698+0000] {processor.py:208} INFO - Processing /home/ec2-user/environment/lab4_model_training/dags/train_model_dag.py took 1.421 seconds
[2026-03-22T21:48:38.015+0000] {processor.py:186} INFO - Started process (PID=3869) to work on /home/ec2-user/environment/lab4_model_training/dags/train_model_dag.py
[2026-03-22T21:48:38.016+0000] {processor.py:914} INFO - Processing file /home/ec2-user/environment/lab4_model_training/dags/train_model_dag.py for tasks to queue
[2026-03-22T21:48:38.017+0000] {logging_mixin.py:190} INFO - [2026-03-22T21:48:38.017+0000] {dagbag.py:588} INFO - Filling up the DagBag from /home/ec2-user/environment/lab4_model_training/dags/train_model_dag.py
[2026-03-22T21:48:39.307+0000] {processor.py:925} INFO - DAG(s) 'train_model_only' retrieved from /home/ec2-user/environment/lab4_model_training/dags/train_model_dag.py
[2026-03-22T21:48:39.321+0000] {logging_mixin.py:190} INFO - [2026-03-22T21:48:39.321+0000] {dag.py:3239} INFO - Sync 1 DAGs
[2026-03-22T21:48:39.342+0000] {logging_mixin.py:190} INFO - [2026-03-22T21:48:39.342+0000] {dag.py:4180} INFO - Setting next_dagrun for train_model_only to None, run_after=None
[2026-03-22T21:48:39.360+0000] {processor.py:208} INFO - Processing /home/ec2-user/environment/lab4_model_training/dags/train_model_dag.py took 1.350 seconds
[2026-03-22T21:49:09.613+0000] {processor.py:186} INFO - Started process (PID=3966) to work on /home/ec2-user/environment/lab4_model_training/dags/train_model_dag.py
[2026-03-22T21:49:09.615+0000] {processor.py:914} INFO - Processing file /home/ec2-user/environment/lab4_model_training/dags/train_model_dag.py for tasks to queue
[2026-03-22T21:49:09.616+0000] {logging_mixin.py:190} INFO - [2026-03-22T21:49:09.616+0000] {dagbag.py:588} INFO - Filling up the DagBag from /home/ec2-user/environment/lab4_model_training/dags/train_model_dag.py
[2026-03-22T21:49:10.927+0000] {processor.py:925} INFO - DAG(s) 'train_model_only' retrieved from /home/ec2-user/environment/lab4_model_training/dags/train_model_dag.py
[2026-03-22T21:49:10.941+0000] {logging_mixin.py:190} INFO - [2026-03-22T21:49:10.941+0000] {dag.py:3239} INFO - Sync 1 DAGs
[2026-03-22T21:49:10.950+0000] {logging_mixin.py:190} INFO - [2026-03-22T21:49:10.950+0000] {dag.py:4180} INFO - Setting next_dagrun for train_model_only to None, run_after=None
[2026-03-22T21:49:10.968+0000] {processor.py:208} INFO - Processing /home/ec2-user/environment/lab4_model_training/dags/train_model_dag.py took 1.359 seconds
[2026-03-22T21:49:41.981+0000] {processor.py:186} INFO - Started process (PID=3996) to work on /home/ec2-user/environment/lab4_model_training/dags/train_model_dag.py
[2026-03-22T21:49:41.982+0000] {processor.py:914} INFO - Processing file /home/ec2-user/environment/lab4_model_training/dags/train_model_dag.py for tasks to queue
[2026-03-22T21:49:41.983+0000] {logging_mixin.py:190} INFO - [2026-03-22T21:49:41.983+0000] {dagbag.py:588} INFO - Filling up the DagBag from /home/ec2-user/environment/lab4_model_training/dags/train_model_dag.py
[2026-03-22T21:49:43.723+0000] {processor.py:925} INFO - DAG(s) 'train_model_only' retrieved from /home/ec2-user/environment/lab4_model_training/dags/train_model_dag.py
[2026-03-22T21:49:43.735+0000] {logging_mixin.py:190} INFO - [2026-03-22T21:49:43.735+0000] {dag.py:3239} INFO - Sync 1 DAGs
[2026-03-22T21:49:43.744+0000] {logging_mixin.py:190} INFO - [2026-03-22T21:49:43.744+0000] {dag.py:4180} INFO - Setting next_dagrun for train_model_only to None, run_after=None
[2026-03-22T21:49:43.762+0000] {processor.py:208} INFO - Processing /home/ec2-user/environment/lab4_model_training/dags/train_model_dag.py took 1.786 seconds
[2026-03-22T21:50:13.930+0000] {processor.py:186} INFO - Started process (PID=4056) to work on /home/ec2-user/environment/lab4_model_training/dags/train_model_dag.py
[2026-03-22T21:50:13.932+0000] {processor.py:914} INFO - Processing file /home/ec2-user/environment/lab4_model_training/dags/train_model_dag.py for tasks to queue
[2026-03-22T21:50:13.933+0000] {logging_mixin.py:190} INFO - [2026-03-22T21:50:13.933+0000] {dagbag.py:588} INFO - Filling up the DagBag from /home/ec2-user/environment/lab4_model_training/dags/train_model_dag.py
[2026-03-22T21:50:15.232+0000] {processor.py:925} INFO - DAG(s) 'train_model_only' retrieved from /home/ec2-user/environment/lab4_model_training/dags/train_model_dag.py
[2026-03-22T21:50:15.260+0000] {logging_mixin.py:190} INFO - [2026-03-22T21:50:15.260+0000] {dag.py:3239} INFO - Sync 1 DAGs
[2026-03-22T21:50:15.274+0000] {logging_mixin.py:190} INFO - [2026-03-22T21:50:15.274+0000] {dag.py:4180} INFO - Setting next_dagrun for train_model_only to None, run_after=None
[2026-03-22T21:50:15.302+0000] {processor.py:208} INFO - Processing /home/ec2-user/environment/lab4_model_training/dags/train_model_dag.py took 1.376 seconds
[2026-03-22T21:50:45.994+0000] {processor.py:186} INFO - Started process (PID=4153) to work on /home/ec2-user/environment/lab4_model_training/dags/train_model_dag.py
[2026-03-22T21:50:45.995+0000] {processor.py:914} INFO - Processing file /home/ec2-user/environment/lab4_model_training/dags/train_model_dag.py for tasks to queue
[2026-03-22T21:50:45.997+0000] {logging_mixin.py:190} INFO - [2026-03-22T21:50:45.997+0000] {dagbag.py:588} INFO - Filling up the DagBag from /home/ec2-user/environment/lab4_model_training/dags/train_model_dag.py
[2026-03-22T21:50:47.286+0000] {processor.py:925} INFO - DAG(s) 'train_model_only' retrieved from /home/ec2-user/environment/lab4_model_training/dags/train_model_dag.py
[2026-03-22T21:50:47.300+0000] {logging_mixin.py:190} INFO - [2026-03-22T21:50:47.299+0000] {dag.py:3239} INFO - Sync 1 DAGs
[2026-03-22T21:50:47.309+0000] {logging_mixin.py:190} INFO - [2026-03-22T21:50:47.308+0000] {dag.py:4180} INFO - Setting next_dagrun for train_model_only to None, run_after=None
[2026-03-22T21:50:47.326+0000] {processor.py:208} INFO - Processing /home/ec2-user/environment/lab4_model_training/dags/train_model_dag.py took 1.336 seconds
[2026-03-22T21:51:18.722+0000] {processor.py:186} INFO - Started process (PID=4211) to work on /home/ec2-user/environment/lab4_model_training/dags/train_model_dag.py
[2026-03-22T21:51:18.723+0000] {processor.py:914} INFO - Processing file /home/ec2-user/environment/lab4_model_training/dags/train_model_dag.py for tasks to queue
[2026-03-22T21:51:18.725+0000] {logging_mixin.py:190} INFO - [2026-03-22T21:51:18.724+0000] {dagbag.py:588} INFO - Filling up the DagBag from /home/ec2-user/environment/lab4_model_training/dags/train_model_dag.py
[2026-03-22T21:51:20.012+0000] {processor.py:925} INFO - DAG(s) 'train_model_only' retrieved from /home/ec2-user/environment/lab4_model_training/dags/train_model_dag.py
[2026-03-22T21:51:20.025+0000] {logging_mixin.py:190} INFO - [2026-03-22T21:51:20.025+0000] {dag.py:3239} INFO - Sync 1 DAGs
[2026-03-22T21:51:20.034+0000] {logging_mixin.py:190} INFO - [2026-03-22T21:51:20.034+0000] {dag.py:4180} INFO - Setting next_dagrun for train_model_only to None, run_after=None
[2026-03-22T21:51:20.053+0000] {processor.py:208} INFO - Processing /home/ec2-user/environment/lab4_model_training/dags/train_model_dag.py took 1.336 seconds
[2026-03-22T21:51:53.652+0000] {processor.py:186} INFO - Started process (PID=4316) to work on /home/ec2-user/environment/lab4_model_training/dags/train_model_dag.py
[2026-03-22T21:51:53.655+0000] {processor.py:914} INFO - Processing file /home/ec2-user/environment/lab4_model_training/dags/train_model_dag.py for tasks to queue
[2026-03-22T21:51:53.656+0000] {logging_mixin.py:190} INFO - [2026-03-22T21:51:53.656+0000] {dagbag.py:588} INFO - Filling up the DagBag from /home/ec2-user/environment/lab4_model_training/dags/train_model_dag.py
[2026-03-22T21:51:55.347+0000] {processor.py:925} INFO - DAG(s) 'train_model_only' retrieved from /home/ec2-user/environment/lab4_model_training/dags/train_model_dag.py
[2026-03-22T21:51:55.361+0000] {logging_mixin.py:190} INFO - [2026-03-22T21:51:55.361+0000] {dag.py:3239} INFO - Sync 1 DAGs
[2026-03-22T21:51:55.372+0000] {logging_mixin.py:190} INFO - [2026-03-22T21:51:55.371+0000] {dag.py:4180} INFO - Setting next_dagrun for train_model_only to None, run_after=None
[2026-03-22T21:51:55.389+0000] {processor.py:208} INFO - Processing /home/ec2-user/environment/lab4_model_training/dags/train_model_dag.py took 1.744 seconds
[2026-03-22T21:52:25.675+0000] {processor.py:186} INFO - Started process (PID=4428) to work on /home/ec2-user/environment/lab4_model_training/dags/train_model_dag.py
[2026-03-22T21:52:25.676+0000] {processor.py:914} INFO - Processing file /home/ec2-user/environment/lab4_model_training/dags/train_model_dag.py for tasks to queue
[2026-03-22T21:52:25.677+0000] {logging_mixin.py:190} INFO - [2026-03-22T21:52:25.677+0000] {dagbag.py:588} INFO - Filling up the DagBag from /home/ec2-user/environment/lab4_model_training/dags/train_model_dag.py
[2026-03-22T21:52:27.318+0000] {processor.py:925} INFO - DAG(s) 'train_model_only' retrieved from /home/ec2-user/environment/lab4_model_training/dags/train_model_dag.py
[2026-03-22T21:52:27.336+0000] {logging_mixin.py:190} INFO - [2026-03-22T21:52:27.336+0000] {dag.py:3239} INFO - Sync 1 DAGs
[2026-03-22T21:52:27.353+0000] {logging_mixin.py:190} INFO - [2026-03-22T21:52:27.353+0000] {dag.py:4180} INFO - Setting next_dagrun for train_model_only to None, run_after=None
[2026-03-22T21:52:27.386+0000] {processor.py:208} INFO - Processing /home/ec2-user/environment/lab4_model_training/dags/train_model_dag.py took 1.716 seconds
[2026-03-22T21:52:57.709+0000] {processor.py:186} INFO - Started process (PID=4459) to work on /home/ec2-user/environment/lab4_model_training/dags/train_model_dag.py
[2026-03-22T21:52:57.710+0000] {processor.py:914} INFO - Processing file /home/ec2-user/environment/lab4_model_training/dags/train_model_dag.py for tasks to queue
[2026-03-22T21:52:57.711+0000] {logging_mixin.py:190} INFO - [2026-03-22T21:52:57.711+0000] {dagbag.py:588} INFO - Filling up the DagBag from /home/ec2-user/environment/lab4_model_training/dags/train_model_dag.py
[2026-03-22T21:52:59.005+0000] {processor.py:925} INFO - DAG(s) 'train_model_only' retrieved from /home/ec2-user/environment/lab4_model_training/dags/train_model_dag.py
[2026-03-22T21:52:59.018+0000] {logging_mixin.py:190} INFO - [2026-03-22T21:52:59.018+0000] {dag.py:3239} INFO - Sync 1 DAGs
[2026-03-22T21:52:59.029+0000] {logging_mixin.py:190} INFO - [2026-03-22T21:52:59.029+0000] {dag.py:4180} INFO - Setting next_dagrun for train_model_only to None, run_after=None
[2026-03-22T21:52:59.046+0000] {processor.py:208} INFO - Processing /home/ec2-user/environment/lab4_model_training/dags/train_model_dag.py took 1.342 seconds
[2026-03-22T21:53:29.182+0000] {processor.py:186} INFO - Started process (PID=4512) to work on /home/ec2-user/environment/lab4_model_training/dags/train_model_dag.py
[2026-03-22T21:53:29.184+0000] {processor.py:914} INFO - Processing file /home/ec2-user/environment/lab4_model_training/dags/train_model_dag.py for tasks to queue
[2026-03-22T21:53:29.185+0000] {logging_mixin.py:190} INFO - [2026-03-22T21:53:29.184+0000] {dagbag.py:588} INFO - Filling up the DagBag from /home/ec2-user/environment/lab4_model_training/dags/train_model_dag.py
[2026-03-22T21:53:30.934+0000] {processor.py:925} INFO - DAG(s) 'train_model_only' retrieved from /home/ec2-user/environment/lab4_model_training/dags/train_model_dag.py
[2026-03-22T21:53:30.948+0000] {logging_mixin.py:190} INFO - [2026-03-22T21:53:30.947+0000] {dag.py:3239} INFO - Sync 1 DAGs
[2026-03-22T21:53:30.957+0000] {logging_mixin.py:190} INFO - [2026-03-22T21:53:30.957+0000] {dag.py:4180} INFO - Setting next_dagrun for train_model_only to None, run_after=None
[2026-03-22T21:53:30.975+0000] {processor.py:208} INFO - Processing /home/ec2-user/environment/lab4_model_training/dags/train_model_dag.py took 1.798 seconds
[2026-03-22T21:54:01.065+0000] {processor.py:186} INFO - Started process (PID=4607) to work on /home/ec2-user/environment/lab4_model_training/dags/train_model_dag.py
[2026-03-22T21:54:01.066+0000] {processor.py:914} INFO - Processing file /home/ec2-user/environment/lab4_model_training/dags/train_model_dag.py for tasks to queue
[2026-03-22T21:54:01.068+0000] {logging_mixin.py:190} INFO - [2026-03-22T21:54:01.067+0000] {dagbag.py:588} INFO - Filling up the DagBag from /home/ec2-user/environment/lab4_model_training/dags/train_model_dag.py
[2026-03-22T21:54:02.381+0000] {processor.py:925} INFO - DAG(s) 'train_model_only' retrieved from /home/ec2-user/environment/lab4_model_training/dags/train_model_dag.py
[2026-03-22T21:54:02.395+0000] {logging_mixin.py:190} INFO - [2026-03-22T21:54:02.394+0000] {dag.py:3239} INFO - Sync 1 DAGs
[2026-03-22T21:54:02.404+0000] {logging_mixin.py:190} INFO - [2026-03-22T21:54:02.404+0000] {dag.py:4180} INFO - Setting next_dagrun for train_model_only to None, run_after=None
[2026-03-22T21:54:02.422+0000] {processor.py:208} INFO - Processing /home/ec2-user/environment/lab4_model_training/dags/train_model_dag.py took 1.361 seconds
[2026-03-22T21:54:32.538+0000] {processor.py:186} INFO - Started process (PID=4660) to work on /home/ec2-user/environment/lab4_model_training/dags/train_model_dag.py
[2026-03-22T21:54:32.539+0000] {processor.py:914} INFO - Processing file /home/ec2-user/environment/lab4_model_training/dags/train_model_dag.py for tasks to queue
[2026-03-22T21:54:32.540+0000] {logging_mixin.py:190} INFO - [2026-03-22T21:54:32.540+0000] {dagbag.py:588} INFO - Filling up the DagBag from /home/ec2-user/environment/lab4_model_training/dags/train_model_dag.py
[2026-03-22T21:54:33.820+0000] {processor.py:925} INFO - DAG(s) 'train_model_only' retrieved from /home/ec2-user/environment/lab4_model_training/dags/train_model_dag.py
[2026-03-22T21:54:33.834+0000] {logging_mixin.py:190} INFO - [2026-03-22T21:54:33.833+0000] {dag.py:3239} INFO - Sync 1 DAGs
[2026-03-22T21:54:33.843+0000] {logging_mixin.py:190} INFO - [2026-03-22T21:54:33.842+0000] {dag.py:4180} INFO - Setting next_dagrun for train_model_only to None, run_after=None
[2026-03-22T21:54:33.860+0000] {processor.py:208} INFO - Processing /home/ec2-user/environment/lab4_model_training/dags/train_model_dag.py took 1.326 seconds
[2026-03-22T21:55:04.021+0000] {processor.py:186} INFO - Started process (PID=4713) to work on /home/ec2-user/environment/lab4_model_training/dags/train_model_dag.py
[2026-03-22T21:55:04.022+0000] {processor.py:914} INFO - Processing file /home/ec2-user/environment/lab4_model_training/dags/train_model_dag.py for tasks to queue
[2026-03-22T21:55:04.024+0000] {logging_mixin.py:190} INFO - [2026-03-22T21:55:04.023+0000] {dagbag.py:588} INFO - Filling up the DagBag from /home/ec2-user/environment/lab4_model_training/dags/train_model_dag.py
[2026-03-22T21:55:05.313+0000] {processor.py:925} INFO - DAG(s) 'train_model_only' retrieved from /home/ec2-user/environment/lab4_model_training/dags/train_model_dag.py
[2026-03-22T21:55:05.330+0000] {logging_mixin.py:190} INFO - [2026-03-22T21:55:05.330+0000] {dag.py:3239} INFO - Sync 1 DAGs
[2026-03-22T21:55:05.340+0000] {logging_mixin.py:190} INFO - [2026-03-22T21:55:05.339+0000] {dag.py:4180} INFO - Setting next_dagrun for train_model_only to None, run_after=None
[2026-03-22T21:55:05.357+0000] {processor.py:208} INFO - Processing /home/ec2-user/environment/lab4_model_training/dags/train_model_dag.py took 1.340 seconds
[2026-03-22T21:55:35.494+0000] {processor.py:186} INFO - Started process (PID=4745) to work on /home/ec2-user/environment/lab4_model_training/dags/train_model_dag.py
[2026-03-22T21:55:35.495+0000] {processor.py:914} INFO - Processing file /home/ec2-user/environment/lab4_model_training/dags/train_model_dag.py for tasks to queue
[2026-03-22T21:55:35.496+0000] {logging_mixin.py:190} INFO - [2026-03-22T21:55:35.496+0000] {dagbag.py:588} INFO - Filling up the DagBag from /home/ec2-user/environment/lab4_model_training/dags/train_model_dag.py
[2026-03-22T21:55:36.775+0000] {processor.py:925} INFO - DAG(s) 'train_model_only' retrieved from /home/ec2-user/environment/lab4_model_training/dags/train_model_dag.py
[2026-03-22T21:55:36.788+0000] {logging_mixin.py:190} INFO - [2026-03-22T21:55:36.788+0000] {dag.py:3239} INFO - Sync 1 DAGs
[2026-03-22T21:55:36.797+0000] {logging_mixin.py:190} INFO - [2026-03-22T21:55:36.797+0000] {dag.py:4180} INFO - Setting next_dagrun for train_model_only to None, run_after=None
[2026-03-22T21:55:36.814+0000] {processor.py:208} INFO - Processing /home/ec2-user/environment/lab4_model_training/dags/train_model_dag.py took 1.325 seconds
[2026-03-22T21:56:06.966+0000] {processor.py:186} INFO - Started process (PID=4833) to work on /home/ec2-user/environment/lab4_model_training/dags/train_model_dag.py
[2026-03-22T21:56:06.967+0000] {processor.py:914} INFO - Processing file /home/ec2-user/environment/lab4_model_training/dags/train_model_dag.py for tasks to queue
[2026-03-22T21:56:06.968+0000] {logging_mixin.py:190} INFO - [2026-03-22T21:56:06.968+0000] {dagbag.py:588} INFO - Filling up the DagBag from /home/ec2-user/environment/lab4_model_training/dags/train_model_dag.py
[2026-03-22T21:56:08.249+0000] {processor.py:925} INFO - DAG(s) 'train_model_only' retrieved from /home/ec2-user/environment/lab4_model_training/dags/train_model_dag.py
[2026-03-22T21:56:08.263+0000] {logging_mixin.py:190} INFO - [2026-03-22T21:56:08.262+0000] {dag.py:3239} INFO - Sync 1 DAGs
[2026-03-22T21:56:08.272+0000] {logging_mixin.py:190} INFO - [2026-03-22T21:56:08.271+0000] {dag.py:4180} INFO - Setting next_dagrun for train_model_only to None, run_after=None
[2026-03-22T21:56:08.289+0000] {processor.py:208} INFO - Processing /home/ec2-user/environment/lab4_model_training/dags/train_model_dag.py took 1.327 seconds
[2026-03-22T21:56:38.440+0000] {processor.py:186} INFO - Started process (PID=4874) to work on /home/ec2-user/environment/lab4_model_training/dags/train_model_dag.py
[2026-03-22T21:56:38.441+0000] {processor.py:914} INFO - Processing file /home/ec2-user/environment/lab4_model_training/dags/train_model_dag.py for tasks to queue
[2026-03-22T21:56:38.443+0000] {logging_mixin.py:190} INFO - [2026-03-22T21:56:38.442+0000] {dagbag.py:588} INFO - Filling up the DagBag from /home/ec2-user/environment/lab4_model_training/dags/train_model_dag.py
[2026-03-22T21:56:39.727+0000] {processor.py:925} INFO - DAG(s) 'train_model_only' retrieved from /home/ec2-user/environment/lab4_model_training/dags/train_model_dag.py
[2026-03-22T21:56:39.740+0000] {logging_mixin.py:190} INFO - [2026-03-22T21:56:39.740+0000] {dag.py:3239} INFO - Sync 1 DAGs
[2026-03-22T21:56:39.749+0000] {logging_mixin.py:190} INFO - [2026-03-22T21:56:39.749+0000] {dag.py:4180} INFO - Setting next_dagrun for train_model_only to None, run_after=None
[2026-03-22T21:56:39.768+0000] {processor.py:208} INFO - Processing /home/ec2-user/environment/lab4_model_training/dags/train_model_dag.py took 1.333 seconds
[2026-03-22T21:57:09.906+0000] {processor.py:186} INFO - Started process (PID=4934) to work on /home/ec2-user/environment/lab4_model_training/dags/train_model_dag.py
[2026-03-22T21:57:09.908+0000] {processor.py:914} INFO - Processing file /home/ec2-user/environment/lab4_model_training/dags/train_model_dag.py for tasks to queue
[2026-03-22T21:57:09.909+0000] {logging_mixin.py:190} INFO - [2026-03-22T21:57:09.909+0000] {dagbag.py:588} INFO - Filling up the DagBag from /home/ec2-user/environment/lab4_model_training/dags/train_model_dag.py
[2026-03-22T21:57:11.199+0000] {processor.py:925} INFO - DAG(s) 'train_model_only' retrieved from /home/ec2-user/environment/lab4_model_training/dags/train_model_dag.py
[2026-03-22T21:57:11.212+0000] {logging_mixin.py:190} INFO - [2026-03-22T21:57:11.212+0000] {dag.py:3239} INFO - Sync 1 DAGs
[2026-03-22T21:57:11.222+0000] {logging_mixin.py:190} INFO - [2026-03-22T21:57:11.222+0000] {dag.py:4180} INFO - Setting next_dagrun for train_model_only to None, run_after=None
[2026-03-22T21:57:11.240+0000] {processor.py:208} INFO - Processing /home/ec2-user/environment/lab4_model_training/dags/train_model_dag.py took 1.339 seconds
[2026-03-22T21:57:41.375+0000] {processor.py:186} INFO - Started process (PID=4977) to work on /home/ec2-user/environment/lab4_model_training/dags/train_model_dag.py
[2026-03-22T21:57:41.376+0000] {processor.py:914} INFO - Processing file /home/ec2-user/environment/lab4_model_training/dags/train_model_dag.py for tasks to queue
[2026-03-22T21:57:41.377+0000] {logging_mixin.py:190} INFO - [2026-03-22T21:57:41.376+0000] {dagbag.py:588} INFO - Filling up the DagBag from /home/ec2-user/environment/lab4_model_training/dags/train_model_dag.py
[2026-03-22T21:57:42.654+0000] {processor.py:925} INFO - DAG(s) 'train_model_only' retrieved from /home/ec2-user/environment/lab4_model_training/dags/train_model_dag.py
[2026-03-22T21:57:42.667+0000] {logging_mixin.py:190} INFO - [2026-03-22T21:57:42.666+0000] {dag.py:3239} INFO - Sync 1 DAGs
[2026-03-22T21:57:42.677+0000] {logging_mixin.py:190} INFO - [2026-03-22T21:57:42.677+0000] {dag.py:4180} INFO - Setting next_dagrun for train_model_only to None, run_after=None
[2026-03-22T21:57:42.695+0000] {processor.py:208} INFO - Processing /home/ec2-user/environment/lab4_model_training/dags/train_model_dag.py took 1.325 seconds
[2026-03-22T21:58:12.840+0000] {processor.py:186} INFO - Started process (PID=5077) to work on /home/ec2-user/environment/lab4_model_training/dags/train_model_dag.py
[2026-03-22T21:58:12.842+0000] {processor.py:914} INFO - Processing file /home/ec2-user/environment/lab4_model_training/dags/train_model_dag.py for tasks to queue
[2026-03-22T21:58:12.843+0000] {logging_mixin.py:190} INFO - [2026-03-22T21:58:12.842+0000] {dagbag.py:588} INFO - Filling up the DagBag from /home/ec2-user/environment/lab4_model_training/dags/train_model_dag.py
[2026-03-22T21:58:14.128+0000] {processor.py:925} INFO - DAG(s) 'train_model_only' retrieved from /home/ec2-user/environment/lab4_model_training/dags/train_model_dag.py
[2026-03-22T21:58:14.142+0000] {logging_mixin.py:190} INFO - [2026-03-22T21:58:14.142+0000] {dag.py:3239} INFO - Sync 1 DAGs
[2026-03-22T21:58:14.151+0000] {logging_mixin.py:190} INFO - [2026-03-22T21:58:14.151+0000] {dag.py:4180} INFO - Setting next_dagrun for train_model_only to None, run_after=None
[2026-03-22T21:58:14.168+0000] {processor.py:208} INFO - Processing /home/ec2-user/environment/lab4_model_training/dags/train_model_dag.py took 1.332 seconds
[2026-03-22T21:58:44.312+0000] {processor.py:186} INFO - Started process (PID=5117) to work on /home/ec2-user/environment/lab4_model_training/dags/train_model_dag.py
[2026-03-22T21:58:44.313+0000] {processor.py:914} INFO - Processing file /home/ec2-user/environment/lab4_model_training/dags/train_model_dag.py for tasks to queue
[2026-03-22T21:58:44.315+0000] {logging_mixin.py:190} INFO - [2026-03-22T21:58:44.315+0000] {dagbag.py:588} INFO - Filling up the DagBag from /home/ec2-user/environment/lab4_model_training/dags/train_model_dag.py
[2026-03-22T21:58:45.708+0000] {processor.py:925} INFO - DAG(s) 'train_model_only' retrieved from /home/ec2-user/environment/lab4_model_training/dags/train_model_dag.py
[2026-03-22T21:58:45.721+0000] {logging_mixin.py:190} INFO - [2026-03-22T21:58:45.721+0000] {dag.py:3239} INFO - Sync 1 DAGs
[2026-03-22T21:58:45.734+0000] {logging_mixin.py:190} INFO - [2026-03-22T21:58:45.734+0000] {dag.py:4180} INFO - Setting next_dagrun for train_model_only to None, run_after=None
[2026-03-22T21:58:45.751+0000] {processor.py:208} INFO - Processing /home/ec2-user/environment/lab4_model_training/dags/train_model_dag.py took 1.446 seconds
[2026-03-22T21:59:15.860+0000] {processor.py:186} INFO - Started process (PID=5192) to work on /home/ec2-user/environment/lab4_model_training/dags/train_model_dag.py
[2026-03-22T21:59:15.860+0000] {processor.py:914} INFO - Processing file /home/ec2-user/environment/lab4_model_training/dags/train_model_dag.py for tasks to queue
[2026-03-22T21:59:15.862+0000] {logging_mixin.py:190} INFO - [2026-03-22T21:59:15.862+0000] {dagbag.py:588} INFO - Filling up the DagBag from /home/ec2-user/environment/lab4_model_training/dags/train_model_dag.py
[2026-03-22T21:59:17.140+0000] {processor.py:925} INFO - DAG(s) 'train_model_only' retrieved from /home/ec2-user/environment/lab4_model_training/dags/train_model_dag.py
[2026-03-22T21:59:17.154+0000] {logging_mixin.py:190} INFO - [2026-03-22T21:59:17.154+0000] {dag.py:3239} INFO - Sync 1 DAGs
[2026-03-22T21:59:17.163+0000] {logging_mixin.py:190} INFO - [2026-03-22T21:59:17.163+0000] {dag.py:4180} INFO - Setting next_dagrun for train_model_only to None, run_after=None
[2026-03-22T21:59:17.180+0000] {processor.py:208} INFO - Processing /home/ec2-user/environment/lab4_model_training/dags/train_model_dag.py took 1.325 seconds
[2026-03-22T21:59:47.333+0000] {processor.py:186} INFO - Started process (PID=5285) to work on /home/ec2-user/environment/lab4_model_training/dags/train_model_dag.py
[2026-03-22T21:59:47.335+0000] {processor.py:914} INFO - Processing file /home/ec2-user/environment/lab4_model_training/dags/train_model_dag.py for tasks to queue
[2026-03-22T21:59:47.336+0000] {logging_mixin.py:190} INFO - [2026-03-22T21:59:47.336+0000] {dagbag.py:588} INFO - Filling up the DagBag from /home/ec2-user/environment/lab4_model_training/dags/train_model_dag.py
[2026-03-22T21:59:48.619+0000] {processor.py:925} INFO - DAG(s) 'train_model_only' retrieved from /home/ec2-user/environment/lab4_model_training/dags/train_model_dag.py
[2026-03-22T21:59:48.632+0000] {logging_mixin.py:190} INFO - [2026-03-22T21:59:48.632+0000] {dag.py:3239} INFO - Sync 1 DAGs
[2026-03-22T21:59:48.641+0000] {logging_mixin.py:190} INFO - [2026-03-22T21:59:48.641+0000] {dag.py:4180} INFO - Setting next_dagrun for train_model_only to None, run_after=None
[2026-03-22T21:59:48.658+0000] {processor.py:208} INFO - Processing /home/ec2-user/environment/lab4_model_training/dags/train_model_dag.py took 1.329 seconds
[2026-03-22T22:00:18.800+0000] {processor.py:186} INFO - Started process (PID=5333) to work on /home/ec2-user/environment/lab4_model_training/dags/train_model_dag.py
[2026-03-22T22:00:18.801+0000] {processor.py:914} INFO - Processing file /home/ec2-user/environment/lab4_model_training/dags/train_model_dag.py for tasks to queue
[2026-03-22T22:00:18.803+0000] {logging_mixin.py:190} INFO - [2026-03-22T22:00:18.802+0000] {dagbag.py:588} INFO - Filling up the DagBag from /home/ec2-user/environment/lab4_model_training/dags/train_model_dag.py
[2026-03-22T22:00:20.088+0000] {processor.py:925} INFO - DAG(s) 'train_model_only' retrieved from /home/ec2-user/environment/lab4_model_training/dags/train_model_dag.py
[2026-03-22T22:00:20.101+0000] {logging_mixin.py:190} INFO - [2026-03-22T22:00:20.101+0000] {dag.py:3239} INFO - Sync 1 DAGs
[2026-03-22T22:00:20.110+0000] {logging_mixin.py:190} INFO - [2026-03-22T22:00:20.110+0000] {dag.py:4180} INFO - Setting next_dagrun for train_model_only to None, run_after=None
[2026-03-22T22:00:20.127+0000] {processor.py:208} INFO - Processing /home/ec2-user/environment/lab4_model_training/dags/train_model_dag.py took 1.332 seconds
[2026-03-22T22:00:51.329+0000] {processor.py:186} INFO - Started process (PID=5422) to work on /home/ec2-user/environment/lab4_model_training/dags/train_model_dag.py
[2026-03-22T22:00:51.329+0000] {processor.py:914} INFO - Processing file /home/ec2-user/environment/lab4_model_training/dags/train_model_dag.py for tasks to queue
[2026-03-22T22:00:51.331+0000] {logging_mixin.py:190} INFO - [2026-03-22T22:00:51.331+0000] {dagbag.py:588} INFO - Filling up the DagBag from /home/ec2-user/environment/lab4_model_training/dags/train_model_dag.py
[2026-03-22T22:00:52.612+0000] {processor.py:925} INFO - DAG(s) 'train_model_only' retrieved from /home/ec2-user/environment/lab4_model_training/dags/train_model_dag.py
[2026-03-22T22:00:52.626+0000] {logging_mixin.py:190} INFO - [2026-03-22T22:00:52.626+0000] {dag.py:3239} INFO - Sync 1 DAGs
[2026-03-22T22:00:52.636+0000] {logging_mixin.py:190} INFO - [2026-03-22T22:00:52.635+0000] {dag.py:4180} INFO - Setting next_dagrun for train_model_only to None, run_after=None
[2026-03-22T22:00:52.653+0000] {processor.py:208} INFO - Processing /home/ec2-user/environment/lab4_model_training/dags/train_model_dag.py took 1.329 seconds
[2026-03-22T22:01:18.179+0000] {processor.py:186} INFO - Started process (PID=5486) to work on /home/ec2-user/environment/lab4_model_training/dags/train_model_dag.py
[2026-03-22T22:01:18.180+0000] {processor.py:914} INFO - Processing file /home/ec2-user/environment/lab4_model_training/dags/train_model_dag.py for tasks to queue
[2026-03-22T22:01:18.181+0000] {logging_mixin.py:190} INFO - [2026-03-22T22:01:18.181+0000] {dagbag.py:588} INFO - Filling up the DagBag from /home/ec2-user/environment/lab4_model_training/dags/train_model_dag.py
[2026-03-22T22:01:19.529+0000] {processor.py:925} INFO - DAG(s) 'train_model_only' retrieved from /home/ec2-user/environment/lab4_model_training/dags/train_model_dag.py
[2026-03-22T22:01:19.649+0000] {logging_mixin.py:190} INFO - [2026-03-22T22:01:19.648+0000] {dag.py:3239} INFO - Sync 1 DAGs
[2026-03-22T22:01:19.662+0000] {logging_mixin.py:190} INFO - [2026-03-22T22:01:19.662+0000] {dag.py:4180} INFO - Setting next_dagrun for train_model_only to None, run_after=None
[2026-03-22T22:01:19.689+0000] {processor.py:208} INFO - Processing /home/ec2-user/environment/lab4_model_training/dags/train_model_dag.py took 1.515 seconds
[2026-03-22T22:02:11.214+0000] {processor.py:186} INFO - Started process (PID=5616) to work on /home/ec2-user/environment/lab4_model_training/dags/train_model_dag.py
[2026-03-22T22:02:11.216+0000] {processor.py:914} INFO - Processing file /home/ec2-user/environment/lab4_model_training/dags/train_model_dag.py for tasks to queue
[2026-03-22T22:02:11.217+0000] {logging_mixin.py:190} INFO - [2026-03-22T22:02:11.217+0000] {dagbag.py:588} INFO - Filling up the DagBag from /home/ec2-user/environment/lab4_model_training/dags/train_model_dag.py
[2026-03-22T22:02:12.583+0000] {processor.py:925} INFO - DAG(s) 'train_model_only' retrieved from /home/ec2-user/environment/lab4_model_training/dags/train_model_dag.py
[2026-03-22T22:02:12.597+0000] {logging_mixin.py:190} INFO - [2026-03-22T22:02:12.597+0000] {dag.py:3239} INFO - Sync 1 DAGs
[2026-03-22T22:02:12.607+0000] {logging_mixin.py:190} INFO - [2026-03-22T22:02:12.607+0000] {dag.py:4180} INFO - Setting next_dagrun for train_model_only to None, run_after=None
[2026-03-22T22:02:12.625+0000] {processor.py:208} INFO - Processing /home/ec2-user/environment/lab4_model_training/dags/train_model_dag.py took 1.415 seconds
[2026-03-22T22:02:42.857+0000] {processor.py:186} INFO - Started process (PID=5645) to work on /home/ec2-user/environment/lab4_model_training/dags/train_model_dag.py
[2026-03-22T22:02:42.858+0000] {processor.py:914} INFO - Processing file /home/ec2-user/environment/lab4_model_training/dags/train_model_dag.py for tasks to queue
[2026-03-22T22:02:42.859+0000] {logging_mixin.py:190} INFO - [2026-03-22T22:02:42.859+0000] {dagbag.py:588} INFO - Filling up the DagBag from /home/ec2-user/environment/lab4_model_training/dags/train_model_dag.py
[2026-03-22T22:02:44.237+0000] {processor.py:925} INFO - DAG(s) 'train_model_only' retrieved from /home/ec2-user/environment/lab4_model_training/dags/train_model_dag.py
[2026-03-22T22:02:44.250+0000] {logging_mixin.py:190} INFO - [2026-03-22T22:02:44.250+0000] {dag.py:3239} INFO - Sync 1 DAGs
[2026-03-22T22:02:44.260+0000] {logging_mixin.py:190} INFO - [2026-03-22T22:02:44.259+0000] {dag.py:4180} INFO - Setting next_dagrun for train_model_only to None, run_after=None
[2026-03-22T22:02:44.277+0000] {processor.py:208} INFO - Processing /home/ec2-user/environment/lab4_model_training/dags/train_model_dag.py took 1.425 seconds
[2026-03-22T22:03:14.614+0000] {processor.py:186} INFO - Started process (PID=5694) to work on /home/ec2-user/environment/lab4_model_training/dags/train_model_dag.py
[2026-03-22T22:03:14.614+0000] {processor.py:914} INFO - Processing file /home/ec2-user/environment/lab4_model_training/dags/train_model_dag.py for tasks to queue
[2026-03-22T22:03:14.616+0000] {logging_mixin.py:190} INFO - [2026-03-22T22:03:14.615+0000] {dagbag.py:588} INFO - Filling up the DagBag from /home/ec2-user/environment/lab4_model_training/dags/train_model_dag.py
[2026-03-22T22:03:15.984+0000] {processor.py:925} INFO - DAG(s) 'train_model_only' retrieved from /home/ec2-user/environment/lab4_model_training/dags/train_model_dag.py
[2026-03-22T22:03:15.997+0000] {logging_mixin.py:190} INFO - [2026-03-22T22:03:15.997+0000] {dag.py:3239} INFO - Sync 1 DAGs
[2026-03-22T22:03:16.007+0000] {logging_mixin.py:190} INFO - [2026-03-22T22:03:16.006+0000] {dag.py:4180} INFO - Setting next_dagrun for train_model_only to None, run_after=None
[2026-03-22T22:03:16.024+0000] {processor.py:208} INFO - Processing /home/ec2-user/environment/lab4_model_training/dags/train_model_dag.py took 1.414 seconds
[2026-03-22T22:03:46.206+0000] {processor.py:186} INFO - Started process (PID=5720) to work on /home/ec2-user/environment/lab4_model_training/dags/train_model_dag.py
[2026-03-22T22:03:46.208+0000] {processor.py:914} INFO - Processing file /home/ec2-user/environment/lab4_model_training/dags/train_model_dag.py for tasks to queue
[2026-03-22T22:03:46.209+0000] {logging_mixin.py:190} INFO - [2026-03-22T22:03:46.209+0000] {dagbag.py:588} INFO - Filling up the DagBag from /home/ec2-user/environment/lab4_model_training/dags/train_model_dag.py
[2026-03-22T22:03:47.573+0000] {processor.py:925} INFO - DAG(s) 'train_model_only' retrieved from /home/ec2-user/environment/lab4_model_training/dags/train_model_dag.py
[2026-03-22T22:03:47.586+0000] {logging_mixin.py:190} INFO - [2026-03-22T22:03:47.585+0000] {dag.py:3239} INFO - Sync 1 DAGs
[2026-03-22T22:03:47.595+0000] {logging_mixin.py:190} INFO - [2026-03-22T22:03:47.595+0000] {dag.py:4180} INFO - Setting next_dagrun for train_model_only to None, run_after=None
[2026-03-22T22:03:47.613+0000] {processor.py:208} INFO - Processing /home/ec2-user/environment/lab4_model_training/dags/train_model_dag.py took 1.411 seconds
[2026-03-22T22:04:17.820+0000] {processor.py:186} INFO - Started process (PID=5810) to work on /home/ec2-user/environment/lab4_model_training/dags/train_model_dag.py
[2026-03-22T22:04:17.821+0000] {processor.py:914} INFO - Processing file /home/ec2-user/environment/lab4_model_training/dags/train_model_dag.py for tasks to queue
[2026-03-22T22:04:17.823+0000] {logging_mixin.py:190} INFO - [2026-03-22T22:04:17.823+0000] {dagbag.py:588} INFO - Filling up the DagBag from /home/ec2-user/environment/lab4_model_training/dags/train_model_dag.py
[2026-03-22T22:04:19.749+0000] {processor.py:925} INFO - DAG(s) 'train_model_only' retrieved from /home/ec2-user/environment/lab4_model_training/dags/train_model_dag.py
[2026-03-22T22:04:19.762+0000] {logging_mixin.py:190} INFO - [2026-03-22T22:04:19.762+0000] {dag.py:3239} INFO - Sync 1 DAGs
[2026-03-22T22:04:19.771+0000] {logging_mixin.py:190} INFO - [2026-03-22T22:04:19.771+0000] {dag.py:4180} INFO - Setting next_dagrun for train_model_only to None, run_after=None
[2026-03-22T22:04:19.788+0000] {processor.py:208} INFO - Processing /home/ec2-user/environment/lab4_model_training/dags/train_model_dag.py took 1.973 seconds
[2026-03-22T22:04:50.046+0000] {processor.py:186} INFO - Started process (PID=5844) to work on /home/ec2-user/environment/lab4_model_training/dags/train_model_dag.py
[2026-03-22T22:04:50.046+0000] {processor.py:914} INFO - Processing file /home/ec2-user/environment/lab4_model_training/dags/train_model_dag.py for tasks to queue
[2026-03-22T22:04:50.047+0000] {logging_mixin.py:190} INFO - [2026-03-22T22:04:50.047+0000] {dagbag.py:588} INFO - Filling up the DagBag from /home/ec2-user/environment/lab4_model_training/dags/train_model_dag.py
[2026-03-22T22:04:51.403+0000] {processor.py:925} INFO - DAG(s) 'train_model_only' retrieved from /home/ec2-user/environment/lab4_model_training/dags/train_model_dag.py
[2026-03-22T22:04:51.415+0000] {logging_mixin.py:190} INFO - [2026-03-22T22:04:51.415+0000] {dag.py:3239} INFO - Sync 1 DAGs
[2026-03-22T22:04:51.425+0000] {logging_mixin.py:190} INFO - [2026-03-22T22:04:51.424+0000] {dag.py:4180} INFO - Setting next_dagrun for train_model_only to None, run_after=None
[2026-03-22T22:04:51.443+0000] {processor.py:208} INFO - Processing /home/ec2-user/environment/lab4_model_training/dags/train_model_dag.py took 1.402 seconds
[2026-03-22T22:05:21.769+0000] {processor.py:186} INFO - Started process (PID=5882) to work on /home/ec2-user/environment/lab4_model_training/dags/train_model_dag.py
[2026-03-22T22:05:21.770+0000] {processor.py:914} INFO - Processing file /home/ec2-user/environment/lab4_model_training/dags/train_model_dag.py for tasks to queue
[2026-03-22T22:05:21.771+0000] {logging_mixin.py:190} INFO - [2026-03-22T22:05:21.771+0000] {dagbag.py:588} INFO - Filling up the DagBag from /home/ec2-user/environment/lab4_model_training/dags/train_model_dag.py
[2026-03-22T22:05:23.151+0000] {processor.py:925} INFO - DAG(s) 'train_model_only' retrieved from /home/ec2-user/environment/lab4_model_training/dags/train_model_dag.py
[2026-03-22T22:05:23.164+0000] {logging_mixin.py:190} INFO - [2026-03-22T22:05:23.164+0000] {dag.py:3239} INFO - Sync 1 DAGs
[2026-03-22T22:05:23.175+0000] {logging_mixin.py:190} INFO - [2026-03-22T22:05:23.175+0000] {dag.py:4180} INFO - Setting next_dagrun for train_model_only to None, run_after=None
[2026-03-22T22:05:23.194+0000] {processor.py:208} INFO - Processing /home/ec2-user/environment/lab4_model_training/dags/train_model_dag.py took 1.429 seconds
[2026-03-22T22:05:53.504+0000] {processor.py:186} INFO - Started process (PID=5947) to work on /home/ec2-user/environment/lab4_model_training/dags/train_model_dag.py
[2026-03-22T22:05:53.506+0000] {processor.py:914} INFO - Processing file /home/ec2-user/environment/lab4_model_training/dags/train_model_dag.py for tasks to queue
[2026-03-22T22:05:53.507+0000] {logging_mixin.py:190} INFO - [2026-03-22T22:05:53.507+0000] {dagbag.py:588} INFO - Filling up the DagBag from /home/ec2-user/environment/lab4_model_training/dags/train_model_dag.py
[2026-03-22T22:05:54.869+0000] {processor.py:925} INFO - DAG(s) 'train_model_only' retrieved from /home/ec2-user/environment/lab4_model_training/dags/train_model_dag.py
[2026-03-22T22:05:54.882+0000] {logging_mixin.py:190} INFO - [2026-03-22T22:05:54.881+0000] {dag.py:3239} INFO - Sync 1 DAGs
[2026-03-22T22:05:54.892+0000] {logging_mixin.py:190} INFO - [2026-03-22T22:05:54.892+0000] {dag.py:4180} INFO - Setting next_dagrun for train_model_only to None, run_after=None
[2026-03-22T22:05:54.911+0000] {processor.py:208} INFO - Processing /home/ec2-user/environment/lab4_model_training/dags/train_model_dag.py took 1.411 seconds
[2026-03-22T22:06:25.259+0000] {processor.py:186} INFO - Started process (PID=6088) to work on /home/ec2-user/environment/lab4_model_training/dags/train_model_dag.py
[2026-03-22T22:06:25.260+0000] {processor.py:914} INFO - Processing file /home/ec2-user/environment/lab4_model_training/dags/train_model_dag.py for tasks to queue
[2026-03-22T22:06:25.262+0000] {logging_mixin.py:190} INFO - [2026-03-22T22:06:25.261+0000] {dagbag.py:588} INFO - Filling up the DagBag from /home/ec2-user/environment/lab4_model_training/dags/train_model_dag.py
[2026-03-22T22:06:27.067+0000] {processor.py:925} INFO - DAG(s) 'train_model_only' retrieved from /home/ec2-user/environment/lab4_model_training/dags/train_model_dag.py
[2026-03-22T22:06:27.087+0000] {logging_mixin.py:190} INFO - [2026-03-22T22:06:27.086+0000] {dag.py:3239} INFO - Sync 1 DAGs
[2026-03-22T22:06:27.100+0000] {logging_mixin.py:190} INFO - [2026-03-22T22:06:27.100+0000] {dag.py:4180} INFO - Setting next_dagrun for train_model_only to None, run_after=None
[2026-03-22T22:06:27.123+0000] {processor.py:208} INFO - Processing /home/ec2-user/environment/lab4_model_training/dags/train_model_dag.py took 1.869 seconds
[2026-03-22T22:06:57.421+0000] {processor.py:186} INFO - Started process (PID=6153) to work on /home/ec2-user/environment/lab4_model_training/dags/train_model_dag.py
[2026-03-22T22:06:57.422+0000] {processor.py:914} INFO - Processing file /home/ec2-user/environment/lab4_model_training/dags/train_model_dag.py for tasks to queue
[2026-03-22T22:06:57.424+0000] {logging_mixin.py:190} INFO - [2026-03-22T22:06:57.423+0000] {dagbag.py:588} INFO - Filling up the DagBag from /home/ec2-user/environment/lab4_model_training/dags/train_model_dag.py
[2026-03-22T22:06:59.002+0000] {processor.py:925} INFO - DAG(s) 'train_model_only' retrieved from /home/ec2-user/environment/lab4_model_training/dags/train_model_dag.py
[2026-03-22T22:06:59.025+0000] {logging_mixin.py:190} INFO - [2026-03-22T22:06:59.025+0000] {dag.py:3239} INFO - Sync 1 DAGs
[2026-03-22T22:06:59.039+0000] {logging_mixin.py:190} INFO - [2026-03-22T22:06:59.039+0000] {dag.py:4180} INFO - Setting next_dagrun for train_model_only to None, run_after=None
[2026-03-22T22:06:59.061+0000] {processor.py:208} INFO - Processing /home/ec2-user/environment/lab4_model_training/dags/train_model_dag.py took 1.645 seconds
[2026-03-22T22:07:29.956+0000] {processor.py:186} INFO - Started process (PID=6222) to work on /home/ec2-user/environment/lab4_model_training/dags/train_model_dag.py
[2026-03-22T22:07:29.957+0000] {processor.py:914} INFO - Processing file /home/ec2-user/environment/lab4_model_training/dags/train_model_dag.py for tasks to queue
[2026-03-22T22:07:29.959+0000] {logging_mixin.py:190} INFO - [2026-03-22T22:07:29.958+0000] {dagbag.py:588} INFO - Filling up the DagBag from /home/ec2-user/environment/lab4_model_training/dags/train_model_dag.py
[2026-03-22T22:07:31.328+0000] {processor.py:925} INFO - DAG(s) 'train_model_only' retrieved from /home/ec2-user/environment/lab4_model_training/dags/train_model_dag.py
[2026-03-22T22:07:31.340+0000] {logging_mixin.py:190} INFO - [2026-03-22T22:07:31.340+0000] {dag.py:3239} INFO - Sync 1 DAGs
[2026-03-22T22:07:31.350+0000] {logging_mixin.py:190} INFO - [2026-03-22T22:07:31.349+0000] {dag.py:4180} INFO - Setting next_dagrun for train_model_only to None, run_after=None
[2026-03-22T22:07:31.367+0000] {processor.py:208} INFO - Processing /home/ec2-user/environment/lab4_model_training/dags/train_model_dag.py took 1.416 seconds
[2026-03-22T22:08:01.519+0000] {processor.py:186} INFO - Started process (PID=6310) to work on /home/ec2-user/environment/lab4_model_training/dags/train_model_dag.py
[2026-03-22T22:08:01.520+0000] {processor.py:914} INFO - Processing file /home/ec2-user/environment/lab4_model_training/dags/train_model_dag.py for tasks to queue
[2026-03-22T22:08:01.522+0000] {logging_mixin.py:190} INFO - [2026-03-22T22:08:01.521+0000] {dagbag.py:588} INFO - Filling up the DagBag from /home/ec2-user/environment/lab4_model_training/dags/train_model_dag.py
[2026-03-22T22:08:02.910+0000] {processor.py:925} INFO - DAG(s) 'train_model_only' retrieved from /home/ec2-user/environment/lab4_model_training/dags/train_model_dag.py
[2026-03-22T22:08:02.923+0000] {logging_mixin.py:190} INFO - [2026-03-22T22:08:02.922+0000] {dag.py:3239} INFO - Sync 1 DAGs
[2026-03-22T22:08:02.932+0000] {logging_mixin.py:190} INFO - [2026-03-22T22:08:02.932+0000] {dag.py:4180} INFO - Setting next_dagrun for train_model_only to None, run_after=None
[2026-03-22T22:08:02.950+0000] {processor.py:208} INFO - Processing /home/ec2-user/environment/lab4_model_training/dags/train_model_dag.py took 1.436 seconds
[2026-03-22T22:08:33.123+0000] {processor.py:186} INFO - Started process (PID=6339) to work on /home/ec2-user/environment/lab4_model_training/dags/train_model_dag.py
[2026-03-22T22:08:33.124+0000] {processor.py:914} INFO - Processing file /home/ec2-user/environment/lab4_model_training/dags/train_model_dag.py for tasks to queue
[2026-03-22T22:08:33.125+0000] {logging_mixin.py:190} INFO - [2026-03-22T22:08:33.125+0000] {dagbag.py:588} INFO - Filling up the DagBag from /home/ec2-user/environment/lab4_model_training/dags/train_model_dag.py
[2026-03-22T22:08:34.465+0000] {processor.py:925} INFO - DAG(s) 'train_model_only' retrieved from /home/ec2-user/environment/lab4_model_training/dags/train_model_dag.py
[2026-03-22T22:08:34.478+0000] {logging_mixin.py:190} INFO - [2026-03-22T22:08:34.478+0000] {dag.py:3239} INFO - Sync 1 DAGs
[2026-03-22T22:08:34.487+0000] {logging_mixin.py:190} INFO - [2026-03-22T22:08:34.487+0000] {dag.py:4180} INFO - Setting next_dagrun for train_model_only to None, run_after=None
[2026-03-22T22:08:34.504+0000] {processor.py:208} INFO - Processing /home/ec2-user/environment/lab4_model_training/dags/train_model_dag.py took 1.386 seconds
[2026-03-22T22:09:04.747+0000] {processor.py:186} INFO - Started process (PID=6390) to work on /home/ec2-user/environment/lab4_model_training/dags/train_model_dag.py
[2026-03-22T22:09:04.748+0000] {processor.py:914} INFO - Processing file /home/ec2-user/environment/lab4_model_training/dags/train_model_dag.py for tasks to queue
[2026-03-22T22:09:04.749+0000] {logging_mixin.py:190} INFO - [2026-03-22T22:09:04.749+0000] {dagbag.py:588} INFO - Filling up the DagBag from /home/ec2-user/environment/lab4_model_training/dags/train_model_dag.py
[2026-03-22T22:09:06.436+0000] {processor.py:925} INFO - DAG(s) 'train_model_only' retrieved from /home/ec2-user/environment/lab4_model_training/dags/train_model_dag.py
[2026-03-22T22:09:06.449+0000] {logging_mixin.py:190} INFO - [2026-03-22T22:09:06.449+0000] {dag.py:3239} INFO - Sync 1 DAGs
[2026-03-22T22:09:06.458+0000] {logging_mixin.py:190} INFO - [2026-03-22T22:09:06.458+0000] {dag.py:4180} INFO - Setting next_dagrun for train_model_only to None, run_after=None
[2026-03-22T22:09:06.479+0000] {processor.py:208} INFO - Processing /home/ec2-user/environment/lab4_model_training/dags/train_model_dag.py took 1.737 seconds
[2026-03-22T22:09:37.261+0000] {processor.py:186} INFO - Started process (PID=6427) to work on /home/ec2-user/environment/lab4_model_training/dags/train_model_dag.py
[2026-03-22T22:09:37.262+0000] {processor.py:914} INFO - Processing file /home/ec2-user/environment/lab4_model_training/dags/train_model_dag.py for tasks to queue
[2026-03-22T22:09:37.264+0000] {logging_mixin.py:190} INFO - [2026-03-22T22:09:37.263+0000] {dagbag.py:588} INFO - Filling up the DagBag from /home/ec2-user/environment/lab4_model_training/dags/train_model_dag.py
[2026-03-22T22:09:38.619+0000] {processor.py:925} INFO - DAG(s) 'train_model_only' retrieved from /home/ec2-user/environment/lab4_model_training/dags/train_model_dag.py
[2026-03-22T22:09:38.632+0000] {logging_mixin.py:190} INFO - [2026-03-22T22:09:38.631+0000] {dag.py:3239} INFO - Sync 1 DAGs
[2026-03-22T22:09:38.641+0000] {logging_mixin.py:190} INFO - [2026-03-22T22:09:38.640+0000] {dag.py:4180} INFO - Setting next_dagrun for train_model_only to None, run_after=None
[2026-03-22T22:09:38.659+0000] {processor.py:208} INFO - Processing /home/ec2-user/environment/lab4_model_training/dags/train_model_dag.py took 1.402 seconds
[2026-03-22T22:10:09.346+0000] {processor.py:186} INFO - Started process (PID=6531) to work on /home/ec2-user/environment/lab4_model_training/dags/train_model_dag.py
[2026-03-22T22:10:09.346+0000] {processor.py:914} INFO - Processing file /home/ec2-user/environment/lab4_model_training/dags/train_model_dag.py for tasks to queue
[2026-03-22T22:10:09.348+0000] {logging_mixin.py:190} INFO - [2026-03-22T22:10:09.347+0000] {dagbag.py:588} INFO - Filling up the DagBag from /home/ec2-user/environment/lab4_model_training/dags/train_model_dag.py
[2026-03-22T22:10:10.728+0000] {processor.py:925} INFO - DAG(s) 'train_model_only' retrieved from /home/ec2-user/environment/lab4_model_training/dags/train_model_dag.py
[2026-03-22T22:10:10.740+0000] {logging_mixin.py:190} INFO - [2026-03-22T22:10:10.740+0000] {dag.py:3239} INFO - Sync 1 DAGs
[2026-03-22T22:10:10.751+0000] {logging_mixin.py:190} INFO - [2026-03-22T22:10:10.751+0000] {dag.py:4180} INFO - Setting next_dagrun for train_model_only to None, run_after=None
[2026-03-22T22:10:10.768+0000] {processor.py:208} INFO - Processing /home/ec2-user/environment/lab4_model_training/dags/train_model_dag.py took 1.428 seconds
[2026-03-22T22:10:41.079+0000] {processor.py:186} INFO - Started process (PID=6573) to work on /home/ec2-user/environment/lab4_model_training/dags/train_model_dag.py
[2026-03-22T22:10:41.081+0000] {processor.py:914} INFO - Processing file /home/ec2-user/environment/lab4_model_training/dags/train_model_dag.py for tasks to queue
[2026-03-22T22:10:41.082+0000] {logging_mixin.py:190} INFO - [2026-03-22T22:10:41.082+0000] {dagbag.py:588} INFO - Filling up the DagBag from /home/ec2-user/environment/lab4_model_training/dags/train_model_dag.py
[2026-03-22T22:10:42.447+0000] {processor.py:925} INFO - DAG(s) 'train_model_only' retrieved from /home/ec2-user/environment/lab4_model_training/dags/train_model_dag.py
[2026-03-22T22:10:42.460+0000] {logging_mixin.py:190} INFO - [2026-03-22T22:10:42.459+0000] {dag.py:3239} INFO - Sync 1 DAGs
[2026-03-22T22:10:42.470+0000] {logging_mixin.py:190} INFO - [2026-03-22T22:10:42.470+0000] {dag.py:4180} INFO - Setting next_dagrun for train_model_only to None, run_after=None
[2026-03-22T22:10:42.490+0000] {processor.py:208} INFO - Processing /home/ec2-user/environment/lab4_model_training/dags/train_model_dag.py took 1.416 seconds
[2026-03-22T22:11:12.818+0000] {processor.py:186} INFO - Started process (PID=6624) to work on /home/ec2-user/environment/lab4_model_training/dags/train_model_dag.py
[2026-03-22T22:11:12.819+0000] {processor.py:914} INFO - Processing file /home/ec2-user/environment/lab4_model_training/dags/train_model_dag.py for tasks to queue
[2026-03-22T22:11:12.821+0000] {logging_mixin.py:190} INFO - [2026-03-22T22:11:12.820+0000] {dagbag.py:588} INFO - Filling up the DagBag from /home/ec2-user/environment/lab4_model_training/dags/train_model_dag.py
[2026-03-22T22:11:14.678+0000] {processor.py:925} INFO - DAG(s) 'train_model_only' retrieved from /home/ec2-user/environment/lab4_model_training/dags/train_model_dag.py
[2026-03-22T22:11:14.700+0000] {logging_mixin.py:190} INFO - [2026-03-22T22:11:14.699+0000] {dag.py:3239} INFO - Sync 1 DAGs
[2026-03-22T22:11:14.715+0000] {logging_mixin.py:190} INFO - [2026-03-22T22:11:14.715+0000] {dag.py:4180} INFO - Setting next_dagrun for train_model_only to None, run_after=None
[2026-03-22T22:11:14.746+0000] {processor.py:208} INFO - Processing /home/ec2-user/environment/lab4_model_training/dags/train_model_dag.py took 1.932 seconds
[2026-03-22T22:11:45.427+0000] {processor.py:186} INFO - Started process (PID=6666) to work on /home/ec2-user/environment/lab4_model_training/dags/train_model_dag.py
[2026-03-22T22:11:45.427+0000] {processor.py:914} INFO - Processing file /home/ec2-user/environment/lab4_model_training/dags/train_model_dag.py for tasks to queue
[2026-03-22T22:11:45.429+0000] {logging_mixin.py:190} INFO - [2026-03-22T22:11:45.429+0000] {dagbag.py:588} INFO - Filling up the DagBag from /home/ec2-user/environment/lab4_model_training/dags/train_model_dag.py
[2026-03-22T22:11:46.704+0000] {processor.py:925} INFO - DAG(s) 'train_model_only' retrieved from /home/ec2-user/environment/lab4_model_training/dags/train_model_dag.py
[2026-03-22T22:11:46.718+0000] {logging_mixin.py:190} INFO - [2026-03-22T22:11:46.717+0000] {dag.py:3239} INFO - Sync 1 DAGs
[2026-03-22T22:11:46.727+0000] {logging_mixin.py:190} INFO - [2026-03-22T22:11:46.727+0000] {dag.py:4180} INFO - Setting next_dagrun for train_model_only to None, run_after=None
[2026-03-22T22:11:46.744+0000] {processor.py:208} INFO - Processing /home/ec2-user/environment/lab4_model_training/dags/train_model_dag.py took 1.322 seconds
[2026-03-22T22:12:16.959+0000] {processor.py:186} INFO - Started process (PID=6775) to work on /home/ec2-user/environment/lab4_model_training/dags/train_model_dag.py
[2026-03-22T22:12:16.960+0000] {processor.py:914} INFO - Processing file /home/ec2-user/environment/lab4_model_training/dags/train_model_dag.py for tasks to queue
[2026-03-22T22:12:16.961+0000] {logging_mixin.py:190} INFO - [2026-03-22T22:12:16.961+0000] {dagbag.py:588} INFO - Filling up the DagBag from /home/ec2-user/environment/lab4_model_training/dags/train_model_dag.py
[2026-03-22T22:12:18.557+0000] {processor.py:925} INFO - DAG(s) 'train_model_only' retrieved from /home/ec2-user/environment/lab4_model_training/dags/train_model_dag.py
[2026-03-22T22:12:18.571+0000] {logging_mixin.py:190} INFO - [2026-03-22T22:12:18.570+0000] {dag.py:3239} INFO - Sync 1 DAGs
[2026-03-22T22:12:18.580+0000] {logging_mixin.py:190} INFO - [2026-03-22T22:12:18.580+0000] {dag.py:4180} INFO - Setting next_dagrun for train_model_only to None, run_after=None
[2026-03-22T22:12:18.597+0000] {processor.py:208} INFO - Processing /home/ec2-user/environment/lab4_model_training/dags/train_model_dag.py took 1.645 seconds
[2026-03-22T22:12:49.562+0000] {processor.py:186} INFO - Started process (PID=6836) to work on /home/ec2-user/environment/lab4_model_training/dags/train_model_dag.py
[2026-03-22T22:12:49.563+0000] {processor.py:914} INFO - Processing file /home/ec2-user/environment/lab4_model_training/dags/train_model_dag.py for tasks to queue
[2026-03-22T22:12:49.565+0000] {logging_mixin.py:190} INFO - [2026-03-22T22:12:49.564+0000] {dagbag.py:588} INFO - Filling up the DagBag from /home/ec2-user/environment/lab4_model_training/dags/train_model_dag.py
[2026-03-22T22:12:50.845+0000] {processor.py:925} INFO - DAG(s) 'train_model_only' retrieved from /home/ec2-user/environment/lab4_model_training/dags/train_model_dag.py
[2026-03-22T22:12:50.858+0000] {logging_mixin.py:190} INFO - [2026-03-22T22:12:50.857+0000] {dag.py:3239} INFO - Sync 1 DAGs
[2026-03-22T22:12:50.867+0000] {logging_mixin.py:190} INFO - [2026-03-22T22:12:50.867+0000] {dag.py:4180} INFO - Setting next_dagrun for train_model_only to None, run_after=None
[2026-03-22T22:12:50.884+0000] {processor.py:208} INFO - Processing /home/ec2-user/environment/lab4_model_training/dags/train_model_dag.py took 1.326 seconds
[2026-03-22T22:13:07.147+0000] {processor.py:186} INFO - Started process (PID=6883) to work on /home/ec2-user/environment/lab4_model_training/dags/train_model_dag.py
[2026-03-22T22:13:07.151+0000] {processor.py:914} INFO - Processing file /home/ec2-user/environment/lab4_model_training/dags/train_model_dag.py for tasks to queue
[2026-03-22T22:13:07.153+0000] {logging_mixin.py:190} INFO - [2026-03-22T22:13:07.153+0000] {dagbag.py:588} INFO - Filling up the DagBag from /home/ec2-user/environment/lab4_model_training/dags/train_model_dag.py
[2026-03-22T22:13:08.972+0000] {processor.py:925} INFO - DAG(s) 'train_model_only' retrieved from /home/ec2-user/environment/lab4_model_training/dags/train_model_dag.py
[2026-03-22T22:13:09.049+0000] {logging_mixin.py:190} INFO - [2026-03-22T22:13:09.049+0000] {dag.py:3239} INFO - Sync 1 DAGs
[2026-03-22T22:13:09.059+0000] {logging_mixin.py:190} INFO - [2026-03-22T22:13:09.058+0000] {dag.py:4180} INFO - Setting next_dagrun for train_model_only to None, run_after=None
[2026-03-22T22:13:09.077+0000] {processor.py:208} INFO - Processing /home/ec2-user/environment/lab4_model_training/dags/train_model_dag.py took 1.938 seconds
[2026-03-22T22:13:32.765+0000] {processor.py:186} INFO - Started process (PID=6915) to work on /home/ec2-user/environment/lab4_model_training/dags/train_model_dag.py
[2026-03-22T22:13:32.766+0000] {processor.py:914} INFO - Processing file /home/ec2-user/environment/lab4_model_training/dags/train_model_dag.py for tasks to queue
[2026-03-22T22:13:32.768+0000] {logging_mixin.py:190} INFO - [2026-03-22T22:13:32.767+0000] {dagbag.py:588} INFO - Filling up the DagBag from /home/ec2-user/environment/lab4_model_training/dags/train_model_dag.py
[2026-03-22T22:13:34.050+0000] {processor.py:925} INFO - DAG(s) 'train_model_only' retrieved from /home/ec2-user/environment/lab4_model_training/dags/train_model_dag.py
[2026-03-22T22:13:34.054+0000] {logging_mixin.py:190} INFO - [2026-03-22T22:13:34.053+0000] {dag.py:3239} INFO - Sync 1 DAGs
[2026-03-22T22:13:34.063+0000] {logging_mixin.py:190} INFO - [2026-03-22T22:13:34.063+0000] {dag.py:4180} INFO - Setting next_dagrun for train_model_only to None, run_after=None
[2026-03-22T22:13:34.082+0000] {processor.py:208} INFO - Processing /home/ec2-user/environment/lab4_model_training/dags/train_model_dag.py took 1.322 seconds
[2026-03-22T22:14:05.684+0000] {processor.py:186} INFO - Started process (PID=7027) to work on /home/ec2-user/environment/lab4_model_training/dags/train_model_dag.py
[2026-03-22T22:14:05.685+0000] {processor.py:914} INFO - Processing file /home/ec2-user/environment/lab4_model_training/dags/train_model_dag.py for tasks to queue
[2026-03-22T22:14:05.687+0000] {logging_mixin.py:190} INFO - [2026-03-22T22:14:05.686+0000] {dagbag.py:588} INFO - Filling up the DagBag from /home/ec2-user/environment/lab4_model_training/dags/train_model_dag.py
[2026-03-22T22:14:06.985+0000] {processor.py:925} INFO - DAG(s) 'train_model_only' retrieved from /home/ec2-user/environment/lab4_model_training/dags/train_model_dag.py
[2026-03-22T22:14:06.999+0000] {logging_mixin.py:190} INFO - [2026-03-22T22:14:06.998+0000] {dag.py:3239} INFO - Sync 1 DAGs
[2026-03-22T22:14:07.008+0000] {logging_mixin.py:190} INFO - [2026-03-22T22:14:07.008+0000] {dag.py:4180} INFO - Setting next_dagrun for train_model_only to None, run_after=None
[2026-03-22T22:14:07.026+0000] {processor.py:208} INFO - Processing /home/ec2-user/environment/lab4_model_training/dags/train_model_dag.py took 1.347 seconds
[2026-03-22T22:14:37.767+0000] {processor.py:186} INFO - Started process (PID=7068) to work on /home/ec2-user/environment/lab4_model_training/dags/train_model_dag.py
[2026-03-22T22:14:37.768+0000] {processor.py:914} INFO - Processing file /home/ec2-user/environment/lab4_model_training/dags/train_model_dag.py for tasks to queue
[2026-03-22T22:14:37.769+0000] {logging_mixin.py:190} INFO - [2026-03-22T22:14:37.769+0000] {dagbag.py:588} INFO - Filling up the DagBag from /home/ec2-user/environment/lab4_model_training/dags/train_model_dag.py
[2026-03-22T22:14:39.033+0000] {processor.py:925} INFO - DAG(s) 'train_model_only' retrieved from /home/ec2-user/environment/lab4_model_training/dags/train_model_dag.py
[2026-03-22T22:14:39.046+0000] {logging_mixin.py:190} INFO - [2026-03-22T22:14:39.046+0000] {dag.py:3239} INFO - Sync 1 DAGs
[2026-03-22T22:14:39.055+0000] {logging_mixin.py:190} INFO - [2026-03-22T22:14:39.055+0000] {dag.py:4180} INFO - Setting next_dagrun for train_model_only to None, run_after=None
[2026-03-22T22:14:39.074+0000] {processor.py:208} INFO - Processing /home/ec2-user/environment/lab4_model_training/dags/train_model_dag.py took 1.311 seconds
[2026-03-22T22:15:09.254+0000] {processor.py:186} INFO - Started process (PID=7167) to work on /home/ec2-user/environment/lab4_model_training/dags/train_model_dag.py
[2026-03-22T22:15:09.255+0000] {processor.py:914} INFO - Processing file /home/ec2-user/environment/lab4_model_training/dags/train_model_dag.py for tasks to queue
[2026-03-22T22:15:09.257+0000] {logging_mixin.py:190} INFO - [2026-03-22T22:15:09.256+0000] {dagbag.py:588} INFO - Filling up the DagBag from /home/ec2-user/environment/lab4_model_training/dags/train_model_dag.py
[2026-03-22T22:15:10.534+0000] {processor.py:925} INFO - DAG(s) 'train_model_only' retrieved from /home/ec2-user/environment/lab4_model_training/dags/train_model_dag.py
[2026-03-22T22:15:10.550+0000] {logging_mixin.py:190} INFO - [2026-03-22T22:15:10.549+0000] {dag.py:3239} INFO - Sync 1 DAGs
[2026-03-22T22:15:10.562+0000] {logging_mixin.py:190} INFO - [2026-03-22T22:15:10.562+0000] {dag.py:4180} INFO - Setting next_dagrun for train_model_only to None, run_after=None
[2026-03-22T22:15:10.580+0000] {processor.py:208} INFO - Processing /home/ec2-user/environment/lab4_model_training/dags/train_model_dag.py took 1.330 seconds
[2026-03-22T22:15:40.730+0000] {processor.py:186} INFO - Started process (PID=7200) to work on /home/ec2-user/environment/lab4_model_training/dags/train_model_dag.py
[2026-03-22T22:15:40.731+0000] {processor.py:914} INFO - Processing file /home/ec2-user/environment/lab4_model_training/dags/train_model_dag.py for tasks to queue
[2026-03-22T22:15:40.733+0000] {logging_mixin.py:190} INFO - [2026-03-22T22:15:40.732+0000] {dagbag.py:588} INFO - Filling up the DagBag from /home/ec2-user/environment/lab4_model_training/dags/train_model_dag.py
[2026-03-22T22:15:42.007+0000] {processor.py:925} INFO - DAG(s) 'train_model_only' retrieved from /home/ec2-user/environment/lab4_model_training/dags/train_model_dag.py
[2026-03-22T22:15:42.020+0000] {logging_mixin.py:190} INFO - [2026-03-22T22:15:42.020+0000] {dag.py:3239} INFO - Sync 1 DAGs
[2026-03-22T22:15:42.031+0000] {logging_mixin.py:190} INFO - [2026-03-22T22:15:42.031+0000] {dag.py:4180} INFO - Setting next_dagrun for train_model_only to None, run_after=None
[2026-03-22T22:15:42.048+0000] {processor.py:208} INFO - Processing /home/ec2-user/environment/lab4_model_training/dags/train_model_dag.py took 1.323 seconds
[2026-03-22T22:16:12.314+0000] {processor.py:186} INFO - Started process (PID=7240) to work on /home/ec2-user/environment/lab4_model_training/dags/train_model_dag.py
[2026-03-22T22:16:12.315+0000] {processor.py:914} INFO - Processing file /home/ec2-user/environment/lab4_model_training/dags/train_model_dag.py for tasks to queue
[2026-03-22T22:16:12.317+0000] {logging_mixin.py:190} INFO - [2026-03-22T22:16:12.316+0000] {dagbag.py:588} INFO - Filling up the DagBag from /home/ec2-user/environment/lab4_model_training/dags/train_model_dag.py
[2026-03-22T22:16:13.594+0000] {processor.py:925} INFO - DAG(s) 'train_model_only' retrieved from /home/ec2-user/environment/lab4_model_training/dags/train_model_dag.py
[2026-03-22T22:16:13.607+0000] {logging_mixin.py:190} INFO - [2026-03-22T22:16:13.607+0000] {dag.py:3239} INFO - Sync 1 DAGs
[2026-03-22T22:16:13.617+0000] {logging_mixin.py:190} INFO - [2026-03-22T22:16:13.617+0000] {dag.py:4180} INFO - Setting next_dagrun for train_model_only to None, run_after=None
[2026-03-22T22:16:13.636+0000] {processor.py:208} INFO - Processing /home/ec2-user/environment/lab4_model_training/dags/train_model_dag.py took 1.327 seconds
[2026-03-22T22:16:43.787+0000] {processor.py:186} INFO - Started process (PID=7269) to work on /home/ec2-user/environment/lab4_model_training/dags/train_model_dag.py
[2026-03-22T22:16:43.788+0000] {processor.py:914} INFO - Processing file /home/ec2-user/environment/lab4_model_training/dags/train_model_dag.py for tasks to queue
[2026-03-22T22:16:43.790+0000] {logging_mixin.py:190} INFO - [2026-03-22T22:16:43.789+0000] {dagbag.py:588} INFO - Filling up the DagBag from /home/ec2-user/environment/lab4_model_training/dags/train_model_dag.py
[2026-03-22T22:16:45.067+0000] {processor.py:925} INFO - DAG(s) 'train_model_only' retrieved from /home/ec2-user/environment/lab4_model_training/dags/train_model_dag.py
[2026-03-22T22:16:45.081+0000] {logging_mixin.py:190} INFO - [2026-03-22T22:16:45.081+0000] {dag.py:3239} INFO - Sync 1 DAGs
[2026-03-22T22:16:45.090+0000] {logging_mixin.py:190} INFO - [2026-03-22T22:16:45.090+0000] {dag.py:4180} INFO - Setting next_dagrun for train_model_only to None, run_after=None
[2026-03-22T22:16:45.109+0000] {processor.py:208} INFO - Processing /home/ec2-user/environment/lab4_model_training/dags/train_model_dag.py took 1.327 seconds
[2026-03-22T22:17:15.761+0000] {processor.py:186} INFO - Started process (PID=7358) to work on /home/ec2-user/environment/lab4_model_training/dags/train_model_dag.py
[2026-03-22T22:17:15.762+0000] {processor.py:914} INFO - Processing file /home/ec2-user/environment/lab4_model_training/dags/train_model_dag.py for tasks to queue
[2026-03-22T22:17:15.763+0000] {logging_mixin.py:190} INFO - [2026-03-22T22:17:15.763+0000] {dagbag.py:588} INFO - Filling up the DagBag from /home/ec2-user/environment/lab4_model_training/dags/train_model_dag.py
[2026-03-22T22:17:17.040+0000] {processor.py:925} INFO - DAG(s) 'train_model_only' retrieved from /home/ec2-user/environment/lab4_model_training/dags/train_model_dag.py
[2026-03-22T22:17:17.054+0000] {logging_mixin.py:190} INFO - [2026-03-22T22:17:17.053+0000] {dag.py:3239} INFO - Sync 1 DAGs
[2026-03-22T22:17:17.063+0000] {logging_mixin.py:190} INFO - [2026-03-22T22:17:17.063+0000] {dag.py:4180} INFO - Setting next_dagrun for train_model_only to None, run_after=None
[2026-03-22T22:17:17.080+0000] {processor.py:208} INFO - Processing /home/ec2-user/environment/lab4_model_training/dags/train_model_dag.py took 1.324 seconds
[2026-03-22T22:17:47.252+0000] {processor.py:186} INFO - Started process (PID=7386) to work on /home/ec2-user/environment/lab4_model_training/dags/train_model_dag.py
[2026-03-22T22:17:47.253+0000] {processor.py:914} INFO - Processing file /home/ec2-user/environment/lab4_model_training/dags/train_model_dag.py for tasks to queue
[2026-03-22T22:17:47.255+0000] {logging_mixin.py:190} INFO - [2026-03-22T22:17:47.254+0000] {dagbag.py:588} INFO - Filling up the DagBag from /home/ec2-user/environment/lab4_model_training/dags/train_model_dag.py
[2026-03-22T22:17:48.536+0000] {processor.py:925} INFO - DAG(s) 'train_model_only' retrieved from /home/ec2-user/environment/lab4_model_training/dags/train_model_dag.py
[2026-03-22T22:17:48.550+0000] {logging_mixin.py:190} INFO - [2026-03-22T22:17:48.550+0000] {dag.py:3239} INFO - Sync 1 DAGs
[2026-03-22T22:17:48.560+0000] {logging_mixin.py:190} INFO - [2026-03-22T22:17:48.560+0000] {dag.py:4180} INFO - Setting next_dagrun for train_model_only to None, run_after=None
[2026-03-22T22:17:48.577+0000] {processor.py:208} INFO - Processing /home/ec2-user/environment/lab4_model_training/dags/train_model_dag.py took 1.331 seconds
[2026-03-22T22:18:19.233+0000] {processor.py:186} INFO - Started process (PID=7427) to work on /home/ec2-user/environment/lab4_model_training/dags/train_model_dag.py
[2026-03-22T22:18:19.235+0000] {processor.py:914} INFO - Processing file /home/ec2-user/environment/lab4_model_training/dags/train_model_dag.py for tasks to queue
[2026-03-22T22:18:19.236+0000] {logging_mixin.py:190} INFO - [2026-03-22T22:18:19.235+0000] {dagbag.py:588} INFO - Filling up the DagBag from /home/ec2-user/environment/lab4_model_training/dags/train_model_dag.py
[2026-03-22T22:18:20.520+0000] {processor.py:925} INFO - DAG(s) 'train_model_only' retrieved from /home/ec2-user/environment/lab4_model_training/dags/train_model_dag.py
[2026-03-22T22:18:20.534+0000] {logging_mixin.py:190} INFO - [2026-03-22T22:18:20.534+0000] {dag.py:3239} INFO - Sync 1 DAGs
[2026-03-22T22:18:20.543+0000] {logging_mixin.py:190} INFO - [2026-03-22T22:18:20.543+0000] {dag.py:4180} INFO - Setting next_dagrun for train_model_only to None, run_after=None
[2026-03-22T22:18:20.561+0000] {processor.py:208} INFO - Processing /home/ec2-user/environment/lab4_model_training/dags/train_model_dag.py took 1.332 seconds
[2026-03-22T22:18:51.210+0000] {processor.py:186} INFO - Started process (PID=7453) to work on /home/ec2-user/environment/lab4_model_training/dags/train_model_dag.py
[2026-03-22T22:18:51.210+0000] {processor.py:914} INFO - Processing file /home/ec2-user/environment/lab4_model_training/dags/train_model_dag.py for tasks to queue
[2026-03-22T22:18:51.212+0000] {logging_mixin.py:190} INFO - [2026-03-22T22:18:51.211+0000] {dagbag.py:588} INFO - Filling up the DagBag from /home/ec2-user/environment/lab4_model_training/dags/train_model_dag.py
[2026-03-22T22:18:52.493+0000] {processor.py:925} INFO - DAG(s) 'train_model_only' retrieved from /home/ec2-user/environment/lab4_model_training/dags/train_model_dag.py
[2026-03-22T22:18:52.506+0000] {logging_mixin.py:190} INFO - [2026-03-22T22:18:52.506+0000] {dag.py:3239} INFO - Sync 1 DAGs
[2026-03-22T22:18:52.516+0000] {logging_mixin.py:190} INFO - [2026-03-22T22:18:52.516+0000] {dag.py:4180} INFO - Setting next_dagrun for train_model_only to None, run_after=None
[2026-03-22T22:18:52.533+0000] {processor.py:208} INFO - Processing /home/ec2-user/environment/lab4_model_training/dags/train_model_dag.py took 1.328 seconds
[2026-03-22T22:19:22.716+0000] {processor.py:186} INFO - Started process (PID=7546) to work on /home/ec2-user/environment/lab4_model_training/dags/train_model_dag.py
[2026-03-22T22:19:22.717+0000] {processor.py:914} INFO - Processing file /home/ec2-user/environment/lab4_model_training/dags/train_model_dag.py for tasks to queue
[2026-03-22T22:19:22.719+0000] {logging_mixin.py:190} INFO - [2026-03-22T22:19:22.718+0000] {dagbag.py:588} INFO - Filling up the DagBag from /home/ec2-user/environment/lab4_model_training/dags/train_model_dag.py
[2026-03-22T22:19:24.003+0000] {processor.py:925} INFO - DAG(s) 'train_model_only' retrieved from /home/ec2-user/environment/lab4_model_training/dags/train_model_dag.py
[2026-03-22T22:19:24.016+0000] {logging_mixin.py:190} INFO - [2026-03-22T22:19:24.016+0000] {dag.py:3239} INFO - Sync 1 DAGs
[2026-03-22T22:19:24.025+0000] {logging_mixin.py:190} INFO - [2026-03-22T22:19:24.025+0000] {dag.py:4180} INFO - Setting next_dagrun for train_model_only to None, run_after=None
[2026-03-22T22:19:24.043+0000] {processor.py:208} INFO - Processing /home/ec2-user/environment/lab4_model_training/dags/train_model_dag.py took 1.331 seconds
[2026-03-22T22:19:54.465+0000] {processor.py:186} INFO - Started process (PID=7584) to work on /home/ec2-user/environment/lab4_model_training/dags/train_model_dag.py
[2026-03-22T22:19:54.465+0000] {processor.py:914} INFO - Processing file /home/ec2-user/environment/lab4_model_training/dags/train_model_dag.py for tasks to queue
[2026-03-22T22:19:54.466+0000] {logging_mixin.py:190} INFO - [2026-03-22T22:19:54.466+0000] {dagbag.py:588} INFO - Filling up the DagBag from /home/ec2-user/environment/lab4_model_training/dags/train_model_dag.py
[2026-03-22T22:19:55.742+0000] {processor.py:925} INFO - DAG(s) 'train_model_only' retrieved from /home/ec2-user/environment/lab4_model_training/dags/train_model_dag.py
[2026-03-22T22:19:55.755+0000] {logging_mixin.py:190} INFO - [2026-03-22T22:19:55.755+0000] {dag.py:3239} INFO - Sync 1 DAGs
[2026-03-22T22:19:55.764+0000] {logging_mixin.py:190} INFO - [2026-03-22T22:19:55.764+0000] {dag.py:4180} INFO - Setting next_dagrun for train_model_only to None, run_after=None
[2026-03-22T22:19:55.782+0000] {processor.py:208} INFO - Processing /home/ec2-user/environment/lab4_model_training/dags/train_model_dag.py took 1.323 seconds
[2026-03-22T22:20:25.972+0000] {processor.py:186} INFO - Started process (PID=7625) to work on /home/ec2-user/environment/lab4_model_training/dags/train_model_dag.py
[2026-03-22T22:20:25.972+0000] {processor.py:914} INFO - Processing file /home/ec2-user/environment/lab4_model_training/dags/train_model_dag.py for tasks to queue
[2026-03-22T22:20:25.973+0000] {logging_mixin.py:190} INFO - [2026-03-22T22:20:25.973+0000] {dagbag.py:588} INFO - Filling up the DagBag from /home/ec2-user/environment/lab4_model_training/dags/train_model_dag.py
[2026-03-22T22:20:27.242+0000] {processor.py:925} INFO - DAG(s) 'train_model_only' retrieved from /home/ec2-user/environment/lab4_model_training/dags/train_model_dag.py
[2026-03-22T22:20:27.255+0000] {logging_mixin.py:190} INFO - [2026-03-22T22:20:27.255+0000] {dag.py:3239} INFO - Sync 1 DAGs
[2026-03-22T22:20:27.265+0000] {logging_mixin.py:190} INFO - [2026-03-22T22:20:27.265+0000] {dag.py:4180} INFO - Setting next_dagrun for train_model_only to None, run_after=None
[2026-03-22T22:20:27.282+0000] {processor.py:208} INFO - Processing /home/ec2-user/environment/lab4_model_training/dags/train_model_dag.py took 1.315 seconds
[2026-03-22T22:20:57.478+0000] {processor.py:186} INFO - Started process (PID=7707) to work on /home/ec2-user/environment/lab4_model_training/dags/train_model_dag.py
[2026-03-22T22:20:57.480+0000] {processor.py:914} INFO - Processing file /home/ec2-user/environment/lab4_model_training/dags/train_model_dag.py for tasks to queue
[2026-03-22T22:20:57.481+0000] {logging_mixin.py:190} INFO - [2026-03-22T22:20:57.481+0000] {dagbag.py:588} INFO - Filling up the DagBag from /home/ec2-user/environment/lab4_model_training/dags/train_model_dag.py
[2026-03-22T22:20:58.780+0000] {processor.py:925} INFO - DAG(s) 'train_model_only' retrieved from /home/ec2-user/environment/lab4_model_training/dags/train_model_dag.py
[2026-03-22T22:20:58.793+0000] {logging_mixin.py:190} INFO - [2026-03-22T22:20:58.793+0000] {dag.py:3239} INFO - Sync 1 DAGs
[2026-03-22T22:20:58.804+0000] {logging_mixin.py:190} INFO - [2026-03-22T22:20:58.803+0000] {dag.py:4180} INFO - Setting next_dagrun for train_model_only to None, run_after=None
[2026-03-22T22:20:58.821+0000] {processor.py:208} INFO - Processing /home/ec2-user/environment/lab4_model_training/dags/train_model_dag.py took 1.347 seconds
[2026-03-22T22:21:28.985+0000] {processor.py:186} INFO - Started process (PID=7773) to work on /home/ec2-user/environment/lab4_model_training/dags/train_model_dag.py
[2026-03-22T22:21:28.986+0000] {processor.py:914} INFO - Processing file /home/ec2-user/environment/lab4_model_training/dags/train_model_dag.py for tasks to queue
[2026-03-22T22:21:28.989+0000] {logging_mixin.py:190} INFO - [2026-03-22T22:21:28.988+0000] {dagbag.py:588} INFO - Filling up the DagBag from /home/ec2-user/environment/lab4_model_training/dags/train_model_dag.py
[2026-03-22T22:21:30.279+0000] {processor.py:925} INFO - DAG(s) 'train_model_only' retrieved from /home/ec2-user/environment/lab4_model_training/dags/train_model_dag.py
[2026-03-22T22:21:30.293+0000] {logging_mixin.py:190} INFO - [2026-03-22T22:21:30.293+0000] {dag.py:3239} INFO - Sync 1 DAGs
[2026-03-22T22:21:30.302+0000] {logging_mixin.py:190} INFO - [2026-03-22T22:21:30.302+0000] {dag.py:4180} INFO - Setting next_dagrun for train_model_only to None, run_after=None
[2026-03-22T22:21:30.319+0000] {processor.py:208} INFO - Processing /home/ec2-user/environment/lab4_model_training/dags/train_model_dag.py took 1.339 seconds
[2026-03-22T22:22:01.416+0000] {processor.py:186} INFO - Started process (PID=7847) to work on /home/ec2-user/environment/lab4_model_training/dags/train_model_dag.py
[2026-03-22T22:22:01.417+0000] {processor.py:914} INFO - Processing file /home/ec2-user/environment/lab4_model_training/dags/train_model_dag.py for tasks to queue
[2026-03-22T22:22:01.418+0000] {logging_mixin.py:190} INFO - [2026-03-22T22:22:01.418+0000] {dagbag.py:588} INFO - Filling up the DagBag from /home/ec2-user/environment/lab4_model_training/dags/train_model_dag.py
[2026-03-22T22:22:02.736+0000] {processor.py:925} INFO - DAG(s) 'train_model_only' retrieved from /home/ec2-user/environment/lab4_model_training/dags/train_model_dag.py
[2026-03-22T22:22:02.751+0000] {logging_mixin.py:190} INFO - [2026-03-22T22:22:02.750+0000] {dag.py:3239} INFO - Sync 1 DAGs
[2026-03-22T22:22:02.760+0000] {logging_mixin.py:190} INFO - [2026-03-22T22:22:02.760+0000] {dag.py:4180} INFO - Setting next_dagrun for train_model_only to None, run_after=None
[2026-03-22T22:22:02.778+0000] {processor.py:208} INFO - Processing /home/ec2-user/environment/lab4_model_training/dags/train_model_dag.py took 1.366 seconds
[2026-03-22T22:22:33.509+0000] {processor.py:186} INFO - Started process (PID=7885) to work on /home/ec2-user/environment/lab4_model_training/dags/train_model_dag.py
[2026-03-22T22:22:33.510+0000] {processor.py:914} INFO - Processing file /home/ec2-user/environment/lab4_model_training/dags/train_model_dag.py for tasks to queue
[2026-03-22T22:22:33.511+0000] {logging_mixin.py:190} INFO - [2026-03-22T22:22:33.511+0000] {dagbag.py:588} INFO - Filling up the DagBag from /home/ec2-user/environment/lab4_model_training/dags/train_model_dag.py
[2026-03-22T22:22:34.792+0000] {processor.py:925} INFO - DAG(s) 'train_model_only' retrieved from /home/ec2-user/environment/lab4_model_training/dags/train_model_dag.py
[2026-03-22T22:22:34.807+0000] {logging_mixin.py:190} INFO - [2026-03-22T22:22:34.806+0000] {dag.py:3239} INFO - Sync 1 DAGs
[2026-03-22T22:22:34.816+0000] {logging_mixin.py:190} INFO - [2026-03-22T22:22:34.816+0000] {dag.py:4180} INFO - Setting next_dagrun for train_model_only to None, run_after=None
[2026-03-22T22:22:34.833+0000] {processor.py:208} INFO - Processing /home/ec2-user/environment/lab4_model_training/dags/train_model_dag.py took 1.329 seconds
[2026-03-22T22:23:05.210+0000] {processor.py:186} INFO - Started process (PID=7927) to work on /home/ec2-user/environment/lab4_model_training/dags/train_model_dag.py
[2026-03-22T22:23:05.211+0000] {processor.py:914} INFO - Processing file /home/ec2-user/environment/lab4_model_training/dags/train_model_dag.py for tasks to queue
[2026-03-22T22:23:05.213+0000] {logging_mixin.py:190} INFO - [2026-03-22T22:23:05.212+0000] {dagbag.py:588} INFO - Filling up the DagBag from /home/ec2-user/environment/lab4_model_training/dags/train_model_dag.py
[2026-03-22T22:23:06.501+0000] {processor.py:925} INFO - DAG(s) 'train_model_only' retrieved from /home/ec2-user/environment/lab4_model_training/dags/train_model_dag.py
[2026-03-22T22:23:06.515+0000] {logging_mixin.py:190} INFO - [2026-03-22T22:23:06.515+0000] {dag.py:3239} INFO - Sync 1 DAGs
[2026-03-22T22:23:06.524+0000] {logging_mixin.py:190} INFO - [2026-03-22T22:23:06.524+0000] {dag.py:4180} INFO - Setting next_dagrun for train_model_only to None, run_after=None
[2026-03-22T22:23:06.542+0000] {processor.py:208} INFO - Processing /home/ec2-user/environment/lab4_model_training/dags/train_model_dag.py took 1.337 seconds
[2026-03-22T22:23:36.708+0000] {processor.py:186} INFO - Started process (PID=7954) to work on /home/ec2-user/environment/lab4_model_training/dags/train_model_dag.py
[2026-03-22T22:23:36.710+0000] {processor.py:914} INFO - Processing file /home/ec2-user/environment/lab4_model_training/dags/train_model_dag.py for tasks to queue
[2026-03-22T22:23:36.711+0000] {logging_mixin.py:190} INFO - [2026-03-22T22:23:36.711+0000] {dagbag.py:588} INFO - Filling up the DagBag from /home/ec2-user/environment/lab4_model_training/dags/train_model_dag.py
[2026-03-22T22:23:37.987+0000] {processor.py:925} INFO - DAG(s) 'train_model_only' retrieved from /home/ec2-user/environment/lab4_model_training/dags/train_model_dag.py
[2026-03-22T22:23:38.001+0000] {logging_mixin.py:190} INFO - [2026-03-22T22:23:38.000+0000] {dag.py:3239} INFO - Sync 1 DAGs
[2026-03-22T22:23:38.010+0000] {logging_mixin.py:190} INFO - [2026-03-22T22:23:38.010+0000] {dag.py:4180} INFO - Setting next_dagrun for train_model_only to None, run_after=None
[2026-03-22T22:23:38.027+0000] {processor.py:208} INFO - Processing /home/ec2-user/environment/lab4_model_training/dags/train_model_dag.py took 1.324 seconds
[2026-03-22T22:24:08.218+0000] {processor.py:186} INFO - Started process (PID=8043) to work on /home/ec2-user/environment/lab4_model_training/dags/train_model_dag.py
[2026-03-22T22:24:08.219+0000] {processor.py:914} INFO - Processing file /home/ec2-user/environment/lab4_model_training/dags/train_model_dag.py for tasks to queue
[2026-03-22T22:24:08.220+0000] {logging_mixin.py:190} INFO - [2026-03-22T22:24:08.220+0000] {dagbag.py:588} INFO - Filling up the DagBag from /home/ec2-user/environment/lab4_model_training/dags/train_model_dag.py
[2026-03-22T22:24:09.520+0000] {processor.py:925} INFO - DAG(s) 'train_model_only' retrieved from /home/ec2-user/environment/lab4_model_training/dags/train_model_dag.py
[2026-03-22T22:24:09.533+0000] {logging_mixin.py:190} INFO - [2026-03-22T22:24:09.533+0000] {dag.py:3239} INFO - Sync 1 DAGs
[2026-03-22T22:24:09.542+0000] {logging_mixin.py:190} INFO - [2026-03-22T22:24:09.542+0000] {dag.py:4180} INFO - Setting next_dagrun for train_model_only to None, run_after=None
[2026-03-22T22:24:09.559+0000] {processor.py:208} INFO - Processing /home/ec2-user/environment/lab4_model_training/dags/train_model_dag.py took 1.346 seconds
[2026-03-22T22:24:39.715+0000] {processor.py:186} INFO - Started process (PID=8071) to work on /home/ec2-user/environment/lab4_model_training/dags/train_model_dag.py
[2026-03-22T22:24:39.715+0000] {processor.py:914} INFO - Processing file /home/ec2-user/environment/lab4_model_training/dags/train_model_dag.py for tasks to queue
[2026-03-22T22:24:39.717+0000] {logging_mixin.py:190} INFO - [2026-03-22T22:24:39.716+0000] {dagbag.py:588} INFO - Filling up the DagBag from /home/ec2-user/environment/lab4_model_training/dags/train_model_dag.py
[2026-03-22T22:24:40.993+0000] {processor.py:925} INFO - DAG(s) 'train_model_only' retrieved from /home/ec2-user/environment/lab4_model_training/dags/train_model_dag.py
[2026-03-22T22:24:41.006+0000] {logging_mixin.py:190} INFO - [2026-03-22T22:24:41.006+0000] {dag.py:3239} INFO - Sync 1 DAGs
[2026-03-22T22:24:41.015+0000] {logging_mixin.py:190} INFO - [2026-03-22T22:24:41.015+0000] {dag.py:4180} INFO - Setting next_dagrun for train_model_only to None, run_after=None
[2026-03-22T22:24:41.033+0000] {processor.py:208} INFO - Processing /home/ec2-user/environment/lab4_model_training/dags/train_model_dag.py took 1.324 seconds
[2026-03-22T22:25:11.211+0000] {processor.py:186} INFO - Started process (PID=8109) to work on /home/ec2-user/environment/lab4_model_training/dags/train_model_dag.py
[2026-03-22T22:25:11.212+0000] {processor.py:914} INFO - Processing file /home/ec2-user/environment/lab4_model_training/dags/train_model_dag.py for tasks to queue
[2026-03-22T22:25:11.214+0000] {logging_mixin.py:190} INFO - [2026-03-22T22:25:11.213+0000] {dagbag.py:588} INFO - Filling up the DagBag from /home/ec2-user/environment/lab4_model_training/dags/train_model_dag.py
[2026-03-22T22:25:12.496+0000] {processor.py:925} INFO - DAG(s) 'train_model_only' retrieved from /home/ec2-user/environment/lab4_model_training/dags/train_model_dag.py
[2026-03-22T22:25:12.510+0000] {logging_mixin.py:190} INFO - [2026-03-22T22:25:12.509+0000] {dag.py:3239} INFO - Sync 1 DAGs
[2026-03-22T22:25:12.519+0000] {logging_mixin.py:190} INFO - [2026-03-22T22:25:12.519+0000] {dag.py:4180} INFO - Setting next_dagrun for train_model_only to None, run_after=None
[2026-03-22T22:25:12.537+0000] {processor.py:208} INFO - Processing /home/ec2-user/environment/lab4_model_training/dags/train_model_dag.py took 1.331 seconds
[2026-03-22T22:25:43.219+0000] {processor.py:186} INFO - Started process (PID=8149) to work on /home/ec2-user/environment/lab4_model_training/dags/train_model_dag.py
[2026-03-22T22:25:43.220+0000] {processor.py:914} INFO - Processing file /home/ec2-user/environment/lab4_model_training/dags/train_model_dag.py for tasks to queue
[2026-03-22T22:25:43.222+0000] {logging_mixin.py:190} INFO - [2026-03-22T22:25:43.222+0000] {dagbag.py:588} INFO - Filling up the DagBag from /home/ec2-user/environment/lab4_model_training/dags/train_model_dag.py
[2026-03-22T22:25:44.682+0000] {processor.py:925} INFO - DAG(s) 'train_model_only' retrieved from /home/ec2-user/environment/lab4_model_training/dags/train_model_dag.py
[2026-03-22T22:25:44.704+0000] {logging_mixin.py:190} INFO - [2026-03-22T22:25:44.703+0000] {dag.py:3239} INFO - Sync 1 DAGs
[2026-03-22T22:25:44.722+0000] {logging_mixin.py:190} INFO - [2026-03-22T22:25:44.721+0000] {dag.py:4180} INFO - Setting next_dagrun for train_model_only to None, run_after=None
[2026-03-22T22:25:44.754+0000] {processor.py:208} INFO - Processing /home/ec2-user/environment/lab4_model_training/dags/train_model_dag.py took 1.540 seconds
[2026-03-22T22:26:14.904+0000] {processor.py:186} INFO - Started process (PID=8238) to work on /home/ec2-user/environment/lab4_model_training/dags/train_model_dag.py
[2026-03-22T22:26:14.905+0000] {processor.py:914} INFO - Processing file /home/ec2-user/environment/lab4_model_training/dags/train_model_dag.py for tasks to queue
[2026-03-22T22:26:14.907+0000] {logging_mixin.py:190} INFO - [2026-03-22T22:26:14.906+0000] {dagbag.py:588} INFO - Filling up the DagBag from /home/ec2-user/environment/lab4_model_training/dags/train_model_dag.py
[2026-03-22T22:26:16.195+0000] {processor.py:925} INFO - DAG(s) 'train_model_only' retrieved from /home/ec2-user/environment/lab4_model_training/dags/train_model_dag.py
[2026-03-22T22:26:16.208+0000] {logging_mixin.py:190} INFO - [2026-03-22T22:26:16.208+0000] {dag.py:3239} INFO - Sync 1 DAGs
[2026-03-22T22:26:16.219+0000] {logging_mixin.py:190} INFO - [2026-03-22T22:26:16.218+0000] {dag.py:4180} INFO - Setting next_dagrun for train_model_only to None, run_after=None
[2026-03-22T22:26:16.236+0000] {processor.py:208} INFO - Processing /home/ec2-user/environment/lab4_model_training/dags/train_model_dag.py took 1.337 seconds
[2026-03-22T22:26:47.227+0000] {processor.py:186} INFO - Started process (PID=8264) to work on /home/ec2-user/environment/lab4_model_training/dags/train_model_dag.py
[2026-03-22T22:26:47.228+0000] {processor.py:914} INFO - Processing file /home/ec2-user/environment/lab4_model_training/dags/train_model_dag.py for tasks to queue
[2026-03-22T22:26:47.230+0000] {logging_mixin.py:190} INFO - [2026-03-22T22:26:47.229+0000] {dagbag.py:588} INFO - Filling up the DagBag from /home/ec2-user/environment/lab4_model_training/dags/train_model_dag.py
[2026-03-22T22:26:48.517+0000] {processor.py:925} INFO - DAG(s) 'train_model_only' retrieved from /home/ec2-user/environment/lab4_model_training/dags/train_model_dag.py
[2026-03-22T22:26:48.531+0000] {logging_mixin.py:190} INFO - [2026-03-22T22:26:48.531+0000] {dag.py:3239} INFO - Sync 1 DAGs
[2026-03-22T22:26:48.540+0000] {logging_mixin.py:190} INFO - [2026-03-22T22:26:48.540+0000] {dag.py:4180} INFO - Setting next_dagrun for train_model_only to None, run_after=None
[2026-03-22T22:26:48.557+0000] {processor.py:208} INFO - Processing /home/ec2-user/environment/lab4_model_training/dags/train_model_dag.py took 1.335 seconds
[2026-03-22T22:27:18.723+0000] {processor.py:186} INFO - Started process (PID=8302) to work on /home/ec2-user/environment/lab4_model_training/dags/train_model_dag.py
[2026-03-22T22:27:18.724+0000] {processor.py:914} INFO - Processing file /home/ec2-user/environment/lab4_model_training/dags/train_model_dag.py for tasks to queue
[2026-03-22T22:27:18.726+0000] {logging_mixin.py:190} INFO - [2026-03-22T22:27:18.725+0000] {dagbag.py:588} INFO - Filling up the DagBag from /home/ec2-user/environment/lab4_model_training/dags/train_model_dag.py
[2026-03-22T22:27:20.015+0000] {processor.py:925} INFO - DAG(s) 'train_model_only' retrieved from /home/ec2-user/environment/lab4_model_training/dags/train_model_dag.py
[2026-03-22T22:27:20.029+0000] {logging_mixin.py:190} INFO - [2026-03-22T22:27:20.029+0000] {dag.py:3239} INFO - Sync 1 DAGs
[2026-03-22T22:27:20.039+0000] {logging_mixin.py:190} INFO - [2026-03-22T22:27:20.038+0000] {dag.py:4180} INFO - Setting next_dagrun for train_model_only to None, run_after=None
[2026-03-22T22:27:20.056+0000] {processor.py:208} INFO - Processing /home/ec2-user/environment/lab4_model_training/dags/train_model_dag.py took 1.337 seconds
[2026-03-22T22:27:50.217+0000] {processor.py:186} INFO - Started process (PID=8329) to work on /home/ec2-user/environment/lab4_model_training/dags/train_model_dag.py
[2026-03-22T22:27:50.218+0000] {processor.py:914} INFO - Processing file /home/ec2-user/environment/lab4_model_training/dags/train_model_dag.py for tasks to queue
[2026-03-22T22:27:50.220+0000] {logging_mixin.py:190} INFO - [2026-03-22T22:27:50.220+0000] {dagbag.py:588} INFO - Filling up the DagBag from /home/ec2-user/environment/lab4_model_training/dags/train_model_dag.py
[2026-03-22T22:27:51.509+0000] {processor.py:925} INFO - DAG(s) 'train_model_only' retrieved from /home/ec2-user/environment/lab4_model_training/dags/train_model_dag.py
[2026-03-22T22:27:51.524+0000] {logging_mixin.py:190} INFO - [2026-03-22T22:27:51.523+0000] {dag.py:3239} INFO - Sync 1 DAGs
[2026-03-22T22:27:51.533+0000] {logging_mixin.py:190} INFO - [2026-03-22T22:27:51.533+0000] {dag.py:4180} INFO - Setting next_dagrun for train_model_only to None, run_after=None
[2026-03-22T22:27:51.550+0000] {processor.py:208} INFO - Processing /home/ec2-user/environment/lab4_model_training/dags/train_model_dag.py took 1.337 seconds
[2026-03-22T22:28:21.714+0000] {processor.py:186} INFO - Started process (PID=8418) to work on /home/ec2-user/environment/lab4_model_training/dags/train_model_dag.py
[2026-03-22T22:28:21.715+0000] {processor.py:914} INFO - Processing file /home/ec2-user/environment/lab4_model_training/dags/train_model_dag.py for tasks to queue
[2026-03-22T22:28:21.717+0000] {logging_mixin.py:190} INFO - [2026-03-22T22:28:21.717+0000] {dagbag.py:588} INFO - Filling up the DagBag from /home/ec2-user/environment/lab4_model_training/dags/train_model_dag.py
[2026-03-22T22:28:23.024+0000] {processor.py:925} INFO - DAG(s) 'train_model_only' retrieved from /home/ec2-user/environment/lab4_model_training/dags/train_model_dag.py
[2026-03-22T22:28:23.037+0000] {logging_mixin.py:190} INFO - [2026-03-22T22:28:23.037+0000] {dag.py:3239} INFO - Sync 1 DAGs
[2026-03-22T22:28:23.046+0000] {logging_mixin.py:190} INFO - [2026-03-22T22:28:23.046+0000] {dag.py:4180} INFO - Setting next_dagrun for train_model_only to None, run_after=None
[2026-03-22T22:28:23.064+0000] {processor.py:208} INFO - Processing /home/ec2-user/environment/lab4_model_training/dags/train_model_dag.py took 1.355 seconds
[2026-03-22T22:28:53.239+0000] {processor.py:186} INFO - Started process (PID=8467) to work on /home/ec2-user/environment/lab4_model_training/dags/train_model_dag.py
[2026-03-22T22:28:53.239+0000] {processor.py:914} INFO - Processing file /home/ec2-user/environment/lab4_model_training/dags/train_model_dag.py for tasks to queue
[2026-03-22T22:28:53.241+0000] {logging_mixin.py:190} INFO - [2026-03-22T22:28:53.240+0000] {dagbag.py:588} INFO - Filling up the DagBag from /home/ec2-user/environment/lab4_model_training/dags/train_model_dag.py
[2026-03-22T22:28:54.529+0000] {processor.py:925} INFO - DAG(s) 'train_model_only' retrieved from /home/ec2-user/environment/lab4_model_training/dags/train_model_dag.py
[2026-03-22T22:28:54.542+0000] {logging_mixin.py:190} INFO - [2026-03-22T22:28:54.542+0000] {dag.py:3239} INFO - Sync 1 DAGs
[2026-03-22T22:28:54.552+0000] {logging_mixin.py:190} INFO - [2026-03-22T22:28:54.551+0000] {dag.py:4180} INFO - Setting next_dagrun for train_model_only to None, run_after=None
[2026-03-22T22:28:54.569+0000] {processor.py:208} INFO - Processing /home/ec2-user/environment/lab4_model_training/dags/train_model_dag.py took 1.335 seconds
[2026-03-22T22:29:24.717+0000] {processor.py:186} INFO - Started process (PID=8506) to work on /home/ec2-user/environment/lab4_model_training/dags/train_model_dag.py
[2026-03-22T22:29:24.717+0000] {processor.py:914} INFO - Processing file /home/ec2-user/environment/lab4_model_training/dags/train_model_dag.py for tasks to queue
[2026-03-22T22:29:24.718+0000] {logging_mixin.py:190} INFO - [2026-03-22T22:29:24.718+0000] {dagbag.py:588} INFO - Filling up the DagBag from /home/ec2-user/environment/lab4_model_training/dags/train_model_dag.py
[2026-03-22T22:29:25.994+0000] {processor.py:925} INFO - DAG(s) 'train_model_only' retrieved from /home/ec2-user/environment/lab4_model_training/dags/train_model_dag.py
[2026-03-22T22:29:26.007+0000] {logging_mixin.py:190} INFO - [2026-03-22T22:29:26.007+0000] {dag.py:3239} INFO - Sync 1 DAGs
[2026-03-22T22:29:26.016+0000] {logging_mixin.py:190} INFO - [2026-03-22T22:29:26.016+0000] {dag.py:4180} INFO - Setting next_dagrun for train_model_only to None, run_after=None
[2026-03-22T22:29:26.034+0000] {processor.py:208} INFO - Processing /home/ec2-user/environment/lab4_model_training/dags/train_model_dag.py took 1.322 seconds
[2026-03-22T22:29:56.667+0000] {processor.py:186} INFO - Started process (PID=8685) to work on /home/ec2-user/environment/lab4_model_training/dags/train_model_dag.py
[2026-03-22T22:29:56.668+0000] {processor.py:914} INFO - Processing file /home/ec2-user/environment/lab4_model_training/dags/train_model_dag.py for tasks to queue
[2026-03-22T22:29:56.669+0000] {logging_mixin.py:190} INFO - [2026-03-22T22:29:56.669+0000] {dagbag.py:588} INFO - Filling up the DagBag from /home/ec2-user/environment/lab4_model_training/dags/train_model_dag.py
[2026-03-22T22:29:57.962+0000] {processor.py:925} INFO - DAG(s) 'train_model_only' retrieved from /home/ec2-user/environment/lab4_model_training/dags/train_model_dag.py
[2026-03-22T22:29:57.975+0000] {logging_mixin.py:190} INFO - [2026-03-22T22:29:57.975+0000] {dag.py:3239} INFO - Sync 1 DAGs
[2026-03-22T22:29:57.985+0000] {logging_mixin.py:190} INFO - [2026-03-22T22:29:57.984+0000] {dag.py:4180} INFO - Setting next_dagrun for train_model_only to None, run_after=None
[2026-03-22T22:29:58.002+0000] {processor.py:208} INFO - Processing /home/ec2-user/environment/lab4_model_training/dags/train_model_dag.py took 1.340 seconds
[2026-03-22T22:30:28.767+0000] {processor.py:186} INFO - Started process (PID=8725) to work on /home/ec2-user/environment/lab4_model_training/dags/train_model_dag.py
[2026-03-22T22:30:28.768+0000] {processor.py:914} INFO - Processing file /home/ec2-user/environment/lab4_model_training/dags/train_model_dag.py for tasks to queue
[2026-03-22T22:30:28.771+0000] {logging_mixin.py:190} INFO - [2026-03-22T22:30:28.770+0000] {dagbag.py:588} INFO - Filling up the DagBag from /home/ec2-user/environment/lab4_model_training/dags/train_model_dag.py
[2026-03-22T22:30:30.060+0000] {processor.py:925} INFO - DAG(s) 'train_model_only' retrieved from /home/ec2-user/environment/lab4_model_training/dags/train_model_dag.py
[2026-03-22T22:30:30.074+0000] {logging_mixin.py:190} INFO - [2026-03-22T22:30:30.073+0000] {dag.py:3239} INFO - Sync 1 DAGs
[2026-03-22T22:30:30.083+0000] {logging_mixin.py:190} INFO - [2026-03-22T22:30:30.083+0000] {dag.py:4180} INFO - Setting next_dagrun for train_model_only to None, run_after=None
[2026-03-22T22:30:30.102+0000] {processor.py:208} INFO - Processing /home/ec2-user/environment/lab4_model_training/dags/train_model_dag.py took 1.339 seconds
[2026-03-22T22:31:00.644+0000] {processor.py:186} INFO - Started process (PID=8811) to work on /home/ec2-user/environment/lab4_model_training/dags/train_model_dag.py
[2026-03-22T22:31:00.645+0000] {processor.py:914} INFO - Processing file /home/ec2-user/environment/lab4_model_training/dags/train_model_dag.py for tasks to queue
[2026-03-22T22:31:00.646+0000] {logging_mixin.py:190} INFO - [2026-03-22T22:31:00.646+0000] {dagbag.py:588} INFO - Filling up the DagBag from /home/ec2-user/environment/lab4_model_training/dags/train_model_dag.py
[2026-03-22T22:31:01.929+0000] {processor.py:925} INFO - DAG(s) 'train_model_only' retrieved from /home/ec2-user/environment/lab4_model_training/dags/train_model_dag.py
[2026-03-22T22:31:01.946+0000] {logging_mixin.py:190} INFO - [2026-03-22T22:31:01.946+0000] {dag.py:3239} INFO - Sync 1 DAGs
[2026-03-22T22:31:01.960+0000] {logging_mixin.py:190} INFO - [2026-03-22T22:31:01.960+0000] {dag.py:4180} INFO - Setting next_dagrun for train_model_only to None, run_after=None
[2026-03-22T22:31:01.993+0000] {processor.py:208} INFO - Processing /home/ec2-user/environment/lab4_model_training/dags/train_model_dag.py took 1.355 seconds
[2026-03-22T22:31:32.725+0000] {processor.py:186} INFO - Started process (PID=8849) to work on /home/ec2-user/environment/lab4_model_training/dags/train_model_dag.py
[2026-03-22T22:31:32.726+0000] {processor.py:914} INFO - Processing file /home/ec2-user/environment/lab4_model_training/dags/train_model_dag.py for tasks to queue
[2026-03-22T22:31:32.727+0000] {logging_mixin.py:190} INFO - [2026-03-22T22:31:32.727+0000] {dagbag.py:588} INFO - Filling up the DagBag from /home/ec2-user/environment/lab4_model_training/dags/train_model_dag.py
[2026-03-22T22:31:34.000+0000] {processor.py:925} INFO - DAG(s) 'train_model_only' retrieved from /home/ec2-user/environment/lab4_model_training/dags/train_model_dag.py
[2026-03-22T22:31:34.013+0000] {logging_mixin.py:190} INFO - [2026-03-22T22:31:34.013+0000] {dag.py:3239} INFO - Sync 1 DAGs
[2026-03-22T22:31:34.024+0000] {logging_mixin.py:190} INFO - [2026-03-22T22:31:34.023+0000] {dag.py:4180} INFO - Setting next_dagrun for train_model_only to None, run_after=None
[2026-03-22T22:31:34.041+0000] {processor.py:208} INFO - Processing /home/ec2-user/environment/lab4_model_training/dags/train_model_dag.py took 1.321 seconds
[2026-03-22T22:32:04.801+0000] {processor.py:186} INFO - Started process (PID=8887) to work on /home/ec2-user/environment/lab4_model_training/dags/train_model_dag.py
[2026-03-22T22:32:04.803+0000] {processor.py:914} INFO - Processing file /home/ec2-user/environment/lab4_model_training/dags/train_model_dag.py for tasks to queue
[2026-03-22T22:32:04.804+0000] {logging_mixin.py:190} INFO - [2026-03-22T22:32:04.803+0000] {dagbag.py:588} INFO - Filling up the DagBag from /home/ec2-user/environment/lab4_model_training/dags/train_model_dag.py
[2026-03-22T22:32:06.097+0000] {processor.py:925} INFO - DAG(s) 'train_model_only' retrieved from /home/ec2-user/environment/lab4_model_training/dags/train_model_dag.py
[2026-03-22T22:32:06.111+0000] {logging_mixin.py:190} INFO - [2026-03-22T22:32:06.111+0000] {dag.py:3239} INFO - Sync 1 DAGs
[2026-03-22T22:32:06.121+0000] {logging_mixin.py:190} INFO - [2026-03-22T22:32:06.120+0000] {dag.py:4180} INFO - Setting next_dagrun for train_model_only to None, run_after=None
[2026-03-22T22:32:06.138+0000] {processor.py:208} INFO - Processing /home/ec2-user/environment/lab4_model_training/dags/train_model_dag.py took 1.341 seconds
[2026-03-22T22:32:36.451+0000] {processor.py:186} INFO - Started process (PID=8931) to work on /home/ec2-user/environment/lab4_model_training/dags/train_model_dag.py
[2026-03-22T22:32:36.452+0000] {processor.py:914} INFO - Processing file /home/ec2-user/environment/lab4_model_training/dags/train_model_dag.py for tasks to queue
[2026-03-22T22:32:36.454+0000] {logging_mixin.py:190} INFO - [2026-03-22T22:32:36.453+0000] {dagbag.py:588} INFO - Filling up the DagBag from /home/ec2-user/environment/lab4_model_training/dags/train_model_dag.py
[2026-03-22T22:32:37.743+0000] {processor.py:925} INFO - DAG(s) 'train_model_only' retrieved from /home/ec2-user/environment/lab4_model_training/dags/train_model_dag.py
[2026-03-22T22:32:37.757+0000] {logging_mixin.py:190} INFO - [2026-03-22T22:32:37.757+0000] {dag.py:3239} INFO - Sync 1 DAGs
[2026-03-22T22:32:37.766+0000] {logging_mixin.py:190} INFO - [2026-03-22T22:32:37.766+0000] {dag.py:4180} INFO - Setting next_dagrun for train_model_only to None, run_after=None
[2026-03-22T22:32:37.784+0000] {processor.py:208} INFO - Processing /home/ec2-user/environment/lab4_model_training/dags/train_model_dag.py took 1.338 seconds
[2026-03-22T22:33:08.658+0000] {processor.py:186} INFO - Started process (PID=9061) to work on /home/ec2-user/environment/lab4_model_training/dags/train_model_dag.py
[2026-03-22T22:33:08.658+0000] {processor.py:914} INFO - Processing file /home/ec2-user/environment/lab4_model_training/dags/train_model_dag.py for tasks to queue
[2026-03-22T22:33:08.660+0000] {logging_mixin.py:190} INFO - [2026-03-22T22:33:08.660+0000] {dagbag.py:588} INFO - Filling up the DagBag from /home/ec2-user/environment/lab4_model_training/dags/train_model_dag.py
[2026-03-22T22:33:09.940+0000] {processor.py:925} INFO - DAG(s) 'train_model_only' retrieved from /home/ec2-user/environment/lab4_model_training/dags/train_model_dag.py
[2026-03-22T22:33:09.954+0000] {logging_mixin.py:190} INFO - [2026-03-22T22:33:09.953+0000] {dag.py:3239} INFO - Sync 1 DAGs
[2026-03-22T22:33:09.963+0000] {logging_mixin.py:190} INFO - [2026-03-22T22:33:09.963+0000] {dag.py:4180} INFO - Setting next_dagrun for train_model_only to None, run_after=None
[2026-03-22T22:33:09.980+0000] {processor.py:208} INFO - Processing /home/ec2-user/environment/lab4_model_training/dags/train_model_dag.py took 1.327 seconds
[2026-03-22T22:33:40.990+0000] {processor.py:186} INFO - Started process (PID=9116) to work on /home/ec2-user/environment/lab4_model_training/dags/train_model_dag.py
[2026-03-22T22:33:40.994+0000] {processor.py:914} INFO - Processing file /home/ec2-user/environment/lab4_model_training/dags/train_model_dag.py for tasks to queue
[2026-03-22T22:33:40.996+0000] {logging_mixin.py:190} INFO - [2026-03-22T22:33:40.996+0000] {dagbag.py:588} INFO - Filling up the DagBag from /home/ec2-user/environment/lab4_model_training/dags/train_model_dag.py
[2026-03-22T22:33:42.394+0000] {processor.py:925} INFO - DAG(s) 'train_model_only' retrieved from /home/ec2-user/environment/lab4_model_training/dags/train_model_dag.py
[2026-03-22T22:33:42.409+0000] {logging_mixin.py:190} INFO - [2026-03-22T22:33:42.408+0000] {dag.py:3239} INFO - Sync 1 DAGs
[2026-03-22T22:33:42.418+0000] {logging_mixin.py:190} INFO - [2026-03-22T22:33:42.418+0000] {dag.py:4180} INFO - Setting next_dagrun for train_model_only to None, run_after=None
[2026-03-22T22:33:42.436+0000] {processor.py:208} INFO - Processing /home/ec2-user/environment/lab4_model_training/dags/train_model_dag.py took 1.452 seconds
[2026-03-22T22:34:13.918+0000] {processor.py:186} INFO - Started process (PID=9155) to work on /home/ec2-user/environment/lab4_model_training/dags/train_model_dag.py
[2026-03-22T22:34:13.919+0000] {processor.py:914} INFO - Processing file /home/ec2-user/environment/lab4_model_training/dags/train_model_dag.py for tasks to queue
[2026-03-22T22:34:13.921+0000] {logging_mixin.py:190} INFO - [2026-03-22T22:34:13.920+0000] {dagbag.py:588} INFO - Filling up the DagBag from /home/ec2-user/environment/lab4_model_training/dags/train_model_dag.py
[2026-03-22T22:34:15.193+0000] {processor.py:925} INFO - DAG(s) 'train_model_only' retrieved from /home/ec2-user/environment/lab4_model_training/dags/train_model_dag.py
[2026-03-22T22:34:15.206+0000] {logging_mixin.py:190} INFO - [2026-03-22T22:34:15.206+0000] {dag.py:3239} INFO - Sync 1 DAGs
[2026-03-22T22:34:15.216+0000] {logging_mixin.py:190} INFO - [2026-03-22T22:34:15.216+0000] {dag.py:4180} INFO - Setting next_dagrun for train_model_only to None, run_after=None
[2026-03-22T22:34:15.233+0000] {processor.py:208} INFO - Processing /home/ec2-user/environment/lab4_model_training/dags/train_model_dag.py took 1.319 seconds
[2026-03-22T22:34:45.424+0000] {processor.py:186} INFO - Started process (PID=9182) to work on /home/ec2-user/environment/lab4_model_training/dags/train_model_dag.py
[2026-03-22T22:34:45.425+0000] {processor.py:914} INFO - Processing file /home/ec2-user/environment/lab4_model_training/dags/train_model_dag.py for tasks to queue
[2026-03-22T22:34:45.426+0000] {logging_mixin.py:190} INFO - [2026-03-22T22:34:45.426+0000] {dagbag.py:588} INFO - Filling up the DagBag from /home/ec2-user/environment/lab4_model_training/dags/train_model_dag.py
[2026-03-22T22:34:46.710+0000] {processor.py:925} INFO - DAG(s) 'train_model_only' retrieved from /home/ec2-user/environment/lab4_model_training/dags/train_model_dag.py
[2026-03-22T22:34:46.723+0000] {logging_mixin.py:190} INFO - [2026-03-22T22:34:46.723+0000] {dag.py:3239} INFO - Sync 1 DAGs
[2026-03-22T22:34:46.733+0000] {logging_mixin.py:190} INFO - [2026-03-22T22:34:46.732+0000] {dag.py:4180} INFO - Setting next_dagrun for train_model_only to None, run_after=None
[2026-03-22T22:34:46.750+0000] {processor.py:208} INFO - Processing /home/ec2-user/environment/lab4_model_training/dags/train_model_dag.py took 1.330 seconds
[2026-03-22T22:35:16.928+0000] {processor.py:186} INFO - Started process (PID=9277) to work on /home/ec2-user/environment/lab4_model_training/dags/train_model_dag.py
[2026-03-22T22:35:16.929+0000] {processor.py:914} INFO - Processing file /home/ec2-user/environment/lab4_model_training/dags/train_model_dag.py for tasks to queue
[2026-03-22T22:35:16.931+0000] {logging_mixin.py:190} INFO - [2026-03-22T22:35:16.930+0000] {dagbag.py:588} INFO - Filling up the DagBag from /home/ec2-user/environment/lab4_model_training/dags/train_model_dag.py
[2026-03-22T22:35:18.211+0000] {processor.py:925} INFO - DAG(s) 'train_model_only' retrieved from /home/ec2-user/environment/lab4_model_training/dags/train_model_dag.py
[2026-03-22T22:35:18.224+0000] {logging_mixin.py:190} INFO - [2026-03-22T22:35:18.224+0000] {dag.py:3239} INFO - Sync 1 DAGs
[2026-03-22T22:35:18.234+0000] {logging_mixin.py:190} INFO - [2026-03-22T22:35:18.234+0000] {dag.py:4180} INFO - Setting next_dagrun for train_model_only to None, run_after=None
[2026-03-22T22:35:18.252+0000] {processor.py:208} INFO - Processing /home/ec2-user/environment/lab4_model_training/dags/train_model_dag.py took 1.328 seconds
[2026-03-22T22:35:48.427+0000] {processor.py:186} INFO - Started process (PID=9305) to work on /home/ec2-user/environment/lab4_model_training/dags/train_model_dag.py
[2026-03-22T22:35:48.428+0000] {processor.py:914} INFO - Processing file /home/ec2-user/environment/lab4_model_training/dags/train_model_dag.py for tasks to queue
[2026-03-22T22:35:48.430+0000] {logging_mixin.py:190} INFO - [2026-03-22T22:35:48.429+0000] {dagbag.py:588} INFO - Filling up the DagBag from /home/ec2-user/environment/lab4_model_training/dags/train_model_dag.py
[2026-03-22T22:35:49.702+0000] {processor.py:925} INFO - DAG(s) 'train_model_only' retrieved from /home/ec2-user/environment/lab4_model_training/dags/train_model_dag.py
[2026-03-22T22:35:49.715+0000] {logging_mixin.py:190} INFO - [2026-03-22T22:35:49.715+0000] {dag.py:3239} INFO - Sync 1 DAGs
[2026-03-22T22:35:49.724+0000] {logging_mixin.py:190} INFO - [2026-03-22T22:35:49.724+0000] {dag.py:4180} INFO - Setting next_dagrun for train_model_only to None, run_after=None
[2026-03-22T22:35:49.743+0000] {processor.py:208} INFO - Processing /home/ec2-user/environment/lab4_model_training/dags/train_model_dag.py took 1.321 seconds
[2026-03-22T22:36:20.475+0000] {processor.py:186} INFO - Started process (PID=9386) to work on /home/ec2-user/environment/lab4_model_training/dags/train_model_dag.py
[2026-03-22T22:36:20.475+0000] {processor.py:914} INFO - Processing file /home/ec2-user/environment/lab4_model_training/dags/train_model_dag.py for tasks to queue
[2026-03-22T22:36:20.477+0000] {logging_mixin.py:190} INFO - [2026-03-22T22:36:20.476+0000] {dagbag.py:588} INFO - Filling up the DagBag from /home/ec2-user/environment/lab4_model_training/dags/train_model_dag.py
[2026-03-22T22:36:21.943+0000] {processor.py:925} INFO - DAG(s) 'train_model_only' retrieved from /home/ec2-user/environment/lab4_model_training/dags/train_model_dag.py
[2026-03-22T22:36:21.963+0000] {logging_mixin.py:190} INFO - [2026-03-22T22:36:21.962+0000] {dag.py:3239} INFO - Sync 1 DAGs
[2026-03-22T22:36:21.977+0000] {logging_mixin.py:190} INFO - [2026-03-22T22:36:21.976+0000] {dag.py:4180} INFO - Setting next_dagrun for train_model_only to None, run_after=None
[2026-03-22T22:36:22.006+0000] {processor.py:208} INFO - Processing /home/ec2-user/environment/lab4_model_training/dags/train_model_dag.py took 1.538 seconds
[2026-03-22T22:36:52.142+0000] {processor.py:186} INFO - Started process (PID=9504) to work on /home/ec2-user/environment/lab4_model_training/dags/train_model_dag.py
[2026-03-22T22:36:52.144+0000] {processor.py:914} INFO - Processing file /home/ec2-user/environment/lab4_model_training/dags/train_model_dag.py for tasks to queue
[2026-03-22T22:36:52.146+0000] {logging_mixin.py:190} INFO - [2026-03-22T22:36:52.145+0000] {dagbag.py:588} INFO - Filling up the DagBag from /home/ec2-user/environment/lab4_model_training/dags/train_model_dag.py
[2026-03-22T22:36:53.445+0000] {processor.py:925} INFO - DAG(s) 'train_model_only' retrieved from /home/ec2-user/environment/lab4_model_training/dags/train_model_dag.py
[2026-03-22T22:36:53.459+0000] {logging_mixin.py:190} INFO - [2026-03-22T22:36:53.458+0000] {dag.py:3239} INFO - Sync 1 DAGs
[2026-03-22T22:36:53.469+0000] {logging_mixin.py:190} INFO - [2026-03-22T22:36:53.469+0000] {dag.py:4180} INFO - Setting next_dagrun for train_model_only to None, run_after=None
[2026-03-22T22:36:53.486+0000] {processor.py:208} INFO - Processing /home/ec2-user/environment/lab4_model_training/dags/train_model_dag.py took 1.349 seconds
[2026-03-22T22:37:23.959+0000] {processor.py:186} INFO - Started process (PID=9545) to work on /home/ec2-user/environment/lab4_model_training/dags/train_model_dag.py
[2026-03-22T22:37:23.961+0000] {processor.py:914} INFO - Processing file /home/ec2-user/environment/lab4_model_training/dags/train_model_dag.py for tasks to queue
[2026-03-22T22:37:23.962+0000] {logging_mixin.py:190} INFO - [2026-03-22T22:37:23.961+0000] {dagbag.py:588} INFO - Filling up the DagBag from /home/ec2-user/environment/lab4_model_training/dags/train_model_dag.py
[2026-03-22T22:37:25.249+0000] {processor.py:925} INFO - DAG(s) 'train_model_only' retrieved from /home/ec2-user/environment/lab4_model_training/dags/train_model_dag.py
[2026-03-22T22:37:25.264+0000] {logging_mixin.py:190} INFO - [2026-03-22T22:37:25.263+0000] {dag.py:3239} INFO - Sync 1 DAGs
[2026-03-22T22:37:25.273+0000] {logging_mixin.py:190} INFO - [2026-03-22T22:37:25.273+0000] {dag.py:4180} INFO - Setting next_dagrun for train_model_only to None, run_after=None
[2026-03-22T22:37:25.290+0000] {processor.py:208} INFO - Processing /home/ec2-user/environment/lab4_model_training/dags/train_model_dag.py took 1.335 seconds
[2026-03-22T22:37:55.571+0000] {processor.py:186} INFO - Started process (PID=9572) to work on /home/ec2-user/environment/lab4_model_training/dags/train_model_dag.py
[2026-03-22T22:37:55.572+0000] {processor.py:914} INFO - Processing file /home/ec2-user/environment/lab4_model_training/dags/train_model_dag.py for tasks to queue
[2026-03-22T22:37:55.574+0000] {logging_mixin.py:190} INFO - [2026-03-22T22:37:55.573+0000] {dagbag.py:588} INFO - Filling up the DagBag from /home/ec2-user/environment/lab4_model_training/dags/train_model_dag.py
[2026-03-22T22:37:57.394+0000] {processor.py:925} INFO - DAG(s) 'train_model_only' retrieved from /home/ec2-user/environment/lab4_model_training/dags/train_model_dag.py
[2026-03-22T22:37:57.414+0000] {logging_mixin.py:190} INFO - [2026-03-22T22:37:57.414+0000] {dag.py:3239} INFO - Sync 1 DAGs
[2026-03-22T22:37:57.429+0000] {logging_mixin.py:190} INFO - [2026-03-22T22:37:57.429+0000] {dag.py:4180} INFO - Setting next_dagrun for train_model_only to None, run_after=None
[2026-03-22T22:37:57.452+0000] {processor.py:208} INFO - Processing /home/ec2-user/environment/lab4_model_training/dags/train_model_dag.py took 1.885 seconds
[2026-03-22T22:38:27.744+0000] {processor.py:186} INFO - Started process (PID=9668) to work on /home/ec2-user/environment/lab4_model_training/dags/train_model_dag.py
[2026-03-22T22:38:27.745+0000] {processor.py:914} INFO - Processing file /home/ec2-user/environment/lab4_model_training/dags/train_model_dag.py for tasks to queue
[2026-03-22T22:38:27.747+0000] {logging_mixin.py:190} INFO - [2026-03-22T22:38:27.746+0000] {dagbag.py:588} INFO - Filling up the DagBag from /home/ec2-user/environment/lab4_model_training/dags/train_model_dag.py
[2026-03-22T22:38:29.011+0000] {processor.py:925} INFO - DAG(s) 'train_model_only' retrieved from /home/ec2-user/environment/lab4_model_training/dags/train_model_dag.py
[2026-03-22T22:38:29.026+0000] {logging_mixin.py:190} INFO - [2026-03-22T22:38:29.025+0000] {dag.py:3239} INFO - Sync 1 DAGs
[2026-03-22T22:38:29.039+0000] {logging_mixin.py:190} INFO - [2026-03-22T22:38:29.039+0000] {dag.py:4180} INFO - Setting next_dagrun for train_model_only to None, run_after=None
[2026-03-22T22:38:29.056+0000] {processor.py:208} INFO - Processing /home/ec2-user/environment/lab4_model_training/dags/train_model_dag.py took 1.317 seconds
[2026-03-22T22:38:59.375+0000] {processor.py:186} INFO - Started process (PID=9702) to work on /home/ec2-user/environment/lab4_model_training/dags/train_model_dag.py
[2026-03-22T22:38:59.376+0000] {processor.py:914} INFO - Processing file /home/ec2-user/environment/lab4_model_training/dags/train_model_dag.py for tasks to queue
[2026-03-22T22:38:59.377+0000] {logging_mixin.py:190} INFO - [2026-03-22T22:38:59.377+0000] {dagbag.py:588} INFO - Filling up the DagBag from /home/ec2-user/environment/lab4_model_training/dags/train_model_dag.py
[2026-03-22T22:39:00.673+0000] {processor.py:925} INFO - DAG(s) 'train_model_only' retrieved from /home/ec2-user/environment/lab4_model_training/dags/train_model_dag.py
[2026-03-22T22:39:00.688+0000] {logging_mixin.py:190} INFO - [2026-03-22T22:39:00.687+0000] {dag.py:3239} INFO - Sync 1 DAGs
[2026-03-22T22:39:00.697+0000] {logging_mixin.py:190} INFO - [2026-03-22T22:39:00.697+0000] {dag.py:4180} INFO - Setting next_dagrun for train_model_only to None, run_after=None
[2026-03-22T22:39:00.714+0000] {processor.py:208} INFO - Processing /home/ec2-user/environment/lab4_model_training/dags/train_model_dag.py took 1.345 seconds
[2026-03-22T22:39:31.006+0000] {processor.py:186} INFO - Started process (PID=9749) to work on /home/ec2-user/environment/lab4_model_training/dags/train_model_dag.py
[2026-03-22T22:39:31.007+0000] {processor.py:914} INFO - Processing file /home/ec2-user/environment/lab4_model_training/dags/train_model_dag.py for tasks to queue
[2026-03-22T22:39:31.008+0000] {logging_mixin.py:190} INFO - [2026-03-22T22:39:31.008+0000] {dagbag.py:588} INFO - Filling up the DagBag from /home/ec2-user/environment/lab4_model_training/dags/train_model_dag.py
[2026-03-22T22:39:32.285+0000] {processor.py:925} INFO - DAG(s) 'train_model_only' retrieved from /home/ec2-user/environment/lab4_model_training/dags/train_model_dag.py
[2026-03-22T22:39:32.299+0000] {logging_mixin.py:190} INFO - [2026-03-22T22:39:32.298+0000] {dag.py:3239} INFO - Sync 1 DAGs
[2026-03-22T22:39:32.308+0000] {logging_mixin.py:190} INFO - [2026-03-22T22:39:32.308+0000] {dag.py:4180} INFO - Setting next_dagrun for train_model_only to None, run_after=None
[2026-03-22T22:39:32.325+0000] {processor.py:208} INFO - Processing /home/ec2-user/environment/lab4_model_training/dags/train_model_dag.py took 1.323 seconds
[2026-03-22T22:40:02.632+0000] {processor.py:186} INFO - Started process (PID=9842) to work on /home/ec2-user/environment/lab4_model_training/dags/train_model_dag.py
[2026-03-22T22:40:02.633+0000] {processor.py:914} INFO - Processing file /home/ec2-user/environment/lab4_model_training/dags/train_model_dag.py for tasks to queue
[2026-03-22T22:40:02.634+0000] {logging_mixin.py:190} INFO - [2026-03-22T22:40:02.634+0000] {dagbag.py:588} INFO - Filling up the DagBag from /home/ec2-user/environment/lab4_model_training/dags/train_model_dag.py
[2026-03-22T22:40:03.938+0000] {processor.py:925} INFO - DAG(s) 'train_model_only' retrieved from /home/ec2-user/environment/lab4_model_training/dags/train_model_dag.py
[2026-03-22T22:40:03.951+0000] {logging_mixin.py:190} INFO - [2026-03-22T22:40:03.951+0000] {dag.py:3239} INFO - Sync 1 DAGs
[2026-03-22T22:40:03.960+0000] {logging_mixin.py:190} INFO - [2026-03-22T22:40:03.960+0000] {dag.py:4180} INFO - Setting next_dagrun for train_model_only to None, run_after=None
[2026-03-22T22:40:03.977+0000] {processor.py:208} INFO - Processing /home/ec2-user/environment/lab4_model_training/dags/train_model_dag.py took 1.350 seconds
[2026-03-22T22:40:34.648+0000] {processor.py:186} INFO - Started process (PID=9868) to work on /home/ec2-user/environment/lab4_model_training/dags/train_model_dag.py
[2026-03-22T22:40:34.649+0000] {processor.py:914} INFO - Processing file /home/ec2-user/environment/lab4_model_training/dags/train_model_dag.py for tasks to queue
[2026-03-22T22:40:34.650+0000] {logging_mixin.py:190} INFO - [2026-03-22T22:40:34.650+0000] {dagbag.py:588} INFO - Filling up the DagBag from /home/ec2-user/environment/lab4_model_training/dags/train_model_dag.py
[2026-03-22T22:40:35.928+0000] {processor.py:925} INFO - DAG(s) 'train_model_only' retrieved from /home/ec2-user/environment/lab4_model_training/dags/train_model_dag.py
[2026-03-22T22:40:35.941+0000] {logging_mixin.py:190} INFO - [2026-03-22T22:40:35.941+0000] {dag.py:3239} INFO - Sync 1 DAGs
[2026-03-22T22:40:35.950+0000] {logging_mixin.py:190} INFO - [2026-03-22T22:40:35.950+0000] {dag.py:4180} INFO - Setting next_dagrun for train_model_only to None, run_after=None
[2026-03-22T22:40:35.967+0000] {processor.py:208} INFO - Processing /home/ec2-user/environment/lab4_model_training/dags/train_model_dag.py took 1.324 seconds
[2026-03-22T22:41:06.275+0000] {processor.py:186} INFO - Started process (PID=9907) to work on /home/ec2-user/environment/lab4_model_training/dags/train_model_dag.py
[2026-03-22T22:41:06.276+0000] {processor.py:914} INFO - Processing file /home/ec2-user/environment/lab4_model_training/dags/train_model_dag.py for tasks to queue
[2026-03-22T22:41:06.277+0000] {logging_mixin.py:190} INFO - [2026-03-22T22:41:06.277+0000] {dagbag.py:588} INFO - Filling up the DagBag from /home/ec2-user/environment/lab4_model_training/dags/train_model_dag.py
[2026-03-22T22:41:07.544+0000] {processor.py:925} INFO - DAG(s) 'train_model_only' retrieved from /home/ec2-user/environment/lab4_model_training/dags/train_model_dag.py
[2026-03-22T22:41:07.558+0000] {logging_mixin.py:190} INFO - [2026-03-22T22:41:07.557+0000] {dag.py:3239} INFO - Sync 1 DAGs
[2026-03-22T22:41:07.567+0000] {logging_mixin.py:190} INFO - [2026-03-22T22:41:07.567+0000] {dag.py:4180} INFO - Setting next_dagrun for train_model_only to None, run_after=None
[2026-03-22T22:41:07.585+0000] {processor.py:208} INFO - Processing /home/ec2-user/environment/lab4_model_training/dags/train_model_dag.py took 1.314 seconds
[2026-03-22T22:41:37.901+0000] {processor.py:186} INFO - Started process (PID=9933) to work on /home/ec2-user/environment/lab4_model_training/dags/train_model_dag.py
[2026-03-22T22:41:37.902+0000] {processor.py:914} INFO - Processing file /home/ec2-user/environment/lab4_model_training/dags/train_model_dag.py for tasks to queue
[2026-03-22T22:41:37.904+0000] {logging_mixin.py:190} INFO - [2026-03-22T22:41:37.903+0000] {dagbag.py:588} INFO - Filling up the DagBag from /home/ec2-user/environment/lab4_model_training/dags/train_model_dag.py
[2026-03-22T22:41:39.184+0000] {processor.py:925} INFO - DAG(s) 'train_model_only' retrieved from /home/ec2-user/environment/lab4_model_training/dags/train_model_dag.py
[2026-03-22T22:41:39.197+0000] {logging_mixin.py:190} INFO - [2026-03-22T22:41:39.197+0000] {dag.py:3239} INFO - Sync 1 DAGs
[2026-03-22T22:41:39.206+0000] {logging_mixin.py:190} INFO - [2026-03-22T22:41:39.206+0000] {dag.py:4180} INFO - Setting next_dagrun for train_model_only to None, run_after=None
[2026-03-22T22:41:39.225+0000] {processor.py:208} INFO - Processing /home/ec2-user/environment/lab4_model_training/dags/train_model_dag.py took 1.329 seconds
[2026-03-22T22:42:09.576+0000] {processor.py:186} INFO - Started process (PID=10047) to work on /home/ec2-user/environment/lab4_model_training/dags/train_model_dag.py
[2026-03-22T22:42:09.578+0000] {processor.py:914} INFO - Processing file /home/ec2-user/environment/lab4_model_training/dags/train_model_dag.py for tasks to queue
[2026-03-22T22:42:09.582+0000] {logging_mixin.py:190} INFO - [2026-03-22T22:42:09.579+0000] {dagbag.py:588} INFO - Filling up the DagBag from /home/ec2-user/environment/lab4_model_training/dags/train_model_dag.py
[2026-03-22T22:42:11.259+0000] {processor.py:925} INFO - DAG(s) 'train_model_only' retrieved from /home/ec2-user/environment/lab4_model_training/dags/train_model_dag.py
[2026-03-22T22:42:11.272+0000] {logging_mixin.py:190} INFO - [2026-03-22T22:42:11.272+0000] {dag.py:3239} INFO - Sync 1 DAGs
[2026-03-22T22:42:11.283+0000] {logging_mixin.py:190} INFO - [2026-03-22T22:42:11.282+0000] {dag.py:4180} INFO - Setting next_dagrun for train_model_only to None, run_after=None
[2026-03-22T22:42:11.300+0000] {processor.py:208} INFO - Processing /home/ec2-user/environment/lab4_model_training/dags/train_model_dag.py took 1.730 seconds
[2026-03-22T22:42:41.601+0000] {processor.py:186} INFO - Started process (PID=10077) to work on /home/ec2-user/environment/lab4_model_training/dags/train_model_dag.py
[2026-03-22T22:42:41.602+0000] {processor.py:914} INFO - Processing file /home/ec2-user/environment/lab4_model_training/dags/train_model_dag.py for tasks to queue
[2026-03-22T22:42:41.603+0000] {logging_mixin.py:190} INFO - [2026-03-22T22:42:41.603+0000] {dagbag.py:588} INFO - Filling up the DagBag from /home/ec2-user/environment/lab4_model_training/dags/train_model_dag.py
[2026-03-22T22:42:42.943+0000] {processor.py:925} INFO - DAG(s) 'train_model_only' retrieved from /home/ec2-user/environment/lab4_model_training/dags/train_model_dag.py
[2026-03-22T22:42:42.957+0000] {logging_mixin.py:190} INFO - [2026-03-22T22:42:42.957+0000] {dag.py:3239} INFO - Sync 1 DAGs
[2026-03-22T22:42:42.967+0000] {logging_mixin.py:190} INFO - [2026-03-22T22:42:42.967+0000] {dag.py:4180} INFO - Setting next_dagrun for train_model_only to None, run_after=None
[2026-03-22T22:42:42.984+0000] {processor.py:208} INFO - Processing /home/ec2-user/environment/lab4_model_training/dags/train_model_dag.py took 1.388 seconds
[2026-03-22T22:43:13.238+0000] {processor.py:186} INFO - Started process (PID=10123) to work on /home/ec2-user/environment/lab4_model_training/dags/train_model_dag.py
[2026-03-22T22:43:13.239+0000] {processor.py:914} INFO - Processing file /home/ec2-user/environment/lab4_model_training/dags/train_model_dag.py for tasks to queue
[2026-03-22T22:43:13.240+0000] {logging_mixin.py:190} INFO - [2026-03-22T22:43:13.240+0000] {dagbag.py:588} INFO - Filling up the DagBag from /home/ec2-user/environment/lab4_model_training/dags/train_model_dag.py
[2026-03-22T22:43:14.518+0000] {processor.py:925} INFO - DAG(s) 'train_model_only' retrieved from /home/ec2-user/environment/lab4_model_training/dags/train_model_dag.py
[2026-03-22T22:43:14.532+0000] {logging_mixin.py:190} INFO - [2026-03-22T22:43:14.532+0000] {dag.py:3239} INFO - Sync 1 DAGs
[2026-03-22T22:43:14.542+0000] {logging_mixin.py:190} INFO - [2026-03-22T22:43:14.541+0000] {dag.py:4180} INFO - Setting next_dagrun for train_model_only to None, run_after=None
[2026-03-22T22:43:14.559+0000] {processor.py:208} INFO - Processing /home/ec2-user/environment/lab4_model_training/dags/train_model_dag.py took 1.326 seconds
[2026-03-22T22:43:44.863+0000] {processor.py:186} INFO - Started process (PID=10150) to work on /home/ec2-user/environment/lab4_model_training/dags/train_model_dag.py
[2026-03-22T22:43:44.864+0000] {processor.py:914} INFO - Processing file /home/ec2-user/environment/lab4_model_training/dags/train_model_dag.py for tasks to queue
[2026-03-22T22:43:44.866+0000] {logging_mixin.py:190} INFO - [2026-03-22T22:43:44.865+0000] {dagbag.py:588} INFO - Filling up the DagBag from /home/ec2-user/environment/lab4_model_training/dags/train_model_dag.py
[2026-03-22T22:43:46.143+0000] {processor.py:925} INFO - DAG(s) 'train_model_only' retrieved from /home/ec2-user/environment/lab4_model_training/dags/train_model_dag.py
[2026-03-22T22:43:46.157+0000] {logging_mixin.py:190} INFO - [2026-03-22T22:43:46.157+0000] {dag.py:3239} INFO - Sync 1 DAGs
[2026-03-22T22:43:46.167+0000] {logging_mixin.py:190} INFO - [2026-03-22T22:43:46.167+0000] {dag.py:4180} INFO - Setting next_dagrun for train_model_only to None, run_after=None
[2026-03-22T22:43:46.184+0000] {processor.py:208} INFO - Processing /home/ec2-user/environment/lab4_model_training/dags/train_model_dag.py took 1.326 seconds
[2026-03-22T22:44:16.497+0000] {processor.py:186} INFO - Started process (PID=10263) to work on /home/ec2-user/environment/lab4_model_training/dags/train_model_dag.py
[2026-03-22T22:44:16.498+0000] {processor.py:914} INFO - Processing file /home/ec2-user/environment/lab4_model_training/dags/train_model_dag.py for tasks to queue
[2026-03-22T22:44:16.500+0000] {logging_mixin.py:190} INFO - [2026-03-22T22:44:16.499+0000] {dagbag.py:588} INFO - Filling up the DagBag from /home/ec2-user/environment/lab4_model_training/dags/train_model_dag.py
[2026-03-22T22:44:17.767+0000] {processor.py:925} INFO - DAG(s) 'train_model_only' retrieved from /home/ec2-user/environment/lab4_model_training/dags/train_model_dag.py
[2026-03-22T22:44:17.781+0000] {logging_mixin.py:190} INFO - [2026-03-22T22:44:17.781+0000] {dag.py:3239} INFO - Sync 1 DAGs
[2026-03-22T22:44:17.790+0000] {logging_mixin.py:190} INFO - [2026-03-22T22:44:17.790+0000] {dag.py:4180} INFO - Setting next_dagrun for train_model_only to None, run_after=None
[2026-03-22T22:44:17.807+0000] {processor.py:208} INFO - Processing /home/ec2-user/environment/lab4_model_training/dags/train_model_dag.py took 1.316 seconds
[2026-03-22T22:44:48.138+0000] {processor.py:186} INFO - Started process (PID=10291) to work on /home/ec2-user/environment/lab4_model_training/dags/train_model_dag.py
[2026-03-22T22:44:48.139+0000] {processor.py:914} INFO - Processing file /home/ec2-user/environment/lab4_model_training/dags/train_model_dag.py for tasks to queue
[2026-03-22T22:44:48.141+0000] {logging_mixin.py:190} INFO - [2026-03-22T22:44:48.140+0000] {dagbag.py:588} INFO - Filling up the DagBag from /home/ec2-user/environment/lab4_model_training/dags/train_model_dag.py
[2026-03-22T22:44:49.408+0000] {processor.py:925} INFO - DAG(s) 'train_model_only' retrieved from /home/ec2-user/environment/lab4_model_training/dags/train_model_dag.py
[2026-03-22T22:44:49.421+0000] {logging_mixin.py:190} INFO - [2026-03-22T22:44:49.421+0000] {dag.py:3239} INFO - Sync 1 DAGs
[2026-03-22T22:44:49.430+0000] {logging_mixin.py:190} INFO - [2026-03-22T22:44:49.430+0000] {dag.py:4180} INFO - Setting next_dagrun for train_model_only to None, run_after=None
[2026-03-22T22:44:49.448+0000] {processor.py:208} INFO - Processing /home/ec2-user/environment/lab4_model_training/dags/train_model_dag.py took 1.314 seconds
[2026-03-22T22:45:19.768+0000] {processor.py:186} INFO - Started process (PID=10329) to work on /home/ec2-user/environment/lab4_model_training/dags/train_model_dag.py
[2026-03-22T22:45:19.768+0000] {processor.py:914} INFO - Processing file /home/ec2-user/environment/lab4_model_training/dags/train_model_dag.py for tasks to queue
[2026-03-22T22:45:19.770+0000] {logging_mixin.py:190} INFO - [2026-03-22T22:45:19.769+0000] {dagbag.py:588} INFO - Filling up the DagBag from /home/ec2-user/environment/lab4_model_training/dags/train_model_dag.py
[2026-03-22T22:45:21.068+0000] {processor.py:925} INFO - DAG(s) 'train_model_only' retrieved from /home/ec2-user/environment/lab4_model_training/dags/train_model_dag.py
[2026-03-22T22:45:21.081+0000] {logging_mixin.py:190} INFO - [2026-03-22T22:45:21.081+0000] {dag.py:3239} INFO - Sync 1 DAGs
[2026-03-22T22:45:21.090+0000] {logging_mixin.py:190} INFO - [2026-03-22T22:45:21.090+0000] {dag.py:4180} INFO - Setting next_dagrun for train_model_only to None, run_after=None
[2026-03-22T22:45:21.108+0000] {processor.py:208} INFO - Processing /home/ec2-user/environment/lab4_model_training/dags/train_model_dag.py took 1.345 seconds
[2026-03-22T22:45:51.393+0000] {processor.py:186} INFO - Started process (PID=10359) to work on /home/ec2-user/environment/lab4_model_training/dags/train_model_dag.py
[2026-03-22T22:45:51.394+0000] {processor.py:914} INFO - Processing file /home/ec2-user/environment/lab4_model_training/dags/train_model_dag.py for tasks to queue
[2026-03-22T22:45:51.396+0000] {logging_mixin.py:190} INFO - [2026-03-22T22:45:51.395+0000] {dagbag.py:588} INFO - Filling up the DagBag from /home/ec2-user/environment/lab4_model_training/dags/train_model_dag.py
[2026-03-22T22:45:52.672+0000] {processor.py:925} INFO - DAG(s) 'train_model_only' retrieved from /home/ec2-user/environment/lab4_model_training/dags/train_model_dag.py
[2026-03-22T22:45:52.685+0000] {logging_mixin.py:190} INFO - [2026-03-22T22:45:52.685+0000] {dag.py:3239} INFO - Sync 1 DAGs
[2026-03-22T22:45:52.694+0000] {logging_mixin.py:190} INFO - [2026-03-22T22:45:52.694+0000] {dag.py:4180} INFO - Setting next_dagrun for train_model_only to None, run_after=None
[2026-03-22T22:45:52.711+0000] {processor.py:208} INFO - Processing /home/ec2-user/environment/lab4_model_training/dags/train_model_dag.py took 1.323 seconds
[2026-03-22T22:46:23.020+0000] {processor.py:186} INFO - Started process (PID=10455) to work on /home/ec2-user/environment/lab4_model_training/dags/train_model_dag.py
[2026-03-22T22:46:23.020+0000] {processor.py:914} INFO - Processing file /home/ec2-user/environment/lab4_model_training/dags/train_model_dag.py for tasks to queue
[2026-03-22T22:46:23.022+0000] {logging_mixin.py:190} INFO - [2026-03-22T22:46:23.021+0000] {dagbag.py:588} INFO - Filling up the DagBag from /home/ec2-user/environment/lab4_model_training/dags/train_model_dag.py
[2026-03-22T22:46:25.001+0000] {processor.py:925} INFO - DAG(s) 'train_model_only' retrieved from /home/ec2-user/environment/lab4_model_training/dags/train_model_dag.py
[2026-03-22T22:46:25.014+0000] {logging_mixin.py:190} INFO - [2026-03-22T22:46:25.014+0000] {dag.py:3239} INFO - Sync 1 DAGs
[2026-03-22T22:46:25.023+0000] {logging_mixin.py:190} INFO - [2026-03-22T22:46:25.023+0000] {dag.py:4180} INFO - Setting next_dagrun for train_model_only to None, run_after=None
[2026-03-22T22:46:25.042+0000] {processor.py:208} INFO - Processing /home/ec2-user/environment/lab4_model_training/dags/train_model_dag.py took 2.027 seconds
[2026-03-22T22:46:42.320+0000] {processor.py:186} INFO - Started process (PID=10479) to work on /home/ec2-user/environment/lab4_model_training/dags/train_model_dag.py
[2026-03-22T22:46:42.321+0000] {processor.py:914} INFO - Processing file /home/ec2-user/environment/lab4_model_training/dags/train_model_dag.py for tasks to queue
[2026-03-22T22:46:42.322+0000] {logging_mixin.py:190} INFO - [2026-03-22T22:46:42.322+0000] {dagbag.py:588} INFO - Filling up the DagBag from /home/ec2-user/environment/lab4_model_training/dags/train_model_dag.py
[2026-03-22T22:46:43.670+0000] {logging_mixin.py:190} INFO - [ml_pipeline.model] Model accuracy: 0.9561
[2026-03-22T22:46:43.678+0000] {logging_mixin.py:190} INFO - [2026-03-22T22:46:43.672+0000] {dagbag.py:387} ERROR - Failed to import: /home/ec2-user/environment/lab4_model_training/dags/train_model_dag.py
Traceback (most recent call last):
  File "/home/ec2-user/environment/lab4_model_training/venv/lib64/python3.12/site-packages/airflow/models/dagbag.py", line 383, in parse
    loader.exec_module(new_module)
  File "<frozen importlib._bootstrap_external>", line 999, in exec_module
  File "<frozen importlib._bootstrap>", line 488, in _call_with_frames_removed
  File "/home/ec2-user/environment/lab4_model_training/dags/train_model_dag.py", line 33, in <module>
    train_task = PythonOperator(
                 ^^^^^^^^^^^^^^^
  File "/home/ec2-user/environment/lab4_model_training/venv/lib64/python3.12/site-packages/airflow/models/baseoperator.py", line 490, in apply_defaults
    result = func(self, **kwargs, default_args=default_args)
             ^^^^^^^^^^^^^^^^^^^^^^^^^^^^^^^^^^^^^^^^^^^^^^^
  File "/home/ec2-user/environment/lab4_model_training/venv/lib64/python3.12/site-packages/airflow/operators/python.py", line 224, in __init__
    raise AirflowException("`python_callable` param must be callable")
airflow.exceptions.AirflowException: `python_callable` param must be callable
[2026-03-22T22:46:43.686+0000] {logging_mixin.py:190} WARNING - /home/ec2-user/environment/lab4_model_training/venv/lib64/python3.12/site-packages/sklearn/linear_model/_logistic.py:469 ConvergenceWarning: lbfgs failed to converge (status=1):
STOP: TOTAL NO. OF ITERATIONS REACHED LIMIT.

Increase the number of iterations (max_iter) or scale the data as shown in:
    https://scikit-learn.org/stable/modules/preprocessing.html
Please also refer to the documentation for alternative solver options:
    https://scikit-learn.org/stable/modules/linear_model.html#logistic-regression
[2026-03-22T22:46:43.687+0000] {processor.py:927} WARNING - No viable dags retrieved from /home/ec2-user/environment/lab4_model_training/dags/train_model_dag.py
[2026-03-22T22:46:43.703+0000] {processor.py:208} INFO - Processing /home/ec2-user/environment/lab4_model_training/dags/train_model_dag.py took 1.389 seconds
[2026-03-22T22:47:14.515+0000] {processor.py:186} INFO - Started process (PID=10530) to work on /home/ec2-user/environment/lab4_model_training/dags/train_model_dag.py
[2026-03-22T22:47:14.516+0000] {processor.py:914} INFO - Processing file /home/ec2-user/environment/lab4_model_training/dags/train_model_dag.py for tasks to queue
[2026-03-22T22:47:14.518+0000] {logging_mixin.py:190} INFO - [2026-03-22T22:47:14.517+0000] {dagbag.py:588} INFO - Filling up the DagBag from /home/ec2-user/environment/lab4_model_training/dags/train_model_dag.py
[2026-03-22T22:47:15.847+0000] {logging_mixin.py:190} INFO - [ml_pipeline.model] Model accuracy: 0.9561
[2026-03-22T22:47:15.851+0000] {logging_mixin.py:190} INFO - [2026-03-22T22:47:15.849+0000] {dagbag.py:387} ERROR - Failed to import: /home/ec2-user/environment/lab4_model_training/dags/train_model_dag.py
Traceback (most recent call last):
  File "/home/ec2-user/environment/lab4_model_training/venv/lib64/python3.12/site-packages/airflow/models/dagbag.py", line 383, in parse
    loader.exec_module(new_module)
  File "<frozen importlib._bootstrap_external>", line 999, in exec_module
  File "<frozen importlib._bootstrap>", line 488, in _call_with_frames_removed
  File "/home/ec2-user/environment/lab4_model_training/dags/train_model_dag.py", line 33, in <module>
    train_task = PythonOperator(
                 ^^^^^^^^^^^^^^^
  File "/home/ec2-user/environment/lab4_model_training/venv/lib64/python3.12/site-packages/airflow/models/baseoperator.py", line 490, in apply_defaults
    result = func(self, **kwargs, default_args=default_args)
             ^^^^^^^^^^^^^^^^^^^^^^^^^^^^^^^^^^^^^^^^^^^^^^^
  File "/home/ec2-user/environment/lab4_model_training/venv/lib64/python3.12/site-packages/airflow/operators/python.py", line 224, in __init__
    raise AirflowException("`python_callable` param must be callable")
airflow.exceptions.AirflowException: `python_callable` param must be callable
[2026-03-22T22:47:15.859+0000] {logging_mixin.py:190} WARNING - /home/ec2-user/environment/lab4_model_training/venv/lib64/python3.12/site-packages/sklearn/linear_model/_logistic.py:469 ConvergenceWarning: lbfgs failed to converge (status=1):
STOP: TOTAL NO. OF ITERATIONS REACHED LIMIT.

Increase the number of iterations (max_iter) or scale the data as shown in:
    https://scikit-learn.org/stable/modules/preprocessing.html
Please also refer to the documentation for alternative solver options:
    https://scikit-learn.org/stable/modules/linear_model.html#logistic-regression
[2026-03-22T22:47:15.860+0000] {processor.py:927} WARNING - No viable dags retrieved from /home/ec2-user/environment/lab4_model_training/dags/train_model_dag.py
[2026-03-22T22:47:15.884+0000] {processor.py:208} INFO - Processing /home/ec2-user/environment/lab4_model_training/dags/train_model_dag.py took 1.374 seconds
[2026-03-22T22:47:20.881+0000] {processor.py:186} INFO - Started process (PID=10540) to work on /home/ec2-user/environment/lab4_model_training/dags/train_model_dag.py
[2026-03-22T22:47:20.882+0000] {processor.py:914} INFO - Processing file /home/ec2-user/environment/lab4_model_training/dags/train_model_dag.py for tasks to queue
[2026-03-22T22:47:20.883+0000] {logging_mixin.py:190} INFO - [2026-03-22T22:47:20.883+0000] {dagbag.py:588} INFO - Filling up the DagBag from /home/ec2-user/environment/lab4_model_training/dags/train_model_dag.py
[2026-03-22T22:47:22.417+0000] {logging_mixin.py:190} INFO - [ml_pipeline.model] Model accuracy: 0.9561
[2026-03-22T22:47:22.420+0000] {logging_mixin.py:190} INFO - [2026-03-22T22:47:22.418+0000] {dagbag.py:387} ERROR - Failed to import: /home/ec2-user/environment/lab4_model_training/dags/train_model_dag.py
Traceback (most recent call last):
  File "/home/ec2-user/environment/lab4_model_training/venv/lib64/python3.12/site-packages/airflow/models/dagbag.py", line 383, in parse
    loader.exec_module(new_module)
  File "<frozen importlib._bootstrap_external>", line 999, in exec_module
  File "<frozen importlib._bootstrap>", line 488, in _call_with_frames_removed
  File "/home/ec2-user/environment/lab4_model_training/dags/train_model_dag.py", line 35, in <module>
    train_task = PythonOperator(
                 ^^^^^^^^^^^^^^^
  File "/home/ec2-user/environment/lab4_model_training/venv/lib64/python3.12/site-packages/airflow/models/baseoperator.py", line 490, in apply_defaults
    result = func(self, **kwargs, default_args=default_args)
             ^^^^^^^^^^^^^^^^^^^^^^^^^^^^^^^^^^^^^^^^^^^^^^^
  File "/home/ec2-user/environment/lab4_model_training/venv/lib64/python3.12/site-packages/airflow/operators/python.py", line 224, in __init__
    raise AirflowException("`python_callable` param must be callable")
airflow.exceptions.AirflowException: `python_callable` param must be callable
[2026-03-22T22:47:22.426+0000] {logging_mixin.py:190} WARNING - /home/ec2-user/environment/lab4_model_training/venv/lib64/python3.12/site-packages/sklearn/linear_model/_logistic.py:469 ConvergenceWarning: lbfgs failed to converge (status=1):
STOP: TOTAL NO. OF ITERATIONS REACHED LIMIT.

Increase the number of iterations (max_iter) or scale the data as shown in:
    https://scikit-learn.org/stable/modules/preprocessing.html
Please also refer to the documentation for alternative solver options:
    https://scikit-learn.org/stable/modules/linear_model.html#logistic-regression
[2026-03-22T22:47:22.427+0000] {processor.py:927} WARNING - No viable dags retrieved from /home/ec2-user/environment/lab4_model_training/dags/train_model_dag.py
[2026-03-22T22:47:22.444+0000] {processor.py:208} INFO - Processing /home/ec2-user/environment/lab4_model_training/dags/train_model_dag.py took 1.570 seconds
[2026-03-22T22:47:33.590+0000] {processor.py:186} INFO - Started process (PID=10558) to work on /home/ec2-user/environment/lab4_model_training/dags/train_model_dag.py
[2026-03-22T22:47:33.590+0000] {processor.py:914} INFO - Processing file /home/ec2-user/environment/lab4_model_training/dags/train_model_dag.py for tasks to queue
[2026-03-22T22:47:33.592+0000] {logging_mixin.py:190} INFO - [2026-03-22T22:47:33.591+0000] {dagbag.py:588} INFO - Filling up the DagBag from /home/ec2-user/environment/lab4_model_training/dags/train_model_dag.py
[2026-03-22T22:47:34.934+0000] {logging_mixin.py:190} INFO - [ml_pipeline.model] Model accuracy: 0.9561
[2026-03-22T22:47:34.938+0000] {logging_mixin.py:190} INFO - [2026-03-22T22:47:34.936+0000] {dagbag.py:387} ERROR - Failed to import: /home/ec2-user/environment/lab4_model_training/dags/train_model_dag.py
Traceback (most recent call last):
  File "/home/ec2-user/environment/lab4_model_training/venv/lib64/python3.12/site-packages/airflow/models/dagbag.py", line 383, in parse
    loader.exec_module(new_module)
  File "<frozen importlib._bootstrap_external>", line 999, in exec_module
  File "<frozen importlib._bootstrap>", line 488, in _call_with_frames_removed
  File "/home/ec2-user/environment/lab4_model_training/dags/train_model_dag.py", line 35, in <module>
    train_task = PythonOperator(
                 ^^^^^^^^^^^^^^^
  File "/home/ec2-user/environment/lab4_model_training/venv/lib64/python3.12/site-packages/airflow/models/baseoperator.py", line 490, in apply_defaults
    result = func(self, **kwargs, default_args=default_args)
             ^^^^^^^^^^^^^^^^^^^^^^^^^^^^^^^^^^^^^^^^^^^^^^^
  File "/home/ec2-user/environment/lab4_model_training/venv/lib64/python3.12/site-packages/airflow/operators/python.py", line 224, in __init__
    raise AirflowException("`python_callable` param must be callable")
airflow.exceptions.AirflowException: `python_callable` param must be callable
[2026-03-22T22:47:34.946+0000] {logging_mixin.py:190} WARNING - /home/ec2-user/environment/lab4_model_training/venv/lib64/python3.12/site-packages/sklearn/linear_model/_logistic.py:469 ConvergenceWarning: lbfgs failed to converge (status=1):
STOP: TOTAL NO. OF ITERATIONS REACHED LIMIT.

Increase the number of iterations (max_iter) or scale the data as shown in:
    https://scikit-learn.org/stable/modules/preprocessing.html
Please also refer to the documentation for alternative solver options:
    https://scikit-learn.org/stable/modules/linear_model.html#logistic-regression
[2026-03-22T22:47:34.947+0000] {processor.py:927} WARNING - No viable dags retrieved from /home/ec2-user/environment/lab4_model_training/dags/train_model_dag.py
[2026-03-22T22:47:34.962+0000] {processor.py:208} INFO - Processing /home/ec2-user/environment/lab4_model_training/dags/train_model_dag.py took 1.377 seconds
[2026-03-22T22:48:05.120+0000] {processor.py:186} INFO - Started process (PID=10653) to work on /home/ec2-user/environment/lab4_model_training/dags/train_model_dag.py
[2026-03-22T22:48:05.121+0000] {processor.py:914} INFO - Processing file /home/ec2-user/environment/lab4_model_training/dags/train_model_dag.py for tasks to queue
[2026-03-22T22:48:05.123+0000] {logging_mixin.py:190} INFO - [2026-03-22T22:48:05.123+0000] {dagbag.py:588} INFO - Filling up the DagBag from /home/ec2-user/environment/lab4_model_training/dags/train_model_dag.py
[2026-03-22T22:48:06.469+0000] {logging_mixin.py:190} INFO - [ml_pipeline.model] Model accuracy: 0.9561
[2026-03-22T22:48:06.472+0000] {logging_mixin.py:190} INFO - [2026-03-22T22:48:06.469+0000] {dagbag.py:387} ERROR - Failed to import: /home/ec2-user/environment/lab4_model_training/dags/train_model_dag.py
Traceback (most recent call last):
  File "/home/ec2-user/environment/lab4_model_training/venv/lib64/python3.12/site-packages/airflow/models/dagbag.py", line 383, in parse
    loader.exec_module(new_module)
  File "<frozen importlib._bootstrap_external>", line 999, in exec_module
  File "<frozen importlib._bootstrap>", line 488, in _call_with_frames_removed
  File "/home/ec2-user/environment/lab4_model_training/dags/train_model_dag.py", line 35, in <module>
    train_task = PythonOperator(
                 ^^^^^^^^^^^^^^^
  File "/home/ec2-user/environment/lab4_model_training/venv/lib64/python3.12/site-packages/airflow/models/baseoperator.py", line 490, in apply_defaults
    result = func(self, **kwargs, default_args=default_args)
             ^^^^^^^^^^^^^^^^^^^^^^^^^^^^^^^^^^^^^^^^^^^^^^^
  File "/home/ec2-user/environment/lab4_model_training/venv/lib64/python3.12/site-packages/airflow/operators/python.py", line 224, in __init__
    raise AirflowException("`python_callable` param must be callable")
airflow.exceptions.AirflowException: `python_callable` param must be callable
[2026-03-22T22:48:06.478+0000] {logging_mixin.py:190} WARNING - /home/ec2-user/environment/lab4_model_training/venv/lib64/python3.12/site-packages/sklearn/linear_model/_logistic.py:469 ConvergenceWarning: lbfgs failed to converge (status=1):
STOP: TOTAL NO. OF ITERATIONS REACHED LIMIT.

Increase the number of iterations (max_iter) or scale the data as shown in:
    https://scikit-learn.org/stable/modules/preprocessing.html
Please also refer to the documentation for alternative solver options:
    https://scikit-learn.org/stable/modules/linear_model.html#logistic-regression
[2026-03-22T22:48:06.478+0000] {processor.py:927} WARNING - No viable dags retrieved from /home/ec2-user/environment/lab4_model_training/dags/train_model_dag.py
[2026-03-22T22:48:06.494+0000] {processor.py:208} INFO - Processing /home/ec2-user/environment/lab4_model_training/dags/train_model_dag.py took 1.379 seconds
[2026-03-22T22:48:36.989+0000] {processor.py:186} INFO - Started process (PID=10690) to work on /home/ec2-user/environment/lab4_model_training/dags/train_model_dag.py
[2026-03-22T22:48:36.991+0000] {processor.py:914} INFO - Processing file /home/ec2-user/environment/lab4_model_training/dags/train_model_dag.py for tasks to queue
[2026-03-22T22:48:36.992+0000] {logging_mixin.py:190} INFO - [2026-03-22T22:48:36.992+0000] {dagbag.py:588} INFO - Filling up the DagBag from /home/ec2-user/environment/lab4_model_training/dags/train_model_dag.py
[2026-03-22T22:48:38.324+0000] {logging_mixin.py:190} INFO - [ml_pipeline.model] Model accuracy: 0.9561
[2026-03-22T22:48:38.329+0000] {logging_mixin.py:190} INFO - [2026-03-22T22:48:38.327+0000] {dagbag.py:387} ERROR - Failed to import: /home/ec2-user/environment/lab4_model_training/dags/train_model_dag.py
Traceback (most recent call last):
  File "/home/ec2-user/environment/lab4_model_training/venv/lib64/python3.12/site-packages/airflow/models/dagbag.py", line 383, in parse
    loader.exec_module(new_module)
  File "<frozen importlib._bootstrap_external>", line 999, in exec_module
  File "<frozen importlib._bootstrap>", line 488, in _call_with_frames_removed
  File "/home/ec2-user/environment/lab4_model_training/dags/train_model_dag.py", line 35, in <module>
    train_task = PythonOperator(
                 ^^^^^^^^^^^^^^^
  File "/home/ec2-user/environment/lab4_model_training/venv/lib64/python3.12/site-packages/airflow/models/baseoperator.py", line 490, in apply_defaults
    result = func(self, **kwargs, default_args=default_args)
             ^^^^^^^^^^^^^^^^^^^^^^^^^^^^^^^^^^^^^^^^^^^^^^^
  File "/home/ec2-user/environment/lab4_model_training/venv/lib64/python3.12/site-packages/airflow/operators/python.py", line 224, in __init__
    raise AirflowException("`python_callable` param must be callable")
airflow.exceptions.AirflowException: `python_callable` param must be callable
[2026-03-22T22:48:38.336+0000] {logging_mixin.py:190} WARNING - /home/ec2-user/environment/lab4_model_training/venv/lib64/python3.12/site-packages/sklearn/linear_model/_logistic.py:469 ConvergenceWarning: lbfgs failed to converge (status=1):
STOP: TOTAL NO. OF ITERATIONS REACHED LIMIT.

Increase the number of iterations (max_iter) or scale the data as shown in:
    https://scikit-learn.org/stable/modules/preprocessing.html
Please also refer to the documentation for alternative solver options:
    https://scikit-learn.org/stable/modules/linear_model.html#logistic-regression
[2026-03-22T22:48:38.337+0000] {processor.py:927} WARNING - No viable dags retrieved from /home/ec2-user/environment/lab4_model_training/dags/train_model_dag.py
[2026-03-22T22:48:38.361+0000] {processor.py:208} INFO - Processing /home/ec2-user/environment/lab4_model_training/dags/train_model_dag.py took 1.376 seconds
[2026-03-22T22:49:08.468+0000] {processor.py:186} INFO - Started process (PID=10731) to work on /home/ec2-user/environment/lab4_model_training/dags/train_model_dag.py
[2026-03-22T22:49:08.468+0000] {processor.py:914} INFO - Processing file /home/ec2-user/environment/lab4_model_training/dags/train_model_dag.py for tasks to queue
[2026-03-22T22:49:08.470+0000] {logging_mixin.py:190} INFO - [2026-03-22T22:49:08.469+0000] {dagbag.py:588} INFO - Filling up the DagBag from /home/ec2-user/environment/lab4_model_training/dags/train_model_dag.py
[2026-03-22T22:49:09.792+0000] {logging_mixin.py:190} INFO - [ml_pipeline.model] Model accuracy: 0.9561
[2026-03-22T22:49:09.795+0000] {logging_mixin.py:190} INFO - [2026-03-22T22:49:09.793+0000] {dagbag.py:387} ERROR - Failed to import: /home/ec2-user/environment/lab4_model_training/dags/train_model_dag.py
Traceback (most recent call last):
  File "/home/ec2-user/environment/lab4_model_training/venv/lib64/python3.12/site-packages/airflow/models/dagbag.py", line 383, in parse
    loader.exec_module(new_module)
  File "<frozen importlib._bootstrap_external>", line 999, in exec_module
  File "<frozen importlib._bootstrap>", line 488, in _call_with_frames_removed
  File "/home/ec2-user/environment/lab4_model_training/dags/train_model_dag.py", line 35, in <module>
    train_task = PythonOperator(
                 ^^^^^^^^^^^^^^^
  File "/home/ec2-user/environment/lab4_model_training/venv/lib64/python3.12/site-packages/airflow/models/baseoperator.py", line 490, in apply_defaults
    result = func(self, **kwargs, default_args=default_args)
             ^^^^^^^^^^^^^^^^^^^^^^^^^^^^^^^^^^^^^^^^^^^^^^^
  File "/home/ec2-user/environment/lab4_model_training/venv/lib64/python3.12/site-packages/airflow/operators/python.py", line 224, in __init__
    raise AirflowException("`python_callable` param must be callable")
airflow.exceptions.AirflowException: `python_callable` param must be callable
[2026-03-22T22:49:09.803+0000] {logging_mixin.py:190} WARNING - /home/ec2-user/environment/lab4_model_training/venv/lib64/python3.12/site-packages/sklearn/linear_model/_logistic.py:469 ConvergenceWarning: lbfgs failed to converge (status=1):
STOP: TOTAL NO. OF ITERATIONS REACHED LIMIT.

Increase the number of iterations (max_iter) or scale the data as shown in:
    https://scikit-learn.org/stable/modules/preprocessing.html
Please also refer to the documentation for alternative solver options:
    https://scikit-learn.org/stable/modules/linear_model.html#logistic-regression
[2026-03-22T22:49:09.803+0000] {processor.py:927} WARNING - No viable dags retrieved from /home/ec2-user/environment/lab4_model_training/dags/train_model_dag.py
[2026-03-22T22:49:09.818+0000] {processor.py:208} INFO - Processing /home/ec2-user/environment/lab4_model_training/dags/train_model_dag.py took 1.355 seconds
[2026-03-22T22:49:39.956+0000] {processor.py:186} INFO - Started process (PID=10764) to work on /home/ec2-user/environment/lab4_model_training/dags/train_model_dag.py
[2026-03-22T22:49:39.957+0000] {processor.py:914} INFO - Processing file /home/ec2-user/environment/lab4_model_training/dags/train_model_dag.py for tasks to queue
[2026-03-22T22:49:39.959+0000] {logging_mixin.py:190} INFO - [2026-03-22T22:49:39.959+0000] {dagbag.py:588} INFO - Filling up the DagBag from /home/ec2-user/environment/lab4_model_training/dags/train_model_dag.py
[2026-03-22T22:49:41.284+0000] {logging_mixin.py:190} INFO - [ml_pipeline.model] Model accuracy: 0.9561
[2026-03-22T22:49:41.288+0000] {logging_mixin.py:190} INFO - [2026-03-22T22:49:41.286+0000] {dagbag.py:387} ERROR - Failed to import: /home/ec2-user/environment/lab4_model_training/dags/train_model_dag.py
Traceback (most recent call last):
  File "/home/ec2-user/environment/lab4_model_training/venv/lib64/python3.12/site-packages/airflow/models/dagbag.py", line 383, in parse
    loader.exec_module(new_module)
  File "<frozen importlib._bootstrap_external>", line 999, in exec_module
  File "<frozen importlib._bootstrap>", line 488, in _call_with_frames_removed
  File "/home/ec2-user/environment/lab4_model_training/dags/train_model_dag.py", line 35, in <module>
    train_task = PythonOperator(
                 ^^^^^^^^^^^^^^^
  File "/home/ec2-user/environment/lab4_model_training/venv/lib64/python3.12/site-packages/airflow/models/baseoperator.py", line 490, in apply_defaults
    result = func(self, **kwargs, default_args=default_args)
             ^^^^^^^^^^^^^^^^^^^^^^^^^^^^^^^^^^^^^^^^^^^^^^^
  File "/home/ec2-user/environment/lab4_model_training/venv/lib64/python3.12/site-packages/airflow/operators/python.py", line 224, in __init__
    raise AirflowException("`python_callable` param must be callable")
airflow.exceptions.AirflowException: `python_callable` param must be callable
[2026-03-22T22:49:41.297+0000] {logging_mixin.py:190} WARNING - /home/ec2-user/environment/lab4_model_training/venv/lib64/python3.12/site-packages/sklearn/linear_model/_logistic.py:469 ConvergenceWarning: lbfgs failed to converge (status=1):
STOP: TOTAL NO. OF ITERATIONS REACHED LIMIT.

Increase the number of iterations (max_iter) or scale the data as shown in:
    https://scikit-learn.org/stable/modules/preprocessing.html
Please also refer to the documentation for alternative solver options:
    https://scikit-learn.org/stable/modules/linear_model.html#logistic-regression
[2026-03-22T22:49:41.298+0000] {processor.py:927} WARNING - No viable dags retrieved from /home/ec2-user/environment/lab4_model_training/dags/train_model_dag.py
[2026-03-22T22:49:41.322+0000] {processor.py:208} INFO - Processing /home/ec2-user/environment/lab4_model_training/dags/train_model_dag.py took 1.371 seconds
[2026-03-22T22:50:11.431+0000] {processor.py:186} INFO - Started process (PID=10873) to work on /home/ec2-user/environment/lab4_model_training/dags/train_model_dag.py
[2026-03-22T22:50:11.432+0000] {processor.py:914} INFO - Processing file /home/ec2-user/environment/lab4_model_training/dags/train_model_dag.py for tasks to queue
[2026-03-22T22:50:11.433+0000] {logging_mixin.py:190} INFO - [2026-03-22T22:50:11.433+0000] {dagbag.py:588} INFO - Filling up the DagBag from /home/ec2-user/environment/lab4_model_training/dags/train_model_dag.py
[2026-03-22T22:50:12.757+0000] {logging_mixin.py:190} INFO - [ml_pipeline.model] Model accuracy: 0.9561
[2026-03-22T22:50:12.760+0000] {logging_mixin.py:190} INFO - [2026-03-22T22:50:12.758+0000] {dagbag.py:387} ERROR - Failed to import: /home/ec2-user/environment/lab4_model_training/dags/train_model_dag.py
Traceback (most recent call last):
  File "/home/ec2-user/environment/lab4_model_training/venv/lib64/python3.12/site-packages/airflow/models/dagbag.py", line 383, in parse
    loader.exec_module(new_module)
  File "<frozen importlib._bootstrap_external>", line 999, in exec_module
  File "<frozen importlib._bootstrap>", line 488, in _call_with_frames_removed
  File "/home/ec2-user/environment/lab4_model_training/dags/train_model_dag.py", line 35, in <module>
    train_task = PythonOperator(
                 ^^^^^^^^^^^^^^^
  File "/home/ec2-user/environment/lab4_model_training/venv/lib64/python3.12/site-packages/airflow/models/baseoperator.py", line 490, in apply_defaults
    result = func(self, **kwargs, default_args=default_args)
             ^^^^^^^^^^^^^^^^^^^^^^^^^^^^^^^^^^^^^^^^^^^^^^^
  File "/home/ec2-user/environment/lab4_model_training/venv/lib64/python3.12/site-packages/airflow/operators/python.py", line 224, in __init__
    raise AirflowException("`python_callable` param must be callable")
airflow.exceptions.AirflowException: `python_callable` param must be callable
[2026-03-22T22:50:12.766+0000] {logging_mixin.py:190} WARNING - /home/ec2-user/environment/lab4_model_training/venv/lib64/python3.12/site-packages/sklearn/linear_model/_logistic.py:469 ConvergenceWarning: lbfgs failed to converge (status=1):
STOP: TOTAL NO. OF ITERATIONS REACHED LIMIT.

Increase the number of iterations (max_iter) or scale the data as shown in:
    https://scikit-learn.org/stable/modules/preprocessing.html
Please also refer to the documentation for alternative solver options:
    https://scikit-learn.org/stable/modules/linear_model.html#logistic-regression
[2026-03-22T22:50:12.766+0000] {processor.py:927} WARNING - No viable dags retrieved from /home/ec2-user/environment/lab4_model_training/dags/train_model_dag.py
[2026-03-22T22:50:12.783+0000] {processor.py:208} INFO - Processing /home/ec2-user/environment/lab4_model_training/dags/train_model_dag.py took 1.357 seconds
[2026-03-22T22:50:42.908+0000] {processor.py:186} INFO - Started process (PID=10902) to work on /home/ec2-user/environment/lab4_model_training/dags/train_model_dag.py
[2026-03-22T22:50:42.909+0000] {processor.py:914} INFO - Processing file /home/ec2-user/environment/lab4_model_training/dags/train_model_dag.py for tasks to queue
[2026-03-22T22:50:42.911+0000] {logging_mixin.py:190} INFO - [2026-03-22T22:50:42.910+0000] {dagbag.py:588} INFO - Filling up the DagBag from /home/ec2-user/environment/lab4_model_training/dags/train_model_dag.py
[2026-03-22T22:50:44.255+0000] {logging_mixin.py:190} INFO - [ml_pipeline.model] Model accuracy: 0.9561
[2026-03-22T22:50:44.258+0000] {logging_mixin.py:190} INFO - [2026-03-22T22:50:44.256+0000] {dagbag.py:387} ERROR - Failed to import: /home/ec2-user/environment/lab4_model_training/dags/train_model_dag.py
Traceback (most recent call last):
  File "/home/ec2-user/environment/lab4_model_training/venv/lib64/python3.12/site-packages/airflow/models/dagbag.py", line 383, in parse
    loader.exec_module(new_module)
  File "<frozen importlib._bootstrap_external>", line 999, in exec_module
  File "<frozen importlib._bootstrap>", line 488, in _call_with_frames_removed
  File "/home/ec2-user/environment/lab4_model_training/dags/train_model_dag.py", line 35, in <module>
    train_task = PythonOperator(
                 ^^^^^^^^^^^^^^^
  File "/home/ec2-user/environment/lab4_model_training/venv/lib64/python3.12/site-packages/airflow/models/baseoperator.py", line 490, in apply_defaults
    result = func(self, **kwargs, default_args=default_args)
             ^^^^^^^^^^^^^^^^^^^^^^^^^^^^^^^^^^^^^^^^^^^^^^^
  File "/home/ec2-user/environment/lab4_model_training/venv/lib64/python3.12/site-packages/airflow/operators/python.py", line 224, in __init__
    raise AirflowException("`python_callable` param must be callable")
airflow.exceptions.AirflowException: `python_callable` param must be callable
[2026-03-22T22:50:44.265+0000] {logging_mixin.py:190} WARNING - /home/ec2-user/environment/lab4_model_training/venv/lib64/python3.12/site-packages/sklearn/linear_model/_logistic.py:469 ConvergenceWarning: lbfgs failed to converge (status=1):
STOP: TOTAL NO. OF ITERATIONS REACHED LIMIT.

Increase the number of iterations (max_iter) or scale the data as shown in:
    https://scikit-learn.org/stable/modules/preprocessing.html
Please also refer to the documentation for alternative solver options:
    https://scikit-learn.org/stable/modules/linear_model.html#logistic-regression
[2026-03-22T22:50:44.265+0000] {processor.py:927} WARNING - No viable dags retrieved from /home/ec2-user/environment/lab4_model_training/dags/train_model_dag.py
[2026-03-22T22:50:44.279+0000] {processor.py:208} INFO - Processing /home/ec2-user/environment/lab4_model_training/dags/train_model_dag.py took 1.376 seconds
[2026-03-22T22:51:14.387+0000] {processor.py:186} INFO - Started process (PID=10947) to work on /home/ec2-user/environment/lab4_model_training/dags/train_model_dag.py
[2026-03-22T22:51:14.388+0000] {processor.py:914} INFO - Processing file /home/ec2-user/environment/lab4_model_training/dags/train_model_dag.py for tasks to queue
[2026-03-22T22:51:14.389+0000] {logging_mixin.py:190} INFO - [2026-03-22T22:51:14.389+0000] {dagbag.py:588} INFO - Filling up the DagBag from /home/ec2-user/environment/lab4_model_training/dags/train_model_dag.py
[2026-03-22T22:51:15.708+0000] {logging_mixin.py:190} INFO - [ml_pipeline.model] Model accuracy: 0.9561
[2026-03-22T22:51:15.712+0000] {logging_mixin.py:190} INFO - [2026-03-22T22:51:15.710+0000] {dagbag.py:387} ERROR - Failed to import: /home/ec2-user/environment/lab4_model_training/dags/train_model_dag.py
Traceback (most recent call last):
  File "/home/ec2-user/environment/lab4_model_training/venv/lib64/python3.12/site-packages/airflow/models/dagbag.py", line 383, in parse
    loader.exec_module(new_module)
  File "<frozen importlib._bootstrap_external>", line 999, in exec_module
  File "<frozen importlib._bootstrap>", line 488, in _call_with_frames_removed
  File "/home/ec2-user/environment/lab4_model_training/dags/train_model_dag.py", line 35, in <module>
    train_task = PythonOperator(
                 ^^^^^^^^^^^^^^^
  File "/home/ec2-user/environment/lab4_model_training/venv/lib64/python3.12/site-packages/airflow/models/baseoperator.py", line 490, in apply_defaults
    result = func(self, **kwargs, default_args=default_args)
             ^^^^^^^^^^^^^^^^^^^^^^^^^^^^^^^^^^^^^^^^^^^^^^^
  File "/home/ec2-user/environment/lab4_model_training/venv/lib64/python3.12/site-packages/airflow/operators/python.py", line 224, in __init__
    raise AirflowException("`python_callable` param must be callable")
airflow.exceptions.AirflowException: `python_callable` param must be callable
[2026-03-22T22:51:15.719+0000] {logging_mixin.py:190} WARNING - /home/ec2-user/environment/lab4_model_training/venv/lib64/python3.12/site-packages/sklearn/linear_model/_logistic.py:469 ConvergenceWarning: lbfgs failed to converge (status=1):
STOP: TOTAL NO. OF ITERATIONS REACHED LIMIT.

Increase the number of iterations (max_iter) or scale the data as shown in:
    https://scikit-learn.org/stable/modules/preprocessing.html
Please also refer to the documentation for alternative solver options:
    https://scikit-learn.org/stable/modules/linear_model.html#logistic-regression
[2026-03-22T22:51:15.719+0000] {processor.py:927} WARNING - No viable dags retrieved from /home/ec2-user/environment/lab4_model_training/dags/train_model_dag.py
[2026-03-22T22:51:15.735+0000] {processor.py:208} INFO - Processing /home/ec2-user/environment/lab4_model_training/dags/train_model_dag.py took 1.353 seconds
[2026-03-22T22:51:45.864+0000] {processor.py:186} INFO - Started process (PID=11046) to work on /home/ec2-user/environment/lab4_model_training/dags/train_model_dag.py
[2026-03-22T22:51:45.865+0000] {processor.py:914} INFO - Processing file /home/ec2-user/environment/lab4_model_training/dags/train_model_dag.py for tasks to queue
[2026-03-22T22:51:45.866+0000] {logging_mixin.py:190} INFO - [2026-03-22T22:51:45.866+0000] {dagbag.py:588} INFO - Filling up the DagBag from /home/ec2-user/environment/lab4_model_training/dags/train_model_dag.py
[2026-03-22T22:51:47.197+0000] {logging_mixin.py:190} INFO - [ml_pipeline.model] Model accuracy: 0.9561
[2026-03-22T22:51:47.201+0000] {logging_mixin.py:190} INFO - [2026-03-22T22:51:47.199+0000] {dagbag.py:387} ERROR - Failed to import: /home/ec2-user/environment/lab4_model_training/dags/train_model_dag.py
Traceback (most recent call last):
  File "/home/ec2-user/environment/lab4_model_training/venv/lib64/python3.12/site-packages/airflow/models/dagbag.py", line 383, in parse
    loader.exec_module(new_module)
  File "<frozen importlib._bootstrap_external>", line 999, in exec_module
  File "<frozen importlib._bootstrap>", line 488, in _call_with_frames_removed
  File "/home/ec2-user/environment/lab4_model_training/dags/train_model_dag.py", line 35, in <module>
    train_task = PythonOperator(
                 ^^^^^^^^^^^^^^^
  File "/home/ec2-user/environment/lab4_model_training/venv/lib64/python3.12/site-packages/airflow/models/baseoperator.py", line 490, in apply_defaults
    result = func(self, **kwargs, default_args=default_args)
             ^^^^^^^^^^^^^^^^^^^^^^^^^^^^^^^^^^^^^^^^^^^^^^^
  File "/home/ec2-user/environment/lab4_model_training/venv/lib64/python3.12/site-packages/airflow/operators/python.py", line 224, in __init__
    raise AirflowException("`python_callable` param must be callable")
airflow.exceptions.AirflowException: `python_callable` param must be callable
[2026-03-22T22:51:47.209+0000] {logging_mixin.py:190} WARNING - /home/ec2-user/environment/lab4_model_training/venv/lib64/python3.12/site-packages/sklearn/linear_model/_logistic.py:469 ConvergenceWarning: lbfgs failed to converge (status=1):
STOP: TOTAL NO. OF ITERATIONS REACHED LIMIT.

Increase the number of iterations (max_iter) or scale the data as shown in:
    https://scikit-learn.org/stable/modules/preprocessing.html
Please also refer to the documentation for alternative solver options:
    https://scikit-learn.org/stable/modules/linear_model.html#logistic-regression
[2026-03-22T22:51:47.209+0000] {processor.py:927} WARNING - No viable dags retrieved from /home/ec2-user/environment/lab4_model_training/dags/train_model_dag.py
[2026-03-22T22:51:47.225+0000] {processor.py:208} INFO - Processing /home/ec2-user/environment/lab4_model_training/dags/train_model_dag.py took 1.367 seconds
[2026-03-22T22:52:17.336+0000] {processor.py:186} INFO - Started process (PID=11091) to work on /home/ec2-user/environment/lab4_model_training/dags/train_model_dag.py
[2026-03-22T22:52:17.336+0000] {processor.py:914} INFO - Processing file /home/ec2-user/environment/lab4_model_training/dags/train_model_dag.py for tasks to queue
[2026-03-22T22:52:17.338+0000] {logging_mixin.py:190} INFO - [2026-03-22T22:52:17.337+0000] {dagbag.py:588} INFO - Filling up the DagBag from /home/ec2-user/environment/lab4_model_training/dags/train_model_dag.py
[2026-03-22T22:52:18.661+0000] {logging_mixin.py:190} INFO - [ml_pipeline.model] Model accuracy: 0.9561
[2026-03-22T22:52:18.664+0000] {logging_mixin.py:190} INFO - [2026-03-22T22:52:18.662+0000] {dagbag.py:387} ERROR - Failed to import: /home/ec2-user/environment/lab4_model_training/dags/train_model_dag.py
Traceback (most recent call last):
  File "/home/ec2-user/environment/lab4_model_training/venv/lib64/python3.12/site-packages/airflow/models/dagbag.py", line 383, in parse
    loader.exec_module(new_module)
  File "<frozen importlib._bootstrap_external>", line 999, in exec_module
  File "<frozen importlib._bootstrap>", line 488, in _call_with_frames_removed
  File "/home/ec2-user/environment/lab4_model_training/dags/train_model_dag.py", line 35, in <module>
    train_task = PythonOperator(
                 ^^^^^^^^^^^^^^^
  File "/home/ec2-user/environment/lab4_model_training/venv/lib64/python3.12/site-packages/airflow/models/baseoperator.py", line 490, in apply_defaults
    result = func(self, **kwargs, default_args=default_args)
             ^^^^^^^^^^^^^^^^^^^^^^^^^^^^^^^^^^^^^^^^^^^^^^^
  File "/home/ec2-user/environment/lab4_model_training/venv/lib64/python3.12/site-packages/airflow/operators/python.py", line 224, in __init__
    raise AirflowException("`python_callable` param must be callable")
airflow.exceptions.AirflowException: `python_callable` param must be callable
[2026-03-22T22:52:18.670+0000] {logging_mixin.py:190} WARNING - /home/ec2-user/environment/lab4_model_training/venv/lib64/python3.12/site-packages/sklearn/linear_model/_logistic.py:469 ConvergenceWarning: lbfgs failed to converge (status=1):
STOP: TOTAL NO. OF ITERATIONS REACHED LIMIT.

Increase the number of iterations (max_iter) or scale the data as shown in:
    https://scikit-learn.org/stable/modules/preprocessing.html
Please also refer to the documentation for alternative solver options:
    https://scikit-learn.org/stable/modules/linear_model.html#logistic-regression
[2026-03-22T22:52:18.670+0000] {processor.py:927} WARNING - No viable dags retrieved from /home/ec2-user/environment/lab4_model_training/dags/train_model_dag.py
[2026-03-22T22:52:18.685+0000] {processor.py:208} INFO - Processing /home/ec2-user/environment/lab4_model_training/dags/train_model_dag.py took 1.354 seconds
[2026-03-22T22:52:48.915+0000] {processor.py:186} INFO - Started process (PID=11119) to work on /home/ec2-user/environment/lab4_model_training/dags/train_model_dag.py
[2026-03-22T22:52:48.916+0000] {processor.py:914} INFO - Processing file /home/ec2-user/environment/lab4_model_training/dags/train_model_dag.py for tasks to queue
[2026-03-22T22:52:48.918+0000] {logging_mixin.py:190} INFO - [2026-03-22T22:52:48.917+0000] {dagbag.py:588} INFO - Filling up the DagBag from /home/ec2-user/environment/lab4_model_training/dags/train_model_dag.py
[2026-03-22T22:52:50.238+0000] {logging_mixin.py:190} INFO - [ml_pipeline.model] Model accuracy: 0.9561
[2026-03-22T22:52:50.241+0000] {logging_mixin.py:190} INFO - [2026-03-22T22:52:50.239+0000] {dagbag.py:387} ERROR - Failed to import: /home/ec2-user/environment/lab4_model_training/dags/train_model_dag.py
Traceback (most recent call last):
  File "/home/ec2-user/environment/lab4_model_training/venv/lib64/python3.12/site-packages/airflow/models/dagbag.py", line 383, in parse
    loader.exec_module(new_module)
  File "<frozen importlib._bootstrap_external>", line 999, in exec_module
  File "<frozen importlib._bootstrap>", line 488, in _call_with_frames_removed
  File "/home/ec2-user/environment/lab4_model_training/dags/train_model_dag.py", line 35, in <module>
    train_task = PythonOperator(
                 ^^^^^^^^^^^^^^^
  File "/home/ec2-user/environment/lab4_model_training/venv/lib64/python3.12/site-packages/airflow/models/baseoperator.py", line 490, in apply_defaults
    result = func(self, **kwargs, default_args=default_args)
             ^^^^^^^^^^^^^^^^^^^^^^^^^^^^^^^^^^^^^^^^^^^^^^^
  File "/home/ec2-user/environment/lab4_model_training/venv/lib64/python3.12/site-packages/airflow/operators/python.py", line 224, in __init__
    raise AirflowException("`python_callable` param must be callable")
airflow.exceptions.AirflowException: `python_callable` param must be callable
[2026-03-22T22:52:50.247+0000] {logging_mixin.py:190} WARNING - /home/ec2-user/environment/lab4_model_training/venv/lib64/python3.12/site-packages/sklearn/linear_model/_logistic.py:469 ConvergenceWarning: lbfgs failed to converge (status=1):
STOP: TOTAL NO. OF ITERATIONS REACHED LIMIT.

Increase the number of iterations (max_iter) or scale the data as shown in:
    https://scikit-learn.org/stable/modules/preprocessing.html
Please also refer to the documentation for alternative solver options:
    https://scikit-learn.org/stable/modules/linear_model.html#logistic-regression
[2026-03-22T22:52:50.247+0000] {processor.py:927} WARNING - No viable dags retrieved from /home/ec2-user/environment/lab4_model_training/dags/train_model_dag.py
[2026-03-22T22:52:50.264+0000] {processor.py:208} INFO - Processing /home/ec2-user/environment/lab4_model_training/dags/train_model_dag.py took 1.354 seconds
[2026-03-22T22:53:20.396+0000] {processor.py:186} INFO - Started process (PID=11209) to work on /home/ec2-user/environment/lab4_model_training/dags/train_model_dag.py
[2026-03-22T22:53:20.397+0000] {processor.py:914} INFO - Processing file /home/ec2-user/environment/lab4_model_training/dags/train_model_dag.py for tasks to queue
[2026-03-22T22:53:20.398+0000] {logging_mixin.py:190} INFO - [2026-03-22T22:53:20.398+0000] {dagbag.py:588} INFO - Filling up the DagBag from /home/ec2-user/environment/lab4_model_training/dags/train_model_dag.py
[2026-03-22T22:53:21.717+0000] {logging_mixin.py:190} INFO - [ml_pipeline.model] Model accuracy: 0.9561
[2026-03-22T22:53:21.720+0000] {logging_mixin.py:190} INFO - [2026-03-22T22:53:21.718+0000] {dagbag.py:387} ERROR - Failed to import: /home/ec2-user/environment/lab4_model_training/dags/train_model_dag.py
Traceback (most recent call last):
  File "/home/ec2-user/environment/lab4_model_training/venv/lib64/python3.12/site-packages/airflow/models/dagbag.py", line 383, in parse
    loader.exec_module(new_module)
  File "<frozen importlib._bootstrap_external>", line 999, in exec_module
  File "<frozen importlib._bootstrap>", line 488, in _call_with_frames_removed
  File "/home/ec2-user/environment/lab4_model_training/dags/train_model_dag.py", line 35, in <module>
    train_task = PythonOperator(
                 ^^^^^^^^^^^^^^^
  File "/home/ec2-user/environment/lab4_model_training/venv/lib64/python3.12/site-packages/airflow/models/baseoperator.py", line 490, in apply_defaults
    result = func(self, **kwargs, default_args=default_args)
             ^^^^^^^^^^^^^^^^^^^^^^^^^^^^^^^^^^^^^^^^^^^^^^^
  File "/home/ec2-user/environment/lab4_model_training/venv/lib64/python3.12/site-packages/airflow/operators/python.py", line 224, in __init__
    raise AirflowException("`python_callable` param must be callable")
airflow.exceptions.AirflowException: `python_callable` param must be callable
[2026-03-22T22:53:21.727+0000] {logging_mixin.py:190} WARNING - /home/ec2-user/environment/lab4_model_training/venv/lib64/python3.12/site-packages/sklearn/linear_model/_logistic.py:469 ConvergenceWarning: lbfgs failed to converge (status=1):
STOP: TOTAL NO. OF ITERATIONS REACHED LIMIT.

Increase the number of iterations (max_iter) or scale the data as shown in:
    https://scikit-learn.org/stable/modules/preprocessing.html
Please also refer to the documentation for alternative solver options:
    https://scikit-learn.org/stable/modules/linear_model.html#logistic-regression
[2026-03-22T22:53:21.728+0000] {processor.py:927} WARNING - No viable dags retrieved from /home/ec2-user/environment/lab4_model_training/dags/train_model_dag.py
[2026-03-22T22:53:21.745+0000] {processor.py:208} INFO - Processing /home/ec2-user/environment/lab4_model_training/dags/train_model_dag.py took 1.354 seconds
[2026-03-22T22:53:51.873+0000] {processor.py:186} INFO - Started process (PID=11237) to work on /home/ec2-user/environment/lab4_model_training/dags/train_model_dag.py
[2026-03-22T22:53:51.874+0000] {processor.py:914} INFO - Processing file /home/ec2-user/environment/lab4_model_training/dags/train_model_dag.py for tasks to queue
[2026-03-22T22:53:51.875+0000] {logging_mixin.py:190} INFO - [2026-03-22T22:53:51.875+0000] {dagbag.py:588} INFO - Filling up the DagBag from /home/ec2-user/environment/lab4_model_training/dags/train_model_dag.py
[2026-03-22T22:53:53.208+0000] {logging_mixin.py:190} INFO - [ml_pipeline.model] Model accuracy: 0.9561
[2026-03-22T22:53:53.213+0000] {logging_mixin.py:190} INFO - [2026-03-22T22:53:53.211+0000] {dagbag.py:387} ERROR - Failed to import: /home/ec2-user/environment/lab4_model_training/dags/train_model_dag.py
Traceback (most recent call last):
  File "/home/ec2-user/environment/lab4_model_training/venv/lib64/python3.12/site-packages/airflow/models/dagbag.py", line 383, in parse
    loader.exec_module(new_module)
  File "<frozen importlib._bootstrap_external>", line 999, in exec_module
  File "<frozen importlib._bootstrap>", line 488, in _call_with_frames_removed
  File "/home/ec2-user/environment/lab4_model_training/dags/train_model_dag.py", line 35, in <module>
    train_task = PythonOperator(
                 ^^^^^^^^^^^^^^^
  File "/home/ec2-user/environment/lab4_model_training/venv/lib64/python3.12/site-packages/airflow/models/baseoperator.py", line 490, in apply_defaults
    result = func(self, **kwargs, default_args=default_args)
             ^^^^^^^^^^^^^^^^^^^^^^^^^^^^^^^^^^^^^^^^^^^^^^^
  File "/home/ec2-user/environment/lab4_model_training/venv/lib64/python3.12/site-packages/airflow/operators/python.py", line 224, in __init__
    raise AirflowException("`python_callable` param must be callable")
airflow.exceptions.AirflowException: `python_callable` param must be callable
[2026-03-22T22:53:53.230+0000] {logging_mixin.py:190} WARNING - /home/ec2-user/environment/lab4_model_training/venv/lib64/python3.12/site-packages/sklearn/linear_model/_logistic.py:469 ConvergenceWarning: lbfgs failed to converge (status=1):
STOP: TOTAL NO. OF ITERATIONS REACHED LIMIT.

Increase the number of iterations (max_iter) or scale the data as shown in:
    https://scikit-learn.org/stable/modules/preprocessing.html
Please also refer to the documentation for alternative solver options:
    https://scikit-learn.org/stable/modules/linear_model.html#logistic-regression
[2026-03-22T22:53:53.232+0000] {processor.py:927} WARNING - No viable dags retrieved from /home/ec2-user/environment/lab4_model_training/dags/train_model_dag.py
[2026-03-22T22:53:53.257+0000] {processor.py:208} INFO - Processing /home/ec2-user/environment/lab4_model_training/dags/train_model_dag.py took 1.389 seconds
[2026-03-22T22:54:23.614+0000] {processor.py:186} INFO - Started process (PID=11287) to work on /home/ec2-user/environment/lab4_model_training/dags/train_model_dag.py
[2026-03-22T22:54:23.615+0000] {processor.py:914} INFO - Processing file /home/ec2-user/environment/lab4_model_training/dags/train_model_dag.py for tasks to queue
[2026-03-22T22:54:23.617+0000] {logging_mixin.py:190} INFO - [2026-03-22T22:54:23.616+0000] {dagbag.py:588} INFO - Filling up the DagBag from /home/ec2-user/environment/lab4_model_training/dags/train_model_dag.py
[2026-03-22T22:54:24.931+0000] {logging_mixin.py:190} INFO - [ml_pipeline.model] Model accuracy: 0.9561
[2026-03-22T22:54:24.934+0000] {logging_mixin.py:190} INFO - [2026-03-22T22:54:24.932+0000] {dagbag.py:387} ERROR - Failed to import: /home/ec2-user/environment/lab4_model_training/dags/train_model_dag.py
Traceback (most recent call last):
  File "/home/ec2-user/environment/lab4_model_training/venv/lib64/python3.12/site-packages/airflow/models/dagbag.py", line 383, in parse
    loader.exec_module(new_module)
  File "<frozen importlib._bootstrap_external>", line 999, in exec_module
  File "<frozen importlib._bootstrap>", line 488, in _call_with_frames_removed
  File "/home/ec2-user/environment/lab4_model_training/dags/train_model_dag.py", line 35, in <module>
    train_task = PythonOperator(
                 ^^^^^^^^^^^^^^^
  File "/home/ec2-user/environment/lab4_model_training/venv/lib64/python3.12/site-packages/airflow/models/baseoperator.py", line 490, in apply_defaults
    result = func(self, **kwargs, default_args=default_args)
             ^^^^^^^^^^^^^^^^^^^^^^^^^^^^^^^^^^^^^^^^^^^^^^^
  File "/home/ec2-user/environment/lab4_model_training/venv/lib64/python3.12/site-packages/airflow/operators/python.py", line 224, in __init__
    raise AirflowException("`python_callable` param must be callable")
airflow.exceptions.AirflowException: `python_callable` param must be callable
[2026-03-22T22:54:24.940+0000] {logging_mixin.py:190} WARNING - /home/ec2-user/environment/lab4_model_training/venv/lib64/python3.12/site-packages/sklearn/linear_model/_logistic.py:469 ConvergenceWarning: lbfgs failed to converge (status=1):
STOP: TOTAL NO. OF ITERATIONS REACHED LIMIT.

Increase the number of iterations (max_iter) or scale the data as shown in:
    https://scikit-learn.org/stable/modules/preprocessing.html
Please also refer to the documentation for alternative solver options:
    https://scikit-learn.org/stable/modules/linear_model.html#logistic-regression
[2026-03-22T22:54:24.941+0000] {processor.py:927} WARNING - No viable dags retrieved from /home/ec2-user/environment/lab4_model_training/dags/train_model_dag.py
[2026-03-22T22:54:24.957+0000] {processor.py:208} INFO - Processing /home/ec2-user/environment/lab4_model_training/dags/train_model_dag.py took 1.348 seconds
[2026-03-22T22:54:55.087+0000] {processor.py:186} INFO - Started process (PID=11314) to work on /home/ec2-user/environment/lab4_model_training/dags/train_model_dag.py
[2026-03-22T22:54:55.088+0000] {processor.py:914} INFO - Processing file /home/ec2-user/environment/lab4_model_training/dags/train_model_dag.py for tasks to queue
[2026-03-22T22:54:55.089+0000] {logging_mixin.py:190} INFO - [2026-03-22T22:54:55.089+0000] {dagbag.py:588} INFO - Filling up the DagBag from /home/ec2-user/environment/lab4_model_training/dags/train_model_dag.py
[2026-03-22T22:54:56.469+0000] {logging_mixin.py:190} INFO - [ml_pipeline.model] Model accuracy: 0.9561
[2026-03-22T22:54:56.473+0000] {logging_mixin.py:190} INFO - [2026-03-22T22:54:56.471+0000] {dagbag.py:387} ERROR - Failed to import: /home/ec2-user/environment/lab4_model_training/dags/train_model_dag.py
Traceback (most recent call last):
  File "/home/ec2-user/environment/lab4_model_training/venv/lib64/python3.12/site-packages/airflow/models/dagbag.py", line 383, in parse
    loader.exec_module(new_module)
  File "<frozen importlib._bootstrap_external>", line 999, in exec_module
  File "<frozen importlib._bootstrap>", line 488, in _call_with_frames_removed
  File "/home/ec2-user/environment/lab4_model_training/dags/train_model_dag.py", line 35, in <module>
    train_task = PythonOperator(
                 ^^^^^^^^^^^^^^^
  File "/home/ec2-user/environment/lab4_model_training/venv/lib64/python3.12/site-packages/airflow/models/baseoperator.py", line 490, in apply_defaults
    result = func(self, **kwargs, default_args=default_args)
             ^^^^^^^^^^^^^^^^^^^^^^^^^^^^^^^^^^^^^^^^^^^^^^^
  File "/home/ec2-user/environment/lab4_model_training/venv/lib64/python3.12/site-packages/airflow/operators/python.py", line 224, in __init__
    raise AirflowException("`python_callable` param must be callable")
airflow.exceptions.AirflowException: `python_callable` param must be callable
[2026-03-22T22:54:56.481+0000] {logging_mixin.py:190} WARNING - /home/ec2-user/environment/lab4_model_training/venv/lib64/python3.12/site-packages/sklearn/linear_model/_logistic.py:469 ConvergenceWarning: lbfgs failed to converge (status=1):
STOP: TOTAL NO. OF ITERATIONS REACHED LIMIT.

Increase the number of iterations (max_iter) or scale the data as shown in:
    https://scikit-learn.org/stable/modules/preprocessing.html
Please also refer to the documentation for alternative solver options:
    https://scikit-learn.org/stable/modules/linear_model.html#logistic-regression
[2026-03-22T22:54:56.482+0000] {processor.py:927} WARNING - No viable dags retrieved from /home/ec2-user/environment/lab4_model_training/dags/train_model_dag.py
[2026-03-22T22:54:56.498+0000] {processor.py:208} INFO - Processing /home/ec2-user/environment/lab4_model_training/dags/train_model_dag.py took 1.416 seconds
[2026-03-22T22:55:26.696+0000] {processor.py:186} INFO - Started process (PID=11400) to work on /home/ec2-user/environment/lab4_model_training/dags/train_model_dag.py
[2026-03-22T22:55:26.697+0000] {processor.py:914} INFO - Processing file /home/ec2-user/environment/lab4_model_training/dags/train_model_dag.py for tasks to queue
[2026-03-22T22:55:26.699+0000] {logging_mixin.py:190} INFO - [2026-03-22T22:55:26.698+0000] {dagbag.py:588} INFO - Filling up the DagBag from /home/ec2-user/environment/lab4_model_training/dags/train_model_dag.py
[2026-03-22T22:55:28.013+0000] {logging_mixin.py:190} INFO - [ml_pipeline.model] Model accuracy: 0.9561
[2026-03-22T22:55:28.017+0000] {logging_mixin.py:190} INFO - [2026-03-22T22:55:28.015+0000] {dagbag.py:387} ERROR - Failed to import: /home/ec2-user/environment/lab4_model_training/dags/train_model_dag.py
Traceback (most recent call last):
  File "/home/ec2-user/environment/lab4_model_training/venv/lib64/python3.12/site-packages/airflow/models/dagbag.py", line 383, in parse
    loader.exec_module(new_module)
  File "<frozen importlib._bootstrap_external>", line 999, in exec_module
  File "<frozen importlib._bootstrap>", line 488, in _call_with_frames_removed
  File "/home/ec2-user/environment/lab4_model_training/dags/train_model_dag.py", line 35, in <module>
    train_task = PythonOperator(
                 ^^^^^^^^^^^^^^^
  File "/home/ec2-user/environment/lab4_model_training/venv/lib64/python3.12/site-packages/airflow/models/baseoperator.py", line 490, in apply_defaults
    result = func(self, **kwargs, default_args=default_args)
             ^^^^^^^^^^^^^^^^^^^^^^^^^^^^^^^^^^^^^^^^^^^^^^^
  File "/home/ec2-user/environment/lab4_model_training/venv/lib64/python3.12/site-packages/airflow/operators/python.py", line 224, in __init__
    raise AirflowException("`python_callable` param must be callable")
airflow.exceptions.AirflowException: `python_callable` param must be callable
[2026-03-22T22:55:28.024+0000] {logging_mixin.py:190} WARNING - /home/ec2-user/environment/lab4_model_training/venv/lib64/python3.12/site-packages/sklearn/linear_model/_logistic.py:469 ConvergenceWarning: lbfgs failed to converge (status=1):
STOP: TOTAL NO. OF ITERATIONS REACHED LIMIT.

Increase the number of iterations (max_iter) or scale the data as shown in:
    https://scikit-learn.org/stable/modules/preprocessing.html
Please also refer to the documentation for alternative solver options:
    https://scikit-learn.org/stable/modules/linear_model.html#logistic-regression
[2026-03-22T22:55:28.026+0000] {processor.py:927} WARNING - No viable dags retrieved from /home/ec2-user/environment/lab4_model_training/dags/train_model_dag.py
[2026-03-22T22:55:28.043+0000] {processor.py:208} INFO - Processing /home/ec2-user/environment/lab4_model_training/dags/train_model_dag.py took 1.352 seconds
[2026-03-22T22:55:59.067+0000] {processor.py:186} INFO - Started process (PID=11428) to work on /home/ec2-user/environment/lab4_model_training/dags/train_model_dag.py
[2026-03-22T22:55:59.068+0000] {processor.py:914} INFO - Processing file /home/ec2-user/environment/lab4_model_training/dags/train_model_dag.py for tasks to queue
[2026-03-22T22:55:59.069+0000] {logging_mixin.py:190} INFO - [2026-03-22T22:55:59.069+0000] {dagbag.py:588} INFO - Filling up the DagBag from /home/ec2-user/environment/lab4_model_training/dags/train_model_dag.py
[2026-03-22T22:56:00.403+0000] {logging_mixin.py:190} INFO - [ml_pipeline.model] Model accuracy: 0.9561
[2026-03-22T22:56:00.406+0000] {logging_mixin.py:190} INFO - [2026-03-22T22:56:00.404+0000] {dagbag.py:387} ERROR - Failed to import: /home/ec2-user/environment/lab4_model_training/dags/train_model_dag.py
Traceback (most recent call last):
  File "/home/ec2-user/environment/lab4_model_training/venv/lib64/python3.12/site-packages/airflow/models/dagbag.py", line 383, in parse
    loader.exec_module(new_module)
  File "<frozen importlib._bootstrap_external>", line 999, in exec_module
  File "<frozen importlib._bootstrap>", line 488, in _call_with_frames_removed
  File "/home/ec2-user/environment/lab4_model_training/dags/train_model_dag.py", line 35, in <module>
    train_task = PythonOperator(
                 ^^^^^^^^^^^^^^^
  File "/home/ec2-user/environment/lab4_model_training/venv/lib64/python3.12/site-packages/airflow/models/baseoperator.py", line 490, in apply_defaults
    result = func(self, **kwargs, default_args=default_args)
             ^^^^^^^^^^^^^^^^^^^^^^^^^^^^^^^^^^^^^^^^^^^^^^^
  File "/home/ec2-user/environment/lab4_model_training/venv/lib64/python3.12/site-packages/airflow/operators/python.py", line 224, in __init__
    raise AirflowException("`python_callable` param must be callable")
airflow.exceptions.AirflowException: `python_callable` param must be callable
[2026-03-22T22:56:00.412+0000] {logging_mixin.py:190} WARNING - /home/ec2-user/environment/lab4_model_training/venv/lib64/python3.12/site-packages/sklearn/linear_model/_logistic.py:469 ConvergenceWarning: lbfgs failed to converge (status=1):
STOP: TOTAL NO. OF ITERATIONS REACHED LIMIT.

Increase the number of iterations (max_iter) or scale the data as shown in:
    https://scikit-learn.org/stable/modules/preprocessing.html
Please also refer to the documentation for alternative solver options:
    https://scikit-learn.org/stable/modules/linear_model.html#logistic-regression
[2026-03-22T22:56:00.413+0000] {processor.py:927} WARNING - No viable dags retrieved from /home/ec2-user/environment/lab4_model_training/dags/train_model_dag.py
[2026-03-22T22:56:00.427+0000] {processor.py:208} INFO - Processing /home/ec2-user/environment/lab4_model_training/dags/train_model_dag.py took 1.365 seconds
[2026-03-22T22:56:30.538+0000] {processor.py:186} INFO - Started process (PID=11469) to work on /home/ec2-user/environment/lab4_model_training/dags/train_model_dag.py
[2026-03-22T22:56:30.539+0000] {processor.py:914} INFO - Processing file /home/ec2-user/environment/lab4_model_training/dags/train_model_dag.py for tasks to queue
[2026-03-22T22:56:30.540+0000] {logging_mixin.py:190} INFO - [2026-03-22T22:56:30.540+0000] {dagbag.py:588} INFO - Filling up the DagBag from /home/ec2-user/environment/lab4_model_training/dags/train_model_dag.py
[2026-03-22T22:56:31.871+0000] {logging_mixin.py:190} INFO - [ml_pipeline.model] Model accuracy: 0.9561
[2026-03-22T22:56:31.875+0000] {logging_mixin.py:190} INFO - [2026-03-22T22:56:31.873+0000] {dagbag.py:387} ERROR - Failed to import: /home/ec2-user/environment/lab4_model_training/dags/train_model_dag.py
Traceback (most recent call last):
  File "/home/ec2-user/environment/lab4_model_training/venv/lib64/python3.12/site-packages/airflow/models/dagbag.py", line 383, in parse
    loader.exec_module(new_module)
  File "<frozen importlib._bootstrap_external>", line 999, in exec_module
  File "<frozen importlib._bootstrap>", line 488, in _call_with_frames_removed
  File "/home/ec2-user/environment/lab4_model_training/dags/train_model_dag.py", line 35, in <module>
    train_task = PythonOperator(
                 ^^^^^^^^^^^^^^^
  File "/home/ec2-user/environment/lab4_model_training/venv/lib64/python3.12/site-packages/airflow/models/baseoperator.py", line 490, in apply_defaults
    result = func(self, **kwargs, default_args=default_args)
             ^^^^^^^^^^^^^^^^^^^^^^^^^^^^^^^^^^^^^^^^^^^^^^^
  File "/home/ec2-user/environment/lab4_model_training/venv/lib64/python3.12/site-packages/airflow/operators/python.py", line 224, in __init__
    raise AirflowException("`python_callable` param must be callable")
airflow.exceptions.AirflowException: `python_callable` param must be callable
[2026-03-22T22:56:31.882+0000] {logging_mixin.py:190} WARNING - /home/ec2-user/environment/lab4_model_training/venv/lib64/python3.12/site-packages/sklearn/linear_model/_logistic.py:469 ConvergenceWarning: lbfgs failed to converge (status=1):
STOP: TOTAL NO. OF ITERATIONS REACHED LIMIT.

Increase the number of iterations (max_iter) or scale the data as shown in:
    https://scikit-learn.org/stable/modules/preprocessing.html
Please also refer to the documentation for alternative solver options:
    https://scikit-learn.org/stable/modules/linear_model.html#logistic-regression
[2026-03-22T22:56:31.883+0000] {processor.py:927} WARNING - No viable dags retrieved from /home/ec2-user/environment/lab4_model_training/dags/train_model_dag.py
[2026-03-22T22:56:31.901+0000] {processor.py:208} INFO - Processing /home/ec2-user/environment/lab4_model_training/dags/train_model_dag.py took 1.368 seconds
[2026-03-22T22:57:02.113+0000] {processor.py:186} INFO - Started process (PID=11557) to work on /home/ec2-user/environment/lab4_model_training/dags/train_model_dag.py
[2026-03-22T22:57:02.114+0000] {processor.py:914} INFO - Processing file /home/ec2-user/environment/lab4_model_training/dags/train_model_dag.py for tasks to queue
[2026-03-22T22:57:02.115+0000] {logging_mixin.py:190} INFO - [2026-03-22T22:57:02.115+0000] {dagbag.py:588} INFO - Filling up the DagBag from /home/ec2-user/environment/lab4_model_training/dags/train_model_dag.py
[2026-03-22T22:57:03.474+0000] {logging_mixin.py:190} INFO - [ml_pipeline.model] Model accuracy: 0.9561
[2026-03-22T22:57:03.477+0000] {logging_mixin.py:190} INFO - [2026-03-22T22:57:03.475+0000] {dagbag.py:387} ERROR - Failed to import: /home/ec2-user/environment/lab4_model_training/dags/train_model_dag.py
Traceback (most recent call last):
  File "/home/ec2-user/environment/lab4_model_training/venv/lib64/python3.12/site-packages/airflow/models/dagbag.py", line 383, in parse
    loader.exec_module(new_module)
  File "<frozen importlib._bootstrap_external>", line 999, in exec_module
  File "<frozen importlib._bootstrap>", line 488, in _call_with_frames_removed
  File "/home/ec2-user/environment/lab4_model_training/dags/train_model_dag.py", line 35, in <module>
    train_task = PythonOperator(
                 ^^^^^^^^^^^^^^^
  File "/home/ec2-user/environment/lab4_model_training/venv/lib64/python3.12/site-packages/airflow/models/baseoperator.py", line 490, in apply_defaults
    result = func(self, **kwargs, default_args=default_args)
             ^^^^^^^^^^^^^^^^^^^^^^^^^^^^^^^^^^^^^^^^^^^^^^^
  File "/home/ec2-user/environment/lab4_model_training/venv/lib64/python3.12/site-packages/airflow/operators/python.py", line 224, in __init__
    raise AirflowException("`python_callable` param must be callable")
airflow.exceptions.AirflowException: `python_callable` param must be callable
[2026-03-22T22:57:03.484+0000] {logging_mixin.py:190} WARNING - /home/ec2-user/environment/lab4_model_training/venv/lib64/python3.12/site-packages/sklearn/linear_model/_logistic.py:469 ConvergenceWarning: lbfgs failed to converge (status=1):
STOP: TOTAL NO. OF ITERATIONS REACHED LIMIT.

Increase the number of iterations (max_iter) or scale the data as shown in:
    https://scikit-learn.org/stable/modules/preprocessing.html
Please also refer to the documentation for alternative solver options:
    https://scikit-learn.org/stable/modules/linear_model.html#logistic-regression
[2026-03-22T22:57:03.484+0000] {processor.py:927} WARNING - No viable dags retrieved from /home/ec2-user/environment/lab4_model_training/dags/train_model_dag.py
[2026-03-22T22:57:03.499+0000] {processor.py:208} INFO - Processing /home/ec2-user/environment/lab4_model_training/dags/train_model_dag.py took 1.391 seconds
[2026-03-22T22:57:33.635+0000] {processor.py:186} INFO - Started process (PID=11612) to work on /home/ec2-user/environment/lab4_model_training/dags/train_model_dag.py
[2026-03-22T22:57:33.636+0000] {processor.py:914} INFO - Processing file /home/ec2-user/environment/lab4_model_training/dags/train_model_dag.py for tasks to queue
[2026-03-22T22:57:33.638+0000] {logging_mixin.py:190} INFO - [2026-03-22T22:57:33.637+0000] {dagbag.py:588} INFO - Filling up the DagBag from /home/ec2-user/environment/lab4_model_training/dags/train_model_dag.py
[2026-03-22T22:57:35.534+0000] {logging_mixin.py:190} INFO - [ml_pipeline.model] Model accuracy: 0.9561
[2026-03-22T22:57:35.540+0000] {logging_mixin.py:190} INFO - [2026-03-22T22:57:35.538+0000] {dagbag.py:387} ERROR - Failed to import: /home/ec2-user/environment/lab4_model_training/dags/train_model_dag.py
Traceback (most recent call last):
  File "/home/ec2-user/environment/lab4_model_training/venv/lib64/python3.12/site-packages/airflow/models/dagbag.py", line 383, in parse
    loader.exec_module(new_module)
  File "<frozen importlib._bootstrap_external>", line 999, in exec_module
  File "<frozen importlib._bootstrap>", line 488, in _call_with_frames_removed
  File "/home/ec2-user/environment/lab4_model_training/dags/train_model_dag.py", line 35, in <module>
    train_task = PythonOperator(
                 ^^^^^^^^^^^^^^^
  File "/home/ec2-user/environment/lab4_model_training/venv/lib64/python3.12/site-packages/airflow/models/baseoperator.py", line 490, in apply_defaults
    result = func(self, **kwargs, default_args=default_args)
             ^^^^^^^^^^^^^^^^^^^^^^^^^^^^^^^^^^^^^^^^^^^^^^^
  File "/home/ec2-user/environment/lab4_model_training/venv/lib64/python3.12/site-packages/airflow/operators/python.py", line 224, in __init__
    raise AirflowException("`python_callable` param must be callable")
airflow.exceptions.AirflowException: `python_callable` param must be callable
[2026-03-22T22:57:35.548+0000] {logging_mixin.py:190} WARNING - /home/ec2-user/environment/lab4_model_training/venv/lib64/python3.12/site-packages/sklearn/linear_model/_logistic.py:469 ConvergenceWarning: lbfgs failed to converge (status=1):
STOP: TOTAL NO. OF ITERATIONS REACHED LIMIT.

Increase the number of iterations (max_iter) or scale the data as shown in:
    https://scikit-learn.org/stable/modules/preprocessing.html
Please also refer to the documentation for alternative solver options:
    https://scikit-learn.org/stable/modules/linear_model.html#logistic-regression
[2026-03-22T22:57:35.549+0000] {processor.py:927} WARNING - No viable dags retrieved from /home/ec2-user/environment/lab4_model_training/dags/train_model_dag.py
[2026-03-22T22:57:35.573+0000] {processor.py:208} INFO - Processing /home/ec2-user/environment/lab4_model_training/dags/train_model_dag.py took 1.943 seconds
[2026-03-22T22:58:05.668+0000] {processor.py:186} INFO - Started process (PID=11675) to work on /home/ec2-user/environment/lab4_model_training/dags/train_model_dag.py
[2026-03-22T22:58:05.669+0000] {processor.py:914} INFO - Processing file /home/ec2-user/environment/lab4_model_training/dags/train_model_dag.py for tasks to queue
[2026-03-22T22:58:05.670+0000] {logging_mixin.py:190} INFO - [2026-03-22T22:58:05.670+0000] {dagbag.py:588} INFO - Filling up the DagBag from /home/ec2-user/environment/lab4_model_training/dags/train_model_dag.py
[2026-03-22T22:58:07.000+0000] {logging_mixin.py:190} INFO - [ml_pipeline.model] Model accuracy: 0.9561
[2026-03-22T22:58:07.004+0000] {logging_mixin.py:190} INFO - [2026-03-22T22:58:07.002+0000] {dagbag.py:387} ERROR - Failed to import: /home/ec2-user/environment/lab4_model_training/dags/train_model_dag.py
Traceback (most recent call last):
  File "/home/ec2-user/environment/lab4_model_training/venv/lib64/python3.12/site-packages/airflow/models/dagbag.py", line 383, in parse
    loader.exec_module(new_module)
  File "<frozen importlib._bootstrap_external>", line 999, in exec_module
  File "<frozen importlib._bootstrap>", line 488, in _call_with_frames_removed
  File "/home/ec2-user/environment/lab4_model_training/dags/train_model_dag.py", line 35, in <module>
    train_task = PythonOperator(
                 ^^^^^^^^^^^^^^^
  File "/home/ec2-user/environment/lab4_model_training/venv/lib64/python3.12/site-packages/airflow/models/baseoperator.py", line 490, in apply_defaults
    result = func(self, **kwargs, default_args=default_args)
             ^^^^^^^^^^^^^^^^^^^^^^^^^^^^^^^^^^^^^^^^^^^^^^^
  File "/home/ec2-user/environment/lab4_model_training/venv/lib64/python3.12/site-packages/airflow/operators/python.py", line 224, in __init__
    raise AirflowException("`python_callable` param must be callable")
airflow.exceptions.AirflowException: `python_callable` param must be callable
[2026-03-22T22:58:07.013+0000] {logging_mixin.py:190} WARNING - /home/ec2-user/environment/lab4_model_training/venv/lib64/python3.12/site-packages/sklearn/linear_model/_logistic.py:469 ConvergenceWarning: lbfgs failed to converge (status=1):
STOP: TOTAL NO. OF ITERATIONS REACHED LIMIT.

Increase the number of iterations (max_iter) or scale the data as shown in:
    https://scikit-learn.org/stable/modules/preprocessing.html
Please also refer to the documentation for alternative solver options:
    https://scikit-learn.org/stable/modules/linear_model.html#logistic-regression
[2026-03-22T22:58:07.014+0000] {processor.py:927} WARNING - No viable dags retrieved from /home/ec2-user/environment/lab4_model_training/dags/train_model_dag.py
[2026-03-22T22:58:07.033+0000] {processor.py:208} INFO - Processing /home/ec2-user/environment/lab4_model_training/dags/train_model_dag.py took 1.369 seconds
[2026-03-22T22:58:37.542+0000] {processor.py:186} INFO - Started process (PID=11711) to work on /home/ec2-user/environment/lab4_model_training/dags/train_model_dag.py
[2026-03-22T22:58:37.543+0000] {processor.py:914} INFO - Processing file /home/ec2-user/environment/lab4_model_training/dags/train_model_dag.py for tasks to queue
[2026-03-22T22:58:37.545+0000] {logging_mixin.py:190} INFO - [2026-03-22T22:58:37.544+0000] {dagbag.py:588} INFO - Filling up the DagBag from /home/ec2-user/environment/lab4_model_training/dags/train_model_dag.py
[2026-03-22T22:58:38.877+0000] {logging_mixin.py:190} INFO - [ml_pipeline.model] Model accuracy: 0.9561
[2026-03-22T22:58:38.880+0000] {logging_mixin.py:190} INFO - [2026-03-22T22:58:38.878+0000] {dagbag.py:387} ERROR - Failed to import: /home/ec2-user/environment/lab4_model_training/dags/train_model_dag.py
Traceback (most recent call last):
  File "/home/ec2-user/environment/lab4_model_training/venv/lib64/python3.12/site-packages/airflow/models/dagbag.py", line 383, in parse
    loader.exec_module(new_module)
  File "<frozen importlib._bootstrap_external>", line 999, in exec_module
  File "<frozen importlib._bootstrap>", line 488, in _call_with_frames_removed
  File "/home/ec2-user/environment/lab4_model_training/dags/train_model_dag.py", line 35, in <module>
    train_task = PythonOperator(
                 ^^^^^^^^^^^^^^^
  File "/home/ec2-user/environment/lab4_model_training/venv/lib64/python3.12/site-packages/airflow/models/baseoperator.py", line 490, in apply_defaults
    result = func(self, **kwargs, default_args=default_args)
             ^^^^^^^^^^^^^^^^^^^^^^^^^^^^^^^^^^^^^^^^^^^^^^^
  File "/home/ec2-user/environment/lab4_model_training/venv/lib64/python3.12/site-packages/airflow/operators/python.py", line 224, in __init__
    raise AirflowException("`python_callable` param must be callable")
airflow.exceptions.AirflowException: `python_callable` param must be callable
[2026-03-22T22:58:38.888+0000] {logging_mixin.py:190} WARNING - /home/ec2-user/environment/lab4_model_training/venv/lib64/python3.12/site-packages/sklearn/linear_model/_logistic.py:469 ConvergenceWarning: lbfgs failed to converge (status=1):
STOP: TOTAL NO. OF ITERATIONS REACHED LIMIT.

Increase the number of iterations (max_iter) or scale the data as shown in:
    https://scikit-learn.org/stable/modules/preprocessing.html
Please also refer to the documentation for alternative solver options:
    https://scikit-learn.org/stable/modules/linear_model.html#logistic-regression
[2026-03-22T22:58:38.888+0000] {processor.py:927} WARNING - No viable dags retrieved from /home/ec2-user/environment/lab4_model_training/dags/train_model_dag.py
[2026-03-22T22:58:38.902+0000] {processor.py:208} INFO - Processing /home/ec2-user/environment/lab4_model_training/dags/train_model_dag.py took 1.365 seconds
[2026-03-22T22:59:08.964+0000] {processor.py:186} INFO - Started process (PID=11845) to work on /home/ec2-user/environment/lab4_model_training/dags/train_model_dag.py
[2026-03-22T22:59:08.965+0000] {processor.py:914} INFO - Processing file /home/ec2-user/environment/lab4_model_training/dags/train_model_dag.py for tasks to queue
[2026-03-22T22:59:08.966+0000] {logging_mixin.py:190} INFO - [2026-03-22T22:59:08.966+0000] {dagbag.py:588} INFO - Filling up the DagBag from /home/ec2-user/environment/lab4_model_training/dags/train_model_dag.py
[2026-03-22T22:59:10.310+0000] {logging_mixin.py:190} INFO - [ml_pipeline.model] Model accuracy: 0.9561
[2026-03-22T22:59:10.314+0000] {logging_mixin.py:190} INFO - [2026-03-22T22:59:10.312+0000] {dagbag.py:387} ERROR - Failed to import: /home/ec2-user/environment/lab4_model_training/dags/train_model_dag.py
Traceback (most recent call last):
  File "/home/ec2-user/environment/lab4_model_training/venv/lib64/python3.12/site-packages/airflow/models/dagbag.py", line 383, in parse
    loader.exec_module(new_module)
  File "<frozen importlib._bootstrap_external>", line 999, in exec_module
  File "<frozen importlib._bootstrap>", line 488, in _call_with_frames_removed
  File "/home/ec2-user/environment/lab4_model_training/dags/train_model_dag.py", line 35, in <module>
    train_task = PythonOperator(
                 ^^^^^^^^^^^^^^^
  File "/home/ec2-user/environment/lab4_model_training/venv/lib64/python3.12/site-packages/airflow/models/baseoperator.py", line 490, in apply_defaults
    result = func(self, **kwargs, default_args=default_args)
             ^^^^^^^^^^^^^^^^^^^^^^^^^^^^^^^^^^^^^^^^^^^^^^^
  File "/home/ec2-user/environment/lab4_model_training/venv/lib64/python3.12/site-packages/airflow/operators/python.py", line 224, in __init__
    raise AirflowException("`python_callable` param must be callable")
airflow.exceptions.AirflowException: `python_callable` param must be callable
[2026-03-22T22:59:10.322+0000] {logging_mixin.py:190} WARNING - /home/ec2-user/environment/lab4_model_training/venv/lib64/python3.12/site-packages/sklearn/linear_model/_logistic.py:469 ConvergenceWarning: lbfgs failed to converge (status=1):
STOP: TOTAL NO. OF ITERATIONS REACHED LIMIT.

Increase the number of iterations (max_iter) or scale the data as shown in:
    https://scikit-learn.org/stable/modules/preprocessing.html
Please also refer to the documentation for alternative solver options:
    https://scikit-learn.org/stable/modules/linear_model.html#logistic-regression
[2026-03-22T22:59:10.324+0000] {processor.py:927} WARNING - No viable dags retrieved from /home/ec2-user/environment/lab4_model_training/dags/train_model_dag.py
[2026-03-22T22:59:10.350+0000] {processor.py:208} INFO - Processing /home/ec2-user/environment/lab4_model_training/dags/train_model_dag.py took 1.391 seconds
[2026-03-22T22:59:40.440+0000] {processor.py:186} INFO - Started process (PID=11893) to work on /home/ec2-user/environment/lab4_model_training/dags/train_model_dag.py
[2026-03-22T22:59:40.441+0000] {processor.py:914} INFO - Processing file /home/ec2-user/environment/lab4_model_training/dags/train_model_dag.py for tasks to queue
[2026-03-22T22:59:40.442+0000] {logging_mixin.py:190} INFO - [2026-03-22T22:59:40.442+0000] {dagbag.py:588} INFO - Filling up the DagBag from /home/ec2-user/environment/lab4_model_training/dags/train_model_dag.py
[2026-03-22T22:59:41.768+0000] {logging_mixin.py:190} INFO - [ml_pipeline.model] Model accuracy: 0.9561
[2026-03-22T22:59:41.771+0000] {logging_mixin.py:190} INFO - [2026-03-22T22:59:41.769+0000] {dagbag.py:387} ERROR - Failed to import: /home/ec2-user/environment/lab4_model_training/dags/train_model_dag.py
Traceback (most recent call last):
  File "/home/ec2-user/environment/lab4_model_training/venv/lib64/python3.12/site-packages/airflow/models/dagbag.py", line 383, in parse
    loader.exec_module(new_module)
  File "<frozen importlib._bootstrap_external>", line 999, in exec_module
  File "<frozen importlib._bootstrap>", line 488, in _call_with_frames_removed
  File "/home/ec2-user/environment/lab4_model_training/dags/train_model_dag.py", line 35, in <module>
    train_task = PythonOperator(
                 ^^^^^^^^^^^^^^^
  File "/home/ec2-user/environment/lab4_model_training/venv/lib64/python3.12/site-packages/airflow/models/baseoperator.py", line 490, in apply_defaults
    result = func(self, **kwargs, default_args=default_args)
             ^^^^^^^^^^^^^^^^^^^^^^^^^^^^^^^^^^^^^^^^^^^^^^^
  File "/home/ec2-user/environment/lab4_model_training/venv/lib64/python3.12/site-packages/airflow/operators/python.py", line 224, in __init__
    raise AirflowException("`python_callable` param must be callable")
airflow.exceptions.AirflowException: `python_callable` param must be callable
[2026-03-22T22:59:41.777+0000] {logging_mixin.py:190} WARNING - /home/ec2-user/environment/lab4_model_training/venv/lib64/python3.12/site-packages/sklearn/linear_model/_logistic.py:469 ConvergenceWarning: lbfgs failed to converge (status=1):
STOP: TOTAL NO. OF ITERATIONS REACHED LIMIT.

Increase the number of iterations (max_iter) or scale the data as shown in:
    https://scikit-learn.org/stable/modules/preprocessing.html
Please also refer to the documentation for alternative solver options:
    https://scikit-learn.org/stable/modules/linear_model.html#logistic-regression
[2026-03-22T22:59:41.778+0000] {processor.py:927} WARNING - No viable dags retrieved from /home/ec2-user/environment/lab4_model_training/dags/train_model_dag.py
[2026-03-22T22:59:41.793+0000] {processor.py:208} INFO - Processing /home/ec2-user/environment/lab4_model_training/dags/train_model_dag.py took 1.358 seconds
[2026-03-22T23:00:12.804+0000] {processor.py:186} INFO - Started process (PID=11970) to work on /home/ec2-user/environment/lab4_model_training/dags/train_model_dag.py
[2026-03-22T23:00:12.805+0000] {processor.py:914} INFO - Processing file /home/ec2-user/environment/lab4_model_training/dags/train_model_dag.py for tasks to queue
[2026-03-22T23:00:12.808+0000] {logging_mixin.py:190} INFO - [2026-03-22T23:00:12.807+0000] {dagbag.py:588} INFO - Filling up the DagBag from /home/ec2-user/environment/lab4_model_training/dags/train_model_dag.py
[2026-03-22T23:00:14.136+0000] {logging_mixin.py:190} INFO - [2026-03-22T23:00:14.133+0000] {dagbag.py:387} ERROR - Failed to import: /home/ec2-user/environment/lab4_model_training/dags/train_model_dag.py
Traceback (most recent call last):
  File "/home/ec2-user/environment/lab4_model_training/venv/lib64/python3.12/site-packages/airflow/models/dagbag.py", line 383, in parse
    loader.exec_module(new_module)
  File "<frozen importlib._bootstrap_external>", line 999, in exec_module
  File "<frozen importlib._bootstrap>", line 488, in _call_with_frames_removed
  File "/home/ec2-user/environment/lab4_model_training/dags/train_model_dag.py", line 35, in <module>
    train_task = PythonOperator(
                 ^^^^^^^^^^^^^^^
  File "/home/ec2-user/environment/lab4_model_training/venv/lib64/python3.12/site-packages/airflow/models/baseoperator.py", line 490, in apply_defaults
    result = func(self, **kwargs, default_args=default_args)
             ^^^^^^^^^^^^^^^^^^^^^^^^^^^^^^^^^^^^^^^^^^^^^^^
  File "/home/ec2-user/environment/lab4_model_training/venv/lib64/python3.12/site-packages/airflow/operators/python.py", line 224, in __init__
    raise AirflowException("`python_callable` param must be callable")
airflow.exceptions.AirflowException: `python_callable` param must be callable
[2026-03-22T23:00:14.142+0000] {logging_mixin.py:190} WARNING - /home/ec2-user/environment/lab4_model_training/venv/lib64/python3.12/site-packages/sklearn/linear_model/_logistic.py:469 ConvergenceWarning: lbfgs failed to converge (status=1):
STOP: TOTAL NO. OF ITERATIONS REACHED LIMIT.

Increase the number of iterations (max_iter) or scale the data as shown in:
    https://scikit-learn.org/stable/modules/preprocessing.html
Please also refer to the documentation for alternative solver options:
    https://scikit-learn.org/stable/modules/linear_model.html#logistic-regression
[2026-03-22T23:00:14.142+0000] {processor.py:927} WARNING - No viable dags retrieved from /home/ec2-user/environment/lab4_model_training/dags/train_model_dag.py
[2026-03-22T23:00:14.158+0000] {processor.py:208} INFO - Processing /home/ec2-user/environment/lab4_model_training/dags/train_model_dag.py took 1.359 seconds
[2026-03-22T23:00:44.403+0000] {processor.py:186} INFO - Started process (PID=12048) to work on /home/ec2-user/environment/lab4_model_training/dags/train_model_dag.py
[2026-03-22T23:00:44.404+0000] {processor.py:914} INFO - Processing file /home/ec2-user/environment/lab4_model_training/dags/train_model_dag.py for tasks to queue
[2026-03-22T23:00:44.406+0000] {logging_mixin.py:190} INFO - [2026-03-22T23:00:44.405+0000] {dagbag.py:588} INFO - Filling up the DagBag from /home/ec2-user/environment/lab4_model_training/dags/train_model_dag.py
[2026-03-22T23:00:45.739+0000] {logging_mixin.py:190} INFO - [2026-03-22T23:00:45.737+0000] {dagbag.py:387} ERROR - Failed to import: /home/ec2-user/environment/lab4_model_training/dags/train_model_dag.py
Traceback (most recent call last):
  File "/home/ec2-user/environment/lab4_model_training/venv/lib64/python3.12/site-packages/airflow/models/dagbag.py", line 383, in parse
    loader.exec_module(new_module)
  File "<frozen importlib._bootstrap_external>", line 999, in exec_module
  File "<frozen importlib._bootstrap>", line 488, in _call_with_frames_removed
  File "/home/ec2-user/environment/lab4_model_training/dags/train_model_dag.py", line 35, in <module>
    train_task = PythonOperator(
                 ^^^^^^^^^^^^^^^
  File "/home/ec2-user/environment/lab4_model_training/venv/lib64/python3.12/site-packages/airflow/models/baseoperator.py", line 490, in apply_defaults
    result = func(self, **kwargs, default_args=default_args)
             ^^^^^^^^^^^^^^^^^^^^^^^^^^^^^^^^^^^^^^^^^^^^^^^
  File "/home/ec2-user/environment/lab4_model_training/venv/lib64/python3.12/site-packages/airflow/operators/python.py", line 224, in __init__
    raise AirflowException("`python_callable` param must be callable")
airflow.exceptions.AirflowException: `python_callable` param must be callable
[2026-03-22T23:00:45.747+0000] {logging_mixin.py:190} WARNING - /home/ec2-user/environment/lab4_model_training/venv/lib64/python3.12/site-packages/sklearn/linear_model/_logistic.py:469 ConvergenceWarning: lbfgs failed to converge (status=1):
STOP: TOTAL NO. OF ITERATIONS REACHED LIMIT.

Increase the number of iterations (max_iter) or scale the data as shown in:
    https://scikit-learn.org/stable/modules/preprocessing.html
Please also refer to the documentation for alternative solver options:
    https://scikit-learn.org/stable/modules/linear_model.html#logistic-regression
[2026-03-22T23:00:45.749+0000] {processor.py:927} WARNING - No viable dags retrieved from /home/ec2-user/environment/lab4_model_training/dags/train_model_dag.py
[2026-03-22T23:00:45.767+0000] {processor.py:208} INFO - Processing /home/ec2-user/environment/lab4_model_training/dags/train_model_dag.py took 1.370 seconds
[2026-03-22T23:01:15.902+0000] {processor.py:186} INFO - Started process (PID=12102) to work on /home/ec2-user/environment/lab4_model_training/dags/train_model_dag.py
[2026-03-22T23:01:15.902+0000] {processor.py:914} INFO - Processing file /home/ec2-user/environment/lab4_model_training/dags/train_model_dag.py for tasks to queue
[2026-03-22T23:01:15.904+0000] {logging_mixin.py:190} INFO - [2026-03-22T23:01:15.903+0000] {dagbag.py:588} INFO - Filling up the DagBag from /home/ec2-user/environment/lab4_model_training/dags/train_model_dag.py
[2026-03-22T23:01:17.228+0000] {logging_mixin.py:190} INFO - [2026-03-22T23:01:17.226+0000] {dagbag.py:387} ERROR - Failed to import: /home/ec2-user/environment/lab4_model_training/dags/train_model_dag.py
Traceback (most recent call last):
  File "/home/ec2-user/environment/lab4_model_training/venv/lib64/python3.12/site-packages/airflow/models/dagbag.py", line 383, in parse
    loader.exec_module(new_module)
  File "<frozen importlib._bootstrap_external>", line 999, in exec_module
  File "<frozen importlib._bootstrap>", line 488, in _call_with_frames_removed
  File "/home/ec2-user/environment/lab4_model_training/dags/train_model_dag.py", line 35, in <module>
    train_task = PythonOperator(
                 ^^^^^^^^^^^^^^^
  File "/home/ec2-user/environment/lab4_model_training/venv/lib64/python3.12/site-packages/airflow/models/baseoperator.py", line 490, in apply_defaults
    result = func(self, **kwargs, default_args=default_args)
             ^^^^^^^^^^^^^^^^^^^^^^^^^^^^^^^^^^^^^^^^^^^^^^^
  File "/home/ec2-user/environment/lab4_model_training/venv/lib64/python3.12/site-packages/airflow/operators/python.py", line 224, in __init__
    raise AirflowException("`python_callable` param must be callable")
airflow.exceptions.AirflowException: `python_callable` param must be callable
[2026-03-22T23:01:17.236+0000] {logging_mixin.py:190} WARNING - /home/ec2-user/environment/lab4_model_training/venv/lib64/python3.12/site-packages/sklearn/linear_model/_logistic.py:469 ConvergenceWarning: lbfgs failed to converge (status=1):
STOP: TOTAL NO. OF ITERATIONS REACHED LIMIT.

Increase the number of iterations (max_iter) or scale the data as shown in:
    https://scikit-learn.org/stable/modules/preprocessing.html
Please also refer to the documentation for alternative solver options:
    https://scikit-learn.org/stable/modules/linear_model.html#logistic-regression
[2026-03-22T23:01:17.244+0000] {processor.py:927} WARNING - No viable dags retrieved from /home/ec2-user/environment/lab4_model_training/dags/train_model_dag.py
[2026-03-22T23:01:17.263+0000] {processor.py:208} INFO - Processing /home/ec2-user/environment/lab4_model_training/dags/train_model_dag.py took 1.366 seconds
[2026-03-22T23:01:47.409+0000] {processor.py:186} INFO - Started process (PID=12130) to work on /home/ec2-user/environment/lab4_model_training/dags/train_model_dag.py
[2026-03-22T23:01:47.412+0000] {processor.py:914} INFO - Processing file /home/ec2-user/environment/lab4_model_training/dags/train_model_dag.py for tasks to queue
[2026-03-22T23:01:47.415+0000] {logging_mixin.py:190} INFO - [2026-03-22T23:01:47.415+0000] {dagbag.py:588} INFO - Filling up the DagBag from /home/ec2-user/environment/lab4_model_training/dags/train_model_dag.py
[2026-03-22T23:01:48.898+0000] {logging_mixin.py:190} INFO - [2026-03-22T23:01:48.896+0000] {dagbag.py:387} ERROR - Failed to import: /home/ec2-user/environment/lab4_model_training/dags/train_model_dag.py
Traceback (most recent call last):
  File "/home/ec2-user/environment/lab4_model_training/venv/lib64/python3.12/site-packages/airflow/models/dagbag.py", line 383, in parse
    loader.exec_module(new_module)
  File "<frozen importlib._bootstrap_external>", line 999, in exec_module
  File "<frozen importlib._bootstrap>", line 488, in _call_with_frames_removed
  File "/home/ec2-user/environment/lab4_model_training/dags/train_model_dag.py", line 35, in <module>
    train_task = PythonOperator(
                 ^^^^^^^^^^^^^^^
  File "/home/ec2-user/environment/lab4_model_training/venv/lib64/python3.12/site-packages/airflow/models/baseoperator.py", line 490, in apply_defaults
    result = func(self, **kwargs, default_args=default_args)
             ^^^^^^^^^^^^^^^^^^^^^^^^^^^^^^^^^^^^^^^^^^^^^^^
  File "/home/ec2-user/environment/lab4_model_training/venv/lib64/python3.12/site-packages/airflow/operators/python.py", line 224, in __init__
    raise AirflowException("`python_callable` param must be callable")
airflow.exceptions.AirflowException: `python_callable` param must be callable
[2026-03-22T23:01:48.904+0000] {logging_mixin.py:190} WARNING - /home/ec2-user/environment/lab4_model_training/venv/lib64/python3.12/site-packages/sklearn/linear_model/_logistic.py:469 ConvergenceWarning: lbfgs failed to converge (status=1):
STOP: TOTAL NO. OF ITERATIONS REACHED LIMIT.

Increase the number of iterations (max_iter) or scale the data as shown in:
    https://scikit-learn.org/stable/modules/preprocessing.html
Please also refer to the documentation for alternative solver options:
    https://scikit-learn.org/stable/modules/linear_model.html#logistic-regression
[2026-03-22T23:01:48.904+0000] {processor.py:927} WARNING - No viable dags retrieved from /home/ec2-user/environment/lab4_model_training/dags/train_model_dag.py
[2026-03-22T23:01:48.921+0000] {processor.py:208} INFO - Processing /home/ec2-user/environment/lab4_model_training/dags/train_model_dag.py took 1.518 seconds
[2026-03-22T23:02:19.963+0000] {processor.py:186} INFO - Started process (PID=12232) to work on /home/ec2-user/environment/lab4_model_training/dags/train_model_dag.py
[2026-03-22T23:02:19.964+0000] {processor.py:914} INFO - Processing file /home/ec2-user/environment/lab4_model_training/dags/train_model_dag.py for tasks to queue
[2026-03-22T23:02:19.965+0000] {logging_mixin.py:190} INFO - [2026-03-22T23:02:19.965+0000] {dagbag.py:588} INFO - Filling up the DagBag from /home/ec2-user/environment/lab4_model_training/dags/train_model_dag.py
[2026-03-22T23:02:21.300+0000] {logging_mixin.py:190} INFO - [2026-03-22T23:02:21.298+0000] {dagbag.py:387} ERROR - Failed to import: /home/ec2-user/environment/lab4_model_training/dags/train_model_dag.py
Traceback (most recent call last):
  File "/home/ec2-user/environment/lab4_model_training/venv/lib64/python3.12/site-packages/airflow/models/dagbag.py", line 383, in parse
    loader.exec_module(new_module)
  File "<frozen importlib._bootstrap_external>", line 999, in exec_module
  File "<frozen importlib._bootstrap>", line 488, in _call_with_frames_removed
  File "/home/ec2-user/environment/lab4_model_training/dags/train_model_dag.py", line 35, in <module>
    train_task = PythonOperator(
                 ^^^^^^^^^^^^^^^
  File "/home/ec2-user/environment/lab4_model_training/venv/lib64/python3.12/site-packages/airflow/models/baseoperator.py", line 490, in apply_defaults
    result = func(self, **kwargs, default_args=default_args)
             ^^^^^^^^^^^^^^^^^^^^^^^^^^^^^^^^^^^^^^^^^^^^^^^
  File "/home/ec2-user/environment/lab4_model_training/venv/lib64/python3.12/site-packages/airflow/operators/python.py", line 224, in __init__
    raise AirflowException("`python_callable` param must be callable")
airflow.exceptions.AirflowException: `python_callable` param must be callable
[2026-03-22T23:02:21.307+0000] {logging_mixin.py:190} WARNING - /home/ec2-user/environment/lab4_model_training/venv/lib64/python3.12/site-packages/sklearn/linear_model/_logistic.py:469 ConvergenceWarning: lbfgs failed to converge (status=1):
STOP: TOTAL NO. OF ITERATIONS REACHED LIMIT.

Increase the number of iterations (max_iter) or scale the data as shown in:
    https://scikit-learn.org/stable/modules/preprocessing.html
Please also refer to the documentation for alternative solver options:
    https://scikit-learn.org/stable/modules/linear_model.html#logistic-regression
[2026-03-22T23:02:21.307+0000] {processor.py:927} WARNING - No viable dags retrieved from /home/ec2-user/environment/lab4_model_training/dags/train_model_dag.py
[2026-03-22T23:02:21.323+0000] {processor.py:208} INFO - Processing /home/ec2-user/environment/lab4_model_training/dags/train_model_dag.py took 1.365 seconds
[2026-03-22T23:02:51.492+0000] {processor.py:186} INFO - Started process (PID=12264) to work on /home/ec2-user/environment/lab4_model_training/dags/train_model_dag.py
[2026-03-22T23:02:51.492+0000] {processor.py:914} INFO - Processing file /home/ec2-user/environment/lab4_model_training/dags/train_model_dag.py for tasks to queue
[2026-03-22T23:02:51.494+0000] {logging_mixin.py:190} INFO - [2026-03-22T23:02:51.493+0000] {dagbag.py:588} INFO - Filling up the DagBag from /home/ec2-user/environment/lab4_model_training/dags/train_model_dag.py
[2026-03-22T23:02:52.828+0000] {logging_mixin.py:190} INFO - [2026-03-22T23:02:52.826+0000] {dagbag.py:387} ERROR - Failed to import: /home/ec2-user/environment/lab4_model_training/dags/train_model_dag.py
Traceback (most recent call last):
  File "/home/ec2-user/environment/lab4_model_training/venv/lib64/python3.12/site-packages/airflow/models/dagbag.py", line 383, in parse
    loader.exec_module(new_module)
  File "<frozen importlib._bootstrap_external>", line 999, in exec_module
  File "<frozen importlib._bootstrap>", line 488, in _call_with_frames_removed
  File "/home/ec2-user/environment/lab4_model_training/dags/train_model_dag.py", line 35, in <module>
    train_task = PythonOperator(
                 ^^^^^^^^^^^^^^^
  File "/home/ec2-user/environment/lab4_model_training/venv/lib64/python3.12/site-packages/airflow/models/baseoperator.py", line 490, in apply_defaults
    result = func(self, **kwargs, default_args=default_args)
             ^^^^^^^^^^^^^^^^^^^^^^^^^^^^^^^^^^^^^^^^^^^^^^^
  File "/home/ec2-user/environment/lab4_model_training/venv/lib64/python3.12/site-packages/airflow/operators/python.py", line 224, in __init__
    raise AirflowException("`python_callable` param must be callable")
airflow.exceptions.AirflowException: `python_callable` param must be callable
[2026-03-22T23:02:52.836+0000] {logging_mixin.py:190} WARNING - /home/ec2-user/environment/lab4_model_training/venv/lib64/python3.12/site-packages/sklearn/linear_model/_logistic.py:469 ConvergenceWarning: lbfgs failed to converge (status=1):
STOP: TOTAL NO. OF ITERATIONS REACHED LIMIT.

Increase the number of iterations (max_iter) or scale the data as shown in:
    https://scikit-learn.org/stable/modules/preprocessing.html
Please also refer to the documentation for alternative solver options:
    https://scikit-learn.org/stable/modules/linear_model.html#logistic-regression
[2026-03-22T23:02:52.838+0000] {processor.py:927} WARNING - No viable dags retrieved from /home/ec2-user/environment/lab4_model_training/dags/train_model_dag.py
[2026-03-22T23:02:52.853+0000] {processor.py:208} INFO - Processing /home/ec2-user/environment/lab4_model_training/dags/train_model_dag.py took 1.367 seconds
[2026-03-22T23:03:22.973+0000] {processor.py:186} INFO - Started process (PID=12302) to work on /home/ec2-user/environment/lab4_model_training/dags/train_model_dag.py
[2026-03-22T23:03:22.974+0000] {processor.py:914} INFO - Processing file /home/ec2-user/environment/lab4_model_training/dags/train_model_dag.py for tasks to queue
[2026-03-22T23:03:22.975+0000] {logging_mixin.py:190} INFO - [2026-03-22T23:03:22.974+0000] {dagbag.py:588} INFO - Filling up the DagBag from /home/ec2-user/environment/lab4_model_training/dags/train_model_dag.py
[2026-03-22T23:03:24.317+0000] {logging_mixin.py:190} INFO - [2026-03-22T23:03:24.315+0000] {dagbag.py:387} ERROR - Failed to import: /home/ec2-user/environment/lab4_model_training/dags/train_model_dag.py
Traceback (most recent call last):
  File "/home/ec2-user/environment/lab4_model_training/venv/lib64/python3.12/site-packages/airflow/models/dagbag.py", line 383, in parse
    loader.exec_module(new_module)
  File "<frozen importlib._bootstrap_external>", line 999, in exec_module
  File "<frozen importlib._bootstrap>", line 488, in _call_with_frames_removed
  File "/home/ec2-user/environment/lab4_model_training/dags/train_model_dag.py", line 35, in <module>
    train_task = PythonOperator(
                 ^^^^^^^^^^^^^^^
  File "/home/ec2-user/environment/lab4_model_training/venv/lib64/python3.12/site-packages/airflow/models/baseoperator.py", line 490, in apply_defaults
    result = func(self, **kwargs, default_args=default_args)
             ^^^^^^^^^^^^^^^^^^^^^^^^^^^^^^^^^^^^^^^^^^^^^^^
  File "/home/ec2-user/environment/lab4_model_training/venv/lib64/python3.12/site-packages/airflow/operators/python.py", line 224, in __init__
    raise AirflowException("`python_callable` param must be callable")
airflow.exceptions.AirflowException: `python_callable` param must be callable
[2026-03-22T23:03:24.326+0000] {logging_mixin.py:190} WARNING - /home/ec2-user/environment/lab4_model_training/venv/lib64/python3.12/site-packages/sklearn/linear_model/_logistic.py:469 ConvergenceWarning: lbfgs failed to converge (status=1):
STOP: TOTAL NO. OF ITERATIONS REACHED LIMIT.

Increase the number of iterations (max_iter) or scale the data as shown in:
    https://scikit-learn.org/stable/modules/preprocessing.html
Please also refer to the documentation for alternative solver options:
    https://scikit-learn.org/stable/modules/linear_model.html#logistic-regression
[2026-03-22T23:03:24.328+0000] {processor.py:927} WARNING - No viable dags retrieved from /home/ec2-user/environment/lab4_model_training/dags/train_model_dag.py
[2026-03-22T23:03:24.355+0000] {processor.py:208} INFO - Processing /home/ec2-user/environment/lab4_model_training/dags/train_model_dag.py took 1.387 seconds
[2026-03-22T23:03:54.578+0000] {processor.py:186} INFO - Started process (PID=12328) to work on /home/ec2-user/environment/lab4_model_training/dags/train_model_dag.py
[2026-03-22T23:03:54.580+0000] {processor.py:914} INFO - Processing file /home/ec2-user/environment/lab4_model_training/dags/train_model_dag.py for tasks to queue
[2026-03-22T23:03:54.581+0000] {logging_mixin.py:190} INFO - [2026-03-22T23:03:54.580+0000] {dagbag.py:588} INFO - Filling up the DagBag from /home/ec2-user/environment/lab4_model_training/dags/train_model_dag.py
[2026-03-22T23:03:55.966+0000] {logging_mixin.py:190} INFO - [2026-03-22T23:03:55.964+0000] {dagbag.py:387} ERROR - Failed to import: /home/ec2-user/environment/lab4_model_training/dags/train_model_dag.py
Traceback (most recent call last):
  File "/home/ec2-user/environment/lab4_model_training/venv/lib64/python3.12/site-packages/airflow/models/dagbag.py", line 383, in parse
    loader.exec_module(new_module)
  File "<frozen importlib._bootstrap_external>", line 999, in exec_module
  File "<frozen importlib._bootstrap>", line 488, in _call_with_frames_removed
  File "/home/ec2-user/environment/lab4_model_training/dags/train_model_dag.py", line 35, in <module>
    train_task = PythonOperator(
                 ^^^^^^^^^^^^^^^
  File "/home/ec2-user/environment/lab4_model_training/venv/lib64/python3.12/site-packages/airflow/models/baseoperator.py", line 490, in apply_defaults
    result = func(self, **kwargs, default_args=default_args)
             ^^^^^^^^^^^^^^^^^^^^^^^^^^^^^^^^^^^^^^^^^^^^^^^
  File "/home/ec2-user/environment/lab4_model_training/venv/lib64/python3.12/site-packages/airflow/operators/python.py", line 224, in __init__
    raise AirflowException("`python_callable` param must be callable")
airflow.exceptions.AirflowException: `python_callable` param must be callable
[2026-03-22T23:03:55.974+0000] {logging_mixin.py:190} WARNING - /home/ec2-user/environment/lab4_model_training/venv/lib64/python3.12/site-packages/sklearn/linear_model/_logistic.py:469 ConvergenceWarning: lbfgs failed to converge (status=1):
STOP: TOTAL NO. OF ITERATIONS REACHED LIMIT.

Increase the number of iterations (max_iter) or scale the data as shown in:
    https://scikit-learn.org/stable/modules/preprocessing.html
Please also refer to the documentation for alternative solver options:
    https://scikit-learn.org/stable/modules/linear_model.html#logistic-regression
[2026-03-22T23:03:55.974+0000] {processor.py:927} WARNING - No viable dags retrieved from /home/ec2-user/environment/lab4_model_training/dags/train_model_dag.py
[2026-03-22T23:03:55.989+0000] {processor.py:208} INFO - Processing /home/ec2-user/environment/lab4_model_training/dags/train_model_dag.py took 1.416 seconds
[2026-03-22T23:04:26.364+0000] {processor.py:186} INFO - Started process (PID=12423) to work on /home/ec2-user/environment/lab4_model_training/dags/train_model_dag.py
[2026-03-22T23:04:26.364+0000] {processor.py:914} INFO - Processing file /home/ec2-user/environment/lab4_model_training/dags/train_model_dag.py for tasks to queue
[2026-03-22T23:04:26.366+0000] {logging_mixin.py:190} INFO - [2026-03-22T23:04:26.365+0000] {dagbag.py:588} INFO - Filling up the DagBag from /home/ec2-user/environment/lab4_model_training/dags/train_model_dag.py
[2026-03-22T23:04:27.691+0000] {logging_mixin.py:190} INFO - [2026-03-22T23:04:27.689+0000] {dagbag.py:387} ERROR - Failed to import: /home/ec2-user/environment/lab4_model_training/dags/train_model_dag.py
Traceback (most recent call last):
  File "/home/ec2-user/environment/lab4_model_training/venv/lib64/python3.12/site-packages/airflow/models/dagbag.py", line 383, in parse
    loader.exec_module(new_module)
  File "<frozen importlib._bootstrap_external>", line 999, in exec_module
  File "<frozen importlib._bootstrap>", line 488, in _call_with_frames_removed
  File "/home/ec2-user/environment/lab4_model_training/dags/train_model_dag.py", line 35, in <module>
    train_task = PythonOperator(
                 ^^^^^^^^^^^^^^^
  File "/home/ec2-user/environment/lab4_model_training/venv/lib64/python3.12/site-packages/airflow/models/baseoperator.py", line 490, in apply_defaults
    result = func(self, **kwargs, default_args=default_args)
             ^^^^^^^^^^^^^^^^^^^^^^^^^^^^^^^^^^^^^^^^^^^^^^^
  File "/home/ec2-user/environment/lab4_model_training/venv/lib64/python3.12/site-packages/airflow/operators/python.py", line 224, in __init__
    raise AirflowException("`python_callable` param must be callable")
airflow.exceptions.AirflowException: `python_callable` param must be callable
[2026-03-22T23:04:27.697+0000] {logging_mixin.py:190} WARNING - /home/ec2-user/environment/lab4_model_training/venv/lib64/python3.12/site-packages/sklearn/linear_model/_logistic.py:469 ConvergenceWarning: lbfgs failed to converge (status=1):
STOP: TOTAL NO. OF ITERATIONS REACHED LIMIT.

Increase the number of iterations (max_iter) or scale the data as shown in:
    https://scikit-learn.org/stable/modules/preprocessing.html
Please also refer to the documentation for alternative solver options:
    https://scikit-learn.org/stable/modules/linear_model.html#logistic-regression
[2026-03-22T23:04:27.697+0000] {processor.py:927} WARNING - No viable dags retrieved from /home/ec2-user/environment/lab4_model_training/dags/train_model_dag.py
[2026-03-22T23:04:27.713+0000] {processor.py:208} INFO - Processing /home/ec2-user/environment/lab4_model_training/dags/train_model_dag.py took 1.354 seconds
[2026-03-22T23:04:58.209+0000] {processor.py:186} INFO - Started process (PID=12450) to work on /home/ec2-user/environment/lab4_model_training/dags/train_model_dag.py
[2026-03-22T23:04:58.210+0000] {processor.py:914} INFO - Processing file /home/ec2-user/environment/lab4_model_training/dags/train_model_dag.py for tasks to queue
[2026-03-22T23:04:58.212+0000] {logging_mixin.py:190} INFO - [2026-03-22T23:04:58.211+0000] {dagbag.py:588} INFO - Filling up the DagBag from /home/ec2-user/environment/lab4_model_training/dags/train_model_dag.py
[2026-03-22T23:04:59.540+0000] {logging_mixin.py:190} INFO - [2026-03-22T23:04:59.538+0000] {dagbag.py:387} ERROR - Failed to import: /home/ec2-user/environment/lab4_model_training/dags/train_model_dag.py
Traceback (most recent call last):
  File "/home/ec2-user/environment/lab4_model_training/venv/lib64/python3.12/site-packages/airflow/models/dagbag.py", line 383, in parse
    loader.exec_module(new_module)
  File "<frozen importlib._bootstrap_external>", line 999, in exec_module
  File "<frozen importlib._bootstrap>", line 488, in _call_with_frames_removed
  File "/home/ec2-user/environment/lab4_model_training/dags/train_model_dag.py", line 35, in <module>
    train_task = PythonOperator(
                 ^^^^^^^^^^^^^^^
  File "/home/ec2-user/environment/lab4_model_training/venv/lib64/python3.12/site-packages/airflow/models/baseoperator.py", line 490, in apply_defaults
    result = func(self, **kwargs, default_args=default_args)
             ^^^^^^^^^^^^^^^^^^^^^^^^^^^^^^^^^^^^^^^^^^^^^^^
  File "/home/ec2-user/environment/lab4_model_training/venv/lib64/python3.12/site-packages/airflow/operators/python.py", line 224, in __init__
    raise AirflowException("`python_callable` param must be callable")
airflow.exceptions.AirflowException: `python_callable` param must be callable
[2026-03-22T23:04:59.547+0000] {logging_mixin.py:190} WARNING - /home/ec2-user/environment/lab4_model_training/venv/lib64/python3.12/site-packages/sklearn/linear_model/_logistic.py:469 ConvergenceWarning: lbfgs failed to converge (status=1):
STOP: TOTAL NO. OF ITERATIONS REACHED LIMIT.

Increase the number of iterations (max_iter) or scale the data as shown in:
    https://scikit-learn.org/stable/modules/preprocessing.html
Please also refer to the documentation for alternative solver options:
    https://scikit-learn.org/stable/modules/linear_model.html#logistic-regression
[2026-03-22T23:04:59.549+0000] {processor.py:927} WARNING - No viable dags retrieved from /home/ec2-user/environment/lab4_model_training/dags/train_model_dag.py
[2026-03-22T23:04:59.573+0000] {processor.py:208} INFO - Processing /home/ec2-user/environment/lab4_model_training/dags/train_model_dag.py took 1.369 seconds
[2026-03-22T23:05:29.856+0000] {processor.py:186} INFO - Started process (PID=12489) to work on /home/ec2-user/environment/lab4_model_training/dags/train_model_dag.py
[2026-03-22T23:05:29.857+0000] {processor.py:914} INFO - Processing file /home/ec2-user/environment/lab4_model_training/dags/train_model_dag.py for tasks to queue
[2026-03-22T23:05:29.858+0000] {logging_mixin.py:190} INFO - [2026-03-22T23:05:29.858+0000] {dagbag.py:588} INFO - Filling up the DagBag from /home/ec2-user/environment/lab4_model_training/dags/train_model_dag.py
[2026-03-22T23:05:31.176+0000] {logging_mixin.py:190} INFO - [2026-03-22T23:05:31.174+0000] {dagbag.py:387} ERROR - Failed to import: /home/ec2-user/environment/lab4_model_training/dags/train_model_dag.py
Traceback (most recent call last):
  File "/home/ec2-user/environment/lab4_model_training/venv/lib64/python3.12/site-packages/airflow/models/dagbag.py", line 383, in parse
    loader.exec_module(new_module)
  File "<frozen importlib._bootstrap_external>", line 999, in exec_module
  File "<frozen importlib._bootstrap>", line 488, in _call_with_frames_removed
  File "/home/ec2-user/environment/lab4_model_training/dags/train_model_dag.py", line 35, in <module>
    train_task = PythonOperator(
                 ^^^^^^^^^^^^^^^
  File "/home/ec2-user/environment/lab4_model_training/venv/lib64/python3.12/site-packages/airflow/models/baseoperator.py", line 490, in apply_defaults
    result = func(self, **kwargs, default_args=default_args)
             ^^^^^^^^^^^^^^^^^^^^^^^^^^^^^^^^^^^^^^^^^^^^^^^
  File "/home/ec2-user/environment/lab4_model_training/venv/lib64/python3.12/site-packages/airflow/operators/python.py", line 224, in __init__
    raise AirflowException("`python_callable` param must be callable")
airflow.exceptions.AirflowException: `python_callable` param must be callable
[2026-03-22T23:05:31.184+0000] {logging_mixin.py:190} WARNING - /home/ec2-user/environment/lab4_model_training/venv/lib64/python3.12/site-packages/sklearn/linear_model/_logistic.py:469 ConvergenceWarning: lbfgs failed to converge (status=1):
STOP: TOTAL NO. OF ITERATIONS REACHED LIMIT.

Increase the number of iterations (max_iter) or scale the data as shown in:
    https://scikit-learn.org/stable/modules/preprocessing.html
Please also refer to the documentation for alternative solver options:
    https://scikit-learn.org/stable/modules/linear_model.html#logistic-regression
[2026-03-22T23:05:31.185+0000] {processor.py:927} WARNING - No viable dags retrieved from /home/ec2-user/environment/lab4_model_training/dags/train_model_dag.py
[2026-03-22T23:05:31.208+0000] {processor.py:208} INFO - Processing /home/ec2-user/environment/lab4_model_training/dags/train_model_dag.py took 1.357 seconds
[2026-03-22T23:06:01.398+0000] {processor.py:186} INFO - Started process (PID=12576) to work on /home/ec2-user/environment/lab4_model_training/dags/train_model_dag.py
[2026-03-22T23:06:01.399+0000] {processor.py:914} INFO - Processing file /home/ec2-user/environment/lab4_model_training/dags/train_model_dag.py for tasks to queue
[2026-03-22T23:06:01.400+0000] {logging_mixin.py:190} INFO - [2026-03-22T23:06:01.400+0000] {dagbag.py:588} INFO - Filling up the DagBag from /home/ec2-user/environment/lab4_model_training/dags/train_model_dag.py
[2026-03-22T23:06:02.732+0000] {logging_mixin.py:190} INFO - [2026-03-22T23:06:02.730+0000] {dagbag.py:387} ERROR - Failed to import: /home/ec2-user/environment/lab4_model_training/dags/train_model_dag.py
Traceback (most recent call last):
  File "/home/ec2-user/environment/lab4_model_training/venv/lib64/python3.12/site-packages/airflow/models/dagbag.py", line 383, in parse
    loader.exec_module(new_module)
  File "<frozen importlib._bootstrap_external>", line 999, in exec_module
  File "<frozen importlib._bootstrap>", line 488, in _call_with_frames_removed
  File "/home/ec2-user/environment/lab4_model_training/dags/train_model_dag.py", line 35, in <module>
    train_task = PythonOperator(
                 ^^^^^^^^^^^^^^^
  File "/home/ec2-user/environment/lab4_model_training/venv/lib64/python3.12/site-packages/airflow/models/baseoperator.py", line 490, in apply_defaults
    result = func(self, **kwargs, default_args=default_args)
             ^^^^^^^^^^^^^^^^^^^^^^^^^^^^^^^^^^^^^^^^^^^^^^^
  File "/home/ec2-user/environment/lab4_model_training/venv/lib64/python3.12/site-packages/airflow/operators/python.py", line 224, in __init__
    raise AirflowException("`python_callable` param must be callable")
airflow.exceptions.AirflowException: `python_callable` param must be callable
[2026-03-22T23:06:02.739+0000] {logging_mixin.py:190} WARNING - /home/ec2-user/environment/lab4_model_training/venv/lib64/python3.12/site-packages/sklearn/linear_model/_logistic.py:469 ConvergenceWarning: lbfgs failed to converge (status=1):
STOP: TOTAL NO. OF ITERATIONS REACHED LIMIT.

Increase the number of iterations (max_iter) or scale the data as shown in:
    https://scikit-learn.org/stable/modules/preprocessing.html
Please also refer to the documentation for alternative solver options:
    https://scikit-learn.org/stable/modules/linear_model.html#logistic-regression
[2026-03-22T23:06:02.739+0000] {processor.py:927} WARNING - No viable dags retrieved from /home/ec2-user/environment/lab4_model_training/dags/train_model_dag.py
[2026-03-22T23:06:02.753+0000] {processor.py:208} INFO - Processing /home/ec2-user/environment/lab4_model_training/dags/train_model_dag.py took 1.360 seconds
[2026-03-22T23:06:33.339+0000] {processor.py:186} INFO - Started process (PID=12624) to work on /home/ec2-user/environment/lab4_model_training/dags/train_model_dag.py
[2026-03-22T23:06:33.340+0000] {processor.py:914} INFO - Processing file /home/ec2-user/environment/lab4_model_training/dags/train_model_dag.py for tasks to queue
[2026-03-22T23:06:33.342+0000] {logging_mixin.py:190} INFO - [2026-03-22T23:06:33.342+0000] {dagbag.py:588} INFO - Filling up the DagBag from /home/ec2-user/environment/lab4_model_training/dags/train_model_dag.py
[2026-03-22T23:06:34.674+0000] {logging_mixin.py:190} INFO - [2026-03-22T23:06:34.672+0000] {dagbag.py:387} ERROR - Failed to import: /home/ec2-user/environment/lab4_model_training/dags/train_model_dag.py
Traceback (most recent call last):
  File "/home/ec2-user/environment/lab4_model_training/venv/lib64/python3.12/site-packages/airflow/models/dagbag.py", line 383, in parse
    loader.exec_module(new_module)
  File "<frozen importlib._bootstrap_external>", line 999, in exec_module
  File "<frozen importlib._bootstrap>", line 488, in _call_with_frames_removed
  File "/home/ec2-user/environment/lab4_model_training/dags/train_model_dag.py", line 35, in <module>
    train_task = PythonOperator(
                 ^^^^^^^^^^^^^^^
  File "/home/ec2-user/environment/lab4_model_training/venv/lib64/python3.12/site-packages/airflow/models/baseoperator.py", line 490, in apply_defaults
    result = func(self, **kwargs, default_args=default_args)
             ^^^^^^^^^^^^^^^^^^^^^^^^^^^^^^^^^^^^^^^^^^^^^^^
  File "/home/ec2-user/environment/lab4_model_training/venv/lib64/python3.12/site-packages/airflow/operators/python.py", line 224, in __init__
    raise AirflowException("`python_callable` param must be callable")
airflow.exceptions.AirflowException: `python_callable` param must be callable
[2026-03-22T23:06:34.680+0000] {logging_mixin.py:190} WARNING - /home/ec2-user/environment/lab4_model_training/venv/lib64/python3.12/site-packages/sklearn/linear_model/_logistic.py:469 ConvergenceWarning: lbfgs failed to converge (status=1):
STOP: TOTAL NO. OF ITERATIONS REACHED LIMIT.

Increase the number of iterations (max_iter) or scale the data as shown in:
    https://scikit-learn.org/stable/modules/preprocessing.html
Please also refer to the documentation for alternative solver options:
    https://scikit-learn.org/stable/modules/linear_model.html#logistic-regression
[2026-03-22T23:06:34.680+0000] {processor.py:927} WARNING - No viable dags retrieved from /home/ec2-user/environment/lab4_model_training/dags/train_model_dag.py
[2026-03-22T23:06:34.696+0000] {processor.py:208} INFO - Processing /home/ec2-user/environment/lab4_model_training/dags/train_model_dag.py took 1.361 seconds
[2026-03-22T23:07:05.029+0000] {processor.py:186} INFO - Started process (PID=12662) to work on /home/ec2-user/environment/lab4_model_training/dags/train_model_dag.py
[2026-03-22T23:07:05.030+0000] {processor.py:914} INFO - Processing file /home/ec2-user/environment/lab4_model_training/dags/train_model_dag.py for tasks to queue
[2026-03-22T23:07:05.032+0000] {logging_mixin.py:190} INFO - [2026-03-22T23:07:05.031+0000] {dagbag.py:588} INFO - Filling up the DagBag from /home/ec2-user/environment/lab4_model_training/dags/train_model_dag.py
[2026-03-22T23:07:06.361+0000] {logging_mixin.py:190} INFO - [2026-03-22T23:07:06.359+0000] {dagbag.py:387} ERROR - Failed to import: /home/ec2-user/environment/lab4_model_training/dags/train_model_dag.py
Traceback (most recent call last):
  File "/home/ec2-user/environment/lab4_model_training/venv/lib64/python3.12/site-packages/airflow/models/dagbag.py", line 383, in parse
    loader.exec_module(new_module)
  File "<frozen importlib._bootstrap_external>", line 999, in exec_module
  File "<frozen importlib._bootstrap>", line 488, in _call_with_frames_removed
  File "/home/ec2-user/environment/lab4_model_training/dags/train_model_dag.py", line 35, in <module>
    train_task = PythonOperator(
                 ^^^^^^^^^^^^^^^
  File "/home/ec2-user/environment/lab4_model_training/venv/lib64/python3.12/site-packages/airflow/models/baseoperator.py", line 490, in apply_defaults
    result = func(self, **kwargs, default_args=default_args)
             ^^^^^^^^^^^^^^^^^^^^^^^^^^^^^^^^^^^^^^^^^^^^^^^
  File "/home/ec2-user/environment/lab4_model_training/venv/lib64/python3.12/site-packages/airflow/operators/python.py", line 224, in __init__
    raise AirflowException("`python_callable` param must be callable")
airflow.exceptions.AirflowException: `python_callable` param must be callable
[2026-03-22T23:07:06.367+0000] {logging_mixin.py:190} WARNING - /home/ec2-user/environment/lab4_model_training/venv/lib64/python3.12/site-packages/sklearn/linear_model/_logistic.py:469 ConvergenceWarning: lbfgs failed to converge (status=1):
STOP: TOTAL NO. OF ITERATIONS REACHED LIMIT.

Increase the number of iterations (max_iter) or scale the data as shown in:
    https://scikit-learn.org/stable/modules/preprocessing.html
Please also refer to the documentation for alternative solver options:
    https://scikit-learn.org/stable/modules/linear_model.html#logistic-regression
[2026-03-22T23:07:06.367+0000] {processor.py:927} WARNING - No viable dags retrieved from /home/ec2-user/environment/lab4_model_training/dags/train_model_dag.py
[2026-03-22T23:07:06.384+0000] {processor.py:208} INFO - Processing /home/ec2-user/environment/lab4_model_training/dags/train_model_dag.py took 1.360 seconds
[2026-03-22T23:07:36.621+0000] {processor.py:186} INFO - Started process (PID=12694) to work on /home/ec2-user/environment/lab4_model_training/dags/train_model_dag.py
[2026-03-22T23:07:36.622+0000] {processor.py:914} INFO - Processing file /home/ec2-user/environment/lab4_model_training/dags/train_model_dag.py for tasks to queue
[2026-03-22T23:07:36.623+0000] {logging_mixin.py:190} INFO - [2026-03-22T23:07:36.623+0000] {dagbag.py:588} INFO - Filling up the DagBag from /home/ec2-user/environment/lab4_model_training/dags/train_model_dag.py
[2026-03-22T23:07:37.948+0000] {logging_mixin.py:190} INFO - [2026-03-22T23:07:37.946+0000] {dagbag.py:387} ERROR - Failed to import: /home/ec2-user/environment/lab4_model_training/dags/train_model_dag.py
Traceback (most recent call last):
  File "/home/ec2-user/environment/lab4_model_training/venv/lib64/python3.12/site-packages/airflow/models/dagbag.py", line 383, in parse
    loader.exec_module(new_module)
  File "<frozen importlib._bootstrap_external>", line 999, in exec_module
  File "<frozen importlib._bootstrap>", line 488, in _call_with_frames_removed
  File "/home/ec2-user/environment/lab4_model_training/dags/train_model_dag.py", line 35, in <module>
    train_task = PythonOperator(
                 ^^^^^^^^^^^^^^^
  File "/home/ec2-user/environment/lab4_model_training/venv/lib64/python3.12/site-packages/airflow/models/baseoperator.py", line 490, in apply_defaults
    result = func(self, **kwargs, default_args=default_args)
             ^^^^^^^^^^^^^^^^^^^^^^^^^^^^^^^^^^^^^^^^^^^^^^^
  File "/home/ec2-user/environment/lab4_model_training/venv/lib64/python3.12/site-packages/airflow/operators/python.py", line 224, in __init__
    raise AirflowException("`python_callable` param must be callable")
airflow.exceptions.AirflowException: `python_callable` param must be callable
[2026-03-22T23:07:37.954+0000] {logging_mixin.py:190} WARNING - /home/ec2-user/environment/lab4_model_training/venv/lib64/python3.12/site-packages/sklearn/linear_model/_logistic.py:469 ConvergenceWarning: lbfgs failed to converge (status=1):
STOP: TOTAL NO. OF ITERATIONS REACHED LIMIT.

Increase the number of iterations (max_iter) or scale the data as shown in:
    https://scikit-learn.org/stable/modules/preprocessing.html
Please also refer to the documentation for alternative solver options:
    https://scikit-learn.org/stable/modules/linear_model.html#logistic-regression
[2026-03-22T23:07:37.955+0000] {processor.py:927} WARNING - No viable dags retrieved from /home/ec2-user/environment/lab4_model_training/dags/train_model_dag.py
[2026-03-22T23:07:37.969+0000] {processor.py:208} INFO - Processing /home/ec2-user/environment/lab4_model_training/dags/train_model_dag.py took 1.353 seconds
[2026-03-22T23:08:08.312+0000] {processor.py:186} INFO - Started process (PID=12780) to work on /home/ec2-user/environment/lab4_model_training/dags/train_model_dag.py
[2026-03-22T23:08:08.313+0000] {processor.py:914} INFO - Processing file /home/ec2-user/environment/lab4_model_training/dags/train_model_dag.py for tasks to queue
[2026-03-22T23:08:08.314+0000] {logging_mixin.py:190} INFO - [2026-03-22T23:08:08.314+0000] {dagbag.py:588} INFO - Filling up the DagBag from /home/ec2-user/environment/lab4_model_training/dags/train_model_dag.py
[2026-03-22T23:08:09.627+0000] {logging_mixin.py:190} INFO - [2026-03-22T23:08:09.625+0000] {dagbag.py:387} ERROR - Failed to import: /home/ec2-user/environment/lab4_model_training/dags/train_model_dag.py
Traceback (most recent call last):
  File "/home/ec2-user/environment/lab4_model_training/venv/lib64/python3.12/site-packages/airflow/models/dagbag.py", line 383, in parse
    loader.exec_module(new_module)
  File "<frozen importlib._bootstrap_external>", line 999, in exec_module
  File "<frozen importlib._bootstrap>", line 488, in _call_with_frames_removed
  File "/home/ec2-user/environment/lab4_model_training/dags/train_model_dag.py", line 35, in <module>
    train_task = PythonOperator(
                 ^^^^^^^^^^^^^^^
  File "/home/ec2-user/environment/lab4_model_training/venv/lib64/python3.12/site-packages/airflow/models/baseoperator.py", line 490, in apply_defaults
    result = func(self, **kwargs, default_args=default_args)
             ^^^^^^^^^^^^^^^^^^^^^^^^^^^^^^^^^^^^^^^^^^^^^^^
  File "/home/ec2-user/environment/lab4_model_training/venv/lib64/python3.12/site-packages/airflow/operators/python.py", line 224, in __init__
    raise AirflowException("`python_callable` param must be callable")
airflow.exceptions.AirflowException: `python_callable` param must be callable
[2026-03-22T23:08:09.633+0000] {logging_mixin.py:190} WARNING - /home/ec2-user/environment/lab4_model_training/venv/lib64/python3.12/site-packages/sklearn/linear_model/_logistic.py:469 ConvergenceWarning: lbfgs failed to converge (status=1):
STOP: TOTAL NO. OF ITERATIONS REACHED LIMIT.

Increase the number of iterations (max_iter) or scale the data as shown in:
    https://scikit-learn.org/stable/modules/preprocessing.html
Please also refer to the documentation for alternative solver options:
    https://scikit-learn.org/stable/modules/linear_model.html#logistic-regression
[2026-03-22T23:08:09.634+0000] {processor.py:927} WARNING - No viable dags retrieved from /home/ec2-user/environment/lab4_model_training/dags/train_model_dag.py
[2026-03-22T23:08:09.649+0000] {processor.py:208} INFO - Processing /home/ec2-user/environment/lab4_model_training/dags/train_model_dag.py took 1.341 seconds
[2026-03-22T23:08:40.126+0000] {processor.py:186} INFO - Started process (PID=12806) to work on /home/ec2-user/environment/lab4_model_training/dags/train_model_dag.py
[2026-03-22T23:08:40.127+0000] {processor.py:914} INFO - Processing file /home/ec2-user/environment/lab4_model_training/dags/train_model_dag.py for tasks to queue
[2026-03-22T23:08:40.128+0000] {logging_mixin.py:190} INFO - [2026-03-22T23:08:40.128+0000] {dagbag.py:588} INFO - Filling up the DagBag from /home/ec2-user/environment/lab4_model_training/dags/train_model_dag.py
[2026-03-22T23:08:41.454+0000] {logging_mixin.py:190} INFO - [2026-03-22T23:08:41.452+0000] {dagbag.py:387} ERROR - Failed to import: /home/ec2-user/environment/lab4_model_training/dags/train_model_dag.py
Traceback (most recent call last):
  File "/home/ec2-user/environment/lab4_model_training/venv/lib64/python3.12/site-packages/airflow/models/dagbag.py", line 383, in parse
    loader.exec_module(new_module)
  File "<frozen importlib._bootstrap_external>", line 999, in exec_module
  File "<frozen importlib._bootstrap>", line 488, in _call_with_frames_removed
  File "/home/ec2-user/environment/lab4_model_training/dags/train_model_dag.py", line 35, in <module>
    train_task = PythonOperator(
                 ^^^^^^^^^^^^^^^
  File "/home/ec2-user/environment/lab4_model_training/venv/lib64/python3.12/site-packages/airflow/models/baseoperator.py", line 490, in apply_defaults
    result = func(self, **kwargs, default_args=default_args)
             ^^^^^^^^^^^^^^^^^^^^^^^^^^^^^^^^^^^^^^^^^^^^^^^
  File "/home/ec2-user/environment/lab4_model_training/venv/lib64/python3.12/site-packages/airflow/operators/python.py", line 224, in __init__
    raise AirflowException("`python_callable` param must be callable")
airflow.exceptions.AirflowException: `python_callable` param must be callable
[2026-03-22T23:08:41.462+0000] {logging_mixin.py:190} WARNING - /home/ec2-user/environment/lab4_model_training/venv/lib64/python3.12/site-packages/sklearn/linear_model/_logistic.py:469 ConvergenceWarning: lbfgs failed to converge (status=1):
STOP: TOTAL NO. OF ITERATIONS REACHED LIMIT.

Increase the number of iterations (max_iter) or scale the data as shown in:
    https://scikit-learn.org/stable/modules/preprocessing.html
Please also refer to the documentation for alternative solver options:
    https://scikit-learn.org/stable/modules/linear_model.html#logistic-regression
[2026-03-22T23:08:41.462+0000] {processor.py:927} WARNING - No viable dags retrieved from /home/ec2-user/environment/lab4_model_training/dags/train_model_dag.py
[2026-03-22T23:08:41.478+0000] {processor.py:208} INFO - Processing /home/ec2-user/environment/lab4_model_training/dags/train_model_dag.py took 1.357 seconds
[2026-03-22T23:09:11.715+0000] {processor.py:186} INFO - Started process (PID=12844) to work on /home/ec2-user/environment/lab4_model_training/dags/train_model_dag.py
[2026-03-22T23:09:11.716+0000] {processor.py:914} INFO - Processing file /home/ec2-user/environment/lab4_model_training/dags/train_model_dag.py for tasks to queue
[2026-03-22T23:09:11.718+0000] {logging_mixin.py:190} INFO - [2026-03-22T23:09:11.717+0000] {dagbag.py:588} INFO - Filling up the DagBag from /home/ec2-user/environment/lab4_model_training/dags/train_model_dag.py
[2026-03-22T23:09:13.044+0000] {logging_mixin.py:190} INFO - [2026-03-22T23:09:13.042+0000] {dagbag.py:387} ERROR - Failed to import: /home/ec2-user/environment/lab4_model_training/dags/train_model_dag.py
Traceback (most recent call last):
  File "/home/ec2-user/environment/lab4_model_training/venv/lib64/python3.12/site-packages/airflow/models/dagbag.py", line 383, in parse
    loader.exec_module(new_module)
  File "<frozen importlib._bootstrap_external>", line 999, in exec_module
  File "<frozen importlib._bootstrap>", line 488, in _call_with_frames_removed
  File "/home/ec2-user/environment/lab4_model_training/dags/train_model_dag.py", line 35, in <module>
    train_task = PythonOperator(
                 ^^^^^^^^^^^^^^^
  File "/home/ec2-user/environment/lab4_model_training/venv/lib64/python3.12/site-packages/airflow/models/baseoperator.py", line 490, in apply_defaults
    result = func(self, **kwargs, default_args=default_args)
             ^^^^^^^^^^^^^^^^^^^^^^^^^^^^^^^^^^^^^^^^^^^^^^^
  File "/home/ec2-user/environment/lab4_model_training/venv/lib64/python3.12/site-packages/airflow/operators/python.py", line 224, in __init__
    raise AirflowException("`python_callable` param must be callable")
airflow.exceptions.AirflowException: `python_callable` param must be callable
[2026-03-22T23:09:13.051+0000] {logging_mixin.py:190} WARNING - /home/ec2-user/environment/lab4_model_training/venv/lib64/python3.12/site-packages/sklearn/linear_model/_logistic.py:469 ConvergenceWarning: lbfgs failed to converge (status=1):
STOP: TOTAL NO. OF ITERATIONS REACHED LIMIT.

Increase the number of iterations (max_iter) or scale the data as shown in:
    https://scikit-learn.org/stable/modules/preprocessing.html
Please also refer to the documentation for alternative solver options:
    https://scikit-learn.org/stable/modules/linear_model.html#logistic-regression
[2026-03-22T23:09:13.052+0000] {processor.py:927} WARNING - No viable dags retrieved from /home/ec2-user/environment/lab4_model_training/dags/train_model_dag.py
[2026-03-22T23:09:13.069+0000] {processor.py:208} INFO - Processing /home/ec2-user/environment/lab4_model_training/dags/train_model_dag.py took 1.359 seconds
[2026-03-22T23:09:43.305+0000] {processor.py:186} INFO - Started process (PID=12872) to work on /home/ec2-user/environment/lab4_model_training/dags/train_model_dag.py
[2026-03-22T23:09:43.306+0000] {processor.py:914} INFO - Processing file /home/ec2-user/environment/lab4_model_training/dags/train_model_dag.py for tasks to queue
[2026-03-22T23:09:43.308+0000] {logging_mixin.py:190} INFO - [2026-03-22T23:09:43.308+0000] {dagbag.py:588} INFO - Filling up the DagBag from /home/ec2-user/environment/lab4_model_training/dags/train_model_dag.py
[2026-03-22T23:09:44.645+0000] {logging_mixin.py:190} INFO - [2026-03-22T23:09:44.643+0000] {dagbag.py:387} ERROR - Failed to import: /home/ec2-user/environment/lab4_model_training/dags/train_model_dag.py
Traceback (most recent call last):
  File "/home/ec2-user/environment/lab4_model_training/venv/lib64/python3.12/site-packages/airflow/models/dagbag.py", line 383, in parse
    loader.exec_module(new_module)
  File "<frozen importlib._bootstrap_external>", line 999, in exec_module
  File "<frozen importlib._bootstrap>", line 488, in _call_with_frames_removed
  File "/home/ec2-user/environment/lab4_model_training/dags/train_model_dag.py", line 35, in <module>
    train_task = PythonOperator(
                 ^^^^^^^^^^^^^^^
  File "/home/ec2-user/environment/lab4_model_training/venv/lib64/python3.12/site-packages/airflow/models/baseoperator.py", line 490, in apply_defaults
    result = func(self, **kwargs, default_args=default_args)
             ^^^^^^^^^^^^^^^^^^^^^^^^^^^^^^^^^^^^^^^^^^^^^^^
  File "/home/ec2-user/environment/lab4_model_training/venv/lib64/python3.12/site-packages/airflow/operators/python.py", line 224, in __init__
    raise AirflowException("`python_callable` param must be callable")
airflow.exceptions.AirflowException: `python_callable` param must be callable
[2026-03-22T23:09:44.651+0000] {logging_mixin.py:190} WARNING - /home/ec2-user/environment/lab4_model_training/venv/lib64/python3.12/site-packages/sklearn/linear_model/_logistic.py:469 ConvergenceWarning: lbfgs failed to converge (status=1):
STOP: TOTAL NO. OF ITERATIONS REACHED LIMIT.

Increase the number of iterations (max_iter) or scale the data as shown in:
    https://scikit-learn.org/stable/modules/preprocessing.html
Please also refer to the documentation for alternative solver options:
    https://scikit-learn.org/stable/modules/linear_model.html#logistic-regression
[2026-03-22T23:09:44.651+0000] {processor.py:927} WARNING - No viable dags retrieved from /home/ec2-user/environment/lab4_model_training/dags/train_model_dag.py
[2026-03-22T23:09:44.667+0000] {processor.py:208} INFO - Processing /home/ec2-user/environment/lab4_model_training/dags/train_model_dag.py took 1.366 seconds
[2026-03-22T23:10:14.908+0000] {processor.py:186} INFO - Started process (PID=12965) to work on /home/ec2-user/environment/lab4_model_training/dags/train_model_dag.py
[2026-03-22T23:10:14.909+0000] {processor.py:914} INFO - Processing file /home/ec2-user/environment/lab4_model_training/dags/train_model_dag.py for tasks to queue
[2026-03-22T23:10:14.910+0000] {logging_mixin.py:190} INFO - [2026-03-22T23:10:14.910+0000] {dagbag.py:588} INFO - Filling up the DagBag from /home/ec2-user/environment/lab4_model_training/dags/train_model_dag.py
[2026-03-22T23:10:16.232+0000] {logging_mixin.py:190} INFO - [2026-03-22T23:10:16.230+0000] {dagbag.py:387} ERROR - Failed to import: /home/ec2-user/environment/lab4_model_training/dags/train_model_dag.py
Traceback (most recent call last):
  File "/home/ec2-user/environment/lab4_model_training/venv/lib64/python3.12/site-packages/airflow/models/dagbag.py", line 383, in parse
    loader.exec_module(new_module)
  File "<frozen importlib._bootstrap_external>", line 999, in exec_module
  File "<frozen importlib._bootstrap>", line 488, in _call_with_frames_removed
  File "/home/ec2-user/environment/lab4_model_training/dags/train_model_dag.py", line 35, in <module>
    train_task = PythonOperator(
                 ^^^^^^^^^^^^^^^
  File "/home/ec2-user/environment/lab4_model_training/venv/lib64/python3.12/site-packages/airflow/models/baseoperator.py", line 490, in apply_defaults
    result = func(self, **kwargs, default_args=default_args)
             ^^^^^^^^^^^^^^^^^^^^^^^^^^^^^^^^^^^^^^^^^^^^^^^
  File "/home/ec2-user/environment/lab4_model_training/venv/lib64/python3.12/site-packages/airflow/operators/python.py", line 224, in __init__
    raise AirflowException("`python_callable` param must be callable")
airflow.exceptions.AirflowException: `python_callable` param must be callable
[2026-03-22T23:10:16.238+0000] {logging_mixin.py:190} WARNING - /home/ec2-user/environment/lab4_model_training/venv/lib64/python3.12/site-packages/sklearn/linear_model/_logistic.py:469 ConvergenceWarning: lbfgs failed to converge (status=1):
STOP: TOTAL NO. OF ITERATIONS REACHED LIMIT.

Increase the number of iterations (max_iter) or scale the data as shown in:
    https://scikit-learn.org/stable/modules/preprocessing.html
Please also refer to the documentation for alternative solver options:
    https://scikit-learn.org/stable/modules/linear_model.html#logistic-regression
[2026-03-22T23:10:16.239+0000] {processor.py:927} WARNING - No viable dags retrieved from /home/ec2-user/environment/lab4_model_training/dags/train_model_dag.py
[2026-03-22T23:10:16.254+0000] {processor.py:208} INFO - Processing /home/ec2-user/environment/lab4_model_training/dags/train_model_dag.py took 1.352 seconds
[2026-03-22T23:10:46.501+0000] {processor.py:186} INFO - Started process (PID=12994) to work on /home/ec2-user/environment/lab4_model_training/dags/train_model_dag.py
[2026-03-22T23:10:46.502+0000] {processor.py:914} INFO - Processing file /home/ec2-user/environment/lab4_model_training/dags/train_model_dag.py for tasks to queue
[2026-03-22T23:10:46.503+0000] {logging_mixin.py:190} INFO - [2026-03-22T23:10:46.503+0000] {dagbag.py:588} INFO - Filling up the DagBag from /home/ec2-user/environment/lab4_model_training/dags/train_model_dag.py
[2026-03-22T23:10:47.823+0000] {logging_mixin.py:190} INFO - [2026-03-22T23:10:47.821+0000] {dagbag.py:387} ERROR - Failed to import: /home/ec2-user/environment/lab4_model_training/dags/train_model_dag.py
Traceback (most recent call last):
  File "/home/ec2-user/environment/lab4_model_training/venv/lib64/python3.12/site-packages/airflow/models/dagbag.py", line 383, in parse
    loader.exec_module(new_module)
  File "<frozen importlib._bootstrap_external>", line 999, in exec_module
  File "<frozen importlib._bootstrap>", line 488, in _call_with_frames_removed
  File "/home/ec2-user/environment/lab4_model_training/dags/train_model_dag.py", line 35, in <module>
    train_task = PythonOperator(
                 ^^^^^^^^^^^^^^^
  File "/home/ec2-user/environment/lab4_model_training/venv/lib64/python3.12/site-packages/airflow/models/baseoperator.py", line 490, in apply_defaults
    result = func(self, **kwargs, default_args=default_args)
             ^^^^^^^^^^^^^^^^^^^^^^^^^^^^^^^^^^^^^^^^^^^^^^^
  File "/home/ec2-user/environment/lab4_model_training/venv/lib64/python3.12/site-packages/airflow/operators/python.py", line 224, in __init__
    raise AirflowException("`python_callable` param must be callable")
airflow.exceptions.AirflowException: `python_callable` param must be callable
[2026-03-22T23:10:47.830+0000] {logging_mixin.py:190} WARNING - /home/ec2-user/environment/lab4_model_training/venv/lib64/python3.12/site-packages/sklearn/linear_model/_logistic.py:469 ConvergenceWarning: lbfgs failed to converge (status=1):
STOP: TOTAL NO. OF ITERATIONS REACHED LIMIT.

Increase the number of iterations (max_iter) or scale the data as shown in:
    https://scikit-learn.org/stable/modules/preprocessing.html
Please also refer to the documentation for alternative solver options:
    https://scikit-learn.org/stable/modules/linear_model.html#logistic-regression
[2026-03-22T23:10:47.830+0000] {processor.py:927} WARNING - No viable dags retrieved from /home/ec2-user/environment/lab4_model_training/dags/train_model_dag.py
[2026-03-22T23:10:47.848+0000] {processor.py:208} INFO - Processing /home/ec2-user/environment/lab4_model_training/dags/train_model_dag.py took 1.352 seconds
[2026-03-22T23:11:18.087+0000] {processor.py:186} INFO - Started process (PID=13032) to work on /home/ec2-user/environment/lab4_model_training/dags/train_model_dag.py
[2026-03-22T23:11:18.088+0000] {processor.py:914} INFO - Processing file /home/ec2-user/environment/lab4_model_training/dags/train_model_dag.py for tasks to queue
[2026-03-22T23:11:18.089+0000] {logging_mixin.py:190} INFO - [2026-03-22T23:11:18.089+0000] {dagbag.py:588} INFO - Filling up the DagBag from /home/ec2-user/environment/lab4_model_training/dags/train_model_dag.py
[2026-03-22T23:11:19.412+0000] {logging_mixin.py:190} INFO - [2026-03-22T23:11:19.409+0000] {dagbag.py:387} ERROR - Failed to import: /home/ec2-user/environment/lab4_model_training/dags/train_model_dag.py
Traceback (most recent call last):
  File "/home/ec2-user/environment/lab4_model_training/venv/lib64/python3.12/site-packages/airflow/models/dagbag.py", line 383, in parse
    loader.exec_module(new_module)
  File "<frozen importlib._bootstrap_external>", line 999, in exec_module
  File "<frozen importlib._bootstrap>", line 488, in _call_with_frames_removed
  File "/home/ec2-user/environment/lab4_model_training/dags/train_model_dag.py", line 35, in <module>
    train_task = PythonOperator(
                 ^^^^^^^^^^^^^^^
  File "/home/ec2-user/environment/lab4_model_training/venv/lib64/python3.12/site-packages/airflow/models/baseoperator.py", line 490, in apply_defaults
    result = func(self, **kwargs, default_args=default_args)
             ^^^^^^^^^^^^^^^^^^^^^^^^^^^^^^^^^^^^^^^^^^^^^^^
  File "/home/ec2-user/environment/lab4_model_training/venv/lib64/python3.12/site-packages/airflow/operators/python.py", line 224, in __init__
    raise AirflowException("`python_callable` param must be callable")
airflow.exceptions.AirflowException: `python_callable` param must be callable
[2026-03-22T23:11:19.419+0000] {logging_mixin.py:190} WARNING - /home/ec2-user/environment/lab4_model_training/venv/lib64/python3.12/site-packages/sklearn/linear_model/_logistic.py:469 ConvergenceWarning: lbfgs failed to converge (status=1):
STOP: TOTAL NO. OF ITERATIONS REACHED LIMIT.

Increase the number of iterations (max_iter) or scale the data as shown in:
    https://scikit-learn.org/stable/modules/preprocessing.html
Please also refer to the documentation for alternative solver options:
    https://scikit-learn.org/stable/modules/linear_model.html#logistic-regression
[2026-03-22T23:11:19.421+0000] {processor.py:927} WARNING - No viable dags retrieved from /home/ec2-user/environment/lab4_model_training/dags/train_model_dag.py
[2026-03-22T23:11:19.441+0000] {processor.py:208} INFO - Processing /home/ec2-user/environment/lab4_model_training/dags/train_model_dag.py took 1.359 seconds
[2026-03-22T23:11:49.680+0000] {processor.py:186} INFO - Started process (PID=13059) to work on /home/ec2-user/environment/lab4_model_training/dags/train_model_dag.py
[2026-03-22T23:11:49.682+0000] {processor.py:914} INFO - Processing file /home/ec2-user/environment/lab4_model_training/dags/train_model_dag.py for tasks to queue
[2026-03-22T23:11:49.683+0000] {logging_mixin.py:190} INFO - [2026-03-22T23:11:49.683+0000] {dagbag.py:588} INFO - Filling up the DagBag from /home/ec2-user/environment/lab4_model_training/dags/train_model_dag.py
[2026-03-22T23:11:50.993+0000] {logging_mixin.py:190} INFO - [2026-03-22T23:11:50.990+0000] {dagbag.py:387} ERROR - Failed to import: /home/ec2-user/environment/lab4_model_training/dags/train_model_dag.py
Traceback (most recent call last):
  File "/home/ec2-user/environment/lab4_model_training/venv/lib64/python3.12/site-packages/airflow/models/dagbag.py", line 383, in parse
    loader.exec_module(new_module)
  File "<frozen importlib._bootstrap_external>", line 999, in exec_module
  File "<frozen importlib._bootstrap>", line 488, in _call_with_frames_removed
  File "/home/ec2-user/environment/lab4_model_training/dags/train_model_dag.py", line 35, in <module>
    train_task = PythonOperator(
                 ^^^^^^^^^^^^^^^
  File "/home/ec2-user/environment/lab4_model_training/venv/lib64/python3.12/site-packages/airflow/models/baseoperator.py", line 490, in apply_defaults
    result = func(self, **kwargs, default_args=default_args)
             ^^^^^^^^^^^^^^^^^^^^^^^^^^^^^^^^^^^^^^^^^^^^^^^
  File "/home/ec2-user/environment/lab4_model_training/venv/lib64/python3.12/site-packages/airflow/operators/python.py", line 224, in __init__
    raise AirflowException("`python_callable` param must be callable")
airflow.exceptions.AirflowException: `python_callable` param must be callable
[2026-03-22T23:11:51.000+0000] {logging_mixin.py:190} WARNING - /home/ec2-user/environment/lab4_model_training/venv/lib64/python3.12/site-packages/sklearn/linear_model/_logistic.py:469 ConvergenceWarning: lbfgs failed to converge (status=1):
STOP: TOTAL NO. OF ITERATIONS REACHED LIMIT.

Increase the number of iterations (max_iter) or scale the data as shown in:
    https://scikit-learn.org/stable/modules/preprocessing.html
Please also refer to the documentation for alternative solver options:
    https://scikit-learn.org/stable/modules/linear_model.html#logistic-regression
[2026-03-22T23:11:51.001+0000] {processor.py:927} WARNING - No viable dags retrieved from /home/ec2-user/environment/lab4_model_training/dags/train_model_dag.py
[2026-03-22T23:11:51.024+0000] {processor.py:208} INFO - Processing /home/ec2-user/environment/lab4_model_training/dags/train_model_dag.py took 1.348 seconds
[2026-03-22T23:12:21.282+0000] {processor.py:186} INFO - Started process (PID=13141) to work on /home/ec2-user/environment/lab4_model_training/dags/train_model_dag.py
[2026-03-22T23:12:21.283+0000] {processor.py:914} INFO - Processing file /home/ec2-user/environment/lab4_model_training/dags/train_model_dag.py for tasks to queue
[2026-03-22T23:12:21.285+0000] {logging_mixin.py:190} INFO - [2026-03-22T23:12:21.285+0000] {dagbag.py:588} INFO - Filling up the DagBag from /home/ec2-user/environment/lab4_model_training/dags/train_model_dag.py
[2026-03-22T23:12:22.624+0000] {logging_mixin.py:190} INFO - [2026-03-22T23:12:22.620+0000] {dagbag.py:387} ERROR - Failed to import: /home/ec2-user/environment/lab4_model_training/dags/train_model_dag.py
Traceback (most recent call last):
  File "/home/ec2-user/environment/lab4_model_training/venv/lib64/python3.12/site-packages/airflow/models/dagbag.py", line 383, in parse
    loader.exec_module(new_module)
  File "<frozen importlib._bootstrap_external>", line 999, in exec_module
  File "<frozen importlib._bootstrap>", line 488, in _call_with_frames_removed
  File "/home/ec2-user/environment/lab4_model_training/dags/train_model_dag.py", line 35, in <module>
    train_task = PythonOperator(
                 ^^^^^^^^^^^^^^^
  File "/home/ec2-user/environment/lab4_model_training/venv/lib64/python3.12/site-packages/airflow/models/baseoperator.py", line 490, in apply_defaults
    result = func(self, **kwargs, default_args=default_args)
             ^^^^^^^^^^^^^^^^^^^^^^^^^^^^^^^^^^^^^^^^^^^^^^^
  File "/home/ec2-user/environment/lab4_model_training/venv/lib64/python3.12/site-packages/airflow/operators/python.py", line 224, in __init__
    raise AirflowException("`python_callable` param must be callable")
airflow.exceptions.AirflowException: `python_callable` param must be callable
[2026-03-22T23:12:22.630+0000] {logging_mixin.py:190} WARNING - /home/ec2-user/environment/lab4_model_training/venv/lib64/python3.12/site-packages/sklearn/linear_model/_logistic.py:469 ConvergenceWarning: lbfgs failed to converge (status=1):
STOP: TOTAL NO. OF ITERATIONS REACHED LIMIT.

Increase the number of iterations (max_iter) or scale the data as shown in:
    https://scikit-learn.org/stable/modules/preprocessing.html
Please also refer to the documentation for alternative solver options:
    https://scikit-learn.org/stable/modules/linear_model.html#logistic-regression
[2026-03-22T23:12:22.630+0000] {processor.py:927} WARNING - No viable dags retrieved from /home/ec2-user/environment/lab4_model_training/dags/train_model_dag.py
[2026-03-22T23:12:22.644+0000] {processor.py:208} INFO - Processing /home/ec2-user/environment/lab4_model_training/dags/train_model_dag.py took 1.367 seconds
[2026-03-22T23:12:52.877+0000] {processor.py:186} INFO - Started process (PID=13153) to work on /home/ec2-user/environment/lab4_model_training/dags/train_model_dag.py
[2026-03-22T23:12:52.879+0000] {processor.py:914} INFO - Processing file /home/ec2-user/environment/lab4_model_training/dags/train_model_dag.py for tasks to queue
[2026-03-22T23:12:52.880+0000] {logging_mixin.py:190} INFO - [2026-03-22T23:12:52.879+0000] {dagbag.py:588} INFO - Filling up the DagBag from /home/ec2-user/environment/lab4_model_training/dags/train_model_dag.py
[2026-03-22T23:12:54.209+0000] {logging_mixin.py:190} INFO - [2026-03-22T23:12:54.207+0000] {dagbag.py:387} ERROR - Failed to import: /home/ec2-user/environment/lab4_model_training/dags/train_model_dag.py
Traceback (most recent call last):
  File "/home/ec2-user/environment/lab4_model_training/venv/lib64/python3.12/site-packages/airflow/models/dagbag.py", line 383, in parse
    loader.exec_module(new_module)
  File "<frozen importlib._bootstrap_external>", line 999, in exec_module
  File "<frozen importlib._bootstrap>", line 488, in _call_with_frames_removed
  File "/home/ec2-user/environment/lab4_model_training/dags/train_model_dag.py", line 35, in <module>
    train_task = PythonOperator(
                 ^^^^^^^^^^^^^^^
  File "/home/ec2-user/environment/lab4_model_training/venv/lib64/python3.12/site-packages/airflow/models/baseoperator.py", line 490, in apply_defaults
    result = func(self, **kwargs, default_args=default_args)
             ^^^^^^^^^^^^^^^^^^^^^^^^^^^^^^^^^^^^^^^^^^^^^^^
  File "/home/ec2-user/environment/lab4_model_training/venv/lib64/python3.12/site-packages/airflow/operators/python.py", line 224, in __init__
    raise AirflowException("`python_callable` param must be callable")
airflow.exceptions.AirflowException: `python_callable` param must be callable
[2026-03-22T23:12:54.215+0000] {logging_mixin.py:190} WARNING - /home/ec2-user/environment/lab4_model_training/venv/lib64/python3.12/site-packages/sklearn/linear_model/_logistic.py:469 ConvergenceWarning: lbfgs failed to converge (status=1):
STOP: TOTAL NO. OF ITERATIONS REACHED LIMIT.

Increase the number of iterations (max_iter) or scale the data as shown in:
    https://scikit-learn.org/stable/modules/preprocessing.html
Please also refer to the documentation for alternative solver options:
    https://scikit-learn.org/stable/modules/linear_model.html#logistic-regression
[2026-03-22T23:12:54.215+0000] {processor.py:927} WARNING - No viable dags retrieved from /home/ec2-user/environment/lab4_model_training/dags/train_model_dag.py
[2026-03-22T23:12:54.230+0000] {processor.py:208} INFO - Processing /home/ec2-user/environment/lab4_model_training/dags/train_model_dag.py took 1.358 seconds
[2026-03-22T23:13:17.003+0000] {processor.py:186} INFO - Started process (PID=13209) to work on /home/ec2-user/environment/lab4_model_training/dags/train_model_dag.py
[2026-03-22T23:13:17.008+0000] {processor.py:914} INFO - Processing file /home/ec2-user/environment/lab4_model_training/dags/train_model_dag.py for tasks to queue
[2026-03-22T23:13:17.012+0000] {logging_mixin.py:190} INFO - [2026-03-22T23:13:17.012+0000] {dagbag.py:588} INFO - Filling up the DagBag from /home/ec2-user/environment/lab4_model_training/dags/train_model_dag.py
[2026-03-22T23:13:19.135+0000] {logging_mixin.py:190} INFO - [2026-03-22T23:13:19.133+0000] {dagbag.py:387} ERROR - Failed to import: /home/ec2-user/environment/lab4_model_training/dags/train_model_dag.py
Traceback (most recent call last):
  File "/home/ec2-user/environment/lab4_model_training/venv/lib64/python3.12/site-packages/airflow/models/dagbag.py", line 383, in parse
    loader.exec_module(new_module)
  File "<frozen importlib._bootstrap_external>", line 999, in exec_module
  File "<frozen importlib._bootstrap>", line 488, in _call_with_frames_removed
  File "/home/ec2-user/environment/lab4_model_training/dags/train_model_dag.py", line 35, in <module>
    train_task = PythonOperator(
                 ^^^^^^^^^^^^^^^
  File "/home/ec2-user/environment/lab4_model_training/venv/lib64/python3.12/site-packages/airflow/models/baseoperator.py", line 490, in apply_defaults
    result = func(self, **kwargs, default_args=default_args)
             ^^^^^^^^^^^^^^^^^^^^^^^^^^^^^^^^^^^^^^^^^^^^^^^
  File "/home/ec2-user/environment/lab4_model_training/venv/lib64/python3.12/site-packages/airflow/operators/python.py", line 224, in __init__
    raise AirflowException("`python_callable` param must be callable")
airflow.exceptions.AirflowException: `python_callable` param must be callable
[2026-03-22T23:13:19.141+0000] {logging_mixin.py:190} WARNING - /home/ec2-user/environment/lab4_model_training/venv/lib64/python3.12/site-packages/sklearn/linear_model/_logistic.py:469 ConvergenceWarning: lbfgs failed to converge (status=1):
STOP: TOTAL NO. OF ITERATIONS REACHED LIMIT.

Increase the number of iterations (max_iter) or scale the data as shown in:
    https://scikit-learn.org/stable/modules/preprocessing.html
Please also refer to the documentation for alternative solver options:
    https://scikit-learn.org/stable/modules/linear_model.html#logistic-regression
[2026-03-22T23:13:19.142+0000] {processor.py:927} WARNING - No viable dags retrieved from /home/ec2-user/environment/lab4_model_training/dags/train_model_dag.py
[2026-03-22T23:13:19.167+0000] {processor.py:208} INFO - Processing /home/ec2-user/environment/lab4_model_training/dags/train_model_dag.py took 2.179 seconds
[2026-03-22T23:13:49.983+0000] {processor.py:186} INFO - Started process (PID=13268) to work on /home/ec2-user/environment/lab4_model_training/dags/train_model_dag.py
[2026-03-22T23:13:49.983+0000] {processor.py:914} INFO - Processing file /home/ec2-user/environment/lab4_model_training/dags/train_model_dag.py for tasks to queue
[2026-03-22T23:13:49.985+0000] {logging_mixin.py:190} INFO - [2026-03-22T23:13:49.984+0000] {dagbag.py:588} INFO - Filling up the DagBag from /home/ec2-user/environment/lab4_model_training/dags/train_model_dag.py
[2026-03-22T23:13:51.309+0000] {logging_mixin.py:190} INFO - [2026-03-22T23:13:51.307+0000] {dagbag.py:387} ERROR - Failed to import: /home/ec2-user/environment/lab4_model_training/dags/train_model_dag.py
Traceback (most recent call last):
  File "/home/ec2-user/environment/lab4_model_training/venv/lib64/python3.12/site-packages/airflow/models/dagbag.py", line 383, in parse
    loader.exec_module(new_module)
  File "<frozen importlib._bootstrap_external>", line 999, in exec_module
  File "<frozen importlib._bootstrap>", line 488, in _call_with_frames_removed
  File "/home/ec2-user/environment/lab4_model_training/dags/train_model_dag.py", line 35, in <module>
    train_task = PythonOperator(
                 ^^^^^^^^^^^^^^^
  File "/home/ec2-user/environment/lab4_model_training/venv/lib64/python3.12/site-packages/airflow/models/baseoperator.py", line 490, in apply_defaults
    result = func(self, **kwargs, default_args=default_args)
             ^^^^^^^^^^^^^^^^^^^^^^^^^^^^^^^^^^^^^^^^^^^^^^^
  File "/home/ec2-user/environment/lab4_model_training/venv/lib64/python3.12/site-packages/airflow/operators/python.py", line 224, in __init__
    raise AirflowException("`python_callable` param must be callable")
airflow.exceptions.AirflowException: `python_callable` param must be callable
[2026-03-22T23:13:51.316+0000] {logging_mixin.py:190} WARNING - /home/ec2-user/environment/lab4_model_training/venv/lib64/python3.12/site-packages/sklearn/linear_model/_logistic.py:469 ConvergenceWarning: lbfgs failed to converge (status=1):
STOP: TOTAL NO. OF ITERATIONS REACHED LIMIT.

Increase the number of iterations (max_iter) or scale the data as shown in:
    https://scikit-learn.org/stable/modules/preprocessing.html
Please also refer to the documentation for alternative solver options:
    https://scikit-learn.org/stable/modules/linear_model.html#logistic-regression
[2026-03-22T23:13:51.316+0000] {processor.py:927} WARNING - No viable dags retrieved from /home/ec2-user/environment/lab4_model_training/dags/train_model_dag.py
[2026-03-22T23:13:51.333+0000] {processor.py:208} INFO - Processing /home/ec2-user/environment/lab4_model_training/dags/train_model_dag.py took 1.356 seconds
[2026-03-22T23:14:21.812+0000] {processor.py:186} INFO - Started process (PID=13428) to work on /home/ec2-user/environment/lab4_model_training/dags/train_model_dag.py
[2026-03-22T23:14:21.814+0000] {processor.py:914} INFO - Processing file /home/ec2-user/environment/lab4_model_training/dags/train_model_dag.py for tasks to queue
[2026-03-22T23:14:21.815+0000] {logging_mixin.py:190} INFO - [2026-03-22T23:14:21.815+0000] {dagbag.py:588} INFO - Filling up the DagBag from /home/ec2-user/environment/lab4_model_training/dags/train_model_dag.py
[2026-03-22T23:14:23.163+0000] {logging_mixin.py:190} INFO - [2026-03-22T23:14:23.161+0000] {dagbag.py:387} ERROR - Failed to import: /home/ec2-user/environment/lab4_model_training/dags/train_model_dag.py
Traceback (most recent call last):
  File "/home/ec2-user/environment/lab4_model_training/venv/lib64/python3.12/site-packages/airflow/models/dagbag.py", line 383, in parse
    loader.exec_module(new_module)
  File "<frozen importlib._bootstrap_external>", line 999, in exec_module
  File "<frozen importlib._bootstrap>", line 488, in _call_with_frames_removed
  File "/home/ec2-user/environment/lab4_model_training/dags/train_model_dag.py", line 35, in <module>
    train_task = PythonOperator(
                 ^^^^^^^^^^^^^^^
  File "/home/ec2-user/environment/lab4_model_training/venv/lib64/python3.12/site-packages/airflow/models/baseoperator.py", line 490, in apply_defaults
    result = func(self, **kwargs, default_args=default_args)
             ^^^^^^^^^^^^^^^^^^^^^^^^^^^^^^^^^^^^^^^^^^^^^^^
  File "/home/ec2-user/environment/lab4_model_training/venv/lib64/python3.12/site-packages/airflow/operators/python.py", line 224, in __init__
    raise AirflowException("`python_callable` param must be callable")
airflow.exceptions.AirflowException: `python_callable` param must be callable
[2026-03-22T23:14:23.170+0000] {logging_mixin.py:190} WARNING - /home/ec2-user/environment/lab4_model_training/venv/lib64/python3.12/site-packages/sklearn/linear_model/_logistic.py:469 ConvergenceWarning: lbfgs failed to converge (status=1):
STOP: TOTAL NO. OF ITERATIONS REACHED LIMIT.

Increase the number of iterations (max_iter) or scale the data as shown in:
    https://scikit-learn.org/stable/modules/preprocessing.html
Please also refer to the documentation for alternative solver options:
    https://scikit-learn.org/stable/modules/linear_model.html#logistic-regression
[2026-03-22T23:14:23.171+0000] {processor.py:927} WARNING - No viable dags retrieved from /home/ec2-user/environment/lab4_model_training/dags/train_model_dag.py
[2026-03-22T23:14:23.192+0000] {processor.py:208} INFO - Processing /home/ec2-user/environment/lab4_model_training/dags/train_model_dag.py took 1.385 seconds
[2026-03-22T23:14:54.109+0000] {processor.py:186} INFO - Started process (PID=13510) to work on /home/ec2-user/environment/lab4_model_training/dags/train_model_dag.py
[2026-03-22T23:14:54.110+0000] {processor.py:914} INFO - Processing file /home/ec2-user/environment/lab4_model_training/dags/train_model_dag.py for tasks to queue
[2026-03-22T23:14:54.111+0000] {logging_mixin.py:190} INFO - [2026-03-22T23:14:54.110+0000] {dagbag.py:588} INFO - Filling up the DagBag from /home/ec2-user/environment/lab4_model_training/dags/train_model_dag.py
[2026-03-22T23:14:57.128+0000] {logging_mixin.py:190} INFO - [2026-03-22T23:14:57.126+0000] {dagbag.py:387} ERROR - Failed to import: /home/ec2-user/environment/lab4_model_training/dags/train_model_dag.py
Traceback (most recent call last):
  File "/home/ec2-user/environment/lab4_model_training/venv/lib64/python3.12/site-packages/airflow/models/dagbag.py", line 383, in parse
    loader.exec_module(new_module)
  File "<frozen importlib._bootstrap_external>", line 999, in exec_module
  File "<frozen importlib._bootstrap>", line 488, in _call_with_frames_removed
  File "/home/ec2-user/environment/lab4_model_training/dags/train_model_dag.py", line 35, in <module>
    train_task = PythonOperator(
                 ^^^^^^^^^^^^^^^
  File "/home/ec2-user/environment/lab4_model_training/venv/lib64/python3.12/site-packages/airflow/models/baseoperator.py", line 490, in apply_defaults
    result = func(self, **kwargs, default_args=default_args)
             ^^^^^^^^^^^^^^^^^^^^^^^^^^^^^^^^^^^^^^^^^^^^^^^
  File "/home/ec2-user/environment/lab4_model_training/venv/lib64/python3.12/site-packages/airflow/operators/python.py", line 224, in __init__
    raise AirflowException("`python_callable` param must be callable")
airflow.exceptions.AirflowException: `python_callable` param must be callable
[2026-03-22T23:14:57.140+0000] {logging_mixin.py:190} WARNING - /home/ec2-user/environment/lab4_model_training/venv/lib64/python3.12/site-packages/sklearn/linear_model/_logistic.py:469 ConvergenceWarning: lbfgs failed to converge (status=1):
STOP: TOTAL NO. OF ITERATIONS REACHED LIMIT.

Increase the number of iterations (max_iter) or scale the data as shown in:
    https://scikit-learn.org/stable/modules/preprocessing.html
Please also refer to the documentation for alternative solver options:
    https://scikit-learn.org/stable/modules/linear_model.html#logistic-regression
[2026-03-22T23:14:57.140+0000] {processor.py:927} WARNING - No viable dags retrieved from /home/ec2-user/environment/lab4_model_training/dags/train_model_dag.py
[2026-03-22T23:14:57.170+0000] {processor.py:208} INFO - Processing /home/ec2-user/environment/lab4_model_training/dags/train_model_dag.py took 3.067 seconds
[2026-03-22T23:15:28.779+0000] {processor.py:186} INFO - Started process (PID=13567) to work on /home/ec2-user/environment/lab4_model_training/dags/train_model_dag.py
[2026-03-22T23:15:28.784+0000] {processor.py:914} INFO - Processing file /home/ec2-user/environment/lab4_model_training/dags/train_model_dag.py for tasks to queue
[2026-03-22T23:15:28.787+0000] {logging_mixin.py:190} INFO - [2026-03-22T23:15:28.786+0000] {dagbag.py:588} INFO - Filling up the DagBag from /home/ec2-user/environment/lab4_model_training/dags/train_model_dag.py
[2026-03-22T23:15:33.211+0000] {logging_mixin.py:190} INFO - [2026-03-22T23:15:33.209+0000] {dagbag.py:387} ERROR - Failed to import: /home/ec2-user/environment/lab4_model_training/dags/train_model_dag.py
Traceback (most recent call last):
  File "/home/ec2-user/environment/lab4_model_training/venv/lib64/python3.12/site-packages/airflow/models/dagbag.py", line 383, in parse
    loader.exec_module(new_module)
  File "<frozen importlib._bootstrap_external>", line 999, in exec_module
  File "<frozen importlib._bootstrap>", line 488, in _call_with_frames_removed
  File "/home/ec2-user/environment/lab4_model_training/dags/train_model_dag.py", line 35, in <module>
    train_task = PythonOperator(
                 ^^^^^^^^^^^^^^^
  File "/home/ec2-user/environment/lab4_model_training/venv/lib64/python3.12/site-packages/airflow/models/baseoperator.py", line 490, in apply_defaults
    result = func(self, **kwargs, default_args=default_args)
             ^^^^^^^^^^^^^^^^^^^^^^^^^^^^^^^^^^^^^^^^^^^^^^^
  File "/home/ec2-user/environment/lab4_model_training/venv/lib64/python3.12/site-packages/airflow/operators/python.py", line 224, in __init__
    raise AirflowException("`python_callable` param must be callable")
airflow.exceptions.AirflowException: `python_callable` param must be callable
[2026-03-22T23:15:33.225+0000] {logging_mixin.py:190} WARNING - /home/ec2-user/environment/lab4_model_training/venv/lib64/python3.12/site-packages/sklearn/linear_model/_logistic.py:469 ConvergenceWarning: lbfgs failed to converge (status=1):
STOP: TOTAL NO. OF ITERATIONS REACHED LIMIT.

Increase the number of iterations (max_iter) or scale the data as shown in:
    https://scikit-learn.org/stable/modules/preprocessing.html
Please also refer to the documentation for alternative solver options:
    https://scikit-learn.org/stable/modules/linear_model.html#logistic-regression
[2026-03-22T23:15:33.227+0000] {processor.py:927} WARNING - No viable dags retrieved from /home/ec2-user/environment/lab4_model_training/dags/train_model_dag.py
[2026-03-22T23:15:33.270+0000] {processor.py:208} INFO - Processing /home/ec2-user/environment/lab4_model_training/dags/train_model_dag.py took 4.497 seconds
[2026-03-22T23:16:03.954+0000] {processor.py:186} INFO - Started process (PID=13654) to work on /home/ec2-user/environment/lab4_model_training/dags/train_model_dag.py
[2026-03-22T23:16:03.963+0000] {processor.py:914} INFO - Processing file /home/ec2-user/environment/lab4_model_training/dags/train_model_dag.py for tasks to queue
[2026-03-22T23:16:03.968+0000] {logging_mixin.py:190} INFO - [2026-03-22T23:16:03.965+0000] {dagbag.py:588} INFO - Filling up the DagBag from /home/ec2-user/environment/lab4_model_training/dags/train_model_dag.py
[2026-03-22T23:16:07.134+0000] {logging_mixin.py:190} INFO - [2026-03-22T23:16:07.123+0000] {dagbag.py:387} ERROR - Failed to import: /home/ec2-user/environment/lab4_model_training/dags/train_model_dag.py
Traceback (most recent call last):
  File "/home/ec2-user/environment/lab4_model_training/venv/lib64/python3.12/site-packages/airflow/models/dagbag.py", line 383, in parse
    loader.exec_module(new_module)
  File "<frozen importlib._bootstrap_external>", line 999, in exec_module
  File "<frozen importlib._bootstrap>", line 488, in _call_with_frames_removed
  File "/home/ec2-user/environment/lab4_model_training/dags/train_model_dag.py", line 35, in <module>
    train_task = PythonOperator(
                 ^^^^^^^^^^^^^^^
  File "/home/ec2-user/environment/lab4_model_training/venv/lib64/python3.12/site-packages/airflow/models/baseoperator.py", line 490, in apply_defaults
    result = func(self, **kwargs, default_args=default_args)
             ^^^^^^^^^^^^^^^^^^^^^^^^^^^^^^^^^^^^^^^^^^^^^^^
  File "/home/ec2-user/environment/lab4_model_training/venv/lib64/python3.12/site-packages/airflow/operators/python.py", line 224, in __init__
    raise AirflowException("`python_callable` param must be callable")
airflow.exceptions.AirflowException: `python_callable` param must be callable
[2026-03-22T23:16:07.142+0000] {logging_mixin.py:190} WARNING - /home/ec2-user/environment/lab4_model_training/venv/lib64/python3.12/site-packages/sklearn/linear_model/_logistic.py:469 ConvergenceWarning: lbfgs failed to converge (status=1):
STOP: TOTAL NO. OF ITERATIONS REACHED LIMIT.

Increase the number of iterations (max_iter) or scale the data as shown in:
    https://scikit-learn.org/stable/modules/preprocessing.html
Please also refer to the documentation for alternative solver options:
    https://scikit-learn.org/stable/modules/linear_model.html#logistic-regression
[2026-03-22T23:16:07.143+0000] {processor.py:927} WARNING - No viable dags retrieved from /home/ec2-user/environment/lab4_model_training/dags/train_model_dag.py
[2026-03-22T23:16:07.176+0000] {processor.py:208} INFO - Processing /home/ec2-user/environment/lab4_model_training/dags/train_model_dag.py took 3.230 seconds
[2026-03-22T23:16:37.311+0000] {processor.py:186} INFO - Started process (PID=13685) to work on /home/ec2-user/environment/lab4_model_training/dags/train_model_dag.py
[2026-03-22T23:16:37.314+0000] {processor.py:914} INFO - Processing file /home/ec2-user/environment/lab4_model_training/dags/train_model_dag.py for tasks to queue
[2026-03-22T23:16:37.316+0000] {logging_mixin.py:190} INFO - [2026-03-22T23:16:37.316+0000] {dagbag.py:588} INFO - Filling up the DagBag from /home/ec2-user/environment/lab4_model_training/dags/train_model_dag.py
[2026-03-22T23:16:39.515+0000] {logging_mixin.py:190} INFO - [2026-03-22T23:16:39.513+0000] {dagbag.py:387} ERROR - Failed to import: /home/ec2-user/environment/lab4_model_training/dags/train_model_dag.py
Traceback (most recent call last):
  File "/home/ec2-user/environment/lab4_model_training/venv/lib64/python3.12/site-packages/airflow/models/dagbag.py", line 383, in parse
    loader.exec_module(new_module)
  File "<frozen importlib._bootstrap_external>", line 999, in exec_module
  File "<frozen importlib._bootstrap>", line 488, in _call_with_frames_removed
  File "/home/ec2-user/environment/lab4_model_training/dags/train_model_dag.py", line 35, in <module>
    train_task = PythonOperator(
                 ^^^^^^^^^^^^^^^
  File "/home/ec2-user/environment/lab4_model_training/venv/lib64/python3.12/site-packages/airflow/models/baseoperator.py", line 490, in apply_defaults
    result = func(self, **kwargs, default_args=default_args)
             ^^^^^^^^^^^^^^^^^^^^^^^^^^^^^^^^^^^^^^^^^^^^^^^
  File "/home/ec2-user/environment/lab4_model_training/venv/lib64/python3.12/site-packages/airflow/operators/python.py", line 224, in __init__
    raise AirflowException("`python_callable` param must be callable")
airflow.exceptions.AirflowException: `python_callable` param must be callable
[2026-03-22T23:16:39.523+0000] {logging_mixin.py:190} WARNING - /home/ec2-user/environment/lab4_model_training/venv/lib64/python3.12/site-packages/sklearn/linear_model/_logistic.py:469 ConvergenceWarning: lbfgs failed to converge (status=1):
STOP: TOTAL NO. OF ITERATIONS REACHED LIMIT.

Increase the number of iterations (max_iter) or scale the data as shown in:
    https://scikit-learn.org/stable/modules/preprocessing.html
Please also refer to the documentation for alternative solver options:
    https://scikit-learn.org/stable/modules/linear_model.html#logistic-regression
[2026-03-22T23:16:39.525+0000] {processor.py:927} WARNING - No viable dags retrieved from /home/ec2-user/environment/lab4_model_training/dags/train_model_dag.py
[2026-03-22T23:16:39.555+0000] {processor.py:208} INFO - Processing /home/ec2-user/environment/lab4_model_training/dags/train_model_dag.py took 2.253 seconds
[2026-03-22T23:17:09.708+0000] {processor.py:186} INFO - Started process (PID=13735) to work on /home/ec2-user/environment/lab4_model_training/dags/train_model_dag.py
[2026-03-22T23:17:09.710+0000] {processor.py:914} INFO - Processing file /home/ec2-user/environment/lab4_model_training/dags/train_model_dag.py for tasks to queue
[2026-03-22T23:17:09.711+0000] {logging_mixin.py:190} INFO - [2026-03-22T23:17:09.711+0000] {dagbag.py:588} INFO - Filling up the DagBag from /home/ec2-user/environment/lab4_model_training/dags/train_model_dag.py
[2026-03-22T23:17:11.031+0000] {logging_mixin.py:190} INFO - [2026-03-22T23:17:11.028+0000] {dagbag.py:387} ERROR - Failed to import: /home/ec2-user/environment/lab4_model_training/dags/train_model_dag.py
Traceback (most recent call last):
  File "/home/ec2-user/environment/lab4_model_training/venv/lib64/python3.12/site-packages/airflow/models/dagbag.py", line 383, in parse
    loader.exec_module(new_module)
  File "<frozen importlib._bootstrap_external>", line 999, in exec_module
  File "<frozen importlib._bootstrap>", line 488, in _call_with_frames_removed
  File "/home/ec2-user/environment/lab4_model_training/dags/train_model_dag.py", line 35, in <module>
    train_task = PythonOperator(
                 ^^^^^^^^^^^^^^^
  File "/home/ec2-user/environment/lab4_model_training/venv/lib64/python3.12/site-packages/airflow/models/baseoperator.py", line 490, in apply_defaults
    result = func(self, **kwargs, default_args=default_args)
             ^^^^^^^^^^^^^^^^^^^^^^^^^^^^^^^^^^^^^^^^^^^^^^^
  File "/home/ec2-user/environment/lab4_model_training/venv/lib64/python3.12/site-packages/airflow/operators/python.py", line 224, in __init__
    raise AirflowException("`python_callable` param must be callable")
airflow.exceptions.AirflowException: `python_callable` param must be callable
[2026-03-22T23:17:11.037+0000] {logging_mixin.py:190} WARNING - /home/ec2-user/environment/lab4_model_training/venv/lib64/python3.12/site-packages/sklearn/linear_model/_logistic.py:469 ConvergenceWarning: lbfgs failed to converge (status=1):
STOP: TOTAL NO. OF ITERATIONS REACHED LIMIT.

Increase the number of iterations (max_iter) or scale the data as shown in:
    https://scikit-learn.org/stable/modules/preprocessing.html
Please also refer to the documentation for alternative solver options:
    https://scikit-learn.org/stable/modules/linear_model.html#logistic-regression
[2026-03-22T23:17:11.037+0000] {processor.py:927} WARNING - No viable dags retrieved from /home/ec2-user/environment/lab4_model_training/dags/train_model_dag.py
[2026-03-22T23:17:11.053+0000] {processor.py:208} INFO - Processing /home/ec2-user/environment/lab4_model_training/dags/train_model_dag.py took 1.349 seconds
[2026-03-22T23:17:41.203+0000] {processor.py:186} INFO - Started process (PID=13761) to work on /home/ec2-user/environment/lab4_model_training/dags/train_model_dag.py
[2026-03-22T23:17:41.204+0000] {processor.py:914} INFO - Processing file /home/ec2-user/environment/lab4_model_training/dags/train_model_dag.py for tasks to queue
[2026-03-22T23:17:41.205+0000] {logging_mixin.py:190} INFO - [2026-03-22T23:17:41.205+0000] {dagbag.py:588} INFO - Filling up the DagBag from /home/ec2-user/environment/lab4_model_training/dags/train_model_dag.py
[2026-03-22T23:17:42.555+0000] {logging_mixin.py:190} INFO - [2026-03-22T23:17:42.553+0000] {dagbag.py:387} ERROR - Failed to import: /home/ec2-user/environment/lab4_model_training/dags/train_model_dag.py
Traceback (most recent call last):
  File "/home/ec2-user/environment/lab4_model_training/venv/lib64/python3.12/site-packages/airflow/models/dagbag.py", line 383, in parse
    loader.exec_module(new_module)
  File "<frozen importlib._bootstrap_external>", line 999, in exec_module
  File "<frozen importlib._bootstrap>", line 488, in _call_with_frames_removed
  File "/home/ec2-user/environment/lab4_model_training/dags/train_model_dag.py", line 35, in <module>
    train_task = PythonOperator(
                 ^^^^^^^^^^^^^^^
  File "/home/ec2-user/environment/lab4_model_training/venv/lib64/python3.12/site-packages/airflow/models/baseoperator.py", line 490, in apply_defaults
    result = func(self, **kwargs, default_args=default_args)
             ^^^^^^^^^^^^^^^^^^^^^^^^^^^^^^^^^^^^^^^^^^^^^^^
  File "/home/ec2-user/environment/lab4_model_training/venv/lib64/python3.12/site-packages/airflow/operators/python.py", line 224, in __init__
    raise AirflowException("`python_callable` param must be callable")
airflow.exceptions.AirflowException: `python_callable` param must be callable
[2026-03-22T23:17:42.561+0000] {logging_mixin.py:190} WARNING - /home/ec2-user/environment/lab4_model_training/venv/lib64/python3.12/site-packages/sklearn/linear_model/_logistic.py:469 ConvergenceWarning: lbfgs failed to converge (status=1):
STOP: TOTAL NO. OF ITERATIONS REACHED LIMIT.

Increase the number of iterations (max_iter) or scale the data as shown in:
    https://scikit-learn.org/stable/modules/preprocessing.html
Please also refer to the documentation for alternative solver options:
    https://scikit-learn.org/stable/modules/linear_model.html#logistic-regression
[2026-03-22T23:17:42.562+0000] {processor.py:927} WARNING - No viable dags retrieved from /home/ec2-user/environment/lab4_model_training/dags/train_model_dag.py
[2026-03-22T23:17:42.575+0000] {processor.py:208} INFO - Processing /home/ec2-user/environment/lab4_model_training/dags/train_model_dag.py took 1.377 seconds
[2026-03-22T23:18:12.699+0000] {processor.py:186} INFO - Started process (PID=13871) to work on /home/ec2-user/environment/lab4_model_training/dags/train_model_dag.py
[2026-03-22T23:18:12.701+0000] {processor.py:914} INFO - Processing file /home/ec2-user/environment/lab4_model_training/dags/train_model_dag.py for tasks to queue
[2026-03-22T23:18:12.702+0000] {logging_mixin.py:190} INFO - [2026-03-22T23:18:12.702+0000] {dagbag.py:588} INFO - Filling up the DagBag from /home/ec2-user/environment/lab4_model_training/dags/train_model_dag.py
[2026-03-22T23:18:14.043+0000] {logging_mixin.py:190} INFO - [2026-03-22T23:18:14.041+0000] {dagbag.py:387} ERROR - Failed to import: /home/ec2-user/environment/lab4_model_training/dags/train_model_dag.py
Traceback (most recent call last):
  File "/home/ec2-user/environment/lab4_model_training/venv/lib64/python3.12/site-packages/airflow/models/dagbag.py", line 383, in parse
    loader.exec_module(new_module)
  File "<frozen importlib._bootstrap_external>", line 999, in exec_module
  File "<frozen importlib._bootstrap>", line 488, in _call_with_frames_removed
  File "/home/ec2-user/environment/lab4_model_training/dags/train_model_dag.py", line 35, in <module>
    train_task = PythonOperator(
                 ^^^^^^^^^^^^^^^
  File "/home/ec2-user/environment/lab4_model_training/venv/lib64/python3.12/site-packages/airflow/models/baseoperator.py", line 490, in apply_defaults
    result = func(self, **kwargs, default_args=default_args)
             ^^^^^^^^^^^^^^^^^^^^^^^^^^^^^^^^^^^^^^^^^^^^^^^
  File "/home/ec2-user/environment/lab4_model_training/venv/lib64/python3.12/site-packages/airflow/operators/python.py", line 224, in __init__
    raise AirflowException("`python_callable` param must be callable")
airflow.exceptions.AirflowException: `python_callable` param must be callable
[2026-03-22T23:18:14.050+0000] {logging_mixin.py:190} WARNING - /home/ec2-user/environment/lab4_model_training/venv/lib64/python3.12/site-packages/sklearn/linear_model/_logistic.py:469 ConvergenceWarning: lbfgs failed to converge (status=1):
STOP: TOTAL NO. OF ITERATIONS REACHED LIMIT.

Increase the number of iterations (max_iter) or scale the data as shown in:
    https://scikit-learn.org/stable/modules/preprocessing.html
Please also refer to the documentation for alternative solver options:
    https://scikit-learn.org/stable/modules/linear_model.html#logistic-regression
[2026-03-22T23:18:14.050+0000] {processor.py:927} WARNING - No viable dags retrieved from /home/ec2-user/environment/lab4_model_training/dags/train_model_dag.py
[2026-03-22T23:18:14.067+0000] {processor.py:208} INFO - Processing /home/ec2-user/environment/lab4_model_training/dags/train_model_dag.py took 1.373 seconds
