[2026-03-28T19:11:26.104+0000] {processor.py:186} INFO - Started process (PID=9311) to work on /home/ec2-user/environment/lab4_model_training/dags/generate_data_dag.py
[2026-03-28T19:11:26.105+0000] {processor.py:914} INFO - Processing file /home/ec2-user/environment/lab4_model_training/dags/generate_data_dag.py for tasks to queue
[2026-03-28T19:11:26.106+0000] {logging_mixin.py:190} INFO - [2026-03-28T19:11:26.106+0000] {dagbag.py:588} INFO - Filling up the DagBag from /home/ec2-user/environment/lab4_model_training/dags/generate_data_dag.py
[2026-03-28T19:11:27.484+0000] {processor.py:925} INFO - DAG(s) 'generate_data_only' retrieved from /home/ec2-user/environment/lab4_model_training/dags/generate_data_dag.py
[2026-03-28T19:11:27.496+0000] {logging_mixin.py:190} INFO - [2026-03-28T19:11:27.496+0000] {dag.py:3239} INFO - Sync 1 DAGs
[2026-03-28T19:11:27.506+0000] {logging_mixin.py:190} INFO - [2026-03-28T19:11:27.506+0000] {dag.py:4180} INFO - Setting next_dagrun for generate_data_only to None, run_after=None
[2026-03-28T19:11:27.523+0000] {processor.py:208} INFO - Processing /home/ec2-user/environment/lab4_model_training/dags/generate_data_dag.py took 1.423 seconds
[2026-03-28T19:11:57.988+0000] {processor.py:186} INFO - Started process (PID=9400) to work on /home/ec2-user/environment/lab4_model_training/dags/generate_data_dag.py
[2026-03-28T19:11:57.989+0000] {processor.py:914} INFO - Processing file /home/ec2-user/environment/lab4_model_training/dags/generate_data_dag.py for tasks to queue
[2026-03-28T19:11:57.990+0000] {logging_mixin.py:190} INFO - [2026-03-28T19:11:57.989+0000] {dagbag.py:588} INFO - Filling up the DagBag from /home/ec2-user/environment/lab4_model_training/dags/generate_data_dag.py
[2026-03-28T19:11:59.384+0000] {processor.py:925} INFO - DAG(s) 'generate_data_only' retrieved from /home/ec2-user/environment/lab4_model_training/dags/generate_data_dag.py
[2026-03-28T19:11:59.397+0000] {logging_mixin.py:190} INFO - [2026-03-28T19:11:59.396+0000] {dag.py:3239} INFO - Sync 1 DAGs
[2026-03-28T19:11:59.407+0000] {logging_mixin.py:190} INFO - [2026-03-28T19:11:59.407+0000] {dag.py:4180} INFO - Setting next_dagrun for generate_data_only to None, run_after=None
[2026-03-28T19:11:59.424+0000] {processor.py:208} INFO - Processing /home/ec2-user/environment/lab4_model_training/dags/generate_data_dag.py took 1.441 seconds
[2026-03-28T19:12:29.820+0000] {processor.py:186} INFO - Started process (PID=9491) to work on /home/ec2-user/environment/lab4_model_training/dags/generate_data_dag.py
[2026-03-28T19:12:29.821+0000] {processor.py:914} INFO - Processing file /home/ec2-user/environment/lab4_model_training/dags/generate_data_dag.py for tasks to queue
[2026-03-28T19:12:29.822+0000] {logging_mixin.py:190} INFO - [2026-03-28T19:12:29.822+0000] {dagbag.py:588} INFO - Filling up the DagBag from /home/ec2-user/environment/lab4_model_training/dags/generate_data_dag.py
[2026-03-28T19:12:31.217+0000] {processor.py:925} INFO - DAG(s) 'generate_data_only' retrieved from /home/ec2-user/environment/lab4_model_training/dags/generate_data_dag.py
[2026-03-28T19:12:31.231+0000] {logging_mixin.py:190} INFO - [2026-03-28T19:12:31.230+0000] {dag.py:3239} INFO - Sync 1 DAGs
[2026-03-28T19:12:31.240+0000] {logging_mixin.py:190} INFO - [2026-03-28T19:12:31.239+0000] {dag.py:4180} INFO - Setting next_dagrun for generate_data_only to None, run_after=None
[2026-03-28T19:12:31.257+0000] {processor.py:208} INFO - Processing /home/ec2-user/environment/lab4_model_training/dags/generate_data_dag.py took 1.442 seconds
[2026-03-28T19:13:01.651+0000] {processor.py:186} INFO - Started process (PID=9517) to work on /home/ec2-user/environment/lab4_model_training/dags/generate_data_dag.py
[2026-03-28T19:13:01.652+0000] {processor.py:914} INFO - Processing file /home/ec2-user/environment/lab4_model_training/dags/generate_data_dag.py for tasks to queue
[2026-03-28T19:13:01.653+0000] {logging_mixin.py:190} INFO - [2026-03-28T19:13:01.653+0000] {dagbag.py:588} INFO - Filling up the DagBag from /home/ec2-user/environment/lab4_model_training/dags/generate_data_dag.py
[2026-03-28T19:13:03.054+0000] {processor.py:925} INFO - DAG(s) 'generate_data_only' retrieved from /home/ec2-user/environment/lab4_model_training/dags/generate_data_dag.py
[2026-03-28T19:13:03.069+0000] {logging_mixin.py:190} INFO - [2026-03-28T19:13:03.068+0000] {dag.py:3239} INFO - Sync 1 DAGs
[2026-03-28T19:13:03.078+0000] {logging_mixin.py:190} INFO - [2026-03-28T19:13:03.077+0000] {dag.py:4180} INFO - Setting next_dagrun for generate_data_only to None, run_after=None
[2026-03-28T19:13:03.095+0000] {processor.py:208} INFO - Processing /home/ec2-user/environment/lab4_model_training/dags/generate_data_dag.py took 1.448 seconds
[2026-03-28T19:13:33.484+0000] {processor.py:186} INFO - Started process (PID=9603) to work on /home/ec2-user/environment/lab4_model_training/dags/generate_data_dag.py
[2026-03-28T19:13:33.485+0000] {processor.py:914} INFO - Processing file /home/ec2-user/environment/lab4_model_training/dags/generate_data_dag.py for tasks to queue
[2026-03-28T19:13:33.486+0000] {logging_mixin.py:190} INFO - [2026-03-28T19:13:33.485+0000] {dagbag.py:588} INFO - Filling up the DagBag from /home/ec2-user/environment/lab4_model_training/dags/generate_data_dag.py
[2026-03-28T19:13:34.893+0000] {processor.py:925} INFO - DAG(s) 'generate_data_only' retrieved from /home/ec2-user/environment/lab4_model_training/dags/generate_data_dag.py
[2026-03-28T19:13:34.906+0000] {logging_mixin.py:190} INFO - [2026-03-28T19:13:34.906+0000] {dag.py:3239} INFO - Sync 1 DAGs
[2026-03-28T19:13:34.915+0000] {logging_mixin.py:190} INFO - [2026-03-28T19:13:34.915+0000] {dag.py:4180} INFO - Setting next_dagrun for generate_data_only to None, run_after=None
[2026-03-28T19:13:34.933+0000] {processor.py:208} INFO - Processing /home/ec2-user/environment/lab4_model_training/dags/generate_data_dag.py took 1.454 seconds
[2026-03-28T19:14:05.315+0000] {processor.py:186} INFO - Started process (PID=9641) to work on /home/ec2-user/environment/lab4_model_training/dags/generate_data_dag.py
[2026-03-28T19:14:05.316+0000] {processor.py:914} INFO - Processing file /home/ec2-user/environment/lab4_model_training/dags/generate_data_dag.py for tasks to queue
[2026-03-28T19:14:05.317+0000] {logging_mixin.py:190} INFO - [2026-03-28T19:14:05.316+0000] {dagbag.py:588} INFO - Filling up the DagBag from /home/ec2-user/environment/lab4_model_training/dags/generate_data_dag.py
[2026-03-28T19:14:06.723+0000] {processor.py:925} INFO - DAG(s) 'generate_data_only' retrieved from /home/ec2-user/environment/lab4_model_training/dags/generate_data_dag.py
[2026-03-28T19:14:06.737+0000] {logging_mixin.py:190} INFO - [2026-03-28T19:14:06.736+0000] {dag.py:3239} INFO - Sync 1 DAGs
[2026-03-28T19:14:06.746+0000] {logging_mixin.py:190} INFO - [2026-03-28T19:14:06.746+0000] {dag.py:4180} INFO - Setting next_dagrun for generate_data_only to None, run_after=None
[2026-03-28T19:14:06.763+0000] {processor.py:208} INFO - Processing /home/ec2-user/environment/lab4_model_training/dags/generate_data_dag.py took 1.453 seconds
[2026-03-28T19:14:36.885+0000] {processor.py:186} INFO - Started process (PID=9667) to work on /home/ec2-user/environment/lab4_model_training/dags/generate_data_dag.py
[2026-03-28T19:14:36.886+0000] {processor.py:914} INFO - Processing file /home/ec2-user/environment/lab4_model_training/dags/generate_data_dag.py for tasks to queue
[2026-03-28T19:14:36.887+0000] {logging_mixin.py:190} INFO - [2026-03-28T19:14:36.886+0000] {dagbag.py:588} INFO - Filling up the DagBag from /home/ec2-user/environment/lab4_model_training/dags/generate_data_dag.py
[2026-03-28T19:14:38.288+0000] {processor.py:925} INFO - DAG(s) 'generate_data_only' retrieved from /home/ec2-user/environment/lab4_model_training/dags/generate_data_dag.py
[2026-03-28T19:14:38.301+0000] {logging_mixin.py:190} INFO - [2026-03-28T19:14:38.300+0000] {dag.py:3239} INFO - Sync 1 DAGs
[2026-03-28T19:14:38.310+0000] {logging_mixin.py:190} INFO - [2026-03-28T19:14:38.310+0000] {dag.py:4180} INFO - Setting next_dagrun for generate_data_only to None, run_after=None
[2026-03-28T19:14:38.327+0000] {processor.py:208} INFO - Processing /home/ec2-user/environment/lab4_model_training/dags/generate_data_dag.py took 1.448 seconds
[2026-03-28T19:15:08.485+0000] {processor.py:186} INFO - Started process (PID=9705) to work on /home/ec2-user/environment/lab4_model_training/dags/generate_data_dag.py
[2026-03-28T19:15:08.486+0000] {processor.py:914} INFO - Processing file /home/ec2-user/environment/lab4_model_training/dags/generate_data_dag.py for tasks to queue
[2026-03-28T19:15:08.487+0000] {logging_mixin.py:190} INFO - [2026-03-28T19:15:08.487+0000] {dagbag.py:588} INFO - Filling up the DagBag from /home/ec2-user/environment/lab4_model_training/dags/generate_data_dag.py
[2026-03-28T19:15:09.881+0000] {processor.py:925} INFO - DAG(s) 'generate_data_only' retrieved from /home/ec2-user/environment/lab4_model_training/dags/generate_data_dag.py
[2026-03-28T19:15:09.893+0000] {logging_mixin.py:190} INFO - [2026-03-28T19:15:09.893+0000] {dag.py:3239} INFO - Sync 1 DAGs
[2026-03-28T19:15:09.902+0000] {logging_mixin.py:190} INFO - [2026-03-28T19:15:09.902+0000] {dag.py:4180} INFO - Setting next_dagrun for generate_data_only to None, run_after=None
[2026-03-28T19:15:09.921+0000] {processor.py:208} INFO - Processing /home/ec2-user/environment/lab4_model_training/dags/generate_data_dag.py took 1.440 seconds
[2026-03-28T19:15:41.158+0000] {processor.py:186} INFO - Started process (PID=9781) to work on /home/ec2-user/environment/lab4_model_training/dags/generate_data_dag.py
[2026-03-28T19:15:41.159+0000] {processor.py:914} INFO - Processing file /home/ec2-user/environment/lab4_model_training/dags/generate_data_dag.py for tasks to queue
[2026-03-28T19:15:41.160+0000] {logging_mixin.py:190} INFO - [2026-03-28T19:15:41.160+0000] {dagbag.py:588} INFO - Filling up the DagBag from /home/ec2-user/environment/lab4_model_training/dags/generate_data_dag.py
[2026-03-28T19:15:42.563+0000] {processor.py:925} INFO - DAG(s) 'generate_data_only' retrieved from /home/ec2-user/environment/lab4_model_training/dags/generate_data_dag.py
[2026-03-28T19:15:42.576+0000] {logging_mixin.py:190} INFO - [2026-03-28T19:15:42.576+0000] {dag.py:3239} INFO - Sync 1 DAGs
[2026-03-28T19:15:42.587+0000] {logging_mixin.py:190} INFO - [2026-03-28T19:15:42.587+0000] {dag.py:4180} INFO - Setting next_dagrun for generate_data_only to None, run_after=None
[2026-03-28T19:15:42.604+0000] {processor.py:208} INFO - Processing /home/ec2-user/environment/lab4_model_training/dags/generate_data_dag.py took 1.453 seconds
[2026-03-28T19:16:12.832+0000] {processor.py:186} INFO - Started process (PID=9829) to work on /home/ec2-user/environment/lab4_model_training/dags/generate_data_dag.py
[2026-03-28T19:16:12.832+0000] {processor.py:914} INFO - Processing file /home/ec2-user/environment/lab4_model_training/dags/generate_data_dag.py for tasks to queue
[2026-03-28T19:16:12.833+0000] {logging_mixin.py:190} INFO - [2026-03-28T19:16:12.833+0000] {dagbag.py:588} INFO - Filling up the DagBag from /home/ec2-user/environment/lab4_model_training/dags/generate_data_dag.py
[2026-03-28T19:16:14.233+0000] {processor.py:925} INFO - DAG(s) 'generate_data_only' retrieved from /home/ec2-user/environment/lab4_model_training/dags/generate_data_dag.py
[2026-03-28T19:16:14.245+0000] {logging_mixin.py:190} INFO - [2026-03-28T19:16:14.245+0000] {dag.py:3239} INFO - Sync 1 DAGs
[2026-03-28T19:16:14.256+0000] {logging_mixin.py:190} INFO - [2026-03-28T19:16:14.256+0000] {dag.py:4180} INFO - Setting next_dagrun for generate_data_only to None, run_after=None
[2026-03-28T19:16:14.273+0000] {processor.py:208} INFO - Processing /home/ec2-user/environment/lab4_model_training/dags/generate_data_dag.py took 1.447 seconds
[2026-03-28T19:16:46.337+0000] {processor.py:186} INFO - Started process (PID=9859) to work on /home/ec2-user/environment/lab4_model_training/dags/generate_data_dag.py
[2026-03-28T19:16:46.338+0000] {processor.py:914} INFO - Processing file /home/ec2-user/environment/lab4_model_training/dags/generate_data_dag.py for tasks to queue
[2026-03-28T19:16:46.339+0000] {logging_mixin.py:190} INFO - [2026-03-28T19:16:46.339+0000] {dagbag.py:588} INFO - Filling up the DagBag from /home/ec2-user/environment/lab4_model_training/dags/generate_data_dag.py
[2026-03-28T19:16:47.732+0000] {processor.py:925} INFO - DAG(s) 'generate_data_only' retrieved from /home/ec2-user/environment/lab4_model_training/dags/generate_data_dag.py
[2026-03-28T19:16:47.746+0000] {logging_mixin.py:190} INFO - [2026-03-28T19:16:47.745+0000] {dag.py:3239} INFO - Sync 1 DAGs
[2026-03-28T19:16:47.755+0000] {logging_mixin.py:190} INFO - [2026-03-28T19:16:47.755+0000] {dag.py:4180} INFO - Setting next_dagrun for generate_data_only to None, run_after=None
[2026-03-28T19:16:47.772+0000] {processor.py:208} INFO - Processing /home/ec2-user/environment/lab4_model_training/dags/generate_data_dag.py took 1.440 seconds
[2026-03-28T19:17:18.950+0000] {processor.py:186} INFO - Started process (PID=9898) to work on /home/ec2-user/environment/lab4_model_training/dags/generate_data_dag.py
[2026-03-28T19:17:18.951+0000] {processor.py:914} INFO - Processing file /home/ec2-user/environment/lab4_model_training/dags/generate_data_dag.py for tasks to queue
[2026-03-28T19:17:18.952+0000] {logging_mixin.py:190} INFO - [2026-03-28T19:17:18.952+0000] {dagbag.py:588} INFO - Filling up the DagBag from /home/ec2-user/environment/lab4_model_training/dags/generate_data_dag.py
[2026-03-28T19:17:20.358+0000] {processor.py:925} INFO - DAG(s) 'generate_data_only' retrieved from /home/ec2-user/environment/lab4_model_training/dags/generate_data_dag.py
[2026-03-28T19:17:20.373+0000] {logging_mixin.py:190} INFO - [2026-03-28T19:17:20.372+0000] {dag.py:3239} INFO - Sync 1 DAGs
[2026-03-28T19:17:20.382+0000] {logging_mixin.py:190} INFO - [2026-03-28T19:17:20.381+0000] {dag.py:4180} INFO - Setting next_dagrun for generate_data_only to None, run_after=None
[2026-03-28T19:17:20.399+0000] {processor.py:208} INFO - Processing /home/ec2-user/environment/lab4_model_training/dags/generate_data_dag.py took 1.454 seconds
[2026-03-28T19:17:50.870+0000] {processor.py:186} INFO - Started process (PID=9979) to work on /home/ec2-user/environment/lab4_model_training/dags/generate_data_dag.py
[2026-03-28T19:17:50.870+0000] {processor.py:914} INFO - Processing file /home/ec2-user/environment/lab4_model_training/dags/generate_data_dag.py for tasks to queue
[2026-03-28T19:17:50.871+0000] {logging_mixin.py:190} INFO - [2026-03-28T19:17:50.871+0000] {dagbag.py:588} INFO - Filling up the DagBag from /home/ec2-user/environment/lab4_model_training/dags/generate_data_dag.py
[2026-03-28T19:17:52.265+0000] {processor.py:925} INFO - DAG(s) 'generate_data_only' retrieved from /home/ec2-user/environment/lab4_model_training/dags/generate_data_dag.py
[2026-03-28T19:17:52.278+0000] {logging_mixin.py:190} INFO - [2026-03-28T19:17:52.278+0000] {dag.py:3239} INFO - Sync 1 DAGs
[2026-03-28T19:17:52.287+0000] {logging_mixin.py:190} INFO - [2026-03-28T19:17:52.287+0000] {dag.py:4180} INFO - Setting next_dagrun for generate_data_only to None, run_after=None
[2026-03-28T19:17:52.304+0000] {processor.py:208} INFO - Processing /home/ec2-user/environment/lab4_model_training/dags/generate_data_dag.py took 1.440 seconds
[2026-03-28T19:18:24.180+0000] {processor.py:186} INFO - Started process (PID=10018) to work on /home/ec2-user/environment/lab4_model_training/dags/generate_data_dag.py
[2026-03-28T19:18:24.181+0000] {processor.py:914} INFO - Processing file /home/ec2-user/environment/lab4_model_training/dags/generate_data_dag.py for tasks to queue
[2026-03-28T19:18:24.182+0000] {logging_mixin.py:190} INFO - [2026-03-28T19:18:24.181+0000] {dagbag.py:588} INFO - Filling up the DagBag from /home/ec2-user/environment/lab4_model_training/dags/generate_data_dag.py
[2026-03-28T19:18:25.586+0000] {processor.py:925} INFO - DAG(s) 'generate_data_only' retrieved from /home/ec2-user/environment/lab4_model_training/dags/generate_data_dag.py
[2026-03-28T19:18:25.599+0000] {logging_mixin.py:190} INFO - [2026-03-28T19:18:25.599+0000] {dag.py:3239} INFO - Sync 1 DAGs
[2026-03-28T19:18:25.608+0000] {logging_mixin.py:190} INFO - [2026-03-28T19:18:25.608+0000] {dag.py:4180} INFO - Setting next_dagrun for generate_data_only to None, run_after=None
[2026-03-28T19:18:25.625+0000] {processor.py:208} INFO - Processing /home/ec2-user/environment/lab4_model_training/dags/generate_data_dag.py took 1.450 seconds
[2026-03-28T19:18:56.653+0000] {processor.py:186} INFO - Started process (PID=10046) to work on /home/ec2-user/environment/lab4_model_training/dags/generate_data_dag.py
[2026-03-28T19:18:56.654+0000] {processor.py:914} INFO - Processing file /home/ec2-user/environment/lab4_model_training/dags/generate_data_dag.py for tasks to queue
[2026-03-28T19:18:56.655+0000] {logging_mixin.py:190} INFO - [2026-03-28T19:18:56.655+0000] {dagbag.py:588} INFO - Filling up the DagBag from /home/ec2-user/environment/lab4_model_training/dags/generate_data_dag.py
[2026-03-28T19:18:58.042+0000] {processor.py:925} INFO - DAG(s) 'generate_data_only' retrieved from /home/ec2-user/environment/lab4_model_training/dags/generate_data_dag.py
[2026-03-28T19:18:58.055+0000] {logging_mixin.py:190} INFO - [2026-03-28T19:18:58.054+0000] {dag.py:3239} INFO - Sync 1 DAGs
[2026-03-28T19:18:58.064+0000] {logging_mixin.py:190} INFO - [2026-03-28T19:18:58.063+0000] {dag.py:4180} INFO - Setting next_dagrun for generate_data_only to None, run_after=None
[2026-03-28T19:18:58.080+0000] {processor.py:208} INFO - Processing /home/ec2-user/environment/lab4_model_training/dags/generate_data_dag.py took 1.432 seconds
[2026-03-28T19:19:28.606+0000] {processor.py:186} INFO - Started process (PID=10155) to work on /home/ec2-user/environment/lab4_model_training/dags/generate_data_dag.py
[2026-03-28T19:19:28.607+0000] {processor.py:914} INFO - Processing file /home/ec2-user/environment/lab4_model_training/dags/generate_data_dag.py for tasks to queue
[2026-03-28T19:19:28.608+0000] {logging_mixin.py:190} INFO - [2026-03-28T19:19:28.608+0000] {dagbag.py:588} INFO - Filling up the DagBag from /home/ec2-user/environment/lab4_model_training/dags/generate_data_dag.py
[2026-03-28T19:19:29.832+0000] {processor.py:925} INFO - DAG(s) 'generate_data_only' retrieved from /home/ec2-user/environment/lab4_model_training/dags/generate_data_dag.py
[2026-03-28T19:19:29.844+0000] {logging_mixin.py:190} INFO - [2026-03-28T19:19:29.844+0000] {dag.py:3239} INFO - Sync 1 DAGs
[2026-03-28T19:19:29.853+0000] {logging_mixin.py:190} INFO - [2026-03-28T19:19:29.853+0000] {dag.py:4180} INFO - Setting next_dagrun for generate_data_only to None, run_after=None
[2026-03-28T19:19:29.871+0000] {processor.py:208} INFO - Processing /home/ec2-user/environment/lab4_model_training/dags/generate_data_dag.py took 1.392 seconds
[2026-03-28T19:20:00.218+0000] {processor.py:186} INFO - Started process (PID=10181) to work on /home/ec2-user/environment/lab4_model_training/dags/generate_data_dag.py
[2026-03-28T19:20:00.219+0000] {processor.py:914} INFO - Processing file /home/ec2-user/environment/lab4_model_training/dags/generate_data_dag.py for tasks to queue
[2026-03-28T19:20:00.220+0000] {logging_mixin.py:190} INFO - [2026-03-28T19:20:00.219+0000] {dagbag.py:588} INFO - Filling up the DagBag from /home/ec2-user/environment/lab4_model_training/dags/generate_data_dag.py
[2026-03-28T19:20:01.529+0000] {processor.py:925} INFO - DAG(s) 'generate_data_only' retrieved from /home/ec2-user/environment/lab4_model_training/dags/generate_data_dag.py
[2026-03-28T19:20:01.545+0000] {logging_mixin.py:190} INFO - [2026-03-28T19:20:01.545+0000] {dag.py:3239} INFO - Sync 1 DAGs
[2026-03-28T19:20:01.554+0000] {logging_mixin.py:190} INFO - [2026-03-28T19:20:01.554+0000] {dag.py:4180} INFO - Setting next_dagrun for generate_data_only to None, run_after=None
[2026-03-28T19:20:01.573+0000] {processor.py:208} INFO - Processing /home/ec2-user/environment/lab4_model_training/dags/generate_data_dag.py took 1.361 seconds
[2026-03-28T19:20:31.952+0000] {processor.py:186} INFO - Started process (PID=10226) to work on /home/ec2-user/environment/lab4_model_training/dags/generate_data_dag.py
[2026-03-28T19:20:31.953+0000] {processor.py:914} INFO - Processing file /home/ec2-user/environment/lab4_model_training/dags/generate_data_dag.py for tasks to queue
[2026-03-28T19:20:31.954+0000] {logging_mixin.py:190} INFO - [2026-03-28T19:20:31.954+0000] {dagbag.py:588} INFO - Filling up the DagBag from /home/ec2-user/environment/lab4_model_training/dags/generate_data_dag.py
[2026-03-28T19:20:33.321+0000] {processor.py:925} INFO - DAG(s) 'generate_data_only' retrieved from /home/ec2-user/environment/lab4_model_training/dags/generate_data_dag.py
[2026-03-28T19:20:33.334+0000] {logging_mixin.py:190} INFO - [2026-03-28T19:20:33.334+0000] {dag.py:3239} INFO - Sync 1 DAGs
[2026-03-28T19:20:33.344+0000] {logging_mixin.py:190} INFO - [2026-03-28T19:20:33.344+0000] {dag.py:4180} INFO - Setting next_dagrun for generate_data_only to None, run_after=None
[2026-03-28T19:20:33.363+0000] {processor.py:208} INFO - Processing /home/ec2-user/environment/lab4_model_training/dags/generate_data_dag.py took 1.415 seconds
[2026-03-28T19:21:03.687+0000] {processor.py:186} INFO - Started process (PID=10316) to work on /home/ec2-user/environment/lab4_model_training/dags/generate_data_dag.py
[2026-03-28T19:21:03.688+0000] {processor.py:914} INFO - Processing file /home/ec2-user/environment/lab4_model_training/dags/generate_data_dag.py for tasks to queue
[2026-03-28T19:21:03.690+0000] {logging_mixin.py:190} INFO - [2026-03-28T19:21:03.689+0000] {dagbag.py:588} INFO - Filling up the DagBag from /home/ec2-user/environment/lab4_model_training/dags/generate_data_dag.py
[2026-03-28T19:21:04.990+0000] {processor.py:925} INFO - DAG(s) 'generate_data_only' retrieved from /home/ec2-user/environment/lab4_model_training/dags/generate_data_dag.py
[2026-03-28T19:21:05.005+0000] {logging_mixin.py:190} INFO - [2026-03-28T19:21:05.004+0000] {dag.py:3239} INFO - Sync 1 DAGs
[2026-03-28T19:21:05.014+0000] {logging_mixin.py:190} INFO - [2026-03-28T19:21:05.013+0000] {dag.py:4180} INFO - Setting next_dagrun for generate_data_only to None, run_after=None
[2026-03-28T19:21:05.031+0000] {processor.py:208} INFO - Processing /home/ec2-user/environment/lab4_model_training/dags/generate_data_dag.py took 1.349 seconds
[2026-03-28T19:21:36.835+0000] {processor.py:186} INFO - Started process (PID=10351) to work on /home/ec2-user/environment/lab4_model_training/dags/generate_data_dag.py
[2026-03-28T19:21:36.837+0000] {processor.py:914} INFO - Processing file /home/ec2-user/environment/lab4_model_training/dags/generate_data_dag.py for tasks to queue
[2026-03-28T19:21:36.838+0000] {logging_mixin.py:190} INFO - [2026-03-28T19:21:36.837+0000] {dagbag.py:588} INFO - Filling up the DagBag from /home/ec2-user/environment/lab4_model_training/dags/generate_data_dag.py
[2026-03-28T19:21:38.143+0000] {processor.py:925} INFO - DAG(s) 'generate_data_only' retrieved from /home/ec2-user/environment/lab4_model_training/dags/generate_data_dag.py
[2026-03-28T19:21:38.157+0000] {logging_mixin.py:190} INFO - [2026-03-28T19:21:38.157+0000] {dag.py:3239} INFO - Sync 1 DAGs
[2026-03-28T19:21:38.166+0000] {logging_mixin.py:190} INFO - [2026-03-28T19:21:38.166+0000] {dag.py:4180} INFO - Setting next_dagrun for generate_data_only to None, run_after=None
[2026-03-28T19:21:38.184+0000] {processor.py:208} INFO - Processing /home/ec2-user/environment/lab4_model_training/dags/generate_data_dag.py took 1.353 seconds
[2026-03-28T19:22:08.334+0000] {processor.py:186} INFO - Started process (PID=10395) to work on /home/ec2-user/environment/lab4_model_training/dags/generate_data_dag.py
[2026-03-28T19:22:08.335+0000] {processor.py:914} INFO - Processing file /home/ec2-user/environment/lab4_model_training/dags/generate_data_dag.py for tasks to queue
[2026-03-28T19:22:08.336+0000] {logging_mixin.py:190} INFO - [2026-03-28T19:22:08.336+0000] {dagbag.py:588} INFO - Filling up the DagBag from /home/ec2-user/environment/lab4_model_training/dags/generate_data_dag.py
[2026-03-28T19:22:09.611+0000] {processor.py:925} INFO - DAG(s) 'generate_data_only' retrieved from /home/ec2-user/environment/lab4_model_training/dags/generate_data_dag.py
[2026-03-28T19:22:09.623+0000] {logging_mixin.py:190} INFO - [2026-03-28T19:22:09.623+0000] {dag.py:3239} INFO - Sync 1 DAGs
[2026-03-28T19:22:09.632+0000] {logging_mixin.py:190} INFO - [2026-03-28T19:22:09.632+0000] {dag.py:4180} INFO - Setting next_dagrun for generate_data_only to None, run_after=None
[2026-03-28T19:22:09.649+0000] {processor.py:208} INFO - Processing /home/ec2-user/environment/lab4_model_training/dags/generate_data_dag.py took 1.320 seconds
[2026-03-28T19:22:40.266+0000] {processor.py:186} INFO - Started process (PID=10475) to work on /home/ec2-user/environment/lab4_model_training/dags/generate_data_dag.py
[2026-03-28T19:22:40.267+0000] {processor.py:914} INFO - Processing file /home/ec2-user/environment/lab4_model_training/dags/generate_data_dag.py for tasks to queue
[2026-03-28T19:22:40.268+0000] {logging_mixin.py:190} INFO - [2026-03-28T19:22:40.268+0000] {dagbag.py:588} INFO - Filling up the DagBag from /home/ec2-user/environment/lab4_model_training/dags/generate_data_dag.py
[2026-03-28T19:22:41.540+0000] {processor.py:925} INFO - DAG(s) 'generate_data_only' retrieved from /home/ec2-user/environment/lab4_model_training/dags/generate_data_dag.py
[2026-03-28T19:22:41.552+0000] {logging_mixin.py:190} INFO - [2026-03-28T19:22:41.552+0000] {dag.py:3239} INFO - Sync 1 DAGs
[2026-03-28T19:22:41.561+0000] {logging_mixin.py:190} INFO - [2026-03-28T19:22:41.561+0000] {dag.py:4180} INFO - Setting next_dagrun for generate_data_only to None, run_after=None
[2026-03-28T19:22:41.577+0000] {processor.py:208} INFO - Processing /home/ec2-user/environment/lab4_model_training/dags/generate_data_dag.py took 1.315 seconds
[2026-03-28T19:23:12.389+0000] {processor.py:186} INFO - Started process (PID=10513) to work on /home/ec2-user/environment/lab4_model_training/dags/generate_data_dag.py
[2026-03-28T19:23:12.390+0000] {processor.py:914} INFO - Processing file /home/ec2-user/environment/lab4_model_training/dags/generate_data_dag.py for tasks to queue
[2026-03-28T19:23:12.391+0000] {logging_mixin.py:190} INFO - [2026-03-28T19:23:12.391+0000] {dagbag.py:588} INFO - Filling up the DagBag from /home/ec2-user/environment/lab4_model_training/dags/generate_data_dag.py
[2026-03-28T19:23:13.675+0000] {processor.py:925} INFO - DAG(s) 'generate_data_only' retrieved from /home/ec2-user/environment/lab4_model_training/dags/generate_data_dag.py
[2026-03-28T19:23:13.688+0000] {logging_mixin.py:190} INFO - [2026-03-28T19:23:13.688+0000] {dag.py:3239} INFO - Sync 1 DAGs
[2026-03-28T19:23:13.697+0000] {logging_mixin.py:190} INFO - [2026-03-28T19:23:13.697+0000] {dag.py:4180} INFO - Setting next_dagrun for generate_data_only to None, run_after=None
[2026-03-28T19:23:13.714+0000] {processor.py:208} INFO - Processing /home/ec2-user/environment/lab4_model_training/dags/generate_data_dag.py took 1.331 seconds
[2026-03-28T19:23:44.509+0000] {processor.py:186} INFO - Started process (PID=10545) to work on /home/ec2-user/environment/lab4_model_training/dags/generate_data_dag.py
[2026-03-28T19:23:44.510+0000] {processor.py:914} INFO - Processing file /home/ec2-user/environment/lab4_model_training/dags/generate_data_dag.py for tasks to queue
[2026-03-28T19:23:44.511+0000] {logging_mixin.py:190} INFO - [2026-03-28T19:23:44.511+0000] {dagbag.py:588} INFO - Filling up the DagBag from /home/ec2-user/environment/lab4_model_training/dags/generate_data_dag.py
[2026-03-28T19:23:45.820+0000] {processor.py:925} INFO - DAG(s) 'generate_data_only' retrieved from /home/ec2-user/environment/lab4_model_training/dags/generate_data_dag.py
[2026-03-28T19:23:45.833+0000] {logging_mixin.py:190} INFO - [2026-03-28T19:23:45.832+0000] {dag.py:3239} INFO - Sync 1 DAGs
[2026-03-28T19:23:45.842+0000] {logging_mixin.py:190} INFO - [2026-03-28T19:23:45.842+0000] {dag.py:4180} INFO - Setting next_dagrun for generate_data_only to None, run_after=None
[2026-03-28T19:23:45.860+0000] {processor.py:208} INFO - Processing /home/ec2-user/environment/lab4_model_training/dags/generate_data_dag.py took 1.355 seconds
[2026-03-28T19:24:16.174+0000] {processor.py:186} INFO - Started process (PID=10583) to work on /home/ec2-user/environment/lab4_model_training/dags/generate_data_dag.py
[2026-03-28T19:24:16.174+0000] {processor.py:914} INFO - Processing file /home/ec2-user/environment/lab4_model_training/dags/generate_data_dag.py for tasks to queue
[2026-03-28T19:24:16.175+0000] {logging_mixin.py:190} INFO - [2026-03-28T19:24:16.175+0000] {dagbag.py:588} INFO - Filling up the DagBag from /home/ec2-user/environment/lab4_model_training/dags/generate_data_dag.py
[2026-03-28T19:24:17.573+0000] {processor.py:925} INFO - DAG(s) 'generate_data_only' retrieved from /home/ec2-user/environment/lab4_model_training/dags/generate_data_dag.py
[2026-03-28T19:24:17.586+0000] {logging_mixin.py:190} INFO - [2026-03-28T19:24:17.586+0000] {dag.py:3239} INFO - Sync 1 DAGs
[2026-03-28T19:24:17.595+0000] {logging_mixin.py:190} INFO - [2026-03-28T19:24:17.595+0000] {dag.py:4180} INFO - Setting next_dagrun for generate_data_only to None, run_after=None
[2026-03-28T19:24:17.613+0000] {processor.py:208} INFO - Processing /home/ec2-user/environment/lab4_model_training/dags/generate_data_dag.py took 1.444 seconds
[2026-03-28T19:24:48.330+0000] {processor.py:186} INFO - Started process (PID=10672) to work on /home/ec2-user/environment/lab4_model_training/dags/generate_data_dag.py
[2026-03-28T19:24:48.331+0000] {processor.py:914} INFO - Processing file /home/ec2-user/environment/lab4_model_training/dags/generate_data_dag.py for tasks to queue
[2026-03-28T19:24:48.332+0000] {logging_mixin.py:190} INFO - [2026-03-28T19:24:48.332+0000] {dagbag.py:588} INFO - Filling up the DagBag from /home/ec2-user/environment/lab4_model_training/dags/generate_data_dag.py
[2026-03-28T19:24:49.644+0000] {processor.py:925} INFO - DAG(s) 'generate_data_only' retrieved from /home/ec2-user/environment/lab4_model_training/dags/generate_data_dag.py
[2026-03-28T19:24:49.657+0000] {logging_mixin.py:190} INFO - [2026-03-28T19:24:49.657+0000] {dag.py:3239} INFO - Sync 1 DAGs
[2026-03-28T19:24:49.666+0000] {logging_mixin.py:190} INFO - [2026-03-28T19:24:49.666+0000] {dag.py:4180} INFO - Setting next_dagrun for generate_data_only to None, run_after=None
[2026-03-28T19:24:49.685+0000] {processor.py:208} INFO - Processing /home/ec2-user/environment/lab4_model_training/dags/generate_data_dag.py took 1.360 seconds
[2026-03-28T19:25:19.865+0000] {processor.py:186} INFO - Started process (PID=10714) to work on /home/ec2-user/environment/lab4_model_training/dags/generate_data_dag.py
[2026-03-28T19:25:19.865+0000] {processor.py:914} INFO - Processing file /home/ec2-user/environment/lab4_model_training/dags/generate_data_dag.py for tasks to queue
[2026-03-28T19:25:19.866+0000] {logging_mixin.py:190} INFO - [2026-03-28T19:25:19.866+0000] {dagbag.py:588} INFO - Filling up the DagBag from /home/ec2-user/environment/lab4_model_training/dags/generate_data_dag.py
[2026-03-28T19:25:21.157+0000] {processor.py:925} INFO - DAG(s) 'generate_data_only' retrieved from /home/ec2-user/environment/lab4_model_training/dags/generate_data_dag.py
[2026-03-28T19:25:21.170+0000] {logging_mixin.py:190} INFO - [2026-03-28T19:25:21.170+0000] {dag.py:3239} INFO - Sync 1 DAGs
[2026-03-28T19:25:21.180+0000] {logging_mixin.py:190} INFO - [2026-03-28T19:25:21.180+0000] {dag.py:4180} INFO - Setting next_dagrun for generate_data_only to None, run_after=None
[2026-03-28T19:25:21.197+0000] {processor.py:208} INFO - Processing /home/ec2-user/environment/lab4_model_training/dags/generate_data_dag.py took 1.337 seconds
[2026-03-28T19:25:51.394+0000] {processor.py:186} INFO - Started process (PID=10741) to work on /home/ec2-user/environment/lab4_model_training/dags/generate_data_dag.py
[2026-03-28T19:25:51.395+0000] {processor.py:914} INFO - Processing file /home/ec2-user/environment/lab4_model_training/dags/generate_data_dag.py for tasks to queue
[2026-03-28T19:25:51.396+0000] {logging_mixin.py:190} INFO - [2026-03-28T19:25:51.395+0000] {dagbag.py:588} INFO - Filling up the DagBag from /home/ec2-user/environment/lab4_model_training/dags/generate_data_dag.py
[2026-03-28T19:25:52.673+0000] {processor.py:925} INFO - DAG(s) 'generate_data_only' retrieved from /home/ec2-user/environment/lab4_model_training/dags/generate_data_dag.py
[2026-03-28T19:25:52.686+0000] {logging_mixin.py:190} INFO - [2026-03-28T19:25:52.685+0000] {dag.py:3239} INFO - Sync 1 DAGs
[2026-03-28T19:25:52.696+0000] {logging_mixin.py:190} INFO - [2026-03-28T19:25:52.696+0000] {dag.py:4180} INFO - Setting next_dagrun for generate_data_only to None, run_after=None
[2026-03-28T19:25:52.713+0000] {processor.py:208} INFO - Processing /home/ec2-user/environment/lab4_model_training/dags/generate_data_dag.py took 1.325 seconds
[2026-03-28T19:26:22.941+0000] {processor.py:186} INFO - Started process (PID=10782) to work on /home/ec2-user/environment/lab4_model_training/dags/generate_data_dag.py
[2026-03-28T19:26:22.942+0000] {processor.py:914} INFO - Processing file /home/ec2-user/environment/lab4_model_training/dags/generate_data_dag.py for tasks to queue
[2026-03-28T19:26:22.943+0000] {logging_mixin.py:190} INFO - [2026-03-28T19:26:22.943+0000] {dagbag.py:588} INFO - Filling up the DagBag from /home/ec2-user/environment/lab4_model_training/dags/generate_data_dag.py
[2026-03-28T19:26:24.235+0000] {processor.py:925} INFO - DAG(s) 'generate_data_only' retrieved from /home/ec2-user/environment/lab4_model_training/dags/generate_data_dag.py
[2026-03-28T19:26:24.249+0000] {logging_mixin.py:190} INFO - [2026-03-28T19:26:24.249+0000] {dag.py:3239} INFO - Sync 1 DAGs
[2026-03-28T19:26:24.258+0000] {logging_mixin.py:190} INFO - [2026-03-28T19:26:24.258+0000] {dag.py:4180} INFO - Setting next_dagrun for generate_data_only to None, run_after=None
[2026-03-28T19:26:24.276+0000] {processor.py:208} INFO - Processing /home/ec2-user/environment/lab4_model_training/dags/generate_data_dag.py took 1.341 seconds
[2026-03-28T19:26:54.474+0000] {processor.py:186} INFO - Started process (PID=10878) to work on /home/ec2-user/environment/lab4_model_training/dags/generate_data_dag.py
[2026-03-28T19:26:54.474+0000] {processor.py:914} INFO - Processing file /home/ec2-user/environment/lab4_model_training/dags/generate_data_dag.py for tasks to queue
[2026-03-28T19:26:54.475+0000] {logging_mixin.py:190} INFO - [2026-03-28T19:26:54.475+0000] {dagbag.py:588} INFO - Filling up the DagBag from /home/ec2-user/environment/lab4_model_training/dags/generate_data_dag.py
[2026-03-28T19:26:55.807+0000] {processor.py:925} INFO - DAG(s) 'generate_data_only' retrieved from /home/ec2-user/environment/lab4_model_training/dags/generate_data_dag.py
[2026-03-28T19:26:55.821+0000] {logging_mixin.py:190} INFO - [2026-03-28T19:26:55.820+0000] {dag.py:3239} INFO - Sync 1 DAGs
[2026-03-28T19:26:55.829+0000] {logging_mixin.py:190} INFO - [2026-03-28T19:26:55.829+0000] {dag.py:4180} INFO - Setting next_dagrun for generate_data_only to None, run_after=None
[2026-03-28T19:26:55.846+0000] {processor.py:208} INFO - Processing /home/ec2-user/environment/lab4_model_training/dags/generate_data_dag.py took 1.377 seconds
[2026-03-28T19:27:26.005+0000] {processor.py:186} INFO - Started process (PID=10918) to work on /home/ec2-user/environment/lab4_model_training/dags/generate_data_dag.py
[2026-03-28T19:27:26.007+0000] {processor.py:914} INFO - Processing file /home/ec2-user/environment/lab4_model_training/dags/generate_data_dag.py for tasks to queue
[2026-03-28T19:27:26.008+0000] {logging_mixin.py:190} INFO - [2026-03-28T19:27:26.008+0000] {dagbag.py:588} INFO - Filling up the DagBag from /home/ec2-user/environment/lab4_model_training/dags/generate_data_dag.py
[2026-03-28T19:27:27.308+0000] {processor.py:925} INFO - DAG(s) 'generate_data_only' retrieved from /home/ec2-user/environment/lab4_model_training/dags/generate_data_dag.py
[2026-03-28T19:27:27.321+0000] {logging_mixin.py:190} INFO - [2026-03-28T19:27:27.320+0000] {dag.py:3239} INFO - Sync 1 DAGs
[2026-03-28T19:27:27.330+0000] {logging_mixin.py:190} INFO - [2026-03-28T19:27:27.330+0000] {dag.py:4180} INFO - Setting next_dagrun for generate_data_only to None, run_after=None
[2026-03-28T19:27:27.347+0000] {processor.py:208} INFO - Processing /home/ec2-user/environment/lab4_model_training/dags/generate_data_dag.py took 1.347 seconds
[2026-03-28T19:27:58.571+0000] {processor.py:186} INFO - Started process (PID=10944) to work on /home/ec2-user/environment/lab4_model_training/dags/generate_data_dag.py
[2026-03-28T19:27:58.571+0000] {processor.py:914} INFO - Processing file /home/ec2-user/environment/lab4_model_training/dags/generate_data_dag.py for tasks to queue
[2026-03-28T19:27:58.572+0000] {logging_mixin.py:190} INFO - [2026-03-28T19:27:58.572+0000] {dagbag.py:588} INFO - Filling up the DagBag from /home/ec2-user/environment/lab4_model_training/dags/generate_data_dag.py
[2026-03-28T19:27:59.849+0000] {processor.py:925} INFO - DAG(s) 'generate_data_only' retrieved from /home/ec2-user/environment/lab4_model_training/dags/generate_data_dag.py
[2026-03-28T19:27:59.862+0000] {logging_mixin.py:190} INFO - [2026-03-28T19:27:59.861+0000] {dag.py:3239} INFO - Sync 1 DAGs
[2026-03-28T19:27:59.871+0000] {logging_mixin.py:190} INFO - [2026-03-28T19:27:59.870+0000] {dag.py:4180} INFO - Setting next_dagrun for generate_data_only to None, run_after=None
[2026-03-28T19:27:59.887+0000] {processor.py:208} INFO - Processing /home/ec2-user/environment/lab4_model_training/dags/generate_data_dag.py took 1.322 seconds
[2026-03-28T19:28:30.204+0000] {processor.py:186} INFO - Started process (PID=10982) to work on /home/ec2-user/environment/lab4_model_training/dags/generate_data_dag.py
[2026-03-28T19:28:30.204+0000] {processor.py:914} INFO - Processing file /home/ec2-user/environment/lab4_model_training/dags/generate_data_dag.py for tasks to queue
[2026-03-28T19:28:30.205+0000] {logging_mixin.py:190} INFO - [2026-03-28T19:28:30.205+0000] {dagbag.py:588} INFO - Filling up the DagBag from /home/ec2-user/environment/lab4_model_training/dags/generate_data_dag.py
[2026-03-28T19:28:31.501+0000] {processor.py:925} INFO - DAG(s) 'generate_data_only' retrieved from /home/ec2-user/environment/lab4_model_training/dags/generate_data_dag.py
[2026-03-28T19:28:31.513+0000] {logging_mixin.py:190} INFO - [2026-03-28T19:28:31.513+0000] {dag.py:3239} INFO - Sync 1 DAGs
[2026-03-28T19:28:31.524+0000] {logging_mixin.py:190} INFO - [2026-03-28T19:28:31.523+0000] {dag.py:4180} INFO - Setting next_dagrun for generate_data_only to None, run_after=None
[2026-03-28T19:28:31.567+0000] {processor.py:208} INFO - Processing /home/ec2-user/environment/lab4_model_training/dags/generate_data_dag.py took 1.368 seconds
[2026-03-28T19:29:02.135+0000] {processor.py:186} INFO - Started process (PID=11068) to work on /home/ec2-user/environment/lab4_model_training/dags/generate_data_dag.py
[2026-03-28T19:29:02.136+0000] {processor.py:914} INFO - Processing file /home/ec2-user/environment/lab4_model_training/dags/generate_data_dag.py for tasks to queue
[2026-03-28T19:29:02.137+0000] {logging_mixin.py:190} INFO - [2026-03-28T19:29:02.137+0000] {dagbag.py:588} INFO - Filling up the DagBag from /home/ec2-user/environment/lab4_model_training/dags/generate_data_dag.py
[2026-03-28T19:29:03.403+0000] {processor.py:925} INFO - DAG(s) 'generate_data_only' retrieved from /home/ec2-user/environment/lab4_model_training/dags/generate_data_dag.py
[2026-03-28T19:29:03.416+0000] {logging_mixin.py:190} INFO - [2026-03-28T19:29:03.416+0000] {dag.py:3239} INFO - Sync 1 DAGs
[2026-03-28T19:29:03.425+0000] {logging_mixin.py:190} INFO - [2026-03-28T19:29:03.425+0000] {dag.py:4180} INFO - Setting next_dagrun for generate_data_only to None, run_after=None
[2026-03-28T19:29:03.444+0000] {processor.py:208} INFO - Processing /home/ec2-user/environment/lab4_model_training/dags/generate_data_dag.py took 1.314 seconds
[2026-03-28T19:29:34.405+0000] {processor.py:186} INFO - Started process (PID=11094) to work on /home/ec2-user/environment/lab4_model_training/dags/generate_data_dag.py
[2026-03-28T19:29:34.405+0000] {processor.py:914} INFO - Processing file /home/ec2-user/environment/lab4_model_training/dags/generate_data_dag.py for tasks to queue
[2026-03-28T19:29:34.406+0000] {logging_mixin.py:190} INFO - [2026-03-28T19:29:34.406+0000] {dagbag.py:588} INFO - Filling up the DagBag from /home/ec2-user/environment/lab4_model_training/dags/generate_data_dag.py
[2026-03-28T19:29:35.692+0000] {processor.py:925} INFO - DAG(s) 'generate_data_only' retrieved from /home/ec2-user/environment/lab4_model_training/dags/generate_data_dag.py
[2026-03-28T19:29:35.705+0000] {logging_mixin.py:190} INFO - [2026-03-28T19:29:35.704+0000] {dag.py:3239} INFO - Sync 1 DAGs
[2026-03-28T19:29:35.714+0000] {logging_mixin.py:190} INFO - [2026-03-28T19:29:35.713+0000] {dag.py:4180} INFO - Setting next_dagrun for generate_data_only to None, run_after=None
[2026-03-28T19:29:35.732+0000] {processor.py:208} INFO - Processing /home/ec2-user/environment/lab4_model_training/dags/generate_data_dag.py took 1.333 seconds
[2026-03-28T19:30:06.502+0000] {processor.py:186} INFO - Started process (PID=11139) to work on /home/ec2-user/environment/lab4_model_training/dags/generate_data_dag.py
[2026-03-28T19:30:06.502+0000] {processor.py:914} INFO - Processing file /home/ec2-user/environment/lab4_model_training/dags/generate_data_dag.py for tasks to queue
[2026-03-28T19:30:06.503+0000] {logging_mixin.py:190} INFO - [2026-03-28T19:30:06.503+0000] {dagbag.py:588} INFO - Filling up the DagBag from /home/ec2-user/environment/lab4_model_training/dags/generate_data_dag.py
[2026-03-28T19:30:07.964+0000] {processor.py:925} INFO - DAG(s) 'generate_data_only' retrieved from /home/ec2-user/environment/lab4_model_training/dags/generate_data_dag.py
[2026-03-28T19:30:07.976+0000] {logging_mixin.py:190} INFO - [2026-03-28T19:30:07.976+0000] {dag.py:3239} INFO - Sync 1 DAGs
[2026-03-28T19:30:07.987+0000] {logging_mixin.py:190} INFO - [2026-03-28T19:30:07.987+0000] {dag.py:4180} INFO - Setting next_dagrun for generate_data_only to None, run_after=None
[2026-03-28T19:30:08.004+0000] {processor.py:208} INFO - Processing /home/ec2-user/environment/lab4_model_training/dags/generate_data_dag.py took 1.508 seconds
[2026-03-28T19:30:38.757+0000] {processor.py:186} INFO - Started process (PID=11324) to work on /home/ec2-user/environment/lab4_model_training/dags/generate_data_dag.py
[2026-03-28T19:30:38.758+0000] {processor.py:914} INFO - Processing file /home/ec2-user/environment/lab4_model_training/dags/generate_data_dag.py for tasks to queue
[2026-03-28T19:30:38.759+0000] {logging_mixin.py:190} INFO - [2026-03-28T19:30:38.759+0000] {dagbag.py:588} INFO - Filling up the DagBag from /home/ec2-user/environment/lab4_model_training/dags/generate_data_dag.py
[2026-03-28T19:30:40.044+0000] {processor.py:925} INFO - DAG(s) 'generate_data_only' retrieved from /home/ec2-user/environment/lab4_model_training/dags/generate_data_dag.py
[2026-03-28T19:30:40.058+0000] {logging_mixin.py:190} INFO - [2026-03-28T19:30:40.058+0000] {dag.py:3239} INFO - Sync 1 DAGs
[2026-03-28T19:30:40.067+0000] {logging_mixin.py:190} INFO - [2026-03-28T19:30:40.067+0000] {dag.py:4180} INFO - Setting next_dagrun for generate_data_only to None, run_after=None
[2026-03-28T19:30:40.085+0000] {processor.py:208} INFO - Processing /home/ec2-user/environment/lab4_model_training/dags/generate_data_dag.py took 1.333 seconds
[2026-03-28T19:31:10.952+0000] {processor.py:186} INFO - Started process (PID=11363) to work on /home/ec2-user/environment/lab4_model_training/dags/generate_data_dag.py
[2026-03-28T19:31:10.953+0000] {processor.py:914} INFO - Processing file /home/ec2-user/environment/lab4_model_training/dags/generate_data_dag.py for tasks to queue
[2026-03-28T19:31:10.954+0000] {logging_mixin.py:190} INFO - [2026-03-28T19:31:10.954+0000] {dagbag.py:588} INFO - Filling up the DagBag from /home/ec2-user/environment/lab4_model_training/dags/generate_data_dag.py
[2026-03-28T19:31:12.224+0000] {processor.py:925} INFO - DAG(s) 'generate_data_only' retrieved from /home/ec2-user/environment/lab4_model_training/dags/generate_data_dag.py
[2026-03-28T19:31:12.238+0000] {logging_mixin.py:190} INFO - [2026-03-28T19:31:12.237+0000] {dag.py:3239} INFO - Sync 1 DAGs
[2026-03-28T19:31:12.247+0000] {logging_mixin.py:190} INFO - [2026-03-28T19:31:12.246+0000] {dag.py:4180} INFO - Setting next_dagrun for generate_data_only to None, run_after=None
[2026-03-28T19:31:12.264+0000] {processor.py:208} INFO - Processing /home/ec2-user/environment/lab4_model_training/dags/generate_data_dag.py took 1.317 seconds
[2026-03-28T19:31:43.145+0000] {processor.py:186} INFO - Started process (PID=11439) to work on /home/ec2-user/environment/lab4_model_training/dags/generate_data_dag.py
[2026-03-28T19:31:43.146+0000] {processor.py:914} INFO - Processing file /home/ec2-user/environment/lab4_model_training/dags/generate_data_dag.py for tasks to queue
[2026-03-28T19:31:43.147+0000] {logging_mixin.py:190} INFO - [2026-03-28T19:31:43.146+0000] {dagbag.py:588} INFO - Filling up the DagBag from /home/ec2-user/environment/lab4_model_training/dags/generate_data_dag.py
[2026-03-28T19:31:44.423+0000] {processor.py:925} INFO - DAG(s) 'generate_data_only' retrieved from /home/ec2-user/environment/lab4_model_training/dags/generate_data_dag.py
[2026-03-28T19:31:44.436+0000] {logging_mixin.py:190} INFO - [2026-03-28T19:31:44.435+0000] {dag.py:3239} INFO - Sync 1 DAGs
[2026-03-28T19:31:44.444+0000] {logging_mixin.py:190} INFO - [2026-03-28T19:31:44.444+0000] {dag.py:4180} INFO - Setting next_dagrun for generate_data_only to None, run_after=None
[2026-03-28T19:31:44.460+0000] {processor.py:208} INFO - Processing /home/ec2-user/environment/lab4_model_training/dags/generate_data_dag.py took 1.321 seconds
[2026-03-28T19:32:15.445+0000] {processor.py:186} INFO - Started process (PID=11478) to work on /home/ec2-user/environment/lab4_model_training/dags/generate_data_dag.py
[2026-03-28T19:32:15.446+0000] {processor.py:914} INFO - Processing file /home/ec2-user/environment/lab4_model_training/dags/generate_data_dag.py for tasks to queue
[2026-03-28T19:32:15.447+0000] {logging_mixin.py:190} INFO - [2026-03-28T19:32:15.447+0000] {dagbag.py:588} INFO - Filling up the DagBag from /home/ec2-user/environment/lab4_model_training/dags/generate_data_dag.py
[2026-03-28T19:32:16.760+0000] {processor.py:925} INFO - DAG(s) 'generate_data_only' retrieved from /home/ec2-user/environment/lab4_model_training/dags/generate_data_dag.py
[2026-03-28T19:32:16.773+0000] {logging_mixin.py:190} INFO - [2026-03-28T19:32:16.773+0000] {dag.py:3239} INFO - Sync 1 DAGs
[2026-03-28T19:32:16.782+0000] {logging_mixin.py:190} INFO - [2026-03-28T19:32:16.782+0000] {dag.py:4180} INFO - Setting next_dagrun for generate_data_only to None, run_after=None
[2026-03-28T19:32:16.799+0000] {processor.py:208} INFO - Processing /home/ec2-user/environment/lab4_model_training/dags/generate_data_dag.py took 1.360 seconds
[2026-03-28T19:32:47.737+0000] {processor.py:186} INFO - Started process (PID=11510) to work on /home/ec2-user/environment/lab4_model_training/dags/generate_data_dag.py
[2026-03-28T19:32:47.739+0000] {processor.py:914} INFO - Processing file /home/ec2-user/environment/lab4_model_training/dags/generate_data_dag.py for tasks to queue
[2026-03-28T19:32:47.740+0000] {logging_mixin.py:190} INFO - [2026-03-28T19:32:47.739+0000] {dagbag.py:588} INFO - Filling up the DagBag from /home/ec2-user/environment/lab4_model_training/dags/generate_data_dag.py
[2026-03-28T19:32:49.020+0000] {processor.py:925} INFO - DAG(s) 'generate_data_only' retrieved from /home/ec2-user/environment/lab4_model_training/dags/generate_data_dag.py
[2026-03-28T19:32:49.033+0000] {logging_mixin.py:190} INFO - [2026-03-28T19:32:49.033+0000] {dag.py:3239} INFO - Sync 1 DAGs
[2026-03-28T19:32:49.042+0000] {logging_mixin.py:190} INFO - [2026-03-28T19:32:49.042+0000] {dag.py:4180} INFO - Setting next_dagrun for generate_data_only to None, run_after=None
[2026-03-28T19:32:49.058+0000] {processor.py:208} INFO - Processing /home/ec2-user/environment/lab4_model_training/dags/generate_data_dag.py took 1.327 seconds
[2026-03-28T19:33:19.928+0000] {processor.py:186} INFO - Started process (PID=11548) to work on /home/ec2-user/environment/lab4_model_training/dags/generate_data_dag.py
[2026-03-28T19:33:19.929+0000] {processor.py:914} INFO - Processing file /home/ec2-user/environment/lab4_model_training/dags/generate_data_dag.py for tasks to queue
[2026-03-28T19:33:19.930+0000] {logging_mixin.py:190} INFO - [2026-03-28T19:33:19.930+0000] {dagbag.py:588} INFO - Filling up the DagBag from /home/ec2-user/environment/lab4_model_training/dags/generate_data_dag.py
[2026-03-28T19:33:21.236+0000] {processor.py:925} INFO - DAG(s) 'generate_data_only' retrieved from /home/ec2-user/environment/lab4_model_training/dags/generate_data_dag.py
[2026-03-28T19:33:21.249+0000] {logging_mixin.py:190} INFO - [2026-03-28T19:33:21.249+0000] {dag.py:3239} INFO - Sync 1 DAGs
[2026-03-28T19:33:21.258+0000] {logging_mixin.py:190} INFO - [2026-03-28T19:33:21.258+0000] {dag.py:4180} INFO - Setting next_dagrun for generate_data_only to None, run_after=None
[2026-03-28T19:33:21.277+0000] {processor.py:208} INFO - Processing /home/ec2-user/environment/lab4_model_training/dags/generate_data_dag.py took 1.354 seconds
[2026-03-28T19:33:52.134+0000] {processor.py:186} INFO - Started process (PID=11622) to work on /home/ec2-user/environment/lab4_model_training/dags/generate_data_dag.py
[2026-03-28T19:33:52.134+0000] {processor.py:914} INFO - Processing file /home/ec2-user/environment/lab4_model_training/dags/generate_data_dag.py for tasks to queue
[2026-03-28T19:33:52.136+0000] {logging_mixin.py:190} INFO - [2026-03-28T19:33:52.136+0000] {dagbag.py:588} INFO - Filling up the DagBag from /home/ec2-user/environment/lab4_model_training/dags/generate_data_dag.py
[2026-03-28T19:33:53.437+0000] {processor.py:925} INFO - DAG(s) 'generate_data_only' retrieved from /home/ec2-user/environment/lab4_model_training/dags/generate_data_dag.py
[2026-03-28T19:33:53.450+0000] {logging_mixin.py:190} INFO - [2026-03-28T19:33:53.450+0000] {dag.py:3239} INFO - Sync 1 DAGs
[2026-03-28T19:33:53.459+0000] {logging_mixin.py:190} INFO - [2026-03-28T19:33:53.459+0000] {dag.py:4180} INFO - Setting next_dagrun for generate_data_only to None, run_after=None
[2026-03-28T19:33:53.478+0000] {processor.py:208} INFO - Processing /home/ec2-user/environment/lab4_model_training/dags/generate_data_dag.py took 1.350 seconds
[2026-03-28T19:34:24.364+0000] {processor.py:186} INFO - Started process (PID=11683) to work on /home/ec2-user/environment/lab4_model_training/dags/generate_data_dag.py
[2026-03-28T19:34:24.365+0000] {processor.py:914} INFO - Processing file /home/ec2-user/environment/lab4_model_training/dags/generate_data_dag.py for tasks to queue
[2026-03-28T19:34:24.366+0000] {logging_mixin.py:190} INFO - [2026-03-28T19:34:24.366+0000] {dagbag.py:588} INFO - Filling up the DagBag from /home/ec2-user/environment/lab4_model_training/dags/generate_data_dag.py
[2026-03-28T19:34:25.671+0000] {processor.py:925} INFO - DAG(s) 'generate_data_only' retrieved from /home/ec2-user/environment/lab4_model_training/dags/generate_data_dag.py
[2026-03-28T19:34:25.684+0000] {logging_mixin.py:190} INFO - [2026-03-28T19:34:25.683+0000] {dag.py:3239} INFO - Sync 1 DAGs
[2026-03-28T19:34:25.693+0000] {logging_mixin.py:190} INFO - [2026-03-28T19:34:25.692+0000] {dag.py:4180} INFO - Setting next_dagrun for generate_data_only to None, run_after=None
[2026-03-28T19:34:25.711+0000] {processor.py:208} INFO - Processing /home/ec2-user/environment/lab4_model_training/dags/generate_data_dag.py took 1.352 seconds
[2026-03-28T19:34:56.426+0000] {processor.py:186} INFO - Started process (PID=11713) to work on /home/ec2-user/environment/lab4_model_training/dags/generate_data_dag.py
[2026-03-28T19:34:56.428+0000] {processor.py:914} INFO - Processing file /home/ec2-user/environment/lab4_model_training/dags/generate_data_dag.py for tasks to queue
[2026-03-28T19:34:56.429+0000] {logging_mixin.py:190} INFO - [2026-03-28T19:34:56.428+0000] {dagbag.py:588} INFO - Filling up the DagBag from /home/ec2-user/environment/lab4_model_training/dags/generate_data_dag.py
[2026-03-28T19:34:57.702+0000] {processor.py:925} INFO - DAG(s) 'generate_data_only' retrieved from /home/ec2-user/environment/lab4_model_training/dags/generate_data_dag.py
[2026-03-28T19:34:57.714+0000] {logging_mixin.py:190} INFO - [2026-03-28T19:34:57.714+0000] {dag.py:3239} INFO - Sync 1 DAGs
[2026-03-28T19:34:57.725+0000] {logging_mixin.py:190} INFO - [2026-03-28T19:34:57.724+0000] {dag.py:4180} INFO - Setting next_dagrun for generate_data_only to None, run_after=None
[2026-03-28T19:34:57.742+0000] {processor.py:208} INFO - Processing /home/ec2-user/environment/lab4_model_training/dags/generate_data_dag.py took 1.320 seconds
[2026-03-28T19:35:27.970+0000] {processor.py:186} INFO - Started process (PID=11751) to work on /home/ec2-user/environment/lab4_model_training/dags/generate_data_dag.py
[2026-03-28T19:35:27.971+0000] {processor.py:914} INFO - Processing file /home/ec2-user/environment/lab4_model_training/dags/generate_data_dag.py for tasks to queue
[2026-03-28T19:35:27.972+0000] {logging_mixin.py:190} INFO - [2026-03-28T19:35:27.972+0000] {dagbag.py:588} INFO - Filling up the DagBag from /home/ec2-user/environment/lab4_model_training/dags/generate_data_dag.py
[2026-03-28T19:35:29.264+0000] {processor.py:925} INFO - DAG(s) 'generate_data_only' retrieved from /home/ec2-user/environment/lab4_model_training/dags/generate_data_dag.py
[2026-03-28T19:35:29.278+0000] {logging_mixin.py:190} INFO - [2026-03-28T19:35:29.277+0000] {dag.py:3239} INFO - Sync 1 DAGs
[2026-03-28T19:35:29.287+0000] {logging_mixin.py:190} INFO - [2026-03-28T19:35:29.286+0000] {dag.py:4180} INFO - Setting next_dagrun for generate_data_only to None, run_after=None
[2026-03-28T19:35:29.304+0000] {processor.py:208} INFO - Processing /home/ec2-user/environment/lab4_model_training/dags/generate_data_dag.py took 1.339 seconds
[2026-03-28T19:36:00.162+0000] {processor.py:186} INFO - Started process (PID=11827) to work on /home/ec2-user/environment/lab4_model_training/dags/generate_data_dag.py
[2026-03-28T19:36:00.164+0000] {processor.py:914} INFO - Processing file /home/ec2-user/environment/lab4_model_training/dags/generate_data_dag.py for tasks to queue
[2026-03-28T19:36:00.164+0000] {logging_mixin.py:190} INFO - [2026-03-28T19:36:00.164+0000] {dagbag.py:588} INFO - Filling up the DagBag from /home/ec2-user/environment/lab4_model_training/dags/generate_data_dag.py
[2026-03-28T19:36:01.432+0000] {processor.py:925} INFO - DAG(s) 'generate_data_only' retrieved from /home/ec2-user/environment/lab4_model_training/dags/generate_data_dag.py
[2026-03-28T19:36:01.446+0000] {logging_mixin.py:190} INFO - [2026-03-28T19:36:01.445+0000] {dag.py:3239} INFO - Sync 1 DAGs
[2026-03-28T19:36:01.455+0000] {logging_mixin.py:190} INFO - [2026-03-28T19:36:01.454+0000] {dag.py:4180} INFO - Setting next_dagrun for generate_data_only to None, run_after=None
[2026-03-28T19:36:01.474+0000] {processor.py:208} INFO - Processing /home/ec2-user/environment/lab4_model_training/dags/generate_data_dag.py took 1.317 seconds
[2026-03-28T19:36:32.346+0000] {processor.py:186} INFO - Started process (PID=11865) to work on /home/ec2-user/environment/lab4_model_training/dags/generate_data_dag.py
[2026-03-28T19:36:32.347+0000] {processor.py:914} INFO - Processing file /home/ec2-user/environment/lab4_model_training/dags/generate_data_dag.py for tasks to queue
[2026-03-28T19:36:32.349+0000] {logging_mixin.py:190} INFO - [2026-03-28T19:36:32.349+0000] {dagbag.py:588} INFO - Filling up the DagBag from /home/ec2-user/environment/lab4_model_training/dags/generate_data_dag.py
[2026-03-28T19:36:33.637+0000] {processor.py:925} INFO - DAG(s) 'generate_data_only' retrieved from /home/ec2-user/environment/lab4_model_training/dags/generate_data_dag.py
[2026-03-28T19:36:33.651+0000] {logging_mixin.py:190} INFO - [2026-03-28T19:36:33.651+0000] {dag.py:3239} INFO - Sync 1 DAGs
[2026-03-28T19:36:33.661+0000] {logging_mixin.py:190} INFO - [2026-03-28T19:36:33.661+0000] {dag.py:4180} INFO - Setting next_dagrun for generate_data_only to None, run_after=None
[2026-03-28T19:36:33.680+0000] {processor.py:208} INFO - Processing /home/ec2-user/environment/lab4_model_training/dags/generate_data_dag.py took 1.339 seconds
[2026-03-28T19:37:04.428+0000] {processor.py:186} INFO - Started process (PID=11907) to work on /home/ec2-user/environment/lab4_model_training/dags/generate_data_dag.py
[2026-03-28T19:37:04.428+0000] {processor.py:914} INFO - Processing file /home/ec2-user/environment/lab4_model_training/dags/generate_data_dag.py for tasks to queue
[2026-03-28T19:37:04.429+0000] {logging_mixin.py:190} INFO - [2026-03-28T19:37:04.429+0000] {dagbag.py:588} INFO - Filling up the DagBag from /home/ec2-user/environment/lab4_model_training/dags/generate_data_dag.py
[2026-03-28T19:37:05.944+0000] {processor.py:925} INFO - DAG(s) 'generate_data_only' retrieved from /home/ec2-user/environment/lab4_model_training/dags/generate_data_dag.py
[2026-03-28T19:37:05.963+0000] {logging_mixin.py:190} INFO - [2026-03-28T19:37:05.962+0000] {dag.py:3239} INFO - Sync 1 DAGs
[2026-03-28T19:37:05.976+0000] {logging_mixin.py:190} INFO - [2026-03-28T19:37:05.976+0000] {dag.py:4180} INFO - Setting next_dagrun for generate_data_only to None, run_after=None
[2026-03-28T19:37:05.999+0000] {processor.py:208} INFO - Processing /home/ec2-user/environment/lab4_model_training/dags/generate_data_dag.py took 1.576 seconds
[2026-03-28T19:37:36.640+0000] {processor.py:186} INFO - Started process (PID=11993) to work on /home/ec2-user/environment/lab4_model_training/dags/generate_data_dag.py
[2026-03-28T19:37:36.641+0000] {processor.py:914} INFO - Processing file /home/ec2-user/environment/lab4_model_training/dags/generate_data_dag.py for tasks to queue
[2026-03-28T19:37:36.642+0000] {logging_mixin.py:190} INFO - [2026-03-28T19:37:36.642+0000] {dagbag.py:588} INFO - Filling up the DagBag from /home/ec2-user/environment/lab4_model_training/dags/generate_data_dag.py
[2026-03-28T19:37:37.912+0000] {processor.py:925} INFO - DAG(s) 'generate_data_only' retrieved from /home/ec2-user/environment/lab4_model_training/dags/generate_data_dag.py
[2026-03-28T19:37:37.925+0000] {logging_mixin.py:190} INFO - [2026-03-28T19:37:37.924+0000] {dag.py:3239} INFO - Sync 1 DAGs
[2026-03-28T19:37:37.933+0000] {logging_mixin.py:190} INFO - [2026-03-28T19:37:37.933+0000] {dag.py:4180} INFO - Setting next_dagrun for generate_data_only to None, run_after=None
[2026-03-28T19:37:37.949+0000] {processor.py:208} INFO - Processing /home/ec2-user/environment/lab4_model_training/dags/generate_data_dag.py took 1.314 seconds
[2026-03-28T19:38:08.242+0000] {processor.py:186} INFO - Started process (PID=12032) to work on /home/ec2-user/environment/lab4_model_training/dags/generate_data_dag.py
[2026-03-28T19:38:08.244+0000] {processor.py:914} INFO - Processing file /home/ec2-user/environment/lab4_model_training/dags/generate_data_dag.py for tasks to queue
[2026-03-28T19:38:08.245+0000] {logging_mixin.py:190} INFO - [2026-03-28T19:38:08.244+0000] {dagbag.py:588} INFO - Filling up the DagBag from /home/ec2-user/environment/lab4_model_training/dags/generate_data_dag.py
[2026-03-28T19:38:09.562+0000] {processor.py:925} INFO - DAG(s) 'generate_data_only' retrieved from /home/ec2-user/environment/lab4_model_training/dags/generate_data_dag.py
[2026-03-28T19:38:09.575+0000] {logging_mixin.py:190} INFO - [2026-03-28T19:38:09.575+0000] {dag.py:3239} INFO - Sync 1 DAGs
[2026-03-28T19:38:09.584+0000] {logging_mixin.py:190} INFO - [2026-03-28T19:38:09.584+0000] {dag.py:4180} INFO - Setting next_dagrun for generate_data_only to None, run_after=None
[2026-03-28T19:38:09.601+0000] {processor.py:208} INFO - Processing /home/ec2-user/environment/lab4_model_training/dags/generate_data_dag.py took 1.364 seconds
[2026-03-28T19:38:40.181+0000] {processor.py:186} INFO - Started process (PID=12077) to work on /home/ec2-user/environment/lab4_model_training/dags/generate_data_dag.py
[2026-03-28T19:38:40.181+0000] {processor.py:914} INFO - Processing file /home/ec2-user/environment/lab4_model_training/dags/generate_data_dag.py for tasks to queue
[2026-03-28T19:38:40.182+0000] {logging_mixin.py:190} INFO - [2026-03-28T19:38:40.182+0000] {dagbag.py:588} INFO - Filling up the DagBag from /home/ec2-user/environment/lab4_model_training/dags/generate_data_dag.py
[2026-03-28T19:38:41.428+0000] {processor.py:925} INFO - DAG(s) 'generate_data_only' retrieved from /home/ec2-user/environment/lab4_model_training/dags/generate_data_dag.py
[2026-03-28T19:38:41.440+0000] {logging_mixin.py:190} INFO - [2026-03-28T19:38:41.440+0000] {dag.py:3239} INFO - Sync 1 DAGs
[2026-03-28T19:38:41.449+0000] {logging_mixin.py:190} INFO - [2026-03-28T19:38:41.449+0000] {dag.py:4180} INFO - Setting next_dagrun for generate_data_only to None, run_after=None
[2026-03-28T19:38:41.466+0000] {processor.py:208} INFO - Processing /home/ec2-user/environment/lab4_model_training/dags/generate_data_dag.py took 1.290 seconds
[2026-03-28T19:39:18.305+0000] {processor.py:186} INFO - Started process (PID=12143) to work on /home/ec2-user/environment/lab4_model_training/dags/generate_data_dag.py
[2026-03-28T19:39:18.306+0000] {processor.py:914} INFO - Processing file /home/ec2-user/environment/lab4_model_training/dags/generate_data_dag.py for tasks to queue
[2026-03-28T19:39:18.307+0000] {logging_mixin.py:190} INFO - [2026-03-28T19:39:18.307+0000] {dagbag.py:588} INFO - Filling up the DagBag from /home/ec2-user/environment/lab4_model_training/dags/generate_data_dag.py
[2026-03-28T19:39:19.576+0000] {processor.py:925} INFO - DAG(s) 'generate_data_only' retrieved from /home/ec2-user/environment/lab4_model_training/dags/generate_data_dag.py
[2026-03-28T19:39:19.588+0000] {logging_mixin.py:190} INFO - [2026-03-28T19:39:19.588+0000] {dag.py:3239} INFO - Sync 1 DAGs
[2026-03-28T19:39:19.597+0000] {logging_mixin.py:190} INFO - [2026-03-28T19:39:19.597+0000] {dag.py:4180} INFO - Setting next_dagrun for generate_data_only to None, run_after=None
[2026-03-28T19:39:19.616+0000] {processor.py:208} INFO - Processing /home/ec2-user/environment/lab4_model_training/dags/generate_data_dag.py took 1.316 seconds
[2026-03-28T19:39:50.387+0000] {processor.py:186} INFO - Started process (PID=12225) to work on /home/ec2-user/environment/lab4_model_training/dags/generate_data_dag.py
[2026-03-28T19:39:50.388+0000] {processor.py:914} INFO - Processing file /home/ec2-user/environment/lab4_model_training/dags/generate_data_dag.py for tasks to queue
[2026-03-28T19:39:50.389+0000] {logging_mixin.py:190} INFO - [2026-03-28T19:39:50.389+0000] {dagbag.py:588} INFO - Filling up the DagBag from /home/ec2-user/environment/lab4_model_training/dags/generate_data_dag.py
[2026-03-28T19:39:51.642+0000] {processor.py:925} INFO - DAG(s) 'generate_data_only' retrieved from /home/ec2-user/environment/lab4_model_training/dags/generate_data_dag.py
[2026-03-28T19:39:51.654+0000] {logging_mixin.py:190} INFO - [2026-03-28T19:39:51.654+0000] {dag.py:3239} INFO - Sync 1 DAGs
[2026-03-28T19:39:51.664+0000] {logging_mixin.py:190} INFO - [2026-03-28T19:39:51.664+0000] {dag.py:4180} INFO - Setting next_dagrun for generate_data_only to None, run_after=None
[2026-03-28T19:39:51.681+0000] {processor.py:208} INFO - Processing /home/ec2-user/environment/lab4_model_training/dags/generate_data_dag.py took 1.298 seconds
[2026-03-28T19:40:22.501+0000] {processor.py:186} INFO - Started process (PID=12265) to work on /home/ec2-user/environment/lab4_model_training/dags/generate_data_dag.py
[2026-03-28T19:40:22.502+0000] {processor.py:914} INFO - Processing file /home/ec2-user/environment/lab4_model_training/dags/generate_data_dag.py for tasks to queue
[2026-03-28T19:40:22.503+0000] {logging_mixin.py:190} INFO - [2026-03-28T19:40:22.503+0000] {dagbag.py:588} INFO - Filling up the DagBag from /home/ec2-user/environment/lab4_model_training/dags/generate_data_dag.py
[2026-03-28T19:40:23.780+0000] {processor.py:925} INFO - DAG(s) 'generate_data_only' retrieved from /home/ec2-user/environment/lab4_model_training/dags/generate_data_dag.py
[2026-03-28T19:40:23.792+0000] {logging_mixin.py:190} INFO - [2026-03-28T19:40:23.792+0000] {dag.py:3239} INFO - Sync 1 DAGs
[2026-03-28T19:40:23.802+0000] {logging_mixin.py:190} INFO - [2026-03-28T19:40:23.802+0000] {dag.py:4180} INFO - Setting next_dagrun for generate_data_only to None, run_after=None
[2026-03-28T19:40:23.819+0000] {processor.py:208} INFO - Processing /home/ec2-user/environment/lab4_model_training/dags/generate_data_dag.py took 1.322 seconds
[2026-03-28T19:40:54.733+0000] {processor.py:186} INFO - Started process (PID=12301) to work on /home/ec2-user/environment/lab4_model_training/dags/generate_data_dag.py
[2026-03-28T19:40:54.734+0000] {processor.py:914} INFO - Processing file /home/ec2-user/environment/lab4_model_training/dags/generate_data_dag.py for tasks to queue
[2026-03-28T19:40:54.735+0000] {logging_mixin.py:190} INFO - [2026-03-28T19:40:54.735+0000] {dagbag.py:588} INFO - Filling up the DagBag from /home/ec2-user/environment/lab4_model_training/dags/generate_data_dag.py
[2026-03-28T19:40:55.993+0000] {processor.py:925} INFO - DAG(s) 'generate_data_only' retrieved from /home/ec2-user/environment/lab4_model_training/dags/generate_data_dag.py
[2026-03-28T19:40:56.006+0000] {logging_mixin.py:190} INFO - [2026-03-28T19:40:56.006+0000] {dag.py:3239} INFO - Sync 1 DAGs
[2026-03-28T19:40:56.015+0000] {logging_mixin.py:190} INFO - [2026-03-28T19:40:56.015+0000] {dag.py:4180} INFO - Setting next_dagrun for generate_data_only to None, run_after=None
[2026-03-28T19:40:56.032+0000] {processor.py:208} INFO - Processing /home/ec2-user/environment/lab4_model_training/dags/generate_data_dag.py took 1.304 seconds
[2026-03-28T19:41:26.370+0000] {processor.py:186} INFO - Started process (PID=12340) to work on /home/ec2-user/environment/lab4_model_training/dags/generate_data_dag.py
[2026-03-28T19:41:26.371+0000] {processor.py:914} INFO - Processing file /home/ec2-user/environment/lab4_model_training/dags/generate_data_dag.py for tasks to queue
[2026-03-28T19:41:26.372+0000] {logging_mixin.py:190} INFO - [2026-03-28T19:41:26.372+0000] {dagbag.py:588} INFO - Filling up the DagBag from /home/ec2-user/environment/lab4_model_training/dags/generate_data_dag.py
[2026-03-28T19:41:27.620+0000] {processor.py:925} INFO - DAG(s) 'generate_data_only' retrieved from /home/ec2-user/environment/lab4_model_training/dags/generate_data_dag.py
[2026-03-28T19:41:27.634+0000] {logging_mixin.py:190} INFO - [2026-03-28T19:41:27.633+0000] {dag.py:3239} INFO - Sync 1 DAGs
[2026-03-28T19:41:27.643+0000] {logging_mixin.py:190} INFO - [2026-03-28T19:41:27.642+0000] {dag.py:4180} INFO - Setting next_dagrun for generate_data_only to None, run_after=None
[2026-03-28T19:41:27.660+0000] {processor.py:208} INFO - Processing /home/ec2-user/environment/lab4_model_training/dags/generate_data_dag.py took 1.295 seconds
[2026-03-28T19:41:58.000+0000] {processor.py:186} INFO - Started process (PID=12435) to work on /home/ec2-user/environment/lab4_model_training/dags/generate_data_dag.py
[2026-03-28T19:41:58.001+0000] {processor.py:914} INFO - Processing file /home/ec2-user/environment/lab4_model_training/dags/generate_data_dag.py for tasks to queue
[2026-03-28T19:41:58.002+0000] {logging_mixin.py:190} INFO - [2026-03-28T19:41:58.002+0000] {dagbag.py:588} INFO - Filling up the DagBag from /home/ec2-user/environment/lab4_model_training/dags/generate_data_dag.py
[2026-03-28T19:41:59.277+0000] {processor.py:925} INFO - DAG(s) 'generate_data_only' retrieved from /home/ec2-user/environment/lab4_model_training/dags/generate_data_dag.py
[2026-03-28T19:41:59.291+0000] {logging_mixin.py:190} INFO - [2026-03-28T19:41:59.290+0000] {dag.py:3239} INFO - Sync 1 DAGs
[2026-03-28T19:41:59.299+0000] {logging_mixin.py:190} INFO - [2026-03-28T19:41:59.299+0000] {dag.py:4180} INFO - Setting next_dagrun for generate_data_only to None, run_after=None
[2026-03-28T19:41:59.316+0000] {processor.py:208} INFO - Processing /home/ec2-user/environment/lab4_model_training/dags/generate_data_dag.py took 1.321 seconds
[2026-03-28T19:42:29.643+0000] {processor.py:186} INFO - Started process (PID=12469) to work on /home/ec2-user/environment/lab4_model_training/dags/generate_data_dag.py
[2026-03-28T19:42:29.644+0000] {processor.py:914} INFO - Processing file /home/ec2-user/environment/lab4_model_training/dags/generate_data_dag.py for tasks to queue
[2026-03-28T19:42:29.645+0000] {logging_mixin.py:190} INFO - [2026-03-28T19:42:29.645+0000] {dagbag.py:588} INFO - Filling up the DagBag from /home/ec2-user/environment/lab4_model_training/dags/generate_data_dag.py
[2026-03-28T19:42:30.915+0000] {processor.py:925} INFO - DAG(s) 'generate_data_only' retrieved from /home/ec2-user/environment/lab4_model_training/dags/generate_data_dag.py
[2026-03-28T19:42:30.927+0000] {logging_mixin.py:190} INFO - [2026-03-28T19:42:30.927+0000] {dag.py:3239} INFO - Sync 1 DAGs
[2026-03-28T19:42:30.936+0000] {logging_mixin.py:190} INFO - [2026-03-28T19:42:30.936+0000] {dag.py:4180} INFO - Setting next_dagrun for generate_data_only to None, run_after=None
[2026-03-28T19:42:30.953+0000] {processor.py:208} INFO - Processing /home/ec2-user/environment/lab4_model_training/dags/generate_data_dag.py took 1.315 seconds
[2026-03-28T19:43:01.266+0000] {processor.py:186} INFO - Started process (PID=12491) to work on /home/ec2-user/environment/lab4_model_training/dags/generate_data_dag.py
[2026-03-28T19:43:01.267+0000] {processor.py:914} INFO - Processing file /home/ec2-user/environment/lab4_model_training/dags/generate_data_dag.py for tasks to queue
[2026-03-28T19:43:01.268+0000] {logging_mixin.py:190} INFO - [2026-03-28T19:43:01.268+0000] {dagbag.py:588} INFO - Filling up the DagBag from /home/ec2-user/environment/lab4_model_training/dags/generate_data_dag.py
[2026-03-28T19:43:02.546+0000] {processor.py:925} INFO - DAG(s) 'generate_data_only' retrieved from /home/ec2-user/environment/lab4_model_training/dags/generate_data_dag.py
[2026-03-28T19:43:02.559+0000] {logging_mixin.py:190} INFO - [2026-03-28T19:43:02.558+0000] {dag.py:3239} INFO - Sync 1 DAGs
[2026-03-28T19:43:02.567+0000] {logging_mixin.py:190} INFO - [2026-03-28T19:43:02.567+0000] {dag.py:4180} INFO - Setting next_dagrun for generate_data_only to None, run_after=None
[2026-03-28T19:43:02.584+0000] {processor.py:208} INFO - Processing /home/ec2-user/environment/lab4_model_training/dags/generate_data_dag.py took 1.324 seconds
[2026-03-28T19:43:32.893+0000] {processor.py:186} INFO - Started process (PID=12516) to work on /home/ec2-user/environment/lab4_model_training/dags/generate_data_dag.py
[2026-03-28T19:43:32.894+0000] {processor.py:914} INFO - Processing file /home/ec2-user/environment/lab4_model_training/dags/generate_data_dag.py for tasks to queue
[2026-03-28T19:43:32.895+0000] {logging_mixin.py:190} INFO - [2026-03-28T19:43:32.894+0000] {dagbag.py:588} INFO - Filling up the DagBag from /home/ec2-user/environment/lab4_model_training/dags/generate_data_dag.py
[2026-03-28T19:43:34.174+0000] {processor.py:925} INFO - DAG(s) 'generate_data_only' retrieved from /home/ec2-user/environment/lab4_model_training/dags/generate_data_dag.py
[2026-03-28T19:43:34.186+0000] {logging_mixin.py:190} INFO - [2026-03-28T19:43:34.186+0000] {dag.py:3239} INFO - Sync 1 DAGs
[2026-03-28T19:43:34.195+0000] {logging_mixin.py:190} INFO - [2026-03-28T19:43:34.194+0000] {dag.py:4180} INFO - Setting next_dagrun for generate_data_only to None, run_after=None
[2026-03-28T19:43:34.212+0000] {processor.py:208} INFO - Processing /home/ec2-user/environment/lab4_model_training/dags/generate_data_dag.py took 1.325 seconds
[2026-03-28T19:44:04.530+0000] {processor.py:186} INFO - Started process (PID=12606) to work on /home/ec2-user/environment/lab4_model_training/dags/generate_data_dag.py
[2026-03-28T19:44:04.531+0000] {processor.py:914} INFO - Processing file /home/ec2-user/environment/lab4_model_training/dags/generate_data_dag.py for tasks to queue
[2026-03-28T19:44:04.532+0000] {logging_mixin.py:190} INFO - [2026-03-28T19:44:04.532+0000] {dagbag.py:588} INFO - Filling up the DagBag from /home/ec2-user/environment/lab4_model_training/dags/generate_data_dag.py
[2026-03-28T19:44:05.820+0000] {processor.py:925} INFO - DAG(s) 'generate_data_only' retrieved from /home/ec2-user/environment/lab4_model_training/dags/generate_data_dag.py
[2026-03-28T19:44:05.833+0000] {logging_mixin.py:190} INFO - [2026-03-28T19:44:05.833+0000] {dag.py:3239} INFO - Sync 1 DAGs
[2026-03-28T19:44:05.842+0000] {logging_mixin.py:190} INFO - [2026-03-28T19:44:05.842+0000] {dag.py:4180} INFO - Setting next_dagrun for generate_data_only to None, run_after=None
[2026-03-28T19:44:05.861+0000] {processor.py:208} INFO - Processing /home/ec2-user/environment/lab4_model_training/dags/generate_data_dag.py took 1.336 seconds
[2026-03-28T19:44:36.406+0000] {processor.py:186} INFO - Started process (PID=12645) to work on /home/ec2-user/environment/lab4_model_training/dags/generate_data_dag.py
[2026-03-28T19:44:36.406+0000] {processor.py:914} INFO - Processing file /home/ec2-user/environment/lab4_model_training/dags/generate_data_dag.py for tasks to queue
[2026-03-28T19:44:36.408+0000] {logging_mixin.py:190} INFO - [2026-03-28T19:44:36.407+0000] {dagbag.py:588} INFO - Filling up the DagBag from /home/ec2-user/environment/lab4_model_training/dags/generate_data_dag.py
[2026-03-28T19:44:38.339+0000] {processor.py:925} INFO - DAG(s) 'generate_data_only' retrieved from /home/ec2-user/environment/lab4_model_training/dags/generate_data_dag.py
[2026-03-28T19:44:38.352+0000] {logging_mixin.py:190} INFO - [2026-03-28T19:44:38.351+0000] {dag.py:3239} INFO - Sync 1 DAGs
[2026-03-28T19:44:38.362+0000] {logging_mixin.py:190} INFO - [2026-03-28T19:44:38.362+0000] {dag.py:4180} INFO - Setting next_dagrun for generate_data_only to None, run_after=None
[2026-03-28T19:44:38.380+0000] {processor.py:208} INFO - Processing /home/ec2-user/environment/lab4_model_training/dags/generate_data_dag.py took 1.981 seconds
[2026-03-28T19:45:09.174+0000] {processor.py:186} INFO - Started process (PID=12695) to work on /home/ec2-user/environment/lab4_model_training/dags/generate_data_dag.py
[2026-03-28T19:45:09.175+0000] {processor.py:914} INFO - Processing file /home/ec2-user/environment/lab4_model_training/dags/generate_data_dag.py for tasks to queue
[2026-03-28T19:45:09.176+0000] {logging_mixin.py:190} INFO - [2026-03-28T19:45:09.176+0000] {dagbag.py:588} INFO - Filling up the DagBag from /home/ec2-user/environment/lab4_model_training/dags/generate_data_dag.py
[2026-03-28T19:45:10.451+0000] {processor.py:925} INFO - DAG(s) 'generate_data_only' retrieved from /home/ec2-user/environment/lab4_model_training/dags/generate_data_dag.py
[2026-03-28T19:45:10.463+0000] {logging_mixin.py:190} INFO - [2026-03-28T19:45:10.463+0000] {dag.py:3239} INFO - Sync 1 DAGs
[2026-03-28T19:45:10.473+0000] {logging_mixin.py:190} INFO - [2026-03-28T19:45:10.473+0000] {dag.py:4180} INFO - Setting next_dagrun for generate_data_only to None, run_after=None
[2026-03-28T19:45:10.490+0000] {processor.py:208} INFO - Processing /home/ec2-user/environment/lab4_model_training/dags/generate_data_dag.py took 1.321 seconds
[2026-03-28T19:45:40.747+0000] {processor.py:186} INFO - Started process (PID=12775) to work on /home/ec2-user/environment/lab4_model_training/dags/generate_data_dag.py
[2026-03-28T19:45:40.748+0000] {processor.py:914} INFO - Processing file /home/ec2-user/environment/lab4_model_training/dags/generate_data_dag.py for tasks to queue
[2026-03-28T19:45:40.749+0000] {logging_mixin.py:190} INFO - [2026-03-28T19:45:40.749+0000] {dagbag.py:588} INFO - Filling up the DagBag from /home/ec2-user/environment/lab4_model_training/dags/generate_data_dag.py
[2026-03-28T19:45:41.991+0000] {processor.py:925} INFO - DAG(s) 'generate_data_only' retrieved from /home/ec2-user/environment/lab4_model_training/dags/generate_data_dag.py
[2026-03-28T19:45:42.004+0000] {logging_mixin.py:190} INFO - [2026-03-28T19:45:42.004+0000] {dag.py:3239} INFO - Sync 1 DAGs
[2026-03-28T19:45:42.013+0000] {logging_mixin.py:190} INFO - [2026-03-28T19:45:42.013+0000] {dag.py:4180} INFO - Setting next_dagrun for generate_data_only to None, run_after=None
[2026-03-28T19:45:42.028+0000] {processor.py:208} INFO - Processing /home/ec2-user/environment/lab4_model_training/dags/generate_data_dag.py took 1.286 seconds
[2026-03-28T19:46:12.229+0000] {processor.py:186} INFO - Started process (PID=12821) to work on /home/ec2-user/environment/lab4_model_training/dags/generate_data_dag.py
[2026-03-28T19:46:12.230+0000] {processor.py:914} INFO - Processing file /home/ec2-user/environment/lab4_model_training/dags/generate_data_dag.py for tasks to queue
[2026-03-28T19:46:12.231+0000] {logging_mixin.py:190} INFO - [2026-03-28T19:46:12.230+0000] {dagbag.py:588} INFO - Filling up the DagBag from /home/ec2-user/environment/lab4_model_training/dags/generate_data_dag.py
[2026-03-28T19:46:13.495+0000] {processor.py:925} INFO - DAG(s) 'generate_data_only' retrieved from /home/ec2-user/environment/lab4_model_training/dags/generate_data_dag.py
[2026-03-28T19:46:13.509+0000] {logging_mixin.py:190} INFO - [2026-03-28T19:46:13.508+0000] {dag.py:3239} INFO - Sync 1 DAGs
[2026-03-28T19:46:13.517+0000] {logging_mixin.py:190} INFO - [2026-03-28T19:46:13.517+0000] {dag.py:4180} INFO - Setting next_dagrun for generate_data_only to None, run_after=None
[2026-03-28T19:46:13.534+0000] {processor.py:208} INFO - Processing /home/ec2-user/environment/lab4_model_training/dags/generate_data_dag.py took 1.310 seconds
[2026-03-28T19:46:44.321+0000] {processor.py:186} INFO - Started process (PID=12852) to work on /home/ec2-user/environment/lab4_model_training/dags/generate_data_dag.py
[2026-03-28T19:46:44.322+0000] {processor.py:914} INFO - Processing file /home/ec2-user/environment/lab4_model_training/dags/generate_data_dag.py for tasks to queue
[2026-03-28T19:46:44.323+0000] {logging_mixin.py:190} INFO - [2026-03-28T19:46:44.323+0000] {dagbag.py:588} INFO - Filling up the DagBag from /home/ec2-user/environment/lab4_model_training/dags/generate_data_dag.py
[2026-03-28T19:46:45.607+0000] {processor.py:925} INFO - DAG(s) 'generate_data_only' retrieved from /home/ec2-user/environment/lab4_model_training/dags/generate_data_dag.py
[2026-03-28T19:46:45.621+0000] {logging_mixin.py:190} INFO - [2026-03-28T19:46:45.620+0000] {dag.py:3239} INFO - Sync 1 DAGs
[2026-03-28T19:46:45.630+0000] {logging_mixin.py:190} INFO - [2026-03-28T19:46:45.630+0000] {dag.py:4180} INFO - Setting next_dagrun for generate_data_only to None, run_after=None
[2026-03-28T19:46:45.647+0000] {processor.py:208} INFO - Processing /home/ec2-user/environment/lab4_model_training/dags/generate_data_dag.py took 1.331 seconds
[2026-03-28T19:47:15.916+0000] {processor.py:186} INFO - Started process (PID=12893) to work on /home/ec2-user/environment/lab4_model_training/dags/generate_data_dag.py
[2026-03-28T19:47:15.916+0000] {processor.py:914} INFO - Processing file /home/ec2-user/environment/lab4_model_training/dags/generate_data_dag.py for tasks to queue
[2026-03-28T19:47:15.917+0000] {logging_mixin.py:190} INFO - [2026-03-28T19:47:15.917+0000] {dagbag.py:588} INFO - Filling up the DagBag from /home/ec2-user/environment/lab4_model_training/dags/generate_data_dag.py
[2026-03-28T19:47:17.228+0000] {processor.py:925} INFO - DAG(s) 'generate_data_only' retrieved from /home/ec2-user/environment/lab4_model_training/dags/generate_data_dag.py
[2026-03-28T19:47:17.242+0000] {logging_mixin.py:190} INFO - [2026-03-28T19:47:17.241+0000] {dag.py:3239} INFO - Sync 1 DAGs
[2026-03-28T19:47:17.251+0000] {logging_mixin.py:190} INFO - [2026-03-28T19:47:17.251+0000] {dag.py:4180} INFO - Setting next_dagrun for generate_data_only to None, run_after=None
[2026-03-28T19:47:17.268+0000] {processor.py:208} INFO - Processing /home/ec2-user/environment/lab4_model_training/dags/generate_data_dag.py took 1.357 seconds
[2026-03-28T19:47:47.504+0000] {processor.py:186} INFO - Started process (PID=12977) to work on /home/ec2-user/environment/lab4_model_training/dags/generate_data_dag.py
[2026-03-28T19:47:47.505+0000] {processor.py:914} INFO - Processing file /home/ec2-user/environment/lab4_model_training/dags/generate_data_dag.py for tasks to queue
[2026-03-28T19:47:47.506+0000] {logging_mixin.py:190} INFO - [2026-03-28T19:47:47.506+0000] {dagbag.py:588} INFO - Filling up the DagBag from /home/ec2-user/environment/lab4_model_training/dags/generate_data_dag.py
[2026-03-28T19:47:48.778+0000] {processor.py:925} INFO - DAG(s) 'generate_data_only' retrieved from /home/ec2-user/environment/lab4_model_training/dags/generate_data_dag.py
[2026-03-28T19:47:48.790+0000] {logging_mixin.py:190} INFO - [2026-03-28T19:47:48.790+0000] {dag.py:3239} INFO - Sync 1 DAGs
[2026-03-28T19:47:48.799+0000] {logging_mixin.py:190} INFO - [2026-03-28T19:47:48.798+0000] {dag.py:4180} INFO - Setting next_dagrun for generate_data_only to None, run_after=None
[2026-03-28T19:47:48.815+0000] {processor.py:208} INFO - Processing /home/ec2-user/environment/lab4_model_training/dags/generate_data_dag.py took 1.316 seconds
[2026-03-28T19:48:19.091+0000] {processor.py:186} INFO - Started process (PID=13015) to work on /home/ec2-user/environment/lab4_model_training/dags/generate_data_dag.py
[2026-03-28T19:48:19.092+0000] {processor.py:914} INFO - Processing file /home/ec2-user/environment/lab4_model_training/dags/generate_data_dag.py for tasks to queue
[2026-03-28T19:48:19.093+0000] {logging_mixin.py:190} INFO - [2026-03-28T19:48:19.093+0000] {dagbag.py:588} INFO - Filling up the DagBag from /home/ec2-user/environment/lab4_model_training/dags/generate_data_dag.py
[2026-03-28T19:48:20.367+0000] {processor.py:925} INFO - DAG(s) 'generate_data_only' retrieved from /home/ec2-user/environment/lab4_model_training/dags/generate_data_dag.py
[2026-03-28T19:48:20.380+0000] {logging_mixin.py:190} INFO - [2026-03-28T19:48:20.379+0000] {dag.py:3239} INFO - Sync 1 DAGs
[2026-03-28T19:48:20.388+0000] {logging_mixin.py:190} INFO - [2026-03-28T19:48:20.388+0000] {dag.py:4180} INFO - Setting next_dagrun for generate_data_only to None, run_after=None
[2026-03-28T19:48:20.407+0000] {processor.py:208} INFO - Processing /home/ec2-user/environment/lab4_model_training/dags/generate_data_dag.py took 1.321 seconds
[2026-03-28T19:48:50.684+0000] {processor.py:186} INFO - Started process (PID=13042) to work on /home/ec2-user/environment/lab4_model_training/dags/generate_data_dag.py
[2026-03-28T19:48:50.685+0000] {processor.py:914} INFO - Processing file /home/ec2-user/environment/lab4_model_training/dags/generate_data_dag.py for tasks to queue
[2026-03-28T19:48:50.686+0000] {logging_mixin.py:190} INFO - [2026-03-28T19:48:50.686+0000] {dagbag.py:588} INFO - Filling up the DagBag from /home/ec2-user/environment/lab4_model_training/dags/generate_data_dag.py
[2026-03-28T19:48:51.963+0000] {processor.py:925} INFO - DAG(s) 'generate_data_only' retrieved from /home/ec2-user/environment/lab4_model_training/dags/generate_data_dag.py
[2026-03-28T19:48:51.975+0000] {logging_mixin.py:190} INFO - [2026-03-28T19:48:51.975+0000] {dag.py:3239} INFO - Sync 1 DAGs
[2026-03-28T19:48:51.984+0000] {logging_mixin.py:190} INFO - [2026-03-28T19:48:51.983+0000] {dag.py:4180} INFO - Setting next_dagrun for generate_data_only to None, run_after=None
[2026-03-28T19:48:52.001+0000] {processor.py:208} INFO - Processing /home/ec2-user/environment/lab4_model_training/dags/generate_data_dag.py took 1.321 seconds
[2026-03-28T19:49:22.268+0000] {processor.py:186} INFO - Started process (PID=13150) to work on /home/ec2-user/environment/lab4_model_training/dags/generate_data_dag.py
[2026-03-28T19:49:22.269+0000] {processor.py:914} INFO - Processing file /home/ec2-user/environment/lab4_model_training/dags/generate_data_dag.py for tasks to queue
[2026-03-28T19:49:22.270+0000] {logging_mixin.py:190} INFO - [2026-03-28T19:49:22.270+0000] {dagbag.py:588} INFO - Filling up the DagBag from /home/ec2-user/environment/lab4_model_training/dags/generate_data_dag.py
[2026-03-28T19:49:23.533+0000] {processor.py:925} INFO - DAG(s) 'generate_data_only' retrieved from /home/ec2-user/environment/lab4_model_training/dags/generate_data_dag.py
[2026-03-28T19:49:23.546+0000] {logging_mixin.py:190} INFO - [2026-03-28T19:49:23.546+0000] {dag.py:3239} INFO - Sync 1 DAGs
[2026-03-28T19:49:23.556+0000] {logging_mixin.py:190} INFO - [2026-03-28T19:49:23.556+0000] {dag.py:4180} INFO - Setting next_dagrun for generate_data_only to None, run_after=None
[2026-03-28T19:49:23.572+0000] {processor.py:208} INFO - Processing /home/ec2-user/environment/lab4_model_training/dags/generate_data_dag.py took 1.309 seconds
[2026-03-28T19:49:53.860+0000] {processor.py:186} INFO - Started process (PID=13176) to work on /home/ec2-user/environment/lab4_model_training/dags/generate_data_dag.py
[2026-03-28T19:49:53.861+0000] {processor.py:914} INFO - Processing file /home/ec2-user/environment/lab4_model_training/dags/generate_data_dag.py for tasks to queue
[2026-03-28T19:49:53.863+0000] {logging_mixin.py:190} INFO - [2026-03-28T19:49:53.862+0000] {dagbag.py:588} INFO - Filling up the DagBag from /home/ec2-user/environment/lab4_model_training/dags/generate_data_dag.py
[2026-03-28T19:49:55.142+0000] {processor.py:925} INFO - DAG(s) 'generate_data_only' retrieved from /home/ec2-user/environment/lab4_model_training/dags/generate_data_dag.py
[2026-03-28T19:49:55.155+0000] {logging_mixin.py:190} INFO - [2026-03-28T19:49:55.155+0000] {dag.py:3239} INFO - Sync 1 DAGs
[2026-03-28T19:49:55.165+0000] {logging_mixin.py:190} INFO - [2026-03-28T19:49:55.165+0000] {dag.py:4180} INFO - Setting next_dagrun for generate_data_only to None, run_after=None
[2026-03-28T19:49:55.183+0000] {processor.py:208} INFO - Processing /home/ec2-user/environment/lab4_model_training/dags/generate_data_dag.py took 1.327 seconds
[2026-03-28T19:50:25.463+0000] {processor.py:186} INFO - Started process (PID=13223) to work on /home/ec2-user/environment/lab4_model_training/dags/generate_data_dag.py
[2026-03-28T19:50:25.464+0000] {processor.py:914} INFO - Processing file /home/ec2-user/environment/lab4_model_training/dags/generate_data_dag.py for tasks to queue
[2026-03-28T19:50:25.465+0000] {logging_mixin.py:190} INFO - [2026-03-28T19:50:25.465+0000] {dagbag.py:588} INFO - Filling up the DagBag from /home/ec2-user/environment/lab4_model_training/dags/generate_data_dag.py
[2026-03-28T19:50:26.741+0000] {processor.py:925} INFO - DAG(s) 'generate_data_only' retrieved from /home/ec2-user/environment/lab4_model_training/dags/generate_data_dag.py
[2026-03-28T19:50:26.755+0000] {logging_mixin.py:190} INFO - [2026-03-28T19:50:26.755+0000] {dag.py:3239} INFO - Sync 1 DAGs
[2026-03-28T19:50:26.764+0000] {logging_mixin.py:190} INFO - [2026-03-28T19:50:26.764+0000] {dag.py:4180} INFO - Setting next_dagrun for generate_data_only to None, run_after=None
[2026-03-28T19:50:26.781+0000] {processor.py:208} INFO - Processing /home/ec2-user/environment/lab4_model_training/dags/generate_data_dag.py took 1.324 seconds
[2026-03-28T19:50:57.046+0000] {processor.py:186} INFO - Started process (PID=13302) to work on /home/ec2-user/environment/lab4_model_training/dags/generate_data_dag.py
[2026-03-28T19:50:57.048+0000] {processor.py:914} INFO - Processing file /home/ec2-user/environment/lab4_model_training/dags/generate_data_dag.py for tasks to queue
[2026-03-28T19:50:57.049+0000] {logging_mixin.py:190} INFO - [2026-03-28T19:50:57.049+0000] {dagbag.py:588} INFO - Filling up the DagBag from /home/ec2-user/environment/lab4_model_training/dags/generate_data_dag.py
[2026-03-28T19:50:58.320+0000] {processor.py:925} INFO - DAG(s) 'generate_data_only' retrieved from /home/ec2-user/environment/lab4_model_training/dags/generate_data_dag.py
[2026-03-28T19:50:58.334+0000] {logging_mixin.py:190} INFO - [2026-03-28T19:50:58.333+0000] {dag.py:3239} INFO - Sync 1 DAGs
[2026-03-28T19:50:58.343+0000] {logging_mixin.py:190} INFO - [2026-03-28T19:50:58.342+0000] {dag.py:4180} INFO - Setting next_dagrun for generate_data_only to None, run_after=None
[2026-03-28T19:50:58.360+0000] {processor.py:208} INFO - Processing /home/ec2-user/environment/lab4_model_training/dags/generate_data_dag.py took 1.318 seconds
[2026-03-28T19:51:28.639+0000] {processor.py:186} INFO - Started process (PID=13342) to work on /home/ec2-user/environment/lab4_model_training/dags/generate_data_dag.py
[2026-03-28T19:51:28.639+0000] {processor.py:914} INFO - Processing file /home/ec2-user/environment/lab4_model_training/dags/generate_data_dag.py for tasks to queue
[2026-03-28T19:51:28.640+0000] {logging_mixin.py:190} INFO - [2026-03-28T19:51:28.640+0000] {dagbag.py:588} INFO - Filling up the DagBag from /home/ec2-user/environment/lab4_model_training/dags/generate_data_dag.py
[2026-03-28T19:51:29.902+0000] {processor.py:925} INFO - DAG(s) 'generate_data_only' retrieved from /home/ec2-user/environment/lab4_model_training/dags/generate_data_dag.py
[2026-03-28T19:51:29.915+0000] {logging_mixin.py:190} INFO - [2026-03-28T19:51:29.915+0000] {dag.py:3239} INFO - Sync 1 DAGs
[2026-03-28T19:51:29.924+0000] {logging_mixin.py:190} INFO - [2026-03-28T19:51:29.924+0000] {dag.py:4180} INFO - Setting next_dagrun for generate_data_only to None, run_after=None
[2026-03-28T19:51:29.941+0000] {processor.py:208} INFO - Processing /home/ec2-user/environment/lab4_model_training/dags/generate_data_dag.py took 1.307 seconds
[2026-03-28T19:52:00.452+0000] {processor.py:186} INFO - Started process (PID=13377) to work on /home/ec2-user/environment/lab4_model_training/dags/generate_data_dag.py
[2026-03-28T19:52:00.453+0000] {processor.py:914} INFO - Processing file /home/ec2-user/environment/lab4_model_training/dags/generate_data_dag.py for tasks to queue
[2026-03-28T19:52:00.454+0000] {logging_mixin.py:190} INFO - [2026-03-28T19:52:00.454+0000] {dagbag.py:588} INFO - Filling up the DagBag from /home/ec2-user/environment/lab4_model_training/dags/generate_data_dag.py
[2026-03-28T19:52:02.014+0000] {processor.py:925} INFO - DAG(s) 'generate_data_only' retrieved from /home/ec2-user/environment/lab4_model_training/dags/generate_data_dag.py
[2026-03-28T19:52:02.030+0000] {logging_mixin.py:190} INFO - [2026-03-28T19:52:02.029+0000] {dag.py:3239} INFO - Sync 1 DAGs
[2026-03-28T19:52:02.038+0000] {logging_mixin.py:190} INFO - [2026-03-28T19:52:02.038+0000] {dag.py:4180} INFO - Setting next_dagrun for generate_data_only to None, run_after=None
[2026-03-28T19:52:02.054+0000] {processor.py:208} INFO - Processing /home/ec2-user/environment/lab4_model_training/dags/generate_data_dag.py took 1.607 seconds
[2026-03-28T19:52:33.161+0000] {processor.py:186} INFO - Started process (PID=13486) to work on /home/ec2-user/environment/lab4_model_training/dags/generate_data_dag.py
[2026-03-28T19:52:33.162+0000] {processor.py:914} INFO - Processing file /home/ec2-user/environment/lab4_model_training/dags/generate_data_dag.py for tasks to queue
[2026-03-28T19:52:33.163+0000] {logging_mixin.py:190} INFO - [2026-03-28T19:52:33.163+0000] {dagbag.py:588} INFO - Filling up the DagBag from /home/ec2-user/environment/lab4_model_training/dags/generate_data_dag.py
[2026-03-28T19:52:34.427+0000] {processor.py:925} INFO - DAG(s) 'generate_data_only' retrieved from /home/ec2-user/environment/lab4_model_training/dags/generate_data_dag.py
[2026-03-28T19:52:34.439+0000] {logging_mixin.py:190} INFO - [2026-03-28T19:52:34.439+0000] {dag.py:3239} INFO - Sync 1 DAGs
[2026-03-28T19:52:34.448+0000] {logging_mixin.py:190} INFO - [2026-03-28T19:52:34.448+0000] {dag.py:4180} INFO - Setting next_dagrun for generate_data_only to None, run_after=None
[2026-03-28T19:52:34.464+0000] {processor.py:208} INFO - Processing /home/ec2-user/environment/lab4_model_training/dags/generate_data_dag.py took 1.308 seconds
[2026-03-28T19:53:04.714+0000] {processor.py:186} INFO - Started process (PID=13528) to work on /home/ec2-user/environment/lab4_model_training/dags/generate_data_dag.py
[2026-03-28T19:53:04.715+0000] {processor.py:914} INFO - Processing file /home/ec2-user/environment/lab4_model_training/dags/generate_data_dag.py for tasks to queue
[2026-03-28T19:53:04.716+0000] {logging_mixin.py:190} INFO - [2026-03-28T19:53:04.715+0000] {dagbag.py:588} INFO - Filling up the DagBag from /home/ec2-user/environment/lab4_model_training/dags/generate_data_dag.py
[2026-03-28T19:53:06.003+0000] {processor.py:925} INFO - DAG(s) 'generate_data_only' retrieved from /home/ec2-user/environment/lab4_model_training/dags/generate_data_dag.py
[2026-03-28T19:53:06.016+0000] {logging_mixin.py:190} INFO - [2026-03-28T19:53:06.015+0000] {dag.py:3239} INFO - Sync 1 DAGs
[2026-03-28T19:53:06.025+0000] {logging_mixin.py:190} INFO - [2026-03-28T19:53:06.024+0000] {dag.py:4180} INFO - Setting next_dagrun for generate_data_only to None, run_after=None
[2026-03-28T19:53:06.044+0000] {processor.py:208} INFO - Processing /home/ec2-user/environment/lab4_model_training/dags/generate_data_dag.py took 1.335 seconds
[2026-03-28T19:53:36.342+0000] {processor.py:186} INFO - Started process (PID=13554) to work on /home/ec2-user/environment/lab4_model_training/dags/generate_data_dag.py
[2026-03-28T19:53:36.343+0000] {processor.py:914} INFO - Processing file /home/ec2-user/environment/lab4_model_training/dags/generate_data_dag.py for tasks to queue
[2026-03-28T19:53:36.344+0000] {logging_mixin.py:190} INFO - [2026-03-28T19:53:36.344+0000] {dagbag.py:588} INFO - Filling up the DagBag from /home/ec2-user/environment/lab4_model_training/dags/generate_data_dag.py
[2026-03-28T19:53:37.628+0000] {processor.py:925} INFO - DAG(s) 'generate_data_only' retrieved from /home/ec2-user/environment/lab4_model_training/dags/generate_data_dag.py
[2026-03-28T19:53:37.641+0000] {logging_mixin.py:190} INFO - [2026-03-28T19:53:37.640+0000] {dag.py:3239} INFO - Sync 1 DAGs
[2026-03-28T19:53:37.650+0000] {logging_mixin.py:190} INFO - [2026-03-28T19:53:37.650+0000] {dag.py:4180} INFO - Setting next_dagrun for generate_data_only to None, run_after=None
[2026-03-28T19:53:37.670+0000] {processor.py:208} INFO - Processing /home/ec2-user/environment/lab4_model_training/dags/generate_data_dag.py took 1.333 seconds
[2026-03-28T19:54:07.990+0000] {processor.py:186} INFO - Started process (PID=13595) to work on /home/ec2-user/environment/lab4_model_training/dags/generate_data_dag.py
[2026-03-28T19:54:07.991+0000] {processor.py:914} INFO - Processing file /home/ec2-user/environment/lab4_model_training/dags/generate_data_dag.py for tasks to queue
[2026-03-28T19:54:07.992+0000] {logging_mixin.py:190} INFO - [2026-03-28T19:54:07.992+0000] {dagbag.py:588} INFO - Filling up the DagBag from /home/ec2-user/environment/lab4_model_training/dags/generate_data_dag.py
[2026-03-28T19:54:09.253+0000] {processor.py:925} INFO - DAG(s) 'generate_data_only' retrieved from /home/ec2-user/environment/lab4_model_training/dags/generate_data_dag.py
[2026-03-28T19:54:09.266+0000] {logging_mixin.py:190} INFO - [2026-03-28T19:54:09.265+0000] {dag.py:3239} INFO - Sync 1 DAGs
[2026-03-28T19:54:09.275+0000] {logging_mixin.py:190} INFO - [2026-03-28T19:54:09.275+0000] {dag.py:4180} INFO - Setting next_dagrun for generate_data_only to None, run_after=None
[2026-03-28T19:54:09.295+0000] {processor.py:208} INFO - Processing /home/ec2-user/environment/lab4_model_training/dags/generate_data_dag.py took 1.311 seconds
[2026-03-28T19:54:39.484+0000] {processor.py:186} INFO - Started process (PID=13675) to work on /home/ec2-user/environment/lab4_model_training/dags/generate_data_dag.py
[2026-03-28T19:54:39.485+0000] {processor.py:914} INFO - Processing file /home/ec2-user/environment/lab4_model_training/dags/generate_data_dag.py for tasks to queue
[2026-03-28T19:54:39.486+0000] {logging_mixin.py:190} INFO - [2026-03-28T19:54:39.486+0000] {dagbag.py:588} INFO - Filling up the DagBag from /home/ec2-user/environment/lab4_model_training/dags/generate_data_dag.py
[2026-03-28T19:54:40.733+0000] {processor.py:925} INFO - DAG(s) 'generate_data_only' retrieved from /home/ec2-user/environment/lab4_model_training/dags/generate_data_dag.py
[2026-03-28T19:54:40.747+0000] {logging_mixin.py:190} INFO - [2026-03-28T19:54:40.746+0000] {dag.py:3239} INFO - Sync 1 DAGs
[2026-03-28T19:54:40.755+0000] {logging_mixin.py:190} INFO - [2026-03-28T19:54:40.755+0000] {dag.py:4180} INFO - Setting next_dagrun for generate_data_only to None, run_after=None
[2026-03-28T19:54:40.771+0000] {processor.py:208} INFO - Processing /home/ec2-user/environment/lab4_model_training/dags/generate_data_dag.py took 1.292 seconds
[2026-03-28T19:55:10.980+0000] {processor.py:186} INFO - Started process (PID=13718) to work on /home/ec2-user/environment/lab4_model_training/dags/generate_data_dag.py
[2026-03-28T19:55:10.980+0000] {processor.py:914} INFO - Processing file /home/ec2-user/environment/lab4_model_training/dags/generate_data_dag.py for tasks to queue
[2026-03-28T19:55:10.981+0000] {logging_mixin.py:190} INFO - [2026-03-28T19:55:10.981+0000] {dagbag.py:588} INFO - Filling up the DagBag from /home/ec2-user/environment/lab4_model_training/dags/generate_data_dag.py
[2026-03-28T19:55:12.273+0000] {processor.py:925} INFO - DAG(s) 'generate_data_only' retrieved from /home/ec2-user/environment/lab4_model_training/dags/generate_data_dag.py
[2026-03-28T19:55:12.287+0000] {logging_mixin.py:190} INFO - [2026-03-28T19:55:12.286+0000] {dag.py:3239} INFO - Sync 1 DAGs
[2026-03-28T19:55:12.299+0000] {logging_mixin.py:190} INFO - [2026-03-28T19:55:12.299+0000] {dag.py:4180} INFO - Setting next_dagrun for generate_data_only to None, run_after=None
[2026-03-28T19:55:12.316+0000] {processor.py:208} INFO - Processing /home/ec2-user/environment/lab4_model_training/dags/generate_data_dag.py took 1.342 seconds
[2026-03-28T19:55:42.940+0000] {processor.py:186} INFO - Started process (PID=13763) to work on /home/ec2-user/environment/lab4_model_training/dags/generate_data_dag.py
[2026-03-28T19:55:42.941+0000] {processor.py:914} INFO - Processing file /home/ec2-user/environment/lab4_model_training/dags/generate_data_dag.py for tasks to queue
[2026-03-28T19:55:42.942+0000] {logging_mixin.py:190} INFO - [2026-03-28T19:55:42.942+0000] {dagbag.py:588} INFO - Filling up the DagBag from /home/ec2-user/environment/lab4_model_training/dags/generate_data_dag.py
[2026-03-28T19:55:44.194+0000] {processor.py:925} INFO - DAG(s) 'generate_data_only' retrieved from /home/ec2-user/environment/lab4_model_training/dags/generate_data_dag.py
[2026-03-28T19:55:44.208+0000] {logging_mixin.py:190} INFO - [2026-03-28T19:55:44.207+0000] {dag.py:3239} INFO - Sync 1 DAGs
[2026-03-28T19:55:44.216+0000] {logging_mixin.py:190} INFO - [2026-03-28T19:55:44.216+0000] {dag.py:4180} INFO - Setting next_dagrun for generate_data_only to None, run_after=None
[2026-03-28T19:55:44.233+0000] {processor.py:208} INFO - Processing /home/ec2-user/environment/lab4_model_training/dags/generate_data_dag.py took 1.298 seconds
[2026-03-28T19:56:15.084+0000] {processor.py:186} INFO - Started process (PID=13801) to work on /home/ec2-user/environment/lab4_model_training/dags/generate_data_dag.py
[2026-03-28T19:56:15.085+0000] {processor.py:914} INFO - Processing file /home/ec2-user/environment/lab4_model_training/dags/generate_data_dag.py for tasks to queue
[2026-03-28T19:56:15.086+0000] {logging_mixin.py:190} INFO - [2026-03-28T19:56:15.086+0000] {dagbag.py:588} INFO - Filling up the DagBag from /home/ec2-user/environment/lab4_model_training/dags/generate_data_dag.py
[2026-03-28T19:56:16.340+0000] {processor.py:925} INFO - DAG(s) 'generate_data_only' retrieved from /home/ec2-user/environment/lab4_model_training/dags/generate_data_dag.py
[2026-03-28T19:56:16.352+0000] {logging_mixin.py:190} INFO - [2026-03-28T19:56:16.352+0000] {dag.py:3239} INFO - Sync 1 DAGs
[2026-03-28T19:56:16.361+0000] {logging_mixin.py:190} INFO - [2026-03-28T19:56:16.361+0000] {dag.py:4180} INFO - Setting next_dagrun for generate_data_only to None, run_after=None
[2026-03-28T19:56:16.378+0000] {processor.py:208} INFO - Processing /home/ec2-user/environment/lab4_model_training/dags/generate_data_dag.py took 1.298 seconds
[2026-03-28T19:56:47.181+0000] {processor.py:186} INFO - Started process (PID=13899) to work on /home/ec2-user/environment/lab4_model_training/dags/generate_data_dag.py
[2026-03-28T19:56:47.182+0000] {processor.py:914} INFO - Processing file /home/ec2-user/environment/lab4_model_training/dags/generate_data_dag.py for tasks to queue
[2026-03-28T19:56:47.183+0000] {logging_mixin.py:190} INFO - [2026-03-28T19:56:47.183+0000] {dagbag.py:588} INFO - Filling up the DagBag from /home/ec2-user/environment/lab4_model_training/dags/generate_data_dag.py
[2026-03-28T19:56:48.446+0000] {processor.py:925} INFO - DAG(s) 'generate_data_only' retrieved from /home/ec2-user/environment/lab4_model_training/dags/generate_data_dag.py
[2026-03-28T19:56:48.459+0000] {logging_mixin.py:190} INFO - [2026-03-28T19:56:48.459+0000] {dag.py:3239} INFO - Sync 1 DAGs
[2026-03-28T19:56:48.468+0000] {logging_mixin.py:190} INFO - [2026-03-28T19:56:48.468+0000] {dag.py:4180} INFO - Setting next_dagrun for generate_data_only to None, run_after=None
[2026-03-28T19:56:48.485+0000] {processor.py:208} INFO - Processing /home/ec2-user/environment/lab4_model_training/dags/generate_data_dag.py took 1.309 seconds
[2026-03-28T19:57:19.063+0000] {processor.py:186} INFO - Started process (PID=13937) to work on /home/ec2-user/environment/lab4_model_training/dags/generate_data_dag.py
[2026-03-28T19:57:19.063+0000] {processor.py:914} INFO - Processing file /home/ec2-user/environment/lab4_model_training/dags/generate_data_dag.py for tasks to queue
[2026-03-28T19:57:19.065+0000] {logging_mixin.py:190} INFO - [2026-03-28T19:57:19.065+0000] {dagbag.py:588} INFO - Filling up the DagBag from /home/ec2-user/environment/lab4_model_training/dags/generate_data_dag.py
[2026-03-28T19:57:20.345+0000] {processor.py:925} INFO - DAG(s) 'generate_data_only' retrieved from /home/ec2-user/environment/lab4_model_training/dags/generate_data_dag.py
[2026-03-28T19:57:20.358+0000] {logging_mixin.py:190} INFO - [2026-03-28T19:57:20.357+0000] {dag.py:3239} INFO - Sync 1 DAGs
[2026-03-28T19:57:20.367+0000] {logging_mixin.py:190} INFO - [2026-03-28T19:57:20.366+0000] {dag.py:4180} INFO - Setting next_dagrun for generate_data_only to None, run_after=None
[2026-03-28T19:57:20.385+0000] {processor.py:208} INFO - Processing /home/ec2-user/environment/lab4_model_training/dags/generate_data_dag.py took 1.327 seconds
[2026-03-28T19:57:51.191+0000] {processor.py:186} INFO - Started process (PID=13986) to work on /home/ec2-user/environment/lab4_model_training/dags/generate_data_dag.py
[2026-03-28T19:57:51.193+0000] {processor.py:914} INFO - Processing file /home/ec2-user/environment/lab4_model_training/dags/generate_data_dag.py for tasks to queue
[2026-03-28T19:57:51.194+0000] {logging_mixin.py:190} INFO - [2026-03-28T19:57:51.193+0000] {dagbag.py:588} INFO - Filling up the DagBag from /home/ec2-user/environment/lab4_model_training/dags/generate_data_dag.py
[2026-03-28T19:57:52.468+0000] {processor.py:925} INFO - DAG(s) 'generate_data_only' retrieved from /home/ec2-user/environment/lab4_model_training/dags/generate_data_dag.py
[2026-03-28T19:57:52.481+0000] {logging_mixin.py:190} INFO - [2026-03-28T19:57:52.481+0000] {dag.py:3239} INFO - Sync 1 DAGs
[2026-03-28T19:57:52.490+0000] {logging_mixin.py:190} INFO - [2026-03-28T19:57:52.490+0000] {dag.py:4180} INFO - Setting next_dagrun for generate_data_only to None, run_after=None
[2026-03-28T19:57:52.509+0000] {processor.py:208} INFO - Processing /home/ec2-user/environment/lab4_model_training/dags/generate_data_dag.py took 1.323 seconds
[2026-03-28T19:58:23.231+0000] {processor.py:186} INFO - Started process (PID=14026) to work on /home/ec2-user/environment/lab4_model_training/dags/generate_data_dag.py
[2026-03-28T19:58:23.232+0000] {processor.py:914} INFO - Processing file /home/ec2-user/environment/lab4_model_training/dags/generate_data_dag.py for tasks to queue
[2026-03-28T19:58:23.233+0000] {logging_mixin.py:190} INFO - [2026-03-28T19:58:23.232+0000] {dagbag.py:588} INFO - Filling up the DagBag from /home/ec2-user/environment/lab4_model_training/dags/generate_data_dag.py
[2026-03-28T19:58:24.501+0000] {processor.py:925} INFO - DAG(s) 'generate_data_only' retrieved from /home/ec2-user/environment/lab4_model_training/dags/generate_data_dag.py
[2026-03-28T19:58:24.514+0000] {logging_mixin.py:190} INFO - [2026-03-28T19:58:24.514+0000] {dag.py:3239} INFO - Sync 1 DAGs
[2026-03-28T19:58:24.524+0000] {logging_mixin.py:190} INFO - [2026-03-28T19:58:24.524+0000] {dag.py:4180} INFO - Setting next_dagrun for generate_data_only to None, run_after=None
[2026-03-28T19:58:24.542+0000] {processor.py:208} INFO - Processing /home/ec2-user/environment/lab4_model_training/dags/generate_data_dag.py took 1.316 seconds
[2026-03-28T19:58:55.274+0000] {processor.py:186} INFO - Started process (PID=14100) to work on /home/ec2-user/environment/lab4_model_training/dags/generate_data_dag.py
[2026-03-28T19:58:55.275+0000] {processor.py:914} INFO - Processing file /home/ec2-user/environment/lab4_model_training/dags/generate_data_dag.py for tasks to queue
[2026-03-28T19:58:55.276+0000] {logging_mixin.py:190} INFO - [2026-03-28T19:58:55.276+0000] {dagbag.py:588} INFO - Filling up the DagBag from /home/ec2-user/environment/lab4_model_training/dags/generate_data_dag.py
[2026-03-28T19:58:56.551+0000] {processor.py:925} INFO - DAG(s) 'generate_data_only' retrieved from /home/ec2-user/environment/lab4_model_training/dags/generate_data_dag.py
[2026-03-28T19:58:56.563+0000] {logging_mixin.py:190} INFO - [2026-03-28T19:58:56.563+0000] {dag.py:3239} INFO - Sync 1 DAGs
[2026-03-28T19:58:56.573+0000] {logging_mixin.py:190} INFO - [2026-03-28T19:58:56.573+0000] {dag.py:4180} INFO - Setting next_dagrun for generate_data_only to None, run_after=None
[2026-03-28T19:58:56.589+0000] {processor.py:208} INFO - Processing /home/ec2-user/environment/lab4_model_training/dags/generate_data_dag.py took 1.320 seconds
[2026-03-28T19:59:26.848+0000] {processor.py:186} INFO - Started process (PID=14139) to work on /home/ec2-user/environment/lab4_model_training/dags/generate_data_dag.py
[2026-03-28T19:59:26.849+0000] {processor.py:914} INFO - Processing file /home/ec2-user/environment/lab4_model_training/dags/generate_data_dag.py for tasks to queue
[2026-03-28T19:59:26.850+0000] {logging_mixin.py:190} INFO - [2026-03-28T19:59:26.850+0000] {dagbag.py:588} INFO - Filling up the DagBag from /home/ec2-user/environment/lab4_model_training/dags/generate_data_dag.py
[2026-03-28T19:59:28.130+0000] {processor.py:925} INFO - DAG(s) 'generate_data_only' retrieved from /home/ec2-user/environment/lab4_model_training/dags/generate_data_dag.py
[2026-03-28T19:59:28.143+0000] {logging_mixin.py:190} INFO - [2026-03-28T19:59:28.142+0000] {dag.py:3239} INFO - Sync 1 DAGs
[2026-03-28T19:59:28.151+0000] {logging_mixin.py:190} INFO - [2026-03-28T19:59:28.151+0000] {dag.py:4180} INFO - Setting next_dagrun for generate_data_only to None, run_after=None
[2026-03-28T19:59:28.167+0000] {processor.py:208} INFO - Processing /home/ec2-user/environment/lab4_model_training/dags/generate_data_dag.py took 1.324 seconds
[2026-03-28T19:59:58.996+0000] {processor.py:186} INFO - Started process (PID=14170) to work on /home/ec2-user/environment/lab4_model_training/dags/generate_data_dag.py
[2026-03-28T19:59:58.997+0000] {processor.py:914} INFO - Processing file /home/ec2-user/environment/lab4_model_training/dags/generate_data_dag.py for tasks to queue
[2026-03-28T19:59:58.998+0000] {logging_mixin.py:190} INFO - [2026-03-28T19:59:58.998+0000] {dagbag.py:588} INFO - Filling up the DagBag from /home/ec2-user/environment/lab4_model_training/dags/generate_data_dag.py
[2026-03-28T20:00:00.275+0000] {processor.py:925} INFO - DAG(s) 'generate_data_only' retrieved from /home/ec2-user/environment/lab4_model_training/dags/generate_data_dag.py
[2026-03-28T20:00:00.289+0000] {logging_mixin.py:190} INFO - [2026-03-28T20:00:00.289+0000] {dag.py:3239} INFO - Sync 1 DAGs
[2026-03-28T20:00:00.298+0000] {logging_mixin.py:190} INFO - [2026-03-28T20:00:00.297+0000] {dag.py:4180} INFO - Setting next_dagrun for generate_data_only to None, run_after=None
[2026-03-28T20:00:00.314+0000] {processor.py:208} INFO - Processing /home/ec2-user/environment/lab4_model_training/dags/generate_data_dag.py took 1.323 seconds
[2026-03-28T20:00:31.029+0000] {processor.py:186} INFO - Started process (PID=14262) to work on /home/ec2-user/environment/lab4_model_training/dags/generate_data_dag.py
[2026-03-28T20:00:31.030+0000] {processor.py:914} INFO - Processing file /home/ec2-user/environment/lab4_model_training/dags/generate_data_dag.py for tasks to queue
[2026-03-28T20:00:31.031+0000] {logging_mixin.py:190} INFO - [2026-03-28T20:00:31.031+0000] {dagbag.py:588} INFO - Filling up the DagBag from /home/ec2-user/environment/lab4_model_training/dags/generate_data_dag.py
[2026-03-28T20:00:32.294+0000] {processor.py:925} INFO - DAG(s) 'generate_data_only' retrieved from /home/ec2-user/environment/lab4_model_training/dags/generate_data_dag.py
[2026-03-28T20:00:32.306+0000] {logging_mixin.py:190} INFO - [2026-03-28T20:00:32.306+0000] {dag.py:3239} INFO - Sync 1 DAGs
[2026-03-28T20:00:32.315+0000] {logging_mixin.py:190} INFO - [2026-03-28T20:00:32.315+0000] {dag.py:4180} INFO - Setting next_dagrun for generate_data_only to None, run_after=None
[2026-03-28T20:00:32.332+0000] {processor.py:208} INFO - Processing /home/ec2-user/environment/lab4_model_training/dags/generate_data_dag.py took 1.307 seconds
[2026-03-28T20:01:02.830+0000] {processor.py:186} INFO - Started process (PID=14318) to work on /home/ec2-user/environment/lab4_model_training/dags/generate_data_dag.py
[2026-03-28T20:01:02.831+0000] {processor.py:914} INFO - Processing file /home/ec2-user/environment/lab4_model_training/dags/generate_data_dag.py for tasks to queue
[2026-03-28T20:01:02.832+0000] {logging_mixin.py:190} INFO - [2026-03-28T20:01:02.832+0000] {dagbag.py:588} INFO - Filling up the DagBag from /home/ec2-user/environment/lab4_model_training/dags/generate_data_dag.py
[2026-03-28T20:01:04.246+0000] {processor.py:925} INFO - DAG(s) 'generate_data_only' retrieved from /home/ec2-user/environment/lab4_model_training/dags/generate_data_dag.py
[2026-03-28T20:01:04.266+0000] {logging_mixin.py:190} INFO - [2026-03-28T20:01:04.265+0000] {dag.py:3239} INFO - Sync 1 DAGs
[2026-03-28T20:01:04.280+0000] {logging_mixin.py:190} INFO - [2026-03-28T20:01:04.280+0000] {dag.py:4180} INFO - Setting next_dagrun for generate_data_only to None, run_after=None
[2026-03-28T20:01:04.305+0000] {processor.py:208} INFO - Processing /home/ec2-user/environment/lab4_model_training/dags/generate_data_dag.py took 1.480 seconds
[2026-03-28T20:01:34.532+0000] {processor.py:186} INFO - Started process (PID=14398) to work on /home/ec2-user/environment/lab4_model_training/dags/generate_data_dag.py
[2026-03-28T20:01:34.532+0000] {processor.py:914} INFO - Processing file /home/ec2-user/environment/lab4_model_training/dags/generate_data_dag.py for tasks to queue
[2026-03-28T20:01:34.533+0000] {logging_mixin.py:190} INFO - [2026-03-28T20:01:34.533+0000] {dagbag.py:588} INFO - Filling up the DagBag from /home/ec2-user/environment/lab4_model_training/dags/generate_data_dag.py
[2026-03-28T20:01:35.798+0000] {processor.py:925} INFO - DAG(s) 'generate_data_only' retrieved from /home/ec2-user/environment/lab4_model_training/dags/generate_data_dag.py
[2026-03-28T20:01:35.811+0000] {logging_mixin.py:190} INFO - [2026-03-28T20:01:35.811+0000] {dag.py:3239} INFO - Sync 1 DAGs
[2026-03-28T20:01:35.820+0000] {logging_mixin.py:190} INFO - [2026-03-28T20:01:35.819+0000] {dag.py:4180} INFO - Setting next_dagrun for generate_data_only to None, run_after=None
[2026-03-28T20:01:35.839+0000] {processor.py:208} INFO - Processing /home/ec2-user/environment/lab4_model_training/dags/generate_data_dag.py took 1.312 seconds
[2026-03-28T20:02:06.141+0000] {processor.py:186} INFO - Started process (PID=14438) to work on /home/ec2-user/environment/lab4_model_training/dags/generate_data_dag.py
[2026-03-28T20:02:06.142+0000] {processor.py:914} INFO - Processing file /home/ec2-user/environment/lab4_model_training/dags/generate_data_dag.py for tasks to queue
[2026-03-28T20:02:06.143+0000] {logging_mixin.py:190} INFO - [2026-03-28T20:02:06.142+0000] {dagbag.py:588} INFO - Filling up the DagBag from /home/ec2-user/environment/lab4_model_training/dags/generate_data_dag.py
[2026-03-28T20:02:07.426+0000] {processor.py:925} INFO - DAG(s) 'generate_data_only' retrieved from /home/ec2-user/environment/lab4_model_training/dags/generate_data_dag.py
[2026-03-28T20:02:07.439+0000] {logging_mixin.py:190} INFO - [2026-03-28T20:02:07.438+0000] {dag.py:3239} INFO - Sync 1 DAGs
[2026-03-28T20:02:07.447+0000] {logging_mixin.py:190} INFO - [2026-03-28T20:02:07.447+0000] {dag.py:4180} INFO - Setting next_dagrun for generate_data_only to None, run_after=None
[2026-03-28T20:02:07.466+0000] {processor.py:208} INFO - Processing /home/ec2-user/environment/lab4_model_training/dags/generate_data_dag.py took 1.331 seconds
[2026-03-28T20:02:37.750+0000] {processor.py:186} INFO - Started process (PID=14473) to work on /home/ec2-user/environment/lab4_model_training/dags/generate_data_dag.py
[2026-03-28T20:02:37.750+0000] {processor.py:914} INFO - Processing file /home/ec2-user/environment/lab4_model_training/dags/generate_data_dag.py for tasks to queue
[2026-03-28T20:02:37.751+0000] {logging_mixin.py:190} INFO - [2026-03-28T20:02:37.751+0000] {dagbag.py:588} INFO - Filling up the DagBag from /home/ec2-user/environment/lab4_model_training/dags/generate_data_dag.py
[2026-03-28T20:02:39.055+0000] {processor.py:925} INFO - DAG(s) 'generate_data_only' retrieved from /home/ec2-user/environment/lab4_model_training/dags/generate_data_dag.py
[2026-03-28T20:02:39.067+0000] {logging_mixin.py:190} INFO - [2026-03-28T20:02:39.067+0000] {dag.py:3239} INFO - Sync 1 DAGs
[2026-03-28T20:02:39.078+0000] {logging_mixin.py:190} INFO - [2026-03-28T20:02:39.078+0000] {dag.py:4180} INFO - Setting next_dagrun for generate_data_only to None, run_after=None
[2026-03-28T20:02:39.095+0000] {processor.py:208} INFO - Processing /home/ec2-user/environment/lab4_model_training/dags/generate_data_dag.py took 1.351 seconds
[2026-03-28T20:03:09.361+0000] {processor.py:186} INFO - Started process (PID=14513) to work on /home/ec2-user/environment/lab4_model_training/dags/generate_data_dag.py
[2026-03-28T20:03:09.362+0000] {processor.py:914} INFO - Processing file /home/ec2-user/environment/lab4_model_training/dags/generate_data_dag.py for tasks to queue
[2026-03-28T20:03:09.363+0000] {logging_mixin.py:190} INFO - [2026-03-28T20:03:09.363+0000] {dagbag.py:588} INFO - Filling up the DagBag from /home/ec2-user/environment/lab4_model_training/dags/generate_data_dag.py
[2026-03-28T20:03:10.652+0000] {processor.py:925} INFO - DAG(s) 'generate_data_only' retrieved from /home/ec2-user/environment/lab4_model_training/dags/generate_data_dag.py
[2026-03-28T20:03:10.665+0000] {logging_mixin.py:190} INFO - [2026-03-28T20:03:10.664+0000] {dag.py:3239} INFO - Sync 1 DAGs
[2026-03-28T20:03:10.675+0000] {logging_mixin.py:190} INFO - [2026-03-28T20:03:10.675+0000] {dag.py:4180} INFO - Setting next_dagrun for generate_data_only to None, run_after=None
[2026-03-28T20:03:10.692+0000] {processor.py:208} INFO - Processing /home/ec2-user/environment/lab4_model_training/dags/generate_data_dag.py took 1.335 seconds
[2026-03-28T20:03:41.048+0000] {processor.py:186} INFO - Started process (PID=14587) to work on /home/ec2-user/environment/lab4_model_training/dags/generate_data_dag.py
[2026-03-28T20:03:41.049+0000] {processor.py:914} INFO - Processing file /home/ec2-user/environment/lab4_model_training/dags/generate_data_dag.py for tasks to queue
[2026-03-28T20:03:41.050+0000] {logging_mixin.py:190} INFO - [2026-03-28T20:03:41.050+0000] {dagbag.py:588} INFO - Filling up the DagBag from /home/ec2-user/environment/lab4_model_training/dags/generate_data_dag.py
[2026-03-28T20:03:42.335+0000] {processor.py:925} INFO - DAG(s) 'generate_data_only' retrieved from /home/ec2-user/environment/lab4_model_training/dags/generate_data_dag.py
[2026-03-28T20:03:42.349+0000] {logging_mixin.py:190} INFO - [2026-03-28T20:03:42.349+0000] {dag.py:3239} INFO - Sync 1 DAGs
[2026-03-28T20:03:42.358+0000] {logging_mixin.py:190} INFO - [2026-03-28T20:03:42.358+0000] {dag.py:4180} INFO - Setting next_dagrun for generate_data_only to None, run_after=None
[2026-03-28T20:03:42.375+0000] {processor.py:208} INFO - Processing /home/ec2-user/environment/lab4_model_training/dags/generate_data_dag.py took 1.333 seconds
[2026-03-28T20:04:12.666+0000] {processor.py:186} INFO - Started process (PID=14647) to work on /home/ec2-user/environment/lab4_model_training/dags/generate_data_dag.py
[2026-03-28T20:04:12.667+0000] {processor.py:914} INFO - Processing file /home/ec2-user/environment/lab4_model_training/dags/generate_data_dag.py for tasks to queue
[2026-03-28T20:04:12.668+0000] {logging_mixin.py:190} INFO - [2026-03-28T20:04:12.668+0000] {dagbag.py:588} INFO - Filling up the DagBag from /home/ec2-user/environment/lab4_model_training/dags/generate_data_dag.py
[2026-03-28T20:04:13.958+0000] {processor.py:925} INFO - DAG(s) 'generate_data_only' retrieved from /home/ec2-user/environment/lab4_model_training/dags/generate_data_dag.py
[2026-03-28T20:04:13.972+0000] {logging_mixin.py:190} INFO - [2026-03-28T20:04:13.972+0000] {dag.py:3239} INFO - Sync 1 DAGs
[2026-03-28T20:04:13.982+0000] {logging_mixin.py:190} INFO - [2026-03-28T20:04:13.981+0000] {dag.py:4180} INFO - Setting next_dagrun for generate_data_only to None, run_after=None
[2026-03-28T20:04:13.999+0000] {processor.py:208} INFO - Processing /home/ec2-user/environment/lab4_model_training/dags/generate_data_dag.py took 1.339 seconds
[2026-03-28T20:04:44.267+0000] {processor.py:186} INFO - Started process (PID=14673) to work on /home/ec2-user/environment/lab4_model_training/dags/generate_data_dag.py
[2026-03-28T20:04:44.268+0000] {processor.py:914} INFO - Processing file /home/ec2-user/environment/lab4_model_training/dags/generate_data_dag.py for tasks to queue
[2026-03-28T20:04:44.269+0000] {logging_mixin.py:190} INFO - [2026-03-28T20:04:44.268+0000] {dagbag.py:588} INFO - Filling up the DagBag from /home/ec2-user/environment/lab4_model_training/dags/generate_data_dag.py
[2026-03-28T20:04:45.548+0000] {processor.py:925} INFO - DAG(s) 'generate_data_only' retrieved from /home/ec2-user/environment/lab4_model_training/dags/generate_data_dag.py
[2026-03-28T20:04:45.562+0000] {logging_mixin.py:190} INFO - [2026-03-28T20:04:45.561+0000] {dag.py:3239} INFO - Sync 1 DAGs
[2026-03-28T20:04:45.570+0000] {logging_mixin.py:190} INFO - [2026-03-28T20:04:45.570+0000] {dag.py:4180} INFO - Setting next_dagrun for generate_data_only to None, run_after=None
[2026-03-28T20:04:45.587+0000] {processor.py:208} INFO - Processing /home/ec2-user/environment/lab4_model_training/dags/generate_data_dag.py took 1.325 seconds
[2026-03-28T20:05:15.877+0000] {processor.py:186} INFO - Started process (PID=14711) to work on /home/ec2-user/environment/lab4_model_training/dags/generate_data_dag.py
[2026-03-28T20:05:15.878+0000] {processor.py:914} INFO - Processing file /home/ec2-user/environment/lab4_model_training/dags/generate_data_dag.py for tasks to queue
[2026-03-28T20:05:15.879+0000] {logging_mixin.py:190} INFO - [2026-03-28T20:05:15.879+0000] {dagbag.py:588} INFO - Filling up the DagBag from /home/ec2-user/environment/lab4_model_training/dags/generate_data_dag.py
[2026-03-28T20:05:17.136+0000] {processor.py:925} INFO - DAG(s) 'generate_data_only' retrieved from /home/ec2-user/environment/lab4_model_training/dags/generate_data_dag.py
[2026-03-28T20:05:17.149+0000] {logging_mixin.py:190} INFO - [2026-03-28T20:05:17.148+0000] {dag.py:3239} INFO - Sync 1 DAGs
[2026-03-28T20:05:17.157+0000] {logging_mixin.py:190} INFO - [2026-03-28T20:05:17.157+0000] {dag.py:4180} INFO - Setting next_dagrun for generate_data_only to None, run_after=None
[2026-03-28T20:05:17.174+0000] {processor.py:208} INFO - Processing /home/ec2-user/environment/lab4_model_training/dags/generate_data_dag.py took 1.302 seconds
[2026-03-28T20:05:47.489+0000] {processor.py:186} INFO - Started process (PID=14788) to work on /home/ec2-user/environment/lab4_model_training/dags/generate_data_dag.py
[2026-03-28T20:05:47.490+0000] {processor.py:914} INFO - Processing file /home/ec2-user/environment/lab4_model_training/dags/generate_data_dag.py for tasks to queue
[2026-03-28T20:05:47.492+0000] {logging_mixin.py:190} INFO - [2026-03-28T20:05:47.491+0000] {dagbag.py:588} INFO - Filling up the DagBag from /home/ec2-user/environment/lab4_model_training/dags/generate_data_dag.py
[2026-03-28T20:05:48.804+0000] {processor.py:925} INFO - DAG(s) 'generate_data_only' retrieved from /home/ec2-user/environment/lab4_model_training/dags/generate_data_dag.py
[2026-03-28T20:05:48.817+0000] {logging_mixin.py:190} INFO - [2026-03-28T20:05:48.816+0000] {dag.py:3239} INFO - Sync 1 DAGs
[2026-03-28T20:05:48.826+0000] {logging_mixin.py:190} INFO - [2026-03-28T20:05:48.825+0000] {dag.py:4180} INFO - Setting next_dagrun for generate_data_only to None, run_after=None
[2026-03-28T20:05:48.843+0000] {processor.py:208} INFO - Processing /home/ec2-user/environment/lab4_model_training/dags/generate_data_dag.py took 1.361 seconds
[2026-03-28T20:06:19.197+0000] {processor.py:186} INFO - Started process (PID=14830) to work on /home/ec2-user/environment/lab4_model_training/dags/generate_data_dag.py
[2026-03-28T20:06:19.198+0000] {processor.py:914} INFO - Processing file /home/ec2-user/environment/lab4_model_training/dags/generate_data_dag.py for tasks to queue
[2026-03-28T20:06:19.199+0000] {logging_mixin.py:190} INFO - [2026-03-28T20:06:19.199+0000] {dagbag.py:588} INFO - Filling up the DagBag from /home/ec2-user/environment/lab4_model_training/dags/generate_data_dag.py
[2026-03-28T20:06:20.505+0000] {processor.py:925} INFO - DAG(s) 'generate_data_only' retrieved from /home/ec2-user/environment/lab4_model_training/dags/generate_data_dag.py
[2026-03-28T20:06:20.517+0000] {logging_mixin.py:190} INFO - [2026-03-28T20:06:20.517+0000] {dag.py:3239} INFO - Sync 1 DAGs
[2026-03-28T20:06:20.526+0000] {logging_mixin.py:190} INFO - [2026-03-28T20:06:20.526+0000] {dag.py:4180} INFO - Setting next_dagrun for generate_data_only to None, run_after=None
[2026-03-28T20:06:20.544+0000] {processor.py:208} INFO - Processing /home/ec2-user/environment/lab4_model_training/dags/generate_data_dag.py took 1.353 seconds
[2026-03-28T20:06:51.004+0000] {processor.py:186} INFO - Started process (PID=14867) to work on /home/ec2-user/environment/lab4_model_training/dags/generate_data_dag.py
[2026-03-28T20:06:51.005+0000] {processor.py:914} INFO - Processing file /home/ec2-user/environment/lab4_model_training/dags/generate_data_dag.py for tasks to queue
[2026-03-28T20:06:51.006+0000] {logging_mixin.py:190} INFO - [2026-03-28T20:06:51.005+0000] {dagbag.py:588} INFO - Filling up the DagBag from /home/ec2-user/environment/lab4_model_training/dags/generate_data_dag.py
[2026-03-28T20:06:52.293+0000] {processor.py:925} INFO - DAG(s) 'generate_data_only' retrieved from /home/ec2-user/environment/lab4_model_training/dags/generate_data_dag.py
[2026-03-28T20:06:52.306+0000] {logging_mixin.py:190} INFO - [2026-03-28T20:06:52.306+0000] {dag.py:3239} INFO - Sync 1 DAGs
[2026-03-28T20:06:52.315+0000] {logging_mixin.py:190} INFO - [2026-03-28T20:06:52.315+0000] {dag.py:4180} INFO - Setting next_dagrun for generate_data_only to None, run_after=None
[2026-03-28T20:06:52.335+0000] {processor.py:208} INFO - Processing /home/ec2-user/environment/lab4_model_training/dags/generate_data_dag.py took 1.337 seconds
[2026-03-28T20:07:23.215+0000] {processor.py:186} INFO - Started process (PID=14910) to work on /home/ec2-user/environment/lab4_model_training/dags/generate_data_dag.py
[2026-03-28T20:07:23.216+0000] {processor.py:914} INFO - Processing file /home/ec2-user/environment/lab4_model_training/dags/generate_data_dag.py for tasks to queue
[2026-03-28T20:07:23.217+0000] {logging_mixin.py:190} INFO - [2026-03-28T20:07:23.217+0000] {dagbag.py:588} INFO - Filling up the DagBag from /home/ec2-user/environment/lab4_model_training/dags/generate_data_dag.py
[2026-03-28T20:07:24.493+0000] {processor.py:925} INFO - DAG(s) 'generate_data_only' retrieved from /home/ec2-user/environment/lab4_model_training/dags/generate_data_dag.py
[2026-03-28T20:07:24.506+0000] {logging_mixin.py:190} INFO - [2026-03-28T20:07:24.506+0000] {dag.py:3239} INFO - Sync 1 DAGs
[2026-03-28T20:07:24.516+0000] {logging_mixin.py:190} INFO - [2026-03-28T20:07:24.516+0000] {dag.py:4180} INFO - Setting next_dagrun for generate_data_only to None, run_after=None
[2026-03-28T20:07:24.534+0000] {processor.py:208} INFO - Processing /home/ec2-user/environment/lab4_model_training/dags/generate_data_dag.py took 1.325 seconds
[2026-03-28T20:07:54.787+0000] {processor.py:186} INFO - Started process (PID=15002) to work on /home/ec2-user/environment/lab4_model_training/dags/generate_data_dag.py
[2026-03-28T20:07:54.788+0000] {processor.py:914} INFO - Processing file /home/ec2-user/environment/lab4_model_training/dags/generate_data_dag.py for tasks to queue
[2026-03-28T20:07:54.789+0000] {logging_mixin.py:190} INFO - [2026-03-28T20:07:54.789+0000] {dagbag.py:588} INFO - Filling up the DagBag from /home/ec2-user/environment/lab4_model_training/dags/generate_data_dag.py
[2026-03-28T20:07:56.082+0000] {processor.py:925} INFO - DAG(s) 'generate_data_only' retrieved from /home/ec2-user/environment/lab4_model_training/dags/generate_data_dag.py
[2026-03-28T20:07:56.095+0000] {logging_mixin.py:190} INFO - [2026-03-28T20:07:56.095+0000] {dag.py:3239} INFO - Sync 1 DAGs
[2026-03-28T20:07:56.106+0000] {logging_mixin.py:190} INFO - [2026-03-28T20:07:56.106+0000] {dag.py:4180} INFO - Setting next_dagrun for generate_data_only to None, run_after=None
[2026-03-28T20:07:56.123+0000] {processor.py:208} INFO - Processing /home/ec2-user/environment/lab4_model_training/dags/generate_data_dag.py took 1.341 seconds
[2026-03-28T20:08:26.972+0000] {processor.py:186} INFO - Started process (PID=15044) to work on /home/ec2-user/environment/lab4_model_training/dags/generate_data_dag.py
[2026-03-28T20:08:26.973+0000] {processor.py:914} INFO - Processing file /home/ec2-user/environment/lab4_model_training/dags/generate_data_dag.py for tasks to queue
[2026-03-28T20:08:26.974+0000] {logging_mixin.py:190} INFO - [2026-03-28T20:08:26.974+0000] {dagbag.py:588} INFO - Filling up the DagBag from /home/ec2-user/environment/lab4_model_training/dags/generate_data_dag.py
[2026-03-28T20:08:28.273+0000] {processor.py:925} INFO - DAG(s) 'generate_data_only' retrieved from /home/ec2-user/environment/lab4_model_training/dags/generate_data_dag.py
[2026-03-28T20:08:28.287+0000] {logging_mixin.py:190} INFO - [2026-03-28T20:08:28.286+0000] {dag.py:3239} INFO - Sync 1 DAGs
[2026-03-28T20:08:28.296+0000] {logging_mixin.py:190} INFO - [2026-03-28T20:08:28.295+0000] {dag.py:4180} INFO - Setting next_dagrun for generate_data_only to None, run_after=None
[2026-03-28T20:08:28.313+0000] {processor.py:208} INFO - Processing /home/ec2-user/environment/lab4_model_training/dags/generate_data_dag.py took 1.346 seconds
[2026-03-28T20:08:58.882+0000] {processor.py:186} INFO - Started process (PID=15077) to work on /home/ec2-user/environment/lab4_model_training/dags/generate_data_dag.py
[2026-03-28T20:08:58.882+0000] {processor.py:914} INFO - Processing file /home/ec2-user/environment/lab4_model_training/dags/generate_data_dag.py for tasks to queue
[2026-03-28T20:08:58.883+0000] {logging_mixin.py:190} INFO - [2026-03-28T20:08:58.883+0000] {dagbag.py:588} INFO - Filling up the DagBag from /home/ec2-user/environment/lab4_model_training/dags/generate_data_dag.py
[2026-03-28T20:09:00.172+0000] {processor.py:925} INFO - DAG(s) 'generate_data_only' retrieved from /home/ec2-user/environment/lab4_model_training/dags/generate_data_dag.py
[2026-03-28T20:09:00.186+0000] {logging_mixin.py:190} INFO - [2026-03-28T20:09:00.186+0000] {dag.py:3239} INFO - Sync 1 DAGs
[2026-03-28T20:09:00.195+0000] {logging_mixin.py:190} INFO - [2026-03-28T20:09:00.195+0000] {dag.py:4180} INFO - Setting next_dagrun for generate_data_only to None, run_after=None
[2026-03-28T20:09:00.212+0000] {processor.py:208} INFO - Processing /home/ec2-user/environment/lab4_model_training/dags/generate_data_dag.py took 1.335 seconds
[2026-03-28T20:09:31.172+0000] {processor.py:186} INFO - Started process (PID=15127) to work on /home/ec2-user/environment/lab4_model_training/dags/generate_data_dag.py
[2026-03-28T20:09:31.173+0000] {processor.py:914} INFO - Processing file /home/ec2-user/environment/lab4_model_training/dags/generate_data_dag.py for tasks to queue
[2026-03-28T20:09:31.174+0000] {logging_mixin.py:190} INFO - [2026-03-28T20:09:31.174+0000] {dagbag.py:588} INFO - Filling up the DagBag from /home/ec2-user/environment/lab4_model_training/dags/generate_data_dag.py
[2026-03-28T20:09:32.473+0000] {processor.py:925} INFO - DAG(s) 'generate_data_only' retrieved from /home/ec2-user/environment/lab4_model_training/dags/generate_data_dag.py
[2026-03-28T20:09:32.486+0000] {logging_mixin.py:190} INFO - [2026-03-28T20:09:32.486+0000] {dag.py:3239} INFO - Sync 1 DAGs
[2026-03-28T20:09:32.496+0000] {logging_mixin.py:190} INFO - [2026-03-28T20:09:32.495+0000] {dag.py:4180} INFO - Setting next_dagrun for generate_data_only to None, run_after=None
[2026-03-28T20:09:32.513+0000] {processor.py:208} INFO - Processing /home/ec2-user/environment/lab4_model_training/dags/generate_data_dag.py took 1.346 seconds
[2026-03-28T20:10:02.672+0000] {processor.py:186} INFO - Started process (PID=15213) to work on /home/ec2-user/environment/lab4_model_training/dags/generate_data_dag.py
[2026-03-28T20:10:02.673+0000] {processor.py:914} INFO - Processing file /home/ec2-user/environment/lab4_model_training/dags/generate_data_dag.py for tasks to queue
[2026-03-28T20:10:02.674+0000] {logging_mixin.py:190} INFO - [2026-03-28T20:10:02.674+0000] {dagbag.py:588} INFO - Filling up the DagBag from /home/ec2-user/environment/lab4_model_training/dags/generate_data_dag.py
[2026-03-28T20:10:03.974+0000] {processor.py:925} INFO - DAG(s) 'generate_data_only' retrieved from /home/ec2-user/environment/lab4_model_training/dags/generate_data_dag.py
[2026-03-28T20:10:03.987+0000] {logging_mixin.py:190} INFO - [2026-03-28T20:10:03.987+0000] {dag.py:3239} INFO - Sync 1 DAGs
[2026-03-28T20:10:03.996+0000] {logging_mixin.py:190} INFO - [2026-03-28T20:10:03.996+0000] {dag.py:4180} INFO - Setting next_dagrun for generate_data_only to None, run_after=None
[2026-03-28T20:10:04.014+0000] {processor.py:208} INFO - Processing /home/ec2-user/environment/lab4_model_training/dags/generate_data_dag.py took 1.347 seconds
[2026-03-28T20:10:34.171+0000] {processor.py:186} INFO - Started process (PID=15241) to work on /home/ec2-user/environment/lab4_model_training/dags/generate_data_dag.py
[2026-03-28T20:10:34.173+0000] {processor.py:914} INFO - Processing file /home/ec2-user/environment/lab4_model_training/dags/generate_data_dag.py for tasks to queue
[2026-03-28T20:10:34.174+0000] {logging_mixin.py:190} INFO - [2026-03-28T20:10:34.173+0000] {dagbag.py:588} INFO - Filling up the DagBag from /home/ec2-user/environment/lab4_model_training/dags/generate_data_dag.py
[2026-03-28T20:10:35.484+0000] {processor.py:925} INFO - DAG(s) 'generate_data_only' retrieved from /home/ec2-user/environment/lab4_model_training/dags/generate_data_dag.py
[2026-03-28T20:10:35.498+0000] {logging_mixin.py:190} INFO - [2026-03-28T20:10:35.497+0000] {dag.py:3239} INFO - Sync 1 DAGs
[2026-03-28T20:10:35.507+0000] {logging_mixin.py:190} INFO - [2026-03-28T20:10:35.507+0000] {dag.py:4180} INFO - Setting next_dagrun for generate_data_only to None, run_after=None
[2026-03-28T20:10:35.526+0000] {processor.py:208} INFO - Processing /home/ec2-user/environment/lab4_model_training/dags/generate_data_dag.py took 1.360 seconds
[2026-03-28T20:11:05.672+0000] {processor.py:186} INFO - Started process (PID=15292) to work on /home/ec2-user/environment/lab4_model_training/dags/generate_data_dag.py
[2026-03-28T20:11:05.673+0000] {processor.py:914} INFO - Processing file /home/ec2-user/environment/lab4_model_training/dags/generate_data_dag.py for tasks to queue
[2026-03-28T20:11:05.674+0000] {logging_mixin.py:190} INFO - [2026-03-28T20:11:05.673+0000] {dagbag.py:588} INFO - Filling up the DagBag from /home/ec2-user/environment/lab4_model_training/dags/generate_data_dag.py
[2026-03-28T20:11:06.948+0000] {processor.py:925} INFO - DAG(s) 'generate_data_only' retrieved from /home/ec2-user/environment/lab4_model_training/dags/generate_data_dag.py
[2026-03-28T20:11:06.960+0000] {logging_mixin.py:190} INFO - [2026-03-28T20:11:06.960+0000] {dag.py:3239} INFO - Sync 1 DAGs
[2026-03-28T20:11:06.969+0000] {logging_mixin.py:190} INFO - [2026-03-28T20:11:06.969+0000] {dag.py:4180} INFO - Setting next_dagrun for generate_data_only to None, run_after=None
[2026-03-28T20:11:06.987+0000] {processor.py:208} INFO - Processing /home/ec2-user/environment/lab4_model_training/dags/generate_data_dag.py took 1.320 seconds
[2026-03-28T20:11:37.187+0000] {processor.py:186} INFO - Started process (PID=15371) to work on /home/ec2-user/environment/lab4_model_training/dags/generate_data_dag.py
[2026-03-28T20:11:37.188+0000] {processor.py:914} INFO - Processing file /home/ec2-user/environment/lab4_model_training/dags/generate_data_dag.py for tasks to queue
[2026-03-28T20:11:37.189+0000] {logging_mixin.py:190} INFO - [2026-03-28T20:11:37.189+0000] {dagbag.py:588} INFO - Filling up the DagBag from /home/ec2-user/environment/lab4_model_training/dags/generate_data_dag.py
[2026-03-28T20:11:38.809+0000] {processor.py:925} INFO - DAG(s) 'generate_data_only' retrieved from /home/ec2-user/environment/lab4_model_training/dags/generate_data_dag.py
[2026-03-28T20:11:38.821+0000] {logging_mixin.py:190} INFO - [2026-03-28T20:11:38.821+0000] {dag.py:3239} INFO - Sync 1 DAGs
[2026-03-28T20:11:38.832+0000] {logging_mixin.py:190} INFO - [2026-03-28T20:11:38.831+0000] {dag.py:4180} INFO - Setting next_dagrun for generate_data_only to None, run_after=None
[2026-03-28T20:11:38.848+0000] {processor.py:208} INFO - Processing /home/ec2-user/environment/lab4_model_training/dags/generate_data_dag.py took 1.668 seconds
[2026-03-28T20:12:08.895+0000] {processor.py:186} INFO - Started process (PID=15461) to work on /home/ec2-user/environment/lab4_model_training/dags/generate_data_dag.py
[2026-03-28T20:12:08.897+0000] {processor.py:914} INFO - Processing file /home/ec2-user/environment/lab4_model_training/dags/generate_data_dag.py for tasks to queue
[2026-03-28T20:12:08.898+0000] {logging_mixin.py:190} INFO - [2026-03-28T20:12:08.897+0000] {dagbag.py:588} INFO - Filling up the DagBag from /home/ec2-user/environment/lab4_model_training/dags/generate_data_dag.py
[2026-03-28T20:12:10.203+0000] {processor.py:925} INFO - DAG(s) 'generate_data_only' retrieved from /home/ec2-user/environment/lab4_model_training/dags/generate_data_dag.py
[2026-03-28T20:12:10.216+0000] {logging_mixin.py:190} INFO - [2026-03-28T20:12:10.215+0000] {dag.py:3239} INFO - Sync 1 DAGs
[2026-03-28T20:12:10.226+0000] {logging_mixin.py:190} INFO - [2026-03-28T20:12:10.226+0000] {dag.py:4180} INFO - Setting next_dagrun for generate_data_only to None, run_after=None
[2026-03-28T20:12:10.243+0000] {processor.py:208} INFO - Processing /home/ec2-user/environment/lab4_model_training/dags/generate_data_dag.py took 1.353 seconds
[2026-03-28T20:12:40.385+0000] {processor.py:186} INFO - Started process (PID=15491) to work on /home/ec2-user/environment/lab4_model_training/dags/generate_data_dag.py
[2026-03-28T20:12:40.386+0000] {processor.py:914} INFO - Processing file /home/ec2-user/environment/lab4_model_training/dags/generate_data_dag.py for tasks to queue
[2026-03-28T20:12:40.387+0000] {logging_mixin.py:190} INFO - [2026-03-28T20:12:40.386+0000] {dagbag.py:588} INFO - Filling up the DagBag from /home/ec2-user/environment/lab4_model_training/dags/generate_data_dag.py
[2026-03-28T20:12:41.680+0000] {processor.py:925} INFO - DAG(s) 'generate_data_only' retrieved from /home/ec2-user/environment/lab4_model_training/dags/generate_data_dag.py
[2026-03-28T20:12:41.694+0000] {logging_mixin.py:190} INFO - [2026-03-28T20:12:41.693+0000] {dag.py:3239} INFO - Sync 1 DAGs
[2026-03-28T20:12:41.703+0000] {logging_mixin.py:190} INFO - [2026-03-28T20:12:41.702+0000] {dag.py:4180} INFO - Setting next_dagrun for generate_data_only to None, run_after=None
[2026-03-28T20:12:41.720+0000] {processor.py:208} INFO - Processing /home/ec2-user/environment/lab4_model_training/dags/generate_data_dag.py took 1.340 seconds
[2026-03-28T20:13:13.101+0000] {processor.py:186} INFO - Started process (PID=15531) to work on /home/ec2-user/environment/lab4_model_training/dags/generate_data_dag.py
[2026-03-28T20:13:13.102+0000] {processor.py:914} INFO - Processing file /home/ec2-user/environment/lab4_model_training/dags/generate_data_dag.py for tasks to queue
[2026-03-28T20:13:13.103+0000] {logging_mixin.py:190} INFO - [2026-03-28T20:13:13.103+0000] {dagbag.py:588} INFO - Filling up the DagBag from /home/ec2-user/environment/lab4_model_training/dags/generate_data_dag.py
[2026-03-28T20:13:14.400+0000] {processor.py:925} INFO - DAG(s) 'generate_data_only' retrieved from /home/ec2-user/environment/lab4_model_training/dags/generate_data_dag.py
[2026-03-28T20:13:14.414+0000] {logging_mixin.py:190} INFO - [2026-03-28T20:13:14.414+0000] {dag.py:3239} INFO - Sync 1 DAGs
[2026-03-28T20:13:14.423+0000] {logging_mixin.py:190} INFO - [2026-03-28T20:13:14.423+0000] {dag.py:4180} INFO - Setting next_dagrun for generate_data_only to None, run_after=None
[2026-03-28T20:13:14.440+0000] {processor.py:208} INFO - Processing /home/ec2-user/environment/lab4_model_training/dags/generate_data_dag.py took 1.345 seconds
[2026-03-28T20:13:45.810+0000] {processor.py:186} INFO - Started process (PID=15632) to work on /home/ec2-user/environment/lab4_model_training/dags/generate_data_dag.py
[2026-03-28T20:13:45.810+0000] {processor.py:914} INFO - Processing file /home/ec2-user/environment/lab4_model_training/dags/generate_data_dag.py for tasks to queue
[2026-03-28T20:13:45.811+0000] {logging_mixin.py:190} INFO - [2026-03-28T20:13:45.811+0000] {dagbag.py:588} INFO - Filling up the DagBag from /home/ec2-user/environment/lab4_model_training/dags/generate_data_dag.py
[2026-03-28T20:13:47.082+0000] {processor.py:925} INFO - DAG(s) 'generate_data_only' retrieved from /home/ec2-user/environment/lab4_model_training/dags/generate_data_dag.py
[2026-03-28T20:13:47.095+0000] {logging_mixin.py:190} INFO - [2026-03-28T20:13:47.095+0000] {dag.py:3239} INFO - Sync 1 DAGs
[2026-03-28T20:13:47.104+0000] {logging_mixin.py:190} INFO - [2026-03-28T20:13:47.104+0000] {dag.py:4180} INFO - Setting next_dagrun for generate_data_only to None, run_after=None
[2026-03-28T20:13:47.121+0000] {processor.py:208} INFO - Processing /home/ec2-user/environment/lab4_model_training/dags/generate_data_dag.py took 1.316 seconds
[2026-03-28T20:14:17.316+0000] {processor.py:186} INFO - Started process (PID=15670) to work on /home/ec2-user/environment/lab4_model_training/dags/generate_data_dag.py
[2026-03-28T20:14:17.317+0000] {processor.py:914} INFO - Processing file /home/ec2-user/environment/lab4_model_training/dags/generate_data_dag.py for tasks to queue
[2026-03-28T20:14:17.318+0000] {logging_mixin.py:190} INFO - [2026-03-28T20:14:17.318+0000] {dagbag.py:588} INFO - Filling up the DagBag from /home/ec2-user/environment/lab4_model_training/dags/generate_data_dag.py
[2026-03-28T20:14:18.582+0000] {processor.py:925} INFO - DAG(s) 'generate_data_only' retrieved from /home/ec2-user/environment/lab4_model_training/dags/generate_data_dag.py
[2026-03-28T20:14:18.595+0000] {logging_mixin.py:190} INFO - [2026-03-28T20:14:18.595+0000] {dag.py:3239} INFO - Sync 1 DAGs
[2026-03-28T20:14:18.604+0000] {logging_mixin.py:190} INFO - [2026-03-28T20:14:18.604+0000] {dag.py:4180} INFO - Setting next_dagrun for generate_data_only to None, run_after=None
[2026-03-28T20:14:18.622+0000] {processor.py:208} INFO - Processing /home/ec2-user/environment/lab4_model_training/dags/generate_data_dag.py took 1.310 seconds
[2026-03-28T20:14:48.813+0000] {processor.py:186} INFO - Started process (PID=15696) to work on /home/ec2-user/environment/lab4_model_training/dags/generate_data_dag.py
[2026-03-28T20:14:48.815+0000] {processor.py:914} INFO - Processing file /home/ec2-user/environment/lab4_model_training/dags/generate_data_dag.py for tasks to queue
[2026-03-28T20:14:48.816+0000] {logging_mixin.py:190} INFO - [2026-03-28T20:14:48.815+0000] {dagbag.py:588} INFO - Filling up the DagBag from /home/ec2-user/environment/lab4_model_training/dags/generate_data_dag.py
[2026-03-28T20:14:50.065+0000] {processor.py:925} INFO - DAG(s) 'generate_data_only' retrieved from /home/ec2-user/environment/lab4_model_training/dags/generate_data_dag.py
[2026-03-28T20:14:50.077+0000] {logging_mixin.py:190} INFO - [2026-03-28T20:14:50.077+0000] {dag.py:3239} INFO - Sync 1 DAGs
[2026-03-28T20:14:50.086+0000] {logging_mixin.py:190} INFO - [2026-03-28T20:14:50.086+0000] {dag.py:4180} INFO - Setting next_dagrun for generate_data_only to None, run_after=None
[2026-03-28T20:14:50.104+0000] {processor.py:208} INFO - Processing /home/ec2-user/environment/lab4_model_training/dags/generate_data_dag.py took 1.295 seconds
[2026-03-28T20:15:20.223+0000] {processor.py:186} INFO - Started process (PID=15740) to work on /home/ec2-user/environment/lab4_model_training/dags/generate_data_dag.py
[2026-03-28T20:15:20.224+0000] {processor.py:914} INFO - Processing file /home/ec2-user/environment/lab4_model_training/dags/generate_data_dag.py for tasks to queue
[2026-03-28T20:15:20.225+0000] {logging_mixin.py:190} INFO - [2026-03-28T20:15:20.225+0000] {dagbag.py:588} INFO - Filling up the DagBag from /home/ec2-user/environment/lab4_model_training/dags/generate_data_dag.py
[2026-03-28T20:15:21.695+0000] {processor.py:925} INFO - DAG(s) 'generate_data_only' retrieved from /home/ec2-user/environment/lab4_model_training/dags/generate_data_dag.py
[2026-03-28T20:15:21.714+0000] {logging_mixin.py:190} INFO - [2026-03-28T20:15:21.714+0000] {dag.py:3239} INFO - Sync 1 DAGs
[2026-03-28T20:15:21.728+0000] {logging_mixin.py:190} INFO - [2026-03-28T20:15:21.728+0000] {dag.py:4180} INFO - Setting next_dagrun for generate_data_only to None, run_after=None
[2026-03-28T20:15:21.746+0000] {processor.py:208} INFO - Processing /home/ec2-user/environment/lab4_model_training/dags/generate_data_dag.py took 1.529 seconds
[2026-03-28T20:15:51.929+0000] {processor.py:186} INFO - Started process (PID=15831) to work on /home/ec2-user/environment/lab4_model_training/dags/generate_data_dag.py
[2026-03-28T20:15:51.930+0000] {processor.py:914} INFO - Processing file /home/ec2-user/environment/lab4_model_training/dags/generate_data_dag.py for tasks to queue
[2026-03-28T20:15:51.931+0000] {logging_mixin.py:190} INFO - [2026-03-28T20:15:51.931+0000] {dagbag.py:588} INFO - Filling up the DagBag from /home/ec2-user/environment/lab4_model_training/dags/generate_data_dag.py
[2026-03-28T20:15:53.209+0000] {processor.py:925} INFO - DAG(s) 'generate_data_only' retrieved from /home/ec2-user/environment/lab4_model_training/dags/generate_data_dag.py
[2026-03-28T20:15:53.222+0000] {logging_mixin.py:190} INFO - [2026-03-28T20:15:53.222+0000] {dag.py:3239} INFO - Sync 1 DAGs
[2026-03-28T20:15:53.232+0000] {logging_mixin.py:190} INFO - [2026-03-28T20:15:53.232+0000] {dag.py:4180} INFO - Setting next_dagrun for generate_data_only to None, run_after=None
[2026-03-28T20:15:53.250+0000] {processor.py:208} INFO - Processing /home/ec2-user/environment/lab4_model_training/dags/generate_data_dag.py took 1.326 seconds
[2026-03-28T20:16:23.438+0000] {processor.py:186} INFO - Started process (PID=15877) to work on /home/ec2-user/environment/lab4_model_training/dags/generate_data_dag.py
[2026-03-28T20:16:23.439+0000] {processor.py:914} INFO - Processing file /home/ec2-user/environment/lab4_model_training/dags/generate_data_dag.py for tasks to queue
[2026-03-28T20:16:23.440+0000] {logging_mixin.py:190} INFO - [2026-03-28T20:16:23.439+0000] {dagbag.py:588} INFO - Filling up the DagBag from /home/ec2-user/environment/lab4_model_training/dags/generate_data_dag.py
[2026-03-28T20:16:24.732+0000] {processor.py:925} INFO - DAG(s) 'generate_data_only' retrieved from /home/ec2-user/environment/lab4_model_training/dags/generate_data_dag.py
[2026-03-28T20:16:24.746+0000] {logging_mixin.py:190} INFO - [2026-03-28T20:16:24.745+0000] {dag.py:3239} INFO - Sync 1 DAGs
[2026-03-28T20:16:24.754+0000] {logging_mixin.py:190} INFO - [2026-03-28T20:16:24.754+0000] {dag.py:4180} INFO - Setting next_dagrun for generate_data_only to None, run_after=None
[2026-03-28T20:16:24.772+0000] {processor.py:208} INFO - Processing /home/ec2-user/environment/lab4_model_training/dags/generate_data_dag.py took 1.338 seconds
[2026-03-28T20:16:54.936+0000] {processor.py:186} INFO - Started process (PID=15908) to work on /home/ec2-user/environment/lab4_model_training/dags/generate_data_dag.py
[2026-03-28T20:16:54.937+0000] {processor.py:914} INFO - Processing file /home/ec2-user/environment/lab4_model_training/dags/generate_data_dag.py for tasks to queue
[2026-03-28T20:16:54.938+0000] {logging_mixin.py:190} INFO - [2026-03-28T20:16:54.938+0000] {dagbag.py:588} INFO - Filling up the DagBag from /home/ec2-user/environment/lab4_model_training/dags/generate_data_dag.py
[2026-03-28T20:16:56.578+0000] {processor.py:925} INFO - DAG(s) 'generate_data_only' retrieved from /home/ec2-user/environment/lab4_model_training/dags/generate_data_dag.py
[2026-03-28T20:16:56.597+0000] {logging_mixin.py:190} INFO - [2026-03-28T20:16:56.597+0000] {dag.py:3239} INFO - Sync 1 DAGs
[2026-03-28T20:16:56.611+0000] {logging_mixin.py:190} INFO - [2026-03-28T20:16:56.610+0000] {dag.py:4180} INFO - Setting next_dagrun for generate_data_only to None, run_after=None
[2026-03-28T20:16:56.634+0000] {processor.py:208} INFO - Processing /home/ec2-user/environment/lab4_model_training/dags/generate_data_dag.py took 1.703 seconds
[2026-03-28T20:17:26.749+0000] {processor.py:186} INFO - Started process (PID=15957) to work on /home/ec2-user/environment/lab4_model_training/dags/generate_data_dag.py
[2026-03-28T20:17:26.749+0000] {processor.py:914} INFO - Processing file /home/ec2-user/environment/lab4_model_training/dags/generate_data_dag.py for tasks to queue
[2026-03-28T20:17:26.750+0000] {logging_mixin.py:190} INFO - [2026-03-28T20:17:26.750+0000] {dagbag.py:588} INFO - Filling up the DagBag from /home/ec2-user/environment/lab4_model_training/dags/generate_data_dag.py
[2026-03-28T20:17:28.053+0000] {processor.py:925} INFO - DAG(s) 'generate_data_only' retrieved from /home/ec2-user/environment/lab4_model_training/dags/generate_data_dag.py
[2026-03-28T20:17:28.066+0000] {logging_mixin.py:190} INFO - [2026-03-28T20:17:28.065+0000] {dag.py:3239} INFO - Sync 1 DAGs
[2026-03-28T20:17:28.075+0000] {logging_mixin.py:190} INFO - [2026-03-28T20:17:28.075+0000] {dag.py:4180} INFO - Setting next_dagrun for generate_data_only to None, run_after=None
[2026-03-28T20:17:28.093+0000] {processor.py:208} INFO - Processing /home/ec2-user/environment/lab4_model_training/dags/generate_data_dag.py took 1.349 seconds
[2026-03-28T20:17:58.231+0000] {processor.py:186} INFO - Started process (PID=16050) to work on /home/ec2-user/environment/lab4_model_training/dags/generate_data_dag.py
[2026-03-28T20:17:58.233+0000] {processor.py:914} INFO - Processing file /home/ec2-user/environment/lab4_model_training/dags/generate_data_dag.py for tasks to queue
[2026-03-28T20:17:58.234+0000] {logging_mixin.py:190} INFO - [2026-03-28T20:17:58.234+0000] {dagbag.py:588} INFO - Filling up the DagBag from /home/ec2-user/environment/lab4_model_training/dags/generate_data_dag.py
[2026-03-28T20:18:00.216+0000] {processor.py:925} INFO - DAG(s) 'generate_data_only' retrieved from /home/ec2-user/environment/lab4_model_training/dags/generate_data_dag.py
[2026-03-28T20:18:00.234+0000] {logging_mixin.py:190} INFO - [2026-03-28T20:18:00.233+0000] {dag.py:3239} INFO - Sync 1 DAGs
[2026-03-28T20:18:00.247+0000] {logging_mixin.py:190} INFO - [2026-03-28T20:18:00.246+0000] {dag.py:4180} INFO - Setting next_dagrun for generate_data_only to None, run_after=None
[2026-03-28T20:18:00.269+0000] {processor.py:208} INFO - Processing /home/ec2-user/environment/lab4_model_training/dags/generate_data_dag.py took 2.044 seconds
[2026-03-28T20:18:30.959+0000] {processor.py:186} INFO - Started process (PID=16115) to work on /home/ec2-user/environment/lab4_model_training/dags/generate_data_dag.py
[2026-03-28T20:18:30.960+0000] {processor.py:914} INFO - Processing file /home/ec2-user/environment/lab4_model_training/dags/generate_data_dag.py for tasks to queue
[2026-03-28T20:18:30.962+0000] {logging_mixin.py:190} INFO - [2026-03-28T20:18:30.961+0000] {dagbag.py:588} INFO - Filling up the DagBag from /home/ec2-user/environment/lab4_model_training/dags/generate_data_dag.py
[2026-03-28T20:18:32.262+0000] {processor.py:925} INFO - DAG(s) 'generate_data_only' retrieved from /home/ec2-user/environment/lab4_model_training/dags/generate_data_dag.py
[2026-03-28T20:18:32.275+0000] {logging_mixin.py:190} INFO - [2026-03-28T20:18:32.274+0000] {dag.py:3239} INFO - Sync 1 DAGs
[2026-03-28T20:18:32.283+0000] {logging_mixin.py:190} INFO - [2026-03-28T20:18:32.283+0000] {dag.py:4180} INFO - Setting next_dagrun for generate_data_only to None, run_after=None
[2026-03-28T20:18:32.302+0000] {processor.py:208} INFO - Processing /home/ec2-user/environment/lab4_model_training/dags/generate_data_dag.py took 1.348 seconds
[2026-03-28T20:19:02.606+0000] {processor.py:186} INFO - Started process (PID=16154) to work on /home/ec2-user/environment/lab4_model_training/dags/generate_data_dag.py
[2026-03-28T20:19:02.607+0000] {processor.py:914} INFO - Processing file /home/ec2-user/environment/lab4_model_training/dags/generate_data_dag.py for tasks to queue
[2026-03-28T20:19:02.608+0000] {logging_mixin.py:190} INFO - [2026-03-28T20:19:02.607+0000] {dagbag.py:588} INFO - Filling up the DagBag from /home/ec2-user/environment/lab4_model_training/dags/generate_data_dag.py
[2026-03-28T20:19:03.867+0000] {processor.py:925} INFO - DAG(s) 'generate_data_only' retrieved from /home/ec2-user/environment/lab4_model_training/dags/generate_data_dag.py
[2026-03-28T20:19:03.879+0000] {logging_mixin.py:190} INFO - [2026-03-28T20:19:03.879+0000] {dag.py:3239} INFO - Sync 1 DAGs
[2026-03-28T20:19:03.888+0000] {logging_mixin.py:190} INFO - [2026-03-28T20:19:03.887+0000] {dag.py:4180} INFO - Setting next_dagrun for generate_data_only to None, run_after=None
[2026-03-28T20:19:03.905+0000] {processor.py:208} INFO - Processing /home/ec2-user/environment/lab4_model_training/dags/generate_data_dag.py took 1.304 seconds
[2026-03-28T20:19:34.727+0000] {processor.py:186} INFO - Started process (PID=16266) to work on /home/ec2-user/environment/lab4_model_training/dags/generate_data_dag.py
[2026-03-28T20:19:34.728+0000] {processor.py:914} INFO - Processing file /home/ec2-user/environment/lab4_model_training/dags/generate_data_dag.py for tasks to queue
[2026-03-28T20:19:34.730+0000] {logging_mixin.py:190} INFO - [2026-03-28T20:19:34.729+0000] {dagbag.py:588} INFO - Filling up the DagBag from /home/ec2-user/environment/lab4_model_training/dags/generate_data_dag.py
[2026-03-28T20:19:36.019+0000] {processor.py:925} INFO - DAG(s) 'generate_data_only' retrieved from /home/ec2-user/environment/lab4_model_training/dags/generate_data_dag.py
[2026-03-28T20:19:36.032+0000] {logging_mixin.py:190} INFO - [2026-03-28T20:19:36.031+0000] {dag.py:3239} INFO - Sync 1 DAGs
[2026-03-28T20:19:36.041+0000] {logging_mixin.py:190} INFO - [2026-03-28T20:19:36.041+0000] {dag.py:4180} INFO - Setting next_dagrun for generate_data_only to None, run_after=None
[2026-03-28T20:19:36.058+0000] {processor.py:208} INFO - Processing /home/ec2-user/environment/lab4_model_training/dags/generate_data_dag.py took 1.336 seconds
[2026-03-28T20:20:07.133+0000] {processor.py:186} INFO - Started process (PID=16311) to work on /home/ec2-user/environment/lab4_model_training/dags/generate_data_dag.py
[2026-03-28T20:20:07.134+0000] {processor.py:914} INFO - Processing file /home/ec2-user/environment/lab4_model_training/dags/generate_data_dag.py for tasks to queue
[2026-03-28T20:20:07.135+0000] {logging_mixin.py:190} INFO - [2026-03-28T20:20:07.135+0000] {dagbag.py:588} INFO - Filling up the DagBag from /home/ec2-user/environment/lab4_model_training/dags/generate_data_dag.py
[2026-03-28T20:20:08.416+0000] {processor.py:925} INFO - DAG(s) 'generate_data_only' retrieved from /home/ec2-user/environment/lab4_model_training/dags/generate_data_dag.py
[2026-03-28T20:20:08.429+0000] {logging_mixin.py:190} INFO - [2026-03-28T20:20:08.428+0000] {dag.py:3239} INFO - Sync 1 DAGs
[2026-03-28T20:20:08.439+0000] {logging_mixin.py:190} INFO - [2026-03-28T20:20:08.439+0000] {dag.py:4180} INFO - Setting next_dagrun for generate_data_only to None, run_after=None
[2026-03-28T20:20:08.455+0000] {processor.py:208} INFO - Processing /home/ec2-user/environment/lab4_model_training/dags/generate_data_dag.py took 1.328 seconds
[2026-03-28T20:20:39.444+0000] {processor.py:186} INFO - Started process (PID=16396) to work on /home/ec2-user/environment/lab4_model_training/dags/generate_data_dag.py
[2026-03-28T20:20:39.445+0000] {processor.py:914} INFO - Processing file /home/ec2-user/environment/lab4_model_training/dags/generate_data_dag.py for tasks to queue
[2026-03-28T20:20:39.447+0000] {logging_mixin.py:190} INFO - [2026-03-28T20:20:39.447+0000] {dagbag.py:588} INFO - Filling up the DagBag from /home/ec2-user/environment/lab4_model_training/dags/generate_data_dag.py
[2026-03-28T20:20:41.278+0000] {processor.py:925} INFO - DAG(s) 'generate_data_only' retrieved from /home/ec2-user/environment/lab4_model_training/dags/generate_data_dag.py
[2026-03-28T20:20:41.291+0000] {logging_mixin.py:190} INFO - [2026-03-28T20:20:41.290+0000] {dag.py:3239} INFO - Sync 1 DAGs
[2026-03-28T20:20:41.299+0000] {logging_mixin.py:190} INFO - [2026-03-28T20:20:41.299+0000] {dag.py:4180} INFO - Setting next_dagrun for generate_data_only to None, run_after=None
[2026-03-28T20:20:41.315+0000] {processor.py:208} INFO - Processing /home/ec2-user/environment/lab4_model_training/dags/generate_data_dag.py took 1.877 seconds
[2026-03-28T20:21:11.448+0000] {processor.py:186} INFO - Started process (PID=16444) to work on /home/ec2-user/environment/lab4_model_training/dags/generate_data_dag.py
[2026-03-28T20:21:11.449+0000] {processor.py:914} INFO - Processing file /home/ec2-user/environment/lab4_model_training/dags/generate_data_dag.py for tasks to queue
[2026-03-28T20:21:11.450+0000] {logging_mixin.py:190} INFO - [2026-03-28T20:21:11.449+0000] {dagbag.py:588} INFO - Filling up the DagBag from /home/ec2-user/environment/lab4_model_training/dags/generate_data_dag.py
[2026-03-28T20:21:12.735+0000] {processor.py:925} INFO - DAG(s) 'generate_data_only' retrieved from /home/ec2-user/environment/lab4_model_training/dags/generate_data_dag.py
[2026-03-28T20:21:12.749+0000] {logging_mixin.py:190} INFO - [2026-03-28T20:21:12.749+0000] {dag.py:3239} INFO - Sync 1 DAGs
[2026-03-28T20:21:12.758+0000] {logging_mixin.py:190} INFO - [2026-03-28T20:21:12.758+0000] {dag.py:4180} INFO - Setting next_dagrun for generate_data_only to None, run_after=None
[2026-03-28T20:21:12.775+0000] {processor.py:208} INFO - Processing /home/ec2-user/environment/lab4_model_training/dags/generate_data_dag.py took 1.333 seconds
[2026-03-28T20:21:42.899+0000] {processor.py:186} INFO - Started process (PID=16475) to work on /home/ec2-user/environment/lab4_model_training/dags/generate_data_dag.py
[2026-03-28T20:21:42.901+0000] {processor.py:914} INFO - Processing file /home/ec2-user/environment/lab4_model_training/dags/generate_data_dag.py for tasks to queue
[2026-03-28T20:21:42.902+0000] {logging_mixin.py:190} INFO - [2026-03-28T20:21:42.902+0000] {dagbag.py:588} INFO - Filling up the DagBag from /home/ec2-user/environment/lab4_model_training/dags/generate_data_dag.py
[2026-03-28T20:21:44.201+0000] {processor.py:925} INFO - DAG(s) 'generate_data_only' retrieved from /home/ec2-user/environment/lab4_model_training/dags/generate_data_dag.py
[2026-03-28T20:21:44.214+0000] {logging_mixin.py:190} INFO - [2026-03-28T20:21:44.214+0000] {dag.py:3239} INFO - Sync 1 DAGs
[2026-03-28T20:21:44.223+0000] {logging_mixin.py:190} INFO - [2026-03-28T20:21:44.223+0000] {dag.py:4180} INFO - Setting next_dagrun for generate_data_only to None, run_after=None
[2026-03-28T20:21:44.240+0000] {processor.py:208} INFO - Processing /home/ec2-user/environment/lab4_model_training/dags/generate_data_dag.py took 1.346 seconds
[2026-03-28T20:22:14.440+0000] {processor.py:186} INFO - Started process (PID=16513) to work on /home/ec2-user/environment/lab4_model_training/dags/generate_data_dag.py
[2026-03-28T20:22:14.442+0000] {processor.py:914} INFO - Processing file /home/ec2-user/environment/lab4_model_training/dags/generate_data_dag.py for tasks to queue
[2026-03-28T20:22:14.443+0000] {logging_mixin.py:190} INFO - [2026-03-28T20:22:14.442+0000] {dagbag.py:588} INFO - Filling up the DagBag from /home/ec2-user/environment/lab4_model_training/dags/generate_data_dag.py
[2026-03-28T20:22:15.735+0000] {processor.py:925} INFO - DAG(s) 'generate_data_only' retrieved from /home/ec2-user/environment/lab4_model_training/dags/generate_data_dag.py
[2026-03-28T20:22:15.748+0000] {logging_mixin.py:190} INFO - [2026-03-28T20:22:15.747+0000] {dag.py:3239} INFO - Sync 1 DAGs
[2026-03-28T20:22:15.757+0000] {logging_mixin.py:190} INFO - [2026-03-28T20:22:15.756+0000] {dag.py:4180} INFO - Setting next_dagrun for generate_data_only to None, run_after=None
[2026-03-28T20:22:15.774+0000] {processor.py:208} INFO - Processing /home/ec2-user/environment/lab4_model_training/dags/generate_data_dag.py took 1.339 seconds
[2026-03-28T20:22:45.979+0000] {processor.py:186} INFO - Started process (PID=16589) to work on /home/ec2-user/environment/lab4_model_training/dags/generate_data_dag.py
[2026-03-28T20:22:45.980+0000] {processor.py:914} INFO - Processing file /home/ec2-user/environment/lab4_model_training/dags/generate_data_dag.py for tasks to queue
[2026-03-28T20:22:45.981+0000] {logging_mixin.py:190} INFO - [2026-03-28T20:22:45.981+0000] {dagbag.py:588} INFO - Filling up the DagBag from /home/ec2-user/environment/lab4_model_training/dags/generate_data_dag.py
[2026-03-28T20:22:47.280+0000] {processor.py:925} INFO - DAG(s) 'generate_data_only' retrieved from /home/ec2-user/environment/lab4_model_training/dags/generate_data_dag.py
[2026-03-28T20:22:47.293+0000] {logging_mixin.py:190} INFO - [2026-03-28T20:22:47.293+0000] {dag.py:3239} INFO - Sync 1 DAGs
[2026-03-28T20:22:47.302+0000] {logging_mixin.py:190} INFO - [2026-03-28T20:22:47.302+0000] {dag.py:4180} INFO - Setting next_dagrun for generate_data_only to None, run_after=None
[2026-03-28T20:22:47.320+0000] {processor.py:208} INFO - Processing /home/ec2-user/environment/lab4_model_training/dags/generate_data_dag.py took 1.346 seconds
[2026-03-28T20:23:20.533+0000] {processor.py:186} INFO - Started process (PID=16640) to work on /home/ec2-user/environment/lab4_model_training/dags/generate_data_dag.py
[2026-03-28T20:23:20.534+0000] {processor.py:914} INFO - Processing file /home/ec2-user/environment/lab4_model_training/dags/generate_data_dag.py for tasks to queue
[2026-03-28T20:23:20.536+0000] {logging_mixin.py:190} INFO - [2026-03-28T20:23:20.536+0000] {dagbag.py:588} INFO - Filling up the DagBag from /home/ec2-user/environment/lab4_model_training/dags/generate_data_dag.py
[2026-03-28T20:23:21.812+0000] {processor.py:925} INFO - DAG(s) 'generate_data_only' retrieved from /home/ec2-user/environment/lab4_model_training/dags/generate_data_dag.py
[2026-03-28T20:23:21.825+0000] {logging_mixin.py:190} INFO - [2026-03-28T20:23:21.825+0000] {dag.py:3239} INFO - Sync 1 DAGs
[2026-03-28T20:23:21.836+0000] {logging_mixin.py:190} INFO - [2026-03-28T20:23:21.836+0000] {dag.py:4180} INFO - Setting next_dagrun for generate_data_only to None, run_after=None
[2026-03-28T20:23:21.853+0000] {processor.py:208} INFO - Processing /home/ec2-user/environment/lab4_model_training/dags/generate_data_dag.py took 1.325 seconds
[2026-03-28T20:23:52.637+0000] {processor.py:186} INFO - Started process (PID=16740) to work on /home/ec2-user/environment/lab4_model_training/dags/generate_data_dag.py
[2026-03-28T20:23:52.637+0000] {processor.py:914} INFO - Processing file /home/ec2-user/environment/lab4_model_training/dags/generate_data_dag.py for tasks to queue
[2026-03-28T20:23:52.638+0000] {logging_mixin.py:190} INFO - [2026-03-28T20:23:52.638+0000] {dagbag.py:588} INFO - Filling up the DagBag from /home/ec2-user/environment/lab4_model_training/dags/generate_data_dag.py
[2026-03-28T20:23:54.343+0000] {processor.py:925} INFO - DAG(s) 'generate_data_only' retrieved from /home/ec2-user/environment/lab4_model_training/dags/generate_data_dag.py
[2026-03-28T20:23:54.361+0000] {logging_mixin.py:190} INFO - [2026-03-28T20:23:54.360+0000] {dag.py:3239} INFO - Sync 1 DAGs
[2026-03-28T20:23:54.376+0000] {logging_mixin.py:190} INFO - [2026-03-28T20:23:54.375+0000] {dag.py:4180} INFO - Setting next_dagrun for generate_data_only to None, run_after=None
[2026-03-28T20:23:54.397+0000] {processor.py:208} INFO - Processing /home/ec2-user/environment/lab4_model_training/dags/generate_data_dag.py took 1.766 seconds
[2026-03-28T20:24:24.540+0000] {processor.py:186} INFO - Started process (PID=16795) to work on /home/ec2-user/environment/lab4_model_training/dags/generate_data_dag.py
[2026-03-28T20:24:24.542+0000] {processor.py:914} INFO - Processing file /home/ec2-user/environment/lab4_model_training/dags/generate_data_dag.py for tasks to queue
[2026-03-28T20:24:24.543+0000] {logging_mixin.py:190} INFO - [2026-03-28T20:24:24.542+0000] {dagbag.py:588} INFO - Filling up the DagBag from /home/ec2-user/environment/lab4_model_training/dags/generate_data_dag.py
[2026-03-28T20:24:25.830+0000] {processor.py:925} INFO - DAG(s) 'generate_data_only' retrieved from /home/ec2-user/environment/lab4_model_training/dags/generate_data_dag.py
[2026-03-28T20:24:25.842+0000] {logging_mixin.py:190} INFO - [2026-03-28T20:24:25.842+0000] {dag.py:3239} INFO - Sync 1 DAGs
[2026-03-28T20:24:25.852+0000] {logging_mixin.py:190} INFO - [2026-03-28T20:24:25.852+0000] {dag.py:4180} INFO - Setting next_dagrun for generate_data_only to None, run_after=None
[2026-03-28T20:24:25.868+0000] {processor.py:208} INFO - Processing /home/ec2-user/environment/lab4_model_training/dags/generate_data_dag.py took 1.333 seconds
[2026-03-28T20:24:56.037+0000] {processor.py:186} INFO - Started process (PID=16824) to work on /home/ec2-user/environment/lab4_model_training/dags/generate_data_dag.py
[2026-03-28T20:24:56.038+0000] {processor.py:914} INFO - Processing file /home/ec2-user/environment/lab4_model_training/dags/generate_data_dag.py for tasks to queue
[2026-03-28T20:24:56.039+0000] {logging_mixin.py:190} INFO - [2026-03-28T20:24:56.039+0000] {dagbag.py:588} INFO - Filling up the DagBag from /home/ec2-user/environment/lab4_model_training/dags/generate_data_dag.py
[2026-03-28T20:24:57.285+0000] {processor.py:925} INFO - DAG(s) 'generate_data_only' retrieved from /home/ec2-user/environment/lab4_model_training/dags/generate_data_dag.py
[2026-03-28T20:24:57.299+0000] {logging_mixin.py:190} INFO - [2026-03-28T20:24:57.298+0000] {dag.py:3239} INFO - Sync 1 DAGs
[2026-03-28T20:24:57.307+0000] {logging_mixin.py:190} INFO - [2026-03-28T20:24:57.307+0000] {dag.py:4180} INFO - Setting next_dagrun for generate_data_only to None, run_after=None
[2026-03-28T20:24:57.324+0000] {processor.py:208} INFO - Processing /home/ec2-user/environment/lab4_model_training/dags/generate_data_dag.py took 1.292 seconds
[2026-03-28T20:25:27.436+0000] {processor.py:186} INFO - Started process (PID=16874) to work on /home/ec2-user/environment/lab4_model_training/dags/generate_data_dag.py
[2026-03-28T20:25:27.438+0000] {processor.py:914} INFO - Processing file /home/ec2-user/environment/lab4_model_training/dags/generate_data_dag.py for tasks to queue
[2026-03-28T20:25:27.439+0000] {logging_mixin.py:190} INFO - [2026-03-28T20:25:27.438+0000] {dagbag.py:588} INFO - Filling up the DagBag from /home/ec2-user/environment/lab4_model_training/dags/generate_data_dag.py
[2026-03-28T20:25:29.388+0000] {processor.py:925} INFO - DAG(s) 'generate_data_only' retrieved from /home/ec2-user/environment/lab4_model_training/dags/generate_data_dag.py
[2026-03-28T20:25:29.408+0000] {logging_mixin.py:190} INFO - [2026-03-28T20:25:29.408+0000] {dag.py:3239} INFO - Sync 1 DAGs
[2026-03-28T20:25:29.422+0000] {logging_mixin.py:190} INFO - [2026-03-28T20:25:29.422+0000] {dag.py:4180} INFO - Setting next_dagrun for generate_data_only to None, run_after=None
[2026-03-28T20:25:29.444+0000] {processor.py:208} INFO - Processing /home/ec2-user/environment/lab4_model_training/dags/generate_data_dag.py took 2.012 seconds
[2026-03-28T20:25:59.566+0000] {processor.py:186} INFO - Started process (PID=16959) to work on /home/ec2-user/environment/lab4_model_training/dags/generate_data_dag.py
[2026-03-28T20:25:59.566+0000] {processor.py:914} INFO - Processing file /home/ec2-user/environment/lab4_model_training/dags/generate_data_dag.py for tasks to queue
[2026-03-28T20:25:59.567+0000] {logging_mixin.py:190} INFO - [2026-03-28T20:25:59.567+0000] {dagbag.py:588} INFO - Filling up the DagBag from /home/ec2-user/environment/lab4_model_training/dags/generate_data_dag.py
[2026-03-28T20:26:00.808+0000] {processor.py:925} INFO - DAG(s) 'generate_data_only' retrieved from /home/ec2-user/environment/lab4_model_training/dags/generate_data_dag.py
[2026-03-28T20:26:00.820+0000] {logging_mixin.py:190} INFO - [2026-03-28T20:26:00.820+0000] {dag.py:3239} INFO - Sync 1 DAGs
[2026-03-28T20:26:00.829+0000] {logging_mixin.py:190} INFO - [2026-03-28T20:26:00.829+0000] {dag.py:4180} INFO - Setting next_dagrun for generate_data_only to None, run_after=None
[2026-03-28T20:26:00.845+0000] {processor.py:208} INFO - Processing /home/ec2-user/environment/lab4_model_training/dags/generate_data_dag.py took 1.285 seconds
[2026-03-28T20:26:30.960+0000] {processor.py:186} INFO - Started process (PID=17006) to work on /home/ec2-user/environment/lab4_model_training/dags/generate_data_dag.py
[2026-03-28T20:26:30.962+0000] {processor.py:914} INFO - Processing file /home/ec2-user/environment/lab4_model_training/dags/generate_data_dag.py for tasks to queue
[2026-03-28T20:26:30.963+0000] {logging_mixin.py:190} INFO - [2026-03-28T20:26:30.962+0000] {dagbag.py:588} INFO - Filling up the DagBag from /home/ec2-user/environment/lab4_model_training/dags/generate_data_dag.py
[2026-03-28T20:26:32.238+0000] {processor.py:925} INFO - DAG(s) 'generate_data_only' retrieved from /home/ec2-user/environment/lab4_model_training/dags/generate_data_dag.py
[2026-03-28T20:26:32.250+0000] {logging_mixin.py:190} INFO - [2026-03-28T20:26:32.249+0000] {dag.py:3239} INFO - Sync 1 DAGs
[2026-03-28T20:26:32.258+0000] {logging_mixin.py:190} INFO - [2026-03-28T20:26:32.258+0000] {dag.py:4180} INFO - Setting next_dagrun for generate_data_only to None, run_after=None
[2026-03-28T20:26:32.274+0000] {processor.py:208} INFO - Processing /home/ec2-user/environment/lab4_model_training/dags/generate_data_dag.py took 1.319 seconds
[2026-03-28T20:27:02.459+0000] {processor.py:186} INFO - Started process (PID=17116) to work on /home/ec2-user/environment/lab4_model_training/dags/generate_data_dag.py
[2026-03-28T20:27:02.460+0000] {processor.py:914} INFO - Processing file /home/ec2-user/environment/lab4_model_training/dags/generate_data_dag.py for tasks to queue
[2026-03-28T20:27:02.461+0000] {logging_mixin.py:190} INFO - [2026-03-28T20:27:02.460+0000] {dagbag.py:588} INFO - Filling up the DagBag from /home/ec2-user/environment/lab4_model_training/dags/generate_data_dag.py
[2026-03-28T20:27:03.893+0000] {processor.py:925} INFO - DAG(s) 'generate_data_only' retrieved from /home/ec2-user/environment/lab4_model_training/dags/generate_data_dag.py
[2026-03-28T20:27:03.911+0000] {logging_mixin.py:190} INFO - [2026-03-28T20:27:03.911+0000] {dag.py:3239} INFO - Sync 1 DAGs
[2026-03-28T20:27:03.925+0000] {logging_mixin.py:190} INFO - [2026-03-28T20:27:03.925+0000] {dag.py:4180} INFO - Setting next_dagrun for generate_data_only to None, run_after=None
[2026-03-28T20:27:03.963+0000] {processor.py:208} INFO - Processing /home/ec2-user/environment/lab4_model_training/dags/generate_data_dag.py took 1.510 seconds
[2026-03-28T20:27:34.162+0000] {processor.py:186} INFO - Started process (PID=17158) to work on /home/ec2-user/environment/lab4_model_training/dags/generate_data_dag.py
[2026-03-28T20:27:34.163+0000] {processor.py:914} INFO - Processing file /home/ec2-user/environment/lab4_model_training/dags/generate_data_dag.py for tasks to queue
[2026-03-28T20:27:34.164+0000] {logging_mixin.py:190} INFO - [2026-03-28T20:27:34.163+0000] {dagbag.py:588} INFO - Filling up the DagBag from /home/ec2-user/environment/lab4_model_training/dags/generate_data_dag.py
[2026-03-28T20:27:35.443+0000] {processor.py:925} INFO - DAG(s) 'generate_data_only' retrieved from /home/ec2-user/environment/lab4_model_training/dags/generate_data_dag.py
[2026-03-28T20:27:35.455+0000] {logging_mixin.py:190} INFO - [2026-03-28T20:27:35.455+0000] {dag.py:3239} INFO - Sync 1 DAGs
[2026-03-28T20:27:35.464+0000] {logging_mixin.py:190} INFO - [2026-03-28T20:27:35.463+0000] {dag.py:4180} INFO - Setting next_dagrun for generate_data_only to None, run_after=None
[2026-03-28T20:27:35.481+0000] {processor.py:208} INFO - Processing /home/ec2-user/environment/lab4_model_training/dags/generate_data_dag.py took 1.324 seconds
[2026-03-28T20:28:05.660+0000] {processor.py:186} INFO - Started process (PID=17206) to work on /home/ec2-user/environment/lab4_model_training/dags/generate_data_dag.py
[2026-03-28T20:28:05.661+0000] {processor.py:914} INFO - Processing file /home/ec2-user/environment/lab4_model_training/dags/generate_data_dag.py for tasks to queue
[2026-03-28T20:28:05.662+0000] {logging_mixin.py:190} INFO - [2026-03-28T20:28:05.662+0000] {dagbag.py:588} INFO - Filling up the DagBag from /home/ec2-user/environment/lab4_model_training/dags/generate_data_dag.py
[2026-03-28T20:28:06.943+0000] {processor.py:925} INFO - DAG(s) 'generate_data_only' retrieved from /home/ec2-user/environment/lab4_model_training/dags/generate_data_dag.py
[2026-03-28T20:28:06.956+0000] {logging_mixin.py:190} INFO - [2026-03-28T20:28:06.955+0000] {dag.py:3239} INFO - Sync 1 DAGs
[2026-03-28T20:28:06.966+0000] {logging_mixin.py:190} INFO - [2026-03-28T20:28:06.966+0000] {dag.py:4180} INFO - Setting next_dagrun for generate_data_only to None, run_after=None
[2026-03-28T20:28:06.984+0000] {processor.py:208} INFO - Processing /home/ec2-user/environment/lab4_model_training/dags/generate_data_dag.py took 1.330 seconds
[2026-03-28T20:28:37.157+0000] {processor.py:186} INFO - Started process (PID=17283) to work on /home/ec2-user/environment/lab4_model_training/dags/generate_data_dag.py
[2026-03-28T20:28:37.158+0000] {processor.py:914} INFO - Processing file /home/ec2-user/environment/lab4_model_training/dags/generate_data_dag.py for tasks to queue
[2026-03-28T20:28:37.159+0000] {logging_mixin.py:190} INFO - [2026-03-28T20:28:37.159+0000] {dagbag.py:588} INFO - Filling up the DagBag from /home/ec2-user/environment/lab4_model_training/dags/generate_data_dag.py
[2026-03-28T20:28:38.433+0000] {processor.py:925} INFO - DAG(s) 'generate_data_only' retrieved from /home/ec2-user/environment/lab4_model_training/dags/generate_data_dag.py
[2026-03-28T20:28:38.445+0000] {logging_mixin.py:190} INFO - [2026-03-28T20:28:38.445+0000] {dag.py:3239} INFO - Sync 1 DAGs
[2026-03-28T20:28:38.454+0000] {logging_mixin.py:190} INFO - [2026-03-28T20:28:38.454+0000] {dag.py:4180} INFO - Setting next_dagrun for generate_data_only to None, run_after=None
[2026-03-28T20:28:38.470+0000] {processor.py:208} INFO - Processing /home/ec2-user/environment/lab4_model_training/dags/generate_data_dag.py took 1.318 seconds
[2026-03-28T20:29:08.653+0000] {processor.py:186} INFO - Started process (PID=17333) to work on /home/ec2-user/environment/lab4_model_training/dags/generate_data_dag.py
[2026-03-28T20:29:08.654+0000] {processor.py:914} INFO - Processing file /home/ec2-user/environment/lab4_model_training/dags/generate_data_dag.py for tasks to queue
[2026-03-28T20:29:08.655+0000] {logging_mixin.py:190} INFO - [2026-03-28T20:29:08.655+0000] {dagbag.py:588} INFO - Filling up the DagBag from /home/ec2-user/environment/lab4_model_training/dags/generate_data_dag.py
[2026-03-28T20:29:09.909+0000] {processor.py:925} INFO - DAG(s) 'generate_data_only' retrieved from /home/ec2-user/environment/lab4_model_training/dags/generate_data_dag.py
[2026-03-28T20:29:09.923+0000] {logging_mixin.py:190} INFO - [2026-03-28T20:29:09.922+0000] {dag.py:3239} INFO - Sync 1 DAGs
[2026-03-28T20:29:09.931+0000] {logging_mixin.py:190} INFO - [2026-03-28T20:29:09.931+0000] {dag.py:4180} INFO - Setting next_dagrun for generate_data_only to None, run_after=None
[2026-03-28T20:29:09.948+0000] {processor.py:208} INFO - Processing /home/ec2-user/environment/lab4_model_training/dags/generate_data_dag.py took 1.301 seconds
[2026-03-28T20:29:40.149+0000] {processor.py:186} INFO - Started process (PID=17362) to work on /home/ec2-user/environment/lab4_model_training/dags/generate_data_dag.py
[2026-03-28T20:29:40.150+0000] {processor.py:914} INFO - Processing file /home/ec2-user/environment/lab4_model_training/dags/generate_data_dag.py for tasks to queue
[2026-03-28T20:29:40.151+0000] {logging_mixin.py:190} INFO - [2026-03-28T20:29:40.151+0000] {dagbag.py:588} INFO - Filling up the DagBag from /home/ec2-user/environment/lab4_model_training/dags/generate_data_dag.py
[2026-03-28T20:29:41.378+0000] {processor.py:925} INFO - DAG(s) 'generate_data_only' retrieved from /home/ec2-user/environment/lab4_model_training/dags/generate_data_dag.py
[2026-03-28T20:29:41.391+0000] {logging_mixin.py:190} INFO - [2026-03-28T20:29:41.391+0000] {dag.py:3239} INFO - Sync 1 DAGs
[2026-03-28T20:29:41.399+0000] {logging_mixin.py:190} INFO - [2026-03-28T20:29:41.399+0000] {dag.py:4180} INFO - Setting next_dagrun for generate_data_only to None, run_after=None
[2026-03-28T20:29:41.415+0000] {processor.py:208} INFO - Processing /home/ec2-user/environment/lab4_model_training/dags/generate_data_dag.py took 1.271 seconds
[2026-03-28T20:30:11.544+0000] {processor.py:186} INFO - Started process (PID=17532) to work on /home/ec2-user/environment/lab4_model_training/dags/generate_data_dag.py
[2026-03-28T20:30:11.545+0000] {processor.py:914} INFO - Processing file /home/ec2-user/environment/lab4_model_training/dags/generate_data_dag.py for tasks to queue
[2026-03-28T20:30:11.547+0000] {logging_mixin.py:190} INFO - [2026-03-28T20:30:11.547+0000] {dagbag.py:588} INFO - Filling up the DagBag from /home/ec2-user/environment/lab4_model_training/dags/generate_data_dag.py
[2026-03-28T20:30:12.913+0000] {processor.py:925} INFO - DAG(s) 'generate_data_only' retrieved from /home/ec2-user/environment/lab4_model_training/dags/generate_data_dag.py
[2026-03-28T20:30:12.927+0000] {logging_mixin.py:190} INFO - [2026-03-28T20:30:12.927+0000] {dag.py:3239} INFO - Sync 1 DAGs
[2026-03-28T20:30:12.936+0000] {logging_mixin.py:190} INFO - [2026-03-28T20:30:12.936+0000] {dag.py:4180} INFO - Setting next_dagrun for generate_data_only to None, run_after=None
[2026-03-28T20:30:12.953+0000] {processor.py:208} INFO - Processing /home/ec2-user/environment/lab4_model_training/dags/generate_data_dag.py took 1.413 seconds
[2026-03-28T20:30:44.273+0000] {processor.py:186} INFO - Started process (PID=17579) to work on /home/ec2-user/environment/lab4_model_training/dags/generate_data_dag.py
[2026-03-28T20:30:44.274+0000] {processor.py:914} INFO - Processing file /home/ec2-user/environment/lab4_model_training/dags/generate_data_dag.py for tasks to queue
[2026-03-28T20:30:44.275+0000] {logging_mixin.py:190} INFO - [2026-03-28T20:30:44.274+0000] {dagbag.py:588} INFO - Filling up the DagBag from /home/ec2-user/environment/lab4_model_training/dags/generate_data_dag.py
[2026-03-28T20:30:45.527+0000] {processor.py:925} INFO - DAG(s) 'generate_data_only' retrieved from /home/ec2-user/environment/lab4_model_training/dags/generate_data_dag.py
[2026-03-28T20:30:45.539+0000] {logging_mixin.py:190} INFO - [2026-03-28T20:30:45.538+0000] {dag.py:3239} INFO - Sync 1 DAGs
[2026-03-28T20:30:45.547+0000] {logging_mixin.py:190} INFO - [2026-03-28T20:30:45.547+0000] {dag.py:4180} INFO - Setting next_dagrun for generate_data_only to None, run_after=None
[2026-03-28T20:30:45.564+0000] {processor.py:208} INFO - Processing /home/ec2-user/environment/lab4_model_training/dags/generate_data_dag.py took 1.297 seconds
[2026-03-28T20:31:15.790+0000] {processor.py:186} INFO - Started process (PID=17617) to work on /home/ec2-user/environment/lab4_model_training/dags/generate_data_dag.py
[2026-03-28T20:31:15.790+0000] {processor.py:914} INFO - Processing file /home/ec2-user/environment/lab4_model_training/dags/generate_data_dag.py for tasks to queue
[2026-03-28T20:31:15.792+0000] {logging_mixin.py:190} INFO - [2026-03-28T20:31:15.792+0000] {dagbag.py:588} INFO - Filling up the DagBag from /home/ec2-user/environment/lab4_model_training/dags/generate_data_dag.py
[2026-03-28T20:31:17.065+0000] {processor.py:925} INFO - DAG(s) 'generate_data_only' retrieved from /home/ec2-user/environment/lab4_model_training/dags/generate_data_dag.py
[2026-03-28T20:31:17.078+0000] {logging_mixin.py:190} INFO - [2026-03-28T20:31:17.078+0000] {dag.py:3239} INFO - Sync 1 DAGs
[2026-03-28T20:31:17.087+0000] {logging_mixin.py:190} INFO - [2026-03-28T20:31:17.086+0000] {dag.py:4180} INFO - Setting next_dagrun for generate_data_only to None, run_after=None
[2026-03-28T20:31:17.103+0000] {processor.py:208} INFO - Processing /home/ec2-user/environment/lab4_model_training/dags/generate_data_dag.py took 1.318 seconds
[2026-03-28T20:31:47.347+0000] {processor.py:186} INFO - Started process (PID=17695) to work on /home/ec2-user/environment/lab4_model_training/dags/generate_data_dag.py
[2026-03-28T20:31:47.348+0000] {processor.py:914} INFO - Processing file /home/ec2-user/environment/lab4_model_training/dags/generate_data_dag.py for tasks to queue
[2026-03-28T20:31:47.350+0000] {logging_mixin.py:190} INFO - [2026-03-28T20:31:47.350+0000] {dagbag.py:588} INFO - Filling up the DagBag from /home/ec2-user/environment/lab4_model_training/dags/generate_data_dag.py
[2026-03-28T20:31:48.634+0000] {processor.py:925} INFO - DAG(s) 'generate_data_only' retrieved from /home/ec2-user/environment/lab4_model_training/dags/generate_data_dag.py
[2026-03-28T20:31:48.647+0000] {logging_mixin.py:190} INFO - [2026-03-28T20:31:48.647+0000] {dag.py:3239} INFO - Sync 1 DAGs
[2026-03-28T20:31:48.656+0000] {logging_mixin.py:190} INFO - [2026-03-28T20:31:48.656+0000] {dag.py:4180} INFO - Setting next_dagrun for generate_data_only to None, run_after=None
[2026-03-28T20:31:48.675+0000] {processor.py:208} INFO - Processing /home/ec2-user/environment/lab4_model_training/dags/generate_data_dag.py took 1.333 seconds
[2026-03-28T20:32:18.939+0000] {processor.py:186} INFO - Started process (PID=17733) to work on /home/ec2-user/environment/lab4_model_training/dags/generate_data_dag.py
[2026-03-28T20:32:18.940+0000] {processor.py:914} INFO - Processing file /home/ec2-user/environment/lab4_model_training/dags/generate_data_dag.py for tasks to queue
[2026-03-28T20:32:18.941+0000] {logging_mixin.py:190} INFO - [2026-03-28T20:32:18.941+0000] {dagbag.py:588} INFO - Filling up the DagBag from /home/ec2-user/environment/lab4_model_training/dags/generate_data_dag.py
[2026-03-28T20:32:20.217+0000] {processor.py:925} INFO - DAG(s) 'generate_data_only' retrieved from /home/ec2-user/environment/lab4_model_training/dags/generate_data_dag.py
[2026-03-28T20:32:20.230+0000] {logging_mixin.py:190} INFO - [2026-03-28T20:32:20.229+0000] {dag.py:3239} INFO - Sync 1 DAGs
[2026-03-28T20:32:20.240+0000] {logging_mixin.py:190} INFO - [2026-03-28T20:32:20.240+0000] {dag.py:4180} INFO - Setting next_dagrun for generate_data_only to None, run_after=None
[2026-03-28T20:32:20.258+0000] {processor.py:208} INFO - Processing /home/ec2-user/environment/lab4_model_training/dags/generate_data_dag.py took 1.324 seconds
[2026-03-28T20:32:50.393+0000] {processor.py:186} INFO - Started process (PID=17759) to work on /home/ec2-user/environment/lab4_model_training/dags/generate_data_dag.py
[2026-03-28T20:32:50.394+0000] {processor.py:914} INFO - Processing file /home/ec2-user/environment/lab4_model_training/dags/generate_data_dag.py for tasks to queue
[2026-03-28T20:32:50.396+0000] {logging_mixin.py:190} INFO - [2026-03-28T20:32:50.396+0000] {dagbag.py:588} INFO - Filling up the DagBag from /home/ec2-user/environment/lab4_model_training/dags/generate_data_dag.py
[2026-03-28T20:32:51.716+0000] {processor.py:925} INFO - DAG(s) 'generate_data_only' retrieved from /home/ec2-user/environment/lab4_model_training/dags/generate_data_dag.py
[2026-03-28T20:32:51.729+0000] {logging_mixin.py:190} INFO - [2026-03-28T20:32:51.728+0000] {dag.py:3239} INFO - Sync 1 DAGs
[2026-03-28T20:32:51.739+0000] {logging_mixin.py:190} INFO - [2026-03-28T20:32:51.739+0000] {dag.py:4180} INFO - Setting next_dagrun for generate_data_only to None, run_after=None
[2026-03-28T20:32:51.757+0000] {processor.py:208} INFO - Processing /home/ec2-user/environment/lab4_model_training/dags/generate_data_dag.py took 1.370 seconds
[2026-03-28T20:33:22.058+0000] {processor.py:186} INFO - Started process (PID=17800) to work on /home/ec2-user/environment/lab4_model_training/dags/generate_data_dag.py
[2026-03-28T20:33:22.058+0000] {processor.py:914} INFO - Processing file /home/ec2-user/environment/lab4_model_training/dags/generate_data_dag.py for tasks to queue
[2026-03-28T20:33:22.059+0000] {logging_mixin.py:190} INFO - [2026-03-28T20:33:22.059+0000] {dagbag.py:588} INFO - Filling up the DagBag from /home/ec2-user/environment/lab4_model_training/dags/generate_data_dag.py
[2026-03-28T20:33:23.393+0000] {processor.py:925} INFO - DAG(s) 'generate_data_only' retrieved from /home/ec2-user/environment/lab4_model_training/dags/generate_data_dag.py
[2026-03-28T20:33:23.408+0000] {logging_mixin.py:190} INFO - [2026-03-28T20:33:23.407+0000] {dag.py:3239} INFO - Sync 1 DAGs
[2026-03-28T20:33:23.417+0000] {logging_mixin.py:190} INFO - [2026-03-28T20:33:23.417+0000] {dag.py:4180} INFO - Setting next_dagrun for generate_data_only to None, run_after=None
[2026-03-28T20:33:23.435+0000] {processor.py:208} INFO - Processing /home/ec2-user/environment/lab4_model_training/dags/generate_data_dag.py took 1.383 seconds
[2026-03-28T20:33:53.660+0000] {processor.py:186} INFO - Started process (PID=17893) to work on /home/ec2-user/environment/lab4_model_training/dags/generate_data_dag.py
[2026-03-28T20:33:53.661+0000] {processor.py:914} INFO - Processing file /home/ec2-user/environment/lab4_model_training/dags/generate_data_dag.py for tasks to queue
[2026-03-28T20:33:53.662+0000] {logging_mixin.py:190} INFO - [2026-03-28T20:33:53.662+0000] {dagbag.py:588} INFO - Filling up the DagBag from /home/ec2-user/environment/lab4_model_training/dags/generate_data_dag.py
[2026-03-28T20:33:54.955+0000] {processor.py:925} INFO - DAG(s) 'generate_data_only' retrieved from /home/ec2-user/environment/lab4_model_training/dags/generate_data_dag.py
[2026-03-28T20:33:54.969+0000] {logging_mixin.py:190} INFO - [2026-03-28T20:33:54.969+0000] {dag.py:3239} INFO - Sync 1 DAGs
[2026-03-28T20:33:54.978+0000] {logging_mixin.py:190} INFO - [2026-03-28T20:33:54.978+0000] {dag.py:4180} INFO - Setting next_dagrun for generate_data_only to None, run_after=None
[2026-03-28T20:33:54.996+0000] {processor.py:208} INFO - Processing /home/ec2-user/environment/lab4_model_training/dags/generate_data_dag.py took 1.342 seconds
[2026-03-28T20:34:25.214+0000] {processor.py:186} INFO - Started process (PID=17920) to work on /home/ec2-user/environment/lab4_model_training/dags/generate_data_dag.py
[2026-03-28T20:34:25.215+0000] {processor.py:914} INFO - Processing file /home/ec2-user/environment/lab4_model_training/dags/generate_data_dag.py for tasks to queue
[2026-03-28T20:34:25.216+0000] {logging_mixin.py:190} INFO - [2026-03-28T20:34:25.216+0000] {dagbag.py:588} INFO - Filling up the DagBag from /home/ec2-user/environment/lab4_model_training/dags/generate_data_dag.py
[2026-03-28T20:34:26.546+0000] {processor.py:925} INFO - DAG(s) 'generate_data_only' retrieved from /home/ec2-user/environment/lab4_model_training/dags/generate_data_dag.py
[2026-03-28T20:34:26.560+0000] {logging_mixin.py:190} INFO - [2026-03-28T20:34:26.559+0000] {dag.py:3239} INFO - Sync 1 DAGs
[2026-03-28T20:34:26.569+0000] {logging_mixin.py:190} INFO - [2026-03-28T20:34:26.569+0000] {dag.py:4180} INFO - Setting next_dagrun for generate_data_only to None, run_after=None
[2026-03-28T20:34:26.587+0000] {processor.py:208} INFO - Processing /home/ec2-user/environment/lab4_model_training/dags/generate_data_dag.py took 1.379 seconds
[2026-03-28T20:34:56.872+0000] {processor.py:186} INFO - Started process (PID=17933) to work on /home/ec2-user/environment/lab4_model_training/dags/generate_data_dag.py
[2026-03-28T20:34:56.874+0000] {processor.py:914} INFO - Processing file /home/ec2-user/environment/lab4_model_training/dags/generate_data_dag.py for tasks to queue
[2026-03-28T20:34:56.875+0000] {logging_mixin.py:190} INFO - [2026-03-28T20:34:56.874+0000] {dagbag.py:588} INFO - Filling up the DagBag from /home/ec2-user/environment/lab4_model_training/dags/generate_data_dag.py
[2026-03-28T20:34:58.173+0000] {processor.py:925} INFO - DAG(s) 'generate_data_only' retrieved from /home/ec2-user/environment/lab4_model_training/dags/generate_data_dag.py
[2026-03-28T20:34:58.186+0000] {logging_mixin.py:190} INFO - [2026-03-28T20:34:58.186+0000] {dag.py:3239} INFO - Sync 1 DAGs
[2026-03-28T20:34:58.195+0000] {logging_mixin.py:190} INFO - [2026-03-28T20:34:58.195+0000] {dag.py:4180} INFO - Setting next_dagrun for generate_data_only to None, run_after=None
[2026-03-28T20:34:58.213+0000] {processor.py:208} INFO - Processing /home/ec2-user/environment/lab4_model_training/dags/generate_data_dag.py took 1.347 seconds
[2026-03-28T20:35:28.347+0000] {processor.py:186} INFO - Started process (PID=17957) to work on /home/ec2-user/environment/lab4_model_training/dags/generate_data_dag.py
[2026-03-28T20:35:28.348+0000] {processor.py:914} INFO - Processing file /home/ec2-user/environment/lab4_model_training/dags/generate_data_dag.py for tasks to queue
[2026-03-28T20:35:28.349+0000] {logging_mixin.py:190} INFO - [2026-03-28T20:35:28.349+0000] {dagbag.py:588} INFO - Filling up the DagBag from /home/ec2-user/environment/lab4_model_training/dags/generate_data_dag.py
[2026-03-28T20:35:29.635+0000] {processor.py:925} INFO - DAG(s) 'generate_data_only' retrieved from /home/ec2-user/environment/lab4_model_training/dags/generate_data_dag.py
[2026-03-28T20:35:29.648+0000] {logging_mixin.py:190} INFO - [2026-03-28T20:35:29.648+0000] {dag.py:3239} INFO - Sync 1 DAGs
[2026-03-28T20:35:29.657+0000] {logging_mixin.py:190} INFO - [2026-03-28T20:35:29.657+0000] {dag.py:4180} INFO - Setting next_dagrun for generate_data_only to None, run_after=None
[2026-03-28T20:35:29.674+0000] {processor.py:208} INFO - Processing /home/ec2-user/environment/lab4_model_training/dags/generate_data_dag.py took 1.333 seconds
[2026-03-28T20:36:00.074+0000] {processor.py:186} INFO - Started process (PID=18018) to work on /home/ec2-user/environment/lab4_model_training/dags/generate_data_dag.py
[2026-03-28T20:36:00.076+0000] {processor.py:914} INFO - Processing file /home/ec2-user/environment/lab4_model_training/dags/generate_data_dag.py for tasks to queue
[2026-03-28T20:36:00.077+0000] {logging_mixin.py:190} INFO - [2026-03-28T20:36:00.076+0000] {dagbag.py:588} INFO - Filling up the DagBag from /home/ec2-user/environment/lab4_model_training/dags/generate_data_dag.py
[2026-03-28T20:36:01.344+0000] {processor.py:925} INFO - DAG(s) 'generate_data_only' retrieved from /home/ec2-user/environment/lab4_model_training/dags/generate_data_dag.py
[2026-03-28T20:36:01.356+0000] {logging_mixin.py:190} INFO - [2026-03-28T20:36:01.356+0000] {dag.py:3239} INFO - Sync 1 DAGs
[2026-03-28T20:36:01.365+0000] {logging_mixin.py:190} INFO - [2026-03-28T20:36:01.365+0000] {dag.py:4180} INFO - Setting next_dagrun for generate_data_only to None, run_after=None
[2026-03-28T20:36:01.382+0000] {processor.py:208} INFO - Processing /home/ec2-user/environment/lab4_model_training/dags/generate_data_dag.py took 1.313 seconds
[2026-03-28T20:36:31.701+0000] {processor.py:186} INFO - Started process (PID=18046) to work on /home/ec2-user/environment/lab4_model_training/dags/generate_data_dag.py
[2026-03-28T20:36:31.702+0000] {processor.py:914} INFO - Processing file /home/ec2-user/environment/lab4_model_training/dags/generate_data_dag.py for tasks to queue
[2026-03-28T20:36:31.703+0000] {logging_mixin.py:190} INFO - [2026-03-28T20:36:31.702+0000] {dagbag.py:588} INFO - Filling up the DagBag from /home/ec2-user/environment/lab4_model_training/dags/generate_data_dag.py
[2026-03-28T20:36:32.964+0000] {processor.py:925} INFO - DAG(s) 'generate_data_only' retrieved from /home/ec2-user/environment/lab4_model_training/dags/generate_data_dag.py
[2026-03-28T20:36:32.976+0000] {logging_mixin.py:190} INFO - [2026-03-28T20:36:32.976+0000] {dag.py:3239} INFO - Sync 1 DAGs
[2026-03-28T20:36:32.986+0000] {logging_mixin.py:190} INFO - [2026-03-28T20:36:32.986+0000] {dag.py:4180} INFO - Setting next_dagrun for generate_data_only to None, run_after=None
[2026-03-28T20:36:33.003+0000] {processor.py:208} INFO - Processing /home/ec2-user/environment/lab4_model_training/dags/generate_data_dag.py took 1.307 seconds
[2026-03-28T20:37:03.327+0000] {processor.py:186} INFO - Started process (PID=18070) to work on /home/ec2-user/environment/lab4_model_training/dags/generate_data_dag.py
[2026-03-28T20:37:03.328+0000] {processor.py:914} INFO - Processing file /home/ec2-user/environment/lab4_model_training/dags/generate_data_dag.py for tasks to queue
[2026-03-28T20:37:03.330+0000] {logging_mixin.py:190} INFO - [2026-03-28T20:37:03.329+0000] {dagbag.py:588} INFO - Filling up the DagBag from /home/ec2-user/environment/lab4_model_training/dags/generate_data_dag.py
[2026-03-28T20:37:04.617+0000] {processor.py:925} INFO - DAG(s) 'generate_data_only' retrieved from /home/ec2-user/environment/lab4_model_training/dags/generate_data_dag.py
[2026-03-28T20:37:04.629+0000] {logging_mixin.py:190} INFO - [2026-03-28T20:37:04.629+0000] {dag.py:3239} INFO - Sync 1 DAGs
[2026-03-28T20:37:04.639+0000] {logging_mixin.py:190} INFO - [2026-03-28T20:37:04.639+0000] {dag.py:4180} INFO - Setting next_dagrun for generate_data_only to None, run_after=None
[2026-03-28T20:37:04.654+0000] {processor.py:208} INFO - Processing /home/ec2-user/environment/lab4_model_training/dags/generate_data_dag.py took 1.332 seconds
[2026-03-28T20:37:34.935+0000] {processor.py:186} INFO - Started process (PID=18130) to work on /home/ec2-user/environment/lab4_model_training/dags/generate_data_dag.py
[2026-03-28T20:37:34.936+0000] {processor.py:914} INFO - Processing file /home/ec2-user/environment/lab4_model_training/dags/generate_data_dag.py for tasks to queue
[2026-03-28T20:37:34.937+0000] {logging_mixin.py:190} INFO - [2026-03-28T20:37:34.937+0000] {dagbag.py:588} INFO - Filling up the DagBag from /home/ec2-user/environment/lab4_model_training/dags/generate_data_dag.py
[2026-03-28T20:37:36.195+0000] {processor.py:925} INFO - DAG(s) 'generate_data_only' retrieved from /home/ec2-user/environment/lab4_model_training/dags/generate_data_dag.py
[2026-03-28T20:37:36.208+0000] {logging_mixin.py:190} INFO - [2026-03-28T20:37:36.208+0000] {dag.py:3239} INFO - Sync 1 DAGs
[2026-03-28T20:37:36.217+0000] {logging_mixin.py:190} INFO - [2026-03-28T20:37:36.217+0000] {dag.py:4180} INFO - Setting next_dagrun for generate_data_only to None, run_after=None
[2026-03-28T20:37:36.233+0000] {processor.py:208} INFO - Processing /home/ec2-user/environment/lab4_model_training/dags/generate_data_dag.py took 1.303 seconds
[2026-03-28T20:38:06.571+0000] {processor.py:186} INFO - Started process (PID=18160) to work on /home/ec2-user/environment/lab4_model_training/dags/generate_data_dag.py
[2026-03-28T20:38:06.572+0000] {processor.py:914} INFO - Processing file /home/ec2-user/environment/lab4_model_training/dags/generate_data_dag.py for tasks to queue
[2026-03-28T20:38:06.573+0000] {logging_mixin.py:190} INFO - [2026-03-28T20:38:06.573+0000] {dagbag.py:588} INFO - Filling up the DagBag from /home/ec2-user/environment/lab4_model_training/dags/generate_data_dag.py
[2026-03-28T20:38:07.827+0000] {processor.py:925} INFO - DAG(s) 'generate_data_only' retrieved from /home/ec2-user/environment/lab4_model_training/dags/generate_data_dag.py
[2026-03-28T20:38:07.840+0000] {logging_mixin.py:190} INFO - [2026-03-28T20:38:07.840+0000] {dag.py:3239} INFO - Sync 1 DAGs
[2026-03-28T20:38:07.849+0000] {logging_mixin.py:190} INFO - [2026-03-28T20:38:07.849+0000] {dag.py:4180} INFO - Setting next_dagrun for generate_data_only to None, run_after=None
[2026-03-28T20:38:07.865+0000] {processor.py:208} INFO - Processing /home/ec2-user/environment/lab4_model_training/dags/generate_data_dag.py took 1.299 seconds
[2026-03-28T20:38:38.196+0000] {processor.py:186} INFO - Started process (PID=18173) to work on /home/ec2-user/environment/lab4_model_training/dags/generate_data_dag.py
[2026-03-28T20:38:38.197+0000] {processor.py:914} INFO - Processing file /home/ec2-user/environment/lab4_model_training/dags/generate_data_dag.py for tasks to queue
[2026-03-28T20:38:38.198+0000] {logging_mixin.py:190} INFO - [2026-03-28T20:38:38.198+0000] {dagbag.py:588} INFO - Filling up the DagBag from /home/ec2-user/environment/lab4_model_training/dags/generate_data_dag.py
[2026-03-28T20:38:39.462+0000] {processor.py:925} INFO - DAG(s) 'generate_data_only' retrieved from /home/ec2-user/environment/lab4_model_training/dags/generate_data_dag.py
[2026-03-28T20:38:39.474+0000] {logging_mixin.py:190} INFO - [2026-03-28T20:38:39.474+0000] {dag.py:3239} INFO - Sync 1 DAGs
[2026-03-28T20:38:39.483+0000] {logging_mixin.py:190} INFO - [2026-03-28T20:38:39.483+0000] {dag.py:4180} INFO - Setting next_dagrun for generate_data_only to None, run_after=None
[2026-03-28T20:38:39.499+0000] {processor.py:208} INFO - Processing /home/ec2-user/environment/lab4_model_training/dags/generate_data_dag.py took 1.309 seconds
[2026-03-28T20:39:09.788+0000] {processor.py:186} INFO - Started process (PID=18199) to work on /home/ec2-user/environment/lab4_model_training/dags/generate_data_dag.py
[2026-03-28T20:39:09.789+0000] {processor.py:914} INFO - Processing file /home/ec2-user/environment/lab4_model_training/dags/generate_data_dag.py for tasks to queue
[2026-03-28T20:39:09.791+0000] {logging_mixin.py:190} INFO - [2026-03-28T20:39:09.790+0000] {dagbag.py:588} INFO - Filling up the DagBag from /home/ec2-user/environment/lab4_model_training/dags/generate_data_dag.py
[2026-03-28T20:39:11.040+0000] {processor.py:925} INFO - DAG(s) 'generate_data_only' retrieved from /home/ec2-user/environment/lab4_model_training/dags/generate_data_dag.py
[2026-03-28T20:39:11.052+0000] {logging_mixin.py:190} INFO - [2026-03-28T20:39:11.052+0000] {dag.py:3239} INFO - Sync 1 DAGs
[2026-03-28T20:39:11.061+0000] {logging_mixin.py:190} INFO - [2026-03-28T20:39:11.060+0000] {dag.py:4180} INFO - Setting next_dagrun for generate_data_only to None, run_after=None
[2026-03-28T20:39:11.077+0000] {processor.py:208} INFO - Processing /home/ec2-user/environment/lab4_model_training/dags/generate_data_dag.py took 1.294 seconds
[2026-03-28T20:39:41.412+0000] {processor.py:186} INFO - Started process (PID=18265) to work on /home/ec2-user/environment/lab4_model_training/dags/generate_data_dag.py
[2026-03-28T20:39:41.413+0000] {processor.py:914} INFO - Processing file /home/ec2-user/environment/lab4_model_training/dags/generate_data_dag.py for tasks to queue
[2026-03-28T20:39:41.414+0000] {logging_mixin.py:190} INFO - [2026-03-28T20:39:41.414+0000] {dagbag.py:588} INFO - Filling up the DagBag from /home/ec2-user/environment/lab4_model_training/dags/generate_data_dag.py
[2026-03-28T20:39:42.630+0000] {processor.py:925} INFO - DAG(s) 'generate_data_only' retrieved from /home/ec2-user/environment/lab4_model_training/dags/generate_data_dag.py
[2026-03-28T20:39:42.642+0000] {logging_mixin.py:190} INFO - [2026-03-28T20:39:42.641+0000] {dag.py:3239} INFO - Sync 1 DAGs
[2026-03-28T20:39:42.650+0000] {logging_mixin.py:190} INFO - [2026-03-28T20:39:42.650+0000] {dag.py:4180} INFO - Setting next_dagrun for generate_data_only to None, run_after=None
[2026-03-28T20:39:42.666+0000] {processor.py:208} INFO - Processing /home/ec2-user/environment/lab4_model_training/dags/generate_data_dag.py took 1.258 seconds
[2026-03-28T20:40:13.028+0000] {processor.py:186} INFO - Started process (PID=18293) to work on /home/ec2-user/environment/lab4_model_training/dags/generate_data_dag.py
[2026-03-28T20:40:13.029+0000] {processor.py:914} INFO - Processing file /home/ec2-user/environment/lab4_model_training/dags/generate_data_dag.py for tasks to queue
[2026-03-28T20:40:13.030+0000] {logging_mixin.py:190} INFO - [2026-03-28T20:40:13.030+0000] {dagbag.py:588} INFO - Filling up the DagBag from /home/ec2-user/environment/lab4_model_training/dags/generate_data_dag.py
[2026-03-28T20:40:14.229+0000] {processor.py:925} INFO - DAG(s) 'generate_data_only' retrieved from /home/ec2-user/environment/lab4_model_training/dags/generate_data_dag.py
[2026-03-28T20:40:14.241+0000] {logging_mixin.py:190} INFO - [2026-03-28T20:40:14.240+0000] {dag.py:3239} INFO - Sync 1 DAGs
[2026-03-28T20:40:14.249+0000] {logging_mixin.py:190} INFO - [2026-03-28T20:40:14.249+0000] {dag.py:4180} INFO - Setting next_dagrun for generate_data_only to None, run_after=None
[2026-03-28T20:40:14.265+0000] {processor.py:208} INFO - Processing /home/ec2-user/environment/lab4_model_training/dags/generate_data_dag.py took 1.242 seconds
[2026-03-28T20:40:44.846+0000] {processor.py:186} INFO - Started process (PID=18353) to work on /home/ec2-user/environment/lab4_model_training/dags/generate_data_dag.py
[2026-03-28T20:40:44.847+0000] {processor.py:914} INFO - Processing file /home/ec2-user/environment/lab4_model_training/dags/generate_data_dag.py for tasks to queue
[2026-03-28T20:40:44.848+0000] {logging_mixin.py:190} INFO - [2026-03-28T20:40:44.848+0000] {dagbag.py:588} INFO - Filling up the DagBag from /home/ec2-user/environment/lab4_model_training/dags/generate_data_dag.py
[2026-03-28T20:40:46.044+0000] {processor.py:925} INFO - DAG(s) 'generate_data_only' retrieved from /home/ec2-user/environment/lab4_model_training/dags/generate_data_dag.py
[2026-03-28T20:40:46.056+0000] {logging_mixin.py:190} INFO - [2026-03-28T20:40:46.056+0000] {dag.py:3239} INFO - Sync 1 DAGs
[2026-03-28T20:40:46.065+0000] {logging_mixin.py:190} INFO - [2026-03-28T20:40:46.065+0000] {dag.py:4180} INFO - Setting next_dagrun for generate_data_only to None, run_after=None
[2026-03-28T20:40:46.081+0000] {processor.py:208} INFO - Processing /home/ec2-user/environment/lab4_model_training/dags/generate_data_dag.py took 1.240 seconds
[2026-03-28T20:41:17.083+0000] {processor.py:186} INFO - Started process (PID=18377) to work on /home/ec2-user/environment/lab4_model_training/dags/generate_data_dag.py
[2026-03-28T20:41:17.084+0000] {processor.py:914} INFO - Processing file /home/ec2-user/environment/lab4_model_training/dags/generate_data_dag.py for tasks to queue
[2026-03-28T20:41:17.084+0000] {logging_mixin.py:190} INFO - [2026-03-28T20:41:17.084+0000] {dagbag.py:588} INFO - Filling up the DagBag from /home/ec2-user/environment/lab4_model_training/dags/generate_data_dag.py
[2026-03-28T20:41:18.260+0000] {processor.py:925} INFO - DAG(s) 'generate_data_only' retrieved from /home/ec2-user/environment/lab4_model_training/dags/generate_data_dag.py
[2026-03-28T20:41:18.271+0000] {logging_mixin.py:190} INFO - [2026-03-28T20:41:18.271+0000] {dag.py:3239} INFO - Sync 1 DAGs
[2026-03-28T20:41:18.280+0000] {logging_mixin.py:190} INFO - [2026-03-28T20:41:18.280+0000] {dag.py:4180} INFO - Setting next_dagrun for generate_data_only to None, run_after=None
[2026-03-28T20:41:18.295+0000] {processor.py:208} INFO - Processing /home/ec2-user/environment/lab4_model_training/dags/generate_data_dag.py took 1.217 seconds
[2026-03-28T20:41:48.596+0000] {processor.py:186} INFO - Started process (PID=18393) to work on /home/ec2-user/environment/lab4_model_training/dags/generate_data_dag.py
[2026-03-28T20:41:48.597+0000] {processor.py:914} INFO - Processing file /home/ec2-user/environment/lab4_model_training/dags/generate_data_dag.py for tasks to queue
[2026-03-28T20:41:48.598+0000] {logging_mixin.py:190} INFO - [2026-03-28T20:41:48.598+0000] {dagbag.py:588} INFO - Filling up the DagBag from /home/ec2-user/environment/lab4_model_training/dags/generate_data_dag.py
[2026-03-28T20:41:49.769+0000] {processor.py:925} INFO - DAG(s) 'generate_data_only' retrieved from /home/ec2-user/environment/lab4_model_training/dags/generate_data_dag.py
[2026-03-28T20:41:49.782+0000] {logging_mixin.py:190} INFO - [2026-03-28T20:41:49.781+0000] {dag.py:3239} INFO - Sync 1 DAGs
[2026-03-28T20:41:49.790+0000] {logging_mixin.py:190} INFO - [2026-03-28T20:41:49.790+0000] {dag.py:4180} INFO - Setting next_dagrun for generate_data_only to None, run_after=None
[2026-03-28T20:41:49.805+0000] {processor.py:208} INFO - Processing /home/ec2-user/environment/lab4_model_training/dags/generate_data_dag.py took 1.214 seconds
[2026-03-28T20:42:20.107+0000] {processor.py:186} INFO - Started process (PID=18417) to work on /home/ec2-user/environment/lab4_model_training/dags/generate_data_dag.py
[2026-03-28T20:42:20.108+0000] {processor.py:914} INFO - Processing file /home/ec2-user/environment/lab4_model_training/dags/generate_data_dag.py for tasks to queue
[2026-03-28T20:42:20.109+0000] {logging_mixin.py:190} INFO - [2026-03-28T20:42:20.109+0000] {dagbag.py:588} INFO - Filling up the DagBag from /home/ec2-user/environment/lab4_model_training/dags/generate_data_dag.py
[2026-03-28T20:42:21.298+0000] {processor.py:925} INFO - DAG(s) 'generate_data_only' retrieved from /home/ec2-user/environment/lab4_model_training/dags/generate_data_dag.py
[2026-03-28T20:42:21.310+0000] {logging_mixin.py:190} INFO - [2026-03-28T20:42:21.310+0000] {dag.py:3239} INFO - Sync 1 DAGs
[2026-03-28T20:42:21.318+0000] {logging_mixin.py:190} INFO - [2026-03-28T20:42:21.318+0000] {dag.py:4180} INFO - Setting next_dagrun for generate_data_only to None, run_after=None
[2026-03-28T20:42:21.334+0000] {processor.py:208} INFO - Processing /home/ec2-user/environment/lab4_model_training/dags/generate_data_dag.py took 1.231 seconds
[2026-03-28T20:42:51.624+0000] {processor.py:186} INFO - Started process (PID=18477) to work on /home/ec2-user/environment/lab4_model_training/dags/generate_data_dag.py
[2026-03-28T20:42:51.625+0000] {processor.py:914} INFO - Processing file /home/ec2-user/environment/lab4_model_training/dags/generate_data_dag.py for tasks to queue
[2026-03-28T20:42:51.626+0000] {logging_mixin.py:190} INFO - [2026-03-28T20:42:51.626+0000] {dagbag.py:588} INFO - Filling up the DagBag from /home/ec2-user/environment/lab4_model_training/dags/generate_data_dag.py
[2026-03-28T20:42:52.821+0000] {processor.py:925} INFO - DAG(s) 'generate_data_only' retrieved from /home/ec2-user/environment/lab4_model_training/dags/generate_data_dag.py
[2026-03-28T20:42:52.833+0000] {logging_mixin.py:190} INFO - [2026-03-28T20:42:52.833+0000] {dag.py:3239} INFO - Sync 1 DAGs
[2026-03-28T20:42:52.841+0000] {logging_mixin.py:190} INFO - [2026-03-28T20:42:52.841+0000] {dag.py:4180} INFO - Setting next_dagrun for generate_data_only to None, run_after=None
[2026-03-28T20:42:52.857+0000] {processor.py:208} INFO - Processing /home/ec2-user/environment/lab4_model_training/dags/generate_data_dag.py took 1.238 seconds
[2026-03-28T20:43:23.139+0000] {processor.py:186} INFO - Started process (PID=18505) to work on /home/ec2-user/environment/lab4_model_training/dags/generate_data_dag.py
[2026-03-28T20:43:23.140+0000] {processor.py:914} INFO - Processing file /home/ec2-user/environment/lab4_model_training/dags/generate_data_dag.py for tasks to queue
[2026-03-28T20:43:23.141+0000] {logging_mixin.py:190} INFO - [2026-03-28T20:43:23.140+0000] {dagbag.py:588} INFO - Filling up the DagBag from /home/ec2-user/environment/lab4_model_training/dags/generate_data_dag.py
[2026-03-28T20:43:24.318+0000] {processor.py:925} INFO - DAG(s) 'generate_data_only' retrieved from /home/ec2-user/environment/lab4_model_training/dags/generate_data_dag.py
[2026-03-28T20:43:24.330+0000] {logging_mixin.py:190} INFO - [2026-03-28T20:43:24.329+0000] {dag.py:3239} INFO - Sync 1 DAGs
[2026-03-28T20:43:24.338+0000] {logging_mixin.py:190} INFO - [2026-03-28T20:43:24.338+0000] {dag.py:4180} INFO - Setting next_dagrun for generate_data_only to None, run_after=None
[2026-03-28T20:43:24.353+0000] {processor.py:208} INFO - Processing /home/ec2-user/environment/lab4_model_training/dags/generate_data_dag.py took 1.219 seconds
[2026-03-28T20:43:54.653+0000] {processor.py:186} INFO - Started process (PID=18517) to work on /home/ec2-user/environment/lab4_model_training/dags/generate_data_dag.py
[2026-03-28T20:43:54.654+0000] {processor.py:914} INFO - Processing file /home/ec2-user/environment/lab4_model_training/dags/generate_data_dag.py for tasks to queue
[2026-03-28T20:43:54.655+0000] {logging_mixin.py:190} INFO - [2026-03-28T20:43:54.655+0000] {dagbag.py:588} INFO - Filling up the DagBag from /home/ec2-user/environment/lab4_model_training/dags/generate_data_dag.py
[2026-03-28T20:43:55.829+0000] {processor.py:925} INFO - DAG(s) 'generate_data_only' retrieved from /home/ec2-user/environment/lab4_model_training/dags/generate_data_dag.py
[2026-03-28T20:43:55.842+0000] {logging_mixin.py:190} INFO - [2026-03-28T20:43:55.842+0000] {dag.py:3239} INFO - Sync 1 DAGs
[2026-03-28T20:43:55.851+0000] {logging_mixin.py:190} INFO - [2026-03-28T20:43:55.851+0000] {dag.py:4180} INFO - Setting next_dagrun for generate_data_only to None, run_after=None
[2026-03-28T20:43:55.867+0000] {processor.py:208} INFO - Processing /home/ec2-user/environment/lab4_model_training/dags/generate_data_dag.py took 1.220 seconds
[2026-03-28T20:44:26.164+0000] {processor.py:186} INFO - Started process (PID=18606) to work on /home/ec2-user/environment/lab4_model_training/dags/generate_data_dag.py
[2026-03-28T20:44:26.165+0000] {processor.py:914} INFO - Processing file /home/ec2-user/environment/lab4_model_training/dags/generate_data_dag.py for tasks to queue
[2026-03-28T20:44:26.166+0000] {logging_mixin.py:190} INFO - [2026-03-28T20:44:26.166+0000] {dagbag.py:588} INFO - Filling up the DagBag from /home/ec2-user/environment/lab4_model_training/dags/generate_data_dag.py
[2026-03-28T20:44:27.364+0000] {processor.py:925} INFO - DAG(s) 'generate_data_only' retrieved from /home/ec2-user/environment/lab4_model_training/dags/generate_data_dag.py
[2026-03-28T20:44:27.375+0000] {logging_mixin.py:190} INFO - [2026-03-28T20:44:27.375+0000] {dag.py:3239} INFO - Sync 1 DAGs
[2026-03-28T20:44:27.384+0000] {logging_mixin.py:190} INFO - [2026-03-28T20:44:27.384+0000] {dag.py:4180} INFO - Setting next_dagrun for generate_data_only to None, run_after=None
[2026-03-28T20:44:27.400+0000] {processor.py:208} INFO - Processing /home/ec2-user/environment/lab4_model_training/dags/generate_data_dag.py took 1.240 seconds
[2026-03-28T20:44:57.678+0000] {processor.py:186} INFO - Started process (PID=18620) to work on /home/ec2-user/environment/lab4_model_training/dags/generate_data_dag.py
[2026-03-28T20:44:57.680+0000] {processor.py:914} INFO - Processing file /home/ec2-user/environment/lab4_model_training/dags/generate_data_dag.py for tasks to queue
[2026-03-28T20:44:57.681+0000] {logging_mixin.py:190} INFO - [2026-03-28T20:44:57.680+0000] {dagbag.py:588} INFO - Filling up the DagBag from /home/ec2-user/environment/lab4_model_training/dags/generate_data_dag.py
[2026-03-28T20:44:58.860+0000] {processor.py:925} INFO - DAG(s) 'generate_data_only' retrieved from /home/ec2-user/environment/lab4_model_training/dags/generate_data_dag.py
[2026-03-28T20:44:58.872+0000] {logging_mixin.py:190} INFO - [2026-03-28T20:44:58.872+0000] {dag.py:3239} INFO - Sync 1 DAGs
[2026-03-28T20:44:58.881+0000] {logging_mixin.py:190} INFO - [2026-03-28T20:44:58.881+0000] {dag.py:4180} INFO - Setting next_dagrun for generate_data_only to None, run_after=None
[2026-03-28T20:44:58.896+0000] {processor.py:208} INFO - Processing /home/ec2-user/environment/lab4_model_training/dags/generate_data_dag.py took 1.223 seconds
[2026-03-28T20:45:29.193+0000] {processor.py:186} INFO - Started process (PID=18641) to work on /home/ec2-user/environment/lab4_model_training/dags/generate_data_dag.py
[2026-03-28T20:45:29.194+0000] {processor.py:914} INFO - Processing file /home/ec2-user/environment/lab4_model_training/dags/generate_data_dag.py for tasks to queue
[2026-03-28T20:45:29.195+0000] {logging_mixin.py:190} INFO - [2026-03-28T20:45:29.195+0000] {dagbag.py:588} INFO - Filling up the DagBag from /home/ec2-user/environment/lab4_model_training/dags/generate_data_dag.py
[2026-03-28T20:45:30.356+0000] {processor.py:925} INFO - DAG(s) 'generate_data_only' retrieved from /home/ec2-user/environment/lab4_model_training/dags/generate_data_dag.py
[2026-03-28T20:45:30.368+0000] {logging_mixin.py:190} INFO - [2026-03-28T20:45:30.368+0000] {dag.py:3239} INFO - Sync 1 DAGs
[2026-03-28T20:45:30.376+0000] {logging_mixin.py:190} INFO - [2026-03-28T20:45:30.376+0000] {dag.py:4180} INFO - Setting next_dagrun for generate_data_only to None, run_after=None
[2026-03-28T20:45:30.393+0000] {processor.py:208} INFO - Processing /home/ec2-user/environment/lab4_model_training/dags/generate_data_dag.py took 1.204 seconds
[2026-03-28T20:46:00.813+0000] {processor.py:186} INFO - Started process (PID=18701) to work on /home/ec2-user/environment/lab4_model_training/dags/generate_data_dag.py
[2026-03-28T20:46:00.814+0000] {processor.py:914} INFO - Processing file /home/ec2-user/environment/lab4_model_training/dags/generate_data_dag.py for tasks to queue
[2026-03-28T20:46:00.815+0000] {logging_mixin.py:190} INFO - [2026-03-28T20:46:00.815+0000] {dagbag.py:588} INFO - Filling up the DagBag from /home/ec2-user/environment/lab4_model_training/dags/generate_data_dag.py
[2026-03-28T20:46:02.016+0000] {processor.py:925} INFO - DAG(s) 'generate_data_only' retrieved from /home/ec2-user/environment/lab4_model_training/dags/generate_data_dag.py
[2026-03-28T20:46:02.028+0000] {logging_mixin.py:190} INFO - [2026-03-28T20:46:02.028+0000] {dag.py:3239} INFO - Sync 1 DAGs
[2026-03-28T20:46:02.036+0000] {logging_mixin.py:190} INFO - [2026-03-28T20:46:02.036+0000] {dag.py:4180} INFO - Setting next_dagrun for generate_data_only to None, run_after=None
[2026-03-28T20:46:02.051+0000] {processor.py:208} INFO - Processing /home/ec2-user/environment/lab4_model_training/dags/generate_data_dag.py took 1.244 seconds
[2026-03-28T20:46:32.332+0000] {processor.py:186} INFO - Started process (PID=18722) to work on /home/ec2-user/environment/lab4_model_training/dags/generate_data_dag.py
[2026-03-28T20:46:32.333+0000] {processor.py:914} INFO - Processing file /home/ec2-user/environment/lab4_model_training/dags/generate_data_dag.py for tasks to queue
[2026-03-28T20:46:32.334+0000] {logging_mixin.py:190} INFO - [2026-03-28T20:46:32.334+0000] {dagbag.py:588} INFO - Filling up the DagBag from /home/ec2-user/environment/lab4_model_training/dags/generate_data_dag.py
[2026-03-28T20:46:33.540+0000] {processor.py:925} INFO - DAG(s) 'generate_data_only' retrieved from /home/ec2-user/environment/lab4_model_training/dags/generate_data_dag.py
[2026-03-28T20:46:33.552+0000] {logging_mixin.py:190} INFO - [2026-03-28T20:46:33.552+0000] {dag.py:3239} INFO - Sync 1 DAGs
[2026-03-28T20:46:33.560+0000] {logging_mixin.py:190} INFO - [2026-03-28T20:46:33.560+0000] {dag.py:4180} INFO - Setting next_dagrun for generate_data_only to None, run_after=None
[2026-03-28T20:46:33.575+0000] {processor.py:208} INFO - Processing /home/ec2-user/environment/lab4_model_training/dags/generate_data_dag.py took 1.248 seconds
[2026-03-28T20:47:03.847+0000] {processor.py:186} INFO - Started process (PID=18743) to work on /home/ec2-user/environment/lab4_model_training/dags/generate_data_dag.py
[2026-03-28T20:47:03.848+0000] {processor.py:914} INFO - Processing file /home/ec2-user/environment/lab4_model_training/dags/generate_data_dag.py for tasks to queue
[2026-03-28T20:47:03.849+0000] {logging_mixin.py:190} INFO - [2026-03-28T20:47:03.848+0000] {dagbag.py:588} INFO - Filling up the DagBag from /home/ec2-user/environment/lab4_model_training/dags/generate_data_dag.py
[2026-03-28T20:47:05.043+0000] {processor.py:925} INFO - DAG(s) 'generate_data_only' retrieved from /home/ec2-user/environment/lab4_model_training/dags/generate_data_dag.py
[2026-03-28T20:47:05.055+0000] {logging_mixin.py:190} INFO - [2026-03-28T20:47:05.055+0000] {dag.py:3239} INFO - Sync 1 DAGs
[2026-03-28T20:47:05.063+0000] {logging_mixin.py:190} INFO - [2026-03-28T20:47:05.063+0000] {dag.py:4180} INFO - Setting next_dagrun for generate_data_only to None, run_after=None
[2026-03-28T20:47:05.078+0000] {processor.py:208} INFO - Processing /home/ec2-user/environment/lab4_model_training/dags/generate_data_dag.py took 1.237 seconds
[2026-03-28T20:47:35.336+0000] {processor.py:186} INFO - Started process (PID=18803) to work on /home/ec2-user/environment/lab4_model_training/dags/generate_data_dag.py
[2026-03-28T20:47:35.336+0000] {processor.py:914} INFO - Processing file /home/ec2-user/environment/lab4_model_training/dags/generate_data_dag.py for tasks to queue
[2026-03-28T20:47:35.337+0000] {logging_mixin.py:190} INFO - [2026-03-28T20:47:35.337+0000] {dagbag.py:588} INFO - Filling up the DagBag from /home/ec2-user/environment/lab4_model_training/dags/generate_data_dag.py
[2026-03-28T20:47:36.542+0000] {processor.py:925} INFO - DAG(s) 'generate_data_only' retrieved from /home/ec2-user/environment/lab4_model_training/dags/generate_data_dag.py
[2026-03-28T20:47:36.554+0000] {logging_mixin.py:190} INFO - [2026-03-28T20:47:36.553+0000] {dag.py:3239} INFO - Sync 1 DAGs
[2026-03-28T20:47:36.562+0000] {logging_mixin.py:190} INFO - [2026-03-28T20:47:36.562+0000] {dag.py:4180} INFO - Setting next_dagrun for generate_data_only to None, run_after=None
[2026-03-28T20:47:36.577+0000] {processor.py:208} INFO - Processing /home/ec2-user/environment/lab4_model_training/dags/generate_data_dag.py took 1.246 seconds
[2026-03-28T20:48:06.885+0000] {processor.py:186} INFO - Started process (PID=18824) to work on /home/ec2-user/environment/lab4_model_training/dags/generate_data_dag.py
[2026-03-28T20:48:06.887+0000] {processor.py:914} INFO - Processing file /home/ec2-user/environment/lab4_model_training/dags/generate_data_dag.py for tasks to queue
[2026-03-28T20:48:06.887+0000] {logging_mixin.py:190} INFO - [2026-03-28T20:48:06.887+0000] {dagbag.py:588} INFO - Filling up the DagBag from /home/ec2-user/environment/lab4_model_training/dags/generate_data_dag.py
[2026-03-28T20:48:08.098+0000] {processor.py:925} INFO - DAG(s) 'generate_data_only' retrieved from /home/ec2-user/environment/lab4_model_training/dags/generate_data_dag.py
[2026-03-28T20:48:08.110+0000] {logging_mixin.py:190} INFO - [2026-03-28T20:48:08.109+0000] {dag.py:3239} INFO - Sync 1 DAGs
[2026-03-28T20:48:08.118+0000] {logging_mixin.py:190} INFO - [2026-03-28T20:48:08.118+0000] {dag.py:4180} INFO - Setting next_dagrun for generate_data_only to None, run_after=None
[2026-03-28T20:48:08.134+0000] {processor.py:208} INFO - Processing /home/ec2-user/environment/lab4_model_training/dags/generate_data_dag.py took 1.254 seconds
[2026-03-28T20:48:38.413+0000] {processor.py:186} INFO - Started process (PID=18836) to work on /home/ec2-user/environment/lab4_model_training/dags/generate_data_dag.py
[2026-03-28T20:48:38.414+0000] {processor.py:914} INFO - Processing file /home/ec2-user/environment/lab4_model_training/dags/generate_data_dag.py for tasks to queue
[2026-03-28T20:48:38.415+0000] {logging_mixin.py:190} INFO - [2026-03-28T20:48:38.414+0000] {dagbag.py:588} INFO - Filling up the DagBag from /home/ec2-user/environment/lab4_model_training/dags/generate_data_dag.py
[2026-03-28T20:48:39.621+0000] {processor.py:925} INFO - DAG(s) 'generate_data_only' retrieved from /home/ec2-user/environment/lab4_model_training/dags/generate_data_dag.py
[2026-03-28T20:48:39.633+0000] {logging_mixin.py:190} INFO - [2026-03-28T20:48:39.632+0000] {dag.py:3239} INFO - Sync 1 DAGs
[2026-03-28T20:48:39.642+0000] {logging_mixin.py:190} INFO - [2026-03-28T20:48:39.642+0000] {dag.py:4180} INFO - Setting next_dagrun for generate_data_only to None, run_after=None
[2026-03-28T20:48:39.657+0000] {processor.py:208} INFO - Processing /home/ec2-user/environment/lab4_model_training/dags/generate_data_dag.py took 1.249 seconds
[2026-03-28T20:49:09.934+0000] {processor.py:186} INFO - Started process (PID=18858) to work on /home/ec2-user/environment/lab4_model_training/dags/generate_data_dag.py
[2026-03-28T20:49:09.935+0000] {processor.py:914} INFO - Processing file /home/ec2-user/environment/lab4_model_training/dags/generate_data_dag.py for tasks to queue
[2026-03-28T20:49:09.936+0000] {logging_mixin.py:190} INFO - [2026-03-28T20:49:09.936+0000] {dagbag.py:588} INFO - Filling up the DagBag from /home/ec2-user/environment/lab4_model_training/dags/generate_data_dag.py
[2026-03-28T20:49:11.135+0000] {processor.py:925} INFO - DAG(s) 'generate_data_only' retrieved from /home/ec2-user/environment/lab4_model_training/dags/generate_data_dag.py
[2026-03-28T20:49:11.147+0000] {logging_mixin.py:190} INFO - [2026-03-28T20:49:11.147+0000] {dag.py:3239} INFO - Sync 1 DAGs
[2026-03-28T20:49:11.156+0000] {logging_mixin.py:190} INFO - [2026-03-28T20:49:11.156+0000] {dag.py:4180} INFO - Setting next_dagrun for generate_data_only to None, run_after=None
[2026-03-28T20:49:11.171+0000] {processor.py:208} INFO - Processing /home/ec2-user/environment/lab4_model_training/dags/generate_data_dag.py took 1.243 seconds
[2026-03-28T20:49:41.729+0000] {processor.py:186} INFO - Started process (PID=18922) to work on /home/ec2-user/environment/lab4_model_training/dags/generate_data_dag.py
[2026-03-28T20:49:41.729+0000] {processor.py:914} INFO - Processing file /home/ec2-user/environment/lab4_model_training/dags/generate_data_dag.py for tasks to queue
[2026-03-28T20:49:41.730+0000] {logging_mixin.py:190} INFO - [2026-03-28T20:49:41.730+0000] {dagbag.py:588} INFO - Filling up the DagBag from /home/ec2-user/environment/lab4_model_training/dags/generate_data_dag.py
[2026-03-28T20:49:42.918+0000] {processor.py:925} INFO - DAG(s) 'generate_data_only' retrieved from /home/ec2-user/environment/lab4_model_training/dags/generate_data_dag.py
[2026-03-28T20:49:42.930+0000] {logging_mixin.py:190} INFO - [2026-03-28T20:49:42.930+0000] {dag.py:3239} INFO - Sync 1 DAGs
[2026-03-28T20:49:42.939+0000] {logging_mixin.py:190} INFO - [2026-03-28T20:49:42.938+0000] {dag.py:4180} INFO - Setting next_dagrun for generate_data_only to None, run_after=None
[2026-03-28T20:49:42.954+0000] {processor.py:208} INFO - Processing /home/ec2-user/environment/lab4_model_training/dags/generate_data_dag.py took 1.229 seconds
[2026-03-28T20:50:13.671+0000] {processor.py:186} INFO - Started process (PID=18946) to work on /home/ec2-user/environment/lab4_model_training/dags/generate_data_dag.py
[2026-03-28T20:50:13.672+0000] {processor.py:914} INFO - Processing file /home/ec2-user/environment/lab4_model_training/dags/generate_data_dag.py for tasks to queue
[2026-03-28T20:50:13.673+0000] {logging_mixin.py:190} INFO - [2026-03-28T20:50:13.672+0000] {dagbag.py:588} INFO - Filling up the DagBag from /home/ec2-user/environment/lab4_model_training/dags/generate_data_dag.py
[2026-03-28T20:50:14.854+0000] {processor.py:925} INFO - DAG(s) 'generate_data_only' retrieved from /home/ec2-user/environment/lab4_model_training/dags/generate_data_dag.py
[2026-03-28T20:50:14.866+0000] {logging_mixin.py:190} INFO - [2026-03-28T20:50:14.866+0000] {dag.py:3239} INFO - Sync 1 DAGs
[2026-03-28T20:50:14.874+0000] {logging_mixin.py:190} INFO - [2026-03-28T20:50:14.874+0000] {dag.py:4180} INFO - Setting next_dagrun for generate_data_only to None, run_after=None
[2026-03-28T20:50:14.889+0000] {processor.py:208} INFO - Processing /home/ec2-user/environment/lab4_model_training/dags/generate_data_dag.py took 1.224 seconds
[2026-03-28T20:50:45.332+0000] {processor.py:186} INFO - Started process (PID=18959) to work on /home/ec2-user/environment/lab4_model_training/dags/generate_data_dag.py
[2026-03-28T20:50:45.332+0000] {processor.py:914} INFO - Processing file /home/ec2-user/environment/lab4_model_training/dags/generate_data_dag.py for tasks to queue
[2026-03-28T20:50:45.333+0000] {logging_mixin.py:190} INFO - [2026-03-28T20:50:45.333+0000] {dagbag.py:588} INFO - Filling up the DagBag from /home/ec2-user/environment/lab4_model_training/dags/generate_data_dag.py
[2026-03-28T20:50:46.524+0000] {processor.py:925} INFO - DAG(s) 'generate_data_only' retrieved from /home/ec2-user/environment/lab4_model_training/dags/generate_data_dag.py
[2026-03-28T20:50:46.536+0000] {logging_mixin.py:190} INFO - [2026-03-28T20:50:46.535+0000] {dag.py:3239} INFO - Sync 1 DAGs
[2026-03-28T20:50:46.544+0000] {logging_mixin.py:190} INFO - [2026-03-28T20:50:46.544+0000] {dag.py:4180} INFO - Setting next_dagrun for generate_data_only to None, run_after=None
[2026-03-28T20:50:46.559+0000] {processor.py:208} INFO - Processing /home/ec2-user/environment/lab4_model_training/dags/generate_data_dag.py took 1.232 seconds
[2026-03-28T20:51:17.002+0000] {processor.py:186} INFO - Started process (PID=18980) to work on /home/ec2-user/environment/lab4_model_training/dags/generate_data_dag.py
[2026-03-28T20:51:17.003+0000] {processor.py:914} INFO - Processing file /home/ec2-user/environment/lab4_model_training/dags/generate_data_dag.py for tasks to queue
[2026-03-28T20:51:17.004+0000] {logging_mixin.py:190} INFO - [2026-03-28T20:51:17.003+0000] {dagbag.py:588} INFO - Filling up the DagBag from /home/ec2-user/environment/lab4_model_training/dags/generate_data_dag.py
[2026-03-28T20:51:18.214+0000] {processor.py:925} INFO - DAG(s) 'generate_data_only' retrieved from /home/ec2-user/environment/lab4_model_training/dags/generate_data_dag.py
[2026-03-28T20:51:18.226+0000] {logging_mixin.py:190} INFO - [2026-03-28T20:51:18.225+0000] {dag.py:3239} INFO - Sync 1 DAGs
[2026-03-28T20:51:18.234+0000] {logging_mixin.py:190} INFO - [2026-03-28T20:51:18.234+0000] {dag.py:4180} INFO - Setting next_dagrun for generate_data_only to None, run_after=None
[2026-03-28T20:51:18.249+0000] {processor.py:208} INFO - Processing /home/ec2-user/environment/lab4_model_training/dags/generate_data_dag.py took 1.253 seconds
[2026-03-28T20:51:48.690+0000] {processor.py:186} INFO - Started process (PID=19040) to work on /home/ec2-user/environment/lab4_model_training/dags/generate_data_dag.py
[2026-03-28T20:51:48.690+0000] {processor.py:914} INFO - Processing file /home/ec2-user/environment/lab4_model_training/dags/generate_data_dag.py for tasks to queue
[2026-03-28T20:51:48.691+0000] {logging_mixin.py:190} INFO - [2026-03-28T20:51:48.691+0000] {dagbag.py:588} INFO - Filling up the DagBag from /home/ec2-user/environment/lab4_model_training/dags/generate_data_dag.py
[2026-03-28T20:51:49.891+0000] {processor.py:925} INFO - DAG(s) 'generate_data_only' retrieved from /home/ec2-user/environment/lab4_model_training/dags/generate_data_dag.py
[2026-03-28T20:51:49.902+0000] {logging_mixin.py:190} INFO - [2026-03-28T20:51:49.902+0000] {dag.py:3239} INFO - Sync 1 DAGs
[2026-03-28T20:51:49.911+0000] {logging_mixin.py:190} INFO - [2026-03-28T20:51:49.910+0000] {dag.py:4180} INFO - Setting next_dagrun for generate_data_only to None, run_after=None
[2026-03-28T20:51:49.926+0000] {processor.py:208} INFO - Processing /home/ec2-user/environment/lab4_model_training/dags/generate_data_dag.py took 1.241 seconds
[2026-03-28T20:52:20.464+0000] {processor.py:186} INFO - Started process (PID=19061) to work on /home/ec2-user/environment/lab4_model_training/dags/generate_data_dag.py
[2026-03-28T20:52:20.464+0000] {processor.py:914} INFO - Processing file /home/ec2-user/environment/lab4_model_training/dags/generate_data_dag.py for tasks to queue
[2026-03-28T20:52:20.465+0000] {logging_mixin.py:190} INFO - [2026-03-28T20:52:20.465+0000] {dagbag.py:588} INFO - Filling up the DagBag from /home/ec2-user/environment/lab4_model_training/dags/generate_data_dag.py
[2026-03-28T20:52:21.681+0000] {processor.py:925} INFO - DAG(s) 'generate_data_only' retrieved from /home/ec2-user/environment/lab4_model_training/dags/generate_data_dag.py
[2026-03-28T20:52:21.692+0000] {logging_mixin.py:190} INFO - [2026-03-28T20:52:21.692+0000] {dag.py:3239} INFO - Sync 1 DAGs
[2026-03-28T20:52:21.701+0000] {logging_mixin.py:190} INFO - [2026-03-28T20:52:21.701+0000] {dag.py:4180} INFO - Setting next_dagrun for generate_data_only to None, run_after=None
[2026-03-28T20:52:21.717+0000] {processor.py:208} INFO - Processing /home/ec2-user/environment/lab4_model_training/dags/generate_data_dag.py took 1.259 seconds
[2026-03-28T20:52:52.245+0000] {processor.py:186} INFO - Started process (PID=19073) to work on /home/ec2-user/environment/lab4_model_training/dags/generate_data_dag.py
[2026-03-28T20:52:52.246+0000] {processor.py:914} INFO - Processing file /home/ec2-user/environment/lab4_model_training/dags/generate_data_dag.py for tasks to queue
[2026-03-28T20:52:52.247+0000] {logging_mixin.py:190} INFO - [2026-03-28T20:52:52.247+0000] {dagbag.py:588} INFO - Filling up the DagBag from /home/ec2-user/environment/lab4_model_training/dags/generate_data_dag.py
[2026-03-28T20:52:53.470+0000] {processor.py:925} INFO - DAG(s) 'generate_data_only' retrieved from /home/ec2-user/environment/lab4_model_training/dags/generate_data_dag.py
[2026-03-28T20:52:53.482+0000] {logging_mixin.py:190} INFO - [2026-03-28T20:52:53.482+0000] {dag.py:3239} INFO - Sync 1 DAGs
[2026-03-28T20:52:53.491+0000] {logging_mixin.py:190} INFO - [2026-03-28T20:52:53.491+0000] {dag.py:4180} INFO - Setting next_dagrun for generate_data_only to None, run_after=None
[2026-03-28T20:52:53.507+0000] {processor.py:208} INFO - Processing /home/ec2-user/environment/lab4_model_training/dags/generate_data_dag.py took 1.267 seconds
[2026-03-28T20:53:24.111+0000] {processor.py:186} INFO - Started process (PID=19095) to work on /home/ec2-user/environment/lab4_model_training/dags/generate_data_dag.py
[2026-03-28T20:53:24.112+0000] {processor.py:914} INFO - Processing file /home/ec2-user/environment/lab4_model_training/dags/generate_data_dag.py for tasks to queue
[2026-03-28T20:53:24.112+0000] {logging_mixin.py:190} INFO - [2026-03-28T20:53:24.112+0000] {dagbag.py:588} INFO - Filling up the DagBag from /home/ec2-user/environment/lab4_model_training/dags/generate_data_dag.py
[2026-03-28T20:53:25.335+0000] {processor.py:925} INFO - DAG(s) 'generate_data_only' retrieved from /home/ec2-user/environment/lab4_model_training/dags/generate_data_dag.py
[2026-03-28T20:53:25.347+0000] {logging_mixin.py:190} INFO - [2026-03-28T20:53:25.346+0000] {dag.py:3239} INFO - Sync 1 DAGs
[2026-03-28T20:53:25.356+0000] {logging_mixin.py:190} INFO - [2026-03-28T20:53:25.356+0000] {dag.py:4180} INFO - Setting next_dagrun for generate_data_only to None, run_after=None
[2026-03-28T20:53:25.371+0000] {processor.py:208} INFO - Processing /home/ec2-user/environment/lab4_model_training/dags/generate_data_dag.py took 1.265 seconds
[2026-03-28T20:53:56.167+0000] {processor.py:186} INFO - Started process (PID=19156) to work on /home/ec2-user/environment/lab4_model_training/dags/generate_data_dag.py
[2026-03-28T20:53:56.169+0000] {processor.py:914} INFO - Processing file /home/ec2-user/environment/lab4_model_training/dags/generate_data_dag.py for tasks to queue
[2026-03-28T20:53:56.170+0000] {logging_mixin.py:190} INFO - [2026-03-28T20:53:56.169+0000] {dagbag.py:588} INFO - Filling up the DagBag from /home/ec2-user/environment/lab4_model_training/dags/generate_data_dag.py
[2026-03-28T20:53:57.375+0000] {processor.py:925} INFO - DAG(s) 'generate_data_only' retrieved from /home/ec2-user/environment/lab4_model_training/dags/generate_data_dag.py
[2026-03-28T20:53:57.387+0000] {logging_mixin.py:190} INFO - [2026-03-28T20:53:57.386+0000] {dag.py:3239} INFO - Sync 1 DAGs
[2026-03-28T20:53:57.396+0000] {logging_mixin.py:190} INFO - [2026-03-28T20:53:57.396+0000] {dag.py:4180} INFO - Setting next_dagrun for generate_data_only to None, run_after=None
[2026-03-28T20:53:57.411+0000] {processor.py:208} INFO - Processing /home/ec2-user/environment/lab4_model_training/dags/generate_data_dag.py took 1.248 seconds
[2026-03-28T20:54:28.026+0000] {processor.py:186} INFO - Started process (PID=19178) to work on /home/ec2-user/environment/lab4_model_training/dags/generate_data_dag.py
[2026-03-28T20:54:28.027+0000] {processor.py:914} INFO - Processing file /home/ec2-user/environment/lab4_model_training/dags/generate_data_dag.py for tasks to queue
[2026-03-28T20:54:28.028+0000] {logging_mixin.py:190} INFO - [2026-03-28T20:54:28.028+0000] {dagbag.py:588} INFO - Filling up the DagBag from /home/ec2-user/environment/lab4_model_training/dags/generate_data_dag.py
[2026-03-28T20:54:29.230+0000] {processor.py:925} INFO - DAG(s) 'generate_data_only' retrieved from /home/ec2-user/environment/lab4_model_training/dags/generate_data_dag.py
[2026-03-28T20:54:29.243+0000] {logging_mixin.py:190} INFO - [2026-03-28T20:54:29.242+0000] {dag.py:3239} INFO - Sync 1 DAGs
[2026-03-28T20:54:29.251+0000] {logging_mixin.py:190} INFO - [2026-03-28T20:54:29.251+0000] {dag.py:4180} INFO - Setting next_dagrun for generate_data_only to None, run_after=None
[2026-03-28T20:54:29.267+0000] {processor.py:208} INFO - Processing /home/ec2-user/environment/lab4_model_training/dags/generate_data_dag.py took 1.245 seconds
[2026-03-28T20:54:59.803+0000] {processor.py:186} INFO - Started process (PID=19192) to work on /home/ec2-user/environment/lab4_model_training/dags/generate_data_dag.py
[2026-03-28T20:54:59.804+0000] {processor.py:914} INFO - Processing file /home/ec2-user/environment/lab4_model_training/dags/generate_data_dag.py for tasks to queue
[2026-03-28T20:54:59.805+0000] {logging_mixin.py:190} INFO - [2026-03-28T20:54:59.805+0000] {dagbag.py:588} INFO - Filling up the DagBag from /home/ec2-user/environment/lab4_model_training/dags/generate_data_dag.py
[2026-03-28T20:55:01.011+0000] {processor.py:925} INFO - DAG(s) 'generate_data_only' retrieved from /home/ec2-user/environment/lab4_model_training/dags/generate_data_dag.py
[2026-03-28T20:55:01.024+0000] {logging_mixin.py:190} INFO - [2026-03-28T20:55:01.024+0000] {dag.py:3239} INFO - Sync 1 DAGs
[2026-03-28T20:55:01.032+0000] {logging_mixin.py:190} INFO - [2026-03-28T20:55:01.032+0000] {dag.py:4180} INFO - Setting next_dagrun for generate_data_only to None, run_after=None
[2026-03-28T20:55:01.047+0000] {processor.py:208} INFO - Processing /home/ec2-user/environment/lab4_model_training/dags/generate_data_dag.py took 1.249 seconds
[2026-03-28T20:55:31.575+0000] {processor.py:186} INFO - Started process (PID=19214) to work on /home/ec2-user/environment/lab4_model_training/dags/generate_data_dag.py
[2026-03-28T20:55:31.576+0000] {processor.py:914} INFO - Processing file /home/ec2-user/environment/lab4_model_training/dags/generate_data_dag.py for tasks to queue
[2026-03-28T20:55:31.577+0000] {logging_mixin.py:190} INFO - [2026-03-28T20:55:31.576+0000] {dagbag.py:588} INFO - Filling up the DagBag from /home/ec2-user/environment/lab4_model_training/dags/generate_data_dag.py
[2026-03-28T20:55:32.787+0000] {processor.py:925} INFO - DAG(s) 'generate_data_only' retrieved from /home/ec2-user/environment/lab4_model_training/dags/generate_data_dag.py
[2026-03-28T20:55:32.799+0000] {logging_mixin.py:190} INFO - [2026-03-28T20:55:32.798+0000] {dag.py:3239} INFO - Sync 1 DAGs
[2026-03-28T20:55:32.807+0000] {logging_mixin.py:190} INFO - [2026-03-28T20:55:32.807+0000] {dag.py:4180} INFO - Setting next_dagrun for generate_data_only to None, run_after=None
[2026-03-28T20:55:32.822+0000] {processor.py:208} INFO - Processing /home/ec2-user/environment/lab4_model_training/dags/generate_data_dag.py took 1.252 seconds
[2026-03-28T20:56:03.420+0000] {processor.py:186} INFO - Started process (PID=19284) to work on /home/ec2-user/environment/lab4_model_training/dags/generate_data_dag.py
[2026-03-28T20:56:03.421+0000] {processor.py:914} INFO - Processing file /home/ec2-user/environment/lab4_model_training/dags/generate_data_dag.py for tasks to queue
[2026-03-28T20:56:03.422+0000] {logging_mixin.py:190} INFO - [2026-03-28T20:56:03.421+0000] {dagbag.py:588} INFO - Filling up the DagBag from /home/ec2-user/environment/lab4_model_training/dags/generate_data_dag.py
[2026-03-28T20:56:04.629+0000] {processor.py:925} INFO - DAG(s) 'generate_data_only' retrieved from /home/ec2-user/environment/lab4_model_training/dags/generate_data_dag.py
[2026-03-28T20:56:04.640+0000] {logging_mixin.py:190} INFO - [2026-03-28T20:56:04.640+0000] {dag.py:3239} INFO - Sync 1 DAGs
[2026-03-28T20:56:04.648+0000] {logging_mixin.py:190} INFO - [2026-03-28T20:56:04.648+0000] {dag.py:4180} INFO - Setting next_dagrun for generate_data_only to None, run_after=None
[2026-03-28T20:56:04.663+0000] {processor.py:208} INFO - Processing /home/ec2-user/environment/lab4_model_training/dags/generate_data_dag.py took 1.248 seconds
[2026-03-28T20:56:35.079+0000] {processor.py:186} INFO - Started process (PID=19296) to work on /home/ec2-user/environment/lab4_model_training/dags/generate_data_dag.py
[2026-03-28T20:56:35.079+0000] {processor.py:914} INFO - Processing file /home/ec2-user/environment/lab4_model_training/dags/generate_data_dag.py for tasks to queue
[2026-03-28T20:56:35.080+0000] {logging_mixin.py:190} INFO - [2026-03-28T20:56:35.080+0000] {dagbag.py:588} INFO - Filling up the DagBag from /home/ec2-user/environment/lab4_model_training/dags/generate_data_dag.py
[2026-03-28T20:56:36.280+0000] {processor.py:925} INFO - DAG(s) 'generate_data_only' retrieved from /home/ec2-user/environment/lab4_model_training/dags/generate_data_dag.py
[2026-03-28T20:56:36.292+0000] {logging_mixin.py:190} INFO - [2026-03-28T20:56:36.292+0000] {dag.py:3239} INFO - Sync 1 DAGs
[2026-03-28T20:56:36.300+0000] {logging_mixin.py:190} INFO - [2026-03-28T20:56:36.300+0000] {dag.py:4180} INFO - Setting next_dagrun for generate_data_only to None, run_after=None
[2026-03-28T20:56:36.316+0000] {processor.py:208} INFO - Processing /home/ec2-user/environment/lab4_model_training/dags/generate_data_dag.py took 1.242 seconds
[2026-03-28T20:57:06.739+0000] {processor.py:186} INFO - Started process (PID=19317) to work on /home/ec2-user/environment/lab4_model_training/dags/generate_data_dag.py
[2026-03-28T20:57:06.740+0000] {processor.py:914} INFO - Processing file /home/ec2-user/environment/lab4_model_training/dags/generate_data_dag.py for tasks to queue
[2026-03-28T20:57:06.741+0000] {logging_mixin.py:190} INFO - [2026-03-28T20:57:06.741+0000] {dagbag.py:588} INFO - Filling up the DagBag from /home/ec2-user/environment/lab4_model_training/dags/generate_data_dag.py
[2026-03-28T20:57:07.924+0000] {processor.py:925} INFO - DAG(s) 'generate_data_only' retrieved from /home/ec2-user/environment/lab4_model_training/dags/generate_data_dag.py
[2026-03-28T20:57:07.936+0000] {logging_mixin.py:190} INFO - [2026-03-28T20:57:07.936+0000] {dag.py:3239} INFO - Sync 1 DAGs
[2026-03-28T20:57:07.944+0000] {logging_mixin.py:190} INFO - [2026-03-28T20:57:07.944+0000] {dag.py:4180} INFO - Setting next_dagrun for generate_data_only to None, run_after=None
[2026-03-28T20:57:07.960+0000] {processor.py:208} INFO - Processing /home/ec2-user/environment/lab4_model_training/dags/generate_data_dag.py took 1.226 seconds
[2026-03-28T20:57:38.394+0000] {processor.py:186} INFO - Started process (PID=19378) to work on /home/ec2-user/environment/lab4_model_training/dags/generate_data_dag.py
[2026-03-28T20:57:38.396+0000] {processor.py:914} INFO - Processing file /home/ec2-user/environment/lab4_model_training/dags/generate_data_dag.py for tasks to queue
[2026-03-28T20:57:38.396+0000] {logging_mixin.py:190} INFO - [2026-03-28T20:57:38.396+0000] {dagbag.py:588} INFO - Filling up the DagBag from /home/ec2-user/environment/lab4_model_training/dags/generate_data_dag.py
[2026-03-28T20:57:39.576+0000] {processor.py:925} INFO - DAG(s) 'generate_data_only' retrieved from /home/ec2-user/environment/lab4_model_training/dags/generate_data_dag.py
[2026-03-28T20:57:39.587+0000] {logging_mixin.py:190} INFO - [2026-03-28T20:57:39.587+0000] {dag.py:3239} INFO - Sync 1 DAGs
[2026-03-28T20:57:39.596+0000] {logging_mixin.py:190} INFO - [2026-03-28T20:57:39.596+0000] {dag.py:4180} INFO - Setting next_dagrun for generate_data_only to None, run_after=None
[2026-03-28T20:57:39.611+0000] {processor.py:208} INFO - Processing /home/ec2-user/environment/lab4_model_training/dags/generate_data_dag.py took 1.222 seconds
[2026-03-28T20:58:09.712+0000] {processor.py:186} INFO - Started process (PID=19399) to work on /home/ec2-user/environment/lab4_model_training/dags/generate_data_dag.py
[2026-03-28T20:58:09.712+0000] {processor.py:914} INFO - Processing file /home/ec2-user/environment/lab4_model_training/dags/generate_data_dag.py for tasks to queue
[2026-03-28T20:58:09.713+0000] {logging_mixin.py:190} INFO - [2026-03-28T20:58:09.713+0000] {dagbag.py:588} INFO - Filling up the DagBag from /home/ec2-user/environment/lab4_model_training/dags/generate_data_dag.py
[2026-03-28T20:58:10.894+0000] {processor.py:925} INFO - DAG(s) 'generate_data_only' retrieved from /home/ec2-user/environment/lab4_model_training/dags/generate_data_dag.py
[2026-03-28T20:58:10.905+0000] {logging_mixin.py:190} INFO - [2026-03-28T20:58:10.905+0000] {dag.py:3239} INFO - Sync 1 DAGs
[2026-03-28T20:58:10.914+0000] {logging_mixin.py:190} INFO - [2026-03-28T20:58:10.914+0000] {dag.py:4180} INFO - Setting next_dagrun for generate_data_only to None, run_after=None
[2026-03-28T20:58:10.930+0000] {processor.py:208} INFO - Processing /home/ec2-user/environment/lab4_model_training/dags/generate_data_dag.py took 1.222 seconds
[2026-03-28T20:58:41.369+0000] {processor.py:186} INFO - Started process (PID=19412) to work on /home/ec2-user/environment/lab4_model_training/dags/generate_data_dag.py
[2026-03-28T20:58:41.370+0000] {processor.py:914} INFO - Processing file /home/ec2-user/environment/lab4_model_training/dags/generate_data_dag.py for tasks to queue
[2026-03-28T20:58:41.371+0000] {logging_mixin.py:190} INFO - [2026-03-28T20:58:41.371+0000] {dagbag.py:588} INFO - Filling up the DagBag from /home/ec2-user/environment/lab4_model_training/dags/generate_data_dag.py
[2026-03-28T20:58:42.551+0000] {processor.py:925} INFO - DAG(s) 'generate_data_only' retrieved from /home/ec2-user/environment/lab4_model_training/dags/generate_data_dag.py
[2026-03-28T20:58:42.563+0000] {logging_mixin.py:190} INFO - [2026-03-28T20:58:42.563+0000] {dag.py:3239} INFO - Sync 1 DAGs
[2026-03-28T20:58:42.571+0000] {logging_mixin.py:190} INFO - [2026-03-28T20:58:42.571+0000] {dag.py:4180} INFO - Setting next_dagrun for generate_data_only to None, run_after=None
[2026-03-28T20:58:42.586+0000] {processor.py:208} INFO - Processing /home/ec2-user/environment/lab4_model_training/dags/generate_data_dag.py took 1.223 seconds
[2026-03-28T20:59:13.110+0000] {processor.py:186} INFO - Started process (PID=19434) to work on /home/ec2-user/environment/lab4_model_training/dags/generate_data_dag.py
[2026-03-28T20:59:13.111+0000] {processor.py:914} INFO - Processing file /home/ec2-user/environment/lab4_model_training/dags/generate_data_dag.py for tasks to queue
[2026-03-28T20:59:13.112+0000] {logging_mixin.py:190} INFO - [2026-03-28T20:59:13.112+0000] {dagbag.py:588} INFO - Filling up the DagBag from /home/ec2-user/environment/lab4_model_training/dags/generate_data_dag.py
[2026-03-28T20:59:14.288+0000] {processor.py:925} INFO - DAG(s) 'generate_data_only' retrieved from /home/ec2-user/environment/lab4_model_training/dags/generate_data_dag.py
[2026-03-28T20:59:14.300+0000] {logging_mixin.py:190} INFO - [2026-03-28T20:59:14.300+0000] {dag.py:3239} INFO - Sync 1 DAGs
[2026-03-28T20:59:14.308+0000] {logging_mixin.py:190} INFO - [2026-03-28T20:59:14.308+0000] {dag.py:4180} INFO - Setting next_dagrun for generate_data_only to None, run_after=None
[2026-03-28T20:59:14.323+0000] {processor.py:208} INFO - Processing /home/ec2-user/environment/lab4_model_training/dags/generate_data_dag.py took 1.218 seconds
[2026-03-28T20:59:45.222+0000] {processor.py:186} INFO - Started process (PID=19494) to work on /home/ec2-user/environment/lab4_model_training/dags/generate_data_dag.py
[2026-03-28T20:59:45.223+0000] {processor.py:914} INFO - Processing file /home/ec2-user/environment/lab4_model_training/dags/generate_data_dag.py for tasks to queue
[2026-03-28T20:59:45.224+0000] {logging_mixin.py:190} INFO - [2026-03-28T20:59:45.223+0000] {dagbag.py:588} INFO - Filling up the DagBag from /home/ec2-user/environment/lab4_model_training/dags/generate_data_dag.py
[2026-03-28T20:59:46.423+0000] {processor.py:925} INFO - DAG(s) 'generate_data_only' retrieved from /home/ec2-user/environment/lab4_model_training/dags/generate_data_dag.py
[2026-03-28T20:59:46.435+0000] {logging_mixin.py:190} INFO - [2026-03-28T20:59:46.434+0000] {dag.py:3239} INFO - Sync 1 DAGs
[2026-03-28T20:59:46.443+0000] {logging_mixin.py:190} INFO - [2026-03-28T20:59:46.443+0000] {dag.py:4180} INFO - Setting next_dagrun for generate_data_only to None, run_after=None
[2026-03-28T20:59:46.458+0000] {processor.py:208} INFO - Processing /home/ec2-user/environment/lab4_model_training/dags/generate_data_dag.py took 1.241 seconds
[2026-03-28T21:00:16.960+0000] {processor.py:186} INFO - Started process (PID=19520) to work on /home/ec2-user/environment/lab4_model_training/dags/generate_data_dag.py
[2026-03-28T21:00:16.961+0000] {processor.py:914} INFO - Processing file /home/ec2-user/environment/lab4_model_training/dags/generate_data_dag.py for tasks to queue
[2026-03-28T21:00:16.962+0000] {logging_mixin.py:190} INFO - [2026-03-28T21:00:16.962+0000] {dagbag.py:588} INFO - Filling up the DagBag from /home/ec2-user/environment/lab4_model_training/dags/generate_data_dag.py
[2026-03-28T21:00:18.139+0000] {processor.py:925} INFO - DAG(s) 'generate_data_only' retrieved from /home/ec2-user/environment/lab4_model_training/dags/generate_data_dag.py
[2026-03-28T21:00:18.150+0000] {logging_mixin.py:190} INFO - [2026-03-28T21:00:18.150+0000] {dag.py:3239} INFO - Sync 1 DAGs
[2026-03-28T21:00:18.159+0000] {logging_mixin.py:190} INFO - [2026-03-28T21:00:18.159+0000] {dag.py:4180} INFO - Setting next_dagrun for generate_data_only to None, run_after=None
[2026-03-28T21:00:18.174+0000] {processor.py:208} INFO - Processing /home/ec2-user/environment/lab4_model_training/dags/generate_data_dag.py took 1.219 seconds
[2026-03-28T21:00:48.619+0000] {processor.py:186} INFO - Started process (PID=19532) to work on /home/ec2-user/environment/lab4_model_training/dags/generate_data_dag.py
[2026-03-28T21:00:48.620+0000] {processor.py:914} INFO - Processing file /home/ec2-user/environment/lab4_model_training/dags/generate_data_dag.py for tasks to queue
[2026-03-28T21:00:48.621+0000] {logging_mixin.py:190} INFO - [2026-03-28T21:00:48.620+0000] {dagbag.py:588} INFO - Filling up the DagBag from /home/ec2-user/environment/lab4_model_training/dags/generate_data_dag.py
[2026-03-28T21:00:49.809+0000] {processor.py:925} INFO - DAG(s) 'generate_data_only' retrieved from /home/ec2-user/environment/lab4_model_training/dags/generate_data_dag.py
[2026-03-28T21:00:49.821+0000] {logging_mixin.py:190} INFO - [2026-03-28T21:00:49.820+0000] {dag.py:3239} INFO - Sync 1 DAGs
[2026-03-28T21:00:49.829+0000] {logging_mixin.py:190} INFO - [2026-03-28T21:00:49.829+0000] {dag.py:4180} INFO - Setting next_dagrun for generate_data_only to None, run_after=None
[2026-03-28T21:00:49.844+0000] {processor.py:208} INFO - Processing /home/ec2-user/environment/lab4_model_training/dags/generate_data_dag.py took 1.229 seconds
[2026-03-28T21:01:20.285+0000] {processor.py:186} INFO - Started process (PID=19564) to work on /home/ec2-user/environment/lab4_model_training/dags/generate_data_dag.py
[2026-03-28T21:01:20.286+0000] {processor.py:914} INFO - Processing file /home/ec2-user/environment/lab4_model_training/dags/generate_data_dag.py for tasks to queue
[2026-03-28T21:01:20.287+0000] {logging_mixin.py:190} INFO - [2026-03-28T21:01:20.286+0000] {dagbag.py:588} INFO - Filling up the DagBag from /home/ec2-user/environment/lab4_model_training/dags/generate_data_dag.py
[2026-03-28T21:01:21.523+0000] {processor.py:925} INFO - DAG(s) 'generate_data_only' retrieved from /home/ec2-user/environment/lab4_model_training/dags/generate_data_dag.py
[2026-03-28T21:01:21.535+0000] {logging_mixin.py:190} INFO - [2026-03-28T21:01:21.534+0000] {dag.py:3239} INFO - Sync 1 DAGs
[2026-03-28T21:01:21.543+0000] {logging_mixin.py:190} INFO - [2026-03-28T21:01:21.543+0000] {dag.py:4180} INFO - Setting next_dagrun for generate_data_only to None, run_after=None
[2026-03-28T21:01:21.559+0000] {processor.py:208} INFO - Processing /home/ec2-user/environment/lab4_model_training/dags/generate_data_dag.py took 1.279 seconds
[2026-03-28T21:01:52.103+0000] {processor.py:186} INFO - Started process (PID=19625) to work on /home/ec2-user/environment/lab4_model_training/dags/generate_data_dag.py
[2026-03-28T21:01:52.103+0000] {processor.py:914} INFO - Processing file /home/ec2-user/environment/lab4_model_training/dags/generate_data_dag.py for tasks to queue
[2026-03-28T21:01:52.104+0000] {logging_mixin.py:190} INFO - [2026-03-28T21:01:52.104+0000] {dagbag.py:588} INFO - Filling up the DagBag from /home/ec2-user/environment/lab4_model_training/dags/generate_data_dag.py
[2026-03-28T21:01:53.326+0000] {processor.py:925} INFO - DAG(s) 'generate_data_only' retrieved from /home/ec2-user/environment/lab4_model_training/dags/generate_data_dag.py
[2026-03-28T21:01:53.338+0000] {logging_mixin.py:190} INFO - [2026-03-28T21:01:53.337+0000] {dag.py:3239} INFO - Sync 1 DAGs
[2026-03-28T21:01:53.347+0000] {logging_mixin.py:190} INFO - [2026-03-28T21:01:53.347+0000] {dag.py:4180} INFO - Setting next_dagrun for generate_data_only to None, run_after=None
[2026-03-28T21:01:53.362+0000] {processor.py:208} INFO - Processing /home/ec2-user/environment/lab4_model_training/dags/generate_data_dag.py took 1.264 seconds
[2026-03-28T21:02:24.065+0000] {processor.py:186} INFO - Started process (PID=19646) to work on /home/ec2-user/environment/lab4_model_training/dags/generate_data_dag.py
[2026-03-28T21:02:24.066+0000] {processor.py:914} INFO - Processing file /home/ec2-user/environment/lab4_model_training/dags/generate_data_dag.py for tasks to queue
[2026-03-28T21:02:24.067+0000] {logging_mixin.py:190} INFO - [2026-03-28T21:02:24.066+0000] {dagbag.py:588} INFO - Filling up the DagBag from /home/ec2-user/environment/lab4_model_training/dags/generate_data_dag.py
[2026-03-28T21:02:25.281+0000] {processor.py:925} INFO - DAG(s) 'generate_data_only' retrieved from /home/ec2-user/environment/lab4_model_training/dags/generate_data_dag.py
[2026-03-28T21:02:25.292+0000] {logging_mixin.py:190} INFO - [2026-03-28T21:02:25.292+0000] {dag.py:3239} INFO - Sync 1 DAGs
[2026-03-28T21:02:25.301+0000] {logging_mixin.py:190} INFO - [2026-03-28T21:02:25.301+0000] {dag.py:4180} INFO - Setting next_dagrun for generate_data_only to None, run_after=None
[2026-03-28T21:02:25.317+0000] {processor.py:208} INFO - Processing /home/ec2-user/environment/lab4_model_training/dags/generate_data_dag.py took 1.257 seconds
[2026-03-28T21:02:55.925+0000] {processor.py:186} INFO - Started process (PID=19658) to work on /home/ec2-user/environment/lab4_model_training/dags/generate_data_dag.py
[2026-03-28T21:02:55.926+0000] {processor.py:914} INFO - Processing file /home/ec2-user/environment/lab4_model_training/dags/generate_data_dag.py for tasks to queue
[2026-03-28T21:02:55.927+0000] {logging_mixin.py:190} INFO - [2026-03-28T21:02:55.926+0000] {dagbag.py:588} INFO - Filling up the DagBag from /home/ec2-user/environment/lab4_model_training/dags/generate_data_dag.py
[2026-03-28T21:02:57.124+0000] {processor.py:925} INFO - DAG(s) 'generate_data_only' retrieved from /home/ec2-user/environment/lab4_model_training/dags/generate_data_dag.py
[2026-03-28T21:02:57.137+0000] {logging_mixin.py:190} INFO - [2026-03-28T21:02:57.137+0000] {dag.py:3239} INFO - Sync 1 DAGs
[2026-03-28T21:02:57.145+0000] {logging_mixin.py:190} INFO - [2026-03-28T21:02:57.145+0000] {dag.py:4180} INFO - Setting next_dagrun for generate_data_only to None, run_after=None
[2026-03-28T21:02:57.161+0000] {processor.py:208} INFO - Processing /home/ec2-user/environment/lab4_model_training/dags/generate_data_dag.py took 1.240 seconds
[2026-03-28T21:03:27.692+0000] {processor.py:186} INFO - Started process (PID=19679) to work on /home/ec2-user/environment/lab4_model_training/dags/generate_data_dag.py
[2026-03-28T21:03:27.693+0000] {processor.py:914} INFO - Processing file /home/ec2-user/environment/lab4_model_training/dags/generate_data_dag.py for tasks to queue
[2026-03-28T21:03:27.694+0000] {logging_mixin.py:190} INFO - [2026-03-28T21:03:27.694+0000] {dagbag.py:588} INFO - Filling up the DagBag from /home/ec2-user/environment/lab4_model_training/dags/generate_data_dag.py
[2026-03-28T21:03:28.901+0000] {processor.py:925} INFO - DAG(s) 'generate_data_only' retrieved from /home/ec2-user/environment/lab4_model_training/dags/generate_data_dag.py
[2026-03-28T21:03:28.913+0000] {logging_mixin.py:190} INFO - [2026-03-28T21:03:28.913+0000] {dag.py:3239} INFO - Sync 1 DAGs
[2026-03-28T21:03:28.921+0000] {logging_mixin.py:190} INFO - [2026-03-28T21:03:28.921+0000] {dag.py:4180} INFO - Setting next_dagrun for generate_data_only to None, run_after=None
[2026-03-28T21:03:28.936+0000] {processor.py:208} INFO - Processing /home/ec2-user/environment/lab4_model_training/dags/generate_data_dag.py took 1.249 seconds
[2026-03-28T21:03:59.549+0000] {processor.py:186} INFO - Started process (PID=19740) to work on /home/ec2-user/environment/lab4_model_training/dags/generate_data_dag.py
[2026-03-28T21:03:59.550+0000] {processor.py:914} INFO - Processing file /home/ec2-user/environment/lab4_model_training/dags/generate_data_dag.py for tasks to queue
[2026-03-28T21:03:59.550+0000] {logging_mixin.py:190} INFO - [2026-03-28T21:03:59.550+0000] {dagbag.py:588} INFO - Filling up the DagBag from /home/ec2-user/environment/lab4_model_training/dags/generate_data_dag.py
[2026-03-28T21:04:00.752+0000] {processor.py:925} INFO - DAG(s) 'generate_data_only' retrieved from /home/ec2-user/environment/lab4_model_training/dags/generate_data_dag.py
[2026-03-28T21:04:00.765+0000] {logging_mixin.py:190} INFO - [2026-03-28T21:04:00.764+0000] {dag.py:3239} INFO - Sync 1 DAGs
[2026-03-28T21:04:00.773+0000] {logging_mixin.py:190} INFO - [2026-03-28T21:04:00.773+0000] {dag.py:4180} INFO - Setting next_dagrun for generate_data_only to None, run_after=None
[2026-03-28T21:04:00.788+0000] {processor.py:208} INFO - Processing /home/ec2-user/environment/lab4_model_training/dags/generate_data_dag.py took 1.245 seconds
[2026-03-28T21:04:31.320+0000] {processor.py:186} INFO - Started process (PID=19762) to work on /home/ec2-user/environment/lab4_model_training/dags/generate_data_dag.py
[2026-03-28T21:04:31.321+0000] {processor.py:914} INFO - Processing file /home/ec2-user/environment/lab4_model_training/dags/generate_data_dag.py for tasks to queue
[2026-03-28T21:04:31.322+0000] {logging_mixin.py:190} INFO - [2026-03-28T21:04:31.321+0000] {dagbag.py:588} INFO - Filling up the DagBag from /home/ec2-user/environment/lab4_model_training/dags/generate_data_dag.py
[2026-03-28T21:04:32.523+0000] {processor.py:925} INFO - DAG(s) 'generate_data_only' retrieved from /home/ec2-user/environment/lab4_model_training/dags/generate_data_dag.py
[2026-03-28T21:04:32.535+0000] {logging_mixin.py:190} INFO - [2026-03-28T21:04:32.535+0000] {dag.py:3239} INFO - Sync 1 DAGs
[2026-03-28T21:04:32.543+0000] {logging_mixin.py:190} INFO - [2026-03-28T21:04:32.543+0000] {dag.py:4180} INFO - Setting next_dagrun for generate_data_only to None, run_after=None
[2026-03-28T21:04:32.559+0000] {processor.py:208} INFO - Processing /home/ec2-user/environment/lab4_model_training/dags/generate_data_dag.py took 1.243 seconds
[2026-03-28T21:05:03.093+0000] {processor.py:186} INFO - Started process (PID=19785) to work on /home/ec2-user/environment/lab4_model_training/dags/generate_data_dag.py
[2026-03-28T21:05:03.094+0000] {processor.py:914} INFO - Processing file /home/ec2-user/environment/lab4_model_training/dags/generate_data_dag.py for tasks to queue
[2026-03-28T21:05:03.095+0000] {logging_mixin.py:190} INFO - [2026-03-28T21:05:03.095+0000] {dagbag.py:588} INFO - Filling up the DagBag from /home/ec2-user/environment/lab4_model_training/dags/generate_data_dag.py
[2026-03-28T21:05:04.332+0000] {processor.py:925} INFO - DAG(s) 'generate_data_only' retrieved from /home/ec2-user/environment/lab4_model_training/dags/generate_data_dag.py
[2026-03-28T21:05:04.344+0000] {logging_mixin.py:190} INFO - [2026-03-28T21:05:04.344+0000] {dag.py:3239} INFO - Sync 1 DAGs
[2026-03-28T21:05:04.353+0000] {logging_mixin.py:190} INFO - [2026-03-28T21:05:04.353+0000] {dag.py:4180} INFO - Setting next_dagrun for generate_data_only to None, run_after=None
[2026-03-28T21:05:04.368+0000] {processor.py:208} INFO - Processing /home/ec2-user/environment/lab4_model_training/dags/generate_data_dag.py took 1.280 seconds
[2026-03-28T21:05:35.055+0000] {processor.py:186} INFO - Started process (PID=19847) to work on /home/ec2-user/environment/lab4_model_training/dags/generate_data_dag.py
[2026-03-28T21:05:35.055+0000] {processor.py:914} INFO - Processing file /home/ec2-user/environment/lab4_model_training/dags/generate_data_dag.py for tasks to queue
[2026-03-28T21:05:35.056+0000] {logging_mixin.py:190} INFO - [2026-03-28T21:05:35.056+0000] {dagbag.py:588} INFO - Filling up the DagBag from /home/ec2-user/environment/lab4_model_training/dags/generate_data_dag.py
[2026-03-28T21:05:36.270+0000] {processor.py:925} INFO - DAG(s) 'generate_data_only' retrieved from /home/ec2-user/environment/lab4_model_training/dags/generate_data_dag.py
[2026-03-28T21:05:36.282+0000] {logging_mixin.py:190} INFO - [2026-03-28T21:05:36.282+0000] {dag.py:3239} INFO - Sync 1 DAGs
[2026-03-28T21:05:36.291+0000] {logging_mixin.py:190} INFO - [2026-03-28T21:05:36.291+0000] {dag.py:4180} INFO - Setting next_dagrun for generate_data_only to None, run_after=None
[2026-03-28T21:05:36.307+0000] {processor.py:208} INFO - Processing /home/ec2-user/environment/lab4_model_training/dags/generate_data_dag.py took 1.258 seconds
[2026-03-28T21:06:06.891+0000] {processor.py:186} INFO - Started process (PID=19868) to work on /home/ec2-user/environment/lab4_model_training/dags/generate_data_dag.py
[2026-03-28T21:06:06.892+0000] {processor.py:914} INFO - Processing file /home/ec2-user/environment/lab4_model_training/dags/generate_data_dag.py for tasks to queue
[2026-03-28T21:06:06.893+0000] {logging_mixin.py:190} INFO - [2026-03-28T21:06:06.893+0000] {dagbag.py:588} INFO - Filling up the DagBag from /home/ec2-user/environment/lab4_model_training/dags/generate_data_dag.py
[2026-03-28T21:06:08.098+0000] {processor.py:925} INFO - DAG(s) 'generate_data_only' retrieved from /home/ec2-user/environment/lab4_model_training/dags/generate_data_dag.py
[2026-03-28T21:06:08.110+0000] {logging_mixin.py:190} INFO - [2026-03-28T21:06:08.110+0000] {dag.py:3239} INFO - Sync 1 DAGs
[2026-03-28T21:06:08.118+0000] {logging_mixin.py:190} INFO - [2026-03-28T21:06:08.118+0000] {dag.py:4180} INFO - Setting next_dagrun for generate_data_only to None, run_after=None
[2026-03-28T21:06:08.135+0000] {processor.py:208} INFO - Processing /home/ec2-user/environment/lab4_model_training/dags/generate_data_dag.py took 1.248 seconds
[2026-03-28T21:06:38.826+0000] {processor.py:186} INFO - Started process (PID=19880) to work on /home/ec2-user/environment/lab4_model_training/dags/generate_data_dag.py
[2026-03-28T21:06:38.828+0000] {processor.py:914} INFO - Processing file /home/ec2-user/environment/lab4_model_training/dags/generate_data_dag.py for tasks to queue
[2026-03-28T21:06:38.829+0000] {logging_mixin.py:190} INFO - [2026-03-28T21:06:38.828+0000] {dagbag.py:588} INFO - Filling up the DagBag from /home/ec2-user/environment/lab4_model_training/dags/generate_data_dag.py
[2026-03-28T21:06:40.023+0000] {processor.py:925} INFO - DAG(s) 'generate_data_only' retrieved from /home/ec2-user/environment/lab4_model_training/dags/generate_data_dag.py
[2026-03-28T21:06:40.035+0000] {logging_mixin.py:190} INFO - [2026-03-28T21:06:40.034+0000] {dag.py:3239} INFO - Sync 1 DAGs
[2026-03-28T21:06:40.044+0000] {logging_mixin.py:190} INFO - [2026-03-28T21:06:40.044+0000] {dag.py:4180} INFO - Setting next_dagrun for generate_data_only to None, run_after=None
[2026-03-28T21:06:40.059+0000] {processor.py:208} INFO - Processing /home/ec2-user/environment/lab4_model_training/dags/generate_data_dag.py took 1.237 seconds
[2026-03-28T21:07:10.596+0000] {processor.py:186} INFO - Started process (PID=19901) to work on /home/ec2-user/environment/lab4_model_training/dags/generate_data_dag.py
[2026-03-28T21:07:10.597+0000] {processor.py:914} INFO - Processing file /home/ec2-user/environment/lab4_model_training/dags/generate_data_dag.py for tasks to queue
[2026-03-28T21:07:10.598+0000] {logging_mixin.py:190} INFO - [2026-03-28T21:07:10.597+0000] {dagbag.py:588} INFO - Filling up the DagBag from /home/ec2-user/environment/lab4_model_training/dags/generate_data_dag.py
[2026-03-28T21:07:11.793+0000] {processor.py:925} INFO - DAG(s) 'generate_data_only' retrieved from /home/ec2-user/environment/lab4_model_training/dags/generate_data_dag.py
[2026-03-28T21:07:11.804+0000] {logging_mixin.py:190} INFO - [2026-03-28T21:07:11.804+0000] {dag.py:3239} INFO - Sync 1 DAGs
[2026-03-28T21:07:11.813+0000] {logging_mixin.py:190} INFO - [2026-03-28T21:07:11.813+0000] {dag.py:4180} INFO - Setting next_dagrun for generate_data_only to None, run_after=None
[2026-03-28T21:07:11.829+0000] {processor.py:208} INFO - Processing /home/ec2-user/environment/lab4_model_training/dags/generate_data_dag.py took 1.238 seconds
[2026-03-28T21:07:42.278+0000] {processor.py:186} INFO - Started process (PID=19961) to work on /home/ec2-user/environment/lab4_model_training/dags/generate_data_dag.py
[2026-03-28T21:07:42.279+0000] {processor.py:914} INFO - Processing file /home/ec2-user/environment/lab4_model_training/dags/generate_data_dag.py for tasks to queue
[2026-03-28T21:07:42.280+0000] {logging_mixin.py:190} INFO - [2026-03-28T21:07:42.280+0000] {dagbag.py:588} INFO - Filling up the DagBag from /home/ec2-user/environment/lab4_model_training/dags/generate_data_dag.py
[2026-03-28T21:07:43.472+0000] {processor.py:925} INFO - DAG(s) 'generate_data_only' retrieved from /home/ec2-user/environment/lab4_model_training/dags/generate_data_dag.py
[2026-03-28T21:07:43.485+0000] {logging_mixin.py:190} INFO - [2026-03-28T21:07:43.485+0000] {dag.py:3239} INFO - Sync 1 DAGs
[2026-03-28T21:07:43.494+0000] {logging_mixin.py:190} INFO - [2026-03-28T21:07:43.494+0000] {dag.py:4180} INFO - Setting next_dagrun for generate_data_only to None, run_after=None
[2026-03-28T21:07:43.509+0000] {processor.py:208} INFO - Processing /home/ec2-user/environment/lab4_model_training/dags/generate_data_dag.py took 1.236 seconds
[2026-03-28T21:08:14.222+0000] {processor.py:186} INFO - Started process (PID=19982) to work on /home/ec2-user/environment/lab4_model_training/dags/generate_data_dag.py
[2026-03-28T21:08:14.223+0000] {processor.py:914} INFO - Processing file /home/ec2-user/environment/lab4_model_training/dags/generate_data_dag.py for tasks to queue
[2026-03-28T21:08:14.224+0000] {logging_mixin.py:190} INFO - [2026-03-28T21:08:14.224+0000] {dagbag.py:588} INFO - Filling up the DagBag from /home/ec2-user/environment/lab4_model_training/dags/generate_data_dag.py
[2026-03-28T21:08:15.419+0000] {processor.py:925} INFO - DAG(s) 'generate_data_only' retrieved from /home/ec2-user/environment/lab4_model_training/dags/generate_data_dag.py
[2026-03-28T21:08:15.432+0000] {logging_mixin.py:190} INFO - [2026-03-28T21:08:15.431+0000] {dag.py:3239} INFO - Sync 1 DAGs
[2026-03-28T21:08:15.440+0000] {logging_mixin.py:190} INFO - [2026-03-28T21:08:15.440+0000] {dag.py:4180} INFO - Setting next_dagrun for generate_data_only to None, run_after=None
[2026-03-28T21:08:15.455+0000] {processor.py:208} INFO - Processing /home/ec2-user/environment/lab4_model_training/dags/generate_data_dag.py took 1.238 seconds
[2026-03-28T21:08:45.976+0000] {processor.py:186} INFO - Started process (PID=19994) to work on /home/ec2-user/environment/lab4_model_training/dags/generate_data_dag.py
[2026-03-28T21:08:45.977+0000] {processor.py:914} INFO - Processing file /home/ec2-user/environment/lab4_model_training/dags/generate_data_dag.py for tasks to queue
[2026-03-28T21:08:45.978+0000] {logging_mixin.py:190} INFO - [2026-03-28T21:08:45.977+0000] {dagbag.py:588} INFO - Filling up the DagBag from /home/ec2-user/environment/lab4_model_training/dags/generate_data_dag.py
[2026-03-28T21:08:47.176+0000] {processor.py:925} INFO - DAG(s) 'generate_data_only' retrieved from /home/ec2-user/environment/lab4_model_training/dags/generate_data_dag.py
[2026-03-28T21:08:47.188+0000] {logging_mixin.py:190} INFO - [2026-03-28T21:08:47.188+0000] {dag.py:3239} INFO - Sync 1 DAGs
[2026-03-28T21:08:47.196+0000] {logging_mixin.py:190} INFO - [2026-03-28T21:08:47.196+0000] {dag.py:4180} INFO - Setting next_dagrun for generate_data_only to None, run_after=None
[2026-03-28T21:08:47.211+0000] {processor.py:208} INFO - Processing /home/ec2-user/environment/lab4_model_training/dags/generate_data_dag.py took 1.240 seconds
[2026-03-28T21:09:17.640+0000] {processor.py:186} INFO - Started process (PID=20016) to work on /home/ec2-user/environment/lab4_model_training/dags/generate_data_dag.py
[2026-03-28T21:09:17.642+0000] {processor.py:914} INFO - Processing file /home/ec2-user/environment/lab4_model_training/dags/generate_data_dag.py for tasks to queue
[2026-03-28T21:09:17.643+0000] {logging_mixin.py:190} INFO - [2026-03-28T21:09:17.642+0000] {dagbag.py:588} INFO - Filling up the DagBag from /home/ec2-user/environment/lab4_model_training/dags/generate_data_dag.py
[2026-03-28T21:09:18.847+0000] {processor.py:925} INFO - DAG(s) 'generate_data_only' retrieved from /home/ec2-user/environment/lab4_model_training/dags/generate_data_dag.py
[2026-03-28T21:09:18.859+0000] {logging_mixin.py:190} INFO - [2026-03-28T21:09:18.858+0000] {dag.py:3239} INFO - Sync 1 DAGs
[2026-03-28T21:09:18.867+0000] {logging_mixin.py:190} INFO - [2026-03-28T21:09:18.867+0000] {dag.py:4180} INFO - Setting next_dagrun for generate_data_only to None, run_after=None
[2026-03-28T21:09:18.882+0000] {processor.py:208} INFO - Processing /home/ec2-user/environment/lab4_model_training/dags/generate_data_dag.py took 1.247 seconds
[2026-03-28T21:09:49.478+0000] {processor.py:186} INFO - Started process (PID=20077) to work on /home/ec2-user/environment/lab4_model_training/dags/generate_data_dag.py
[2026-03-28T21:09:49.479+0000] {processor.py:914} INFO - Processing file /home/ec2-user/environment/lab4_model_training/dags/generate_data_dag.py for tasks to queue
[2026-03-28T21:09:49.480+0000] {logging_mixin.py:190} INFO - [2026-03-28T21:09:49.480+0000] {dagbag.py:588} INFO - Filling up the DagBag from /home/ec2-user/environment/lab4_model_training/dags/generate_data_dag.py
[2026-03-28T21:09:50.686+0000] {processor.py:925} INFO - DAG(s) 'generate_data_only' retrieved from /home/ec2-user/environment/lab4_model_training/dags/generate_data_dag.py
[2026-03-28T21:09:50.698+0000] {logging_mixin.py:190} INFO - [2026-03-28T21:09:50.698+0000] {dag.py:3239} INFO - Sync 1 DAGs
[2026-03-28T21:09:50.706+0000] {logging_mixin.py:190} INFO - [2026-03-28T21:09:50.706+0000] {dag.py:4180} INFO - Setting next_dagrun for generate_data_only to None, run_after=None
[2026-03-28T21:09:50.722+0000] {processor.py:208} INFO - Processing /home/ec2-user/environment/lab4_model_training/dags/generate_data_dag.py took 1.250 seconds
[2026-03-28T21:10:21.159+0000] {processor.py:186} INFO - Started process (PID=20102) to work on /home/ec2-user/environment/lab4_model_training/dags/generate_data_dag.py
[2026-03-28T21:10:21.160+0000] {processor.py:914} INFO - Processing file /home/ec2-user/environment/lab4_model_training/dags/generate_data_dag.py for tasks to queue
[2026-03-28T21:10:21.161+0000] {logging_mixin.py:190} INFO - [2026-03-28T21:10:21.160+0000] {dagbag.py:588} INFO - Filling up the DagBag from /home/ec2-user/environment/lab4_model_training/dags/generate_data_dag.py
[2026-03-28T21:10:22.352+0000] {processor.py:925} INFO - DAG(s) 'generate_data_only' retrieved from /home/ec2-user/environment/lab4_model_training/dags/generate_data_dag.py
[2026-03-28T21:10:22.363+0000] {logging_mixin.py:190} INFO - [2026-03-28T21:10:22.363+0000] {dag.py:3239} INFO - Sync 1 DAGs
[2026-03-28T21:10:22.371+0000] {logging_mixin.py:190} INFO - [2026-03-28T21:10:22.371+0000] {dag.py:4180} INFO - Setting next_dagrun for generate_data_only to None, run_after=None
[2026-03-28T21:10:22.387+0000] {processor.py:208} INFO - Processing /home/ec2-user/environment/lab4_model_training/dags/generate_data_dag.py took 1.234 seconds
[2026-03-28T21:10:53.026+0000] {processor.py:186} INFO - Started process (PID=20116) to work on /home/ec2-user/environment/lab4_model_training/dags/generate_data_dag.py
[2026-03-28T21:10:53.027+0000] {processor.py:914} INFO - Processing file /home/ec2-user/environment/lab4_model_training/dags/generate_data_dag.py for tasks to queue
[2026-03-28T21:10:53.028+0000] {logging_mixin.py:190} INFO - [2026-03-28T21:10:53.027+0000] {dagbag.py:588} INFO - Filling up the DagBag from /home/ec2-user/environment/lab4_model_training/dags/generate_data_dag.py
[2026-03-28T21:10:54.194+0000] {processor.py:925} INFO - DAG(s) 'generate_data_only' retrieved from /home/ec2-user/environment/lab4_model_training/dags/generate_data_dag.py
[2026-03-28T21:10:54.206+0000] {logging_mixin.py:190} INFO - [2026-03-28T21:10:54.205+0000] {dag.py:3239} INFO - Sync 1 DAGs
[2026-03-28T21:10:54.215+0000] {logging_mixin.py:190} INFO - [2026-03-28T21:10:54.214+0000] {dag.py:4180} INFO - Setting next_dagrun for generate_data_only to None, run_after=None
[2026-03-28T21:10:54.230+0000] {processor.py:208} INFO - Processing /home/ec2-user/environment/lab4_model_training/dags/generate_data_dag.py took 1.208 seconds
[2026-03-28T21:11:24.682+0000] {processor.py:186} INFO - Started process (PID=20137) to work on /home/ec2-user/environment/lab4_model_training/dags/generate_data_dag.py
[2026-03-28T21:11:24.683+0000] {processor.py:914} INFO - Processing file /home/ec2-user/environment/lab4_model_training/dags/generate_data_dag.py for tasks to queue
[2026-03-28T21:11:24.684+0000] {logging_mixin.py:190} INFO - [2026-03-28T21:11:24.684+0000] {dagbag.py:588} INFO - Filling up the DagBag from /home/ec2-user/environment/lab4_model_training/dags/generate_data_dag.py
[2026-03-28T21:11:25.898+0000] {processor.py:925} INFO - DAG(s) 'generate_data_only' retrieved from /home/ec2-user/environment/lab4_model_training/dags/generate_data_dag.py
[2026-03-28T21:11:25.910+0000] {logging_mixin.py:190} INFO - [2026-03-28T21:11:25.909+0000] {dag.py:3239} INFO - Sync 1 DAGs
[2026-03-28T21:11:25.919+0000] {logging_mixin.py:190} INFO - [2026-03-28T21:11:25.918+0000] {dag.py:4180} INFO - Setting next_dagrun for generate_data_only to None, run_after=None
[2026-03-28T21:11:25.934+0000] {processor.py:208} INFO - Processing /home/ec2-user/environment/lab4_model_training/dags/generate_data_dag.py took 1.258 seconds
[2026-03-28T21:11:56.463+0000] {processor.py:186} INFO - Started process (PID=20197) to work on /home/ec2-user/environment/lab4_model_training/dags/generate_data_dag.py
[2026-03-28T21:11:56.464+0000] {processor.py:914} INFO - Processing file /home/ec2-user/environment/lab4_model_training/dags/generate_data_dag.py for tasks to queue
[2026-03-28T21:11:56.465+0000] {logging_mixin.py:190} INFO - [2026-03-28T21:11:56.465+0000] {dagbag.py:588} INFO - Filling up the DagBag from /home/ec2-user/environment/lab4_model_training/dags/generate_data_dag.py
[2026-03-28T21:11:57.669+0000] {processor.py:925} INFO - DAG(s) 'generate_data_only' retrieved from /home/ec2-user/environment/lab4_model_training/dags/generate_data_dag.py
[2026-03-28T21:11:57.682+0000] {logging_mixin.py:190} INFO - [2026-03-28T21:11:57.681+0000] {dag.py:3239} INFO - Sync 1 DAGs
[2026-03-28T21:11:57.690+0000] {logging_mixin.py:190} INFO - [2026-03-28T21:11:57.690+0000] {dag.py:4180} INFO - Setting next_dagrun for generate_data_only to None, run_after=None
[2026-03-28T21:11:57.705+0000] {processor.py:208} INFO - Processing /home/ec2-user/environment/lab4_model_training/dags/generate_data_dag.py took 1.246 seconds
[2026-03-28T21:12:28.140+0000] {processor.py:186} INFO - Started process (PID=20218) to work on /home/ec2-user/environment/lab4_model_training/dags/generate_data_dag.py
[2026-03-28T21:12:28.140+0000] {processor.py:914} INFO - Processing file /home/ec2-user/environment/lab4_model_training/dags/generate_data_dag.py for tasks to queue
[2026-03-28T21:12:28.141+0000] {logging_mixin.py:190} INFO - [2026-03-28T21:12:28.141+0000] {dagbag.py:588} INFO - Filling up the DagBag from /home/ec2-user/environment/lab4_model_training/dags/generate_data_dag.py
[2026-03-28T21:12:29.351+0000] {processor.py:925} INFO - DAG(s) 'generate_data_only' retrieved from /home/ec2-user/environment/lab4_model_training/dags/generate_data_dag.py
[2026-03-28T21:12:29.363+0000] {logging_mixin.py:190} INFO - [2026-03-28T21:12:29.363+0000] {dag.py:3239} INFO - Sync 1 DAGs
[2026-03-28T21:12:29.371+0000] {logging_mixin.py:190} INFO - [2026-03-28T21:12:29.371+0000] {dag.py:4180} INFO - Setting next_dagrun for generate_data_only to None, run_after=None
[2026-03-28T21:12:29.387+0000] {processor.py:208} INFO - Processing /home/ec2-user/environment/lab4_model_training/dags/generate_data_dag.py took 1.252 seconds
[2026-03-28T21:13:00.314+0000] {processor.py:186} INFO - Started process (PID=20230) to work on /home/ec2-user/environment/lab4_model_training/dags/generate_data_dag.py
[2026-03-28T21:13:00.315+0000] {processor.py:914} INFO - Processing file /home/ec2-user/environment/lab4_model_training/dags/generate_data_dag.py for tasks to queue
[2026-03-28T21:13:00.316+0000] {logging_mixin.py:190} INFO - [2026-03-28T21:13:00.315+0000] {dagbag.py:588} INFO - Filling up the DagBag from /home/ec2-user/environment/lab4_model_training/dags/generate_data_dag.py
[2026-03-28T21:13:01.560+0000] {processor.py:925} INFO - DAG(s) 'generate_data_only' retrieved from /home/ec2-user/environment/lab4_model_training/dags/generate_data_dag.py
[2026-03-28T21:13:01.571+0000] {logging_mixin.py:190} INFO - [2026-03-28T21:13:01.571+0000] {dag.py:3239} INFO - Sync 1 DAGs
[2026-03-28T21:13:01.580+0000] {logging_mixin.py:190} INFO - [2026-03-28T21:13:01.580+0000] {dag.py:4180} INFO - Setting next_dagrun for generate_data_only to None, run_after=None
[2026-03-28T21:13:01.595+0000] {processor.py:208} INFO - Processing /home/ec2-user/environment/lab4_model_training/dags/generate_data_dag.py took 1.286 seconds
[2026-03-28T21:13:32.072+0000] {processor.py:186} INFO - Started process (PID=20251) to work on /home/ec2-user/environment/lab4_model_training/dags/generate_data_dag.py
[2026-03-28T21:13:32.073+0000] {processor.py:914} INFO - Processing file /home/ec2-user/environment/lab4_model_training/dags/generate_data_dag.py for tasks to queue
[2026-03-28T21:13:32.074+0000] {logging_mixin.py:190} INFO - [2026-03-28T21:13:32.074+0000] {dagbag.py:588} INFO - Filling up the DagBag from /home/ec2-user/environment/lab4_model_training/dags/generate_data_dag.py
[2026-03-28T21:13:33.320+0000] {processor.py:925} INFO - DAG(s) 'generate_data_only' retrieved from /home/ec2-user/environment/lab4_model_training/dags/generate_data_dag.py
[2026-03-28T21:13:33.332+0000] {logging_mixin.py:190} INFO - [2026-03-28T21:13:33.332+0000] {dag.py:3239} INFO - Sync 1 DAGs
[2026-03-28T21:13:33.340+0000] {logging_mixin.py:190} INFO - [2026-03-28T21:13:33.340+0000] {dag.py:4180} INFO - Setting next_dagrun for generate_data_only to None, run_after=None
[2026-03-28T21:13:33.355+0000] {processor.py:208} INFO - Processing /home/ec2-user/environment/lab4_model_training/dags/generate_data_dag.py took 1.288 seconds
