[2026-03-28T19:11:28.641+0000] {processor.py:186} INFO - Started process (PID=9318) to work on /home/ec2-user/environment/lab4_model_training/dags/ml_pipeline_dag.py
[2026-03-28T19:11:28.642+0000] {processor.py:914} INFO - Processing file /home/ec2-user/environment/lab4_model_training/dags/ml_pipeline_dag.py for tasks to queue
[2026-03-28T19:11:28.643+0000] {logging_mixin.py:190} INFO - [2026-03-28T19:11:28.643+0000] {dagbag.py:588} INFO - Filling up the DagBag from /home/ec2-user/environment/lab4_model_training/dags/ml_pipeline_dag.py
[2026-03-28T19:11:30.077+0000] {processor.py:925} INFO - DAG(s) 'ml_pipeline' retrieved from /home/ec2-user/environment/lab4_model_training/dags/ml_pipeline_dag.py
[2026-03-28T19:11:30.159+0000] {logging_mixin.py:190} INFO - [2026-03-28T19:11:30.159+0000] {dag.py:3239} INFO - Sync 1 DAGs
[2026-03-28T19:11:30.167+0000] {logging_mixin.py:190} INFO - [2026-03-28T19:11:30.167+0000] {dag.py:4180} INFO - Setting next_dagrun for ml_pipeline to None, run_after=None
[2026-03-28T19:11:30.185+0000] {processor.py:208} INFO - Processing /home/ec2-user/environment/lab4_model_training/dags/ml_pipeline_dag.py took 1.548 seconds
[2026-03-28T19:12:00.351+0000] {processor.py:186} INFO - Started process (PID=9403) to work on /home/ec2-user/environment/lab4_model_training/dags/ml_pipeline_dag.py
[2026-03-28T19:12:00.351+0000] {processor.py:914} INFO - Processing file /home/ec2-user/environment/lab4_model_training/dags/ml_pipeline_dag.py for tasks to queue
[2026-03-28T19:12:00.352+0000] {logging_mixin.py:190} INFO - [2026-03-28T19:12:00.352+0000] {dagbag.py:588} INFO - Filling up the DagBag from /home/ec2-user/environment/lab4_model_training/dags/ml_pipeline_dag.py
[2026-03-28T19:12:01.786+0000] {processor.py:925} INFO - DAG(s) 'ml_pipeline' retrieved from /home/ec2-user/environment/lab4_model_training/dags/ml_pipeline_dag.py
[2026-03-28T19:12:01.799+0000] {logging_mixin.py:190} INFO - [2026-03-28T19:12:01.798+0000] {dag.py:3239} INFO - Sync 1 DAGs
[2026-03-28T19:12:01.807+0000] {logging_mixin.py:190} INFO - [2026-03-28T19:12:01.807+0000] {dag.py:4180} INFO - Setting next_dagrun for ml_pipeline to None, run_after=None
[2026-03-28T19:12:01.828+0000] {processor.py:208} INFO - Processing /home/ec2-user/environment/lab4_model_training/dags/ml_pipeline_dag.py took 1.482 seconds
[2026-03-28T19:12:31.954+0000] {processor.py:186} INFO - Started process (PID=9494) to work on /home/ec2-user/environment/lab4_model_training/dags/ml_pipeline_dag.py
[2026-03-28T19:12:31.955+0000] {processor.py:914} INFO - Processing file /home/ec2-user/environment/lab4_model_training/dags/ml_pipeline_dag.py for tasks to queue
[2026-03-28T19:12:31.956+0000] {logging_mixin.py:190} INFO - [2026-03-28T19:12:31.956+0000] {dagbag.py:588} INFO - Filling up the DagBag from /home/ec2-user/environment/lab4_model_training/dags/ml_pipeline_dag.py
[2026-03-28T19:12:33.405+0000] {processor.py:925} INFO - DAG(s) 'ml_pipeline' retrieved from /home/ec2-user/environment/lab4_model_training/dags/ml_pipeline_dag.py
[2026-03-28T19:12:33.419+0000] {logging_mixin.py:190} INFO - [2026-03-28T19:12:33.418+0000] {dag.py:3239} INFO - Sync 1 DAGs
[2026-03-28T19:12:33.428+0000] {logging_mixin.py:190} INFO - [2026-03-28T19:12:33.428+0000] {dag.py:4180} INFO - Setting next_dagrun for ml_pipeline to None, run_after=None
[2026-03-28T19:12:33.446+0000] {processor.py:208} INFO - Processing /home/ec2-user/environment/lab4_model_training/dags/ml_pipeline_dag.py took 1.496 seconds
[2026-03-28T19:13:03.564+0000] {processor.py:186} INFO - Started process (PID=9532) to work on /home/ec2-user/environment/lab4_model_training/dags/ml_pipeline_dag.py
[2026-03-28T19:13:03.565+0000] {processor.py:914} INFO - Processing file /home/ec2-user/environment/lab4_model_training/dags/ml_pipeline_dag.py for tasks to queue
[2026-03-28T19:13:03.566+0000] {logging_mixin.py:190} INFO - [2026-03-28T19:13:03.565+0000] {dagbag.py:588} INFO - Filling up the DagBag from /home/ec2-user/environment/lab4_model_training/dags/ml_pipeline_dag.py
[2026-03-28T19:13:04.983+0000] {processor.py:925} INFO - DAG(s) 'ml_pipeline' retrieved from /home/ec2-user/environment/lab4_model_training/dags/ml_pipeline_dag.py
[2026-03-28T19:13:04.996+0000] {logging_mixin.py:190} INFO - [2026-03-28T19:13:04.996+0000] {dag.py:3239} INFO - Sync 1 DAGs
[2026-03-28T19:13:05.005+0000] {logging_mixin.py:190} INFO - [2026-03-28T19:13:05.005+0000] {dag.py:4180} INFO - Setting next_dagrun for ml_pipeline to None, run_after=None
[2026-03-28T19:13:05.023+0000] {processor.py:208} INFO - Processing /home/ec2-user/environment/lab4_model_training/dags/ml_pipeline_dag.py took 1.464 seconds
[2026-03-28T19:13:35.136+0000] {processor.py:186} INFO - Started process (PID=9606) to work on /home/ec2-user/environment/lab4_model_training/dags/ml_pipeline_dag.py
[2026-03-28T19:13:35.137+0000] {processor.py:914} INFO - Processing file /home/ec2-user/environment/lab4_model_training/dags/ml_pipeline_dag.py for tasks to queue
[2026-03-28T19:13:35.138+0000] {logging_mixin.py:190} INFO - [2026-03-28T19:13:35.138+0000] {dagbag.py:588} INFO - Filling up the DagBag from /home/ec2-user/environment/lab4_model_training/dags/ml_pipeline_dag.py
[2026-03-28T19:13:36.603+0000] {processor.py:925} INFO - DAG(s) 'ml_pipeline' retrieved from /home/ec2-user/environment/lab4_model_training/dags/ml_pipeline_dag.py
[2026-03-28T19:13:36.617+0000] {logging_mixin.py:190} INFO - [2026-03-28T19:13:36.616+0000] {dag.py:3239} INFO - Sync 1 DAGs
[2026-03-28T19:13:36.627+0000] {logging_mixin.py:190} INFO - [2026-03-28T19:13:36.627+0000] {dag.py:4180} INFO - Setting next_dagrun for ml_pipeline to None, run_after=None
[2026-03-28T19:13:36.645+0000] {processor.py:208} INFO - Processing /home/ec2-user/environment/lab4_model_training/dags/ml_pipeline_dag.py took 1.514 seconds
[2026-03-28T19:14:07.857+0000] {processor.py:186} INFO - Started process (PID=9644) to work on /home/ec2-user/environment/lab4_model_training/dags/ml_pipeline_dag.py
[2026-03-28T19:14:07.858+0000] {processor.py:914} INFO - Processing file /home/ec2-user/environment/lab4_model_training/dags/ml_pipeline_dag.py for tasks to queue
[2026-03-28T19:14:07.859+0000] {logging_mixin.py:190} INFO - [2026-03-28T19:14:07.859+0000] {dagbag.py:588} INFO - Filling up the DagBag from /home/ec2-user/environment/lab4_model_training/dags/ml_pipeline_dag.py
[2026-03-28T19:14:09.313+0000] {processor.py:925} INFO - DAG(s) 'ml_pipeline' retrieved from /home/ec2-user/environment/lab4_model_training/dags/ml_pipeline_dag.py
[2026-03-28T19:14:09.327+0000] {logging_mixin.py:190} INFO - [2026-03-28T19:14:09.326+0000] {dag.py:3239} INFO - Sync 1 DAGs
[2026-03-28T19:14:09.337+0000] {logging_mixin.py:190} INFO - [2026-03-28T19:14:09.337+0000] {dag.py:4180} INFO - Setting next_dagrun for ml_pipeline to None, run_after=None
[2026-03-28T19:14:09.355+0000] {processor.py:208} INFO - Processing /home/ec2-user/environment/lab4_model_training/dags/ml_pipeline_dag.py took 1.503 seconds
[2026-03-28T19:14:40.453+0000] {processor.py:186} INFO - Started process (PID=9670) to work on /home/ec2-user/environment/lab4_model_training/dags/ml_pipeline_dag.py
[2026-03-28T19:14:40.454+0000] {processor.py:914} INFO - Processing file /home/ec2-user/environment/lab4_model_training/dags/ml_pipeline_dag.py for tasks to queue
[2026-03-28T19:14:40.455+0000] {logging_mixin.py:190} INFO - [2026-03-28T19:14:40.455+0000] {dagbag.py:588} INFO - Filling up the DagBag from /home/ec2-user/environment/lab4_model_training/dags/ml_pipeline_dag.py
[2026-03-28T19:14:41.907+0000] {processor.py:925} INFO - DAG(s) 'ml_pipeline' retrieved from /home/ec2-user/environment/lab4_model_training/dags/ml_pipeline_dag.py
[2026-03-28T19:14:41.922+0000] {logging_mixin.py:190} INFO - [2026-03-28T19:14:41.921+0000] {dag.py:3239} INFO - Sync 1 DAGs
[2026-03-28T19:14:41.931+0000] {logging_mixin.py:190} INFO - [2026-03-28T19:14:41.931+0000] {dag.py:4180} INFO - Setting next_dagrun for ml_pipeline to None, run_after=None
[2026-03-28T19:14:41.948+0000] {processor.py:208} INFO - Processing /home/ec2-user/environment/lab4_model_training/dags/ml_pipeline_dag.py took 1.500 seconds
[2026-03-28T19:15:12.051+0000] {processor.py:186} INFO - Started process (PID=9708) to work on /home/ec2-user/environment/lab4_model_training/dags/ml_pipeline_dag.py
[2026-03-28T19:15:12.052+0000] {processor.py:914} INFO - Processing file /home/ec2-user/environment/lab4_model_training/dags/ml_pipeline_dag.py for tasks to queue
[2026-03-28T19:15:12.052+0000] {logging_mixin.py:190} INFO - [2026-03-28T19:15:12.052+0000] {dagbag.py:588} INFO - Filling up the DagBag from /home/ec2-user/environment/lab4_model_training/dags/ml_pipeline_dag.py
[2026-03-28T19:15:13.494+0000] {processor.py:925} INFO - DAG(s) 'ml_pipeline' retrieved from /home/ec2-user/environment/lab4_model_training/dags/ml_pipeline_dag.py
[2026-03-28T19:15:13.509+0000] {logging_mixin.py:190} INFO - [2026-03-28T19:15:13.508+0000] {dag.py:3239} INFO - Sync 1 DAGs
[2026-03-28T19:15:13.518+0000] {logging_mixin.py:190} INFO - [2026-03-28T19:15:13.518+0000] {dag.py:4180} INFO - Setting next_dagrun for ml_pipeline to None, run_after=None
[2026-03-28T19:15:13.535+0000] {processor.py:208} INFO - Processing /home/ec2-user/environment/lab4_model_training/dags/ml_pipeline_dag.py took 1.489 seconds
[2026-03-28T19:15:43.693+0000] {processor.py:186} INFO - Started process (PID=9790) to work on /home/ec2-user/environment/lab4_model_training/dags/ml_pipeline_dag.py
[2026-03-28T19:15:43.694+0000] {processor.py:914} INFO - Processing file /home/ec2-user/environment/lab4_model_training/dags/ml_pipeline_dag.py for tasks to queue
[2026-03-28T19:15:43.695+0000] {logging_mixin.py:190} INFO - [2026-03-28T19:15:43.694+0000] {dagbag.py:588} INFO - Filling up the DagBag from /home/ec2-user/environment/lab4_model_training/dags/ml_pipeline_dag.py
[2026-03-28T19:15:45.148+0000] {processor.py:925} INFO - DAG(s) 'ml_pipeline' retrieved from /home/ec2-user/environment/lab4_model_training/dags/ml_pipeline_dag.py
[2026-03-28T19:15:45.162+0000] {logging_mixin.py:190} INFO - [2026-03-28T19:15:45.162+0000] {dag.py:3239} INFO - Sync 1 DAGs
[2026-03-28T19:15:45.171+0000] {logging_mixin.py:190} INFO - [2026-03-28T19:15:45.171+0000] {dag.py:4180} INFO - Setting next_dagrun for ml_pipeline to None, run_after=None
[2026-03-28T19:15:45.191+0000] {processor.py:208} INFO - Processing /home/ec2-user/environment/lab4_model_training/dags/ml_pipeline_dag.py took 1.503 seconds
[2026-03-28T19:16:15.369+0000] {processor.py:186} INFO - Started process (PID=9836) to work on /home/ec2-user/environment/lab4_model_training/dags/ml_pipeline_dag.py
[2026-03-28T19:16:15.369+0000] {processor.py:914} INFO - Processing file /home/ec2-user/environment/lab4_model_training/dags/ml_pipeline_dag.py for tasks to queue
[2026-03-28T19:16:15.370+0000] {logging_mixin.py:190} INFO - [2026-03-28T19:16:15.370+0000] {dagbag.py:588} INFO - Filling up the DagBag from /home/ec2-user/environment/lab4_model_training/dags/ml_pipeline_dag.py
[2026-03-28T19:16:16.822+0000] {processor.py:925} INFO - DAG(s) 'ml_pipeline' retrieved from /home/ec2-user/environment/lab4_model_training/dags/ml_pipeline_dag.py
[2026-03-28T19:16:16.836+0000] {logging_mixin.py:190} INFO - [2026-03-28T19:16:16.836+0000] {dag.py:3239} INFO - Sync 1 DAGs
[2026-03-28T19:16:16.845+0000] {logging_mixin.py:190} INFO - [2026-03-28T19:16:16.845+0000] {dag.py:4180} INFO - Setting next_dagrun for ml_pipeline to None, run_after=None
[2026-03-28T19:16:16.863+0000] {processor.py:208} INFO - Processing /home/ec2-user/environment/lab4_model_training/dags/ml_pipeline_dag.py took 1.499 seconds
[2026-03-28T19:16:48.884+0000] {processor.py:186} INFO - Started process (PID=9863) to work on /home/ec2-user/environment/lab4_model_training/dags/ml_pipeline_dag.py
[2026-03-28T19:16:48.885+0000] {processor.py:914} INFO - Processing file /home/ec2-user/environment/lab4_model_training/dags/ml_pipeline_dag.py for tasks to queue
[2026-03-28T19:16:48.886+0000] {logging_mixin.py:190} INFO - [2026-03-28T19:16:48.886+0000] {dagbag.py:588} INFO - Filling up the DagBag from /home/ec2-user/environment/lab4_model_training/dags/ml_pipeline_dag.py
[2026-03-28T19:16:50.311+0000] {processor.py:925} INFO - DAG(s) 'ml_pipeline' retrieved from /home/ec2-user/environment/lab4_model_training/dags/ml_pipeline_dag.py
[2026-03-28T19:16:50.324+0000] {logging_mixin.py:190} INFO - [2026-03-28T19:16:50.324+0000] {dag.py:3239} INFO - Sync 1 DAGs
[2026-03-28T19:16:50.333+0000] {logging_mixin.py:190} INFO - [2026-03-28T19:16:50.333+0000] {dag.py:4180} INFO - Setting next_dagrun for ml_pipeline to None, run_after=None
[2026-03-28T19:16:50.353+0000] {processor.py:208} INFO - Processing /home/ec2-user/environment/lab4_model_training/dags/ml_pipeline_dag.py took 1.473 seconds
[2026-03-28T19:17:21.502+0000] {processor.py:186} INFO - Started process (PID=9907) to work on /home/ec2-user/environment/lab4_model_training/dags/ml_pipeline_dag.py
[2026-03-28T19:17:21.504+0000] {processor.py:914} INFO - Processing file /home/ec2-user/environment/lab4_model_training/dags/ml_pipeline_dag.py for tasks to queue
[2026-03-28T19:17:21.505+0000] {logging_mixin.py:190} INFO - [2026-03-28T19:17:21.504+0000] {dagbag.py:588} INFO - Filling up the DagBag from /home/ec2-user/environment/lab4_model_training/dags/ml_pipeline_dag.py
[2026-03-28T19:17:22.959+0000] {processor.py:925} INFO - DAG(s) 'ml_pipeline' retrieved from /home/ec2-user/environment/lab4_model_training/dags/ml_pipeline_dag.py
[2026-03-28T19:17:22.972+0000] {logging_mixin.py:190} INFO - [2026-03-28T19:17:22.972+0000] {dag.py:3239} INFO - Sync 1 DAGs
[2026-03-28T19:17:22.982+0000] {logging_mixin.py:190} INFO - [2026-03-28T19:17:22.981+0000] {dag.py:4180} INFO - Setting next_dagrun for ml_pipeline to None, run_after=None
[2026-03-28T19:17:23.000+0000] {processor.py:208} INFO - Processing /home/ec2-user/environment/lab4_model_training/dags/ml_pipeline_dag.py took 1.502 seconds
[2026-03-28T19:17:53.416+0000] {processor.py:186} INFO - Started process (PID=9982) to work on /home/ec2-user/environment/lab4_model_training/dags/ml_pipeline_dag.py
[2026-03-28T19:17:53.417+0000] {processor.py:914} INFO - Processing file /home/ec2-user/environment/lab4_model_training/dags/ml_pipeline_dag.py for tasks to queue
[2026-03-28T19:17:53.419+0000] {logging_mixin.py:190} INFO - [2026-03-28T19:17:53.418+0000] {dagbag.py:588} INFO - Filling up the DagBag from /home/ec2-user/environment/lab4_model_training/dags/ml_pipeline_dag.py
[2026-03-28T19:17:54.862+0000] {processor.py:925} INFO - DAG(s) 'ml_pipeline' retrieved from /home/ec2-user/environment/lab4_model_training/dags/ml_pipeline_dag.py
[2026-03-28T19:17:54.876+0000] {logging_mixin.py:190} INFO - [2026-03-28T19:17:54.876+0000] {dag.py:3239} INFO - Sync 1 DAGs
[2026-03-28T19:17:54.887+0000] {logging_mixin.py:190} INFO - [2026-03-28T19:17:54.886+0000] {dag.py:4180} INFO - Setting next_dagrun for ml_pipeline to None, run_after=None
[2026-03-28T19:17:54.905+0000] {processor.py:208} INFO - Processing /home/ec2-user/environment/lab4_model_training/dags/ml_pipeline_dag.py took 1.493 seconds
[2026-03-28T19:18:26.717+0000] {processor.py:186} INFO - Started process (PID=10021) to work on /home/ec2-user/environment/lab4_model_training/dags/ml_pipeline_dag.py
[2026-03-28T19:18:26.717+0000] {processor.py:914} INFO - Processing file /home/ec2-user/environment/lab4_model_training/dags/ml_pipeline_dag.py for tasks to queue
[2026-03-28T19:18:26.718+0000] {logging_mixin.py:190} INFO - [2026-03-28T19:18:26.718+0000] {dagbag.py:588} INFO - Filling up the DagBag from /home/ec2-user/environment/lab4_model_training/dags/ml_pipeline_dag.py
[2026-03-28T19:18:28.147+0000] {processor.py:925} INFO - DAG(s) 'ml_pipeline' retrieved from /home/ec2-user/environment/lab4_model_training/dags/ml_pipeline_dag.py
[2026-03-28T19:18:28.161+0000] {logging_mixin.py:190} INFO - [2026-03-28T19:18:28.160+0000] {dag.py:3239} INFO - Sync 1 DAGs
[2026-03-28T19:18:28.171+0000] {logging_mixin.py:190} INFO - [2026-03-28T19:18:28.171+0000] {dag.py:4180} INFO - Setting next_dagrun for ml_pipeline to None, run_after=None
[2026-03-28T19:18:28.189+0000] {processor.py:208} INFO - Processing /home/ec2-user/environment/lab4_model_training/dags/ml_pipeline_dag.py took 1.477 seconds
[2026-03-28T19:18:59.007+0000] {processor.py:186} INFO - Started process (PID=10049) to work on /home/ec2-user/environment/lab4_model_training/dags/ml_pipeline_dag.py
[2026-03-28T19:18:59.008+0000] {processor.py:914} INFO - Processing file /home/ec2-user/environment/lab4_model_training/dags/ml_pipeline_dag.py for tasks to queue
[2026-03-28T19:18:59.009+0000] {logging_mixin.py:190} INFO - [2026-03-28T19:18:59.008+0000] {dagbag.py:588} INFO - Filling up the DagBag from /home/ec2-user/environment/lab4_model_training/dags/ml_pipeline_dag.py
[2026-03-28T19:19:00.446+0000] {processor.py:925} INFO - DAG(s) 'ml_pipeline' retrieved from /home/ec2-user/environment/lab4_model_training/dags/ml_pipeline_dag.py
[2026-03-28T19:19:00.460+0000] {logging_mixin.py:190} INFO - [2026-03-28T19:19:00.459+0000] {dag.py:3239} INFO - Sync 1 DAGs
[2026-03-28T19:19:00.470+0000] {logging_mixin.py:190} INFO - [2026-03-28T19:19:00.470+0000] {dag.py:4180} INFO - Setting next_dagrun for ml_pipeline to None, run_after=None
[2026-03-28T19:19:00.487+0000] {processor.py:208} INFO - Processing /home/ec2-user/environment/lab4_model_training/dags/ml_pipeline_dag.py took 1.484 seconds
[2026-03-28T19:19:30.743+0000] {processor.py:186} INFO - Started process (PID=10158) to work on /home/ec2-user/environment/lab4_model_training/dags/ml_pipeline_dag.py
[2026-03-28T19:19:30.744+0000] {processor.py:914} INFO - Processing file /home/ec2-user/environment/lab4_model_training/dags/ml_pipeline_dag.py for tasks to queue
[2026-03-28T19:19:30.744+0000] {logging_mixin.py:190} INFO - [2026-03-28T19:19:30.744+0000] {dagbag.py:588} INFO - Filling up the DagBag from /home/ec2-user/environment/lab4_model_training/dags/ml_pipeline_dag.py
[2026-03-28T19:19:32.018+0000] {processor.py:925} INFO - DAG(s) 'ml_pipeline' retrieved from /home/ec2-user/environment/lab4_model_training/dags/ml_pipeline_dag.py
[2026-03-28T19:19:32.032+0000] {logging_mixin.py:190} INFO - [2026-03-28T19:19:32.032+0000] {dag.py:3239} INFO - Sync 1 DAGs
[2026-03-28T19:19:32.041+0000] {logging_mixin.py:190} INFO - [2026-03-28T19:19:32.041+0000] {dag.py:4180} INFO - Setting next_dagrun for ml_pipeline to None, run_after=None
[2026-03-28T19:19:32.057+0000] {processor.py:208} INFO - Processing /home/ec2-user/environment/lab4_model_training/dags/ml_pipeline_dag.py took 1.444 seconds
[2026-03-28T19:20:02.225+0000] {processor.py:186} INFO - Started process (PID=10200) to work on /home/ec2-user/environment/lab4_model_training/dags/ml_pipeline_dag.py
[2026-03-28T19:20:02.226+0000] {processor.py:914} INFO - Processing file /home/ec2-user/environment/lab4_model_training/dags/ml_pipeline_dag.py for tasks to queue
[2026-03-28T19:20:02.227+0000] {logging_mixin.py:190} INFO - [2026-03-28T19:20:02.227+0000] {dagbag.py:588} INFO - Filling up the DagBag from /home/ec2-user/environment/lab4_model_training/dags/ml_pipeline_dag.py
[2026-03-28T19:20:03.564+0000] {processor.py:925} INFO - DAG(s) 'ml_pipeline' retrieved from /home/ec2-user/environment/lab4_model_training/dags/ml_pipeline_dag.py
[2026-03-28T19:20:03.579+0000] {logging_mixin.py:190} INFO - [2026-03-28T19:20:03.579+0000] {dag.py:3239} INFO - Sync 1 DAGs
[2026-03-28T19:20:03.588+0000] {logging_mixin.py:190} INFO - [2026-03-28T19:20:03.588+0000] {dag.py:4180} INFO - Setting next_dagrun for ml_pipeline to None, run_after=None
[2026-03-28T19:20:03.605+0000] {processor.py:208} INFO - Processing /home/ec2-user/environment/lab4_model_training/dags/ml_pipeline_dag.py took 1.385 seconds
[2026-03-28T19:20:33.728+0000] {processor.py:186} INFO - Started process (PID=10277) to work on /home/ec2-user/environment/lab4_model_training/dags/ml_pipeline_dag.py
[2026-03-28T19:20:33.728+0000] {processor.py:914} INFO - Processing file /home/ec2-user/environment/lab4_model_training/dags/ml_pipeline_dag.py for tasks to queue
[2026-03-28T19:20:33.729+0000] {logging_mixin.py:190} INFO - [2026-03-28T19:20:33.729+0000] {dagbag.py:588} INFO - Filling up the DagBag from /home/ec2-user/environment/lab4_model_training/dags/ml_pipeline_dag.py
[2026-03-28T19:20:35.074+0000] {processor.py:925} INFO - DAG(s) 'ml_pipeline' retrieved from /home/ec2-user/environment/lab4_model_training/dags/ml_pipeline_dag.py
[2026-03-28T19:20:35.087+0000] {logging_mixin.py:190} INFO - [2026-03-28T19:20:35.087+0000] {dag.py:3239} INFO - Sync 1 DAGs
[2026-03-28T19:20:35.096+0000] {logging_mixin.py:190} INFO - [2026-03-28T19:20:35.096+0000] {dag.py:4180} INFO - Setting next_dagrun for ml_pipeline to None, run_after=None
[2026-03-28T19:20:35.113+0000] {processor.py:208} INFO - Processing /home/ec2-user/environment/lab4_model_training/dags/ml_pipeline_dag.py took 1.390 seconds
[2026-03-28T19:21:05.233+0000] {processor.py:186} INFO - Started process (PID=10319) to work on /home/ec2-user/environment/lab4_model_training/dags/ml_pipeline_dag.py
[2026-03-28T19:21:05.235+0000] {processor.py:914} INFO - Processing file /home/ec2-user/environment/lab4_model_training/dags/ml_pipeline_dag.py for tasks to queue
[2026-03-28T19:21:05.236+0000] {logging_mixin.py:190} INFO - [2026-03-28T19:21:05.236+0000] {dagbag.py:588} INFO - Filling up the DagBag from /home/ec2-user/environment/lab4_model_training/dags/ml_pipeline_dag.py
[2026-03-28T19:21:06.598+0000] {processor.py:925} INFO - DAG(s) 'ml_pipeline' retrieved from /home/ec2-user/environment/lab4_model_training/dags/ml_pipeline_dag.py
[2026-03-28T19:21:06.611+0000] {logging_mixin.py:190} INFO - [2026-03-28T19:21:06.610+0000] {dag.py:3239} INFO - Sync 1 DAGs
[2026-03-28T19:21:06.620+0000] {logging_mixin.py:190} INFO - [2026-03-28T19:21:06.620+0000] {dag.py:4180} INFO - Setting next_dagrun for ml_pipeline to None, run_after=None
[2026-03-28T19:21:06.637+0000] {processor.py:208} INFO - Processing /home/ec2-user/environment/lab4_model_training/dags/ml_pipeline_dag.py took 1.408 seconds
[2026-03-28T19:21:39.276+0000] {processor.py:186} INFO - Started process (PID=10354) to work on /home/ec2-user/environment/lab4_model_training/dags/ml_pipeline_dag.py
[2026-03-28T19:21:39.277+0000] {processor.py:914} INFO - Processing file /home/ec2-user/environment/lab4_model_training/dags/ml_pipeline_dag.py for tasks to queue
[2026-03-28T19:21:39.278+0000] {logging_mixin.py:190} INFO - [2026-03-28T19:21:39.277+0000] {dagbag.py:588} INFO - Filling up the DagBag from /home/ec2-user/environment/lab4_model_training/dags/ml_pipeline_dag.py
[2026-03-28T19:21:41.225+0000] {processor.py:925} INFO - DAG(s) 'ml_pipeline' retrieved from /home/ec2-user/environment/lab4_model_training/dags/ml_pipeline_dag.py
[2026-03-28T19:21:41.245+0000] {logging_mixin.py:190} INFO - [2026-03-28T19:21:41.244+0000] {dag.py:3239} INFO - Sync 1 DAGs
[2026-03-28T19:21:41.258+0000] {logging_mixin.py:190} INFO - [2026-03-28T19:21:41.258+0000] {dag.py:4180} INFO - Setting next_dagrun for ml_pipeline to None, run_after=None
[2026-03-28T19:21:41.282+0000] {processor.py:208} INFO - Processing /home/ec2-user/environment/lab4_model_training/dags/ml_pipeline_dag.py took 2.011 seconds
[2026-03-28T19:22:11.628+0000] {processor.py:186} INFO - Started process (PID=10398) to work on /home/ec2-user/environment/lab4_model_training/dags/ml_pipeline_dag.py
[2026-03-28T19:22:11.629+0000] {processor.py:914} INFO - Processing file /home/ec2-user/environment/lab4_model_training/dags/ml_pipeline_dag.py for tasks to queue
[2026-03-28T19:22:11.630+0000] {logging_mixin.py:190} INFO - [2026-03-28T19:22:11.629+0000] {dagbag.py:588} INFO - Filling up the DagBag from /home/ec2-user/environment/lab4_model_training/dags/ml_pipeline_dag.py
[2026-03-28T19:22:12.986+0000] {processor.py:925} INFO - DAG(s) 'ml_pipeline' retrieved from /home/ec2-user/environment/lab4_model_training/dags/ml_pipeline_dag.py
[2026-03-28T19:22:12.999+0000] {logging_mixin.py:190} INFO - [2026-03-28T19:22:12.999+0000] {dag.py:3239} INFO - Sync 1 DAGs
[2026-03-28T19:22:13.010+0000] {logging_mixin.py:190} INFO - [2026-03-28T19:22:13.009+0000] {dag.py:4180} INFO - Setting next_dagrun for ml_pipeline to None, run_after=None
[2026-03-28T19:22:13.027+0000] {processor.py:208} INFO - Processing /home/ec2-user/environment/lab4_model_training/dags/ml_pipeline_dag.py took 1.405 seconds
[2026-03-28T19:22:43.742+0000] {processor.py:186} INFO - Started process (PID=10484) to work on /home/ec2-user/environment/lab4_model_training/dags/ml_pipeline_dag.py
[2026-03-28T19:22:43.742+0000] {processor.py:914} INFO - Processing file /home/ec2-user/environment/lab4_model_training/dags/ml_pipeline_dag.py for tasks to queue
[2026-03-28T19:22:43.743+0000] {logging_mixin.py:190} INFO - [2026-03-28T19:22:43.743+0000] {dagbag.py:588} INFO - Filling up the DagBag from /home/ec2-user/environment/lab4_model_training/dags/ml_pipeline_dag.py
[2026-03-28T19:22:45.072+0000] {processor.py:925} INFO - DAG(s) 'ml_pipeline' retrieved from /home/ec2-user/environment/lab4_model_training/dags/ml_pipeline_dag.py
[2026-03-28T19:22:45.087+0000] {logging_mixin.py:190} INFO - [2026-03-28T19:22:45.086+0000] {dag.py:3239} INFO - Sync 1 DAGs
[2026-03-28T19:22:45.098+0000] {logging_mixin.py:190} INFO - [2026-03-28T19:22:45.098+0000] {dag.py:4180} INFO - Setting next_dagrun for ml_pipeline to None, run_after=None
[2026-03-28T19:22:45.114+0000] {processor.py:208} INFO - Processing /home/ec2-user/environment/lab4_model_training/dags/ml_pipeline_dag.py took 1.377 seconds
[2026-03-28T19:23:15.322+0000] {processor.py:186} INFO - Started process (PID=10522) to work on /home/ec2-user/environment/lab4_model_training/dags/ml_pipeline_dag.py
[2026-03-28T19:23:15.323+0000] {processor.py:914} INFO - Processing file /home/ec2-user/environment/lab4_model_training/dags/ml_pipeline_dag.py for tasks to queue
[2026-03-28T19:23:15.324+0000] {logging_mixin.py:190} INFO - [2026-03-28T19:23:15.324+0000] {dagbag.py:588} INFO - Filling up the DagBag from /home/ec2-user/environment/lab4_model_training/dags/ml_pipeline_dag.py
[2026-03-28T19:23:16.668+0000] {processor.py:925} INFO - DAG(s) 'ml_pipeline' retrieved from /home/ec2-user/environment/lab4_model_training/dags/ml_pipeline_dag.py
[2026-03-28T19:23:16.682+0000] {logging_mixin.py:190} INFO - [2026-03-28T19:23:16.681+0000] {dag.py:3239} INFO - Sync 1 DAGs
[2026-03-28T19:23:16.691+0000] {logging_mixin.py:190} INFO - [2026-03-28T19:23:16.690+0000] {dag.py:4180} INFO - Setting next_dagrun for ml_pipeline to None, run_after=None
[2026-03-28T19:23:16.707+0000] {processor.py:208} INFO - Processing /home/ec2-user/environment/lab4_model_training/dags/ml_pipeline_dag.py took 1.390 seconds
[2026-03-28T19:23:46.790+0000] {processor.py:186} INFO - Started process (PID=10548) to work on /home/ec2-user/environment/lab4_model_training/dags/ml_pipeline_dag.py
[2026-03-28T19:23:46.791+0000] {processor.py:914} INFO - Processing file /home/ec2-user/environment/lab4_model_training/dags/ml_pipeline_dag.py for tasks to queue
[2026-03-28T19:23:46.792+0000] {logging_mixin.py:190} INFO - [2026-03-28T19:23:46.791+0000] {dagbag.py:588} INFO - Filling up the DagBag from /home/ec2-user/environment/lab4_model_training/dags/ml_pipeline_dag.py
[2026-03-28T19:23:48.144+0000] {processor.py:925} INFO - DAG(s) 'ml_pipeline' retrieved from /home/ec2-user/environment/lab4_model_training/dags/ml_pipeline_dag.py
[2026-03-28T19:23:48.159+0000] {logging_mixin.py:190} INFO - [2026-03-28T19:23:48.159+0000] {dag.py:3239} INFO - Sync 1 DAGs
[2026-03-28T19:23:48.168+0000] {logging_mixin.py:190} INFO - [2026-03-28T19:23:48.168+0000] {dag.py:4180} INFO - Setting next_dagrun for ml_pipeline to None, run_after=None
[2026-03-28T19:23:48.186+0000] {processor.py:208} INFO - Processing /home/ec2-user/environment/lab4_model_training/dags/ml_pipeline_dag.py took 1.400 seconds
[2026-03-28T19:24:18.358+0000] {processor.py:186} INFO - Started process (PID=10587) to work on /home/ec2-user/environment/lab4_model_training/dags/ml_pipeline_dag.py
[2026-03-28T19:24:18.359+0000] {processor.py:914} INFO - Processing file /home/ec2-user/environment/lab4_model_training/dags/ml_pipeline_dag.py for tasks to queue
[2026-03-28T19:24:18.360+0000] {logging_mixin.py:190} INFO - [2026-03-28T19:24:18.360+0000] {dagbag.py:588} INFO - Filling up the DagBag from /home/ec2-user/environment/lab4_model_training/dags/ml_pipeline_dag.py
[2026-03-28T19:24:19.727+0000] {processor.py:925} INFO - DAG(s) 'ml_pipeline' retrieved from /home/ec2-user/environment/lab4_model_training/dags/ml_pipeline_dag.py
[2026-03-28T19:24:19.742+0000] {logging_mixin.py:190} INFO - [2026-03-28T19:24:19.742+0000] {dag.py:3239} INFO - Sync 1 DAGs
[2026-03-28T19:24:19.751+0000] {logging_mixin.py:190} INFO - [2026-03-28T19:24:19.751+0000] {dag.py:4180} INFO - Setting next_dagrun for ml_pipeline to None, run_after=None
[2026-03-28T19:24:19.768+0000] {processor.py:208} INFO - Processing /home/ec2-user/environment/lab4_model_training/dags/ml_pipeline_dag.py took 1.415 seconds
[2026-03-28T19:24:50.789+0000] {processor.py:186} INFO - Started process (PID=10679) to work on /home/ec2-user/environment/lab4_model_training/dags/ml_pipeline_dag.py
[2026-03-28T19:24:50.790+0000] {processor.py:914} INFO - Processing file /home/ec2-user/environment/lab4_model_training/dags/ml_pipeline_dag.py for tasks to queue
[2026-03-28T19:24:50.791+0000] {logging_mixin.py:190} INFO - [2026-03-28T19:24:50.791+0000] {dagbag.py:588} INFO - Filling up the DagBag from /home/ec2-user/environment/lab4_model_training/dags/ml_pipeline_dag.py
[2026-03-28T19:24:52.149+0000] {processor.py:925} INFO - DAG(s) 'ml_pipeline' retrieved from /home/ec2-user/environment/lab4_model_training/dags/ml_pipeline_dag.py
[2026-03-28T19:24:52.164+0000] {logging_mixin.py:190} INFO - [2026-03-28T19:24:52.164+0000] {dag.py:3239} INFO - Sync 1 DAGs
[2026-03-28T19:24:52.174+0000] {logging_mixin.py:190} INFO - [2026-03-28T19:24:52.174+0000] {dag.py:4180} INFO - Setting next_dagrun for ml_pipeline to None, run_after=None
[2026-03-28T19:24:52.192+0000] {processor.py:208} INFO - Processing /home/ec2-user/environment/lab4_model_training/dags/ml_pipeline_dag.py took 1.408 seconds
[2026-03-28T19:25:22.581+0000] {processor.py:186} INFO - Started process (PID=10717) to work on /home/ec2-user/environment/lab4_model_training/dags/ml_pipeline_dag.py
[2026-03-28T19:25:22.582+0000] {processor.py:914} INFO - Processing file /home/ec2-user/environment/lab4_model_training/dags/ml_pipeline_dag.py for tasks to queue
[2026-03-28T19:25:22.583+0000] {logging_mixin.py:190} INFO - [2026-03-28T19:25:22.583+0000] {dagbag.py:588} INFO - Filling up the DagBag from /home/ec2-user/environment/lab4_model_training/dags/ml_pipeline_dag.py
[2026-03-28T19:25:23.989+0000] {processor.py:925} INFO - DAG(s) 'ml_pipeline' retrieved from /home/ec2-user/environment/lab4_model_training/dags/ml_pipeline_dag.py
[2026-03-28T19:25:24.002+0000] {logging_mixin.py:190} INFO - [2026-03-28T19:25:24.002+0000] {dag.py:3239} INFO - Sync 1 DAGs
[2026-03-28T19:25:24.011+0000] {logging_mixin.py:190} INFO - [2026-03-28T19:25:24.011+0000] {dag.py:4180} INFO - Setting next_dagrun for ml_pipeline to None, run_after=None
[2026-03-28T19:25:24.029+0000] {processor.py:208} INFO - Processing /home/ec2-user/environment/lab4_model_training/dags/ml_pipeline_dag.py took 1.453 seconds
[2026-03-28T19:25:54.170+0000] {processor.py:186} INFO - Started process (PID=10744) to work on /home/ec2-user/environment/lab4_model_training/dags/ml_pipeline_dag.py
[2026-03-28T19:25:54.171+0000] {processor.py:914} INFO - Processing file /home/ec2-user/environment/lab4_model_training/dags/ml_pipeline_dag.py for tasks to queue
[2026-03-28T19:25:54.172+0000] {logging_mixin.py:190} INFO - [2026-03-28T19:25:54.172+0000] {dagbag.py:588} INFO - Filling up the DagBag from /home/ec2-user/environment/lab4_model_training/dags/ml_pipeline_dag.py
[2026-03-28T19:25:55.510+0000] {processor.py:925} INFO - DAG(s) 'ml_pipeline' retrieved from /home/ec2-user/environment/lab4_model_training/dags/ml_pipeline_dag.py
[2026-03-28T19:25:55.523+0000] {logging_mixin.py:190} INFO - [2026-03-28T19:25:55.522+0000] {dag.py:3239} INFO - Sync 1 DAGs
[2026-03-28T19:25:55.531+0000] {logging_mixin.py:190} INFO - [2026-03-28T19:25:55.531+0000] {dag.py:4180} INFO - Setting next_dagrun for ml_pipeline to None, run_after=None
[2026-03-28T19:25:55.548+0000] {processor.py:208} INFO - Processing /home/ec2-user/environment/lab4_model_training/dags/ml_pipeline_dag.py took 1.382 seconds
[2026-03-28T19:26:25.661+0000] {processor.py:186} INFO - Started process (PID=10785) to work on /home/ec2-user/environment/lab4_model_training/dags/ml_pipeline_dag.py
[2026-03-28T19:26:25.662+0000] {processor.py:914} INFO - Processing file /home/ec2-user/environment/lab4_model_training/dags/ml_pipeline_dag.py for tasks to queue
[2026-03-28T19:26:25.663+0000] {logging_mixin.py:190} INFO - [2026-03-28T19:26:25.663+0000] {dagbag.py:588} INFO - Filling up the DagBag from /home/ec2-user/environment/lab4_model_training/dags/ml_pipeline_dag.py
[2026-03-28T19:26:27.007+0000] {processor.py:925} INFO - DAG(s) 'ml_pipeline' retrieved from /home/ec2-user/environment/lab4_model_training/dags/ml_pipeline_dag.py
[2026-03-28T19:26:27.020+0000] {logging_mixin.py:190} INFO - [2026-03-28T19:26:27.020+0000] {dag.py:3239} INFO - Sync 1 DAGs
[2026-03-28T19:26:27.029+0000] {logging_mixin.py:190} INFO - [2026-03-28T19:26:27.029+0000] {dag.py:4180} INFO - Setting next_dagrun for ml_pipeline to None, run_after=None
[2026-03-28T19:26:27.046+0000] {processor.py:208} INFO - Processing /home/ec2-user/environment/lab4_model_training/dags/ml_pipeline_dag.py took 1.391 seconds
[2026-03-28T19:26:57.152+0000] {processor.py:186} INFO - Started process (PID=10881) to work on /home/ec2-user/environment/lab4_model_training/dags/ml_pipeline_dag.py
[2026-03-28T19:26:57.153+0000] {processor.py:914} INFO - Processing file /home/ec2-user/environment/lab4_model_training/dags/ml_pipeline_dag.py for tasks to queue
[2026-03-28T19:26:57.154+0000] {logging_mixin.py:190} INFO - [2026-03-28T19:26:57.153+0000] {dagbag.py:588} INFO - Filling up the DagBag from /home/ec2-user/environment/lab4_model_training/dags/ml_pipeline_dag.py
[2026-03-28T19:26:58.492+0000] {processor.py:925} INFO - DAG(s) 'ml_pipeline' retrieved from /home/ec2-user/environment/lab4_model_training/dags/ml_pipeline_dag.py
[2026-03-28T19:26:58.506+0000] {logging_mixin.py:190} INFO - [2026-03-28T19:26:58.505+0000] {dag.py:3239} INFO - Sync 1 DAGs
[2026-03-28T19:26:58.515+0000] {logging_mixin.py:190} INFO - [2026-03-28T19:26:58.514+0000] {dag.py:4180} INFO - Setting next_dagrun for ml_pipeline to None, run_after=None
[2026-03-28T19:26:58.534+0000] {processor.py:208} INFO - Processing /home/ec2-user/environment/lab4_model_training/dags/ml_pipeline_dag.py took 1.386 seconds
[2026-03-28T19:27:28.642+0000] {processor.py:186} INFO - Started process (PID=10921) to work on /home/ec2-user/environment/lab4_model_training/dags/ml_pipeline_dag.py
[2026-03-28T19:27:28.643+0000] {processor.py:914} INFO - Processing file /home/ec2-user/environment/lab4_model_training/dags/ml_pipeline_dag.py for tasks to queue
[2026-03-28T19:27:28.645+0000] {logging_mixin.py:190} INFO - [2026-03-28T19:27:28.644+0000] {dagbag.py:588} INFO - Filling up the DagBag from /home/ec2-user/environment/lab4_model_training/dags/ml_pipeline_dag.py
[2026-03-28T19:27:29.981+0000] {processor.py:925} INFO - DAG(s) 'ml_pipeline' retrieved from /home/ec2-user/environment/lab4_model_training/dags/ml_pipeline_dag.py
[2026-03-28T19:27:29.995+0000] {logging_mixin.py:190} INFO - [2026-03-28T19:27:29.994+0000] {dag.py:3239} INFO - Sync 1 DAGs
[2026-03-28T19:27:30.005+0000] {logging_mixin.py:190} INFO - [2026-03-28T19:27:30.005+0000] {dag.py:4180} INFO - Setting next_dagrun for ml_pipeline to None, run_after=None
[2026-03-28T19:27:30.027+0000] {processor.py:208} INFO - Processing /home/ec2-user/environment/lab4_model_training/dags/ml_pipeline_dag.py took 1.390 seconds
[2026-03-28T19:28:00.116+0000] {processor.py:186} INFO - Started process (PID=10947) to work on /home/ec2-user/environment/lab4_model_training/dags/ml_pipeline_dag.py
[2026-03-28T19:28:00.118+0000] {processor.py:914} INFO - Processing file /home/ec2-user/environment/lab4_model_training/dags/ml_pipeline_dag.py for tasks to queue
[2026-03-28T19:28:00.119+0000] {logging_mixin.py:190} INFO - [2026-03-28T19:28:00.118+0000] {dagbag.py:588} INFO - Filling up the DagBag from /home/ec2-user/environment/lab4_model_training/dags/ml_pipeline_dag.py
[2026-03-28T19:28:01.458+0000] {processor.py:925} INFO - DAG(s) 'ml_pipeline' retrieved from /home/ec2-user/environment/lab4_model_training/dags/ml_pipeline_dag.py
[2026-03-28T19:28:01.474+0000] {logging_mixin.py:190} INFO - [2026-03-28T19:28:01.473+0000] {dag.py:3239} INFO - Sync 1 DAGs
[2026-03-28T19:28:01.491+0000] {logging_mixin.py:190} INFO - [2026-03-28T19:28:01.491+0000] {dag.py:4180} INFO - Setting next_dagrun for ml_pipeline to None, run_after=None
[2026-03-28T19:28:01.584+0000] {processor.py:208} INFO - Processing /home/ec2-user/environment/lab4_model_training/dags/ml_pipeline_dag.py took 1.473 seconds
[2026-03-28T19:28:32.333+0000] {processor.py:186} INFO - Started process (PID=10985) to work on /home/ec2-user/environment/lab4_model_training/dags/ml_pipeline_dag.py
[2026-03-28T19:28:32.333+0000] {processor.py:914} INFO - Processing file /home/ec2-user/environment/lab4_model_training/dags/ml_pipeline_dag.py for tasks to queue
[2026-03-28T19:28:32.335+0000] {logging_mixin.py:190} INFO - [2026-03-28T19:28:32.335+0000] {dagbag.py:588} INFO - Filling up the DagBag from /home/ec2-user/environment/lab4_model_training/dags/ml_pipeline_dag.py
[2026-03-28T19:28:33.716+0000] {processor.py:925} INFO - DAG(s) 'ml_pipeline' retrieved from /home/ec2-user/environment/lab4_model_training/dags/ml_pipeline_dag.py
[2026-03-28T19:28:33.731+0000] {logging_mixin.py:190} INFO - [2026-03-28T19:28:33.731+0000] {dag.py:3239} INFO - Sync 1 DAGs
[2026-03-28T19:28:33.740+0000] {logging_mixin.py:190} INFO - [2026-03-28T19:28:33.740+0000] {dag.py:4180} INFO - Setting next_dagrun for ml_pipeline to None, run_after=None
[2026-03-28T19:28:33.756+0000] {processor.py:208} INFO - Processing /home/ec2-user/environment/lab4_model_training/dags/ml_pipeline_dag.py took 1.428 seconds
[2026-03-28T19:29:04.569+0000] {processor.py:186} INFO - Started process (PID=11071) to work on /home/ec2-user/environment/lab4_model_training/dags/ml_pipeline_dag.py
[2026-03-28T19:29:04.571+0000] {processor.py:914} INFO - Processing file /home/ec2-user/environment/lab4_model_training/dags/ml_pipeline_dag.py for tasks to queue
[2026-03-28T19:29:04.572+0000] {logging_mixin.py:190} INFO - [2026-03-28T19:29:04.571+0000] {dagbag.py:588} INFO - Filling up the DagBag from /home/ec2-user/environment/lab4_model_training/dags/ml_pipeline_dag.py
[2026-03-28T19:29:05.919+0000] {processor.py:925} INFO - DAG(s) 'ml_pipeline' retrieved from /home/ec2-user/environment/lab4_model_training/dags/ml_pipeline_dag.py
[2026-03-28T19:29:05.933+0000] {logging_mixin.py:190} INFO - [2026-03-28T19:29:05.933+0000] {dag.py:3239} INFO - Sync 1 DAGs
[2026-03-28T19:29:05.942+0000] {logging_mixin.py:190} INFO - [2026-03-28T19:29:05.942+0000] {dag.py:4180} INFO - Setting next_dagrun for ml_pipeline to None, run_after=None
[2026-03-28T19:29:05.960+0000] {processor.py:208} INFO - Processing /home/ec2-user/environment/lab4_model_training/dags/ml_pipeline_dag.py took 1.396 seconds
[2026-03-28T19:29:36.846+0000] {processor.py:186} INFO - Started process (PID=11097) to work on /home/ec2-user/environment/lab4_model_training/dags/ml_pipeline_dag.py
[2026-03-28T19:29:36.847+0000] {processor.py:914} INFO - Processing file /home/ec2-user/environment/lab4_model_training/dags/ml_pipeline_dag.py for tasks to queue
[2026-03-28T19:29:36.848+0000] {logging_mixin.py:190} INFO - [2026-03-28T19:29:36.848+0000] {dagbag.py:588} INFO - Filling up the DagBag from /home/ec2-user/environment/lab4_model_training/dags/ml_pipeline_dag.py
[2026-03-28T19:29:38.179+0000] {processor.py:925} INFO - DAG(s) 'ml_pipeline' retrieved from /home/ec2-user/environment/lab4_model_training/dags/ml_pipeline_dag.py
[2026-03-28T19:29:38.194+0000] {logging_mixin.py:190} INFO - [2026-03-28T19:29:38.193+0000] {dag.py:3239} INFO - Sync 1 DAGs
[2026-03-28T19:29:38.203+0000] {logging_mixin.py:190} INFO - [2026-03-28T19:29:38.203+0000] {dag.py:4180} INFO - Setting next_dagrun for ml_pipeline to None, run_after=None
[2026-03-28T19:29:38.220+0000] {processor.py:208} INFO - Processing /home/ec2-user/environment/lab4_model_training/dags/ml_pipeline_dag.py took 1.379 seconds
[2026-03-28T19:30:09.059+0000] {processor.py:186} INFO - Started process (PID=11238) to work on /home/ec2-user/environment/lab4_model_training/dags/ml_pipeline_dag.py
[2026-03-28T19:30:09.059+0000] {processor.py:914} INFO - Processing file /home/ec2-user/environment/lab4_model_training/dags/ml_pipeline_dag.py for tasks to queue
[2026-03-28T19:30:09.060+0000] {logging_mixin.py:190} INFO - [2026-03-28T19:30:09.060+0000] {dagbag.py:588} INFO - Filling up the DagBag from /home/ec2-user/environment/lab4_model_training/dags/ml_pipeline_dag.py
[2026-03-28T19:30:10.533+0000] {processor.py:925} INFO - DAG(s) 'ml_pipeline' retrieved from /home/ec2-user/environment/lab4_model_training/dags/ml_pipeline_dag.py
[2026-03-28T19:30:10.546+0000] {logging_mixin.py:190} INFO - [2026-03-28T19:30:10.546+0000] {dag.py:3239} INFO - Sync 1 DAGs
[2026-03-28T19:30:10.555+0000] {logging_mixin.py:190} INFO - [2026-03-28T19:30:10.555+0000] {dag.py:4180} INFO - Setting next_dagrun for ml_pipeline to None, run_after=None
[2026-03-28T19:30:10.573+0000] {processor.py:208} INFO - Processing /home/ec2-user/environment/lab4_model_training/dags/ml_pipeline_dag.py took 1.519 seconds
[2026-03-28T19:30:41.195+0000] {processor.py:186} INFO - Started process (PID=11327) to work on /home/ec2-user/environment/lab4_model_training/dags/ml_pipeline_dag.py
[2026-03-28T19:30:41.196+0000] {processor.py:914} INFO - Processing file /home/ec2-user/environment/lab4_model_training/dags/ml_pipeline_dag.py for tasks to queue
[2026-03-28T19:30:41.198+0000] {logging_mixin.py:190} INFO - [2026-03-28T19:30:41.197+0000] {dagbag.py:588} INFO - Filling up the DagBag from /home/ec2-user/environment/lab4_model_training/dags/ml_pipeline_dag.py
[2026-03-28T19:30:42.533+0000] {processor.py:925} INFO - DAG(s) 'ml_pipeline' retrieved from /home/ec2-user/environment/lab4_model_training/dags/ml_pipeline_dag.py
[2026-03-28T19:30:42.546+0000] {logging_mixin.py:190} INFO - [2026-03-28T19:30:42.546+0000] {dag.py:3239} INFO - Sync 1 DAGs
[2026-03-28T19:30:42.555+0000] {logging_mixin.py:190} INFO - [2026-03-28T19:30:42.555+0000] {dag.py:4180} INFO - Setting next_dagrun for ml_pipeline to None, run_after=None
[2026-03-28T19:30:42.572+0000] {processor.py:208} INFO - Processing /home/ec2-user/environment/lab4_model_training/dags/ml_pipeline_dag.py took 1.382 seconds
[2026-03-28T19:31:13.389+0000] {processor.py:186} INFO - Started process (PID=11366) to work on /home/ec2-user/environment/lab4_model_training/dags/ml_pipeline_dag.py
[2026-03-28T19:31:13.390+0000] {processor.py:914} INFO - Processing file /home/ec2-user/environment/lab4_model_training/dags/ml_pipeline_dag.py for tasks to queue
[2026-03-28T19:31:13.391+0000] {logging_mixin.py:190} INFO - [2026-03-28T19:31:13.390+0000] {dagbag.py:588} INFO - Filling up the DagBag from /home/ec2-user/environment/lab4_model_training/dags/ml_pipeline_dag.py
[2026-03-28T19:31:14.730+0000] {processor.py:925} INFO - DAG(s) 'ml_pipeline' retrieved from /home/ec2-user/environment/lab4_model_training/dags/ml_pipeline_dag.py
[2026-03-28T19:31:14.743+0000] {logging_mixin.py:190} INFO - [2026-03-28T19:31:14.743+0000] {dag.py:3239} INFO - Sync 1 DAGs
[2026-03-28T19:31:14.752+0000] {logging_mixin.py:190} INFO - [2026-03-28T19:31:14.752+0000] {dag.py:4180} INFO - Setting next_dagrun for ml_pipeline to None, run_after=None
[2026-03-28T19:31:14.770+0000] {processor.py:208} INFO - Processing /home/ec2-user/environment/lab4_model_training/dags/ml_pipeline_dag.py took 1.386 seconds
[2026-03-28T19:31:45.581+0000] {processor.py:186} INFO - Started process (PID=11442) to work on /home/ec2-user/environment/lab4_model_training/dags/ml_pipeline_dag.py
[2026-03-28T19:31:45.582+0000] {processor.py:914} INFO - Processing file /home/ec2-user/environment/lab4_model_training/dags/ml_pipeline_dag.py for tasks to queue
[2026-03-28T19:31:45.583+0000] {logging_mixin.py:190} INFO - [2026-03-28T19:31:45.583+0000] {dagbag.py:588} INFO - Filling up the DagBag from /home/ec2-user/environment/lab4_model_training/dags/ml_pipeline_dag.py
[2026-03-28T19:31:46.932+0000] {processor.py:925} INFO - DAG(s) 'ml_pipeline' retrieved from /home/ec2-user/environment/lab4_model_training/dags/ml_pipeline_dag.py
[2026-03-28T19:31:46.946+0000] {logging_mixin.py:190} INFO - [2026-03-28T19:31:46.945+0000] {dag.py:3239} INFO - Sync 1 DAGs
[2026-03-28T19:31:46.955+0000] {logging_mixin.py:190} INFO - [2026-03-28T19:31:46.955+0000] {dag.py:4180} INFO - Setting next_dagrun for ml_pipeline to None, run_after=None
[2026-03-28T19:31:46.974+0000] {processor.py:208} INFO - Processing /home/ec2-user/environment/lab4_model_training/dags/ml_pipeline_dag.py took 1.398 seconds
[2026-03-28T19:32:17.883+0000] {processor.py:186} INFO - Started process (PID=11487) to work on /home/ec2-user/environment/lab4_model_training/dags/ml_pipeline_dag.py
[2026-03-28T19:32:17.884+0000] {processor.py:914} INFO - Processing file /home/ec2-user/environment/lab4_model_training/dags/ml_pipeline_dag.py for tasks to queue
[2026-03-28T19:32:17.885+0000] {logging_mixin.py:190} INFO - [2026-03-28T19:32:17.885+0000] {dagbag.py:588} INFO - Filling up the DagBag from /home/ec2-user/environment/lab4_model_training/dags/ml_pipeline_dag.py
[2026-03-28T19:32:19.245+0000] {processor.py:925} INFO - DAG(s) 'ml_pipeline' retrieved from /home/ec2-user/environment/lab4_model_training/dags/ml_pipeline_dag.py
[2026-03-28T19:32:19.259+0000] {logging_mixin.py:190} INFO - [2026-03-28T19:32:19.258+0000] {dag.py:3239} INFO - Sync 1 DAGs
[2026-03-28T19:32:19.269+0000] {logging_mixin.py:190} INFO - [2026-03-28T19:32:19.269+0000] {dag.py:4180} INFO - Setting next_dagrun for ml_pipeline to None, run_after=None
[2026-03-28T19:32:19.287+0000] {processor.py:208} INFO - Processing /home/ec2-user/environment/lab4_model_training/dags/ml_pipeline_dag.py took 1.409 seconds
[2026-03-28T19:32:50.174+0000] {processor.py:186} INFO - Started process (PID=11513) to work on /home/ec2-user/environment/lab4_model_training/dags/ml_pipeline_dag.py
[2026-03-28T19:32:50.174+0000] {processor.py:914} INFO - Processing file /home/ec2-user/environment/lab4_model_training/dags/ml_pipeline_dag.py for tasks to queue
[2026-03-28T19:32:50.175+0000] {logging_mixin.py:190} INFO - [2026-03-28T19:32:50.175+0000] {dagbag.py:588} INFO - Filling up the DagBag from /home/ec2-user/environment/lab4_model_training/dags/ml_pipeline_dag.py
[2026-03-28T19:32:51.535+0000] {processor.py:925} INFO - DAG(s) 'ml_pipeline' retrieved from /home/ec2-user/environment/lab4_model_training/dags/ml_pipeline_dag.py
[2026-03-28T19:32:51.549+0000] {logging_mixin.py:190} INFO - [2026-03-28T19:32:51.548+0000] {dag.py:3239} INFO - Sync 1 DAGs
[2026-03-28T19:32:51.559+0000] {logging_mixin.py:190} INFO - [2026-03-28T19:32:51.559+0000] {dag.py:4180} INFO - Setting next_dagrun for ml_pipeline to None, run_after=None
[2026-03-28T19:32:51.576+0000] {processor.py:208} INFO - Processing /home/ec2-user/environment/lab4_model_training/dags/ml_pipeline_dag.py took 1.408 seconds
[2026-03-28T19:33:21.880+0000] {processor.py:186} INFO - Started process (PID=11551) to work on /home/ec2-user/environment/lab4_model_training/dags/ml_pipeline_dag.py
[2026-03-28T19:33:21.882+0000] {processor.py:914} INFO - Processing file /home/ec2-user/environment/lab4_model_training/dags/ml_pipeline_dag.py for tasks to queue
[2026-03-28T19:33:21.883+0000] {logging_mixin.py:190} INFO - [2026-03-28T19:33:21.882+0000] {dagbag.py:588} INFO - Filling up the DagBag from /home/ec2-user/environment/lab4_model_training/dags/ml_pipeline_dag.py
[2026-03-28T19:33:23.230+0000] {processor.py:925} INFO - DAG(s) 'ml_pipeline' retrieved from /home/ec2-user/environment/lab4_model_training/dags/ml_pipeline_dag.py
[2026-03-28T19:33:23.244+0000] {logging_mixin.py:190} INFO - [2026-03-28T19:33:23.244+0000] {dag.py:3239} INFO - Sync 1 DAGs
[2026-03-28T19:33:23.254+0000] {logging_mixin.py:190} INFO - [2026-03-28T19:33:23.253+0000] {dag.py:4180} INFO - Setting next_dagrun for ml_pipeline to None, run_after=None
[2026-03-28T19:33:23.271+0000] {processor.py:208} INFO - Processing /home/ec2-user/environment/lab4_model_training/dags/ml_pipeline_dag.py took 1.396 seconds
[2026-03-28T19:33:54.571+0000] {processor.py:186} INFO - Started process (PID=11625) to work on /home/ec2-user/environment/lab4_model_training/dags/ml_pipeline_dag.py
[2026-03-28T19:33:54.572+0000] {processor.py:914} INFO - Processing file /home/ec2-user/environment/lab4_model_training/dags/ml_pipeline_dag.py for tasks to queue
[2026-03-28T19:33:54.574+0000] {logging_mixin.py:190} INFO - [2026-03-28T19:33:54.574+0000] {dagbag.py:588} INFO - Filling up the DagBag from /home/ec2-user/environment/lab4_model_training/dags/ml_pipeline_dag.py
[2026-03-28T19:33:55.918+0000] {processor.py:925} INFO - DAG(s) 'ml_pipeline' retrieved from /home/ec2-user/environment/lab4_model_training/dags/ml_pipeline_dag.py
[2026-03-28T19:33:55.932+0000] {logging_mixin.py:190} INFO - [2026-03-28T19:33:55.932+0000] {dag.py:3239} INFO - Sync 1 DAGs
[2026-03-28T19:33:55.941+0000] {logging_mixin.py:190} INFO - [2026-03-28T19:33:55.941+0000] {dag.py:4180} INFO - Setting next_dagrun for ml_pipeline to None, run_after=None
[2026-03-28T19:33:55.958+0000] {processor.py:208} INFO - Processing /home/ec2-user/environment/lab4_model_training/dags/ml_pipeline_dag.py took 1.391 seconds
[2026-03-28T19:34:26.782+0000] {processor.py:186} INFO - Started process (PID=11690) to work on /home/ec2-user/environment/lab4_model_training/dags/ml_pipeline_dag.py
[2026-03-28T19:34:26.782+0000] {processor.py:914} INFO - Processing file /home/ec2-user/environment/lab4_model_training/dags/ml_pipeline_dag.py for tasks to queue
[2026-03-28T19:34:26.783+0000] {logging_mixin.py:190} INFO - [2026-03-28T19:34:26.783+0000] {dagbag.py:588} INFO - Filling up the DagBag from /home/ec2-user/environment/lab4_model_training/dags/ml_pipeline_dag.py
[2026-03-28T19:34:28.132+0000] {processor.py:925} INFO - DAG(s) 'ml_pipeline' retrieved from /home/ec2-user/environment/lab4_model_training/dags/ml_pipeline_dag.py
[2026-03-28T19:34:28.147+0000] {logging_mixin.py:190} INFO - [2026-03-28T19:34:28.147+0000] {dag.py:3239} INFO - Sync 1 DAGs
[2026-03-28T19:34:28.156+0000] {logging_mixin.py:190} INFO - [2026-03-28T19:34:28.156+0000] {dag.py:4180} INFO - Setting next_dagrun for ml_pipeline to None, run_after=None
[2026-03-28T19:34:28.174+0000] {processor.py:208} INFO - Processing /home/ec2-user/environment/lab4_model_training/dags/ml_pipeline_dag.py took 1.398 seconds
[2026-03-28T19:34:58.864+0000] {processor.py:186} INFO - Started process (PID=11716) to work on /home/ec2-user/environment/lab4_model_training/dags/ml_pipeline_dag.py
[2026-03-28T19:34:58.865+0000] {processor.py:914} INFO - Processing file /home/ec2-user/environment/lab4_model_training/dags/ml_pipeline_dag.py for tasks to queue
[2026-03-28T19:34:58.866+0000] {logging_mixin.py:190} INFO - [2026-03-28T19:34:58.866+0000] {dagbag.py:588} INFO - Filling up the DagBag from /home/ec2-user/environment/lab4_model_training/dags/ml_pipeline_dag.py
[2026-03-28T19:35:00.193+0000] {processor.py:925} INFO - DAG(s) 'ml_pipeline' retrieved from /home/ec2-user/environment/lab4_model_training/dags/ml_pipeline_dag.py
[2026-03-28T19:35:00.206+0000] {logging_mixin.py:190} INFO - [2026-03-28T19:35:00.206+0000] {dag.py:3239} INFO - Sync 1 DAGs
[2026-03-28T19:35:00.215+0000] {logging_mixin.py:190} INFO - [2026-03-28T19:35:00.215+0000] {dag.py:4180} INFO - Setting next_dagrun for ml_pipeline to None, run_after=None
[2026-03-28T19:35:00.232+0000] {processor.py:208} INFO - Processing /home/ec2-user/environment/lab4_model_training/dags/ml_pipeline_dag.py took 1.373 seconds
[2026-03-28T19:35:30.406+0000] {processor.py:186} INFO - Started process (PID=11754) to work on /home/ec2-user/environment/lab4_model_training/dags/ml_pipeline_dag.py
[2026-03-28T19:35:30.408+0000] {processor.py:914} INFO - Processing file /home/ec2-user/environment/lab4_model_training/dags/ml_pipeline_dag.py for tasks to queue
[2026-03-28T19:35:30.409+0000] {logging_mixin.py:190} INFO - [2026-03-28T19:35:30.409+0000] {dagbag.py:588} INFO - Filling up the DagBag from /home/ec2-user/environment/lab4_model_training/dags/ml_pipeline_dag.py
[2026-03-28T19:35:31.771+0000] {processor.py:925} INFO - DAG(s) 'ml_pipeline' retrieved from /home/ec2-user/environment/lab4_model_training/dags/ml_pipeline_dag.py
[2026-03-28T19:35:31.784+0000] {logging_mixin.py:190} INFO - [2026-03-28T19:35:31.784+0000] {dag.py:3239} INFO - Sync 1 DAGs
[2026-03-28T19:35:31.793+0000] {logging_mixin.py:190} INFO - [2026-03-28T19:35:31.793+0000] {dag.py:4180} INFO - Setting next_dagrun for ml_pipeline to None, run_after=None
[2026-03-28T19:35:31.811+0000] {processor.py:208} INFO - Processing /home/ec2-user/environment/lab4_model_training/dags/ml_pipeline_dag.py took 1.410 seconds
[2026-03-28T19:36:02.599+0000] {processor.py:186} INFO - Started process (PID=11842) to work on /home/ec2-user/environment/lab4_model_training/dags/ml_pipeline_dag.py
[2026-03-28T19:36:02.600+0000] {processor.py:914} INFO - Processing file /home/ec2-user/environment/lab4_model_training/dags/ml_pipeline_dag.py for tasks to queue
[2026-03-28T19:36:02.601+0000] {logging_mixin.py:190} INFO - [2026-03-28T19:36:02.600+0000] {dagbag.py:588} INFO - Filling up the DagBag from /home/ec2-user/environment/lab4_model_training/dags/ml_pipeline_dag.py
[2026-03-28T19:36:03.918+0000] {processor.py:925} INFO - DAG(s) 'ml_pipeline' retrieved from /home/ec2-user/environment/lab4_model_training/dags/ml_pipeline_dag.py
[2026-03-28T19:36:03.931+0000] {logging_mixin.py:190} INFO - [2026-03-28T19:36:03.930+0000] {dag.py:3239} INFO - Sync 1 DAGs
[2026-03-28T19:36:03.940+0000] {logging_mixin.py:190} INFO - [2026-03-28T19:36:03.939+0000] {dag.py:4180} INFO - Setting next_dagrun for ml_pipeline to None, run_after=None
[2026-03-28T19:36:03.957+0000] {processor.py:208} INFO - Processing /home/ec2-user/environment/lab4_model_training/dags/ml_pipeline_dag.py took 1.363 seconds
[2026-03-28T19:36:34.783+0000] {processor.py:186} INFO - Started process (PID=11868) to work on /home/ec2-user/environment/lab4_model_training/dags/ml_pipeline_dag.py
[2026-03-28T19:36:34.785+0000] {processor.py:914} INFO - Processing file /home/ec2-user/environment/lab4_model_training/dags/ml_pipeline_dag.py for tasks to queue
[2026-03-28T19:36:34.786+0000] {logging_mixin.py:190} INFO - [2026-03-28T19:36:34.786+0000] {dagbag.py:588} INFO - Filling up the DagBag from /home/ec2-user/environment/lab4_model_training/dags/ml_pipeline_dag.py
[2026-03-28T19:36:36.117+0000] {processor.py:925} INFO - DAG(s) 'ml_pipeline' retrieved from /home/ec2-user/environment/lab4_model_training/dags/ml_pipeline_dag.py
[2026-03-28T19:36:36.131+0000] {logging_mixin.py:190} INFO - [2026-03-28T19:36:36.130+0000] {dag.py:3239} INFO - Sync 1 DAGs
[2026-03-28T19:36:36.140+0000] {logging_mixin.py:190} INFO - [2026-03-28T19:36:36.139+0000] {dag.py:4180} INFO - Setting next_dagrun for ml_pipeline to None, run_after=None
[2026-03-28T19:36:36.158+0000] {processor.py:208} INFO - Processing /home/ec2-user/environment/lab4_model_training/dags/ml_pipeline_dag.py took 1.381 seconds
[2026-03-28T19:37:06.981+0000] {processor.py:186} INFO - Started process (PID=11911) to work on /home/ec2-user/environment/lab4_model_training/dags/ml_pipeline_dag.py
[2026-03-28T19:37:06.983+0000] {processor.py:914} INFO - Processing file /home/ec2-user/environment/lab4_model_training/dags/ml_pipeline_dag.py for tasks to queue
[2026-03-28T19:37:06.983+0000] {logging_mixin.py:190} INFO - [2026-03-28T19:37:06.983+0000] {dagbag.py:588} INFO - Filling up the DagBag from /home/ec2-user/environment/lab4_model_training/dags/ml_pipeline_dag.py
[2026-03-28T19:37:08.293+0000] {processor.py:925} INFO - DAG(s) 'ml_pipeline' retrieved from /home/ec2-user/environment/lab4_model_training/dags/ml_pipeline_dag.py
[2026-03-28T19:37:08.305+0000] {logging_mixin.py:190} INFO - [2026-03-28T19:37:08.305+0000] {dag.py:3239} INFO - Sync 1 DAGs
[2026-03-28T19:37:08.315+0000] {logging_mixin.py:190} INFO - [2026-03-28T19:37:08.315+0000] {dag.py:4180} INFO - Setting next_dagrun for ml_pipeline to None, run_after=None
[2026-03-28T19:37:08.332+0000] {processor.py:208} INFO - Processing /home/ec2-user/environment/lab4_model_training/dags/ml_pipeline_dag.py took 1.356 seconds
[2026-03-28T19:37:38.447+0000] {processor.py:186} INFO - Started process (PID=11996) to work on /home/ec2-user/environment/lab4_model_training/dags/ml_pipeline_dag.py
[2026-03-28T19:37:38.449+0000] {processor.py:914} INFO - Processing file /home/ec2-user/environment/lab4_model_training/dags/ml_pipeline_dag.py for tasks to queue
[2026-03-28T19:37:38.450+0000] {logging_mixin.py:190} INFO - [2026-03-28T19:37:38.449+0000] {dagbag.py:588} INFO - Filling up the DagBag from /home/ec2-user/environment/lab4_model_training/dags/ml_pipeline_dag.py
[2026-03-28T19:37:40.002+0000] {processor.py:925} INFO - DAG(s) 'ml_pipeline' retrieved from /home/ec2-user/environment/lab4_model_training/dags/ml_pipeline_dag.py
[2026-03-28T19:37:40.015+0000] {logging_mixin.py:190} INFO - [2026-03-28T19:37:40.015+0000] {dag.py:3239} INFO - Sync 1 DAGs
[2026-03-28T19:37:40.025+0000] {logging_mixin.py:190} INFO - [2026-03-28T19:37:40.025+0000] {dag.py:4180} INFO - Setting next_dagrun for ml_pipeline to None, run_after=None
[2026-03-28T19:37:40.042+0000] {processor.py:208} INFO - Processing /home/ec2-user/environment/lab4_model_training/dags/ml_pipeline_dag.py took 1.599 seconds
[2026-03-28T19:38:10.125+0000] {processor.py:186} INFO - Started process (PID=12035) to work on /home/ec2-user/environment/lab4_model_training/dags/ml_pipeline_dag.py
[2026-03-28T19:38:10.126+0000] {processor.py:914} INFO - Processing file /home/ec2-user/environment/lab4_model_training/dags/ml_pipeline_dag.py for tasks to queue
[2026-03-28T19:38:10.127+0000] {logging_mixin.py:190} INFO - [2026-03-28T19:38:10.126+0000] {dagbag.py:588} INFO - Filling up the DagBag from /home/ec2-user/environment/lab4_model_training/dags/ml_pipeline_dag.py
[2026-03-28T19:38:11.457+0000] {processor.py:925} INFO - DAG(s) 'ml_pipeline' retrieved from /home/ec2-user/environment/lab4_model_training/dags/ml_pipeline_dag.py
[2026-03-28T19:38:11.472+0000] {logging_mixin.py:190} INFO - [2026-03-28T19:38:11.471+0000] {dag.py:3239} INFO - Sync 1 DAGs
[2026-03-28T19:38:11.481+0000] {logging_mixin.py:190} INFO - [2026-03-28T19:38:11.480+0000] {dag.py:4180} INFO - Setting next_dagrun for ml_pipeline to None, run_after=None
[2026-03-28T19:38:11.497+0000] {processor.py:208} INFO - Processing /home/ec2-user/environment/lab4_model_training/dags/ml_pipeline_dag.py took 1.377 seconds
[2026-03-28T19:38:41.593+0000] {processor.py:186} INFO - Started process (PID=12080) to work on /home/ec2-user/environment/lab4_model_training/dags/ml_pipeline_dag.py
[2026-03-28T19:38:41.594+0000] {processor.py:914} INFO - Processing file /home/ec2-user/environment/lab4_model_training/dags/ml_pipeline_dag.py for tasks to queue
[2026-03-28T19:38:41.595+0000] {logging_mixin.py:190} INFO - [2026-03-28T19:38:41.595+0000] {dagbag.py:588} INFO - Filling up the DagBag from /home/ec2-user/environment/lab4_model_training/dags/ml_pipeline_dag.py
[2026-03-28T19:38:42.892+0000] {processor.py:925} INFO - DAG(s) 'ml_pipeline' retrieved from /home/ec2-user/environment/lab4_model_training/dags/ml_pipeline_dag.py
[2026-03-28T19:38:42.906+0000] {logging_mixin.py:190} INFO - [2026-03-28T19:38:42.906+0000] {dag.py:3239} INFO - Sync 1 DAGs
[2026-03-28T19:38:42.914+0000] {logging_mixin.py:190} INFO - [2026-03-28T19:38:42.914+0000] {dag.py:4180} INFO - Setting next_dagrun for ml_pipeline to None, run_after=None
[2026-03-28T19:38:42.931+0000] {processor.py:208} INFO - Processing /home/ec2-user/environment/lab4_model_training/dags/ml_pipeline_dag.py took 1.342 seconds
[2026-03-28T19:39:20.559+0000] {processor.py:186} INFO - Started process (PID=12152) to work on /home/ec2-user/environment/lab4_model_training/dags/ml_pipeline_dag.py
[2026-03-28T19:39:20.560+0000] {processor.py:914} INFO - Processing file /home/ec2-user/environment/lab4_model_training/dags/ml_pipeline_dag.py for tasks to queue
[2026-03-28T19:39:20.561+0000] {logging_mixin.py:190} INFO - [2026-03-28T19:39:20.560+0000] {dagbag.py:588} INFO - Filling up the DagBag from /home/ec2-user/environment/lab4_model_training/dags/ml_pipeline_dag.py
[2026-03-28T19:39:21.868+0000] {processor.py:925} INFO - DAG(s) 'ml_pipeline' retrieved from /home/ec2-user/environment/lab4_model_training/dags/ml_pipeline_dag.py
[2026-03-28T19:39:21.882+0000] {logging_mixin.py:190} INFO - [2026-03-28T19:39:21.881+0000] {dag.py:3239} INFO - Sync 1 DAGs
[2026-03-28T19:39:21.890+0000] {logging_mixin.py:190} INFO - [2026-03-28T19:39:21.890+0000] {dag.py:4180} INFO - Setting next_dagrun for ml_pipeline to None, run_after=None
[2026-03-28T19:39:21.906+0000] {processor.py:208} INFO - Processing /home/ec2-user/environment/lab4_model_training/dags/ml_pipeline_dag.py took 1.352 seconds
[2026-03-28T19:39:52.734+0000] {processor.py:186} INFO - Started process (PID=12228) to work on /home/ec2-user/environment/lab4_model_training/dags/ml_pipeline_dag.py
[2026-03-28T19:39:52.735+0000] {processor.py:914} INFO - Processing file /home/ec2-user/environment/lab4_model_training/dags/ml_pipeline_dag.py for tasks to queue
[2026-03-28T19:39:52.736+0000] {logging_mixin.py:190} INFO - [2026-03-28T19:39:52.736+0000] {dagbag.py:588} INFO - Filling up the DagBag from /home/ec2-user/environment/lab4_model_training/dags/ml_pipeline_dag.py
[2026-03-28T19:39:54.036+0000] {processor.py:925} INFO - DAG(s) 'ml_pipeline' retrieved from /home/ec2-user/environment/lab4_model_training/dags/ml_pipeline_dag.py
[2026-03-28T19:39:54.051+0000] {logging_mixin.py:190} INFO - [2026-03-28T19:39:54.051+0000] {dag.py:3239} INFO - Sync 1 DAGs
[2026-03-28T19:39:54.060+0000] {logging_mixin.py:190} INFO - [2026-03-28T19:39:54.060+0000] {dag.py:4180} INFO - Setting next_dagrun for ml_pipeline to None, run_after=None
[2026-03-28T19:39:54.077+0000] {processor.py:208} INFO - Processing /home/ec2-user/environment/lab4_model_training/dags/ml_pipeline_dag.py took 1.348 seconds
[2026-03-28T19:40:24.937+0000] {processor.py:186} INFO - Started process (PID=12268) to work on /home/ec2-user/environment/lab4_model_training/dags/ml_pipeline_dag.py
[2026-03-28T19:40:24.939+0000] {processor.py:914} INFO - Processing file /home/ec2-user/environment/lab4_model_training/dags/ml_pipeline_dag.py for tasks to queue
[2026-03-28T19:40:24.939+0000] {logging_mixin.py:190} INFO - [2026-03-28T19:40:24.939+0000] {dagbag.py:588} INFO - Filling up the DagBag from /home/ec2-user/environment/lab4_model_training/dags/ml_pipeline_dag.py
[2026-03-28T19:40:26.251+0000] {processor.py:925} INFO - DAG(s) 'ml_pipeline' retrieved from /home/ec2-user/environment/lab4_model_training/dags/ml_pipeline_dag.py
[2026-03-28T19:40:26.264+0000] {logging_mixin.py:190} INFO - [2026-03-28T19:40:26.264+0000] {dag.py:3239} INFO - Sync 1 DAGs
[2026-03-28T19:40:26.273+0000] {logging_mixin.py:190} INFO - [2026-03-28T19:40:26.273+0000] {dag.py:4180} INFO - Setting next_dagrun for ml_pipeline to None, run_after=None
[2026-03-28T19:40:26.290+0000] {processor.py:208} INFO - Processing /home/ec2-user/environment/lab4_model_training/dags/ml_pipeline_dag.py took 1.358 seconds
[2026-03-28T19:40:57.170+0000] {processor.py:186} INFO - Started process (PID=12304) to work on /home/ec2-user/environment/lab4_model_training/dags/ml_pipeline_dag.py
[2026-03-28T19:40:57.171+0000] {processor.py:914} INFO - Processing file /home/ec2-user/environment/lab4_model_training/dags/ml_pipeline_dag.py for tasks to queue
[2026-03-28T19:40:57.172+0000] {logging_mixin.py:190} INFO - [2026-03-28T19:40:57.172+0000] {dagbag.py:588} INFO - Filling up the DagBag from /home/ec2-user/environment/lab4_model_training/dags/ml_pipeline_dag.py
[2026-03-28T19:40:58.507+0000] {processor.py:925} INFO - DAG(s) 'ml_pipeline' retrieved from /home/ec2-user/environment/lab4_model_training/dags/ml_pipeline_dag.py
[2026-03-28T19:40:58.520+0000] {logging_mixin.py:190} INFO - [2026-03-28T19:40:58.519+0000] {dag.py:3239} INFO - Sync 1 DAGs
[2026-03-28T19:40:58.529+0000] {logging_mixin.py:190} INFO - [2026-03-28T19:40:58.529+0000] {dag.py:4180} INFO - Setting next_dagrun for ml_pipeline to None, run_after=None
[2026-03-28T19:40:58.546+0000] {processor.py:208} INFO - Processing /home/ec2-user/environment/lab4_model_training/dags/ml_pipeline_dag.py took 1.381 seconds
[2026-03-28T19:41:28.716+0000] {processor.py:186} INFO - Started process (PID=12343) to work on /home/ec2-user/environment/lab4_model_training/dags/ml_pipeline_dag.py
[2026-03-28T19:41:28.717+0000] {processor.py:914} INFO - Processing file /home/ec2-user/environment/lab4_model_training/dags/ml_pipeline_dag.py for tasks to queue
[2026-03-28T19:41:28.718+0000] {logging_mixin.py:190} INFO - [2026-03-28T19:41:28.717+0000] {dagbag.py:588} INFO - Filling up the DagBag from /home/ec2-user/environment/lab4_model_training/dags/ml_pipeline_dag.py
[2026-03-28T19:41:30.026+0000] {processor.py:925} INFO - DAG(s) 'ml_pipeline' retrieved from /home/ec2-user/environment/lab4_model_training/dags/ml_pipeline_dag.py
[2026-03-28T19:41:30.039+0000] {logging_mixin.py:190} INFO - [2026-03-28T19:41:30.038+0000] {dag.py:3239} INFO - Sync 1 DAGs
[2026-03-28T19:41:30.047+0000] {logging_mixin.py:190} INFO - [2026-03-28T19:41:30.047+0000] {dag.py:4180} INFO - Setting next_dagrun for ml_pipeline to None, run_after=None
[2026-03-28T19:41:30.065+0000] {processor.py:208} INFO - Processing /home/ec2-user/environment/lab4_model_training/dags/ml_pipeline_dag.py took 1.353 seconds
[2026-03-28T19:42:00.315+0000] {processor.py:186} INFO - Started process (PID=12441) to work on /home/ec2-user/environment/lab4_model_training/dags/ml_pipeline_dag.py
[2026-03-28T19:42:00.317+0000] {processor.py:914} INFO - Processing file /home/ec2-user/environment/lab4_model_training/dags/ml_pipeline_dag.py for tasks to queue
[2026-03-28T19:42:00.318+0000] {logging_mixin.py:190} INFO - [2026-03-28T19:42:00.317+0000] {dagbag.py:588} INFO - Filling up the DagBag from /home/ec2-user/environment/lab4_model_training/dags/ml_pipeline_dag.py
[2026-03-28T19:42:01.643+0000] {processor.py:925} INFO - DAG(s) 'ml_pipeline' retrieved from /home/ec2-user/environment/lab4_model_training/dags/ml_pipeline_dag.py
[2026-03-28T19:42:01.656+0000] {logging_mixin.py:190} INFO - [2026-03-28T19:42:01.655+0000] {dag.py:3239} INFO - Sync 1 DAGs
[2026-03-28T19:42:01.665+0000] {logging_mixin.py:190} INFO - [2026-03-28T19:42:01.665+0000] {dag.py:4180} INFO - Setting next_dagrun for ml_pipeline to None, run_after=None
[2026-03-28T19:42:01.683+0000] {processor.py:208} INFO - Processing /home/ec2-user/environment/lab4_model_training/dags/ml_pipeline_dag.py took 1.373 seconds
[2026-03-28T19:42:31.881+0000] {processor.py:186} INFO - Started process (PID=12472) to work on /home/ec2-user/environment/lab4_model_training/dags/ml_pipeline_dag.py
[2026-03-28T19:42:31.882+0000] {processor.py:914} INFO - Processing file /home/ec2-user/environment/lab4_model_training/dags/ml_pipeline_dag.py for tasks to queue
[2026-03-28T19:42:31.884+0000] {logging_mixin.py:190} INFO - [2026-03-28T19:42:31.883+0000] {dagbag.py:588} INFO - Filling up the DagBag from /home/ec2-user/environment/lab4_model_training/dags/ml_pipeline_dag.py
[2026-03-28T19:42:33.201+0000] {processor.py:925} INFO - DAG(s) 'ml_pipeline' retrieved from /home/ec2-user/environment/lab4_model_training/dags/ml_pipeline_dag.py
[2026-03-28T19:42:33.214+0000] {logging_mixin.py:190} INFO - [2026-03-28T19:42:33.213+0000] {dag.py:3239} INFO - Sync 1 DAGs
[2026-03-28T19:42:33.224+0000] {logging_mixin.py:190} INFO - [2026-03-28T19:42:33.224+0000] {dag.py:4180} INFO - Setting next_dagrun for ml_pipeline to None, run_after=None
[2026-03-28T19:42:33.242+0000] {processor.py:208} INFO - Processing /home/ec2-user/environment/lab4_model_training/dags/ml_pipeline_dag.py took 1.366 seconds
[2026-03-28T19:43:03.382+0000] {processor.py:186} INFO - Started process (PID=12506) to work on /home/ec2-user/environment/lab4_model_training/dags/ml_pipeline_dag.py
[2026-03-28T19:43:03.382+0000] {processor.py:914} INFO - Processing file /home/ec2-user/environment/lab4_model_training/dags/ml_pipeline_dag.py for tasks to queue
[2026-03-28T19:43:03.383+0000] {logging_mixin.py:190} INFO - [2026-03-28T19:43:03.383+0000] {dagbag.py:588} INFO - Filling up the DagBag from /home/ec2-user/environment/lab4_model_training/dags/ml_pipeline_dag.py
[2026-03-28T19:43:04.689+0000] {processor.py:925} INFO - DAG(s) 'ml_pipeline' retrieved from /home/ec2-user/environment/lab4_model_training/dags/ml_pipeline_dag.py
[2026-03-28T19:43:04.703+0000] {logging_mixin.py:190} INFO - [2026-03-28T19:43:04.702+0000] {dag.py:3239} INFO - Sync 1 DAGs
[2026-03-28T19:43:04.711+0000] {logging_mixin.py:190} INFO - [2026-03-28T19:43:04.711+0000] {dag.py:4180} INFO - Setting next_dagrun for ml_pipeline to None, run_after=None
[2026-03-28T19:43:04.727+0000] {processor.py:208} INFO - Processing /home/ec2-user/environment/lab4_model_training/dags/ml_pipeline_dag.py took 1.351 seconds
[2026-03-28T19:43:34.881+0000] {processor.py:186} INFO - Started process (PID=12566) to work on /home/ec2-user/environment/lab4_model_training/dags/ml_pipeline_dag.py
[2026-03-28T19:43:34.883+0000] {processor.py:914} INFO - Processing file /home/ec2-user/environment/lab4_model_training/dags/ml_pipeline_dag.py for tasks to queue
[2026-03-28T19:43:34.884+0000] {logging_mixin.py:190} INFO - [2026-03-28T19:43:34.883+0000] {dagbag.py:588} INFO - Filling up the DagBag from /home/ec2-user/environment/lab4_model_training/dags/ml_pipeline_dag.py
[2026-03-28T19:43:36.194+0000] {processor.py:925} INFO - DAG(s) 'ml_pipeline' retrieved from /home/ec2-user/environment/lab4_model_training/dags/ml_pipeline_dag.py
[2026-03-28T19:43:36.208+0000] {logging_mixin.py:190} INFO - [2026-03-28T19:43:36.208+0000] {dag.py:3239} INFO - Sync 1 DAGs
[2026-03-28T19:43:36.217+0000] {logging_mixin.py:190} INFO - [2026-03-28T19:43:36.217+0000] {dag.py:4180} INFO - Setting next_dagrun for ml_pipeline to None, run_after=None
[2026-03-28T19:43:36.234+0000] {processor.py:208} INFO - Processing /home/ec2-user/environment/lab4_model_training/dags/ml_pipeline_dag.py took 1.357 seconds
[2026-03-28T19:44:06.384+0000] {processor.py:186} INFO - Started process (PID=12610) to work on /home/ec2-user/environment/lab4_model_training/dags/ml_pipeline_dag.py
[2026-03-28T19:44:06.384+0000] {processor.py:914} INFO - Processing file /home/ec2-user/environment/lab4_model_training/dags/ml_pipeline_dag.py for tasks to queue
[2026-03-28T19:44:06.386+0000] {logging_mixin.py:190} INFO - [2026-03-28T19:44:06.385+0000] {dagbag.py:588} INFO - Filling up the DagBag from /home/ec2-user/environment/lab4_model_training/dags/ml_pipeline_dag.py
[2026-03-28T19:44:07.706+0000] {processor.py:925} INFO - DAG(s) 'ml_pipeline' retrieved from /home/ec2-user/environment/lab4_model_training/dags/ml_pipeline_dag.py
[2026-03-28T19:44:07.720+0000] {logging_mixin.py:190} INFO - [2026-03-28T19:44:07.720+0000] {dag.py:3239} INFO - Sync 1 DAGs
[2026-03-28T19:44:07.731+0000] {logging_mixin.py:190} INFO - [2026-03-28T19:44:07.731+0000] {dag.py:4180} INFO - Setting next_dagrun for ml_pipeline to None, run_after=None
[2026-03-28T19:44:07.750+0000] {processor.py:208} INFO - Processing /home/ec2-user/environment/lab4_model_training/dags/ml_pipeline_dag.py took 1.371 seconds
[2026-03-28T19:44:39.444+0000] {processor.py:186} INFO - Started process (PID=12648) to work on /home/ec2-user/environment/lab4_model_training/dags/ml_pipeline_dag.py
[2026-03-28T19:44:39.444+0000] {processor.py:914} INFO - Processing file /home/ec2-user/environment/lab4_model_training/dags/ml_pipeline_dag.py for tasks to queue
[2026-03-28T19:44:39.445+0000] {logging_mixin.py:190} INFO - [2026-03-28T19:44:39.445+0000] {dagbag.py:588} INFO - Filling up the DagBag from /home/ec2-user/environment/lab4_model_training/dags/ml_pipeline_dag.py
[2026-03-28T19:44:40.977+0000] {processor.py:925} INFO - DAG(s) 'ml_pipeline' retrieved from /home/ec2-user/environment/lab4_model_training/dags/ml_pipeline_dag.py
[2026-03-28T19:44:41.007+0000] {logging_mixin.py:190} INFO - [2026-03-28T19:44:41.007+0000] {dag.py:3239} INFO - Sync 1 DAGs
[2026-03-28T19:44:41.021+0000] {logging_mixin.py:190} INFO - [2026-03-28T19:44:41.021+0000] {dag.py:4180} INFO - Setting next_dagrun for ml_pipeline to None, run_after=None
[2026-03-28T19:44:41.047+0000] {processor.py:208} INFO - Processing /home/ec2-user/environment/lab4_model_training/dags/ml_pipeline_dag.py took 1.608 seconds
[2026-03-28T19:45:11.614+0000] {processor.py:186} INFO - Started process (PID=12698) to work on /home/ec2-user/environment/lab4_model_training/dags/ml_pipeline_dag.py
[2026-03-28T19:45:11.615+0000] {processor.py:914} INFO - Processing file /home/ec2-user/environment/lab4_model_training/dags/ml_pipeline_dag.py for tasks to queue
[2026-03-28T19:45:11.616+0000] {logging_mixin.py:190} INFO - [2026-03-28T19:45:11.616+0000] {dagbag.py:588} INFO - Filling up the DagBag from /home/ec2-user/environment/lab4_model_training/dags/ml_pipeline_dag.py
[2026-03-28T19:45:12.937+0000] {processor.py:925} INFO - DAG(s) 'ml_pipeline' retrieved from /home/ec2-user/environment/lab4_model_training/dags/ml_pipeline_dag.py
[2026-03-28T19:45:12.950+0000] {logging_mixin.py:190} INFO - [2026-03-28T19:45:12.950+0000] {dag.py:3239} INFO - Sync 1 DAGs
[2026-03-28T19:45:12.959+0000] {logging_mixin.py:190} INFO - [2026-03-28T19:45:12.958+0000] {dag.py:4180} INFO - Setting next_dagrun for ml_pipeline to None, run_after=None
[2026-03-28T19:45:12.975+0000] {processor.py:208} INFO - Processing /home/ec2-user/environment/lab4_model_training/dags/ml_pipeline_dag.py took 1.366 seconds
[2026-03-28T19:45:43.086+0000] {processor.py:186} INFO - Started process (PID=12778) to work on /home/ec2-user/environment/lab4_model_training/dags/ml_pipeline_dag.py
[2026-03-28T19:45:43.087+0000] {processor.py:914} INFO - Processing file /home/ec2-user/environment/lab4_model_training/dags/ml_pipeline_dag.py for tasks to queue
[2026-03-28T19:45:43.088+0000] {logging_mixin.py:190} INFO - [2026-03-28T19:45:43.088+0000] {dagbag.py:588} INFO - Filling up the DagBag from /home/ec2-user/environment/lab4_model_training/dags/ml_pipeline_dag.py
[2026-03-28T19:45:44.380+0000] {processor.py:925} INFO - DAG(s) 'ml_pipeline' retrieved from /home/ec2-user/environment/lab4_model_training/dags/ml_pipeline_dag.py
[2026-03-28T19:45:44.393+0000] {logging_mixin.py:190} INFO - [2026-03-28T19:45:44.392+0000] {dag.py:3239} INFO - Sync 1 DAGs
[2026-03-28T19:45:44.402+0000] {logging_mixin.py:190} INFO - [2026-03-28T19:45:44.402+0000] {dag.py:4180} INFO - Setting next_dagrun for ml_pipeline to None, run_after=None
[2026-03-28T19:45:44.419+0000] {processor.py:208} INFO - Processing /home/ec2-user/environment/lab4_model_training/dags/ml_pipeline_dag.py took 1.338 seconds
[2026-03-28T19:46:14.672+0000] {processor.py:186} INFO - Started process (PID=12824) to work on /home/ec2-user/environment/lab4_model_training/dags/ml_pipeline_dag.py
[2026-03-28T19:46:14.673+0000] {processor.py:914} INFO - Processing file /home/ec2-user/environment/lab4_model_training/dags/ml_pipeline_dag.py for tasks to queue
[2026-03-28T19:46:14.674+0000] {logging_mixin.py:190} INFO - [2026-03-28T19:46:14.674+0000] {dagbag.py:588} INFO - Filling up the DagBag from /home/ec2-user/environment/lab4_model_training/dags/ml_pipeline_dag.py
[2026-03-28T19:46:16.473+0000] {processor.py:925} INFO - DAG(s) 'ml_pipeline' retrieved from /home/ec2-user/environment/lab4_model_training/dags/ml_pipeline_dag.py
[2026-03-28T19:46:16.492+0000] {logging_mixin.py:190} INFO - [2026-03-28T19:46:16.492+0000] {dag.py:3239} INFO - Sync 1 DAGs
[2026-03-28T19:46:16.506+0000] {logging_mixin.py:190} INFO - [2026-03-28T19:46:16.506+0000] {dag.py:4180} INFO - Setting next_dagrun for ml_pipeline to None, run_after=None
[2026-03-28T19:46:16.531+0000] {processor.py:208} INFO - Processing /home/ec2-user/environment/lab4_model_training/dags/ml_pipeline_dag.py took 1.866 seconds
[2026-03-28T19:46:46.769+0000] {processor.py:186} INFO - Started process (PID=12855) to work on /home/ec2-user/environment/lab4_model_training/dags/ml_pipeline_dag.py
[2026-03-28T19:46:46.770+0000] {processor.py:914} INFO - Processing file /home/ec2-user/environment/lab4_model_training/dags/ml_pipeline_dag.py for tasks to queue
[2026-03-28T19:46:46.771+0000] {logging_mixin.py:190} INFO - [2026-03-28T19:46:46.771+0000] {dagbag.py:588} INFO - Filling up the DagBag from /home/ec2-user/environment/lab4_model_training/dags/ml_pipeline_dag.py
[2026-03-28T19:46:48.087+0000] {processor.py:925} INFO - DAG(s) 'ml_pipeline' retrieved from /home/ec2-user/environment/lab4_model_training/dags/ml_pipeline_dag.py
[2026-03-28T19:46:48.100+0000] {logging_mixin.py:190} INFO - [2026-03-28T19:46:48.100+0000] {dag.py:3239} INFO - Sync 1 DAGs
[2026-03-28T19:46:48.109+0000] {logging_mixin.py:190} INFO - [2026-03-28T19:46:48.108+0000] {dag.py:4180} INFO - Setting next_dagrun for ml_pipeline to None, run_after=None
[2026-03-28T19:46:48.126+0000] {processor.py:208} INFO - Processing /home/ec2-user/environment/lab4_model_training/dags/ml_pipeline_dag.py took 1.364 seconds
[2026-03-28T19:47:18.357+0000] {processor.py:186} INFO - Started process (PID=12906) to work on /home/ec2-user/environment/lab4_model_training/dags/ml_pipeline_dag.py
[2026-03-28T19:47:18.358+0000] {processor.py:914} INFO - Processing file /home/ec2-user/environment/lab4_model_training/dags/ml_pipeline_dag.py for tasks to queue
[2026-03-28T19:47:18.359+0000] {logging_mixin.py:190} INFO - [2026-03-28T19:47:18.359+0000] {dagbag.py:588} INFO - Filling up the DagBag from /home/ec2-user/environment/lab4_model_training/dags/ml_pipeline_dag.py
[2026-03-28T19:47:19.695+0000] {processor.py:925} INFO - DAG(s) 'ml_pipeline' retrieved from /home/ec2-user/environment/lab4_model_training/dags/ml_pipeline_dag.py
[2026-03-28T19:47:19.709+0000] {logging_mixin.py:190} INFO - [2026-03-28T19:47:19.708+0000] {dag.py:3239} INFO - Sync 1 DAGs
[2026-03-28T19:47:19.719+0000] {logging_mixin.py:190} INFO - [2026-03-28T19:47:19.719+0000] {dag.py:4180} INFO - Setting next_dagrun for ml_pipeline to None, run_after=None
[2026-03-28T19:47:19.737+0000] {processor.py:208} INFO - Processing /home/ec2-user/environment/lab4_model_training/dags/ml_pipeline_dag.py took 1.385 seconds
[2026-03-28T19:47:49.943+0000] {processor.py:186} INFO - Started process (PID=12980) to work on /home/ec2-user/environment/lab4_model_training/dags/ml_pipeline_dag.py
[2026-03-28T19:47:49.944+0000] {processor.py:914} INFO - Processing file /home/ec2-user/environment/lab4_model_training/dags/ml_pipeline_dag.py for tasks to queue
[2026-03-28T19:47:49.945+0000] {logging_mixin.py:190} INFO - [2026-03-28T19:47:49.945+0000] {dagbag.py:588} INFO - Filling up the DagBag from /home/ec2-user/environment/lab4_model_training/dags/ml_pipeline_dag.py
[2026-03-28T19:47:51.240+0000] {processor.py:925} INFO - DAG(s) 'ml_pipeline' retrieved from /home/ec2-user/environment/lab4_model_training/dags/ml_pipeline_dag.py
[2026-03-28T19:47:51.253+0000] {logging_mixin.py:190} INFO - [2026-03-28T19:47:51.253+0000] {dag.py:3239} INFO - Sync 1 DAGs
[2026-03-28T19:47:51.261+0000] {logging_mixin.py:190} INFO - [2026-03-28T19:47:51.261+0000] {dag.py:4180} INFO - Setting next_dagrun for ml_pipeline to None, run_after=None
[2026-03-28T19:47:51.276+0000] {processor.py:208} INFO - Processing /home/ec2-user/environment/lab4_model_training/dags/ml_pipeline_dag.py took 1.338 seconds
[2026-03-28T19:48:21.537+0000] {processor.py:186} INFO - Started process (PID=13018) to work on /home/ec2-user/environment/lab4_model_training/dags/ml_pipeline_dag.py
[2026-03-28T19:48:21.538+0000] {processor.py:914} INFO - Processing file /home/ec2-user/environment/lab4_model_training/dags/ml_pipeline_dag.py for tasks to queue
[2026-03-28T19:48:21.540+0000] {logging_mixin.py:190} INFO - [2026-03-28T19:48:21.539+0000] {dagbag.py:588} INFO - Filling up the DagBag from /home/ec2-user/environment/lab4_model_training/dags/ml_pipeline_dag.py
[2026-03-28T19:48:22.864+0000] {processor.py:925} INFO - DAG(s) 'ml_pipeline' retrieved from /home/ec2-user/environment/lab4_model_training/dags/ml_pipeline_dag.py
[2026-03-28T19:48:22.879+0000] {logging_mixin.py:190} INFO - [2026-03-28T19:48:22.879+0000] {dag.py:3239} INFO - Sync 1 DAGs
[2026-03-28T19:48:22.888+0000] {logging_mixin.py:190} INFO - [2026-03-28T19:48:22.888+0000] {dag.py:4180} INFO - Setting next_dagrun for ml_pipeline to None, run_after=None
[2026-03-28T19:48:22.906+0000] {processor.py:208} INFO - Processing /home/ec2-user/environment/lab4_model_training/dags/ml_pipeline_dag.py took 1.373 seconds
[2026-03-28T19:48:53.125+0000] {processor.py:186} INFO - Started process (PID=13045) to work on /home/ec2-user/environment/lab4_model_training/dags/ml_pipeline_dag.py
[2026-03-28T19:48:53.126+0000] {processor.py:914} INFO - Processing file /home/ec2-user/environment/lab4_model_training/dags/ml_pipeline_dag.py for tasks to queue
[2026-03-28T19:48:53.127+0000] {logging_mixin.py:190} INFO - [2026-03-28T19:48:53.127+0000] {dagbag.py:588} INFO - Filling up the DagBag from /home/ec2-user/environment/lab4_model_training/dags/ml_pipeline_dag.py
[2026-03-28T19:48:54.450+0000] {processor.py:925} INFO - DAG(s) 'ml_pipeline' retrieved from /home/ec2-user/environment/lab4_model_training/dags/ml_pipeline_dag.py
[2026-03-28T19:48:54.464+0000] {logging_mixin.py:190} INFO - [2026-03-28T19:48:54.464+0000] {dag.py:3239} INFO - Sync 1 DAGs
[2026-03-28T19:48:54.473+0000] {logging_mixin.py:190} INFO - [2026-03-28T19:48:54.473+0000] {dag.py:4180} INFO - Setting next_dagrun for ml_pipeline to None, run_after=None
[2026-03-28T19:48:54.489+0000] {processor.py:208} INFO - Processing /home/ec2-user/environment/lab4_model_training/dags/ml_pipeline_dag.py took 1.369 seconds
[2026-03-28T19:49:24.707+0000] {processor.py:186} INFO - Started process (PID=13153) to work on /home/ec2-user/environment/lab4_model_training/dags/ml_pipeline_dag.py
[2026-03-28T19:49:24.708+0000] {processor.py:914} INFO - Processing file /home/ec2-user/environment/lab4_model_training/dags/ml_pipeline_dag.py for tasks to queue
[2026-03-28T19:49:24.709+0000] {logging_mixin.py:190} INFO - [2026-03-28T19:49:24.709+0000] {dagbag.py:588} INFO - Filling up the DagBag from /home/ec2-user/environment/lab4_model_training/dags/ml_pipeline_dag.py
[2026-03-28T19:49:26.015+0000] {processor.py:925} INFO - DAG(s) 'ml_pipeline' retrieved from /home/ec2-user/environment/lab4_model_training/dags/ml_pipeline_dag.py
[2026-03-28T19:49:26.028+0000] {logging_mixin.py:190} INFO - [2026-03-28T19:49:26.028+0000] {dag.py:3239} INFO - Sync 1 DAGs
[2026-03-28T19:49:26.037+0000] {logging_mixin.py:190} INFO - [2026-03-28T19:49:26.036+0000] {dag.py:4180} INFO - Setting next_dagrun for ml_pipeline to None, run_after=None
[2026-03-28T19:49:26.053+0000] {processor.py:208} INFO - Processing /home/ec2-user/environment/lab4_model_training/dags/ml_pipeline_dag.py took 1.350 seconds
[2026-03-28T19:49:56.300+0000] {processor.py:186} INFO - Started process (PID=13179) to work on /home/ec2-user/environment/lab4_model_training/dags/ml_pipeline_dag.py
[2026-03-28T19:49:56.301+0000] {processor.py:914} INFO - Processing file /home/ec2-user/environment/lab4_model_training/dags/ml_pipeline_dag.py for tasks to queue
[2026-03-28T19:49:56.303+0000] {logging_mixin.py:190} INFO - [2026-03-28T19:49:56.303+0000] {dagbag.py:588} INFO - Filling up the DagBag from /home/ec2-user/environment/lab4_model_training/dags/ml_pipeline_dag.py
[2026-03-28T19:49:57.630+0000] {processor.py:925} INFO - DAG(s) 'ml_pipeline' retrieved from /home/ec2-user/environment/lab4_model_training/dags/ml_pipeline_dag.py
[2026-03-28T19:49:57.643+0000] {logging_mixin.py:190} INFO - [2026-03-28T19:49:57.643+0000] {dag.py:3239} INFO - Sync 1 DAGs
[2026-03-28T19:49:57.652+0000] {logging_mixin.py:190} INFO - [2026-03-28T19:49:57.652+0000] {dag.py:4180} INFO - Setting next_dagrun for ml_pipeline to None, run_after=None
[2026-03-28T19:49:57.669+0000] {processor.py:208} INFO - Processing /home/ec2-user/environment/lab4_model_training/dags/ml_pipeline_dag.py took 1.374 seconds
[2026-03-28T19:50:27.903+0000] {processor.py:186} INFO - Started process (PID=13227) to work on /home/ec2-user/environment/lab4_model_training/dags/ml_pipeline_dag.py
[2026-03-28T19:50:27.904+0000] {processor.py:914} INFO - Processing file /home/ec2-user/environment/lab4_model_training/dags/ml_pipeline_dag.py for tasks to queue
[2026-03-28T19:50:27.905+0000] {logging_mixin.py:190} INFO - [2026-03-28T19:50:27.904+0000] {dagbag.py:588} INFO - Filling up the DagBag from /home/ec2-user/environment/lab4_model_training/dags/ml_pipeline_dag.py
[2026-03-28T19:50:29.227+0000] {processor.py:925} INFO - DAG(s) 'ml_pipeline' retrieved from /home/ec2-user/environment/lab4_model_training/dags/ml_pipeline_dag.py
[2026-03-28T19:50:29.239+0000] {logging_mixin.py:190} INFO - [2026-03-28T19:50:29.239+0000] {dag.py:3239} INFO - Sync 1 DAGs
[2026-03-28T19:50:29.248+0000] {logging_mixin.py:190} INFO - [2026-03-28T19:50:29.248+0000] {dag.py:4180} INFO - Setting next_dagrun for ml_pipeline to None, run_after=None
[2026-03-28T19:50:29.264+0000] {processor.py:208} INFO - Processing /home/ec2-user/environment/lab4_model_training/dags/ml_pipeline_dag.py took 1.366 seconds
[2026-03-28T19:50:59.486+0000] {processor.py:186} INFO - Started process (PID=13305) to work on /home/ec2-user/environment/lab4_model_training/dags/ml_pipeline_dag.py
[2026-03-28T19:50:59.487+0000] {processor.py:914} INFO - Processing file /home/ec2-user/environment/lab4_model_training/dags/ml_pipeline_dag.py for tasks to queue
[2026-03-28T19:50:59.488+0000] {logging_mixin.py:190} INFO - [2026-03-28T19:50:59.488+0000] {dagbag.py:588} INFO - Filling up the DagBag from /home/ec2-user/environment/lab4_model_training/dags/ml_pipeline_dag.py
[2026-03-28T19:51:00.813+0000] {processor.py:925} INFO - DAG(s) 'ml_pipeline' retrieved from /home/ec2-user/environment/lab4_model_training/dags/ml_pipeline_dag.py
[2026-03-28T19:51:00.827+0000] {logging_mixin.py:190} INFO - [2026-03-28T19:51:00.826+0000] {dag.py:3239} INFO - Sync 1 DAGs
[2026-03-28T19:51:00.836+0000] {logging_mixin.py:190} INFO - [2026-03-28T19:51:00.836+0000] {dag.py:4180} INFO - Setting next_dagrun for ml_pipeline to None, run_after=None
[2026-03-28T19:51:00.855+0000] {processor.py:208} INFO - Processing /home/ec2-user/environment/lab4_model_training/dags/ml_pipeline_dag.py took 1.374 seconds
[2026-03-28T19:51:31.082+0000] {processor.py:186} INFO - Started process (PID=13345) to work on /home/ec2-user/environment/lab4_model_training/dags/ml_pipeline_dag.py
[2026-03-28T19:51:31.082+0000] {processor.py:914} INFO - Processing file /home/ec2-user/environment/lab4_model_training/dags/ml_pipeline_dag.py for tasks to queue
[2026-03-28T19:51:31.083+0000] {logging_mixin.py:190} INFO - [2026-03-28T19:51:31.083+0000] {dagbag.py:588} INFO - Filling up the DagBag from /home/ec2-user/environment/lab4_model_training/dags/ml_pipeline_dag.py
[2026-03-28T19:51:32.399+0000] {processor.py:925} INFO - DAG(s) 'ml_pipeline' retrieved from /home/ec2-user/environment/lab4_model_training/dags/ml_pipeline_dag.py
[2026-03-28T19:51:32.411+0000] {logging_mixin.py:190} INFO - [2026-03-28T19:51:32.411+0000] {dag.py:3239} INFO - Sync 1 DAGs
[2026-03-28T19:51:32.421+0000] {logging_mixin.py:190} INFO - [2026-03-28T19:51:32.421+0000] {dag.py:4180} INFO - Setting next_dagrun for ml_pipeline to None, run_after=None
[2026-03-28T19:51:32.437+0000] {processor.py:208} INFO - Processing /home/ec2-user/environment/lab4_model_training/dags/ml_pipeline_dag.py took 1.360 seconds
[2026-03-28T19:52:03.202+0000] {processor.py:186} INFO - Started process (PID=13394) to work on /home/ec2-user/environment/lab4_model_training/dags/ml_pipeline_dag.py
[2026-03-28T19:52:03.202+0000] {processor.py:914} INFO - Processing file /home/ec2-user/environment/lab4_model_training/dags/ml_pipeline_dag.py for tasks to queue
[2026-03-28T19:52:03.204+0000] {logging_mixin.py:190} INFO - [2026-03-28T19:52:03.203+0000] {dagbag.py:588} INFO - Filling up the DagBag from /home/ec2-user/environment/lab4_model_training/dags/ml_pipeline_dag.py
[2026-03-28T19:52:04.687+0000] {processor.py:925} INFO - DAG(s) 'ml_pipeline' retrieved from /home/ec2-user/environment/lab4_model_training/dags/ml_pipeline_dag.py
[2026-03-28T19:52:04.700+0000] {logging_mixin.py:190} INFO - [2026-03-28T19:52:04.700+0000] {dag.py:3239} INFO - Sync 1 DAGs
[2026-03-28T19:52:04.711+0000] {logging_mixin.py:190} INFO - [2026-03-28T19:52:04.711+0000] {dag.py:4180} INFO - Setting next_dagrun for ml_pipeline to None, run_after=None
[2026-03-28T19:52:04.728+0000] {processor.py:208} INFO - Processing /home/ec2-user/environment/lab4_model_training/dags/ml_pipeline_dag.py took 1.533 seconds
[2026-03-28T19:52:35.039+0000] {processor.py:186} INFO - Started process (PID=13493) to work on /home/ec2-user/environment/lab4_model_training/dags/ml_pipeline_dag.py
[2026-03-28T19:52:35.040+0000] {processor.py:914} INFO - Processing file /home/ec2-user/environment/lab4_model_training/dags/ml_pipeline_dag.py for tasks to queue
[2026-03-28T19:52:35.041+0000] {logging_mixin.py:190} INFO - [2026-03-28T19:52:35.041+0000] {dagbag.py:588} INFO - Filling up the DagBag from /home/ec2-user/environment/lab4_model_training/dags/ml_pipeline_dag.py
[2026-03-28T19:52:36.365+0000] {processor.py:925} INFO - DAG(s) 'ml_pipeline' retrieved from /home/ec2-user/environment/lab4_model_training/dags/ml_pipeline_dag.py
[2026-03-28T19:52:36.379+0000] {logging_mixin.py:190} INFO - [2026-03-28T19:52:36.379+0000] {dag.py:3239} INFO - Sync 1 DAGs
[2026-03-28T19:52:36.388+0000] {logging_mixin.py:190} INFO - [2026-03-28T19:52:36.388+0000] {dag.py:4180} INFO - Setting next_dagrun for ml_pipeline to None, run_after=None
[2026-03-28T19:52:36.405+0000] {processor.py:208} INFO - Processing /home/ec2-user/environment/lab4_model_training/dags/ml_pipeline_dag.py took 1.370 seconds
[2026-03-28T19:53:06.663+0000] {processor.py:186} INFO - Started process (PID=13531) to work on /home/ec2-user/environment/lab4_model_training/dags/ml_pipeline_dag.py
[2026-03-28T19:53:06.664+0000] {processor.py:914} INFO - Processing file /home/ec2-user/environment/lab4_model_training/dags/ml_pipeline_dag.py for tasks to queue
[2026-03-28T19:53:06.665+0000] {logging_mixin.py:190} INFO - [2026-03-28T19:53:06.665+0000] {dagbag.py:588} INFO - Filling up the DagBag from /home/ec2-user/environment/lab4_model_training/dags/ml_pipeline_dag.py
[2026-03-28T19:53:07.983+0000] {processor.py:925} INFO - DAG(s) 'ml_pipeline' retrieved from /home/ec2-user/environment/lab4_model_training/dags/ml_pipeline_dag.py
[2026-03-28T19:53:07.997+0000] {logging_mixin.py:190} INFO - [2026-03-28T19:53:07.997+0000] {dag.py:3239} INFO - Sync 1 DAGs
[2026-03-28T19:53:08.006+0000] {logging_mixin.py:190} INFO - [2026-03-28T19:53:08.006+0000] {dag.py:4180} INFO - Setting next_dagrun for ml_pipeline to None, run_after=None
[2026-03-28T19:53:08.023+0000] {processor.py:208} INFO - Processing /home/ec2-user/environment/lab4_model_training/dags/ml_pipeline_dag.py took 1.365 seconds
[2026-03-28T19:53:38.291+0000] {processor.py:186} INFO - Started process (PID=13557) to work on /home/ec2-user/environment/lab4_model_training/dags/ml_pipeline_dag.py
[2026-03-28T19:53:38.292+0000] {processor.py:914} INFO - Processing file /home/ec2-user/environment/lab4_model_training/dags/ml_pipeline_dag.py for tasks to queue
[2026-03-28T19:53:38.293+0000] {logging_mixin.py:190} INFO - [2026-03-28T19:53:38.293+0000] {dagbag.py:588} INFO - Filling up the DagBag from /home/ec2-user/environment/lab4_model_training/dags/ml_pipeline_dag.py
[2026-03-28T19:53:39.629+0000] {processor.py:925} INFO - DAG(s) 'ml_pipeline' retrieved from /home/ec2-user/environment/lab4_model_training/dags/ml_pipeline_dag.py
[2026-03-28T19:53:39.644+0000] {logging_mixin.py:190} INFO - [2026-03-28T19:53:39.643+0000] {dag.py:3239} INFO - Sync 1 DAGs
[2026-03-28T19:53:39.652+0000] {logging_mixin.py:190} INFO - [2026-03-28T19:53:39.652+0000] {dag.py:4180} INFO - Setting next_dagrun for ml_pipeline to None, run_after=None
[2026-03-28T19:53:39.670+0000] {processor.py:208} INFO - Processing /home/ec2-user/environment/lab4_model_training/dags/ml_pipeline_dag.py took 1.384 seconds
[2026-03-28T19:54:09.932+0000] {processor.py:186} INFO - Started process (PID=13599) to work on /home/ec2-user/environment/lab4_model_training/dags/ml_pipeline_dag.py
[2026-03-28T19:54:09.933+0000] {processor.py:914} INFO - Processing file /home/ec2-user/environment/lab4_model_training/dags/ml_pipeline_dag.py for tasks to queue
[2026-03-28T19:54:09.934+0000] {logging_mixin.py:190} INFO - [2026-03-28T19:54:09.934+0000] {dagbag.py:588} INFO - Filling up the DagBag from /home/ec2-user/environment/lab4_model_training/dags/ml_pipeline_dag.py
[2026-03-28T19:54:11.532+0000] {processor.py:925} INFO - DAG(s) 'ml_pipeline' retrieved from /home/ec2-user/environment/lab4_model_training/dags/ml_pipeline_dag.py
[2026-03-28T19:54:11.544+0000] {logging_mixin.py:190} INFO - [2026-03-28T19:54:11.544+0000] {dag.py:3239} INFO - Sync 1 DAGs
[2026-03-28T19:54:11.553+0000] {logging_mixin.py:190} INFO - [2026-03-28T19:54:11.553+0000] {dag.py:4180} INFO - Setting next_dagrun for ml_pipeline to None, run_after=None
[2026-03-28T19:54:11.568+0000] {processor.py:208} INFO - Processing /home/ec2-user/environment/lab4_model_training/dags/ml_pipeline_dag.py took 1.643 seconds
[2026-03-28T19:54:41.828+0000] {processor.py:186} INFO - Started process (PID=13678) to work on /home/ec2-user/environment/lab4_model_training/dags/ml_pipeline_dag.py
[2026-03-28T19:54:41.828+0000] {processor.py:914} INFO - Processing file /home/ec2-user/environment/lab4_model_training/dags/ml_pipeline_dag.py for tasks to queue
[2026-03-28T19:54:41.829+0000] {logging_mixin.py:190} INFO - [2026-03-28T19:54:41.829+0000] {dagbag.py:588} INFO - Filling up the DagBag from /home/ec2-user/environment/lab4_model_training/dags/ml_pipeline_dag.py
[2026-03-28T19:54:43.155+0000] {processor.py:925} INFO - DAG(s) 'ml_pipeline' retrieved from /home/ec2-user/environment/lab4_model_training/dags/ml_pipeline_dag.py
[2026-03-28T19:54:43.169+0000] {logging_mixin.py:190} INFO - [2026-03-28T19:54:43.168+0000] {dag.py:3239} INFO - Sync 1 DAGs
[2026-03-28T19:54:43.178+0000] {logging_mixin.py:190} INFO - [2026-03-28T19:54:43.177+0000] {dag.py:4180} INFO - Setting next_dagrun for ml_pipeline to None, run_after=None
[2026-03-28T19:54:43.195+0000] {processor.py:208} INFO - Processing /home/ec2-user/environment/lab4_model_training/dags/ml_pipeline_dag.py took 1.372 seconds
[2026-03-28T19:55:16.459+0000] {processor.py:186} INFO - Started process (PID=13727) to work on /home/ec2-user/environment/lab4_model_training/dags/ml_pipeline_dag.py
[2026-03-28T19:55:16.460+0000] {processor.py:914} INFO - Processing file /home/ec2-user/environment/lab4_model_training/dags/ml_pipeline_dag.py for tasks to queue
[2026-03-28T19:55:16.462+0000] {logging_mixin.py:190} INFO - [2026-03-28T19:55:16.462+0000] {dagbag.py:588} INFO - Filling up the DagBag from /home/ec2-user/environment/lab4_model_training/dags/ml_pipeline_dag.py
[2026-03-28T19:55:17.791+0000] {processor.py:925} INFO - DAG(s) 'ml_pipeline' retrieved from /home/ec2-user/environment/lab4_model_training/dags/ml_pipeline_dag.py
[2026-03-28T19:55:17.804+0000] {logging_mixin.py:190} INFO - [2026-03-28T19:55:17.804+0000] {dag.py:3239} INFO - Sync 1 DAGs
[2026-03-28T19:55:17.813+0000] {logging_mixin.py:190} INFO - [2026-03-28T19:55:17.813+0000] {dag.py:4180} INFO - Setting next_dagrun for ml_pipeline to None, run_after=None
[2026-03-28T19:55:17.830+0000] {processor.py:208} INFO - Processing /home/ec2-user/environment/lab4_model_training/dags/ml_pipeline_dag.py took 1.376 seconds
[2026-03-28T19:55:47.903+0000] {processor.py:186} INFO - Started process (PID=13766) to work on /home/ec2-user/environment/lab4_model_training/dags/ml_pipeline_dag.py
[2026-03-28T19:55:47.903+0000] {processor.py:914} INFO - Processing file /home/ec2-user/environment/lab4_model_training/dags/ml_pipeline_dag.py for tasks to queue
[2026-03-28T19:55:47.905+0000] {logging_mixin.py:190} INFO - [2026-03-28T19:55:47.904+0000] {dagbag.py:588} INFO - Filling up the DagBag from /home/ec2-user/environment/lab4_model_training/dags/ml_pipeline_dag.py
[2026-03-28T19:55:49.215+0000] {processor.py:925} INFO - DAG(s) 'ml_pipeline' retrieved from /home/ec2-user/environment/lab4_model_training/dags/ml_pipeline_dag.py
[2026-03-28T19:55:49.227+0000] {logging_mixin.py:190} INFO - [2026-03-28T19:55:49.227+0000] {dag.py:3239} INFO - Sync 1 DAGs
[2026-03-28T19:55:49.235+0000] {logging_mixin.py:190} INFO - [2026-03-28T19:55:49.235+0000] {dag.py:4180} INFO - Setting next_dagrun for ml_pipeline to None, run_after=None
[2026-03-28T19:55:49.253+0000] {processor.py:208} INFO - Processing /home/ec2-user/environment/lab4_model_training/dags/ml_pipeline_dag.py took 1.355 seconds
[2026-03-28T19:56:19.543+0000] {processor.py:186} INFO - Started process (PID=13810) to work on /home/ec2-user/environment/lab4_model_training/dags/ml_pipeline_dag.py
[2026-03-28T19:56:19.544+0000] {processor.py:914} INFO - Processing file /home/ec2-user/environment/lab4_model_training/dags/ml_pipeline_dag.py for tasks to queue
[2026-03-28T19:56:19.545+0000] {logging_mixin.py:190} INFO - [2026-03-28T19:56:19.544+0000] {dagbag.py:588} INFO - Filling up the DagBag from /home/ec2-user/environment/lab4_model_training/dags/ml_pipeline_dag.py
[2026-03-28T19:56:20.835+0000] {processor.py:925} INFO - DAG(s) 'ml_pipeline' retrieved from /home/ec2-user/environment/lab4_model_training/dags/ml_pipeline_dag.py
[2026-03-28T19:56:20.848+0000] {logging_mixin.py:190} INFO - [2026-03-28T19:56:20.847+0000] {dag.py:3239} INFO - Sync 1 DAGs
[2026-03-28T19:56:20.858+0000] {logging_mixin.py:190} INFO - [2026-03-28T19:56:20.858+0000] {dag.py:4180} INFO - Setting next_dagrun for ml_pipeline to None, run_after=None
[2026-03-28T19:56:20.874+0000] {processor.py:208} INFO - Processing /home/ec2-user/environment/lab4_model_training/dags/ml_pipeline_dag.py took 1.336 seconds
[2026-03-28T19:56:51.147+0000] {processor.py:186} INFO - Started process (PID=13912) to work on /home/ec2-user/environment/lab4_model_training/dags/ml_pipeline_dag.py
[2026-03-28T19:56:51.148+0000] {processor.py:914} INFO - Processing file /home/ec2-user/environment/lab4_model_training/dags/ml_pipeline_dag.py for tasks to queue
[2026-03-28T19:56:51.149+0000] {logging_mixin.py:190} INFO - [2026-03-28T19:56:51.149+0000] {dagbag.py:588} INFO - Filling up the DagBag from /home/ec2-user/environment/lab4_model_training/dags/ml_pipeline_dag.py
[2026-03-28T19:56:52.453+0000] {processor.py:925} INFO - DAG(s) 'ml_pipeline' retrieved from /home/ec2-user/environment/lab4_model_training/dags/ml_pipeline_dag.py
[2026-03-28T19:56:52.468+0000] {logging_mixin.py:190} INFO - [2026-03-28T19:56:52.467+0000] {dag.py:3239} INFO - Sync 1 DAGs
[2026-03-28T19:56:52.477+0000] {logging_mixin.py:190} INFO - [2026-03-28T19:56:52.476+0000] {dag.py:4180} INFO - Setting next_dagrun for ml_pipeline to None, run_after=None
[2026-03-28T19:56:52.494+0000] {processor.py:208} INFO - Processing /home/ec2-user/environment/lab4_model_training/dags/ml_pipeline_dag.py took 1.351 seconds
[2026-03-28T19:57:22.648+0000] {processor.py:186} INFO - Started process (PID=13953) to work on /home/ec2-user/environment/lab4_model_training/dags/ml_pipeline_dag.py
[2026-03-28T19:57:22.649+0000] {processor.py:914} INFO - Processing file /home/ec2-user/environment/lab4_model_training/dags/ml_pipeline_dag.py for tasks to queue
[2026-03-28T19:57:22.650+0000] {logging_mixin.py:190} INFO - [2026-03-28T19:57:22.649+0000] {dagbag.py:588} INFO - Filling up the DagBag from /home/ec2-user/environment/lab4_model_training/dags/ml_pipeline_dag.py
[2026-03-28T19:57:23.975+0000] {processor.py:925} INFO - DAG(s) 'ml_pipeline' retrieved from /home/ec2-user/environment/lab4_model_training/dags/ml_pipeline_dag.py
[2026-03-28T19:57:23.990+0000] {logging_mixin.py:190} INFO - [2026-03-28T19:57:23.989+0000] {dag.py:3239} INFO - Sync 1 DAGs
[2026-03-28T19:57:23.998+0000] {logging_mixin.py:190} INFO - [2026-03-28T19:57:23.998+0000] {dag.py:4180} INFO - Setting next_dagrun for ml_pipeline to None, run_after=None
[2026-03-28T19:57:24.015+0000] {processor.py:208} INFO - Processing /home/ec2-user/environment/lab4_model_training/dags/ml_pipeline_dag.py took 1.373 seconds
[2026-03-28T19:57:54.669+0000] {processor.py:186} INFO - Started process (PID=13989) to work on /home/ec2-user/environment/lab4_model_training/dags/ml_pipeline_dag.py
[2026-03-28T19:57:54.670+0000] {processor.py:914} INFO - Processing file /home/ec2-user/environment/lab4_model_training/dags/ml_pipeline_dag.py for tasks to queue
[2026-03-28T19:57:54.671+0000] {logging_mixin.py:190} INFO - [2026-03-28T19:57:54.671+0000] {dagbag.py:588} INFO - Filling up the DagBag from /home/ec2-user/environment/lab4_model_training/dags/ml_pipeline_dag.py
[2026-03-28T19:57:55.972+0000] {processor.py:925} INFO - DAG(s) 'ml_pipeline' retrieved from /home/ec2-user/environment/lab4_model_training/dags/ml_pipeline_dag.py
[2026-03-28T19:57:55.986+0000] {logging_mixin.py:190} INFO - [2026-03-28T19:57:55.986+0000] {dag.py:3239} INFO - Sync 1 DAGs
[2026-03-28T19:57:55.995+0000] {logging_mixin.py:190} INFO - [2026-03-28T19:57:55.995+0000] {dag.py:4180} INFO - Setting next_dagrun for ml_pipeline to None, run_after=None
[2026-03-28T19:57:56.012+0000] {processor.py:208} INFO - Processing /home/ec2-user/environment/lab4_model_training/dags/ml_pipeline_dag.py took 1.347 seconds
[2026-03-28T19:58:26.708+0000] {processor.py:186} INFO - Started process (PID=14029) to work on /home/ec2-user/environment/lab4_model_training/dags/ml_pipeline_dag.py
[2026-03-28T19:58:26.709+0000] {processor.py:914} INFO - Processing file /home/ec2-user/environment/lab4_model_training/dags/ml_pipeline_dag.py for tasks to queue
[2026-03-28T19:58:26.710+0000] {logging_mixin.py:190} INFO - [2026-03-28T19:58:26.710+0000] {dagbag.py:588} INFO - Filling up the DagBag from /home/ec2-user/environment/lab4_model_training/dags/ml_pipeline_dag.py
[2026-03-28T19:58:28.039+0000] {processor.py:925} INFO - DAG(s) 'ml_pipeline' retrieved from /home/ec2-user/environment/lab4_model_training/dags/ml_pipeline_dag.py
[2026-03-28T19:58:28.052+0000] {logging_mixin.py:190} INFO - [2026-03-28T19:58:28.052+0000] {dag.py:3239} INFO - Sync 1 DAGs
[2026-03-28T19:58:28.061+0000] {logging_mixin.py:190} INFO - [2026-03-28T19:58:28.061+0000] {dag.py:4180} INFO - Setting next_dagrun for ml_pipeline to None, run_after=None
[2026-03-28T19:58:28.079+0000] {processor.py:208} INFO - Processing /home/ec2-user/environment/lab4_model_training/dags/ml_pipeline_dag.py took 1.376 seconds
[2026-03-28T19:58:58.749+0000] {processor.py:186} INFO - Started process (PID=14103) to work on /home/ec2-user/environment/lab4_model_training/dags/ml_pipeline_dag.py
[2026-03-28T19:58:58.751+0000] {processor.py:914} INFO - Processing file /home/ec2-user/environment/lab4_model_training/dags/ml_pipeline_dag.py for tasks to queue
[2026-03-28T19:58:58.752+0000] {logging_mixin.py:190} INFO - [2026-03-28T19:58:58.751+0000] {dagbag.py:588} INFO - Filling up the DagBag from /home/ec2-user/environment/lab4_model_training/dags/ml_pipeline_dag.py
[2026-03-28T19:59:00.091+0000] {processor.py:925} INFO - DAG(s) 'ml_pipeline' retrieved from /home/ec2-user/environment/lab4_model_training/dags/ml_pipeline_dag.py
[2026-03-28T19:59:00.104+0000] {logging_mixin.py:190} INFO - [2026-03-28T19:59:00.104+0000] {dag.py:3239} INFO - Sync 1 DAGs
[2026-03-28T19:59:00.113+0000] {logging_mixin.py:190} INFO - [2026-03-28T19:59:00.113+0000] {dag.py:4180} INFO - Setting next_dagrun for ml_pipeline to None, run_after=None
[2026-03-28T19:59:00.130+0000] {processor.py:208} INFO - Processing /home/ec2-user/environment/lab4_model_training/dags/ml_pipeline_dag.py took 1.385 seconds
[2026-03-28T19:59:30.324+0000] {processor.py:186} INFO - Started process (PID=14143) to work on /home/ec2-user/environment/lab4_model_training/dags/ml_pipeline_dag.py
[2026-03-28T19:59:30.325+0000] {processor.py:914} INFO - Processing file /home/ec2-user/environment/lab4_model_training/dags/ml_pipeline_dag.py for tasks to queue
[2026-03-28T19:59:30.326+0000] {logging_mixin.py:190} INFO - [2026-03-28T19:59:30.326+0000] {dagbag.py:588} INFO - Filling up the DagBag from /home/ec2-user/environment/lab4_model_training/dags/ml_pipeline_dag.py
[2026-03-28T19:59:31.648+0000] {processor.py:925} INFO - DAG(s) 'ml_pipeline' retrieved from /home/ec2-user/environment/lab4_model_training/dags/ml_pipeline_dag.py
[2026-03-28T19:59:31.661+0000] {logging_mixin.py:190} INFO - [2026-03-28T19:59:31.660+0000] {dag.py:3239} INFO - Sync 1 DAGs
[2026-03-28T19:59:31.670+0000] {logging_mixin.py:190} INFO - [2026-03-28T19:59:31.670+0000] {dag.py:4180} INFO - Setting next_dagrun for ml_pipeline to None, run_after=None
[2026-03-28T19:59:31.686+0000] {processor.py:208} INFO - Processing /home/ec2-user/environment/lab4_model_training/dags/ml_pipeline_dag.py took 1.367 seconds
[2026-03-28T20:00:02.471+0000] {processor.py:186} INFO - Started process (PID=14185) to work on /home/ec2-user/environment/lab4_model_training/dags/ml_pipeline_dag.py
[2026-03-28T20:00:02.472+0000] {processor.py:914} INFO - Processing file /home/ec2-user/environment/lab4_model_training/dags/ml_pipeline_dag.py for tasks to queue
[2026-03-28T20:00:02.473+0000] {logging_mixin.py:190} INFO - [2026-03-28T20:00:02.472+0000] {dagbag.py:588} INFO - Filling up the DagBag from /home/ec2-user/environment/lab4_model_training/dags/ml_pipeline_dag.py
[2026-03-28T20:00:03.807+0000] {processor.py:925} INFO - DAG(s) 'ml_pipeline' retrieved from /home/ec2-user/environment/lab4_model_training/dags/ml_pipeline_dag.py
[2026-03-28T20:00:03.820+0000] {logging_mixin.py:190} INFO - [2026-03-28T20:00:03.820+0000] {dag.py:3239} INFO - Sync 1 DAGs
[2026-03-28T20:00:03.829+0000] {logging_mixin.py:190} INFO - [2026-03-28T20:00:03.829+0000] {dag.py:4180} INFO - Setting next_dagrun for ml_pipeline to None, run_after=None
[2026-03-28T20:00:03.848+0000] {processor.py:208} INFO - Processing /home/ec2-user/environment/lab4_model_training/dags/ml_pipeline_dag.py took 1.382 seconds
[2026-03-28T20:00:34.509+0000] {processor.py:186} INFO - Started process (PID=14265) to work on /home/ec2-user/environment/lab4_model_training/dags/ml_pipeline_dag.py
[2026-03-28T20:00:34.511+0000] {processor.py:914} INFO - Processing file /home/ec2-user/environment/lab4_model_training/dags/ml_pipeline_dag.py for tasks to queue
[2026-03-28T20:00:34.512+0000] {logging_mixin.py:190} INFO - [2026-03-28T20:00:34.512+0000] {dagbag.py:588} INFO - Filling up the DagBag from /home/ec2-user/environment/lab4_model_training/dags/ml_pipeline_dag.py
[2026-03-28T20:00:35.821+0000] {processor.py:925} INFO - DAG(s) 'ml_pipeline' retrieved from /home/ec2-user/environment/lab4_model_training/dags/ml_pipeline_dag.py
[2026-03-28T20:00:35.833+0000] {logging_mixin.py:190} INFO - [2026-03-28T20:00:35.833+0000] {dag.py:3239} INFO - Sync 1 DAGs
[2026-03-28T20:00:35.844+0000] {logging_mixin.py:190} INFO - [2026-03-28T20:00:35.843+0000] {dag.py:4180} INFO - Setting next_dagrun for ml_pipeline to None, run_after=None
[2026-03-28T20:00:35.860+0000] {processor.py:208} INFO - Processing /home/ec2-user/environment/lab4_model_training/dags/ml_pipeline_dag.py took 1.355 seconds
[2026-03-28T20:01:06.427+0000] {processor.py:186} INFO - Started process (PID=14323) to work on /home/ec2-user/environment/lab4_model_training/dags/ml_pipeline_dag.py
[2026-03-28T20:01:06.429+0000] {processor.py:914} INFO - Processing file /home/ec2-user/environment/lab4_model_training/dags/ml_pipeline_dag.py for tasks to queue
[2026-03-28T20:01:06.430+0000] {logging_mixin.py:190} INFO - [2026-03-28T20:01:06.430+0000] {dagbag.py:588} INFO - Filling up the DagBag from /home/ec2-user/environment/lab4_model_training/dags/ml_pipeline_dag.py
[2026-03-28T20:01:08.025+0000] {processor.py:925} INFO - DAG(s) 'ml_pipeline' retrieved from /home/ec2-user/environment/lab4_model_training/dags/ml_pipeline_dag.py
[2026-03-28T20:01:08.039+0000] {logging_mixin.py:190} INFO - [2026-03-28T20:01:08.039+0000] {dag.py:3239} INFO - Sync 1 DAGs
[2026-03-28T20:01:08.048+0000] {logging_mixin.py:190} INFO - [2026-03-28T20:01:08.048+0000] {dag.py:4180} INFO - Setting next_dagrun for ml_pipeline to None, run_after=None
[2026-03-28T20:01:08.066+0000] {processor.py:208} INFO - Processing /home/ec2-user/environment/lab4_model_training/dags/ml_pipeline_dag.py took 1.645 seconds
[2026-03-28T20:01:39.036+0000] {processor.py:186} INFO - Started process (PID=14405) to work on /home/ec2-user/environment/lab4_model_training/dags/ml_pipeline_dag.py
[2026-03-28T20:01:39.036+0000] {processor.py:914} INFO - Processing file /home/ec2-user/environment/lab4_model_training/dags/ml_pipeline_dag.py for tasks to queue
[2026-03-28T20:01:39.037+0000] {logging_mixin.py:190} INFO - [2026-03-28T20:01:39.037+0000] {dagbag.py:588} INFO - Filling up the DagBag from /home/ec2-user/environment/lab4_model_training/dags/ml_pipeline_dag.py
[2026-03-28T20:01:40.356+0000] {processor.py:925} INFO - DAG(s) 'ml_pipeline' retrieved from /home/ec2-user/environment/lab4_model_training/dags/ml_pipeline_dag.py
[2026-03-28T20:01:40.370+0000] {logging_mixin.py:190} INFO - [2026-03-28T20:01:40.370+0000] {dag.py:3239} INFO - Sync 1 DAGs
[2026-03-28T20:01:40.379+0000] {logging_mixin.py:190} INFO - [2026-03-28T20:01:40.379+0000] {dag.py:4180} INFO - Setting next_dagrun for ml_pipeline to None, run_after=None
[2026-03-28T20:01:40.396+0000] {processor.py:208} INFO - Processing /home/ec2-user/environment/lab4_model_training/dags/ml_pipeline_dag.py took 1.366 seconds
[2026-03-28T20:02:10.645+0000] {processor.py:186} INFO - Started process (PID=14446) to work on /home/ec2-user/environment/lab4_model_training/dags/ml_pipeline_dag.py
[2026-03-28T20:02:10.646+0000] {processor.py:914} INFO - Processing file /home/ec2-user/environment/lab4_model_training/dags/ml_pipeline_dag.py for tasks to queue
[2026-03-28T20:02:10.648+0000] {logging_mixin.py:190} INFO - [2026-03-28T20:02:10.647+0000] {dagbag.py:588} INFO - Filling up the DagBag from /home/ec2-user/environment/lab4_model_training/dags/ml_pipeline_dag.py
[2026-03-28T20:02:11.983+0000] {processor.py:925} INFO - DAG(s) 'ml_pipeline' retrieved from /home/ec2-user/environment/lab4_model_training/dags/ml_pipeline_dag.py
[2026-03-28T20:02:11.998+0000] {logging_mixin.py:190} INFO - [2026-03-28T20:02:11.998+0000] {dag.py:3239} INFO - Sync 1 DAGs
[2026-03-28T20:02:12.007+0000] {logging_mixin.py:190} INFO - [2026-03-28T20:02:12.007+0000] {dag.py:4180} INFO - Setting next_dagrun for ml_pipeline to None, run_after=None
[2026-03-28T20:02:12.024+0000] {processor.py:208} INFO - Processing /home/ec2-user/environment/lab4_model_training/dags/ml_pipeline_dag.py took 1.384 seconds
[2026-03-28T20:02:42.255+0000] {processor.py:186} INFO - Started process (PID=14476) to work on /home/ec2-user/environment/lab4_model_training/dags/ml_pipeline_dag.py
[2026-03-28T20:02:42.257+0000] {processor.py:914} INFO - Processing file /home/ec2-user/environment/lab4_model_training/dags/ml_pipeline_dag.py for tasks to queue
[2026-03-28T20:02:42.258+0000] {logging_mixin.py:190} INFO - [2026-03-28T20:02:42.258+0000] {dagbag.py:588} INFO - Filling up the DagBag from /home/ec2-user/environment/lab4_model_training/dags/ml_pipeline_dag.py
[2026-03-28T20:02:43.596+0000] {processor.py:925} INFO - DAG(s) 'ml_pipeline' retrieved from /home/ec2-user/environment/lab4_model_training/dags/ml_pipeline_dag.py
[2026-03-28T20:02:43.610+0000] {logging_mixin.py:190} INFO - [2026-03-28T20:02:43.609+0000] {dag.py:3239} INFO - Sync 1 DAGs
[2026-03-28T20:02:43.619+0000] {logging_mixin.py:190} INFO - [2026-03-28T20:02:43.618+0000] {dag.py:4180} INFO - Setting next_dagrun for ml_pipeline to None, run_after=None
[2026-03-28T20:02:43.636+0000] {processor.py:208} INFO - Processing /home/ec2-user/environment/lab4_model_training/dags/ml_pipeline_dag.py took 1.386 seconds
[2026-03-28T20:03:13.867+0000] {processor.py:186} INFO - Started process (PID=14516) to work on /home/ec2-user/environment/lab4_model_training/dags/ml_pipeline_dag.py
[2026-03-28T20:03:13.868+0000] {processor.py:914} INFO - Processing file /home/ec2-user/environment/lab4_model_training/dags/ml_pipeline_dag.py for tasks to queue
[2026-03-28T20:03:13.869+0000] {logging_mixin.py:190} INFO - [2026-03-28T20:03:13.869+0000] {dagbag.py:588} INFO - Filling up the DagBag from /home/ec2-user/environment/lab4_model_training/dags/ml_pipeline_dag.py
[2026-03-28T20:03:15.222+0000] {processor.py:925} INFO - DAG(s) 'ml_pipeline' retrieved from /home/ec2-user/environment/lab4_model_training/dags/ml_pipeline_dag.py
[2026-03-28T20:03:15.235+0000] {logging_mixin.py:190} INFO - [2026-03-28T20:03:15.235+0000] {dag.py:3239} INFO - Sync 1 DAGs
[2026-03-28T20:03:15.245+0000] {logging_mixin.py:190} INFO - [2026-03-28T20:03:15.245+0000] {dag.py:4180} INFO - Setting next_dagrun for ml_pipeline to None, run_after=None
[2026-03-28T20:03:15.263+0000] {processor.py:208} INFO - Processing /home/ec2-user/environment/lab4_model_training/dags/ml_pipeline_dag.py took 1.401 seconds
[2026-03-28T20:03:45.558+0000] {processor.py:186} INFO - Started process (PID=14590) to work on /home/ec2-user/environment/lab4_model_training/dags/ml_pipeline_dag.py
[2026-03-28T20:03:45.559+0000] {processor.py:914} INFO - Processing file /home/ec2-user/environment/lab4_model_training/dags/ml_pipeline_dag.py for tasks to queue
[2026-03-28T20:03:45.560+0000] {logging_mixin.py:190} INFO - [2026-03-28T20:03:45.560+0000] {dagbag.py:588} INFO - Filling up the DagBag from /home/ec2-user/environment/lab4_model_training/dags/ml_pipeline_dag.py
[2026-03-28T20:03:46.893+0000] {processor.py:925} INFO - DAG(s) 'ml_pipeline' retrieved from /home/ec2-user/environment/lab4_model_training/dags/ml_pipeline_dag.py
[2026-03-28T20:03:46.906+0000] {logging_mixin.py:190} INFO - [2026-03-28T20:03:46.906+0000] {dag.py:3239} INFO - Sync 1 DAGs
[2026-03-28T20:03:46.915+0000] {logging_mixin.py:190} INFO - [2026-03-28T20:03:46.915+0000] {dag.py:4180} INFO - Setting next_dagrun for ml_pipeline to None, run_after=None
[2026-03-28T20:03:46.933+0000] {processor.py:208} INFO - Processing /home/ec2-user/environment/lab4_model_training/dags/ml_pipeline_dag.py took 1.381 seconds
[2026-03-28T20:04:17.170+0000] {processor.py:186} INFO - Started process (PID=14650) to work on /home/ec2-user/environment/lab4_model_training/dags/ml_pipeline_dag.py
[2026-03-28T20:04:17.171+0000] {processor.py:914} INFO - Processing file /home/ec2-user/environment/lab4_model_training/dags/ml_pipeline_dag.py for tasks to queue
[2026-03-28T20:04:17.172+0000] {logging_mixin.py:190} INFO - [2026-03-28T20:04:17.172+0000] {dagbag.py:588} INFO - Filling up the DagBag from /home/ec2-user/environment/lab4_model_training/dags/ml_pipeline_dag.py
[2026-03-28T20:04:18.515+0000] {processor.py:925} INFO - DAG(s) 'ml_pipeline' retrieved from /home/ec2-user/environment/lab4_model_training/dags/ml_pipeline_dag.py
[2026-03-28T20:04:18.529+0000] {logging_mixin.py:190} INFO - [2026-03-28T20:04:18.528+0000] {dag.py:3239} INFO - Sync 1 DAGs
[2026-03-28T20:04:18.538+0000] {logging_mixin.py:190} INFO - [2026-03-28T20:04:18.538+0000] {dag.py:4180} INFO - Setting next_dagrun for ml_pipeline to None, run_after=None
[2026-03-28T20:04:18.556+0000] {processor.py:208} INFO - Processing /home/ec2-user/environment/lab4_model_training/dags/ml_pipeline_dag.py took 1.391 seconds
[2026-03-28T20:04:48.772+0000] {processor.py:186} INFO - Started process (PID=14676) to work on /home/ec2-user/environment/lab4_model_training/dags/ml_pipeline_dag.py
[2026-03-28T20:04:48.772+0000] {processor.py:914} INFO - Processing file /home/ec2-user/environment/lab4_model_training/dags/ml_pipeline_dag.py for tasks to queue
[2026-03-28T20:04:48.773+0000] {logging_mixin.py:190} INFO - [2026-03-28T20:04:48.773+0000] {dagbag.py:588} INFO - Filling up the DagBag from /home/ec2-user/environment/lab4_model_training/dags/ml_pipeline_dag.py
[2026-03-28T20:04:50.113+0000] {processor.py:925} INFO - DAG(s) 'ml_pipeline' retrieved from /home/ec2-user/environment/lab4_model_training/dags/ml_pipeline_dag.py
[2026-03-28T20:04:50.129+0000] {logging_mixin.py:190} INFO - [2026-03-28T20:04:50.128+0000] {dag.py:3239} INFO - Sync 1 DAGs
[2026-03-28T20:04:50.139+0000] {logging_mixin.py:190} INFO - [2026-03-28T20:04:50.139+0000] {dag.py:4180} INFO - Setting next_dagrun for ml_pipeline to None, run_after=None
[2026-03-28T20:04:50.156+0000] {processor.py:208} INFO - Processing /home/ec2-user/environment/lab4_model_training/dags/ml_pipeline_dag.py took 1.389 seconds
[2026-03-28T20:05:20.381+0000] {processor.py:186} INFO - Started process (PID=14720) to work on /home/ec2-user/environment/lab4_model_training/dags/ml_pipeline_dag.py
[2026-03-28T20:05:20.382+0000] {processor.py:914} INFO - Processing file /home/ec2-user/environment/lab4_model_training/dags/ml_pipeline_dag.py for tasks to queue
[2026-03-28T20:05:20.383+0000] {logging_mixin.py:190} INFO - [2026-03-28T20:05:20.383+0000] {dagbag.py:588} INFO - Filling up the DagBag from /home/ec2-user/environment/lab4_model_training/dags/ml_pipeline_dag.py
[2026-03-28T20:05:21.715+0000] {processor.py:925} INFO - DAG(s) 'ml_pipeline' retrieved from /home/ec2-user/environment/lab4_model_training/dags/ml_pipeline_dag.py
[2026-03-28T20:05:21.728+0000] {logging_mixin.py:190} INFO - [2026-03-28T20:05:21.728+0000] {dag.py:3239} INFO - Sync 1 DAGs
[2026-03-28T20:05:21.738+0000] {logging_mixin.py:190} INFO - [2026-03-28T20:05:21.738+0000] {dag.py:4180} INFO - Setting next_dagrun for ml_pipeline to None, run_after=None
[2026-03-28T20:05:21.755+0000] {processor.py:208} INFO - Processing /home/ec2-user/environment/lab4_model_training/dags/ml_pipeline_dag.py took 1.380 seconds
[2026-03-28T20:05:51.995+0000] {processor.py:186} INFO - Started process (PID=14798) to work on /home/ec2-user/environment/lab4_model_training/dags/ml_pipeline_dag.py
[2026-03-28T20:05:51.996+0000] {processor.py:914} INFO - Processing file /home/ec2-user/environment/lab4_model_training/dags/ml_pipeline_dag.py for tasks to queue
[2026-03-28T20:05:51.997+0000] {logging_mixin.py:190} INFO - [2026-03-28T20:05:51.997+0000] {dagbag.py:588} INFO - Filling up the DagBag from /home/ec2-user/environment/lab4_model_training/dags/ml_pipeline_dag.py
[2026-03-28T20:05:53.358+0000] {processor.py:925} INFO - DAG(s) 'ml_pipeline' retrieved from /home/ec2-user/environment/lab4_model_training/dags/ml_pipeline_dag.py
[2026-03-28T20:05:53.372+0000] {logging_mixin.py:190} INFO - [2026-03-28T20:05:53.372+0000] {dag.py:3239} INFO - Sync 1 DAGs
[2026-03-28T20:05:53.382+0000] {logging_mixin.py:190} INFO - [2026-03-28T20:05:53.381+0000] {dag.py:4180} INFO - Setting next_dagrun for ml_pipeline to None, run_after=None
[2026-03-28T20:05:53.399+0000] {processor.py:208} INFO - Processing /home/ec2-user/environment/lab4_model_training/dags/ml_pipeline_dag.py took 1.409 seconds
[2026-03-28T20:06:24.109+0000] {processor.py:186} INFO - Started process (PID=14843) to work on /home/ec2-user/environment/lab4_model_training/dags/ml_pipeline_dag.py
[2026-03-28T20:06:24.110+0000] {processor.py:914} INFO - Processing file /home/ec2-user/environment/lab4_model_training/dags/ml_pipeline_dag.py for tasks to queue
[2026-03-28T20:06:24.111+0000] {logging_mixin.py:190} INFO - [2026-03-28T20:06:24.111+0000] {dagbag.py:588} INFO - Filling up the DagBag from /home/ec2-user/environment/lab4_model_training/dags/ml_pipeline_dag.py
[2026-03-28T20:06:25.442+0000] {processor.py:925} INFO - DAG(s) 'ml_pipeline' retrieved from /home/ec2-user/environment/lab4_model_training/dags/ml_pipeline_dag.py
[2026-03-28T20:06:25.457+0000] {logging_mixin.py:190} INFO - [2026-03-28T20:06:25.456+0000] {dag.py:3239} INFO - Sync 1 DAGs
[2026-03-28T20:06:25.466+0000] {logging_mixin.py:190} INFO - [2026-03-28T20:06:25.466+0000] {dag.py:4180} INFO - Setting next_dagrun for ml_pipeline to None, run_after=None
[2026-03-28T20:06:25.483+0000] {processor.py:208} INFO - Processing /home/ec2-user/environment/lab4_model_training/dags/ml_pipeline_dag.py took 1.379 seconds
[2026-03-28T20:06:56.538+0000] {processor.py:186} INFO - Started process (PID=14874) to work on /home/ec2-user/environment/lab4_model_training/dags/ml_pipeline_dag.py
[2026-03-28T20:06:56.539+0000] {processor.py:914} INFO - Processing file /home/ec2-user/environment/lab4_model_training/dags/ml_pipeline_dag.py for tasks to queue
[2026-03-28T20:06:56.540+0000] {logging_mixin.py:190} INFO - [2026-03-28T20:06:56.540+0000] {dagbag.py:588} INFO - Filling up the DagBag from /home/ec2-user/environment/lab4_model_training/dags/ml_pipeline_dag.py
[2026-03-28T20:06:57.880+0000] {processor.py:925} INFO - DAG(s) 'ml_pipeline' retrieved from /home/ec2-user/environment/lab4_model_training/dags/ml_pipeline_dag.py
[2026-03-28T20:06:57.895+0000] {logging_mixin.py:190} INFO - [2026-03-28T20:06:57.895+0000] {dag.py:3239} INFO - Sync 1 DAGs
[2026-03-28T20:06:57.904+0000] {logging_mixin.py:190} INFO - [2026-03-28T20:06:57.904+0000] {dag.py:4180} INFO - Setting next_dagrun for ml_pipeline to None, run_after=None
[2026-03-28T20:06:57.921+0000] {processor.py:208} INFO - Processing /home/ec2-user/environment/lab4_model_training/dags/ml_pipeline_dag.py took 1.387 seconds
[2026-03-28T20:07:28.383+0000] {processor.py:186} INFO - Started process (PID=14919) to work on /home/ec2-user/environment/lab4_model_training/dags/ml_pipeline_dag.py
[2026-03-28T20:07:28.384+0000] {processor.py:914} INFO - Processing file /home/ec2-user/environment/lab4_model_training/dags/ml_pipeline_dag.py for tasks to queue
[2026-03-28T20:07:28.385+0000] {logging_mixin.py:190} INFO - [2026-03-28T20:07:28.385+0000] {dagbag.py:588} INFO - Filling up the DagBag from /home/ec2-user/environment/lab4_model_training/dags/ml_pipeline_dag.py
[2026-03-28T20:07:30.012+0000] {processor.py:925} INFO - DAG(s) 'ml_pipeline' retrieved from /home/ec2-user/environment/lab4_model_training/dags/ml_pipeline_dag.py
[2026-03-28T20:07:30.031+0000] {logging_mixin.py:190} INFO - [2026-03-28T20:07:30.031+0000] {dag.py:3239} INFO - Sync 1 DAGs
[2026-03-28T20:07:30.045+0000] {logging_mixin.py:190} INFO - [2026-03-28T20:07:30.045+0000] {dag.py:4180} INFO - Setting next_dagrun for ml_pipeline to None, run_after=None
[2026-03-28T20:07:30.067+0000] {processor.py:208} INFO - Processing /home/ec2-user/environment/lab4_model_training/dags/ml_pipeline_dag.py took 1.688 seconds
[2026-03-28T20:08:00.852+0000] {processor.py:186} INFO - Started process (PID=15006) to work on /home/ec2-user/environment/lab4_model_training/dags/ml_pipeline_dag.py
[2026-03-28T20:08:00.853+0000] {processor.py:914} INFO - Processing file /home/ec2-user/environment/lab4_model_training/dags/ml_pipeline_dag.py for tasks to queue
[2026-03-28T20:08:00.855+0000] {logging_mixin.py:190} INFO - [2026-03-28T20:08:00.854+0000] {dagbag.py:588} INFO - Filling up the DagBag from /home/ec2-user/environment/lab4_model_training/dags/ml_pipeline_dag.py
[2026-03-28T20:08:02.218+0000] {processor.py:925} INFO - DAG(s) 'ml_pipeline' retrieved from /home/ec2-user/environment/lab4_model_training/dags/ml_pipeline_dag.py
[2026-03-28T20:08:02.232+0000] {logging_mixin.py:190} INFO - [2026-03-28T20:08:02.231+0000] {dag.py:3239} INFO - Sync 1 DAGs
[2026-03-28T20:08:02.241+0000] {logging_mixin.py:190} INFO - [2026-03-28T20:08:02.241+0000] {dag.py:4180} INFO - Setting next_dagrun for ml_pipeline to None, run_after=None
[2026-03-28T20:08:02.259+0000] {processor.py:208} INFO - Processing /home/ec2-user/environment/lab4_model_training/dags/ml_pipeline_dag.py took 1.412 seconds
[2026-03-28T20:08:32.685+0000] {processor.py:186} INFO - Started process (PID=15047) to work on /home/ec2-user/environment/lab4_model_training/dags/ml_pipeline_dag.py
[2026-03-28T20:08:32.686+0000] {processor.py:914} INFO - Processing file /home/ec2-user/environment/lab4_model_training/dags/ml_pipeline_dag.py for tasks to queue
[2026-03-28T20:08:32.687+0000] {logging_mixin.py:190} INFO - [2026-03-28T20:08:32.687+0000] {dagbag.py:588} INFO - Filling up the DagBag from /home/ec2-user/environment/lab4_model_training/dags/ml_pipeline_dag.py
[2026-03-28T20:08:34.048+0000] {processor.py:925} INFO - DAG(s) 'ml_pipeline' retrieved from /home/ec2-user/environment/lab4_model_training/dags/ml_pipeline_dag.py
[2026-03-28T20:08:34.061+0000] {logging_mixin.py:190} INFO - [2026-03-28T20:08:34.061+0000] {dag.py:3239} INFO - Sync 1 DAGs
[2026-03-28T20:08:34.071+0000] {logging_mixin.py:190} INFO - [2026-03-28T20:08:34.071+0000] {dag.py:4180} INFO - Setting next_dagrun for ml_pipeline to None, run_after=None
[2026-03-28T20:08:34.089+0000] {processor.py:208} INFO - Processing /home/ec2-user/environment/lab4_model_training/dags/ml_pipeline_dag.py took 1.410 seconds
[2026-03-28T20:09:04.952+0000] {processor.py:186} INFO - Started process (PID=15094) to work on /home/ec2-user/environment/lab4_model_training/dags/ml_pipeline_dag.py
[2026-03-28T20:09:04.953+0000] {processor.py:914} INFO - Processing file /home/ec2-user/environment/lab4_model_training/dags/ml_pipeline_dag.py for tasks to queue
[2026-03-28T20:09:04.954+0000] {logging_mixin.py:190} INFO - [2026-03-28T20:09:04.954+0000] {dagbag.py:588} INFO - Filling up the DagBag from /home/ec2-user/environment/lab4_model_training/dags/ml_pipeline_dag.py
[2026-03-28T20:09:06.298+0000] {processor.py:925} INFO - DAG(s) 'ml_pipeline' retrieved from /home/ec2-user/environment/lab4_model_training/dags/ml_pipeline_dag.py
[2026-03-28T20:09:06.311+0000] {logging_mixin.py:190} INFO - [2026-03-28T20:09:06.310+0000] {dag.py:3239} INFO - Sync 1 DAGs
[2026-03-28T20:09:06.319+0000] {logging_mixin.py:190} INFO - [2026-03-28T20:09:06.319+0000] {dag.py:4180} INFO - Setting next_dagrun for ml_pipeline to None, run_after=None
[2026-03-28T20:09:06.337+0000] {processor.py:208} INFO - Processing /home/ec2-user/environment/lab4_model_training/dags/ml_pipeline_dag.py took 1.391 seconds
[2026-03-28T20:09:36.779+0000] {processor.py:186} INFO - Started process (PID=15178) to work on /home/ec2-user/environment/lab4_model_training/dags/ml_pipeline_dag.py
[2026-03-28T20:09:36.780+0000] {processor.py:914} INFO - Processing file /home/ec2-user/environment/lab4_model_training/dags/ml_pipeline_dag.py for tasks to queue
[2026-03-28T20:09:36.781+0000] {logging_mixin.py:190} INFO - [2026-03-28T20:09:36.781+0000] {dagbag.py:588} INFO - Filling up the DagBag from /home/ec2-user/environment/lab4_model_training/dags/ml_pipeline_dag.py
[2026-03-28T20:09:38.130+0000] {processor.py:925} INFO - DAG(s) 'ml_pipeline' retrieved from /home/ec2-user/environment/lab4_model_training/dags/ml_pipeline_dag.py
[2026-03-28T20:09:38.143+0000] {logging_mixin.py:190} INFO - [2026-03-28T20:09:38.142+0000] {dag.py:3239} INFO - Sync 1 DAGs
[2026-03-28T20:09:38.153+0000] {logging_mixin.py:190} INFO - [2026-03-28T20:09:38.153+0000] {dag.py:4180} INFO - Setting next_dagrun for ml_pipeline to None, run_after=None
[2026-03-28T20:09:38.169+0000] {processor.py:208} INFO - Processing /home/ec2-user/environment/lab4_model_training/dags/ml_pipeline_dag.py took 1.395 seconds
[2026-03-28T20:10:08.254+0000] {processor.py:186} INFO - Started process (PID=15218) to work on /home/ec2-user/environment/lab4_model_training/dags/ml_pipeline_dag.py
[2026-03-28T20:10:08.255+0000] {processor.py:914} INFO - Processing file /home/ec2-user/environment/lab4_model_training/dags/ml_pipeline_dag.py for tasks to queue
[2026-03-28T20:10:08.256+0000] {logging_mixin.py:190} INFO - [2026-03-28T20:10:08.256+0000] {dagbag.py:588} INFO - Filling up the DagBag from /home/ec2-user/environment/lab4_model_training/dags/ml_pipeline_dag.py
[2026-03-28T20:10:09.625+0000] {processor.py:925} INFO - DAG(s) 'ml_pipeline' retrieved from /home/ec2-user/environment/lab4_model_training/dags/ml_pipeline_dag.py
[2026-03-28T20:10:09.641+0000] {logging_mixin.py:190} INFO - [2026-03-28T20:10:09.640+0000] {dag.py:3239} INFO - Sync 1 DAGs
[2026-03-28T20:10:09.650+0000] {logging_mixin.py:190} INFO - [2026-03-28T20:10:09.650+0000] {dag.py:4180} INFO - Setting next_dagrun for ml_pipeline to None, run_after=None
[2026-03-28T20:10:09.668+0000] {processor.py:208} INFO - Processing /home/ec2-user/environment/lab4_model_training/dags/ml_pipeline_dag.py took 1.420 seconds
[2026-03-28T20:10:39.822+0000] {processor.py:186} INFO - Started process (PID=15248) to work on /home/ec2-user/environment/lab4_model_training/dags/ml_pipeline_dag.py
[2026-03-28T20:10:39.823+0000] {processor.py:914} INFO - Processing file /home/ec2-user/environment/lab4_model_training/dags/ml_pipeline_dag.py for tasks to queue
[2026-03-28T20:10:39.824+0000] {logging_mixin.py:190} INFO - [2026-03-28T20:10:39.824+0000] {dagbag.py:588} INFO - Filling up the DagBag from /home/ec2-user/environment/lab4_model_training/dags/ml_pipeline_dag.py
[2026-03-28T20:10:41.152+0000] {processor.py:925} INFO - DAG(s) 'ml_pipeline' retrieved from /home/ec2-user/environment/lab4_model_training/dags/ml_pipeline_dag.py
[2026-03-28T20:10:41.167+0000] {logging_mixin.py:190} INFO - [2026-03-28T20:10:41.166+0000] {dag.py:3239} INFO - Sync 1 DAGs
[2026-03-28T20:10:41.176+0000] {logging_mixin.py:190} INFO - [2026-03-28T20:10:41.176+0000] {dag.py:4180} INFO - Setting next_dagrun for ml_pipeline to None, run_after=None
[2026-03-28T20:10:41.193+0000] {processor.py:208} INFO - Processing /home/ec2-user/environment/lab4_model_training/dags/ml_pipeline_dag.py took 1.377 seconds
[2026-03-28T20:11:11.288+0000] {processor.py:186} INFO - Started process (PID=15299) to work on /home/ec2-user/environment/lab4_model_training/dags/ml_pipeline_dag.py
[2026-03-28T20:11:11.289+0000] {processor.py:914} INFO - Processing file /home/ec2-user/environment/lab4_model_training/dags/ml_pipeline_dag.py for tasks to queue
[2026-03-28T20:11:11.290+0000] {logging_mixin.py:190} INFO - [2026-03-28T20:11:11.290+0000] {dagbag.py:588} INFO - Filling up the DagBag from /home/ec2-user/environment/lab4_model_training/dags/ml_pipeline_dag.py
[2026-03-28T20:11:12.626+0000] {processor.py:925} INFO - DAG(s) 'ml_pipeline' retrieved from /home/ec2-user/environment/lab4_model_training/dags/ml_pipeline_dag.py
[2026-03-28T20:11:12.641+0000] {logging_mixin.py:190} INFO - [2026-03-28T20:11:12.641+0000] {dag.py:3239} INFO - Sync 1 DAGs
[2026-03-28T20:11:12.650+0000] {logging_mixin.py:190} INFO - [2026-03-28T20:11:12.650+0000] {dag.py:4180} INFO - Setting next_dagrun for ml_pipeline to None, run_after=None
[2026-03-28T20:11:12.667+0000] {processor.py:208} INFO - Processing /home/ec2-user/environment/lab4_model_training/dags/ml_pipeline_dag.py took 1.384 seconds
[2026-03-28T20:11:42.771+0000] {processor.py:186} INFO - Started process (PID=15425) to work on /home/ec2-user/environment/lab4_model_training/dags/ml_pipeline_dag.py
[2026-03-28T20:11:42.773+0000] {processor.py:914} INFO - Processing file /home/ec2-user/environment/lab4_model_training/dags/ml_pipeline_dag.py for tasks to queue
[2026-03-28T20:11:42.774+0000] {logging_mixin.py:190} INFO - [2026-03-28T20:11:42.774+0000] {dagbag.py:588} INFO - Filling up the DagBag from /home/ec2-user/environment/lab4_model_training/dags/ml_pipeline_dag.py
[2026-03-28T20:11:44.569+0000] {processor.py:925} INFO - DAG(s) 'ml_pipeline' retrieved from /home/ec2-user/environment/lab4_model_training/dags/ml_pipeline_dag.py
[2026-03-28T20:11:44.582+0000] {logging_mixin.py:190} INFO - [2026-03-28T20:11:44.582+0000] {dag.py:3239} INFO - Sync 1 DAGs
[2026-03-28T20:11:44.591+0000] {logging_mixin.py:190} INFO - [2026-03-28T20:11:44.591+0000] {dag.py:4180} INFO - Setting next_dagrun for ml_pipeline to None, run_after=None
[2026-03-28T20:11:44.608+0000] {processor.py:208} INFO - Processing /home/ec2-user/environment/lab4_model_training/dags/ml_pipeline_dag.py took 1.843 seconds
[2026-03-28T20:12:14.743+0000] {processor.py:186} INFO - Started process (PID=15468) to work on /home/ec2-user/environment/lab4_model_training/dags/ml_pipeline_dag.py
[2026-03-28T20:12:14.744+0000] {processor.py:914} INFO - Processing file /home/ec2-user/environment/lab4_model_training/dags/ml_pipeline_dag.py for tasks to queue
[2026-03-28T20:12:14.745+0000] {logging_mixin.py:190} INFO - [2026-03-28T20:12:14.745+0000] {dagbag.py:588} INFO - Filling up the DagBag from /home/ec2-user/environment/lab4_model_training/dags/ml_pipeline_dag.py
[2026-03-28T20:12:16.075+0000] {processor.py:925} INFO - DAG(s) 'ml_pipeline' retrieved from /home/ec2-user/environment/lab4_model_training/dags/ml_pipeline_dag.py
[2026-03-28T20:12:16.088+0000] {logging_mixin.py:190} INFO - [2026-03-28T20:12:16.088+0000] {dag.py:3239} INFO - Sync 1 DAGs
[2026-03-28T20:12:16.097+0000] {logging_mixin.py:190} INFO - [2026-03-28T20:12:16.097+0000] {dag.py:4180} INFO - Setting next_dagrun for ml_pipeline to None, run_after=None
[2026-03-28T20:12:16.114+0000] {processor.py:208} INFO - Processing /home/ec2-user/environment/lab4_model_training/dags/ml_pipeline_dag.py took 1.376 seconds
[2026-03-28T20:12:46.222+0000] {processor.py:186} INFO - Started process (PID=15494) to work on /home/ec2-user/environment/lab4_model_training/dags/ml_pipeline_dag.py
[2026-03-28T20:12:46.224+0000] {processor.py:914} INFO - Processing file /home/ec2-user/environment/lab4_model_training/dags/ml_pipeline_dag.py for tasks to queue
[2026-03-28T20:12:46.225+0000] {logging_mixin.py:190} INFO - [2026-03-28T20:12:46.224+0000] {dagbag.py:588} INFO - Filling up the DagBag from /home/ec2-user/environment/lab4_model_training/dags/ml_pipeline_dag.py
[2026-03-28T20:12:47.578+0000] {processor.py:925} INFO - DAG(s) 'ml_pipeline' retrieved from /home/ec2-user/environment/lab4_model_training/dags/ml_pipeline_dag.py
[2026-03-28T20:12:47.592+0000] {logging_mixin.py:190} INFO - [2026-03-28T20:12:47.591+0000] {dag.py:3239} INFO - Sync 1 DAGs
[2026-03-28T20:12:47.601+0000] {logging_mixin.py:190} INFO - [2026-03-28T20:12:47.601+0000] {dag.py:4180} INFO - Setting next_dagrun for ml_pipeline to None, run_after=None
[2026-03-28T20:12:47.620+0000] {processor.py:208} INFO - Processing /home/ec2-user/environment/lab4_model_training/dags/ml_pipeline_dag.py took 1.403 seconds
[2026-03-28T20:13:17.797+0000] {processor.py:186} INFO - Started process (PID=15536) to work on /home/ec2-user/environment/lab4_model_training/dags/ml_pipeline_dag.py
[2026-03-28T20:13:17.799+0000] {processor.py:914} INFO - Processing file /home/ec2-user/environment/lab4_model_training/dags/ml_pipeline_dag.py for tasks to queue
[2026-03-28T20:13:17.800+0000] {logging_mixin.py:190} INFO - [2026-03-28T20:13:17.800+0000] {dagbag.py:588} INFO - Filling up the DagBag from /home/ec2-user/environment/lab4_model_training/dags/ml_pipeline_dag.py
[2026-03-28T20:13:19.582+0000] {processor.py:925} INFO - DAG(s) 'ml_pipeline' retrieved from /home/ec2-user/environment/lab4_model_training/dags/ml_pipeline_dag.py
[2026-03-28T20:13:19.595+0000] {logging_mixin.py:190} INFO - [2026-03-28T20:13:19.595+0000] {dag.py:3239} INFO - Sync 1 DAGs
[2026-03-28T20:13:19.604+0000] {logging_mixin.py:190} INFO - [2026-03-28T20:13:19.604+0000] {dag.py:4180} INFO - Setting next_dagrun for ml_pipeline to None, run_after=None
[2026-03-28T20:13:19.622+0000] {processor.py:208} INFO - Processing /home/ec2-user/environment/lab4_model_training/dags/ml_pipeline_dag.py took 1.832 seconds
[2026-03-28T20:13:50.313+0000] {processor.py:186} INFO - Started process (PID=15635) to work on /home/ec2-user/environment/lab4_model_training/dags/ml_pipeline_dag.py
[2026-03-28T20:13:50.313+0000] {processor.py:914} INFO - Processing file /home/ec2-user/environment/lab4_model_training/dags/ml_pipeline_dag.py for tasks to queue
[2026-03-28T20:13:50.315+0000] {logging_mixin.py:190} INFO - [2026-03-28T20:13:50.315+0000] {dagbag.py:588} INFO - Filling up the DagBag from /home/ec2-user/environment/lab4_model_training/dags/ml_pipeline_dag.py
[2026-03-28T20:13:51.639+0000] {processor.py:925} INFO - DAG(s) 'ml_pipeline' retrieved from /home/ec2-user/environment/lab4_model_training/dags/ml_pipeline_dag.py
[2026-03-28T20:13:51.652+0000] {logging_mixin.py:190} INFO - [2026-03-28T20:13:51.652+0000] {dag.py:3239} INFO - Sync 1 DAGs
[2026-03-28T20:13:51.662+0000] {logging_mixin.py:190} INFO - [2026-03-28T20:13:51.662+0000] {dag.py:4180} INFO - Setting next_dagrun for ml_pipeline to None, run_after=None
[2026-03-28T20:13:51.679+0000] {processor.py:208} INFO - Processing /home/ec2-user/environment/lab4_model_training/dags/ml_pipeline_dag.py took 1.371 seconds
[2026-03-28T20:14:21.788+0000] {processor.py:186} INFO - Started process (PID=15679) to work on /home/ec2-user/environment/lab4_model_training/dags/ml_pipeline_dag.py
[2026-03-28T20:14:21.789+0000] {processor.py:914} INFO - Processing file /home/ec2-user/environment/lab4_model_training/dags/ml_pipeline_dag.py for tasks to queue
[2026-03-28T20:14:21.790+0000] {logging_mixin.py:190} INFO - [2026-03-28T20:14:21.790+0000] {dagbag.py:588} INFO - Filling up the DagBag from /home/ec2-user/environment/lab4_model_training/dags/ml_pipeline_dag.py
[2026-03-28T20:14:23.129+0000] {processor.py:925} INFO - DAG(s) 'ml_pipeline' retrieved from /home/ec2-user/environment/lab4_model_training/dags/ml_pipeline_dag.py
[2026-03-28T20:14:23.144+0000] {logging_mixin.py:190} INFO - [2026-03-28T20:14:23.144+0000] {dag.py:3239} INFO - Sync 1 DAGs
[2026-03-28T20:14:23.154+0000] {logging_mixin.py:190} INFO - [2026-03-28T20:14:23.153+0000] {dag.py:4180} INFO - Setting next_dagrun for ml_pipeline to None, run_after=None
[2026-03-28T20:14:23.172+0000] {processor.py:208} INFO - Processing /home/ec2-user/environment/lab4_model_training/dags/ml_pipeline_dag.py took 1.389 seconds
[2026-03-28T20:14:53.216+0000] {processor.py:186} INFO - Started process (PID=15705) to work on /home/ec2-user/environment/lab4_model_training/dags/ml_pipeline_dag.py
[2026-03-28T20:14:53.218+0000] {processor.py:914} INFO - Processing file /home/ec2-user/environment/lab4_model_training/dags/ml_pipeline_dag.py for tasks to queue
[2026-03-28T20:14:53.219+0000] {logging_mixin.py:190} INFO - [2026-03-28T20:14:53.219+0000] {dagbag.py:588} INFO - Filling up the DagBag from /home/ec2-user/environment/lab4_model_training/dags/ml_pipeline_dag.py
[2026-03-28T20:14:54.527+0000] {processor.py:925} INFO - DAG(s) 'ml_pipeline' retrieved from /home/ec2-user/environment/lab4_model_training/dags/ml_pipeline_dag.py
[2026-03-28T20:14:54.541+0000] {logging_mixin.py:190} INFO - [2026-03-28T20:14:54.541+0000] {dag.py:3239} INFO - Sync 1 DAGs
[2026-03-28T20:14:54.550+0000] {logging_mixin.py:190} INFO - [2026-03-28T20:14:54.550+0000] {dag.py:4180} INFO - Setting next_dagrun for ml_pipeline to None, run_after=None
[2026-03-28T20:14:54.567+0000] {processor.py:208} INFO - Processing /home/ec2-user/environment/lab4_model_training/dags/ml_pipeline_dag.py took 1.357 seconds
[2026-03-28T20:15:24.689+0000] {processor.py:186} INFO - Started process (PID=15753) to work on /home/ec2-user/environment/lab4_model_training/dags/ml_pipeline_dag.py
[2026-03-28T20:15:24.691+0000] {processor.py:914} INFO - Processing file /home/ec2-user/environment/lab4_model_training/dags/ml_pipeline_dag.py for tasks to queue
[2026-03-28T20:15:24.692+0000] {logging_mixin.py:190} INFO - [2026-03-28T20:15:24.691+0000] {dagbag.py:588} INFO - Filling up the DagBag from /home/ec2-user/environment/lab4_model_training/dags/ml_pipeline_dag.py
[2026-03-28T20:15:26.013+0000] {processor.py:925} INFO - DAG(s) 'ml_pipeline' retrieved from /home/ec2-user/environment/lab4_model_training/dags/ml_pipeline_dag.py
[2026-03-28T20:15:26.025+0000] {logging_mixin.py:190} INFO - [2026-03-28T20:15:26.025+0000] {dag.py:3239} INFO - Sync 1 DAGs
[2026-03-28T20:15:26.034+0000] {logging_mixin.py:190} INFO - [2026-03-28T20:15:26.033+0000] {dag.py:4180} INFO - Setting next_dagrun for ml_pipeline to None, run_after=None
[2026-03-28T20:15:26.050+0000] {processor.py:208} INFO - Processing /home/ec2-user/environment/lab4_model_training/dags/ml_pipeline_dag.py took 1.365 seconds
[2026-03-28T20:15:56.160+0000] {processor.py:186} INFO - Started process (PID=15839) to work on /home/ec2-user/environment/lab4_model_training/dags/ml_pipeline_dag.py
[2026-03-28T20:15:56.162+0000] {processor.py:914} INFO - Processing file /home/ec2-user/environment/lab4_model_training/dags/ml_pipeline_dag.py for tasks to queue
[2026-03-28T20:15:56.163+0000] {logging_mixin.py:190} INFO - [2026-03-28T20:15:56.162+0000] {dagbag.py:588} INFO - Filling up the DagBag from /home/ec2-user/environment/lab4_model_training/dags/ml_pipeline_dag.py
[2026-03-28T20:15:57.477+0000] {processor.py:925} INFO - DAG(s) 'ml_pipeline' retrieved from /home/ec2-user/environment/lab4_model_training/dags/ml_pipeline_dag.py
[2026-03-28T20:15:57.490+0000] {logging_mixin.py:190} INFO - [2026-03-28T20:15:57.490+0000] {dag.py:3239} INFO - Sync 1 DAGs
[2026-03-28T20:15:57.499+0000] {logging_mixin.py:190} INFO - [2026-03-28T20:15:57.499+0000] {dag.py:4180} INFO - Setting next_dagrun for ml_pipeline to None, run_after=None
[2026-03-28T20:15:57.516+0000] {processor.py:208} INFO - Processing /home/ec2-user/environment/lab4_model_training/dags/ml_pipeline_dag.py took 1.360 seconds
[2026-03-28T20:16:27.633+0000] {processor.py:186} INFO - Started process (PID=15884) to work on /home/ec2-user/environment/lab4_model_training/dags/ml_pipeline_dag.py
[2026-03-28T20:16:27.635+0000] {processor.py:914} INFO - Processing file /home/ec2-user/environment/lab4_model_training/dags/ml_pipeline_dag.py for tasks to queue
[2026-03-28T20:16:27.637+0000] {logging_mixin.py:190} INFO - [2026-03-28T20:16:27.636+0000] {dagbag.py:588} INFO - Filling up the DagBag from /home/ec2-user/environment/lab4_model_training/dags/ml_pipeline_dag.py
[2026-03-28T20:16:28.974+0000] {processor.py:925} INFO - DAG(s) 'ml_pipeline' retrieved from /home/ec2-user/environment/lab4_model_training/dags/ml_pipeline_dag.py
[2026-03-28T20:16:28.987+0000] {logging_mixin.py:190} INFO - [2026-03-28T20:16:28.986+0000] {dag.py:3239} INFO - Sync 1 DAGs
[2026-03-28T20:16:28.995+0000] {logging_mixin.py:190} INFO - [2026-03-28T20:16:28.995+0000] {dag.py:4180} INFO - Setting next_dagrun for ml_pipeline to None, run_after=None
[2026-03-28T20:16:29.012+0000] {processor.py:208} INFO - Processing /home/ec2-user/environment/lab4_model_training/dags/ml_pipeline_dag.py took 1.383 seconds
[2026-03-28T20:16:59.107+0000] {processor.py:186} INFO - Started process (PID=15916) to work on /home/ec2-user/environment/lab4_model_training/dags/ml_pipeline_dag.py
[2026-03-28T20:16:59.107+0000] {processor.py:914} INFO - Processing file /home/ec2-user/environment/lab4_model_training/dags/ml_pipeline_dag.py for tasks to queue
[2026-03-28T20:16:59.108+0000] {logging_mixin.py:190} INFO - [2026-03-28T20:16:59.108+0000] {dagbag.py:588} INFO - Filling up the DagBag from /home/ec2-user/environment/lab4_model_training/dags/ml_pipeline_dag.py
[2026-03-28T20:17:00.454+0000] {processor.py:925} INFO - DAG(s) 'ml_pipeline' retrieved from /home/ec2-user/environment/lab4_model_training/dags/ml_pipeline_dag.py
[2026-03-28T20:17:00.467+0000] {logging_mixin.py:190} INFO - [2026-03-28T20:17:00.467+0000] {dag.py:3239} INFO - Sync 1 DAGs
[2026-03-28T20:17:00.476+0000] {logging_mixin.py:190} INFO - [2026-03-28T20:17:00.476+0000] {dag.py:4180} INFO - Setting next_dagrun for ml_pipeline to None, run_after=None
[2026-03-28T20:17:00.495+0000] {processor.py:208} INFO - Processing /home/ec2-user/environment/lab4_model_training/dags/ml_pipeline_dag.py took 1.394 seconds
[2026-03-28T20:17:30.586+0000] {processor.py:186} INFO - Started process (PID=15960) to work on /home/ec2-user/environment/lab4_model_training/dags/ml_pipeline_dag.py
[2026-03-28T20:17:30.587+0000] {processor.py:914} INFO - Processing file /home/ec2-user/environment/lab4_model_training/dags/ml_pipeline_dag.py for tasks to queue
[2026-03-28T20:17:30.588+0000] {logging_mixin.py:190} INFO - [2026-03-28T20:17:30.587+0000] {dagbag.py:588} INFO - Filling up the DagBag from /home/ec2-user/environment/lab4_model_training/dags/ml_pipeline_dag.py
[2026-03-28T20:17:31.944+0000] {processor.py:925} INFO - DAG(s) 'ml_pipeline' retrieved from /home/ec2-user/environment/lab4_model_training/dags/ml_pipeline_dag.py
[2026-03-28T20:17:31.957+0000] {logging_mixin.py:190} INFO - [2026-03-28T20:17:31.957+0000] {dag.py:3239} INFO - Sync 1 DAGs
[2026-03-28T20:17:31.968+0000] {logging_mixin.py:190} INFO - [2026-03-28T20:17:31.968+0000] {dag.py:4180} INFO - Setting next_dagrun for ml_pipeline to None, run_after=None
[2026-03-28T20:17:31.986+0000] {processor.py:208} INFO - Processing /home/ec2-user/environment/lab4_model_training/dags/ml_pipeline_dag.py took 1.406 seconds
[2026-03-28T20:18:02.091+0000] {processor.py:186} INFO - Started process (PID=16067) to work on /home/ec2-user/environment/lab4_model_training/dags/ml_pipeline_dag.py
[2026-03-28T20:18:02.093+0000] {processor.py:914} INFO - Processing file /home/ec2-user/environment/lab4_model_training/dags/ml_pipeline_dag.py for tasks to queue
[2026-03-28T20:18:02.094+0000] {logging_mixin.py:190} INFO - [2026-03-28T20:18:02.093+0000] {dagbag.py:588} INFO - Filling up the DagBag from /home/ec2-user/environment/lab4_model_training/dags/ml_pipeline_dag.py
[2026-03-28T20:18:03.606+0000] {processor.py:925} INFO - DAG(s) 'ml_pipeline' retrieved from /home/ec2-user/environment/lab4_model_training/dags/ml_pipeline_dag.py
[2026-03-28T20:18:03.627+0000] {logging_mixin.py:190} INFO - [2026-03-28T20:18:03.626+0000] {dag.py:3239} INFO - Sync 1 DAGs
[2026-03-28T20:18:03.641+0000] {logging_mixin.py:190} INFO - [2026-03-28T20:18:03.641+0000] {dag.py:4180} INFO - Setting next_dagrun for ml_pipeline to None, run_after=None
[2026-03-28T20:18:03.666+0000] {processor.py:208} INFO - Processing /home/ec2-user/environment/lab4_model_training/dags/ml_pipeline_dag.py took 1.579 seconds
[2026-03-28T20:18:33.780+0000] {processor.py:186} INFO - Started process (PID=16119) to work on /home/ec2-user/environment/lab4_model_training/dags/ml_pipeline_dag.py
[2026-03-28T20:18:33.781+0000] {processor.py:914} INFO - Processing file /home/ec2-user/environment/lab4_model_training/dags/ml_pipeline_dag.py for tasks to queue
[2026-03-28T20:18:33.782+0000] {logging_mixin.py:190} INFO - [2026-03-28T20:18:33.782+0000] {dagbag.py:588} INFO - Filling up the DagBag from /home/ec2-user/environment/lab4_model_training/dags/ml_pipeline_dag.py
[2026-03-28T20:18:35.147+0000] {processor.py:925} INFO - DAG(s) 'ml_pipeline' retrieved from /home/ec2-user/environment/lab4_model_training/dags/ml_pipeline_dag.py
[2026-03-28T20:18:35.162+0000] {logging_mixin.py:190} INFO - [2026-03-28T20:18:35.162+0000] {dag.py:3239} INFO - Sync 1 DAGs
[2026-03-28T20:18:35.171+0000] {logging_mixin.py:190} INFO - [2026-03-28T20:18:35.171+0000] {dag.py:4180} INFO - Setting next_dagrun for ml_pipeline to None, run_after=None
[2026-03-28T20:18:35.189+0000] {processor.py:208} INFO - Processing /home/ec2-user/environment/lab4_model_training/dags/ml_pipeline_dag.py took 1.414 seconds
[2026-03-28T20:19:05.379+0000] {processor.py:186} INFO - Started process (PID=16161) to work on /home/ec2-user/environment/lab4_model_training/dags/ml_pipeline_dag.py
[2026-03-28T20:19:05.380+0000] {processor.py:914} INFO - Processing file /home/ec2-user/environment/lab4_model_training/dags/ml_pipeline_dag.py for tasks to queue
[2026-03-28T20:19:05.381+0000] {logging_mixin.py:190} INFO - [2026-03-28T20:19:05.381+0000] {dagbag.py:588} INFO - Filling up the DagBag from /home/ec2-user/environment/lab4_model_training/dags/ml_pipeline_dag.py
[2026-03-28T20:19:06.838+0000] {processor.py:925} INFO - DAG(s) 'ml_pipeline' retrieved from /home/ec2-user/environment/lab4_model_training/dags/ml_pipeline_dag.py
[2026-03-28T20:19:06.851+0000] {logging_mixin.py:190} INFO - [2026-03-28T20:19:06.850+0000] {dag.py:3239} INFO - Sync 1 DAGs
[2026-03-28T20:19:06.859+0000] {logging_mixin.py:190} INFO - [2026-03-28T20:19:06.859+0000] {dag.py:4180} INFO - Setting next_dagrun for ml_pipeline to None, run_after=None
[2026-03-28T20:19:06.875+0000] {processor.py:208} INFO - Processing /home/ec2-user/environment/lab4_model_training/dags/ml_pipeline_dag.py took 1.503 seconds
[2026-03-28T20:19:37.074+0000] {processor.py:186} INFO - Started process (PID=16270) to work on /home/ec2-user/environment/lab4_model_training/dags/ml_pipeline_dag.py
[2026-03-28T20:19:37.075+0000] {processor.py:914} INFO - Processing file /home/ec2-user/environment/lab4_model_training/dags/ml_pipeline_dag.py for tasks to queue
[2026-03-28T20:19:37.077+0000] {logging_mixin.py:190} INFO - [2026-03-28T20:19:37.077+0000] {dagbag.py:588} INFO - Filling up the DagBag from /home/ec2-user/environment/lab4_model_training/dags/ml_pipeline_dag.py
[2026-03-28T20:19:39.163+0000] {processor.py:925} INFO - DAG(s) 'ml_pipeline' retrieved from /home/ec2-user/environment/lab4_model_training/dags/ml_pipeline_dag.py
[2026-03-28T20:19:39.176+0000] {logging_mixin.py:190} INFO - [2026-03-28T20:19:39.176+0000] {dag.py:3239} INFO - Sync 1 DAGs
[2026-03-28T20:19:39.185+0000] {logging_mixin.py:190} INFO - [2026-03-28T20:19:39.185+0000] {dag.py:4180} INFO - Setting next_dagrun for ml_pipeline to None, run_after=None
[2026-03-28T20:19:39.202+0000] {processor.py:208} INFO - Processing /home/ec2-user/environment/lab4_model_training/dags/ml_pipeline_dag.py took 2.133 seconds
[2026-03-28T20:20:09.376+0000] {processor.py:186} INFO - Started process (PID=16315) to work on /home/ec2-user/environment/lab4_model_training/dags/ml_pipeline_dag.py
[2026-03-28T20:20:09.377+0000] {processor.py:914} INFO - Processing file /home/ec2-user/environment/lab4_model_training/dags/ml_pipeline_dag.py for tasks to queue
[2026-03-28T20:20:09.378+0000] {logging_mixin.py:190} INFO - [2026-03-28T20:20:09.378+0000] {dagbag.py:588} INFO - Filling up the DagBag from /home/ec2-user/environment/lab4_model_training/dags/ml_pipeline_dag.py
[2026-03-28T20:20:10.948+0000] {processor.py:925} INFO - DAG(s) 'ml_pipeline' retrieved from /home/ec2-user/environment/lab4_model_training/dags/ml_pipeline_dag.py
[2026-03-28T20:20:10.968+0000] {logging_mixin.py:190} INFO - [2026-03-28T20:20:10.967+0000] {dag.py:3239} INFO - Sync 1 DAGs
[2026-03-28T20:20:10.983+0000] {logging_mixin.py:190} INFO - [2026-03-28T20:20:10.982+0000] {dag.py:4180} INFO - Setting next_dagrun for ml_pipeline to None, run_after=None
[2026-03-28T20:20:11.005+0000] {processor.py:208} INFO - Processing /home/ec2-user/environment/lab4_model_training/dags/ml_pipeline_dag.py took 1.635 seconds
[2026-03-28T20:20:42.400+0000] {processor.py:186} INFO - Started process (PID=16405) to work on /home/ec2-user/environment/lab4_model_training/dags/ml_pipeline_dag.py
[2026-03-28T20:20:42.400+0000] {processor.py:914} INFO - Processing file /home/ec2-user/environment/lab4_model_training/dags/ml_pipeline_dag.py for tasks to queue
[2026-03-28T20:20:42.402+0000] {logging_mixin.py:190} INFO - [2026-03-28T20:20:42.401+0000] {dagbag.py:588} INFO - Filling up the DagBag from /home/ec2-user/environment/lab4_model_training/dags/ml_pipeline_dag.py
[2026-03-28T20:20:44.176+0000] {processor.py:925} INFO - DAG(s) 'ml_pipeline' retrieved from /home/ec2-user/environment/lab4_model_training/dags/ml_pipeline_dag.py
[2026-03-28T20:20:44.189+0000] {logging_mixin.py:190} INFO - [2026-03-28T20:20:44.189+0000] {dag.py:3239} INFO - Sync 1 DAGs
[2026-03-28T20:20:44.198+0000] {logging_mixin.py:190} INFO - [2026-03-28T20:20:44.198+0000] {dag.py:4180} INFO - Setting next_dagrun for ml_pipeline to None, run_after=None
[2026-03-28T20:20:44.216+0000] {processor.py:208} INFO - Processing /home/ec2-user/environment/lab4_model_training/dags/ml_pipeline_dag.py took 1.821 seconds
[2026-03-28T20:21:14.942+0000] {processor.py:186} INFO - Started process (PID=16452) to work on /home/ec2-user/environment/lab4_model_training/dags/ml_pipeline_dag.py
[2026-03-28T20:21:14.943+0000] {processor.py:914} INFO - Processing file /home/ec2-user/environment/lab4_model_training/dags/ml_pipeline_dag.py for tasks to queue
[2026-03-28T20:21:14.944+0000] {logging_mixin.py:190} INFO - [2026-03-28T20:21:14.943+0000] {dagbag.py:588} INFO - Filling up the DagBag from /home/ec2-user/environment/lab4_model_training/dags/ml_pipeline_dag.py
[2026-03-28T20:21:16.278+0000] {processor.py:925} INFO - DAG(s) 'ml_pipeline' retrieved from /home/ec2-user/environment/lab4_model_training/dags/ml_pipeline_dag.py
[2026-03-28T20:21:16.292+0000] {logging_mixin.py:190} INFO - [2026-03-28T20:21:16.292+0000] {dag.py:3239} INFO - Sync 1 DAGs
[2026-03-28T20:21:16.301+0000] {logging_mixin.py:190} INFO - [2026-03-28T20:21:16.301+0000] {dag.py:4180} INFO - Setting next_dagrun for ml_pipeline to None, run_after=None
[2026-03-28T20:21:16.320+0000] {processor.py:208} INFO - Processing /home/ec2-user/environment/lab4_model_training/dags/ml_pipeline_dag.py took 1.384 seconds
[2026-03-28T20:21:46.399+0000] {processor.py:186} INFO - Started process (PID=16478) to work on /home/ec2-user/environment/lab4_model_training/dags/ml_pipeline_dag.py
[2026-03-28T20:21:46.400+0000] {processor.py:914} INFO - Processing file /home/ec2-user/environment/lab4_model_training/dags/ml_pipeline_dag.py for tasks to queue
[2026-03-28T20:21:46.402+0000] {logging_mixin.py:190} INFO - [2026-03-28T20:21:46.401+0000] {dagbag.py:588} INFO - Filling up the DagBag from /home/ec2-user/environment/lab4_model_training/dags/ml_pipeline_dag.py
[2026-03-28T20:21:47.742+0000] {processor.py:925} INFO - DAG(s) 'ml_pipeline' retrieved from /home/ec2-user/environment/lab4_model_training/dags/ml_pipeline_dag.py
[2026-03-28T20:21:47.755+0000] {logging_mixin.py:190} INFO - [2026-03-28T20:21:47.754+0000] {dag.py:3239} INFO - Sync 1 DAGs
[2026-03-28T20:21:47.765+0000] {logging_mixin.py:190} INFO - [2026-03-28T20:21:47.765+0000] {dag.py:4180} INFO - Setting next_dagrun for ml_pipeline to None, run_after=None
[2026-03-28T20:21:47.782+0000] {processor.py:208} INFO - Processing /home/ec2-user/environment/lab4_model_training/dags/ml_pipeline_dag.py took 1.388 seconds
[2026-03-28T20:22:17.942+0000] {processor.py:186} INFO - Started process (PID=16516) to work on /home/ec2-user/environment/lab4_model_training/dags/ml_pipeline_dag.py
[2026-03-28T20:22:17.942+0000] {processor.py:914} INFO - Processing file /home/ec2-user/environment/lab4_model_training/dags/ml_pipeline_dag.py for tasks to queue
[2026-03-28T20:22:17.943+0000] {logging_mixin.py:190} INFO - [2026-03-28T20:22:17.943+0000] {dagbag.py:588} INFO - Filling up the DagBag from /home/ec2-user/environment/lab4_model_training/dags/ml_pipeline_dag.py
[2026-03-28T20:22:19.353+0000] {processor.py:925} INFO - DAG(s) 'ml_pipeline' retrieved from /home/ec2-user/environment/lab4_model_training/dags/ml_pipeline_dag.py
[2026-03-28T20:22:19.366+0000] {logging_mixin.py:190} INFO - [2026-03-28T20:22:19.366+0000] {dag.py:3239} INFO - Sync 1 DAGs
[2026-03-28T20:22:19.377+0000] {logging_mixin.py:190} INFO - [2026-03-28T20:22:19.376+0000] {dag.py:4180} INFO - Setting next_dagrun for ml_pipeline to None, run_after=None
[2026-03-28T20:22:19.394+0000] {processor.py:208} INFO - Processing /home/ec2-user/environment/lab4_model_training/dags/ml_pipeline_dag.py took 1.458 seconds
[2026-03-28T20:22:49.479+0000] {processor.py:186} INFO - Started process (PID=16592) to work on /home/ec2-user/environment/lab4_model_training/dags/ml_pipeline_dag.py
[2026-03-28T20:22:49.480+0000] {processor.py:914} INFO - Processing file /home/ec2-user/environment/lab4_model_training/dags/ml_pipeline_dag.py for tasks to queue
[2026-03-28T20:22:49.482+0000] {logging_mixin.py:190} INFO - [2026-03-28T20:22:49.481+0000] {dagbag.py:588} INFO - Filling up the DagBag from /home/ec2-user/environment/lab4_model_training/dags/ml_pipeline_dag.py
[2026-03-28T20:22:50.828+0000] {processor.py:925} INFO - DAG(s) 'ml_pipeline' retrieved from /home/ec2-user/environment/lab4_model_training/dags/ml_pipeline_dag.py
[2026-03-28T20:22:50.842+0000] {logging_mixin.py:190} INFO - [2026-03-28T20:22:50.842+0000] {dag.py:3239} INFO - Sync 1 DAGs
[2026-03-28T20:22:50.851+0000] {logging_mixin.py:190} INFO - [2026-03-28T20:22:50.851+0000] {dag.py:4180} INFO - Setting next_dagrun for ml_pipeline to None, run_after=None
[2026-03-28T20:22:50.868+0000] {processor.py:208} INFO - Processing /home/ec2-user/environment/lab4_model_training/dags/ml_pipeline_dag.py took 1.393 seconds
[2026-03-28T20:23:22.984+0000] {processor.py:186} INFO - Started process (PID=16643) to work on /home/ec2-user/environment/lab4_model_training/dags/ml_pipeline_dag.py
[2026-03-28T20:23:22.985+0000] {processor.py:914} INFO - Processing file /home/ec2-user/environment/lab4_model_training/dags/ml_pipeline_dag.py for tasks to queue
[2026-03-28T20:23:22.987+0000] {logging_mixin.py:190} INFO - [2026-03-28T20:23:22.986+0000] {dagbag.py:588} INFO - Filling up the DagBag from /home/ec2-user/environment/lab4_model_training/dags/ml_pipeline_dag.py
[2026-03-28T20:23:24.317+0000] {processor.py:925} INFO - DAG(s) 'ml_pipeline' retrieved from /home/ec2-user/environment/lab4_model_training/dags/ml_pipeline_dag.py
[2026-03-28T20:23:24.331+0000] {logging_mixin.py:190} INFO - [2026-03-28T20:23:24.331+0000] {dag.py:3239} INFO - Sync 1 DAGs
[2026-03-28T20:23:24.340+0000] {logging_mixin.py:190} INFO - [2026-03-28T20:23:24.340+0000] {dag.py:4180} INFO - Setting next_dagrun for ml_pipeline to None, run_after=None
[2026-03-28T20:23:24.356+0000] {processor.py:208} INFO - Processing /home/ec2-user/environment/lab4_model_training/dags/ml_pipeline_dag.py took 1.376 seconds
[2026-03-28T20:23:55.485+0000] {processor.py:186} INFO - Started process (PID=16751) to work on /home/ec2-user/environment/lab4_model_training/dags/ml_pipeline_dag.py
[2026-03-28T20:23:55.486+0000] {processor.py:914} INFO - Processing file /home/ec2-user/environment/lab4_model_training/dags/ml_pipeline_dag.py for tasks to queue
[2026-03-28T20:23:55.487+0000] {logging_mixin.py:190} INFO - [2026-03-28T20:23:55.487+0000] {dagbag.py:588} INFO - Filling up the DagBag from /home/ec2-user/environment/lab4_model_training/dags/ml_pipeline_dag.py
[2026-03-28T20:23:56.795+0000] {processor.py:925} INFO - DAG(s) 'ml_pipeline' retrieved from /home/ec2-user/environment/lab4_model_training/dags/ml_pipeline_dag.py
[2026-03-28T20:23:56.808+0000] {logging_mixin.py:190} INFO - [2026-03-28T20:23:56.807+0000] {dag.py:3239} INFO - Sync 1 DAGs
[2026-03-28T20:23:56.817+0000] {logging_mixin.py:190} INFO - [2026-03-28T20:23:56.816+0000] {dag.py:4180} INFO - Setting next_dagrun for ml_pipeline to None, run_after=None
[2026-03-28T20:23:56.833+0000] {processor.py:208} INFO - Processing /home/ec2-user/environment/lab4_model_training/dags/ml_pipeline_dag.py took 1.354 seconds
[2026-03-28T20:24:26.981+0000] {processor.py:186} INFO - Started process (PID=16798) to work on /home/ec2-user/environment/lab4_model_training/dags/ml_pipeline_dag.py
[2026-03-28T20:24:26.982+0000] {processor.py:914} INFO - Processing file /home/ec2-user/environment/lab4_model_training/dags/ml_pipeline_dag.py for tasks to queue
[2026-03-28T20:24:26.983+0000] {logging_mixin.py:190} INFO - [2026-03-28T20:24:26.983+0000] {dagbag.py:588} INFO - Filling up the DagBag from /home/ec2-user/environment/lab4_model_training/dags/ml_pipeline_dag.py
[2026-03-28T20:24:28.303+0000] {processor.py:925} INFO - DAG(s) 'ml_pipeline' retrieved from /home/ec2-user/environment/lab4_model_training/dags/ml_pipeline_dag.py
[2026-03-28T20:24:28.316+0000] {logging_mixin.py:190} INFO - [2026-03-28T20:24:28.315+0000] {dag.py:3239} INFO - Sync 1 DAGs
[2026-03-28T20:24:28.324+0000] {logging_mixin.py:190} INFO - [2026-03-28T20:24:28.324+0000] {dag.py:4180} INFO - Setting next_dagrun for ml_pipeline to None, run_after=None
[2026-03-28T20:24:28.343+0000] {processor.py:208} INFO - Processing /home/ec2-user/environment/lab4_model_training/dags/ml_pipeline_dag.py took 1.367 seconds
[2026-03-28T20:24:58.608+0000] {processor.py:186} INFO - Started process (PID=16827) to work on /home/ec2-user/environment/lab4_model_training/dags/ml_pipeline_dag.py
[2026-03-28T20:24:58.608+0000] {processor.py:914} INFO - Processing file /home/ec2-user/environment/lab4_model_training/dags/ml_pipeline_dag.py for tasks to queue
[2026-03-28T20:24:58.609+0000] {logging_mixin.py:190} INFO - [2026-03-28T20:24:58.609+0000] {dagbag.py:588} INFO - Filling up the DagBag from /home/ec2-user/environment/lab4_model_training/dags/ml_pipeline_dag.py
[2026-03-28T20:24:59.916+0000] {processor.py:925} INFO - DAG(s) 'ml_pipeline' retrieved from /home/ec2-user/environment/lab4_model_training/dags/ml_pipeline_dag.py
[2026-03-28T20:24:59.928+0000] {logging_mixin.py:190} INFO - [2026-03-28T20:24:59.928+0000] {dag.py:3239} INFO - Sync 1 DAGs
[2026-03-28T20:24:59.937+0000] {logging_mixin.py:190} INFO - [2026-03-28T20:24:59.937+0000] {dag.py:4180} INFO - Setting next_dagrun for ml_pipeline to None, run_after=None
[2026-03-28T20:24:59.954+0000] {processor.py:208} INFO - Processing /home/ec2-user/environment/lab4_model_training/dags/ml_pipeline_dag.py took 1.352 seconds
[2026-03-28T20:25:30.415+0000] {processor.py:186} INFO - Started process (PID=16882) to work on /home/ec2-user/environment/lab4_model_training/dags/ml_pipeline_dag.py
[2026-03-28T20:25:30.416+0000] {processor.py:914} INFO - Processing file /home/ec2-user/environment/lab4_model_training/dags/ml_pipeline_dag.py for tasks to queue
[2026-03-28T20:25:30.417+0000] {logging_mixin.py:190} INFO - [2026-03-28T20:25:30.417+0000] {dagbag.py:588} INFO - Filling up the DagBag from /home/ec2-user/environment/lab4_model_training/dags/ml_pipeline_dag.py
[2026-03-28T20:25:31.730+0000] {processor.py:925} INFO - DAG(s) 'ml_pipeline' retrieved from /home/ec2-user/environment/lab4_model_training/dags/ml_pipeline_dag.py
[2026-03-28T20:25:31.745+0000] {logging_mixin.py:190} INFO - [2026-03-28T20:25:31.744+0000] {dag.py:3239} INFO - Sync 1 DAGs
[2026-03-28T20:25:31.755+0000] {logging_mixin.py:190} INFO - [2026-03-28T20:25:31.755+0000] {dag.py:4180} INFO - Setting next_dagrun for ml_pipeline to None, run_after=None
[2026-03-28T20:25:31.773+0000] {processor.py:208} INFO - Processing /home/ec2-user/environment/lab4_model_training/dags/ml_pipeline_dag.py took 1.363 seconds
[2026-03-28T20:26:01.913+0000] {processor.py:186} INFO - Started process (PID=16980) to work on /home/ec2-user/environment/lab4_model_training/dags/ml_pipeline_dag.py
[2026-03-28T20:26:01.915+0000] {processor.py:914} INFO - Processing file /home/ec2-user/environment/lab4_model_training/dags/ml_pipeline_dag.py for tasks to queue
[2026-03-28T20:26:01.916+0000] {logging_mixin.py:190} INFO - [2026-03-28T20:26:01.916+0000] {dagbag.py:588} INFO - Filling up the DagBag from /home/ec2-user/environment/lab4_model_training/dags/ml_pipeline_dag.py
[2026-03-28T20:26:03.676+0000] {processor.py:925} INFO - DAG(s) 'ml_pipeline' retrieved from /home/ec2-user/environment/lab4_model_training/dags/ml_pipeline_dag.py
[2026-03-28T20:26:03.689+0000] {logging_mixin.py:190} INFO - [2026-03-28T20:26:03.689+0000] {dag.py:3239} INFO - Sync 1 DAGs
[2026-03-28T20:26:03.700+0000] {logging_mixin.py:190} INFO - [2026-03-28T20:26:03.700+0000] {dag.py:4180} INFO - Setting next_dagrun for ml_pipeline to None, run_after=None
[2026-03-28T20:26:03.717+0000] {processor.py:208} INFO - Processing /home/ec2-user/environment/lab4_model_training/dags/ml_pipeline_dag.py took 1.811 seconds
[2026-03-28T20:26:34.427+0000] {processor.py:186} INFO - Started process (PID=17009) to work on /home/ec2-user/environment/lab4_model_training/dags/ml_pipeline_dag.py
[2026-03-28T20:26:34.429+0000] {processor.py:914} INFO - Processing file /home/ec2-user/environment/lab4_model_training/dags/ml_pipeline_dag.py for tasks to queue
[2026-03-28T20:26:34.430+0000] {logging_mixin.py:190} INFO - [2026-03-28T20:26:34.429+0000] {dagbag.py:588} INFO - Filling up the DagBag from /home/ec2-user/environment/lab4_model_training/dags/ml_pipeline_dag.py
[2026-03-28T20:26:35.741+0000] {processor.py:925} INFO - DAG(s) 'ml_pipeline' retrieved from /home/ec2-user/environment/lab4_model_training/dags/ml_pipeline_dag.py
[2026-03-28T20:26:35.754+0000] {logging_mixin.py:190} INFO - [2026-03-28T20:26:35.754+0000] {dag.py:3239} INFO - Sync 1 DAGs
[2026-03-28T20:26:35.765+0000] {logging_mixin.py:190} INFO - [2026-03-28T20:26:35.764+0000] {dag.py:4180} INFO - Setting next_dagrun for ml_pipeline to None, run_after=None
[2026-03-28T20:26:35.782+0000] {processor.py:208} INFO - Processing /home/ec2-user/environment/lab4_model_training/dags/ml_pipeline_dag.py took 1.359 seconds
[2026-03-28T20:27:06.145+0000] {processor.py:186} INFO - Started process (PID=17128) to work on /home/ec2-user/environment/lab4_model_training/dags/ml_pipeline_dag.py
[2026-03-28T20:27:06.146+0000] {processor.py:914} INFO - Processing file /home/ec2-user/environment/lab4_model_training/dags/ml_pipeline_dag.py for tasks to queue
[2026-03-28T20:27:06.147+0000] {logging_mixin.py:190} INFO - [2026-03-28T20:27:06.147+0000] {dagbag.py:588} INFO - Filling up the DagBag from /home/ec2-user/environment/lab4_model_training/dags/ml_pipeline_dag.py
[2026-03-28T20:27:07.856+0000] {processor.py:925} INFO - DAG(s) 'ml_pipeline' retrieved from /home/ec2-user/environment/lab4_model_training/dags/ml_pipeline_dag.py
[2026-03-28T20:27:07.877+0000] {logging_mixin.py:190} INFO - [2026-03-28T20:27:07.876+0000] {dag.py:3239} INFO - Sync 1 DAGs
[2026-03-28T20:27:07.891+0000] {logging_mixin.py:190} INFO - [2026-03-28T20:27:07.890+0000] {dag.py:4180} INFO - Setting next_dagrun for ml_pipeline to None, run_after=None
[2026-03-28T20:27:07.934+0000] {processor.py:208} INFO - Processing /home/ec2-user/environment/lab4_model_training/dags/ml_pipeline_dag.py took 1.795 seconds
[2026-03-28T20:27:38.203+0000] {processor.py:186} INFO - Started process (PID=17162) to work on /home/ec2-user/environment/lab4_model_training/dags/ml_pipeline_dag.py
[2026-03-28T20:27:38.204+0000] {processor.py:914} INFO - Processing file /home/ec2-user/environment/lab4_model_training/dags/ml_pipeline_dag.py for tasks to queue
[2026-03-28T20:27:38.205+0000] {logging_mixin.py:190} INFO - [2026-03-28T20:27:38.205+0000] {dagbag.py:588} INFO - Filling up the DagBag from /home/ec2-user/environment/lab4_model_training/dags/ml_pipeline_dag.py
[2026-03-28T20:27:39.535+0000] {processor.py:925} INFO - DAG(s) 'ml_pipeline' retrieved from /home/ec2-user/environment/lab4_model_training/dags/ml_pipeline_dag.py
[2026-03-28T20:27:39.549+0000] {logging_mixin.py:190} INFO - [2026-03-28T20:27:39.549+0000] {dag.py:3239} INFO - Sync 1 DAGs
[2026-03-28T20:27:39.558+0000] {logging_mixin.py:190} INFO - [2026-03-28T20:27:39.558+0000] {dag.py:4180} INFO - Setting next_dagrun for ml_pipeline to None, run_after=None
[2026-03-28T20:27:39.575+0000] {processor.py:208} INFO - Processing /home/ec2-user/environment/lab4_model_training/dags/ml_pipeline_dag.py took 1.377 seconds
[2026-03-28T20:28:09.817+0000] {processor.py:186} INFO - Started process (PID=17209) to work on /home/ec2-user/environment/lab4_model_training/dags/ml_pipeline_dag.py
[2026-03-28T20:28:09.818+0000] {processor.py:914} INFO - Processing file /home/ec2-user/environment/lab4_model_training/dags/ml_pipeline_dag.py for tasks to queue
[2026-03-28T20:28:09.819+0000] {logging_mixin.py:190} INFO - [2026-03-28T20:28:09.819+0000] {dagbag.py:588} INFO - Filling up the DagBag from /home/ec2-user/environment/lab4_model_training/dags/ml_pipeline_dag.py
[2026-03-28T20:28:11.135+0000] {processor.py:925} INFO - DAG(s) 'ml_pipeline' retrieved from /home/ec2-user/environment/lab4_model_training/dags/ml_pipeline_dag.py
[2026-03-28T20:28:11.147+0000] {logging_mixin.py:190} INFO - [2026-03-28T20:28:11.147+0000] {dag.py:3239} INFO - Sync 1 DAGs
[2026-03-28T20:28:11.156+0000] {logging_mixin.py:190} INFO - [2026-03-28T20:28:11.156+0000] {dag.py:4180} INFO - Setting next_dagrun for ml_pipeline to None, run_after=None
[2026-03-28T20:28:11.172+0000] {processor.py:208} INFO - Processing /home/ec2-user/environment/lab4_model_training/dags/ml_pipeline_dag.py took 1.361 seconds
[2026-03-28T20:28:41.444+0000] {processor.py:186} INFO - Started process (PID=17286) to work on /home/ec2-user/environment/lab4_model_training/dags/ml_pipeline_dag.py
[2026-03-28T20:28:41.445+0000] {processor.py:914} INFO - Processing file /home/ec2-user/environment/lab4_model_training/dags/ml_pipeline_dag.py for tasks to queue
[2026-03-28T20:28:41.446+0000] {logging_mixin.py:190} INFO - [2026-03-28T20:28:41.446+0000] {dagbag.py:588} INFO - Filling up the DagBag from /home/ec2-user/environment/lab4_model_training/dags/ml_pipeline_dag.py
[2026-03-28T20:28:42.768+0000] {processor.py:925} INFO - DAG(s) 'ml_pipeline' retrieved from /home/ec2-user/environment/lab4_model_training/dags/ml_pipeline_dag.py
[2026-03-28T20:28:42.781+0000] {logging_mixin.py:190} INFO - [2026-03-28T20:28:42.781+0000] {dag.py:3239} INFO - Sync 1 DAGs
[2026-03-28T20:28:42.790+0000] {logging_mixin.py:190} INFO - [2026-03-28T20:28:42.790+0000] {dag.py:4180} INFO - Setting next_dagrun for ml_pipeline to None, run_after=None
[2026-03-28T20:28:42.807+0000] {processor.py:208} INFO - Processing /home/ec2-user/environment/lab4_model_training/dags/ml_pipeline_dag.py took 1.368 seconds
[2026-03-28T20:29:13.087+0000] {processor.py:186} INFO - Started process (PID=17336) to work on /home/ec2-user/environment/lab4_model_training/dags/ml_pipeline_dag.py
[2026-03-28T20:29:13.088+0000] {processor.py:914} INFO - Processing file /home/ec2-user/environment/lab4_model_training/dags/ml_pipeline_dag.py for tasks to queue
[2026-03-28T20:29:13.089+0000] {logging_mixin.py:190} INFO - [2026-03-28T20:29:13.088+0000] {dagbag.py:588} INFO - Filling up the DagBag from /home/ec2-user/environment/lab4_model_training/dags/ml_pipeline_dag.py
[2026-03-28T20:29:14.384+0000] {processor.py:925} INFO - DAG(s) 'ml_pipeline' retrieved from /home/ec2-user/environment/lab4_model_training/dags/ml_pipeline_dag.py
[2026-03-28T20:29:14.396+0000] {logging_mixin.py:190} INFO - [2026-03-28T20:29:14.396+0000] {dag.py:3239} INFO - Sync 1 DAGs
[2026-03-28T20:29:14.405+0000] {logging_mixin.py:190} INFO - [2026-03-28T20:29:14.404+0000] {dag.py:4180} INFO - Setting next_dagrun for ml_pipeline to None, run_after=None
[2026-03-28T20:29:14.421+0000] {processor.py:208} INFO - Processing /home/ec2-user/environment/lab4_model_training/dags/ml_pipeline_dag.py took 1.339 seconds
[2026-03-28T20:29:44.710+0000] {processor.py:186} INFO - Started process (PID=17365) to work on /home/ec2-user/environment/lab4_model_training/dags/ml_pipeline_dag.py
[2026-03-28T20:29:44.711+0000] {processor.py:914} INFO - Processing file /home/ec2-user/environment/lab4_model_training/dags/ml_pipeline_dag.py for tasks to queue
[2026-03-28T20:29:44.712+0000] {logging_mixin.py:190} INFO - [2026-03-28T20:29:44.712+0000] {dagbag.py:588} INFO - Filling up the DagBag from /home/ec2-user/environment/lab4_model_training/dags/ml_pipeline_dag.py
[2026-03-28T20:29:45.992+0000] {processor.py:925} INFO - DAG(s) 'ml_pipeline' retrieved from /home/ec2-user/environment/lab4_model_training/dags/ml_pipeline_dag.py
[2026-03-28T20:29:46.004+0000] {logging_mixin.py:190} INFO - [2026-03-28T20:29:46.004+0000] {dag.py:3239} INFO - Sync 1 DAGs
[2026-03-28T20:29:46.012+0000] {logging_mixin.py:190} INFO - [2026-03-28T20:29:46.012+0000] {dag.py:4180} INFO - Setting next_dagrun for ml_pipeline to None, run_after=None
[2026-03-28T20:29:46.029+0000] {processor.py:208} INFO - Processing /home/ec2-user/environment/lab4_model_training/dags/ml_pipeline_dag.py took 1.324 seconds
[2026-03-28T20:30:16.146+0000] {processor.py:186} INFO - Started process (PID=17560) to work on /home/ec2-user/environment/lab4_model_training/dags/ml_pipeline_dag.py
[2026-03-28T20:30:16.147+0000] {processor.py:914} INFO - Processing file /home/ec2-user/environment/lab4_model_training/dags/ml_pipeline_dag.py for tasks to queue
[2026-03-28T20:30:16.148+0000] {logging_mixin.py:190} INFO - [2026-03-28T20:30:16.147+0000] {dagbag.py:588} INFO - Filling up the DagBag from /home/ec2-user/environment/lab4_model_training/dags/ml_pipeline_dag.py
[2026-03-28T20:30:17.427+0000] {processor.py:925} INFO - DAG(s) 'ml_pipeline' retrieved from /home/ec2-user/environment/lab4_model_training/dags/ml_pipeline_dag.py
[2026-03-28T20:30:17.440+0000] {logging_mixin.py:190} INFO - [2026-03-28T20:30:17.439+0000] {dag.py:3239} INFO - Sync 1 DAGs
[2026-03-28T20:30:17.450+0000] {logging_mixin.py:190} INFO - [2026-03-28T20:30:17.449+0000] {dag.py:4180} INFO - Setting next_dagrun for ml_pipeline to None, run_after=None
[2026-03-28T20:30:17.465+0000] {processor.py:208} INFO - Processing /home/ec2-user/environment/lab4_model_training/dags/ml_pipeline_dag.py took 1.325 seconds
[2026-03-28T20:30:47.646+0000] {processor.py:186} INFO - Started process (PID=17586) to work on /home/ec2-user/environment/lab4_model_training/dags/ml_pipeline_dag.py
[2026-03-28T20:30:47.647+0000] {processor.py:914} INFO - Processing file /home/ec2-user/environment/lab4_model_training/dags/ml_pipeline_dag.py for tasks to queue
[2026-03-28T20:30:47.648+0000] {logging_mixin.py:190} INFO - [2026-03-28T20:30:47.647+0000] {dagbag.py:588} INFO - Filling up the DagBag from /home/ec2-user/environment/lab4_model_training/dags/ml_pipeline_dag.py
[2026-03-28T20:30:48.962+0000] {processor.py:925} INFO - DAG(s) 'ml_pipeline' retrieved from /home/ec2-user/environment/lab4_model_training/dags/ml_pipeline_dag.py
[2026-03-28T20:30:48.975+0000] {logging_mixin.py:190} INFO - [2026-03-28T20:30:48.975+0000] {dag.py:3239} INFO - Sync 1 DAGs
[2026-03-28T20:30:48.985+0000] {logging_mixin.py:190} INFO - [2026-03-28T20:30:48.985+0000] {dag.py:4180} INFO - Setting next_dagrun for ml_pipeline to None, run_after=None
[2026-03-28T20:30:49.002+0000] {processor.py:208} INFO - Processing /home/ec2-user/environment/lab4_model_training/dags/ml_pipeline_dag.py took 1.361 seconds
[2026-03-28T20:31:19.255+0000] {processor.py:186} INFO - Started process (PID=17624) to work on /home/ec2-user/environment/lab4_model_training/dags/ml_pipeline_dag.py
[2026-03-28T20:31:19.256+0000] {processor.py:914} INFO - Processing file /home/ec2-user/environment/lab4_model_training/dags/ml_pipeline_dag.py for tasks to queue
[2026-03-28T20:31:19.257+0000] {logging_mixin.py:190} INFO - [2026-03-28T20:31:19.257+0000] {dagbag.py:588} INFO - Filling up the DagBag from /home/ec2-user/environment/lab4_model_training/dags/ml_pipeline_dag.py
[2026-03-28T20:31:20.576+0000] {processor.py:925} INFO - DAG(s) 'ml_pipeline' retrieved from /home/ec2-user/environment/lab4_model_training/dags/ml_pipeline_dag.py
[2026-03-28T20:31:20.591+0000] {logging_mixin.py:190} INFO - [2026-03-28T20:31:20.590+0000] {dag.py:3239} INFO - Sync 1 DAGs
[2026-03-28T20:31:20.600+0000] {logging_mixin.py:190} INFO - [2026-03-28T20:31:20.600+0000] {dag.py:4180} INFO - Setting next_dagrun for ml_pipeline to None, run_after=None
[2026-03-28T20:31:20.617+0000] {processor.py:208} INFO - Processing /home/ec2-user/environment/lab4_model_training/dags/ml_pipeline_dag.py took 1.368 seconds
[2026-03-28T20:31:50.813+0000] {processor.py:186} INFO - Started process (PID=17698) to work on /home/ec2-user/environment/lab4_model_training/dags/ml_pipeline_dag.py
[2026-03-28T20:31:50.814+0000] {processor.py:914} INFO - Processing file /home/ec2-user/environment/lab4_model_training/dags/ml_pipeline_dag.py for tasks to queue
[2026-03-28T20:31:50.815+0000] {logging_mixin.py:190} INFO - [2026-03-28T20:31:50.814+0000] {dagbag.py:588} INFO - Filling up the DagBag from /home/ec2-user/environment/lab4_model_training/dags/ml_pipeline_dag.py
[2026-03-28T20:31:52.157+0000] {processor.py:925} INFO - DAG(s) 'ml_pipeline' retrieved from /home/ec2-user/environment/lab4_model_training/dags/ml_pipeline_dag.py
[2026-03-28T20:31:52.172+0000] {logging_mixin.py:190} INFO - [2026-03-28T20:31:52.172+0000] {dag.py:3239} INFO - Sync 1 DAGs
[2026-03-28T20:31:52.181+0000] {logging_mixin.py:190} INFO - [2026-03-28T20:31:52.181+0000] {dag.py:4180} INFO - Setting next_dagrun for ml_pipeline to None, run_after=None
[2026-03-28T20:31:52.198+0000] {processor.py:208} INFO - Processing /home/ec2-user/environment/lab4_model_training/dags/ml_pipeline_dag.py took 1.391 seconds
[2026-03-28T20:32:22.405+0000] {processor.py:186} INFO - Started process (PID=17736) to work on /home/ec2-user/environment/lab4_model_training/dags/ml_pipeline_dag.py
[2026-03-28T20:32:22.407+0000] {processor.py:914} INFO - Processing file /home/ec2-user/environment/lab4_model_training/dags/ml_pipeline_dag.py for tasks to queue
[2026-03-28T20:32:22.408+0000] {logging_mixin.py:190} INFO - [2026-03-28T20:32:22.407+0000] {dagbag.py:588} INFO - Filling up the DagBag from /home/ec2-user/environment/lab4_model_training/dags/ml_pipeline_dag.py
[2026-03-28T20:32:23.758+0000] {processor.py:925} INFO - DAG(s) 'ml_pipeline' retrieved from /home/ec2-user/environment/lab4_model_training/dags/ml_pipeline_dag.py
[2026-03-28T20:32:23.771+0000] {logging_mixin.py:190} INFO - [2026-03-28T20:32:23.771+0000] {dag.py:3239} INFO - Sync 1 DAGs
[2026-03-28T20:32:23.780+0000] {logging_mixin.py:190} INFO - [2026-03-28T20:32:23.780+0000] {dag.py:4180} INFO - Setting next_dagrun for ml_pipeline to None, run_after=None
[2026-03-28T20:32:23.798+0000] {processor.py:208} INFO - Processing /home/ec2-user/environment/lab4_model_training/dags/ml_pipeline_dag.py took 1.397 seconds
[2026-03-28T20:32:53.862+0000] {processor.py:186} INFO - Started process (PID=17762) to work on /home/ec2-user/environment/lab4_model_training/dags/ml_pipeline_dag.py
[2026-03-28T20:32:53.863+0000] {processor.py:914} INFO - Processing file /home/ec2-user/environment/lab4_model_training/dags/ml_pipeline_dag.py for tasks to queue
[2026-03-28T20:32:53.864+0000] {logging_mixin.py:190} INFO - [2026-03-28T20:32:53.864+0000] {dagbag.py:588} INFO - Filling up the DagBag from /home/ec2-user/environment/lab4_model_training/dags/ml_pipeline_dag.py
[2026-03-28T20:32:55.233+0000] {processor.py:925} INFO - DAG(s) 'ml_pipeline' retrieved from /home/ec2-user/environment/lab4_model_training/dags/ml_pipeline_dag.py
[2026-03-28T20:32:55.246+0000] {logging_mixin.py:190} INFO - [2026-03-28T20:32:55.246+0000] {dag.py:3239} INFO - Sync 1 DAGs
[2026-03-28T20:32:55.255+0000] {logging_mixin.py:190} INFO - [2026-03-28T20:32:55.255+0000] {dag.py:4180} INFO - Setting next_dagrun for ml_pipeline to None, run_after=None
[2026-03-28T20:32:55.272+0000] {processor.py:208} INFO - Processing /home/ec2-user/environment/lab4_model_training/dags/ml_pipeline_dag.py took 1.416 seconds
[2026-03-28T20:33:25.524+0000] {processor.py:186} INFO - Started process (PID=17803) to work on /home/ec2-user/environment/lab4_model_training/dags/ml_pipeline_dag.py
[2026-03-28T20:33:25.525+0000] {processor.py:914} INFO - Processing file /home/ec2-user/environment/lab4_model_training/dags/ml_pipeline_dag.py for tasks to queue
[2026-03-28T20:33:25.526+0000] {logging_mixin.py:190} INFO - [2026-03-28T20:33:25.525+0000] {dagbag.py:588} INFO - Filling up the DagBag from /home/ec2-user/environment/lab4_model_training/dags/ml_pipeline_dag.py
[2026-03-28T20:33:26.914+0000] {processor.py:925} INFO - DAG(s) 'ml_pipeline' retrieved from /home/ec2-user/environment/lab4_model_training/dags/ml_pipeline_dag.py
[2026-03-28T20:33:26.930+0000] {logging_mixin.py:190} INFO - [2026-03-28T20:33:26.930+0000] {dag.py:3239} INFO - Sync 1 DAGs
[2026-03-28T20:33:26.940+0000] {logging_mixin.py:190} INFO - [2026-03-28T20:33:26.939+0000] {dag.py:4180} INFO - Setting next_dagrun for ml_pipeline to None, run_after=None
[2026-03-28T20:33:26.958+0000] {processor.py:208} INFO - Processing /home/ec2-user/environment/lab4_model_training/dags/ml_pipeline_dag.py took 1.440 seconds
[2026-03-28T20:33:57.129+0000] {processor.py:186} INFO - Started process (PID=17896) to work on /home/ec2-user/environment/lab4_model_training/dags/ml_pipeline_dag.py
[2026-03-28T20:33:57.130+0000] {processor.py:914} INFO - Processing file /home/ec2-user/environment/lab4_model_training/dags/ml_pipeline_dag.py for tasks to queue
[2026-03-28T20:33:57.131+0000] {logging_mixin.py:190} INFO - [2026-03-28T20:33:57.131+0000] {dagbag.py:588} INFO - Filling up the DagBag from /home/ec2-user/environment/lab4_model_training/dags/ml_pipeline_dag.py
[2026-03-28T20:33:58.487+0000] {processor.py:925} INFO - DAG(s) 'ml_pipeline' retrieved from /home/ec2-user/environment/lab4_model_training/dags/ml_pipeline_dag.py
[2026-03-28T20:33:58.501+0000] {logging_mixin.py:190} INFO - [2026-03-28T20:33:58.500+0000] {dag.py:3239} INFO - Sync 1 DAGs
[2026-03-28T20:33:58.510+0000] {logging_mixin.py:190} INFO - [2026-03-28T20:33:58.510+0000] {dag.py:4180} INFO - Setting next_dagrun for ml_pipeline to None, run_after=None
[2026-03-28T20:33:58.529+0000] {processor.py:208} INFO - Processing /home/ec2-user/environment/lab4_model_training/dags/ml_pipeline_dag.py took 1.408 seconds
[2026-03-28T20:34:28.681+0000] {processor.py:186} INFO - Started process (PID=17923) to work on /home/ec2-user/environment/lab4_model_training/dags/ml_pipeline_dag.py
[2026-03-28T20:34:28.682+0000] {processor.py:914} INFO - Processing file /home/ec2-user/environment/lab4_model_training/dags/ml_pipeline_dag.py for tasks to queue
[2026-03-28T20:34:28.683+0000] {logging_mixin.py:190} INFO - [2026-03-28T20:34:28.683+0000] {dagbag.py:588} INFO - Filling up the DagBag from /home/ec2-user/environment/lab4_model_training/dags/ml_pipeline_dag.py
[2026-03-28T20:34:30.051+0000] {processor.py:925} INFO - DAG(s) 'ml_pipeline' retrieved from /home/ec2-user/environment/lab4_model_training/dags/ml_pipeline_dag.py
[2026-03-28T20:34:30.066+0000] {logging_mixin.py:190} INFO - [2026-03-28T20:34:30.066+0000] {dag.py:3239} INFO - Sync 1 DAGs
[2026-03-28T20:34:30.077+0000] {logging_mixin.py:190} INFO - [2026-03-28T20:34:30.077+0000] {dag.py:4180} INFO - Setting next_dagrun for ml_pipeline to None, run_after=None
[2026-03-28T20:34:30.096+0000] {processor.py:208} INFO - Processing /home/ec2-user/environment/lab4_model_training/dags/ml_pipeline_dag.py took 1.420 seconds
[2026-03-28T20:35:00.339+0000] {processor.py:186} INFO - Started process (PID=17936) to work on /home/ec2-user/environment/lab4_model_training/dags/ml_pipeline_dag.py
[2026-03-28T20:35:00.341+0000] {processor.py:914} INFO - Processing file /home/ec2-user/environment/lab4_model_training/dags/ml_pipeline_dag.py for tasks to queue
[2026-03-28T20:35:00.342+0000] {logging_mixin.py:190} INFO - [2026-03-28T20:35:00.341+0000] {dagbag.py:588} INFO - Filling up the DagBag from /home/ec2-user/environment/lab4_model_training/dags/ml_pipeline_dag.py
[2026-03-28T20:35:01.713+0000] {processor.py:925} INFO - DAG(s) 'ml_pipeline' retrieved from /home/ec2-user/environment/lab4_model_training/dags/ml_pipeline_dag.py
[2026-03-28T20:35:01.726+0000] {logging_mixin.py:190} INFO - [2026-03-28T20:35:01.726+0000] {dag.py:3239} INFO - Sync 1 DAGs
[2026-03-28T20:35:01.737+0000] {logging_mixin.py:190} INFO - [2026-03-28T20:35:01.737+0000] {dag.py:4180} INFO - Setting next_dagrun for ml_pipeline to None, run_after=None
[2026-03-28T20:35:01.755+0000] {processor.py:208} INFO - Processing /home/ec2-user/environment/lab4_model_training/dags/ml_pipeline_dag.py took 1.422 seconds
[2026-03-28T20:35:32.346+0000] {processor.py:186} INFO - Started process (PID=17960) to work on /home/ec2-user/environment/lab4_model_training/dags/ml_pipeline_dag.py
[2026-03-28T20:35:32.347+0000] {processor.py:914} INFO - Processing file /home/ec2-user/environment/lab4_model_training/dags/ml_pipeline_dag.py for tasks to queue
[2026-03-28T20:35:32.348+0000] {logging_mixin.py:190} INFO - [2026-03-28T20:35:32.348+0000] {dagbag.py:588} INFO - Filling up the DagBag from /home/ec2-user/environment/lab4_model_training/dags/ml_pipeline_dag.py
[2026-03-28T20:35:33.733+0000] {processor.py:925} INFO - DAG(s) 'ml_pipeline' retrieved from /home/ec2-user/environment/lab4_model_training/dags/ml_pipeline_dag.py
[2026-03-28T20:35:33.747+0000] {logging_mixin.py:190} INFO - [2026-03-28T20:35:33.747+0000] {dag.py:3239} INFO - Sync 1 DAGs
[2026-03-28T20:35:33.758+0000] {logging_mixin.py:190} INFO - [2026-03-28T20:35:33.757+0000] {dag.py:4180} INFO - Setting next_dagrun for ml_pipeline to None, run_after=None
[2026-03-28T20:35:33.776+0000] {processor.py:208} INFO - Processing /home/ec2-user/environment/lab4_model_training/dags/ml_pipeline_dag.py took 1.435 seconds
[2026-03-28T20:36:04.074+0000] {processor.py:186} INFO - Started process (PID=18033) to work on /home/ec2-user/environment/lab4_model_training/dags/ml_pipeline_dag.py
[2026-03-28T20:36:04.075+0000] {processor.py:914} INFO - Processing file /home/ec2-user/environment/lab4_model_training/dags/ml_pipeline_dag.py for tasks to queue
[2026-03-28T20:36:04.076+0000] {logging_mixin.py:190} INFO - [2026-03-28T20:36:04.076+0000] {dagbag.py:588} INFO - Filling up the DagBag from /home/ec2-user/environment/lab4_model_training/dags/ml_pipeline_dag.py
[2026-03-28T20:36:05.386+0000] {processor.py:925} INFO - DAG(s) 'ml_pipeline' retrieved from /home/ec2-user/environment/lab4_model_training/dags/ml_pipeline_dag.py
[2026-03-28T20:36:05.400+0000] {logging_mixin.py:190} INFO - [2026-03-28T20:36:05.399+0000] {dag.py:3239} INFO - Sync 1 DAGs
[2026-03-28T20:36:05.408+0000] {logging_mixin.py:190} INFO - [2026-03-28T20:36:05.408+0000] {dag.py:4180} INFO - Setting next_dagrun for ml_pipeline to None, run_after=None
[2026-03-28T20:36:05.424+0000] {processor.py:208} INFO - Processing /home/ec2-user/environment/lab4_model_training/dags/ml_pipeline_dag.py took 1.356 seconds
[2026-03-28T20:36:35.701+0000] {processor.py:186} INFO - Started process (PID=18049) to work on /home/ec2-user/environment/lab4_model_training/dags/ml_pipeline_dag.py
[2026-03-28T20:36:35.702+0000] {processor.py:914} INFO - Processing file /home/ec2-user/environment/lab4_model_training/dags/ml_pipeline_dag.py for tasks to queue
[2026-03-28T20:36:35.703+0000] {logging_mixin.py:190} INFO - [2026-03-28T20:36:35.703+0000] {dagbag.py:588} INFO - Filling up the DagBag from /home/ec2-user/environment/lab4_model_training/dags/ml_pipeline_dag.py
[2026-03-28T20:36:37.014+0000] {processor.py:925} INFO - DAG(s) 'ml_pipeline' retrieved from /home/ec2-user/environment/lab4_model_training/dags/ml_pipeline_dag.py
[2026-03-28T20:36:37.026+0000] {logging_mixin.py:190} INFO - [2026-03-28T20:36:37.026+0000] {dag.py:3239} INFO - Sync 1 DAGs
[2026-03-28T20:36:37.035+0000] {logging_mixin.py:190} INFO - [2026-03-28T20:36:37.034+0000] {dag.py:4180} INFO - Setting next_dagrun for ml_pipeline to None, run_after=None
[2026-03-28T20:36:37.050+0000] {processor.py:208} INFO - Processing /home/ec2-user/environment/lab4_model_training/dags/ml_pipeline_dag.py took 1.354 seconds
[2026-03-28T20:37:07.327+0000] {processor.py:186} INFO - Started process (PID=18073) to work on /home/ec2-user/environment/lab4_model_training/dags/ml_pipeline_dag.py
[2026-03-28T20:37:07.328+0000] {processor.py:914} INFO - Processing file /home/ec2-user/environment/lab4_model_training/dags/ml_pipeline_dag.py for tasks to queue
[2026-03-28T20:37:07.329+0000] {logging_mixin.py:190} INFO - [2026-03-28T20:37:07.328+0000] {dagbag.py:588} INFO - Filling up the DagBag from /home/ec2-user/environment/lab4_model_training/dags/ml_pipeline_dag.py
[2026-03-28T20:37:08.634+0000] {processor.py:925} INFO - DAG(s) 'ml_pipeline' retrieved from /home/ec2-user/environment/lab4_model_training/dags/ml_pipeline_dag.py
[2026-03-28T20:37:08.646+0000] {logging_mixin.py:190} INFO - [2026-03-28T20:37:08.646+0000] {dag.py:3239} INFO - Sync 1 DAGs
[2026-03-28T20:37:08.654+0000] {logging_mixin.py:190} INFO - [2026-03-28T20:37:08.654+0000] {dag.py:4180} INFO - Setting next_dagrun for ml_pipeline to None, run_after=None
[2026-03-28T20:37:08.670+0000] {processor.py:208} INFO - Processing /home/ec2-user/environment/lab4_model_training/dags/ml_pipeline_dag.py took 1.349 seconds
[2026-03-28T20:37:38.934+0000] {processor.py:186} INFO - Started process (PID=18133) to work on /home/ec2-user/environment/lab4_model_training/dags/ml_pipeline_dag.py
[2026-03-28T20:37:38.935+0000] {processor.py:914} INFO - Processing file /home/ec2-user/environment/lab4_model_training/dags/ml_pipeline_dag.py for tasks to queue
[2026-03-28T20:37:38.936+0000] {logging_mixin.py:190} INFO - [2026-03-28T20:37:38.936+0000] {dagbag.py:588} INFO - Filling up the DagBag from /home/ec2-user/environment/lab4_model_training/dags/ml_pipeline_dag.py
[2026-03-28T20:37:40.223+0000] {processor.py:925} INFO - DAG(s) 'ml_pipeline' retrieved from /home/ec2-user/environment/lab4_model_training/dags/ml_pipeline_dag.py
[2026-03-28T20:37:40.240+0000] {logging_mixin.py:190} INFO - [2026-03-28T20:37:40.240+0000] {dag.py:3239} INFO - Sync 1 DAGs
[2026-03-28T20:37:40.253+0000] {logging_mixin.py:190} INFO - [2026-03-28T20:37:40.253+0000] {dag.py:4180} INFO - Setting next_dagrun for ml_pipeline to None, run_after=None
[2026-03-28T20:37:40.271+0000] {processor.py:208} INFO - Processing /home/ec2-user/environment/lab4_model_training/dags/ml_pipeline_dag.py took 1.342 seconds
[2026-03-28T20:38:10.571+0000] {processor.py:186} INFO - Started process (PID=18163) to work on /home/ec2-user/environment/lab4_model_training/dags/ml_pipeline_dag.py
[2026-03-28T20:38:10.572+0000] {processor.py:914} INFO - Processing file /home/ec2-user/environment/lab4_model_training/dags/ml_pipeline_dag.py for tasks to queue
[2026-03-28T20:38:10.573+0000] {logging_mixin.py:190} INFO - [2026-03-28T20:38:10.573+0000] {dagbag.py:588} INFO - Filling up the DagBag from /home/ec2-user/environment/lab4_model_training/dags/ml_pipeline_dag.py
[2026-03-28T20:38:11.854+0000] {processor.py:925} INFO - DAG(s) 'ml_pipeline' retrieved from /home/ec2-user/environment/lab4_model_training/dags/ml_pipeline_dag.py
[2026-03-28T20:38:11.867+0000] {logging_mixin.py:190} INFO - [2026-03-28T20:38:11.867+0000] {dag.py:3239} INFO - Sync 1 DAGs
[2026-03-28T20:38:11.876+0000] {logging_mixin.py:190} INFO - [2026-03-28T20:38:11.876+0000] {dag.py:4180} INFO - Setting next_dagrun for ml_pipeline to None, run_after=None
[2026-03-28T20:38:11.893+0000] {processor.py:208} INFO - Processing /home/ec2-user/environment/lab4_model_training/dags/ml_pipeline_dag.py took 1.327 seconds
[2026-03-28T20:38:42.195+0000] {processor.py:186} INFO - Started process (PID=18176) to work on /home/ec2-user/environment/lab4_model_training/dags/ml_pipeline_dag.py
[2026-03-28T20:38:42.196+0000] {processor.py:914} INFO - Processing file /home/ec2-user/environment/lab4_model_training/dags/ml_pipeline_dag.py for tasks to queue
[2026-03-28T20:38:42.197+0000] {logging_mixin.py:190} INFO - [2026-03-28T20:38:42.197+0000] {dagbag.py:588} INFO - Filling up the DagBag from /home/ec2-user/environment/lab4_model_training/dags/ml_pipeline_dag.py
[2026-03-28T20:38:43.485+0000] {processor.py:925} INFO - DAG(s) 'ml_pipeline' retrieved from /home/ec2-user/environment/lab4_model_training/dags/ml_pipeline_dag.py
[2026-03-28T20:38:43.497+0000] {logging_mixin.py:190} INFO - [2026-03-28T20:38:43.497+0000] {dag.py:3239} INFO - Sync 1 DAGs
[2026-03-28T20:38:43.507+0000] {logging_mixin.py:190} INFO - [2026-03-28T20:38:43.506+0000] {dag.py:4180} INFO - Setting next_dagrun for ml_pipeline to None, run_after=None
[2026-03-28T20:38:43.522+0000] {processor.py:208} INFO - Processing /home/ec2-user/environment/lab4_model_training/dags/ml_pipeline_dag.py took 1.332 seconds
[2026-03-28T20:39:13.789+0000] {processor.py:186} INFO - Started process (PID=18203) to work on /home/ec2-user/environment/lab4_model_training/dags/ml_pipeline_dag.py
[2026-03-28T20:39:13.790+0000] {processor.py:914} INFO - Processing file /home/ec2-user/environment/lab4_model_training/dags/ml_pipeline_dag.py for tasks to queue
[2026-03-28T20:39:13.790+0000] {logging_mixin.py:190} INFO - [2026-03-28T20:39:13.790+0000] {dagbag.py:588} INFO - Filling up the DagBag from /home/ec2-user/environment/lab4_model_training/dags/ml_pipeline_dag.py
[2026-03-28T20:39:15.081+0000] {processor.py:925} INFO - DAG(s) 'ml_pipeline' retrieved from /home/ec2-user/environment/lab4_model_training/dags/ml_pipeline_dag.py
[2026-03-28T20:39:15.094+0000] {logging_mixin.py:190} INFO - [2026-03-28T20:39:15.094+0000] {dag.py:3239} INFO - Sync 1 DAGs
[2026-03-28T20:39:15.104+0000] {logging_mixin.py:190} INFO - [2026-03-28T20:39:15.104+0000] {dag.py:4180} INFO - Setting next_dagrun for ml_pipeline to None, run_after=None
[2026-03-28T20:39:15.120+0000] {processor.py:208} INFO - Processing /home/ec2-user/environment/lab4_model_training/dags/ml_pipeline_dag.py took 1.337 seconds
[2026-03-28T20:39:45.412+0000] {processor.py:186} INFO - Started process (PID=18268) to work on /home/ec2-user/environment/lab4_model_training/dags/ml_pipeline_dag.py
[2026-03-28T20:39:45.413+0000] {processor.py:914} INFO - Processing file /home/ec2-user/environment/lab4_model_training/dags/ml_pipeline_dag.py for tasks to queue
[2026-03-28T20:39:45.414+0000] {logging_mixin.py:190} INFO - [2026-03-28T20:39:45.413+0000] {dagbag.py:588} INFO - Filling up the DagBag from /home/ec2-user/environment/lab4_model_training/dags/ml_pipeline_dag.py
[2026-03-28T20:39:46.673+0000] {processor.py:925} INFO - DAG(s) 'ml_pipeline' retrieved from /home/ec2-user/environment/lab4_model_training/dags/ml_pipeline_dag.py
[2026-03-28T20:39:46.686+0000] {logging_mixin.py:190} INFO - [2026-03-28T20:39:46.686+0000] {dag.py:3239} INFO - Sync 1 DAGs
[2026-03-28T20:39:46.694+0000] {logging_mixin.py:190} INFO - [2026-03-28T20:39:46.694+0000] {dag.py:4180} INFO - Setting next_dagrun for ml_pipeline to None, run_after=None
[2026-03-28T20:39:46.710+0000] {processor.py:208} INFO - Processing /home/ec2-user/environment/lab4_model_training/dags/ml_pipeline_dag.py took 1.302 seconds
[2026-03-28T20:40:17.028+0000] {processor.py:186} INFO - Started process (PID=18296) to work on /home/ec2-user/environment/lab4_model_training/dags/ml_pipeline_dag.py
[2026-03-28T20:40:17.030+0000] {processor.py:914} INFO - Processing file /home/ec2-user/environment/lab4_model_training/dags/ml_pipeline_dag.py for tasks to queue
[2026-03-28T20:40:17.031+0000] {logging_mixin.py:190} INFO - [2026-03-28T20:40:17.030+0000] {dagbag.py:588} INFO - Filling up the DagBag from /home/ec2-user/environment/lab4_model_training/dags/ml_pipeline_dag.py
[2026-03-28T20:40:18.257+0000] {processor.py:925} INFO - DAG(s) 'ml_pipeline' retrieved from /home/ec2-user/environment/lab4_model_training/dags/ml_pipeline_dag.py
[2026-03-28T20:40:18.269+0000] {logging_mixin.py:190} INFO - [2026-03-28T20:40:18.269+0000] {dag.py:3239} INFO - Sync 1 DAGs
[2026-03-28T20:40:18.277+0000] {logging_mixin.py:190} INFO - [2026-03-28T20:40:18.277+0000] {dag.py:4180} INFO - Setting next_dagrun for ml_pipeline to None, run_after=None
[2026-03-28T20:40:18.293+0000] {processor.py:208} INFO - Processing /home/ec2-user/environment/lab4_model_training/dags/ml_pipeline_dag.py took 1.270 seconds
[2026-03-28T20:40:48.542+0000] {processor.py:186} INFO - Started process (PID=18356) to work on /home/ec2-user/environment/lab4_model_training/dags/ml_pipeline_dag.py
[2026-03-28T20:40:48.543+0000] {processor.py:914} INFO - Processing file /home/ec2-user/environment/lab4_model_training/dags/ml_pipeline_dag.py for tasks to queue
[2026-03-28T20:40:48.544+0000] {logging_mixin.py:190} INFO - [2026-03-28T20:40:48.544+0000] {dagbag.py:588} INFO - Filling up the DagBag from /home/ec2-user/environment/lab4_model_training/dags/ml_pipeline_dag.py
[2026-03-28T20:40:49.792+0000] {processor.py:925} INFO - DAG(s) 'ml_pipeline' retrieved from /home/ec2-user/environment/lab4_model_training/dags/ml_pipeline_dag.py
[2026-03-28T20:40:49.804+0000] {logging_mixin.py:190} INFO - [2026-03-28T20:40:49.804+0000] {dag.py:3239} INFO - Sync 1 DAGs
[2026-03-28T20:40:49.812+0000] {logging_mixin.py:190} INFO - [2026-03-28T20:40:49.812+0000] {dag.py:4180} INFO - Setting next_dagrun for ml_pipeline to None, run_after=None
[2026-03-28T20:40:49.827+0000] {processor.py:208} INFO - Processing /home/ec2-user/environment/lab4_model_training/dags/ml_pipeline_dag.py took 1.290 seconds
[2026-03-28T20:41:20.057+0000] {processor.py:186} INFO - Started process (PID=18380) to work on /home/ec2-user/environment/lab4_model_training/dags/ml_pipeline_dag.py
[2026-03-28T20:41:20.058+0000] {processor.py:914} INFO - Processing file /home/ec2-user/environment/lab4_model_training/dags/ml_pipeline_dag.py for tasks to queue
[2026-03-28T20:41:20.059+0000] {logging_mixin.py:190} INFO - [2026-03-28T20:41:20.059+0000] {dagbag.py:588} INFO - Filling up the DagBag from /home/ec2-user/environment/lab4_model_training/dags/ml_pipeline_dag.py
[2026-03-28T20:41:21.287+0000] {processor.py:925} INFO - DAG(s) 'ml_pipeline' retrieved from /home/ec2-user/environment/lab4_model_training/dags/ml_pipeline_dag.py
[2026-03-28T20:41:21.299+0000] {logging_mixin.py:190} INFO - [2026-03-28T20:41:21.299+0000] {dag.py:3239} INFO - Sync 1 DAGs
[2026-03-28T20:41:21.307+0000] {logging_mixin.py:190} INFO - [2026-03-28T20:41:21.307+0000] {dag.py:4180} INFO - Setting next_dagrun for ml_pipeline to None, run_after=None
[2026-03-28T20:41:21.323+0000] {processor.py:208} INFO - Processing /home/ec2-user/environment/lab4_model_training/dags/ml_pipeline_dag.py took 1.271 seconds
[2026-03-28T20:41:51.570+0000] {processor.py:186} INFO - Started process (PID=18396) to work on /home/ec2-user/environment/lab4_model_training/dags/ml_pipeline_dag.py
[2026-03-28T20:41:51.571+0000] {processor.py:914} INFO - Processing file /home/ec2-user/environment/lab4_model_training/dags/ml_pipeline_dag.py for tasks to queue
[2026-03-28T20:41:51.572+0000] {logging_mixin.py:190} INFO - [2026-03-28T20:41:51.572+0000] {dagbag.py:588} INFO - Filling up the DagBag from /home/ec2-user/environment/lab4_model_training/dags/ml_pipeline_dag.py
[2026-03-28T20:41:52.816+0000] {processor.py:925} INFO - DAG(s) 'ml_pipeline' retrieved from /home/ec2-user/environment/lab4_model_training/dags/ml_pipeline_dag.py
[2026-03-28T20:41:52.828+0000] {logging_mixin.py:190} INFO - [2026-03-28T20:41:52.828+0000] {dag.py:3239} INFO - Sync 1 DAGs
[2026-03-28T20:41:52.836+0000] {logging_mixin.py:190} INFO - [2026-03-28T20:41:52.836+0000] {dag.py:4180} INFO - Setting next_dagrun for ml_pipeline to None, run_after=None
[2026-03-28T20:41:52.853+0000] {processor.py:208} INFO - Processing /home/ec2-user/environment/lab4_model_training/dags/ml_pipeline_dag.py took 1.289 seconds
[2026-03-28T20:42:23.081+0000] {processor.py:186} INFO - Started process (PID=18420) to work on /home/ec2-user/environment/lab4_model_training/dags/ml_pipeline_dag.py
[2026-03-28T20:42:23.082+0000] {processor.py:914} INFO - Processing file /home/ec2-user/environment/lab4_model_training/dags/ml_pipeline_dag.py for tasks to queue
[2026-03-28T20:42:23.083+0000] {logging_mixin.py:190} INFO - [2026-03-28T20:42:23.083+0000] {dagbag.py:588} INFO - Filling up the DagBag from /home/ec2-user/environment/lab4_model_training/dags/ml_pipeline_dag.py
[2026-03-28T20:42:24.330+0000] {processor.py:925} INFO - DAG(s) 'ml_pipeline' retrieved from /home/ec2-user/environment/lab4_model_training/dags/ml_pipeline_dag.py
[2026-03-28T20:42:24.343+0000] {logging_mixin.py:190} INFO - [2026-03-28T20:42:24.342+0000] {dag.py:3239} INFO - Sync 1 DAGs
[2026-03-28T20:42:24.352+0000] {logging_mixin.py:190} INFO - [2026-03-28T20:42:24.352+0000] {dag.py:4180} INFO - Setting next_dagrun for ml_pipeline to None, run_after=None
[2026-03-28T20:42:24.368+0000] {processor.py:208} INFO - Processing /home/ec2-user/environment/lab4_model_training/dags/ml_pipeline_dag.py took 1.292 seconds
[2026-03-28T20:42:54.598+0000] {processor.py:186} INFO - Started process (PID=18480) to work on /home/ec2-user/environment/lab4_model_training/dags/ml_pipeline_dag.py
[2026-03-28T20:42:54.599+0000] {processor.py:914} INFO - Processing file /home/ec2-user/environment/lab4_model_training/dags/ml_pipeline_dag.py for tasks to queue
[2026-03-28T20:42:54.600+0000] {logging_mixin.py:190} INFO - [2026-03-28T20:42:54.599+0000] {dagbag.py:588} INFO - Filling up the DagBag from /home/ec2-user/environment/lab4_model_training/dags/ml_pipeline_dag.py
[2026-03-28T20:42:55.829+0000] {processor.py:925} INFO - DAG(s) 'ml_pipeline' retrieved from /home/ec2-user/environment/lab4_model_training/dags/ml_pipeline_dag.py
[2026-03-28T20:42:55.841+0000] {logging_mixin.py:190} INFO - [2026-03-28T20:42:55.840+0000] {dag.py:3239} INFO - Sync 1 DAGs
[2026-03-28T20:42:55.850+0000] {logging_mixin.py:190} INFO - [2026-03-28T20:42:55.850+0000] {dag.py:4180} INFO - Setting next_dagrun for ml_pipeline to None, run_after=None
[2026-03-28T20:42:55.865+0000] {processor.py:208} INFO - Processing /home/ec2-user/environment/lab4_model_training/dags/ml_pipeline_dag.py took 1.273 seconds
[2026-03-28T20:43:26.113+0000] {processor.py:186} INFO - Started process (PID=18508) to work on /home/ec2-user/environment/lab4_model_training/dags/ml_pipeline_dag.py
[2026-03-28T20:43:26.114+0000] {processor.py:914} INFO - Processing file /home/ec2-user/environment/lab4_model_training/dags/ml_pipeline_dag.py for tasks to queue
[2026-03-28T20:43:26.115+0000] {logging_mixin.py:190} INFO - [2026-03-28T20:43:26.114+0000] {dagbag.py:588} INFO - Filling up the DagBag from /home/ec2-user/environment/lab4_model_training/dags/ml_pipeline_dag.py
[2026-03-28T20:43:27.351+0000] {processor.py:925} INFO - DAG(s) 'ml_pipeline' retrieved from /home/ec2-user/environment/lab4_model_training/dags/ml_pipeline_dag.py
[2026-03-28T20:43:27.364+0000] {logging_mixin.py:190} INFO - [2026-03-28T20:43:27.364+0000] {dag.py:3239} INFO - Sync 1 DAGs
[2026-03-28T20:43:27.372+0000] {logging_mixin.py:190} INFO - [2026-03-28T20:43:27.372+0000] {dag.py:4180} INFO - Setting next_dagrun for ml_pipeline to None, run_after=None
[2026-03-28T20:43:27.387+0000] {processor.py:208} INFO - Processing /home/ec2-user/environment/lab4_model_training/dags/ml_pipeline_dag.py took 1.279 seconds
[2026-03-28T20:43:57.626+0000] {processor.py:186} INFO - Started process (PID=18520) to work on /home/ec2-user/environment/lab4_model_training/dags/ml_pipeline_dag.py
[2026-03-28T20:43:57.627+0000] {processor.py:914} INFO - Processing file /home/ec2-user/environment/lab4_model_training/dags/ml_pipeline_dag.py for tasks to queue
[2026-03-28T20:43:57.628+0000] {logging_mixin.py:190} INFO - [2026-03-28T20:43:57.628+0000] {dagbag.py:588} INFO - Filling up the DagBag from /home/ec2-user/environment/lab4_model_training/dags/ml_pipeline_dag.py
[2026-03-28T20:43:58.848+0000] {processor.py:925} INFO - DAG(s) 'ml_pipeline' retrieved from /home/ec2-user/environment/lab4_model_training/dags/ml_pipeline_dag.py
[2026-03-28T20:43:58.863+0000] {logging_mixin.py:190} INFO - [2026-03-28T20:43:58.862+0000] {dag.py:3239} INFO - Sync 1 DAGs
[2026-03-28T20:43:58.872+0000] {logging_mixin.py:190} INFO - [2026-03-28T20:43:58.872+0000] {dag.py:4180} INFO - Setting next_dagrun for ml_pipeline to None, run_after=None
[2026-03-28T20:43:58.887+0000] {processor.py:208} INFO - Processing /home/ec2-user/environment/lab4_model_training/dags/ml_pipeline_dag.py took 1.265 seconds
[2026-03-28T20:44:29.138+0000] {processor.py:186} INFO - Started process (PID=18610) to work on /home/ec2-user/environment/lab4_model_training/dags/ml_pipeline_dag.py
[2026-03-28T20:44:29.139+0000] {processor.py:914} INFO - Processing file /home/ec2-user/environment/lab4_model_training/dags/ml_pipeline_dag.py for tasks to queue
[2026-03-28T20:44:29.140+0000] {logging_mixin.py:190} INFO - [2026-03-28T20:44:29.140+0000] {dagbag.py:588} INFO - Filling up the DagBag from /home/ec2-user/environment/lab4_model_training/dags/ml_pipeline_dag.py
[2026-03-28T20:44:30.385+0000] {processor.py:925} INFO - DAG(s) 'ml_pipeline' retrieved from /home/ec2-user/environment/lab4_model_training/dags/ml_pipeline_dag.py
[2026-03-28T20:44:30.397+0000] {logging_mixin.py:190} INFO - [2026-03-28T20:44:30.397+0000] {dag.py:3239} INFO - Sync 1 DAGs
[2026-03-28T20:44:30.405+0000] {logging_mixin.py:190} INFO - [2026-03-28T20:44:30.405+0000] {dag.py:4180} INFO - Setting next_dagrun for ml_pipeline to None, run_after=None
[2026-03-28T20:44:30.420+0000] {processor.py:208} INFO - Processing /home/ec2-user/environment/lab4_model_training/dags/ml_pipeline_dag.py took 1.287 seconds
[2026-03-28T20:45:00.652+0000] {processor.py:186} INFO - Started process (PID=18623) to work on /home/ec2-user/environment/lab4_model_training/dags/ml_pipeline_dag.py
[2026-03-28T20:45:00.653+0000] {processor.py:914} INFO - Processing file /home/ec2-user/environment/lab4_model_training/dags/ml_pipeline_dag.py for tasks to queue
[2026-03-28T20:45:00.654+0000] {logging_mixin.py:190} INFO - [2026-03-28T20:45:00.654+0000] {dagbag.py:588} INFO - Filling up the DagBag from /home/ec2-user/environment/lab4_model_training/dags/ml_pipeline_dag.py
[2026-03-28T20:45:01.903+0000] {processor.py:925} INFO - DAG(s) 'ml_pipeline' retrieved from /home/ec2-user/environment/lab4_model_training/dags/ml_pipeline_dag.py
[2026-03-28T20:45:01.915+0000] {logging_mixin.py:190} INFO - [2026-03-28T20:45:01.914+0000] {dag.py:3239} INFO - Sync 1 DAGs
[2026-03-28T20:45:01.923+0000] {logging_mixin.py:190} INFO - [2026-03-28T20:45:01.923+0000] {dag.py:4180} INFO - Setting next_dagrun for ml_pipeline to None, run_after=None
[2026-03-28T20:45:01.938+0000] {processor.py:208} INFO - Processing /home/ec2-user/environment/lab4_model_training/dags/ml_pipeline_dag.py took 1.290 seconds
[2026-03-28T20:45:32.166+0000] {processor.py:186} INFO - Started process (PID=18644) to work on /home/ec2-user/environment/lab4_model_training/dags/ml_pipeline_dag.py
[2026-03-28T20:45:32.168+0000] {processor.py:914} INFO - Processing file /home/ec2-user/environment/lab4_model_training/dags/ml_pipeline_dag.py for tasks to queue
[2026-03-28T20:45:32.169+0000] {logging_mixin.py:190} INFO - [2026-03-28T20:45:32.168+0000] {dagbag.py:588} INFO - Filling up the DagBag from /home/ec2-user/environment/lab4_model_training/dags/ml_pipeline_dag.py
[2026-03-28T20:45:33.448+0000] {processor.py:925} INFO - DAG(s) 'ml_pipeline' retrieved from /home/ec2-user/environment/lab4_model_training/dags/ml_pipeline_dag.py
[2026-03-28T20:45:33.460+0000] {logging_mixin.py:190} INFO - [2026-03-28T20:45:33.460+0000] {dag.py:3239} INFO - Sync 1 DAGs
[2026-03-28T20:45:33.468+0000] {logging_mixin.py:190} INFO - [2026-03-28T20:45:33.468+0000] {dag.py:4180} INFO - Setting next_dagrun for ml_pipeline to None, run_after=None
[2026-03-28T20:45:33.483+0000] {processor.py:208} INFO - Processing /home/ec2-user/environment/lab4_model_training/dags/ml_pipeline_dag.py took 1.321 seconds
[2026-03-28T20:46:03.788+0000] {processor.py:186} INFO - Started process (PID=18713) to work on /home/ec2-user/environment/lab4_model_training/dags/ml_pipeline_dag.py
[2026-03-28T20:46:03.788+0000] {processor.py:914} INFO - Processing file /home/ec2-user/environment/lab4_model_training/dags/ml_pipeline_dag.py for tasks to queue
[2026-03-28T20:46:03.789+0000] {logging_mixin.py:190} INFO - [2026-03-28T20:46:03.789+0000] {dagbag.py:588} INFO - Filling up the DagBag from /home/ec2-user/environment/lab4_model_training/dags/ml_pipeline_dag.py
[2026-03-28T20:46:05.034+0000] {processor.py:925} INFO - DAG(s) 'ml_pipeline' retrieved from /home/ec2-user/environment/lab4_model_training/dags/ml_pipeline_dag.py
[2026-03-28T20:46:05.046+0000] {logging_mixin.py:190} INFO - [2026-03-28T20:46:05.046+0000] {dag.py:3239} INFO - Sync 1 DAGs
[2026-03-28T20:46:05.054+0000] {logging_mixin.py:190} INFO - [2026-03-28T20:46:05.054+0000] {dag.py:4180} INFO - Setting next_dagrun for ml_pipeline to None, run_after=None
[2026-03-28T20:46:05.071+0000] {processor.py:208} INFO - Processing /home/ec2-user/environment/lab4_model_training/dags/ml_pipeline_dag.py took 1.289 seconds
[2026-03-28T20:46:35.306+0000] {processor.py:186} INFO - Started process (PID=18725) to work on /home/ec2-user/environment/lab4_model_training/dags/ml_pipeline_dag.py
[2026-03-28T20:46:35.307+0000] {processor.py:914} INFO - Processing file /home/ec2-user/environment/lab4_model_training/dags/ml_pipeline_dag.py for tasks to queue
[2026-03-28T20:46:35.308+0000] {logging_mixin.py:190} INFO - [2026-03-28T20:46:35.307+0000] {dagbag.py:588} INFO - Filling up the DagBag from /home/ec2-user/environment/lab4_model_training/dags/ml_pipeline_dag.py
[2026-03-28T20:46:36.547+0000] {processor.py:925} INFO - DAG(s) 'ml_pipeline' retrieved from /home/ec2-user/environment/lab4_model_training/dags/ml_pipeline_dag.py
[2026-03-28T20:46:36.559+0000] {logging_mixin.py:190} INFO - [2026-03-28T20:46:36.559+0000] {dag.py:3239} INFO - Sync 1 DAGs
[2026-03-28T20:46:36.568+0000] {logging_mixin.py:190} INFO - [2026-03-28T20:46:36.568+0000] {dag.py:4180} INFO - Setting next_dagrun for ml_pipeline to None, run_after=None
[2026-03-28T20:46:36.584+0000] {processor.py:208} INFO - Processing /home/ec2-user/environment/lab4_model_training/dags/ml_pipeline_dag.py took 1.283 seconds
[2026-03-28T20:47:06.820+0000] {processor.py:186} INFO - Started process (PID=18746) to work on /home/ec2-user/environment/lab4_model_training/dags/ml_pipeline_dag.py
[2026-03-28T20:47:06.821+0000] {processor.py:914} INFO - Processing file /home/ec2-user/environment/lab4_model_training/dags/ml_pipeline_dag.py for tasks to queue
[2026-03-28T20:47:06.822+0000] {logging_mixin.py:190} INFO - [2026-03-28T20:47:06.822+0000] {dagbag.py:588} INFO - Filling up the DagBag from /home/ec2-user/environment/lab4_model_training/dags/ml_pipeline_dag.py
[2026-03-28T20:47:08.063+0000] {processor.py:925} INFO - DAG(s) 'ml_pipeline' retrieved from /home/ec2-user/environment/lab4_model_training/dags/ml_pipeline_dag.py
[2026-03-28T20:47:08.076+0000] {logging_mixin.py:190} INFO - [2026-03-28T20:47:08.075+0000] {dag.py:3239} INFO - Sync 1 DAGs
[2026-03-28T20:47:08.085+0000] {logging_mixin.py:190} INFO - [2026-03-28T20:47:08.085+0000] {dag.py:4180} INFO - Setting next_dagrun for ml_pipeline to None, run_after=None
[2026-03-28T20:47:08.100+0000] {processor.py:208} INFO - Processing /home/ec2-user/environment/lab4_model_training/dags/ml_pipeline_dag.py took 1.285 seconds
[2026-03-28T20:47:38.332+0000] {processor.py:186} INFO - Started process (PID=18806) to work on /home/ec2-user/environment/lab4_model_training/dags/ml_pipeline_dag.py
[2026-03-28T20:47:38.333+0000] {processor.py:914} INFO - Processing file /home/ec2-user/environment/lab4_model_training/dags/ml_pipeline_dag.py for tasks to queue
[2026-03-28T20:47:38.334+0000] {logging_mixin.py:190} INFO - [2026-03-28T20:47:38.334+0000] {dagbag.py:588} INFO - Filling up the DagBag from /home/ec2-user/environment/lab4_model_training/dags/ml_pipeline_dag.py
[2026-03-28T20:47:39.589+0000] {processor.py:925} INFO - DAG(s) 'ml_pipeline' retrieved from /home/ec2-user/environment/lab4_model_training/dags/ml_pipeline_dag.py
[2026-03-28T20:47:39.602+0000] {logging_mixin.py:190} INFO - [2026-03-28T20:47:39.602+0000] {dag.py:3239} INFO - Sync 1 DAGs
[2026-03-28T20:47:39.610+0000] {logging_mixin.py:190} INFO - [2026-03-28T20:47:39.610+0000] {dag.py:4180} INFO - Setting next_dagrun for ml_pipeline to None, run_after=None
[2026-03-28T20:47:39.625+0000] {processor.py:208} INFO - Processing /home/ec2-user/environment/lab4_model_training/dags/ml_pipeline_dag.py took 1.298 seconds
[2026-03-28T20:48:09.858+0000] {processor.py:186} INFO - Started process (PID=18827) to work on /home/ec2-user/environment/lab4_model_training/dags/ml_pipeline_dag.py
[2026-03-28T20:48:09.860+0000] {processor.py:914} INFO - Processing file /home/ec2-user/environment/lab4_model_training/dags/ml_pipeline_dag.py for tasks to queue
[2026-03-28T20:48:09.861+0000] {logging_mixin.py:190} INFO - [2026-03-28T20:48:09.860+0000] {dagbag.py:588} INFO - Filling up the DagBag from /home/ec2-user/environment/lab4_model_training/dags/ml_pipeline_dag.py
[2026-03-28T20:48:11.116+0000] {processor.py:925} INFO - DAG(s) 'ml_pipeline' retrieved from /home/ec2-user/environment/lab4_model_training/dags/ml_pipeline_dag.py
[2026-03-28T20:48:11.129+0000] {logging_mixin.py:190} INFO - [2026-03-28T20:48:11.129+0000] {dag.py:3239} INFO - Sync 1 DAGs
[2026-03-28T20:48:11.138+0000] {logging_mixin.py:190} INFO - [2026-03-28T20:48:11.137+0000] {dag.py:4180} INFO - Setting next_dagrun for ml_pipeline to None, run_after=None
[2026-03-28T20:48:11.153+0000] {processor.py:208} INFO - Processing /home/ec2-user/environment/lab4_model_training/dags/ml_pipeline_dag.py took 1.299 seconds
[2026-03-28T20:48:41.386+0000] {processor.py:186} INFO - Started process (PID=18839) to work on /home/ec2-user/environment/lab4_model_training/dags/ml_pipeline_dag.py
[2026-03-28T20:48:41.387+0000] {processor.py:914} INFO - Processing file /home/ec2-user/environment/lab4_model_training/dags/ml_pipeline_dag.py for tasks to queue
[2026-03-28T20:48:41.388+0000] {logging_mixin.py:190} INFO - [2026-03-28T20:48:41.388+0000] {dagbag.py:588} INFO - Filling up the DagBag from /home/ec2-user/environment/lab4_model_training/dags/ml_pipeline_dag.py
[2026-03-28T20:48:42.640+0000] {processor.py:925} INFO - DAG(s) 'ml_pipeline' retrieved from /home/ec2-user/environment/lab4_model_training/dags/ml_pipeline_dag.py
[2026-03-28T20:48:42.652+0000] {logging_mixin.py:190} INFO - [2026-03-28T20:48:42.651+0000] {dag.py:3239} INFO - Sync 1 DAGs
[2026-03-28T20:48:42.660+0000] {logging_mixin.py:190} INFO - [2026-03-28T20:48:42.660+0000] {dag.py:4180} INFO - Setting next_dagrun for ml_pipeline to None, run_after=None
[2026-03-28T20:48:42.675+0000] {processor.py:208} INFO - Processing /home/ec2-user/environment/lab4_model_training/dags/ml_pipeline_dag.py took 1.293 seconds
[2026-03-28T20:49:12.907+0000] {processor.py:186} INFO - Started process (PID=18862) to work on /home/ec2-user/environment/lab4_model_training/dags/ml_pipeline_dag.py
[2026-03-28T20:49:12.908+0000] {processor.py:914} INFO - Processing file /home/ec2-user/environment/lab4_model_training/dags/ml_pipeline_dag.py for tasks to queue
[2026-03-28T20:49:12.909+0000] {logging_mixin.py:190} INFO - [2026-03-28T20:49:12.909+0000] {dagbag.py:588} INFO - Filling up the DagBag from /home/ec2-user/environment/lab4_model_training/dags/ml_pipeline_dag.py
[2026-03-28T20:49:14.151+0000] {processor.py:925} INFO - DAG(s) 'ml_pipeline' retrieved from /home/ec2-user/environment/lab4_model_training/dags/ml_pipeline_dag.py
[2026-03-28T20:49:14.163+0000] {logging_mixin.py:190} INFO - [2026-03-28T20:49:14.163+0000] {dag.py:3239} INFO - Sync 1 DAGs
[2026-03-28T20:49:14.172+0000] {logging_mixin.py:190} INFO - [2026-03-28T20:49:14.172+0000] {dag.py:4180} INFO - Setting next_dagrun for ml_pipeline to None, run_after=None
[2026-03-28T20:49:14.187+0000] {processor.py:208} INFO - Processing /home/ec2-user/environment/lab4_model_training/dags/ml_pipeline_dag.py took 1.285 seconds
[2026-03-28T20:49:44.983+0000] {processor.py:186} INFO - Started process (PID=18925) to work on /home/ec2-user/environment/lab4_model_training/dags/ml_pipeline_dag.py
[2026-03-28T20:49:44.985+0000] {processor.py:914} INFO - Processing file /home/ec2-user/environment/lab4_model_training/dags/ml_pipeline_dag.py for tasks to queue
[2026-03-28T20:49:44.986+0000] {logging_mixin.py:190} INFO - [2026-03-28T20:49:44.985+0000] {dagbag.py:588} INFO - Filling up the DagBag from /home/ec2-user/environment/lab4_model_training/dags/ml_pipeline_dag.py
[2026-03-28T20:49:46.214+0000] {processor.py:925} INFO - DAG(s) 'ml_pipeline' retrieved from /home/ec2-user/environment/lab4_model_training/dags/ml_pipeline_dag.py
[2026-03-28T20:49:46.226+0000] {logging_mixin.py:190} INFO - [2026-03-28T20:49:46.226+0000] {dag.py:3239} INFO - Sync 1 DAGs
[2026-03-28T20:49:46.234+0000] {logging_mixin.py:190} INFO - [2026-03-28T20:49:46.234+0000] {dag.py:4180} INFO - Setting next_dagrun for ml_pipeline to None, run_after=None
[2026-03-28T20:49:46.249+0000] {processor.py:208} INFO - Processing /home/ec2-user/environment/lab4_model_training/dags/ml_pipeline_dag.py took 1.271 seconds
[2026-03-28T20:50:17.035+0000] {processor.py:186} INFO - Started process (PID=18949) to work on /home/ec2-user/environment/lab4_model_training/dags/ml_pipeline_dag.py
[2026-03-28T20:50:17.035+0000] {processor.py:914} INFO - Processing file /home/ec2-user/environment/lab4_model_training/dags/ml_pipeline_dag.py for tasks to queue
[2026-03-28T20:50:17.036+0000] {logging_mixin.py:190} INFO - [2026-03-28T20:50:17.036+0000] {dagbag.py:588} INFO - Filling up the DagBag from /home/ec2-user/environment/lab4_model_training/dags/ml_pipeline_dag.py
[2026-03-28T20:50:18.268+0000] {processor.py:925} INFO - DAG(s) 'ml_pipeline' retrieved from /home/ec2-user/environment/lab4_model_training/dags/ml_pipeline_dag.py
[2026-03-28T20:50:18.280+0000] {logging_mixin.py:190} INFO - [2026-03-28T20:50:18.280+0000] {dag.py:3239} INFO - Sync 1 DAGs
[2026-03-28T20:50:18.288+0000] {logging_mixin.py:190} INFO - [2026-03-28T20:50:18.288+0000] {dag.py:4180} INFO - Setting next_dagrun for ml_pipeline to None, run_after=None
[2026-03-28T20:50:18.304+0000] {processor.py:208} INFO - Processing /home/ec2-user/environment/lab4_model_training/dags/ml_pipeline_dag.py took 1.274 seconds
[2026-03-28T20:50:48.697+0000] {processor.py:186} INFO - Started process (PID=18962) to work on /home/ec2-user/environment/lab4_model_training/dags/ml_pipeline_dag.py
[2026-03-28T20:50:48.698+0000] {processor.py:914} INFO - Processing file /home/ec2-user/environment/lab4_model_training/dags/ml_pipeline_dag.py for tasks to queue
[2026-03-28T20:50:48.699+0000] {logging_mixin.py:190} INFO - [2026-03-28T20:50:48.699+0000] {dagbag.py:588} INFO - Filling up the DagBag from /home/ec2-user/environment/lab4_model_training/dags/ml_pipeline_dag.py
[2026-03-28T20:50:49.948+0000] {processor.py:925} INFO - DAG(s) 'ml_pipeline' retrieved from /home/ec2-user/environment/lab4_model_training/dags/ml_pipeline_dag.py
[2026-03-28T20:50:49.960+0000] {logging_mixin.py:190} INFO - [2026-03-28T20:50:49.960+0000] {dag.py:3239} INFO - Sync 1 DAGs
[2026-03-28T20:50:49.969+0000] {logging_mixin.py:190} INFO - [2026-03-28T20:50:49.969+0000] {dag.py:4180} INFO - Setting next_dagrun for ml_pipeline to None, run_after=None
[2026-03-28T20:50:49.984+0000] {processor.py:208} INFO - Processing /home/ec2-user/environment/lab4_model_training/dags/ml_pipeline_dag.py took 1.292 seconds
[2026-03-28T20:51:20.363+0000] {processor.py:186} INFO - Started process (PID=18983) to work on /home/ec2-user/environment/lab4_model_training/dags/ml_pipeline_dag.py
[2026-03-28T20:51:20.364+0000] {processor.py:914} INFO - Processing file /home/ec2-user/environment/lab4_model_training/dags/ml_pipeline_dag.py for tasks to queue
[2026-03-28T20:51:20.365+0000] {logging_mixin.py:190} INFO - [2026-03-28T20:51:20.365+0000] {dagbag.py:588} INFO - Filling up the DagBag from /home/ec2-user/environment/lab4_model_training/dags/ml_pipeline_dag.py
[2026-03-28T20:51:21.618+0000] {processor.py:925} INFO - DAG(s) 'ml_pipeline' retrieved from /home/ec2-user/environment/lab4_model_training/dags/ml_pipeline_dag.py
[2026-03-28T20:51:21.630+0000] {logging_mixin.py:190} INFO - [2026-03-28T20:51:21.630+0000] {dag.py:3239} INFO - Sync 1 DAGs
[2026-03-28T20:51:21.639+0000] {logging_mixin.py:190} INFO - [2026-03-28T20:51:21.639+0000] {dag.py:4180} INFO - Setting next_dagrun for ml_pipeline to None, run_after=None
[2026-03-28T20:51:21.655+0000] {processor.py:208} INFO - Processing /home/ec2-user/environment/lab4_model_training/dags/ml_pipeline_dag.py took 1.296 seconds
[2026-03-28T20:51:52.052+0000] {processor.py:186} INFO - Started process (PID=19043) to work on /home/ec2-user/environment/lab4_model_training/dags/ml_pipeline_dag.py
[2026-03-28T20:51:52.053+0000] {processor.py:914} INFO - Processing file /home/ec2-user/environment/lab4_model_training/dags/ml_pipeline_dag.py for tasks to queue
[2026-03-28T20:51:52.054+0000] {logging_mixin.py:190} INFO - [2026-03-28T20:51:52.054+0000] {dagbag.py:588} INFO - Filling up the DagBag from /home/ec2-user/environment/lab4_model_training/dags/ml_pipeline_dag.py
[2026-03-28T20:51:53.323+0000] {processor.py:925} INFO - DAG(s) 'ml_pipeline' retrieved from /home/ec2-user/environment/lab4_model_training/dags/ml_pipeline_dag.py
[2026-03-28T20:51:53.337+0000] {logging_mixin.py:190} INFO - [2026-03-28T20:51:53.336+0000] {dag.py:3239} INFO - Sync 1 DAGs
[2026-03-28T20:51:53.345+0000] {logging_mixin.py:190} INFO - [2026-03-28T20:51:53.345+0000] {dag.py:4180} INFO - Setting next_dagrun for ml_pipeline to None, run_after=None
[2026-03-28T20:51:53.361+0000] {processor.py:208} INFO - Processing /home/ec2-user/environment/lab4_model_training/dags/ml_pipeline_dag.py took 1.314 seconds
[2026-03-28T20:52:23.825+0000] {processor.py:186} INFO - Started process (PID=19064) to work on /home/ec2-user/environment/lab4_model_training/dags/ml_pipeline_dag.py
[2026-03-28T20:52:23.826+0000] {processor.py:914} INFO - Processing file /home/ec2-user/environment/lab4_model_training/dags/ml_pipeline_dag.py for tasks to queue
[2026-03-28T20:52:23.827+0000] {logging_mixin.py:190} INFO - [2026-03-28T20:52:23.827+0000] {dagbag.py:588} INFO - Filling up the DagBag from /home/ec2-user/environment/lab4_model_training/dags/ml_pipeline_dag.py
[2026-03-28T20:52:25.082+0000] {processor.py:925} INFO - DAG(s) 'ml_pipeline' retrieved from /home/ec2-user/environment/lab4_model_training/dags/ml_pipeline_dag.py
[2026-03-28T20:52:25.095+0000] {logging_mixin.py:190} INFO - [2026-03-28T20:52:25.095+0000] {dag.py:3239} INFO - Sync 1 DAGs
[2026-03-28T20:52:25.104+0000] {logging_mixin.py:190} INFO - [2026-03-28T20:52:25.103+0000] {dag.py:4180} INFO - Setting next_dagrun for ml_pipeline to None, run_after=None
[2026-03-28T20:52:25.119+0000] {processor.py:208} INFO - Processing /home/ec2-user/environment/lab4_model_training/dags/ml_pipeline_dag.py took 1.299 seconds
[2026-03-28T20:52:55.607+0000] {processor.py:186} INFO - Started process (PID=19076) to work on /home/ec2-user/environment/lab4_model_training/dags/ml_pipeline_dag.py
[2026-03-28T20:52:55.609+0000] {processor.py:914} INFO - Processing file /home/ec2-user/environment/lab4_model_training/dags/ml_pipeline_dag.py for tasks to queue
[2026-03-28T20:52:55.609+0000] {logging_mixin.py:190} INFO - [2026-03-28T20:52:55.609+0000] {dagbag.py:588} INFO - Filling up the DagBag from /home/ec2-user/environment/lab4_model_training/dags/ml_pipeline_dag.py
[2026-03-28T20:52:56.859+0000] {processor.py:925} INFO - DAG(s) 'ml_pipeline' retrieved from /home/ec2-user/environment/lab4_model_training/dags/ml_pipeline_dag.py
[2026-03-28T20:52:56.871+0000] {logging_mixin.py:190} INFO - [2026-03-28T20:52:56.871+0000] {dag.py:3239} INFO - Sync 1 DAGs
[2026-03-28T20:52:56.880+0000] {logging_mixin.py:190} INFO - [2026-03-28T20:52:56.879+0000] {dag.py:4180} INFO - Setting next_dagrun for ml_pipeline to None, run_after=None
[2026-03-28T20:52:56.895+0000] {processor.py:208} INFO - Processing /home/ec2-user/environment/lab4_model_training/dags/ml_pipeline_dag.py took 1.292 seconds
[2026-03-28T20:53:27.472+0000] {processor.py:186} INFO - Started process (PID=19098) to work on /home/ec2-user/environment/lab4_model_training/dags/ml_pipeline_dag.py
[2026-03-28T20:53:27.474+0000] {processor.py:914} INFO - Processing file /home/ec2-user/environment/lab4_model_training/dags/ml_pipeline_dag.py for tasks to queue
[2026-03-28T20:53:27.475+0000] {logging_mixin.py:190} INFO - [2026-03-28T20:53:27.474+0000] {dagbag.py:588} INFO - Filling up the DagBag from /home/ec2-user/environment/lab4_model_training/dags/ml_pipeline_dag.py
[2026-03-28T20:53:28.727+0000] {processor.py:925} INFO - DAG(s) 'ml_pipeline' retrieved from /home/ec2-user/environment/lab4_model_training/dags/ml_pipeline_dag.py
[2026-03-28T20:53:28.742+0000] {logging_mixin.py:190} INFO - [2026-03-28T20:53:28.742+0000] {dag.py:3239} INFO - Sync 1 DAGs
[2026-03-28T20:53:28.750+0000] {logging_mixin.py:190} INFO - [2026-03-28T20:53:28.750+0000] {dag.py:4180} INFO - Setting next_dagrun for ml_pipeline to None, run_after=None
[2026-03-28T20:53:28.766+0000] {processor.py:208} INFO - Processing /home/ec2-user/environment/lab4_model_training/dags/ml_pipeline_dag.py took 1.298 seconds
[2026-03-28T20:53:59.530+0000] {processor.py:186} INFO - Started process (PID=19159) to work on /home/ec2-user/environment/lab4_model_training/dags/ml_pipeline_dag.py
[2026-03-28T20:53:59.530+0000] {processor.py:914} INFO - Processing file /home/ec2-user/environment/lab4_model_training/dags/ml_pipeline_dag.py for tasks to queue
[2026-03-28T20:53:59.531+0000] {logging_mixin.py:190} INFO - [2026-03-28T20:53:59.531+0000] {dagbag.py:588} INFO - Filling up the DagBag from /home/ec2-user/environment/lab4_model_training/dags/ml_pipeline_dag.py
[2026-03-28T20:54:00.793+0000] {processor.py:925} INFO - DAG(s) 'ml_pipeline' retrieved from /home/ec2-user/environment/lab4_model_training/dags/ml_pipeline_dag.py
[2026-03-28T20:54:00.805+0000] {logging_mixin.py:190} INFO - [2026-03-28T20:54:00.804+0000] {dag.py:3239} INFO - Sync 1 DAGs
[2026-03-28T20:54:00.813+0000] {logging_mixin.py:190} INFO - [2026-03-28T20:54:00.813+0000] {dag.py:4180} INFO - Setting next_dagrun for ml_pipeline to None, run_after=None
[2026-03-28T20:54:00.828+0000] {processor.py:208} INFO - Processing /home/ec2-user/environment/lab4_model_training/dags/ml_pipeline_dag.py took 1.303 seconds
[2026-03-28T20:54:31.389+0000] {processor.py:186} INFO - Started process (PID=19181) to work on /home/ec2-user/environment/lab4_model_training/dags/ml_pipeline_dag.py
[2026-03-28T20:54:31.390+0000] {processor.py:914} INFO - Processing file /home/ec2-user/environment/lab4_model_training/dags/ml_pipeline_dag.py for tasks to queue
[2026-03-28T20:54:31.391+0000] {logging_mixin.py:190} INFO - [2026-03-28T20:54:31.391+0000] {dagbag.py:588} INFO - Filling up the DagBag from /home/ec2-user/environment/lab4_model_training/dags/ml_pipeline_dag.py
[2026-03-28T20:54:32.638+0000] {processor.py:925} INFO - DAG(s) 'ml_pipeline' retrieved from /home/ec2-user/environment/lab4_model_training/dags/ml_pipeline_dag.py
[2026-03-28T20:54:32.650+0000] {logging_mixin.py:190} INFO - [2026-03-28T20:54:32.650+0000] {dag.py:3239} INFO - Sync 1 DAGs
[2026-03-28T20:54:32.658+0000] {logging_mixin.py:190} INFO - [2026-03-28T20:54:32.658+0000] {dag.py:4180} INFO - Setting next_dagrun for ml_pipeline to None, run_after=None
[2026-03-28T20:54:32.674+0000] {processor.py:208} INFO - Processing /home/ec2-user/environment/lab4_model_training/dags/ml_pipeline_dag.py took 1.290 seconds
[2026-03-28T20:55:03.165+0000] {processor.py:186} INFO - Started process (PID=19204) to work on /home/ec2-user/environment/lab4_model_training/dags/ml_pipeline_dag.py
[2026-03-28T20:55:03.166+0000] {processor.py:914} INFO - Processing file /home/ec2-user/environment/lab4_model_training/dags/ml_pipeline_dag.py for tasks to queue
[2026-03-28T20:55:03.167+0000] {logging_mixin.py:190} INFO - [2026-03-28T20:55:03.166+0000] {dagbag.py:588} INFO - Filling up the DagBag from /home/ec2-user/environment/lab4_model_training/dags/ml_pipeline_dag.py
[2026-03-28T20:55:04.440+0000] {processor.py:925} INFO - DAG(s) 'ml_pipeline' retrieved from /home/ec2-user/environment/lab4_model_training/dags/ml_pipeline_dag.py
[2026-03-28T20:55:04.452+0000] {logging_mixin.py:190} INFO - [2026-03-28T20:55:04.452+0000] {dag.py:3239} INFO - Sync 1 DAGs
[2026-03-28T20:55:04.460+0000] {logging_mixin.py:190} INFO - [2026-03-28T20:55:04.460+0000] {dag.py:4180} INFO - Setting next_dagrun for ml_pipeline to None, run_after=None
[2026-03-28T20:55:04.477+0000] {processor.py:208} INFO - Processing /home/ec2-user/environment/lab4_model_training/dags/ml_pipeline_dag.py took 1.317 seconds
[2026-03-28T20:55:34.946+0000] {processor.py:186} INFO - Started process (PID=19266) to work on /home/ec2-user/environment/lab4_model_training/dags/ml_pipeline_dag.py
[2026-03-28T20:55:34.947+0000] {processor.py:914} INFO - Processing file /home/ec2-user/environment/lab4_model_training/dags/ml_pipeline_dag.py for tasks to queue
[2026-03-28T20:55:34.948+0000] {logging_mixin.py:190} INFO - [2026-03-28T20:55:34.948+0000] {dagbag.py:588} INFO - Filling up the DagBag from /home/ec2-user/environment/lab4_model_training/dags/ml_pipeline_dag.py
[2026-03-28T20:55:36.221+0000] {processor.py:925} INFO - DAG(s) 'ml_pipeline' retrieved from /home/ec2-user/environment/lab4_model_training/dags/ml_pipeline_dag.py
[2026-03-28T20:55:36.233+0000] {logging_mixin.py:190} INFO - [2026-03-28T20:55:36.233+0000] {dag.py:3239} INFO - Sync 1 DAGs
[2026-03-28T20:55:36.243+0000] {logging_mixin.py:190} INFO - [2026-03-28T20:55:36.243+0000] {dag.py:4180} INFO - Setting next_dagrun for ml_pipeline to None, run_after=None
[2026-03-28T20:55:36.259+0000] {processor.py:208} INFO - Processing /home/ec2-user/environment/lab4_model_training/dags/ml_pipeline_dag.py took 1.317 seconds
[2026-03-28T20:56:06.782+0000] {processor.py:186} INFO - Started process (PID=19287) to work on /home/ec2-user/environment/lab4_model_training/dags/ml_pipeline_dag.py
[2026-03-28T20:56:06.782+0000] {processor.py:914} INFO - Processing file /home/ec2-user/environment/lab4_model_training/dags/ml_pipeline_dag.py for tasks to queue
[2026-03-28T20:56:06.783+0000] {logging_mixin.py:190} INFO - [2026-03-28T20:56:06.783+0000] {dagbag.py:588} INFO - Filling up the DagBag from /home/ec2-user/environment/lab4_model_training/dags/ml_pipeline_dag.py
[2026-03-28T20:56:08.008+0000] {processor.py:925} INFO - DAG(s) 'ml_pipeline' retrieved from /home/ec2-user/environment/lab4_model_training/dags/ml_pipeline_dag.py
[2026-03-28T20:56:08.020+0000] {logging_mixin.py:190} INFO - [2026-03-28T20:56:08.020+0000] {dag.py:3239} INFO - Sync 1 DAGs
[2026-03-28T20:56:08.029+0000] {logging_mixin.py:190} INFO - [2026-03-28T20:56:08.029+0000] {dag.py:4180} INFO - Setting next_dagrun for ml_pipeline to None, run_after=None
[2026-03-28T20:56:08.044+0000] {processor.py:208} INFO - Processing /home/ec2-user/environment/lab4_model_training/dags/ml_pipeline_dag.py took 1.268 seconds
[2026-03-28T20:56:38.440+0000] {processor.py:186} INFO - Started process (PID=19299) to work on /home/ec2-user/environment/lab4_model_training/dags/ml_pipeline_dag.py
[2026-03-28T20:56:38.442+0000] {processor.py:914} INFO - Processing file /home/ec2-user/environment/lab4_model_training/dags/ml_pipeline_dag.py for tasks to queue
[2026-03-28T20:56:38.442+0000] {logging_mixin.py:190} INFO - [2026-03-28T20:56:38.442+0000] {dagbag.py:588} INFO - Filling up the DagBag from /home/ec2-user/environment/lab4_model_training/dags/ml_pipeline_dag.py
[2026-03-28T20:56:39.669+0000] {processor.py:925} INFO - DAG(s) 'ml_pipeline' retrieved from /home/ec2-user/environment/lab4_model_training/dags/ml_pipeline_dag.py
[2026-03-28T20:56:39.682+0000] {logging_mixin.py:190} INFO - [2026-03-28T20:56:39.682+0000] {dag.py:3239} INFO - Sync 1 DAGs
[2026-03-28T20:56:39.690+0000] {logging_mixin.py:190} INFO - [2026-03-28T20:56:39.690+0000] {dag.py:4180} INFO - Setting next_dagrun for ml_pipeline to None, run_after=None
[2026-03-28T20:56:39.705+0000] {processor.py:208} INFO - Processing /home/ec2-user/environment/lab4_model_training/dags/ml_pipeline_dag.py took 1.270 seconds
[2026-03-28T20:57:10.100+0000] {processor.py:186} INFO - Started process (PID=19320) to work on /home/ec2-user/environment/lab4_model_training/dags/ml_pipeline_dag.py
[2026-03-28T20:57:10.101+0000] {processor.py:914} INFO - Processing file /home/ec2-user/environment/lab4_model_training/dags/ml_pipeline_dag.py for tasks to queue
[2026-03-28T20:57:10.102+0000] {logging_mixin.py:190} INFO - [2026-03-28T20:57:10.102+0000] {dagbag.py:588} INFO - Filling up the DagBag from /home/ec2-user/environment/lab4_model_training/dags/ml_pipeline_dag.py
[2026-03-28T20:57:11.330+0000] {processor.py:925} INFO - DAG(s) 'ml_pipeline' retrieved from /home/ec2-user/environment/lab4_model_training/dags/ml_pipeline_dag.py
[2026-03-28T20:57:11.343+0000] {logging_mixin.py:190} INFO - [2026-03-28T20:57:11.342+0000] {dag.py:3239} INFO - Sync 1 DAGs
[2026-03-28T20:57:11.351+0000] {logging_mixin.py:190} INFO - [2026-03-28T20:57:11.351+0000] {dag.py:4180} INFO - Setting next_dagrun for ml_pipeline to None, run_after=None
[2026-03-28T20:57:11.366+0000] {processor.py:208} INFO - Processing /home/ec2-user/environment/lab4_model_training/dags/ml_pipeline_dag.py took 1.270 seconds
[2026-03-28T20:57:41.756+0000] {processor.py:186} INFO - Started process (PID=19381) to work on /home/ec2-user/environment/lab4_model_training/dags/ml_pipeline_dag.py
[2026-03-28T20:57:41.757+0000] {processor.py:914} INFO - Processing file /home/ec2-user/environment/lab4_model_training/dags/ml_pipeline_dag.py for tasks to queue
[2026-03-28T20:57:41.758+0000] {logging_mixin.py:190} INFO - [2026-03-28T20:57:41.757+0000] {dagbag.py:588} INFO - Filling up the DagBag from /home/ec2-user/environment/lab4_model_training/dags/ml_pipeline_dag.py
[2026-03-28T20:57:42.984+0000] {processor.py:925} INFO - DAG(s) 'ml_pipeline' retrieved from /home/ec2-user/environment/lab4_model_training/dags/ml_pipeline_dag.py
[2026-03-28T20:57:42.996+0000] {logging_mixin.py:190} INFO - [2026-03-28T20:57:42.996+0000] {dag.py:3239} INFO - Sync 1 DAGs
[2026-03-28T20:57:43.004+0000] {logging_mixin.py:190} INFO - [2026-03-28T20:57:43.004+0000] {dag.py:4180} INFO - Setting next_dagrun for ml_pipeline to None, run_after=None
[2026-03-28T20:57:43.019+0000] {processor.py:208} INFO - Processing /home/ec2-user/environment/lab4_model_training/dags/ml_pipeline_dag.py took 1.268 seconds
[2026-03-28T20:58:13.073+0000] {processor.py:186} INFO - Started process (PID=19402) to work on /home/ec2-user/environment/lab4_model_training/dags/ml_pipeline_dag.py
[2026-03-28T20:58:13.074+0000] {processor.py:914} INFO - Processing file /home/ec2-user/environment/lab4_model_training/dags/ml_pipeline_dag.py for tasks to queue
[2026-03-28T20:58:13.075+0000] {logging_mixin.py:190} INFO - [2026-03-28T20:58:13.074+0000] {dagbag.py:588} INFO - Filling up the DagBag from /home/ec2-user/environment/lab4_model_training/dags/ml_pipeline_dag.py
[2026-03-28T20:58:14.300+0000] {processor.py:925} INFO - DAG(s) 'ml_pipeline' retrieved from /home/ec2-user/environment/lab4_model_training/dags/ml_pipeline_dag.py
[2026-03-28T20:58:14.312+0000] {logging_mixin.py:190} INFO - [2026-03-28T20:58:14.312+0000] {dag.py:3239} INFO - Sync 1 DAGs
[2026-03-28T20:58:14.320+0000] {logging_mixin.py:190} INFO - [2026-03-28T20:58:14.320+0000] {dag.py:4180} INFO - Setting next_dagrun for ml_pipeline to None, run_after=None
[2026-03-28T20:58:14.335+0000] {processor.py:208} INFO - Processing /home/ec2-user/environment/lab4_model_training/dags/ml_pipeline_dag.py took 1.267 seconds
[2026-03-28T20:58:44.730+0000] {processor.py:186} INFO - Started process (PID=19415) to work on /home/ec2-user/environment/lab4_model_training/dags/ml_pipeline_dag.py
[2026-03-28T20:58:44.731+0000] {processor.py:914} INFO - Processing file /home/ec2-user/environment/lab4_model_training/dags/ml_pipeline_dag.py for tasks to queue
[2026-03-28T20:58:44.732+0000] {logging_mixin.py:190} INFO - [2026-03-28T20:58:44.732+0000] {dagbag.py:588} INFO - Filling up the DagBag from /home/ec2-user/environment/lab4_model_training/dags/ml_pipeline_dag.py
[2026-03-28T20:58:45.965+0000] {processor.py:925} INFO - DAG(s) 'ml_pipeline' retrieved from /home/ec2-user/environment/lab4_model_training/dags/ml_pipeline_dag.py
[2026-03-28T20:58:45.977+0000] {logging_mixin.py:190} INFO - [2026-03-28T20:58:45.977+0000] {dag.py:3239} INFO - Sync 1 DAGs
[2026-03-28T20:58:45.986+0000] {logging_mixin.py:190} INFO - [2026-03-28T20:58:45.986+0000] {dag.py:4180} INFO - Setting next_dagrun for ml_pipeline to None, run_after=None
[2026-03-28T20:58:46.001+0000] {processor.py:208} INFO - Processing /home/ec2-user/environment/lab4_model_training/dags/ml_pipeline_dag.py took 1.276 seconds
[2026-03-28T20:59:16.472+0000] {processor.py:186} INFO - Started process (PID=19437) to work on /home/ec2-user/environment/lab4_model_training/dags/ml_pipeline_dag.py
[2026-03-28T20:59:16.473+0000] {processor.py:914} INFO - Processing file /home/ec2-user/environment/lab4_model_training/dags/ml_pipeline_dag.py for tasks to queue
[2026-03-28T20:59:16.474+0000] {logging_mixin.py:190} INFO - [2026-03-28T20:59:16.474+0000] {dagbag.py:588} INFO - Filling up the DagBag from /home/ec2-user/environment/lab4_model_training/dags/ml_pipeline_dag.py
[2026-03-28T20:59:17.712+0000] {processor.py:925} INFO - DAG(s) 'ml_pipeline' retrieved from /home/ec2-user/environment/lab4_model_training/dags/ml_pipeline_dag.py
[2026-03-28T20:59:17.725+0000] {logging_mixin.py:190} INFO - [2026-03-28T20:59:17.724+0000] {dag.py:3239} INFO - Sync 1 DAGs
[2026-03-28T20:59:17.733+0000] {logging_mixin.py:190} INFO - [2026-03-28T20:59:17.733+0000] {dag.py:4180} INFO - Setting next_dagrun for ml_pipeline to None, run_after=None
[2026-03-28T20:59:17.749+0000] {processor.py:208} INFO - Processing /home/ec2-user/environment/lab4_model_training/dags/ml_pipeline_dag.py took 1.282 seconds
[2026-03-28T20:59:48.206+0000] {processor.py:186} INFO - Started process (PID=19498) to work on /home/ec2-user/environment/lab4_model_training/dags/ml_pipeline_dag.py
[2026-03-28T20:59:48.207+0000] {processor.py:914} INFO - Processing file /home/ec2-user/environment/lab4_model_training/dags/ml_pipeline_dag.py for tasks to queue
[2026-03-28T20:59:48.208+0000] {logging_mixin.py:190} INFO - [2026-03-28T20:59:48.208+0000] {dagbag.py:588} INFO - Filling up the DagBag from /home/ec2-user/environment/lab4_model_training/dags/ml_pipeline_dag.py
[2026-03-28T20:59:49.436+0000] {processor.py:925} INFO - DAG(s) 'ml_pipeline' retrieved from /home/ec2-user/environment/lab4_model_training/dags/ml_pipeline_dag.py
[2026-03-28T20:59:49.448+0000] {logging_mixin.py:190} INFO - [2026-03-28T20:59:49.448+0000] {dag.py:3239} INFO - Sync 1 DAGs
[2026-03-28T20:59:49.457+0000] {logging_mixin.py:190} INFO - [2026-03-28T20:59:49.457+0000] {dag.py:4180} INFO - Setting next_dagrun for ml_pipeline to None, run_after=None
[2026-03-28T20:59:49.473+0000] {processor.py:208} INFO - Processing /home/ec2-user/environment/lab4_model_training/dags/ml_pipeline_dag.py took 1.271 seconds
[2026-03-28T21:00:20.321+0000] {processor.py:186} INFO - Started process (PID=19523) to work on /home/ec2-user/environment/lab4_model_training/dags/ml_pipeline_dag.py
[2026-03-28T21:00:20.322+0000] {processor.py:914} INFO - Processing file /home/ec2-user/environment/lab4_model_training/dags/ml_pipeline_dag.py for tasks to queue
[2026-03-28T21:00:20.323+0000] {logging_mixin.py:190} INFO - [2026-03-28T21:00:20.323+0000] {dagbag.py:588} INFO - Filling up the DagBag from /home/ec2-user/environment/lab4_model_training/dags/ml_pipeline_dag.py
[2026-03-28T21:00:21.561+0000] {processor.py:925} INFO - DAG(s) 'ml_pipeline' retrieved from /home/ec2-user/environment/lab4_model_training/dags/ml_pipeline_dag.py
[2026-03-28T21:00:21.573+0000] {logging_mixin.py:190} INFO - [2026-03-28T21:00:21.573+0000] {dag.py:3239} INFO - Sync 1 DAGs
[2026-03-28T21:00:21.582+0000] {logging_mixin.py:190} INFO - [2026-03-28T21:00:21.582+0000] {dag.py:4180} INFO - Setting next_dagrun for ml_pipeline to None, run_after=None
[2026-03-28T21:00:21.597+0000] {processor.py:208} INFO - Processing /home/ec2-user/environment/lab4_model_training/dags/ml_pipeline_dag.py took 1.281 seconds
[2026-03-28T21:00:51.984+0000] {processor.py:186} INFO - Started process (PID=19535) to work on /home/ec2-user/environment/lab4_model_training/dags/ml_pipeline_dag.py
[2026-03-28T21:00:51.985+0000] {processor.py:914} INFO - Processing file /home/ec2-user/environment/lab4_model_training/dags/ml_pipeline_dag.py for tasks to queue
[2026-03-28T21:00:51.986+0000] {logging_mixin.py:190} INFO - [2026-03-28T21:00:51.986+0000] {dagbag.py:588} INFO - Filling up the DagBag from /home/ec2-user/environment/lab4_model_training/dags/ml_pipeline_dag.py
[2026-03-28T21:00:53.234+0000] {processor.py:925} INFO - DAG(s) 'ml_pipeline' retrieved from /home/ec2-user/environment/lab4_model_training/dags/ml_pipeline_dag.py
[2026-03-28T21:00:53.250+0000] {logging_mixin.py:190} INFO - [2026-03-28T21:00:53.249+0000] {dag.py:3239} INFO - Sync 1 DAGs
[2026-03-28T21:00:53.258+0000] {logging_mixin.py:190} INFO - [2026-03-28T21:00:53.258+0000] {dag.py:4180} INFO - Setting next_dagrun for ml_pipeline to None, run_after=None
[2026-03-28T21:00:53.273+0000] {processor.py:208} INFO - Processing /home/ec2-user/environment/lab4_model_training/dags/ml_pipeline_dag.py took 1.294 seconds
[2026-03-28T21:01:23.806+0000] {processor.py:186} INFO - Started process (PID=19567) to work on /home/ec2-user/environment/lab4_model_training/dags/ml_pipeline_dag.py
[2026-03-28T21:01:23.807+0000] {processor.py:914} INFO - Processing file /home/ec2-user/environment/lab4_model_training/dags/ml_pipeline_dag.py for tasks to queue
[2026-03-28T21:01:23.808+0000] {logging_mixin.py:190} INFO - [2026-03-28T21:01:23.807+0000] {dagbag.py:588} INFO - Filling up the DagBag from /home/ec2-user/environment/lab4_model_training/dags/ml_pipeline_dag.py
[2026-03-28T21:01:25.045+0000] {processor.py:925} INFO - DAG(s) 'ml_pipeline' retrieved from /home/ec2-user/environment/lab4_model_training/dags/ml_pipeline_dag.py
[2026-03-28T21:01:25.058+0000] {logging_mixin.py:190} INFO - [2026-03-28T21:01:25.058+0000] {dag.py:3239} INFO - Sync 1 DAGs
[2026-03-28T21:01:25.067+0000] {logging_mixin.py:190} INFO - [2026-03-28T21:01:25.067+0000] {dag.py:4180} INFO - Setting next_dagrun for ml_pipeline to None, run_after=None
[2026-03-28T21:01:25.082+0000] {processor.py:208} INFO - Processing /home/ec2-user/environment/lab4_model_training/dags/ml_pipeline_dag.py took 1.281 seconds
[2026-03-28T21:01:55.465+0000] {processor.py:186} INFO - Started process (PID=19628) to work on /home/ec2-user/environment/lab4_model_training/dags/ml_pipeline_dag.py
[2026-03-28T21:01:55.465+0000] {processor.py:914} INFO - Processing file /home/ec2-user/environment/lab4_model_training/dags/ml_pipeline_dag.py for tasks to queue
[2026-03-28T21:01:55.466+0000] {logging_mixin.py:190} INFO - [2026-03-28T21:01:55.466+0000] {dagbag.py:588} INFO - Filling up the DagBag from /home/ec2-user/environment/lab4_model_training/dags/ml_pipeline_dag.py
[2026-03-28T21:01:56.734+0000] {processor.py:925} INFO - DAG(s) 'ml_pipeline' retrieved from /home/ec2-user/environment/lab4_model_training/dags/ml_pipeline_dag.py
[2026-03-28T21:01:56.746+0000] {logging_mixin.py:190} INFO - [2026-03-28T21:01:56.746+0000] {dag.py:3239} INFO - Sync 1 DAGs
[2026-03-28T21:01:56.755+0000] {logging_mixin.py:190} INFO - [2026-03-28T21:01:56.754+0000] {dag.py:4180} INFO - Setting next_dagrun for ml_pipeline to None, run_after=None
[2026-03-28T21:01:56.770+0000] {processor.py:208} INFO - Processing /home/ec2-user/environment/lab4_model_training/dags/ml_pipeline_dag.py took 1.310 seconds
[2026-03-28T21:02:27.427+0000] {processor.py:186} INFO - Started process (PID=19649) to work on /home/ec2-user/environment/lab4_model_training/dags/ml_pipeline_dag.py
[2026-03-28T21:02:27.428+0000] {processor.py:914} INFO - Processing file /home/ec2-user/environment/lab4_model_training/dags/ml_pipeline_dag.py for tasks to queue
[2026-03-28T21:02:27.429+0000] {logging_mixin.py:190} INFO - [2026-03-28T21:02:27.429+0000] {dagbag.py:588} INFO - Filling up the DagBag from /home/ec2-user/environment/lab4_model_training/dags/ml_pipeline_dag.py
[2026-03-28T21:02:28.688+0000] {processor.py:925} INFO - DAG(s) 'ml_pipeline' retrieved from /home/ec2-user/environment/lab4_model_training/dags/ml_pipeline_dag.py
[2026-03-28T21:02:28.700+0000] {logging_mixin.py:190} INFO - [2026-03-28T21:02:28.700+0000] {dag.py:3239} INFO - Sync 1 DAGs
[2026-03-28T21:02:28.708+0000] {logging_mixin.py:190} INFO - [2026-03-28T21:02:28.708+0000] {dag.py:4180} INFO - Setting next_dagrun for ml_pipeline to None, run_after=None
[2026-03-28T21:02:28.724+0000] {processor.py:208} INFO - Processing /home/ec2-user/environment/lab4_model_training/dags/ml_pipeline_dag.py took 1.301 seconds
[2026-03-28T21:02:59.287+0000] {processor.py:186} INFO - Started process (PID=19661) to work on /home/ec2-user/environment/lab4_model_training/dags/ml_pipeline_dag.py
[2026-03-28T21:02:59.288+0000] {processor.py:914} INFO - Processing file /home/ec2-user/environment/lab4_model_training/dags/ml_pipeline_dag.py for tasks to queue
[2026-03-28T21:02:59.289+0000] {logging_mixin.py:190} INFO - [2026-03-28T21:02:59.289+0000] {dagbag.py:588} INFO - Filling up the DagBag from /home/ec2-user/environment/lab4_model_training/dags/ml_pipeline_dag.py
[2026-03-28T21:03:00.539+0000] {processor.py:925} INFO - DAG(s) 'ml_pipeline' retrieved from /home/ec2-user/environment/lab4_model_training/dags/ml_pipeline_dag.py
[2026-03-28T21:03:00.551+0000] {logging_mixin.py:190} INFO - [2026-03-28T21:03:00.550+0000] {dag.py:3239} INFO - Sync 1 DAGs
[2026-03-28T21:03:00.559+0000] {logging_mixin.py:190} INFO - [2026-03-28T21:03:00.559+0000] {dag.py:4180} INFO - Setting next_dagrun for ml_pipeline to None, run_after=None
[2026-03-28T21:03:00.574+0000] {processor.py:208} INFO - Processing /home/ec2-user/environment/lab4_model_training/dags/ml_pipeline_dag.py took 1.292 seconds
[2026-03-28T21:03:31.054+0000] {processor.py:186} INFO - Started process (PID=19682) to work on /home/ec2-user/environment/lab4_model_training/dags/ml_pipeline_dag.py
[2026-03-28T21:03:31.055+0000] {processor.py:914} INFO - Processing file /home/ec2-user/environment/lab4_model_training/dags/ml_pipeline_dag.py for tasks to queue
[2026-03-28T21:03:31.056+0000] {logging_mixin.py:190} INFO - [2026-03-28T21:03:31.055+0000] {dagbag.py:588} INFO - Filling up the DagBag from /home/ec2-user/environment/lab4_model_training/dags/ml_pipeline_dag.py
[2026-03-28T21:03:32.306+0000] {processor.py:925} INFO - DAG(s) 'ml_pipeline' retrieved from /home/ec2-user/environment/lab4_model_training/dags/ml_pipeline_dag.py
[2026-03-28T21:03:32.318+0000] {logging_mixin.py:190} INFO - [2026-03-28T21:03:32.318+0000] {dag.py:3239} INFO - Sync 1 DAGs
[2026-03-28T21:03:32.327+0000] {logging_mixin.py:190} INFO - [2026-03-28T21:03:32.327+0000] {dag.py:4180} INFO - Setting next_dagrun for ml_pipeline to None, run_after=None
[2026-03-28T21:03:32.343+0000] {processor.py:208} INFO - Processing /home/ec2-user/environment/lab4_model_training/dags/ml_pipeline_dag.py took 1.295 seconds
[2026-03-28T21:04:02.911+0000] {processor.py:186} INFO - Started process (PID=19752) to work on /home/ec2-user/environment/lab4_model_training/dags/ml_pipeline_dag.py
[2026-03-28T21:04:02.912+0000] {processor.py:914} INFO - Processing file /home/ec2-user/environment/lab4_model_training/dags/ml_pipeline_dag.py for tasks to queue
[2026-03-28T21:04:02.913+0000] {logging_mixin.py:190} INFO - [2026-03-28T21:04:02.912+0000] {dagbag.py:588} INFO - Filling up the DagBag from /home/ec2-user/environment/lab4_model_training/dags/ml_pipeline_dag.py
[2026-03-28T21:04:04.175+0000] {processor.py:925} INFO - DAG(s) 'ml_pipeline' retrieved from /home/ec2-user/environment/lab4_model_training/dags/ml_pipeline_dag.py
[2026-03-28T21:04:04.187+0000] {logging_mixin.py:190} INFO - [2026-03-28T21:04:04.187+0000] {dag.py:3239} INFO - Sync 1 DAGs
[2026-03-28T21:04:04.196+0000] {logging_mixin.py:190} INFO - [2026-03-28T21:04:04.196+0000] {dag.py:4180} INFO - Setting next_dagrun for ml_pipeline to None, run_after=None
[2026-03-28T21:04:04.213+0000] {processor.py:208} INFO - Processing /home/ec2-user/environment/lab4_model_training/dags/ml_pipeline_dag.py took 1.307 seconds
[2026-03-28T21:04:34.682+0000] {processor.py:186} INFO - Started process (PID=19765) to work on /home/ec2-user/environment/lab4_model_training/dags/ml_pipeline_dag.py
[2026-03-28T21:04:34.683+0000] {processor.py:914} INFO - Processing file /home/ec2-user/environment/lab4_model_training/dags/ml_pipeline_dag.py for tasks to queue
[2026-03-28T21:04:34.684+0000] {logging_mixin.py:190} INFO - [2026-03-28T21:04:34.683+0000] {dagbag.py:588} INFO - Filling up the DagBag from /home/ec2-user/environment/lab4_model_training/dags/ml_pipeline_dag.py
[2026-03-28T21:04:35.943+0000] {processor.py:925} INFO - DAG(s) 'ml_pipeline' retrieved from /home/ec2-user/environment/lab4_model_training/dags/ml_pipeline_dag.py
[2026-03-28T21:04:35.955+0000] {logging_mixin.py:190} INFO - [2026-03-28T21:04:35.955+0000] {dag.py:3239} INFO - Sync 1 DAGs
[2026-03-28T21:04:35.964+0000] {logging_mixin.py:190} INFO - [2026-03-28T21:04:35.964+0000] {dag.py:4180} INFO - Setting next_dagrun for ml_pipeline to None, run_after=None
[2026-03-28T21:04:35.980+0000] {processor.py:208} INFO - Processing /home/ec2-user/environment/lab4_model_training/dags/ml_pipeline_dag.py took 1.303 seconds
[2026-03-28T21:05:06.455+0000] {processor.py:186} INFO - Started process (PID=19788) to work on /home/ec2-user/environment/lab4_model_training/dags/ml_pipeline_dag.py
[2026-03-28T21:05:06.456+0000] {processor.py:914} INFO - Processing file /home/ec2-user/environment/lab4_model_training/dags/ml_pipeline_dag.py for tasks to queue
[2026-03-28T21:05:06.457+0000] {logging_mixin.py:190} INFO - [2026-03-28T21:05:06.457+0000] {dagbag.py:588} INFO - Filling up the DagBag from /home/ec2-user/environment/lab4_model_training/dags/ml_pipeline_dag.py
[2026-03-28T21:05:07.736+0000] {processor.py:925} INFO - DAG(s) 'ml_pipeline' retrieved from /home/ec2-user/environment/lab4_model_training/dags/ml_pipeline_dag.py
[2026-03-28T21:05:07.748+0000] {logging_mixin.py:190} INFO - [2026-03-28T21:05:07.748+0000] {dag.py:3239} INFO - Sync 1 DAGs
[2026-03-28T21:05:07.757+0000] {logging_mixin.py:190} INFO - [2026-03-28T21:05:07.757+0000] {dag.py:4180} INFO - Setting next_dagrun for ml_pipeline to None, run_after=None
[2026-03-28T21:05:07.773+0000] {processor.py:208} INFO - Processing /home/ec2-user/environment/lab4_model_training/dags/ml_pipeline_dag.py took 1.323 seconds
[2026-03-28T21:05:38.863+0000] {processor.py:186} INFO - Started process (PID=19850) to work on /home/ec2-user/environment/lab4_model_training/dags/ml_pipeline_dag.py
[2026-03-28T21:05:38.865+0000] {processor.py:914} INFO - Processing file /home/ec2-user/environment/lab4_model_training/dags/ml_pipeline_dag.py for tasks to queue
[2026-03-28T21:05:38.866+0000] {logging_mixin.py:190} INFO - [2026-03-28T21:05:38.866+0000] {dagbag.py:588} INFO - Filling up the DagBag from /home/ec2-user/environment/lab4_model_training/dags/ml_pipeline_dag.py
[2026-03-28T21:05:40.122+0000] {processor.py:925} INFO - DAG(s) 'ml_pipeline' retrieved from /home/ec2-user/environment/lab4_model_training/dags/ml_pipeline_dag.py
[2026-03-28T21:05:40.135+0000] {logging_mixin.py:190} INFO - [2026-03-28T21:05:40.134+0000] {dag.py:3239} INFO - Sync 1 DAGs
[2026-03-28T21:05:40.143+0000] {logging_mixin.py:190} INFO - [2026-03-28T21:05:40.143+0000] {dag.py:4180} INFO - Setting next_dagrun for ml_pipeline to None, run_after=None
[2026-03-28T21:05:40.158+0000] {processor.py:208} INFO - Processing /home/ec2-user/environment/lab4_model_training/dags/ml_pipeline_dag.py took 1.300 seconds
[2026-03-28T21:06:10.854+0000] {processor.py:186} INFO - Started process (PID=19871) to work on /home/ec2-user/environment/lab4_model_training/dags/ml_pipeline_dag.py
[2026-03-28T21:06:10.854+0000] {processor.py:914} INFO - Processing file /home/ec2-user/environment/lab4_model_training/dags/ml_pipeline_dag.py for tasks to queue
[2026-03-28T21:06:10.855+0000] {logging_mixin.py:190} INFO - [2026-03-28T21:06:10.855+0000] {dagbag.py:588} INFO - Filling up the DagBag from /home/ec2-user/environment/lab4_model_training/dags/ml_pipeline_dag.py
[2026-03-28T21:06:12.099+0000] {processor.py:925} INFO - DAG(s) 'ml_pipeline' retrieved from /home/ec2-user/environment/lab4_model_training/dags/ml_pipeline_dag.py
[2026-03-28T21:06:12.112+0000] {logging_mixin.py:190} INFO - [2026-03-28T21:06:12.111+0000] {dag.py:3239} INFO - Sync 1 DAGs
[2026-03-28T21:06:12.120+0000] {logging_mixin.py:190} INFO - [2026-03-28T21:06:12.120+0000] {dag.py:4180} INFO - Setting next_dagrun for ml_pipeline to None, run_after=None
[2026-03-28T21:06:12.135+0000] {processor.py:208} INFO - Processing /home/ec2-user/environment/lab4_model_training/dags/ml_pipeline_dag.py took 1.287 seconds
[2026-03-28T21:06:42.190+0000] {processor.py:186} INFO - Started process (PID=19883) to work on /home/ec2-user/environment/lab4_model_training/dags/ml_pipeline_dag.py
[2026-03-28T21:06:42.191+0000] {processor.py:914} INFO - Processing file /home/ec2-user/environment/lab4_model_training/dags/ml_pipeline_dag.py for tasks to queue
[2026-03-28T21:06:42.192+0000] {logging_mixin.py:190} INFO - [2026-03-28T21:06:42.192+0000] {dagbag.py:588} INFO - Filling up the DagBag from /home/ec2-user/environment/lab4_model_training/dags/ml_pipeline_dag.py
[2026-03-28T21:06:43.433+0000] {processor.py:925} INFO - DAG(s) 'ml_pipeline' retrieved from /home/ec2-user/environment/lab4_model_training/dags/ml_pipeline_dag.py
[2026-03-28T21:06:43.445+0000] {logging_mixin.py:190} INFO - [2026-03-28T21:06:43.444+0000] {dag.py:3239} INFO - Sync 1 DAGs
[2026-03-28T21:06:43.453+0000] {logging_mixin.py:190} INFO - [2026-03-28T21:06:43.453+0000] {dag.py:4180} INFO - Setting next_dagrun for ml_pipeline to None, run_after=None
[2026-03-28T21:06:43.468+0000] {processor.py:208} INFO - Processing /home/ec2-user/environment/lab4_model_training/dags/ml_pipeline_dag.py took 1.283 seconds
[2026-03-28T21:07:13.963+0000] {processor.py:186} INFO - Started process (PID=19904) to work on /home/ec2-user/environment/lab4_model_training/dags/ml_pipeline_dag.py
[2026-03-28T21:07:13.964+0000] {processor.py:914} INFO - Processing file /home/ec2-user/environment/lab4_model_training/dags/ml_pipeline_dag.py for tasks to queue
[2026-03-28T21:07:13.965+0000] {logging_mixin.py:190} INFO - [2026-03-28T21:07:13.965+0000] {dagbag.py:588} INFO - Filling up the DagBag from /home/ec2-user/environment/lab4_model_training/dags/ml_pipeline_dag.py
[2026-03-28T21:07:15.209+0000] {processor.py:925} INFO - DAG(s) 'ml_pipeline' retrieved from /home/ec2-user/environment/lab4_model_training/dags/ml_pipeline_dag.py
[2026-03-28T21:07:15.221+0000] {logging_mixin.py:190} INFO - [2026-03-28T21:07:15.221+0000] {dag.py:3239} INFO - Sync 1 DAGs
[2026-03-28T21:07:15.229+0000] {logging_mixin.py:190} INFO - [2026-03-28T21:07:15.229+0000] {dag.py:4180} INFO - Setting next_dagrun for ml_pipeline to None, run_after=None
[2026-03-28T21:07:15.245+0000] {processor.py:208} INFO - Processing /home/ec2-user/environment/lab4_model_training/dags/ml_pipeline_dag.py took 1.286 seconds
[2026-03-28T21:07:45.641+0000] {processor.py:186} INFO - Started process (PID=19964) to work on /home/ec2-user/environment/lab4_model_training/dags/ml_pipeline_dag.py
[2026-03-28T21:07:45.642+0000] {processor.py:914} INFO - Processing file /home/ec2-user/environment/lab4_model_training/dags/ml_pipeline_dag.py for tasks to queue
[2026-03-28T21:07:45.643+0000] {logging_mixin.py:190} INFO - [2026-03-28T21:07:45.642+0000] {dagbag.py:588} INFO - Filling up the DagBag from /home/ec2-user/environment/lab4_model_training/dags/ml_pipeline_dag.py
[2026-03-28T21:07:46.886+0000] {processor.py:925} INFO - DAG(s) 'ml_pipeline' retrieved from /home/ec2-user/environment/lab4_model_training/dags/ml_pipeline_dag.py
[2026-03-28T21:07:46.898+0000] {logging_mixin.py:190} INFO - [2026-03-28T21:07:46.898+0000] {dag.py:3239} INFO - Sync 1 DAGs
[2026-03-28T21:07:46.907+0000] {logging_mixin.py:190} INFO - [2026-03-28T21:07:46.906+0000] {dag.py:4180} INFO - Setting next_dagrun for ml_pipeline to None, run_after=None
[2026-03-28T21:07:46.923+0000] {processor.py:208} INFO - Processing /home/ec2-user/environment/lab4_model_training/dags/ml_pipeline_dag.py took 1.287 seconds
[2026-03-28T21:08:17.665+0000] {processor.py:186} INFO - Started process (PID=19985) to work on /home/ec2-user/environment/lab4_model_training/dags/ml_pipeline_dag.py
[2026-03-28T21:08:17.666+0000] {processor.py:914} INFO - Processing file /home/ec2-user/environment/lab4_model_training/dags/ml_pipeline_dag.py for tasks to queue
[2026-03-28T21:08:17.667+0000] {logging_mixin.py:190} INFO - [2026-03-28T21:08:17.667+0000] {dagbag.py:588} INFO - Filling up the DagBag from /home/ec2-user/environment/lab4_model_training/dags/ml_pipeline_dag.py
[2026-03-28T21:08:18.921+0000] {processor.py:925} INFO - DAG(s) 'ml_pipeline' retrieved from /home/ec2-user/environment/lab4_model_training/dags/ml_pipeline_dag.py
[2026-03-28T21:08:18.933+0000] {logging_mixin.py:190} INFO - [2026-03-28T21:08:18.933+0000] {dag.py:3239} INFO - Sync 1 DAGs
[2026-03-28T21:08:18.941+0000] {logging_mixin.py:190} INFO - [2026-03-28T21:08:18.941+0000] {dag.py:4180} INFO - Setting next_dagrun for ml_pipeline to None, run_after=None
[2026-03-28T21:08:18.957+0000] {processor.py:208} INFO - Processing /home/ec2-user/environment/lab4_model_training/dags/ml_pipeline_dag.py took 1.296 seconds
[2026-03-28T21:08:49.338+0000] {processor.py:186} INFO - Started process (PID=19997) to work on /home/ec2-user/environment/lab4_model_training/dags/ml_pipeline_dag.py
[2026-03-28T21:08:49.339+0000] {processor.py:914} INFO - Processing file /home/ec2-user/environment/lab4_model_training/dags/ml_pipeline_dag.py for tasks to queue
[2026-03-28T21:08:49.339+0000] {logging_mixin.py:190} INFO - [2026-03-28T21:08:49.339+0000] {dagbag.py:588} INFO - Filling up the DagBag from /home/ec2-user/environment/lab4_model_training/dags/ml_pipeline_dag.py
[2026-03-28T21:08:50.579+0000] {processor.py:925} INFO - DAG(s) 'ml_pipeline' retrieved from /home/ec2-user/environment/lab4_model_training/dags/ml_pipeline_dag.py
[2026-03-28T21:08:50.591+0000] {logging_mixin.py:190} INFO - [2026-03-28T21:08:50.591+0000] {dag.py:3239} INFO - Sync 1 DAGs
[2026-03-28T21:08:50.601+0000] {logging_mixin.py:190} INFO - [2026-03-28T21:08:50.601+0000] {dag.py:4180} INFO - Setting next_dagrun for ml_pipeline to None, run_after=None
[2026-03-28T21:08:50.617+0000] {processor.py:208} INFO - Processing /home/ec2-user/environment/lab4_model_training/dags/ml_pipeline_dag.py took 1.283 seconds
[2026-03-28T21:09:21.003+0000] {processor.py:186} INFO - Started process (PID=20019) to work on /home/ec2-user/environment/lab4_model_training/dags/ml_pipeline_dag.py
[2026-03-28T21:09:21.004+0000] {processor.py:914} INFO - Processing file /home/ec2-user/environment/lab4_model_training/dags/ml_pipeline_dag.py for tasks to queue
[2026-03-28T21:09:21.005+0000] {logging_mixin.py:190} INFO - [2026-03-28T21:09:21.005+0000] {dagbag.py:588} INFO - Filling up the DagBag from /home/ec2-user/environment/lab4_model_training/dags/ml_pipeline_dag.py
[2026-03-28T21:09:22.261+0000] {processor.py:925} INFO - DAG(s) 'ml_pipeline' retrieved from /home/ec2-user/environment/lab4_model_training/dags/ml_pipeline_dag.py
[2026-03-28T21:09:22.273+0000] {logging_mixin.py:190} INFO - [2026-03-28T21:09:22.273+0000] {dag.py:3239} INFO - Sync 1 DAGs
[2026-03-28T21:09:22.282+0000] {logging_mixin.py:190} INFO - [2026-03-28T21:09:22.282+0000] {dag.py:4180} INFO - Setting next_dagrun for ml_pipeline to None, run_after=None
[2026-03-28T21:09:22.298+0000] {processor.py:208} INFO - Processing /home/ec2-user/environment/lab4_model_training/dags/ml_pipeline_dag.py took 1.299 seconds
[2026-03-28T21:09:52.849+0000] {processor.py:186} INFO - Started process (PID=20080) to work on /home/ec2-user/environment/lab4_model_training/dags/ml_pipeline_dag.py
[2026-03-28T21:09:52.850+0000] {processor.py:914} INFO - Processing file /home/ec2-user/environment/lab4_model_training/dags/ml_pipeline_dag.py for tasks to queue
[2026-03-28T21:09:52.851+0000] {logging_mixin.py:190} INFO - [2026-03-28T21:09:52.851+0000] {dagbag.py:588} INFO - Filling up the DagBag from /home/ec2-user/environment/lab4_model_training/dags/ml_pipeline_dag.py
[2026-03-28T21:09:54.099+0000] {processor.py:925} INFO - DAG(s) 'ml_pipeline' retrieved from /home/ec2-user/environment/lab4_model_training/dags/ml_pipeline_dag.py
[2026-03-28T21:09:54.112+0000] {logging_mixin.py:190} INFO - [2026-03-28T21:09:54.112+0000] {dag.py:3239} INFO - Sync 1 DAGs
[2026-03-28T21:09:54.120+0000] {logging_mixin.py:190} INFO - [2026-03-28T21:09:54.120+0000] {dag.py:4180} INFO - Setting next_dagrun for ml_pipeline to None, run_after=None
[2026-03-28T21:09:54.135+0000] {processor.py:208} INFO - Processing /home/ec2-user/environment/lab4_model_training/dags/ml_pipeline_dag.py took 1.291 seconds
[2026-03-28T21:10:24.523+0000] {processor.py:186} INFO - Started process (PID=20105) to work on /home/ec2-user/environment/lab4_model_training/dags/ml_pipeline_dag.py
[2026-03-28T21:10:24.524+0000] {processor.py:914} INFO - Processing file /home/ec2-user/environment/lab4_model_training/dags/ml_pipeline_dag.py for tasks to queue
[2026-03-28T21:10:24.525+0000] {logging_mixin.py:190} INFO - [2026-03-28T21:10:24.525+0000] {dagbag.py:588} INFO - Filling up the DagBag from /home/ec2-user/environment/lab4_model_training/dags/ml_pipeline_dag.py
[2026-03-28T21:10:25.792+0000] {processor.py:925} INFO - DAG(s) 'ml_pipeline' retrieved from /home/ec2-user/environment/lab4_model_training/dags/ml_pipeline_dag.py
[2026-03-28T21:10:25.805+0000] {logging_mixin.py:190} INFO - [2026-03-28T21:10:25.804+0000] {dag.py:3239} INFO - Sync 1 DAGs
[2026-03-28T21:10:25.813+0000] {logging_mixin.py:190} INFO - [2026-03-28T21:10:25.813+0000] {dag.py:4180} INFO - Setting next_dagrun for ml_pipeline to None, run_after=None
[2026-03-28T21:10:25.828+0000] {processor.py:208} INFO - Processing /home/ec2-user/environment/lab4_model_training/dags/ml_pipeline_dag.py took 1.310 seconds
[2026-03-28T21:10:56.387+0000] {processor.py:186} INFO - Started process (PID=20119) to work on /home/ec2-user/environment/lab4_model_training/dags/ml_pipeline_dag.py
[2026-03-28T21:10:56.388+0000] {processor.py:914} INFO - Processing file /home/ec2-user/environment/lab4_model_training/dags/ml_pipeline_dag.py for tasks to queue
[2026-03-28T21:10:56.389+0000] {logging_mixin.py:190} INFO - [2026-03-28T21:10:56.389+0000] {dagbag.py:588} INFO - Filling up the DagBag from /home/ec2-user/environment/lab4_model_training/dags/ml_pipeline_dag.py
[2026-03-28T21:10:57.608+0000] {processor.py:925} INFO - DAG(s) 'ml_pipeline' retrieved from /home/ec2-user/environment/lab4_model_training/dags/ml_pipeline_dag.py
[2026-03-28T21:10:57.620+0000] {logging_mixin.py:190} INFO - [2026-03-28T21:10:57.620+0000] {dag.py:3239} INFO - Sync 1 DAGs
[2026-03-28T21:10:57.628+0000] {logging_mixin.py:190} INFO - [2026-03-28T21:10:57.628+0000] {dag.py:4180} INFO - Setting next_dagrun for ml_pipeline to None, run_after=None
[2026-03-28T21:10:57.643+0000] {processor.py:208} INFO - Processing /home/ec2-user/environment/lab4_model_training/dags/ml_pipeline_dag.py took 1.260 seconds
[2026-03-28T21:11:28.044+0000] {processor.py:186} INFO - Started process (PID=20140) to work on /home/ec2-user/environment/lab4_model_training/dags/ml_pipeline_dag.py
[2026-03-28T21:11:28.045+0000] {processor.py:914} INFO - Processing file /home/ec2-user/environment/lab4_model_training/dags/ml_pipeline_dag.py for tasks to queue
[2026-03-28T21:11:28.045+0000] {logging_mixin.py:190} INFO - [2026-03-28T21:11:28.045+0000] {dagbag.py:588} INFO - Filling up the DagBag from /home/ec2-user/environment/lab4_model_training/dags/ml_pipeline_dag.py
[2026-03-28T21:11:29.301+0000] {processor.py:925} INFO - DAG(s) 'ml_pipeline' retrieved from /home/ec2-user/environment/lab4_model_training/dags/ml_pipeline_dag.py
[2026-03-28T21:11:29.313+0000] {logging_mixin.py:190} INFO - [2026-03-28T21:11:29.313+0000] {dag.py:3239} INFO - Sync 1 DAGs
[2026-03-28T21:11:29.321+0000] {logging_mixin.py:190} INFO - [2026-03-28T21:11:29.321+0000] {dag.py:4180} INFO - Setting next_dagrun for ml_pipeline to None, run_after=None
[2026-03-28T21:11:29.337+0000] {processor.py:208} INFO - Processing /home/ec2-user/environment/lab4_model_training/dags/ml_pipeline_dag.py took 1.298 seconds
[2026-03-28T21:11:59.825+0000] {processor.py:186} INFO - Started process (PID=20200) to work on /home/ec2-user/environment/lab4_model_training/dags/ml_pipeline_dag.py
[2026-03-28T21:11:59.826+0000] {processor.py:914} INFO - Processing file /home/ec2-user/environment/lab4_model_training/dags/ml_pipeline_dag.py for tasks to queue
[2026-03-28T21:11:59.827+0000] {logging_mixin.py:190} INFO - [2026-03-28T21:11:59.827+0000] {dagbag.py:588} INFO - Filling up the DagBag from /home/ec2-user/environment/lab4_model_training/dags/ml_pipeline_dag.py
[2026-03-28T21:12:01.067+0000] {processor.py:925} INFO - DAG(s) 'ml_pipeline' retrieved from /home/ec2-user/environment/lab4_model_training/dags/ml_pipeline_dag.py
[2026-03-28T21:12:01.080+0000] {logging_mixin.py:190} INFO - [2026-03-28T21:12:01.079+0000] {dag.py:3239} INFO - Sync 1 DAGs
[2026-03-28T21:12:01.088+0000] {logging_mixin.py:190} INFO - [2026-03-28T21:12:01.088+0000] {dag.py:4180} INFO - Setting next_dagrun for ml_pipeline to None, run_after=None
[2026-03-28T21:12:01.104+0000] {processor.py:208} INFO - Processing /home/ec2-user/environment/lab4_model_training/dags/ml_pipeline_dag.py took 1.283 seconds
[2026-03-28T21:12:31.501+0000] {processor.py:186} INFO - Started process (PID=20221) to work on /home/ec2-user/environment/lab4_model_training/dags/ml_pipeline_dag.py
[2026-03-28T21:12:31.502+0000] {processor.py:914} INFO - Processing file /home/ec2-user/environment/lab4_model_training/dags/ml_pipeline_dag.py for tasks to queue
[2026-03-28T21:12:31.503+0000] {logging_mixin.py:190} INFO - [2026-03-28T21:12:31.503+0000] {dagbag.py:588} INFO - Filling up the DagBag from /home/ec2-user/environment/lab4_model_training/dags/ml_pipeline_dag.py
[2026-03-28T21:12:32.769+0000] {processor.py:925} INFO - DAG(s) 'ml_pipeline' retrieved from /home/ec2-user/environment/lab4_model_training/dags/ml_pipeline_dag.py
[2026-03-28T21:12:32.781+0000] {logging_mixin.py:190} INFO - [2026-03-28T21:12:32.781+0000] {dag.py:3239} INFO - Sync 1 DAGs
[2026-03-28T21:12:32.790+0000] {logging_mixin.py:190} INFO - [2026-03-28T21:12:32.790+0000] {dag.py:4180} INFO - Setting next_dagrun for ml_pipeline to None, run_after=None
[2026-03-28T21:12:32.806+0000] {processor.py:208} INFO - Processing /home/ec2-user/environment/lab4_model_training/dags/ml_pipeline_dag.py took 1.310 seconds
[2026-03-28T21:13:03.676+0000] {processor.py:186} INFO - Started process (PID=20242) to work on /home/ec2-user/environment/lab4_model_training/dags/ml_pipeline_dag.py
[2026-03-28T21:13:03.676+0000] {processor.py:914} INFO - Processing file /home/ec2-user/environment/lab4_model_training/dags/ml_pipeline_dag.py for tasks to queue
[2026-03-28T21:13:03.677+0000] {logging_mixin.py:190} INFO - [2026-03-28T21:13:03.677+0000] {dagbag.py:588} INFO - Filling up the DagBag from /home/ec2-user/environment/lab4_model_training/dags/ml_pipeline_dag.py
[2026-03-28T21:13:04.939+0000] {processor.py:925} INFO - DAG(s) 'ml_pipeline' retrieved from /home/ec2-user/environment/lab4_model_training/dags/ml_pipeline_dag.py
[2026-03-28T21:13:04.952+0000] {logging_mixin.py:190} INFO - [2026-03-28T21:13:04.951+0000] {dag.py:3239} INFO - Sync 1 DAGs
[2026-03-28T21:13:04.961+0000] {logging_mixin.py:190} INFO - [2026-03-28T21:13:04.961+0000] {dag.py:4180} INFO - Setting next_dagrun for ml_pipeline to None, run_after=None
[2026-03-28T21:13:04.977+0000] {processor.py:208} INFO - Processing /home/ec2-user/environment/lab4_model_training/dags/ml_pipeline_dag.py took 1.306 seconds
[2026-03-28T21:13:35.439+0000] {processor.py:186} INFO - Started process (PID=20302) to work on /home/ec2-user/environment/lab4_model_training/dags/ml_pipeline_dag.py
[2026-03-28T21:13:35.440+0000] {processor.py:914} INFO - Processing file /home/ec2-user/environment/lab4_model_training/dags/ml_pipeline_dag.py for tasks to queue
[2026-03-28T21:13:35.441+0000] {logging_mixin.py:190} INFO - [2026-03-28T21:13:35.440+0000] {dagbag.py:588} INFO - Filling up the DagBag from /home/ec2-user/environment/lab4_model_training/dags/ml_pipeline_dag.py
[2026-03-28T21:13:36.674+0000] {processor.py:925} INFO - DAG(s) 'ml_pipeline' retrieved from /home/ec2-user/environment/lab4_model_training/dags/ml_pipeline_dag.py
[2026-03-28T21:13:36.686+0000] {logging_mixin.py:190} INFO - [2026-03-28T21:13:36.686+0000] {dag.py:3239} INFO - Sync 1 DAGs
[2026-03-28T21:13:36.695+0000] {logging_mixin.py:190} INFO - [2026-03-28T21:13:36.695+0000] {dag.py:4180} INFO - Setting next_dagrun for ml_pipeline to None, run_after=None
[2026-03-28T21:13:36.710+0000] {processor.py:208} INFO - Processing /home/ec2-user/environment/lab4_model_training/dags/ml_pipeline_dag.py took 1.276 seconds
