[2026-03-28T19:11:19.383+0000] {processor.py:186} INFO - Started process (PID=9302) to work on /home/ec2-user/environment/lab4_model_training/dags/ml_training_pipeline_v2.py
[2026-03-28T19:11:19.383+0000] {processor.py:914} INFO - Processing file /home/ec2-user/environment/lab4_model_training/dags/ml_training_pipeline_v2.py for tasks to queue
[2026-03-28T19:11:19.384+0000] {logging_mixin.py:190} INFO - [2026-03-28T19:11:19.384+0000] {dagbag.py:588} INFO - Filling up the DagBag from /home/ec2-user/environment/lab4_model_training/dags/ml_training_pipeline_v2.py
[2026-03-28T19:11:22.192+0000] {processor.py:925} INFO - DAG(s) 'train_val_promo' retrieved from /home/ec2-user/environment/lab4_model_training/dags/ml_training_pipeline_v2.py
[2026-03-28T19:11:22.283+0000] {logging_mixin.py:190} INFO - [2026-03-28T19:11:22.283+0000] {override.py:1930} INFO - Created Permission View: can read on DAG:train_val_promo
[2026-03-28T19:11:22.294+0000] {logging_mixin.py:190} INFO - [2026-03-28T19:11:22.294+0000] {override.py:1930} INFO - Created Permission View: can edit on DAG:train_val_promo
[2026-03-28T19:11:22.302+0000] {logging_mixin.py:190} INFO - [2026-03-28T19:11:22.302+0000] {override.py:1930} INFO - Created Permission View: can delete on DAG:train_val_promo
[2026-03-28T19:11:22.315+0000] {logging_mixin.py:190} INFO - [2026-03-28T19:11:22.315+0000] {override.py:1930} INFO - Created Permission View: can read on DAG Run:train_val_promo
[2026-03-28T19:11:22.324+0000] {logging_mixin.py:190} INFO - [2026-03-28T19:11:22.323+0000] {override.py:1930} INFO - Created Permission View: menu access on DAG Run:train_val_promo
[2026-03-28T19:11:22.332+0000] {logging_mixin.py:190} INFO - [2026-03-28T19:11:22.332+0000] {override.py:1930} INFO - Created Permission View: can create on DAG Run:train_val_promo
[2026-03-28T19:11:22.340+0000] {logging_mixin.py:190} INFO - [2026-03-28T19:11:22.340+0000] {override.py:1930} INFO - Created Permission View: can delete on DAG Run:train_val_promo
[2026-03-28T19:11:22.341+0000] {logging_mixin.py:190} INFO - [2026-03-28T19:11:22.341+0000] {dag.py:3239} INFO - Sync 1 DAGs
[2026-03-28T19:11:22.350+0000] {logging_mixin.py:190} INFO - [2026-03-28T19:11:22.350+0000] {dag.py:3262} INFO - Creating ORM DAG for train_val_promo
[2026-03-28T19:11:22.351+0000] {logging_mixin.py:190} INFO - [2026-03-28T19:11:22.351+0000] {dag.py:4180} INFO - Setting next_dagrun for train_val_promo to None, run_after=None
[2026-03-28T19:11:22.368+0000] {processor.py:208} INFO - Processing /home/ec2-user/environment/lab4_model_training/dags/ml_training_pipeline_v2.py took 2.990 seconds
[2026-03-28T19:11:52.470+0000] {processor.py:186} INFO - Started process (PID=9390) to work on /home/ec2-user/environment/lab4_model_training/dags/ml_training_pipeline_v2.py
[2026-03-28T19:11:52.471+0000] {processor.py:914} INFO - Processing file /home/ec2-user/environment/lab4_model_training/dags/ml_training_pipeline_v2.py for tasks to queue
[2026-03-28T19:11:52.472+0000] {logging_mixin.py:190} INFO - [2026-03-28T19:11:52.471+0000] {dagbag.py:588} INFO - Filling up the DagBag from /home/ec2-user/environment/lab4_model_training/dags/ml_training_pipeline_v2.py
[2026-03-28T19:11:53.904+0000] {processor.py:925} INFO - DAG(s) 'train_val_promo' retrieved from /home/ec2-user/environment/lab4_model_training/dags/ml_training_pipeline_v2.py
[2026-03-28T19:11:53.917+0000] {logging_mixin.py:190} INFO - [2026-03-28T19:11:53.917+0000] {dag.py:3239} INFO - Sync 1 DAGs
[2026-03-28T19:11:53.926+0000] {logging_mixin.py:190} INFO - [2026-03-28T19:11:53.926+0000] {dag.py:4180} INFO - Setting next_dagrun for train_val_promo to None, run_after=None
[2026-03-28T19:11:53.944+0000] {processor.py:208} INFO - Processing /home/ec2-user/environment/lab4_model_training/dags/ml_training_pipeline_v2.py took 1.478 seconds
[2026-03-28T19:12:24.202+0000] {processor.py:186} INFO - Started process (PID=9481) to work on /home/ec2-user/environment/lab4_model_training/dags/ml_training_pipeline_v2.py
[2026-03-28T19:12:24.203+0000] {processor.py:914} INFO - Processing file /home/ec2-user/environment/lab4_model_training/dags/ml_training_pipeline_v2.py for tasks to queue
[2026-03-28T19:12:24.204+0000] {logging_mixin.py:190} INFO - [2026-03-28T19:12:24.203+0000] {dagbag.py:588} INFO - Filling up the DagBag from /home/ec2-user/environment/lab4_model_training/dags/ml_training_pipeline_v2.py
[2026-03-28T19:12:25.661+0000] {processor.py:925} INFO - DAG(s) 'train_val_promo' retrieved from /home/ec2-user/environment/lab4_model_training/dags/ml_training_pipeline_v2.py
[2026-03-28T19:12:25.675+0000] {logging_mixin.py:190} INFO - [2026-03-28T19:12:25.675+0000] {dag.py:3239} INFO - Sync 1 DAGs
[2026-03-28T19:12:25.684+0000] {logging_mixin.py:190} INFO - [2026-03-28T19:12:25.684+0000] {dag.py:4180} INFO - Setting next_dagrun for train_val_promo to None, run_after=None
[2026-03-28T19:12:25.702+0000] {processor.py:208} INFO - Processing /home/ec2-user/environment/lab4_model_training/dags/ml_training_pipeline_v2.py took 1.505 seconds
[2026-03-28T19:12:56.033+0000] {processor.py:186} INFO - Started process (PID=9507) to work on /home/ec2-user/environment/lab4_model_training/dags/ml_training_pipeline_v2.py
[2026-03-28T19:12:56.034+0000] {processor.py:914} INFO - Processing file /home/ec2-user/environment/lab4_model_training/dags/ml_training_pipeline_v2.py for tasks to queue
[2026-03-28T19:12:56.035+0000] {logging_mixin.py:190} INFO - [2026-03-28T19:12:56.035+0000] {dagbag.py:588} INFO - Filling up the DagBag from /home/ec2-user/environment/lab4_model_training/dags/ml_training_pipeline_v2.py
[2026-03-28T19:12:57.466+0000] {processor.py:925} INFO - DAG(s) 'train_val_promo' retrieved from /home/ec2-user/environment/lab4_model_training/dags/ml_training_pipeline_v2.py
[2026-03-28T19:12:57.479+0000] {logging_mixin.py:190} INFO - [2026-03-28T19:12:57.479+0000] {dag.py:3239} INFO - Sync 1 DAGs
[2026-03-28T19:12:57.488+0000] {logging_mixin.py:190} INFO - [2026-03-28T19:12:57.488+0000] {dag.py:4180} INFO - Setting next_dagrun for train_val_promo to None, run_after=None
[2026-03-28T19:12:57.507+0000] {processor.py:208} INFO - Processing /home/ec2-user/environment/lab4_model_training/dags/ml_training_pipeline_v2.py took 1.479 seconds
[2026-03-28T19:13:27.865+0000] {processor.py:186} INFO - Started process (PID=9545) to work on /home/ec2-user/environment/lab4_model_training/dags/ml_training_pipeline_v2.py
[2026-03-28T19:13:27.866+0000] {processor.py:914} INFO - Processing file /home/ec2-user/environment/lab4_model_training/dags/ml_training_pipeline_v2.py for tasks to queue
[2026-03-28T19:13:27.867+0000] {logging_mixin.py:190} INFO - [2026-03-28T19:13:27.867+0000] {dagbag.py:588} INFO - Filling up the DagBag from /home/ec2-user/environment/lab4_model_training/dags/ml_training_pipeline_v2.py
[2026-03-28T19:13:29.317+0000] {processor.py:925} INFO - DAG(s) 'train_val_promo' retrieved from /home/ec2-user/environment/lab4_model_training/dags/ml_training_pipeline_v2.py
[2026-03-28T19:13:29.331+0000] {logging_mixin.py:190} INFO - [2026-03-28T19:13:29.330+0000] {dag.py:3239} INFO - Sync 1 DAGs
[2026-03-28T19:13:29.341+0000] {logging_mixin.py:190} INFO - [2026-03-28T19:13:29.340+0000] {dag.py:4180} INFO - Setting next_dagrun for train_val_promo to None, run_after=None
[2026-03-28T19:13:29.357+0000] {processor.py:208} INFO - Processing /home/ec2-user/environment/lab4_model_training/dags/ml_training_pipeline_v2.py took 1.497 seconds
[2026-03-28T19:13:59.696+0000] {processor.py:186} INFO - Started process (PID=9623) to work on /home/ec2-user/environment/lab4_model_training/dags/ml_training_pipeline_v2.py
[2026-03-28T19:13:59.696+0000] {processor.py:914} INFO - Processing file /home/ec2-user/environment/lab4_model_training/dags/ml_training_pipeline_v2.py for tasks to queue
[2026-03-28T19:13:59.697+0000] {logging_mixin.py:190} INFO - [2026-03-28T19:13:59.697+0000] {dagbag.py:588} INFO - Filling up the DagBag from /home/ec2-user/environment/lab4_model_training/dags/ml_training_pipeline_v2.py
[2026-03-28T19:14:01.137+0000] {processor.py:925} INFO - DAG(s) 'train_val_promo' retrieved from /home/ec2-user/environment/lab4_model_training/dags/ml_training_pipeline_v2.py
[2026-03-28T19:14:01.151+0000] {logging_mixin.py:190} INFO - [2026-03-28T19:14:01.151+0000] {dag.py:3239} INFO - Sync 1 DAGs
[2026-03-28T19:14:01.162+0000] {logging_mixin.py:190} INFO - [2026-03-28T19:14:01.161+0000] {dag.py:4180} INFO - Setting next_dagrun for train_val_promo to None, run_after=None
[2026-03-28T19:14:01.179+0000] {processor.py:208} INFO - Processing /home/ec2-user/environment/lab4_model_training/dags/ml_training_pipeline_v2.py took 1.488 seconds
[2026-03-28T19:14:31.678+0000] {processor.py:186} INFO - Started process (PID=9661) to work on /home/ec2-user/environment/lab4_model_training/dags/ml_training_pipeline_v2.py
[2026-03-28T19:14:31.680+0000] {processor.py:914} INFO - Processing file /home/ec2-user/environment/lab4_model_training/dags/ml_training_pipeline_v2.py for tasks to queue
[2026-03-28T19:14:31.681+0000] {logging_mixin.py:190} INFO - [2026-03-28T19:14:31.681+0000] {dagbag.py:588} INFO - Filling up the DagBag from /home/ec2-user/environment/lab4_model_training/dags/ml_training_pipeline_v2.py
[2026-03-28T19:14:33.123+0000] {processor.py:925} INFO - DAG(s) 'train_val_promo' retrieved from /home/ec2-user/environment/lab4_model_training/dags/ml_training_pipeline_v2.py
[2026-03-28T19:14:33.137+0000] {logging_mixin.py:190} INFO - [2026-03-28T19:14:33.137+0000] {dag.py:3239} INFO - Sync 1 DAGs
[2026-03-28T19:14:33.147+0000] {logging_mixin.py:190} INFO - [2026-03-28T19:14:33.147+0000] {dag.py:4180} INFO - Setting next_dagrun for train_val_promo to None, run_after=None
[2026-03-28T19:14:33.165+0000] {processor.py:208} INFO - Processing /home/ec2-user/environment/lab4_model_training/dags/ml_training_pipeline_v2.py took 1.493 seconds
[2026-03-28T19:15:04.190+0000] {processor.py:186} INFO - Started process (PID=9699) to work on /home/ec2-user/environment/lab4_model_training/dags/ml_training_pipeline_v2.py
[2026-03-28T19:15:04.191+0000] {processor.py:914} INFO - Processing file /home/ec2-user/environment/lab4_model_training/dags/ml_training_pipeline_v2.py for tasks to queue
[2026-03-28T19:15:04.191+0000] {logging_mixin.py:190} INFO - [2026-03-28T19:15:04.191+0000] {dagbag.py:588} INFO - Filling up the DagBag from /home/ec2-user/environment/lab4_model_training/dags/ml_training_pipeline_v2.py
[2026-03-28T19:15:05.650+0000] {processor.py:925} INFO - DAG(s) 'train_val_promo' retrieved from /home/ec2-user/environment/lab4_model_training/dags/ml_training_pipeline_v2.py
[2026-03-28T19:15:05.665+0000] {logging_mixin.py:190} INFO - [2026-03-28T19:15:05.665+0000] {dag.py:3239} INFO - Sync 1 DAGs
[2026-03-28T19:15:05.675+0000] {logging_mixin.py:190} INFO - [2026-03-28T19:15:05.674+0000] {dag.py:4180} INFO - Setting next_dagrun for train_val_promo to None, run_after=None
[2026-03-28T19:15:05.692+0000] {processor.py:208} INFO - Processing /home/ec2-user/environment/lab4_model_training/dags/ml_training_pipeline_v2.py took 1.507 seconds
[2026-03-28T19:15:36.797+0000] {processor.py:186} INFO - Started process (PID=9775) to work on /home/ec2-user/environment/lab4_model_training/dags/ml_training_pipeline_v2.py
[2026-03-28T19:15:36.798+0000] {processor.py:914} INFO - Processing file /home/ec2-user/environment/lab4_model_training/dags/ml_training_pipeline_v2.py for tasks to queue
[2026-03-28T19:15:36.799+0000] {logging_mixin.py:190} INFO - [2026-03-28T19:15:36.799+0000] {dagbag.py:588} INFO - Filling up the DagBag from /home/ec2-user/environment/lab4_model_training/dags/ml_training_pipeline_v2.py
[2026-03-28T19:15:38.240+0000] {processor.py:925} INFO - DAG(s) 'train_val_promo' retrieved from /home/ec2-user/environment/lab4_model_training/dags/ml_training_pipeline_v2.py
[2026-03-28T19:15:38.253+0000] {logging_mixin.py:190} INFO - [2026-03-28T19:15:38.253+0000] {dag.py:3239} INFO - Sync 1 DAGs
[2026-03-28T19:15:38.262+0000] {logging_mixin.py:190} INFO - [2026-03-28T19:15:38.262+0000] {dag.py:4180} INFO - Setting next_dagrun for train_val_promo to None, run_after=None
[2026-03-28T19:15:38.278+0000] {processor.py:208} INFO - Processing /home/ec2-user/environment/lab4_model_training/dags/ml_training_pipeline_v2.py took 1.485 seconds
[2026-03-28T19:16:08.541+0000] {processor.py:186} INFO - Started process (PID=9817) to work on /home/ec2-user/environment/lab4_model_training/dags/ml_training_pipeline_v2.py
[2026-03-28T19:16:08.542+0000] {processor.py:914} INFO - Processing file /home/ec2-user/environment/lab4_model_training/dags/ml_training_pipeline_v2.py for tasks to queue
[2026-03-28T19:16:08.543+0000] {logging_mixin.py:190} INFO - [2026-03-28T19:16:08.543+0000] {dagbag.py:588} INFO - Filling up the DagBag from /home/ec2-user/environment/lab4_model_training/dags/ml_training_pipeline_v2.py
[2026-03-28T19:16:09.998+0000] {processor.py:925} INFO - DAG(s) 'train_val_promo' retrieved from /home/ec2-user/environment/lab4_model_training/dags/ml_training_pipeline_v2.py
[2026-03-28T19:16:10.012+0000] {logging_mixin.py:190} INFO - [2026-03-28T19:16:10.011+0000] {dag.py:3239} INFO - Sync 1 DAGs
[2026-03-28T19:16:10.021+0000] {logging_mixin.py:190} INFO - [2026-03-28T19:16:10.021+0000] {dag.py:4180} INFO - Setting next_dagrun for train_val_promo to None, run_after=None
[2026-03-28T19:16:10.039+0000] {processor.py:208} INFO - Processing /home/ec2-user/environment/lab4_model_training/dags/ml_training_pipeline_v2.py took 1.503 seconds
[2026-03-28T19:16:41.150+0000] {processor.py:186} INFO - Started process (PID=9843) to work on /home/ec2-user/environment/lab4_model_training/dags/ml_training_pipeline_v2.py
[2026-03-28T19:16:41.151+0000] {processor.py:914} INFO - Processing file /home/ec2-user/environment/lab4_model_training/dags/ml_training_pipeline_v2.py for tasks to queue
[2026-03-28T19:16:41.152+0000] {logging_mixin.py:190} INFO - [2026-03-28T19:16:41.152+0000] {dagbag.py:588} INFO - Filling up the DagBag from /home/ec2-user/environment/lab4_model_training/dags/ml_training_pipeline_v2.py
[2026-03-28T19:16:42.591+0000] {processor.py:925} INFO - DAG(s) 'train_val_promo' retrieved from /home/ec2-user/environment/lab4_model_training/dags/ml_training_pipeline_v2.py
[2026-03-28T19:16:42.605+0000] {logging_mixin.py:190} INFO - [2026-03-28T19:16:42.604+0000] {dag.py:3239} INFO - Sync 1 DAGs
[2026-03-28T19:16:42.613+0000] {logging_mixin.py:190} INFO - [2026-03-28T19:16:42.613+0000] {dag.py:4180} INFO - Setting next_dagrun for train_val_promo to None, run_after=None
[2026-03-28T19:16:42.630+0000] {processor.py:208} INFO - Processing /home/ec2-user/environment/lab4_model_training/dags/ml_training_pipeline_v2.py took 1.484 seconds
[2026-03-28T19:17:12.725+0000] {processor.py:186} INFO - Started process (PID=9888) to work on /home/ec2-user/environment/lab4_model_training/dags/ml_training_pipeline_v2.py
[2026-03-28T19:17:12.726+0000] {processor.py:914} INFO - Processing file /home/ec2-user/environment/lab4_model_training/dags/ml_training_pipeline_v2.py for tasks to queue
[2026-03-28T19:17:12.727+0000] {logging_mixin.py:190} INFO - [2026-03-28T19:17:12.727+0000] {dagbag.py:588} INFO - Filling up the DagBag from /home/ec2-user/environment/lab4_model_training/dags/ml_training_pipeline_v2.py
[2026-03-28T19:17:14.176+0000] {processor.py:925} INFO - DAG(s) 'train_val_promo' retrieved from /home/ec2-user/environment/lab4_model_training/dags/ml_training_pipeline_v2.py
[2026-03-28T19:17:14.190+0000] {logging_mixin.py:190} INFO - [2026-03-28T19:17:14.190+0000] {dag.py:3239} INFO - Sync 1 DAGs
[2026-03-28T19:17:14.199+0000] {logging_mixin.py:190} INFO - [2026-03-28T19:17:14.199+0000] {dag.py:4180} INFO - Setting next_dagrun for train_val_promo to None, run_after=None
[2026-03-28T19:17:14.218+0000] {processor.py:208} INFO - Processing /home/ec2-user/environment/lab4_model_training/dags/ml_training_pipeline_v2.py took 1.497 seconds
[2026-03-28T19:17:44.308+0000] {processor.py:186} INFO - Started process (PID=9968) to work on /home/ec2-user/environment/lab4_model_training/dags/ml_training_pipeline_v2.py
[2026-03-28T19:17:44.309+0000] {processor.py:914} INFO - Processing file /home/ec2-user/environment/lab4_model_training/dags/ml_training_pipeline_v2.py for tasks to queue
[2026-03-28T19:17:44.310+0000] {logging_mixin.py:190} INFO - [2026-03-28T19:17:44.309+0000] {dagbag.py:588} INFO - Filling up the DagBag from /home/ec2-user/environment/lab4_model_training/dags/ml_training_pipeline_v2.py
[2026-03-28T19:17:45.760+0000] {processor.py:925} INFO - DAG(s) 'train_val_promo' retrieved from /home/ec2-user/environment/lab4_model_training/dags/ml_training_pipeline_v2.py
[2026-03-28T19:17:45.774+0000] {logging_mixin.py:190} INFO - [2026-03-28T19:17:45.773+0000] {dag.py:3239} INFO - Sync 1 DAGs
[2026-03-28T19:17:45.784+0000] {logging_mixin.py:190} INFO - [2026-03-28T19:17:45.784+0000] {dag.py:4180} INFO - Setting next_dagrun for train_val_promo to None, run_after=None
[2026-03-28T19:17:45.802+0000] {processor.py:208} INFO - Processing /home/ec2-user/environment/lab4_model_training/dags/ml_training_pipeline_v2.py took 1.498 seconds
[2026-03-28T19:18:15.893+0000] {processor.py:186} INFO - Started process (PID=10012) to work on /home/ec2-user/environment/lab4_model_training/dags/ml_training_pipeline_v2.py
[2026-03-28T19:18:15.895+0000] {processor.py:914} INFO - Processing file /home/ec2-user/environment/lab4_model_training/dags/ml_training_pipeline_v2.py for tasks to queue
[2026-03-28T19:18:15.895+0000] {logging_mixin.py:190} INFO - [2026-03-28T19:18:15.895+0000] {dagbag.py:588} INFO - Filling up the DagBag from /home/ec2-user/environment/lab4_model_training/dags/ml_training_pipeline_v2.py
[2026-03-28T19:18:17.326+0000] {processor.py:925} INFO - DAG(s) 'train_val_promo' retrieved from /home/ec2-user/environment/lab4_model_training/dags/ml_training_pipeline_v2.py
[2026-03-28T19:18:17.339+0000] {logging_mixin.py:190} INFO - [2026-03-28T19:18:17.339+0000] {dag.py:3239} INFO - Sync 1 DAGs
[2026-03-28T19:18:17.350+0000] {logging_mixin.py:190} INFO - [2026-03-28T19:18:17.350+0000] {dag.py:4180} INFO - Setting next_dagrun for train_val_promo to None, run_after=None
[2026-03-28T19:18:17.368+0000] {processor.py:208} INFO - Processing /home/ec2-user/environment/lab4_model_training/dags/ml_training_pipeline_v2.py took 1.479 seconds
[2026-03-28T19:18:47.457+0000] {processor.py:186} INFO - Started process (PID=10038) to work on /home/ec2-user/environment/lab4_model_training/dags/ml_training_pipeline_v2.py
[2026-03-28T19:18:47.459+0000] {processor.py:914} INFO - Processing file /home/ec2-user/environment/lab4_model_training/dags/ml_training_pipeline_v2.py for tasks to queue
[2026-03-28T19:18:47.460+0000] {logging_mixin.py:190} INFO - [2026-03-28T19:18:47.459+0000] {dagbag.py:588} INFO - Filling up the DagBag from /home/ec2-user/environment/lab4_model_training/dags/ml_training_pipeline_v2.py
[2026-03-28T19:18:48.899+0000] {processor.py:925} INFO - DAG(s) 'train_val_promo' retrieved from /home/ec2-user/environment/lab4_model_training/dags/ml_training_pipeline_v2.py
[2026-03-28T19:18:48.913+0000] {logging_mixin.py:190} INFO - [2026-03-28T19:18:48.913+0000] {dag.py:3239} INFO - Sync 1 DAGs
[2026-03-28T19:18:48.924+0000] {logging_mixin.py:190} INFO - [2026-03-28T19:18:48.923+0000] {dag.py:4180} INFO - Setting next_dagrun for train_val_promo to None, run_after=None
[2026-03-28T19:18:48.941+0000] {processor.py:208} INFO - Processing /home/ec2-user/environment/lab4_model_training/dags/ml_training_pipeline_v2.py took 1.488 seconds
[2026-03-28T19:19:19.032+0000] {processor.py:186} INFO - Started process (PID=10149) to work on /home/ec2-user/environment/lab4_model_training/dags/ml_training_pipeline_v2.py
[2026-03-28T19:19:19.033+0000] {processor.py:914} INFO - Processing file /home/ec2-user/environment/lab4_model_training/dags/ml_training_pipeline_v2.py for tasks to queue
[2026-03-28T19:19:19.034+0000] {logging_mixin.py:190} INFO - [2026-03-28T19:19:19.034+0000] {dagbag.py:588} INFO - Filling up the DagBag from /home/ec2-user/environment/lab4_model_training/dags/ml_training_pipeline_v2.py
[2026-03-28T19:19:20.449+0000] {processor.py:925} INFO - DAG(s) 'train_val_promo' retrieved from /home/ec2-user/environment/lab4_model_training/dags/ml_training_pipeline_v2.py
[2026-03-28T19:19:20.463+0000] {logging_mixin.py:190} INFO - [2026-03-28T19:19:20.463+0000] {dag.py:3239} INFO - Sync 1 DAGs
[2026-03-28T19:19:20.472+0000] {logging_mixin.py:190} INFO - [2026-03-28T19:19:20.472+0000] {dag.py:4180} INFO - Setting next_dagrun for train_val_promo to None, run_after=None
[2026-03-28T19:19:20.489+0000] {processor.py:208} INFO - Processing /home/ec2-user/environment/lab4_model_training/dags/ml_training_pipeline_v2.py took 1.461 seconds
[2026-03-28T19:19:50.602+0000] {processor.py:186} INFO - Started process (PID=10175) to work on /home/ec2-user/environment/lab4_model_training/dags/ml_training_pipeline_v2.py
[2026-03-28T19:19:50.603+0000] {processor.py:914} INFO - Processing file /home/ec2-user/environment/lab4_model_training/dags/ml_training_pipeline_v2.py for tasks to queue
[2026-03-28T19:19:50.604+0000] {logging_mixin.py:190} INFO - [2026-03-28T19:19:50.604+0000] {dagbag.py:588} INFO - Filling up the DagBag from /home/ec2-user/environment/lab4_model_training/dags/ml_training_pipeline_v2.py
[2026-03-28T19:19:51.955+0000] {processor.py:925} INFO - DAG(s) 'train_val_promo' retrieved from /home/ec2-user/environment/lab4_model_training/dags/ml_training_pipeline_v2.py
[2026-03-28T19:19:51.970+0000] {logging_mixin.py:190} INFO - [2026-03-28T19:19:51.970+0000] {dag.py:3239} INFO - Sync 1 DAGs
[2026-03-28T19:19:51.979+0000] {logging_mixin.py:190} INFO - [2026-03-28T19:19:51.979+0000] {dag.py:4180} INFO - Setting next_dagrun for train_val_promo to None, run_after=None
[2026-03-28T19:19:51.997+0000] {processor.py:208} INFO - Processing /home/ec2-user/environment/lab4_model_training/dags/ml_training_pipeline_v2.py took 1.399 seconds
[2026-03-28T19:20:22.083+0000] {processor.py:186} INFO - Started process (PID=10215) to work on /home/ec2-user/environment/lab4_model_training/dags/ml_training_pipeline_v2.py
[2026-03-28T19:20:22.083+0000] {processor.py:914} INFO - Processing file /home/ec2-user/environment/lab4_model_training/dags/ml_training_pipeline_v2.py for tasks to queue
[2026-03-28T19:20:22.084+0000] {logging_mixin.py:190} INFO - [2026-03-28T19:20:22.084+0000] {dagbag.py:588} INFO - Filling up the DagBag from /home/ec2-user/environment/lab4_model_training/dags/ml_training_pipeline_v2.py
[2026-03-28T19:20:23.432+0000] {processor.py:925} INFO - DAG(s) 'train_val_promo' retrieved from /home/ec2-user/environment/lab4_model_training/dags/ml_training_pipeline_v2.py
[2026-03-28T19:20:23.446+0000] {logging_mixin.py:190} INFO - [2026-03-28T19:20:23.446+0000] {dag.py:3239} INFO - Sync 1 DAGs
[2026-03-28T19:20:23.456+0000] {logging_mixin.py:190} INFO - [2026-03-28T19:20:23.455+0000] {dag.py:4180} INFO - Setting next_dagrun for train_val_promo to None, run_after=None
[2026-03-28T19:20:23.473+0000] {processor.py:208} INFO - Processing /home/ec2-user/environment/lab4_model_training/dags/ml_training_pipeline_v2.py took 1.396 seconds
[2026-03-28T19:20:53.559+0000] {processor.py:186} INFO - Started process (PID=10292) to work on /home/ec2-user/environment/lab4_model_training/dags/ml_training_pipeline_v2.py
[2026-03-28T19:20:53.560+0000] {processor.py:914} INFO - Processing file /home/ec2-user/environment/lab4_model_training/dags/ml_training_pipeline_v2.py for tasks to queue
[2026-03-28T19:20:53.561+0000] {logging_mixin.py:190} INFO - [2026-03-28T19:20:53.561+0000] {dagbag.py:588} INFO - Filling up the DagBag from /home/ec2-user/environment/lab4_model_training/dags/ml_training_pipeline_v2.py
[2026-03-28T19:20:54.900+0000] {processor.py:925} INFO - DAG(s) 'train_val_promo' retrieved from /home/ec2-user/environment/lab4_model_training/dags/ml_training_pipeline_v2.py
[2026-03-28T19:20:54.914+0000] {logging_mixin.py:190} INFO - [2026-03-28T19:20:54.913+0000] {dag.py:3239} INFO - Sync 1 DAGs
[2026-03-28T19:20:54.923+0000] {logging_mixin.py:190} INFO - [2026-03-28T19:20:54.922+0000] {dag.py:4180} INFO - Setting next_dagrun for train_val_promo to None, run_after=None
[2026-03-28T19:20:54.939+0000] {processor.py:208} INFO - Processing /home/ec2-user/environment/lab4_model_training/dags/ml_training_pipeline_v2.py took 1.385 seconds
[2026-03-28T19:21:25.028+0000] {processor.py:186} INFO - Started process (PID=10333) to work on /home/ec2-user/environment/lab4_model_training/dags/ml_training_pipeline_v2.py
[2026-03-28T19:21:25.028+0000] {processor.py:914} INFO - Processing file /home/ec2-user/environment/lab4_model_training/dags/ml_training_pipeline_v2.py for tasks to queue
[2026-03-28T19:21:25.029+0000] {logging_mixin.py:190} INFO - [2026-03-28T19:21:25.029+0000] {dagbag.py:588} INFO - Filling up the DagBag from /home/ec2-user/environment/lab4_model_training/dags/ml_training_pipeline_v2.py
[2026-03-28T19:21:26.384+0000] {processor.py:925} INFO - DAG(s) 'train_val_promo' retrieved from /home/ec2-user/environment/lab4_model_training/dags/ml_training_pipeline_v2.py
[2026-03-28T19:21:26.397+0000] {logging_mixin.py:190} INFO - [2026-03-28T19:21:26.397+0000] {dag.py:3239} INFO - Sync 1 DAGs
[2026-03-28T19:21:26.406+0000] {logging_mixin.py:190} INFO - [2026-03-28T19:21:26.406+0000] {dag.py:4180} INFO - Setting next_dagrun for train_val_promo to None, run_after=None
[2026-03-28T19:21:26.425+0000] {processor.py:208} INFO - Processing /home/ec2-user/environment/lab4_model_training/dags/ml_training_pipeline_v2.py took 1.402 seconds
[2026-03-28T19:21:52.435+0000] {processor.py:186} INFO - Started process (PID=10373) to work on /home/ec2-user/environment/lab4_model_training/dags/ml_training_pipeline_v2.py
[2026-03-28T19:21:52.435+0000] {processor.py:914} INFO - Processing file /home/ec2-user/environment/lab4_model_training/dags/ml_training_pipeline_v2.py for tasks to queue
[2026-03-28T19:21:52.436+0000] {logging_mixin.py:190} INFO - [2026-03-28T19:21:52.436+0000] {dagbag.py:588} INFO - Filling up the DagBag from /home/ec2-user/environment/lab4_model_training/dags/ml_training_pipeline_v2.py
[2026-03-28T19:21:53.790+0000] {processor.py:925} INFO - DAG(s) 'ml_training_pipeline_v2' retrieved from /home/ec2-user/environment/lab4_model_training/dags/ml_training_pipeline_v2.py
[2026-03-28T19:21:53.877+0000] {logging_mixin.py:190} INFO - [2026-03-28T19:21:53.876+0000] {override.py:1930} INFO - Created Permission View: can read on DAG:ml_training_pipeline_v2
[2026-03-28T19:21:53.888+0000] {logging_mixin.py:190} INFO - [2026-03-28T19:21:53.887+0000] {override.py:1930} INFO - Created Permission View: can edit on DAG:ml_training_pipeline_v2
[2026-03-28T19:21:53.896+0000] {logging_mixin.py:190} INFO - [2026-03-28T19:21:53.896+0000] {override.py:1930} INFO - Created Permission View: can delete on DAG:ml_training_pipeline_v2
[2026-03-28T19:21:53.909+0000] {logging_mixin.py:190} INFO - [2026-03-28T19:21:53.908+0000] {override.py:1930} INFO - Created Permission View: can read on DAG Run:ml_training_pipeline_v2
[2026-03-28T19:21:53.917+0000] {logging_mixin.py:190} INFO - [2026-03-28T19:21:53.917+0000] {override.py:1930} INFO - Created Permission View: menu access on DAG Run:ml_training_pipeline_v2
[2026-03-28T19:21:53.925+0000] {logging_mixin.py:190} INFO - [2026-03-28T19:21:53.925+0000] {override.py:1930} INFO - Created Permission View: can create on DAG Run:ml_training_pipeline_v2
[2026-03-28T19:21:53.933+0000] {logging_mixin.py:190} INFO - [2026-03-28T19:21:53.933+0000] {override.py:1930} INFO - Created Permission View: can delete on DAG Run:ml_training_pipeline_v2
[2026-03-28T19:21:53.934+0000] {logging_mixin.py:190} INFO - [2026-03-28T19:21:53.934+0000] {dag.py:3239} INFO - Sync 1 DAGs
[2026-03-28T19:21:53.943+0000] {logging_mixin.py:190} INFO - [2026-03-28T19:21:53.943+0000] {dag.py:3262} INFO - Creating ORM DAG for ml_training_pipeline_v2
[2026-03-28T19:21:53.944+0000] {logging_mixin.py:190} INFO - [2026-03-28T19:21:53.944+0000] {dag.py:4180} INFO - Setting next_dagrun for ml_training_pipeline_v2 to None, run_after=None
[2026-03-28T19:21:53.961+0000] {processor.py:208} INFO - Processing /home/ec2-user/environment/lab4_model_training/dags/ml_training_pipeline_v2.py took 1.532 seconds
[2026-03-28T19:22:24.246+0000] {processor.py:186} INFO - Started process (PID=10413) to work on /home/ec2-user/environment/lab4_model_training/dags/ml_training_pipeline_v2.py
[2026-03-28T19:22:24.247+0000] {processor.py:914} INFO - Processing file /home/ec2-user/environment/lab4_model_training/dags/ml_training_pipeline_v2.py for tasks to queue
[2026-03-28T19:22:24.248+0000] {logging_mixin.py:190} INFO - [2026-03-28T19:22:24.247+0000] {dagbag.py:588} INFO - Filling up the DagBag from /home/ec2-user/environment/lab4_model_training/dags/ml_training_pipeline_v2.py
[2026-03-28T19:22:25.576+0000] {processor.py:925} INFO - DAG(s) 'ml_training_pipeline_v2' retrieved from /home/ec2-user/environment/lab4_model_training/dags/ml_training_pipeline_v2.py
[2026-03-28T19:22:25.589+0000] {logging_mixin.py:190} INFO - [2026-03-28T19:22:25.589+0000] {dag.py:3239} INFO - Sync 1 DAGs
[2026-03-28T19:22:25.599+0000] {logging_mixin.py:190} INFO - [2026-03-28T19:22:25.599+0000] {dag.py:4180} INFO - Setting next_dagrun for ml_training_pipeline_v2 to None, run_after=None
[2026-03-28T19:22:25.616+0000] {processor.py:208} INFO - Processing /home/ec2-user/environment/lab4_model_training/dags/ml_training_pipeline_v2.py took 1.375 seconds
[2026-03-28T19:22:55.867+0000] {processor.py:186} INFO - Started process (PID=10491) to work on /home/ec2-user/environment/lab4_model_training/dags/ml_training_pipeline_v2.py
[2026-03-28T19:22:55.868+0000] {processor.py:914} INFO - Processing file /home/ec2-user/environment/lab4_model_training/dags/ml_training_pipeline_v2.py for tasks to queue
[2026-03-28T19:22:55.869+0000] {logging_mixin.py:190} INFO - [2026-03-28T19:22:55.869+0000] {dagbag.py:588} INFO - Filling up the DagBag from /home/ec2-user/environment/lab4_model_training/dags/ml_training_pipeline_v2.py
[2026-03-28T19:22:57.209+0000] {processor.py:925} INFO - DAG(s) 'ml_training_pipeline_v2' retrieved from /home/ec2-user/environment/lab4_model_training/dags/ml_training_pipeline_v2.py
[2026-03-28T19:22:57.224+0000] {logging_mixin.py:190} INFO - [2026-03-28T19:22:57.223+0000] {dag.py:3239} INFO - Sync 1 DAGs
[2026-03-28T19:22:57.233+0000] {logging_mixin.py:190} INFO - [2026-03-28T19:22:57.232+0000] {dag.py:4180} INFO - Setting next_dagrun for ml_training_pipeline_v2 to None, run_after=None
[2026-03-28T19:22:57.249+0000] {processor.py:208} INFO - Processing /home/ec2-user/environment/lab4_model_training/dags/ml_training_pipeline_v2.py took 1.387 seconds
[2026-03-28T19:23:27.988+0000] {processor.py:186} INFO - Started process (PID=10529) to work on /home/ec2-user/environment/lab4_model_training/dags/ml_training_pipeline_v2.py
[2026-03-28T19:23:27.989+0000] {processor.py:914} INFO - Processing file /home/ec2-user/environment/lab4_model_training/dags/ml_training_pipeline_v2.py for tasks to queue
[2026-03-28T19:23:27.990+0000] {logging_mixin.py:190} INFO - [2026-03-28T19:23:27.990+0000] {dagbag.py:588} INFO - Filling up the DagBag from /home/ec2-user/environment/lab4_model_training/dags/ml_training_pipeline_v2.py
[2026-03-28T19:23:29.312+0000] {processor.py:925} INFO - DAG(s) 'ml_training_pipeline_v2' retrieved from /home/ec2-user/environment/lab4_model_training/dags/ml_training_pipeline_v2.py
[2026-03-28T19:23:29.327+0000] {logging_mixin.py:190} INFO - [2026-03-28T19:23:29.327+0000] {dag.py:3239} INFO - Sync 1 DAGs
[2026-03-28T19:23:29.336+0000] {logging_mixin.py:190} INFO - [2026-03-28T19:23:29.336+0000] {dag.py:4180} INFO - Setting next_dagrun for ml_training_pipeline_v2 to None, run_after=None
[2026-03-28T19:23:29.354+0000] {processor.py:208} INFO - Processing /home/ec2-user/environment/lab4_model_training/dags/ml_training_pipeline_v2.py took 1.370 seconds
[2026-03-28T19:24:00.114+0000] {processor.py:186} INFO - Started process (PID=10555) to work on /home/ec2-user/environment/lab4_model_training/dags/ml_training_pipeline_v2.py
[2026-03-28T19:24:00.114+0000] {processor.py:914} INFO - Processing file /home/ec2-user/environment/lab4_model_training/dags/ml_training_pipeline_v2.py for tasks to queue
[2026-03-28T19:24:00.115+0000] {logging_mixin.py:190} INFO - [2026-03-28T19:24:00.115+0000] {dagbag.py:588} INFO - Filling up the DagBag from /home/ec2-user/environment/lab4_model_training/dags/ml_training_pipeline_v2.py
[2026-03-28T19:24:01.507+0000] {processor.py:925} INFO - DAG(s) 'ml_training_pipeline_v2' retrieved from /home/ec2-user/environment/lab4_model_training/dags/ml_training_pipeline_v2.py
[2026-03-28T19:24:01.522+0000] {logging_mixin.py:190} INFO - [2026-03-28T19:24:01.522+0000] {dag.py:3239} INFO - Sync 1 DAGs
[2026-03-28T19:24:01.531+0000] {logging_mixin.py:190} INFO - [2026-03-28T19:24:01.531+0000] {dag.py:4180} INFO - Setting next_dagrun for ml_training_pipeline_v2 to None, run_after=None
[2026-03-28T19:24:01.550+0000] {processor.py:208} INFO - Processing /home/ec2-user/environment/lab4_model_training/dags/ml_training_pipeline_v2.py took 1.441 seconds
[2026-03-28T19:24:33.208+0000] {processor.py:186} INFO - Started process (PID=10650) to work on /home/ec2-user/environment/lab4_model_training/dags/ml_training_pipeline_v2.py
[2026-03-28T19:24:33.209+0000] {processor.py:914} INFO - Processing file /home/ec2-user/environment/lab4_model_training/dags/ml_training_pipeline_v2.py for tasks to queue
[2026-03-28T19:24:33.210+0000] {logging_mixin.py:190} INFO - [2026-03-28T19:24:33.209+0000] {dagbag.py:588} INFO - Filling up the DagBag from /home/ec2-user/environment/lab4_model_training/dags/ml_training_pipeline_v2.py
[2026-03-28T19:24:34.526+0000] {processor.py:925} INFO - DAG(s) 'ml_training_pipeline_v2' retrieved from /home/ec2-user/environment/lab4_model_training/dags/ml_training_pipeline_v2.py
[2026-03-28T19:24:34.540+0000] {logging_mixin.py:190} INFO - [2026-03-28T19:24:34.540+0000] {dag.py:3239} INFO - Sync 1 DAGs
[2026-03-28T19:24:34.549+0000] {logging_mixin.py:190} INFO - [2026-03-28T19:24:34.548+0000] {dag.py:4180} INFO - Setting next_dagrun for ml_training_pipeline_v2 to None, run_after=None
[2026-03-28T19:24:34.565+0000] {processor.py:208} INFO - Processing /home/ec2-user/environment/lab4_model_training/dags/ml_training_pipeline_v2.py took 1.362 seconds
[2026-03-28T19:25:04.883+0000] {processor.py:186} INFO - Started process (PID=10698) to work on /home/ec2-user/environment/lab4_model_training/dags/ml_training_pipeline_v2.py
[2026-03-28T19:25:04.884+0000] {processor.py:914} INFO - Processing file /home/ec2-user/environment/lab4_model_training/dags/ml_training_pipeline_v2.py for tasks to queue
[2026-03-28T19:25:04.885+0000] {logging_mixin.py:190} INFO - [2026-03-28T19:25:04.885+0000] {dagbag.py:588} INFO - Filling up the DagBag from /home/ec2-user/environment/lab4_model_training/dags/ml_training_pipeline_v2.py
[2026-03-28T19:25:06.248+0000] {processor.py:925} INFO - DAG(s) 'ml_training_pipeline_v2' retrieved from /home/ec2-user/environment/lab4_model_training/dags/ml_training_pipeline_v2.py
[2026-03-28T19:25:06.262+0000] {logging_mixin.py:190} INFO - [2026-03-28T19:25:06.261+0000] {dag.py:3239} INFO - Sync 1 DAGs
[2026-03-28T19:25:06.271+0000] {logging_mixin.py:190} INFO - [2026-03-28T19:25:06.270+0000] {dag.py:4180} INFO - Setting next_dagrun for ml_training_pipeline_v2 to None, run_after=None
[2026-03-28T19:25:06.287+0000] {processor.py:208} INFO - Processing /home/ec2-user/environment/lab4_model_training/dags/ml_training_pipeline_v2.py took 1.410 seconds
[2026-03-28T19:25:36.674+0000] {processor.py:186} INFO - Started process (PID=10724) to work on /home/ec2-user/environment/lab4_model_training/dags/ml_training_pipeline_v2.py
[2026-03-28T19:25:36.675+0000] {processor.py:914} INFO - Processing file /home/ec2-user/environment/lab4_model_training/dags/ml_training_pipeline_v2.py for tasks to queue
[2026-03-28T19:25:36.676+0000] {logging_mixin.py:190} INFO - [2026-03-28T19:25:36.676+0000] {dagbag.py:588} INFO - Filling up the DagBag from /home/ec2-user/environment/lab4_model_training/dags/ml_training_pipeline_v2.py
[2026-03-28T19:25:38.009+0000] {processor.py:925} INFO - DAG(s) 'ml_training_pipeline_v2' retrieved from /home/ec2-user/environment/lab4_model_training/dags/ml_training_pipeline_v2.py
[2026-03-28T19:25:38.022+0000] {logging_mixin.py:190} INFO - [2026-03-28T19:25:38.022+0000] {dag.py:3239} INFO - Sync 1 DAGs
[2026-03-28T19:25:38.031+0000] {logging_mixin.py:190} INFO - [2026-03-28T19:25:38.031+0000] {dag.py:4180} INFO - Setting next_dagrun for ml_training_pipeline_v2 to None, run_after=None
[2026-03-28T19:25:38.049+0000] {processor.py:208} INFO - Processing /home/ec2-user/environment/lab4_model_training/dags/ml_training_pipeline_v2.py took 1.380 seconds
[2026-03-28T19:26:08.367+0000] {processor.py:186} INFO - Started process (PID=10764) to work on /home/ec2-user/environment/lab4_model_training/dags/ml_training_pipeline_v2.py
[2026-03-28T19:26:08.367+0000] {processor.py:914} INFO - Processing file /home/ec2-user/environment/lab4_model_training/dags/ml_training_pipeline_v2.py for tasks to queue
[2026-03-28T19:26:08.369+0000] {logging_mixin.py:190} INFO - [2026-03-28T19:26:08.368+0000] {dagbag.py:588} INFO - Filling up the DagBag from /home/ec2-user/environment/lab4_model_training/dags/ml_training_pipeline_v2.py
[2026-03-28T19:26:09.723+0000] {processor.py:925} INFO - DAG(s) 'ml_training_pipeline_v2' retrieved from /home/ec2-user/environment/lab4_model_training/dags/ml_training_pipeline_v2.py
[2026-03-28T19:26:09.738+0000] {logging_mixin.py:190} INFO - [2026-03-28T19:26:09.737+0000] {dag.py:3239} INFO - Sync 1 DAGs
[2026-03-28T19:26:09.747+0000] {logging_mixin.py:190} INFO - [2026-03-28T19:26:09.747+0000] {dag.py:4180} INFO - Setting next_dagrun for ml_training_pipeline_v2 to None, run_after=None
[2026-03-28T19:26:09.765+0000] {processor.py:208} INFO - Processing /home/ec2-user/environment/lab4_model_training/dags/ml_training_pipeline_v2.py took 1.403 seconds
[2026-03-28T19:26:40.167+0000] {processor.py:186} INFO - Started process (PID=10862) to work on /home/ec2-user/environment/lab4_model_training/dags/ml_training_pipeline_v2.py
[2026-03-28T19:26:40.167+0000] {processor.py:914} INFO - Processing file /home/ec2-user/environment/lab4_model_training/dags/ml_training_pipeline_v2.py for tasks to queue
[2026-03-28T19:26:40.168+0000] {logging_mixin.py:190} INFO - [2026-03-28T19:26:40.168+0000] {dagbag.py:588} INFO - Filling up the DagBag from /home/ec2-user/environment/lab4_model_training/dags/ml_training_pipeline_v2.py
[2026-03-28T19:26:41.508+0000] {processor.py:925} INFO - DAG(s) 'ml_training_pipeline_v2' retrieved from /home/ec2-user/environment/lab4_model_training/dags/ml_training_pipeline_v2.py
[2026-03-28T19:26:41.522+0000] {logging_mixin.py:190} INFO - [2026-03-28T19:26:41.522+0000] {dag.py:3239} INFO - Sync 1 DAGs
[2026-03-28T19:26:41.531+0000] {logging_mixin.py:190} INFO - [2026-03-28T19:26:41.531+0000] {dag.py:4180} INFO - Setting next_dagrun for ml_training_pipeline_v2 to None, run_after=None
[2026-03-28T19:26:41.550+0000] {processor.py:208} INFO - Processing /home/ec2-user/environment/lab4_model_training/dags/ml_training_pipeline_v2.py took 1.388 seconds
[2026-03-28T19:27:11.861+0000] {processor.py:186} INFO - Started process (PID=10902) to work on /home/ec2-user/environment/lab4_model_training/dags/ml_training_pipeline_v2.py
[2026-03-28T19:27:11.862+0000] {processor.py:914} INFO - Processing file /home/ec2-user/environment/lab4_model_training/dags/ml_training_pipeline_v2.py for tasks to queue
[2026-03-28T19:27:11.863+0000] {logging_mixin.py:190} INFO - [2026-03-28T19:27:11.863+0000] {dagbag.py:588} INFO - Filling up the DagBag from /home/ec2-user/environment/lab4_model_training/dags/ml_training_pipeline_v2.py
[2026-03-28T19:27:13.186+0000] {processor.py:925} INFO - DAG(s) 'ml_training_pipeline_v2' retrieved from /home/ec2-user/environment/lab4_model_training/dags/ml_training_pipeline_v2.py
[2026-03-28T19:27:13.199+0000] {logging_mixin.py:190} INFO - [2026-03-28T19:27:13.198+0000] {dag.py:3239} INFO - Sync 1 DAGs
[2026-03-28T19:27:13.207+0000] {logging_mixin.py:190} INFO - [2026-03-28T19:27:13.207+0000] {dag.py:4180} INFO - Setting next_dagrun for ml_training_pipeline_v2 to None, run_after=None
[2026-03-28T19:27:13.225+0000] {processor.py:208} INFO - Processing /home/ec2-user/environment/lab4_model_training/dags/ml_training_pipeline_v2.py took 1.369 seconds
[2026-03-28T19:27:43.565+0000] {processor.py:186} INFO - Started process (PID=10928) to work on /home/ec2-user/environment/lab4_model_training/dags/ml_training_pipeline_v2.py
[2026-03-28T19:27:43.565+0000] {processor.py:914} INFO - Processing file /home/ec2-user/environment/lab4_model_training/dags/ml_training_pipeline_v2.py for tasks to queue
[2026-03-28T19:27:43.566+0000] {logging_mixin.py:190} INFO - [2026-03-28T19:27:43.566+0000] {dagbag.py:588} INFO - Filling up the DagBag from /home/ec2-user/environment/lab4_model_training/dags/ml_training_pipeline_v2.py
[2026-03-28T19:27:44.896+0000] {processor.py:925} INFO - DAG(s) 'ml_training_pipeline_v2' retrieved from /home/ec2-user/environment/lab4_model_training/dags/ml_training_pipeline_v2.py
[2026-03-28T19:27:44.910+0000] {logging_mixin.py:190} INFO - [2026-03-28T19:27:44.910+0000] {dag.py:3239} INFO - Sync 1 DAGs
[2026-03-28T19:27:44.920+0000] {logging_mixin.py:190} INFO - [2026-03-28T19:27:44.920+0000] {dag.py:4180} INFO - Setting next_dagrun for ml_training_pipeline_v2 to None, run_after=None
[2026-03-28T19:27:44.937+0000] {processor.py:208} INFO - Processing /home/ec2-user/environment/lab4_model_training/dags/ml_training_pipeline_v2.py took 1.377 seconds
[2026-03-28T19:28:15.876+0000] {processor.py:186} INFO - Started process (PID=10972) to work on /home/ec2-user/environment/lab4_model_training/dags/ml_training_pipeline_v2.py
[2026-03-28T19:28:15.877+0000] {processor.py:914} INFO - Processing file /home/ec2-user/environment/lab4_model_training/dags/ml_training_pipeline_v2.py for tasks to queue
[2026-03-28T19:28:15.878+0000] {logging_mixin.py:190} INFO - [2026-03-28T19:28:15.877+0000] {dagbag.py:588} INFO - Filling up the DagBag from /home/ec2-user/environment/lab4_model_training/dags/ml_training_pipeline_v2.py
[2026-03-28T19:28:17.187+0000] {processor.py:925} INFO - DAG(s) 'ml_training_pipeline_v2' retrieved from /home/ec2-user/environment/lab4_model_training/dags/ml_training_pipeline_v2.py
[2026-03-28T19:28:17.202+0000] {logging_mixin.py:190} INFO - [2026-03-28T19:28:17.201+0000] {dag.py:3239} INFO - Sync 1 DAGs
[2026-03-28T19:28:17.210+0000] {logging_mixin.py:190} INFO - [2026-03-28T19:28:17.210+0000] {dag.py:4180} INFO - Setting next_dagrun for ml_training_pipeline_v2 to None, run_after=None
[2026-03-28T19:28:17.227+0000] {processor.py:208} INFO - Processing /home/ec2-user/environment/lab4_model_training/dags/ml_training_pipeline_v2.py took 1.355 seconds
[2026-03-28T19:28:48.094+0000] {processor.py:186} INFO - Started process (PID=11046) to work on /home/ec2-user/environment/lab4_model_training/dags/ml_training_pipeline_v2.py
[2026-03-28T19:28:48.095+0000] {processor.py:914} INFO - Processing file /home/ec2-user/environment/lab4_model_training/dags/ml_training_pipeline_v2.py for tasks to queue
[2026-03-28T19:28:48.096+0000] {logging_mixin.py:190} INFO - [2026-03-28T19:28:48.096+0000] {dagbag.py:588} INFO - Filling up the DagBag from /home/ec2-user/environment/lab4_model_training/dags/ml_training_pipeline_v2.py
[2026-03-28T19:28:49.406+0000] {processor.py:925} INFO - DAG(s) 'ml_training_pipeline_v2' retrieved from /home/ec2-user/environment/lab4_model_training/dags/ml_training_pipeline_v2.py
[2026-03-28T19:28:49.421+0000] {logging_mixin.py:190} INFO - [2026-03-28T19:28:49.420+0000] {dag.py:3239} INFO - Sync 1 DAGs
[2026-03-28T19:28:49.429+0000] {logging_mixin.py:190} INFO - [2026-03-28T19:28:49.429+0000] {dag.py:4180} INFO - Setting next_dagrun for ml_training_pipeline_v2 to None, run_after=None
[2026-03-28T19:28:49.446+0000] {processor.py:208} INFO - Processing /home/ec2-user/environment/lab4_model_training/dags/ml_training_pipeline_v2.py took 1.357 seconds
[2026-03-28T19:29:20.386+0000] {processor.py:186} INFO - Started process (PID=11084) to work on /home/ec2-user/environment/lab4_model_training/dags/ml_training_pipeline_v2.py
[2026-03-28T19:29:20.387+0000] {processor.py:914} INFO - Processing file /home/ec2-user/environment/lab4_model_training/dags/ml_training_pipeline_v2.py for tasks to queue
[2026-03-28T19:29:20.388+0000] {logging_mixin.py:190} INFO - [2026-03-28T19:29:20.388+0000] {dagbag.py:588} INFO - Filling up the DagBag from /home/ec2-user/environment/lab4_model_training/dags/ml_training_pipeline_v2.py
[2026-03-28T19:29:21.690+0000] {processor.py:925} INFO - DAG(s) 'ml_training_pipeline_v2' retrieved from /home/ec2-user/environment/lab4_model_training/dags/ml_training_pipeline_v2.py
[2026-03-28T19:29:21.704+0000] {logging_mixin.py:190} INFO - [2026-03-28T19:29:21.704+0000] {dag.py:3239} INFO - Sync 1 DAGs
[2026-03-28T19:29:21.713+0000] {logging_mixin.py:190} INFO - [2026-03-28T19:29:21.713+0000] {dag.py:4180} INFO - Setting next_dagrun for ml_training_pipeline_v2 to None, run_after=None
[2026-03-28T19:29:21.729+0000] {processor.py:208} INFO - Processing /home/ec2-user/environment/lab4_model_training/dags/ml_training_pipeline_v2.py took 1.348 seconds
[2026-03-28T19:29:52.503+0000] {processor.py:186} INFO - Started process (PID=11121) to work on /home/ec2-user/environment/lab4_model_training/dags/ml_training_pipeline_v2.py
[2026-03-28T19:29:52.504+0000] {processor.py:914} INFO - Processing file /home/ec2-user/environment/lab4_model_training/dags/ml_training_pipeline_v2.py for tasks to queue
[2026-03-28T19:29:52.504+0000] {logging_mixin.py:190} INFO - [2026-03-28T19:29:52.504+0000] {dagbag.py:588} INFO - Filling up the DagBag from /home/ec2-user/environment/lab4_model_training/dags/ml_training_pipeline_v2.py
[2026-03-28T19:29:53.835+0000] {processor.py:925} INFO - DAG(s) 'ml_training_pipeline_v2' retrieved from /home/ec2-user/environment/lab4_model_training/dags/ml_training_pipeline_v2.py
[2026-03-28T19:29:53.849+0000] {logging_mixin.py:190} INFO - [2026-03-28T19:29:53.849+0000] {dag.py:3239} INFO - Sync 1 DAGs
[2026-03-28T19:29:53.858+0000] {logging_mixin.py:190} INFO - [2026-03-28T19:29:53.858+0000] {dag.py:4180} INFO - Setting next_dagrun for ml_training_pipeline_v2 to None, run_after=None
[2026-03-28T19:29:53.875+0000] {processor.py:208} INFO - Processing /home/ec2-user/environment/lab4_model_training/dags/ml_training_pipeline_v2.py took 1.377 seconds
[2026-03-28T19:30:24.662+0000] {processor.py:186} INFO - Started process (PID=11314) to work on /home/ec2-user/environment/lab4_model_training/dags/ml_training_pipeline_v2.py
[2026-03-28T19:30:24.664+0000] {processor.py:914} INFO - Processing file /home/ec2-user/environment/lab4_model_training/dags/ml_training_pipeline_v2.py for tasks to queue
[2026-03-28T19:30:24.665+0000] {logging_mixin.py:190} INFO - [2026-03-28T19:30:24.664+0000] {dagbag.py:588} INFO - Filling up the DagBag from /home/ec2-user/environment/lab4_model_training/dags/ml_training_pipeline_v2.py
[2026-03-28T19:30:26.022+0000] {processor.py:925} INFO - DAG(s) 'ml_training_pipeline_v2' retrieved from /home/ec2-user/environment/lab4_model_training/dags/ml_training_pipeline_v2.py
[2026-03-28T19:30:26.035+0000] {logging_mixin.py:190} INFO - [2026-03-28T19:30:26.035+0000] {dag.py:3239} INFO - Sync 1 DAGs
[2026-03-28T19:30:26.044+0000] {logging_mixin.py:190} INFO - [2026-03-28T19:30:26.044+0000] {dag.py:4180} INFO - Setting next_dagrun for ml_training_pipeline_v2 to None, run_after=None
[2026-03-28T19:30:26.060+0000] {processor.py:208} INFO - Processing /home/ec2-user/environment/lab4_model_training/dags/ml_training_pipeline_v2.py took 1.403 seconds
[2026-03-28T19:30:56.949+0000] {processor.py:186} INFO - Started process (PID=11341) to work on /home/ec2-user/environment/lab4_model_training/dags/ml_training_pipeline_v2.py
[2026-03-28T19:30:56.950+0000] {processor.py:914} INFO - Processing file /home/ec2-user/environment/lab4_model_training/dags/ml_training_pipeline_v2.py for tasks to queue
[2026-03-28T19:30:56.951+0000] {logging_mixin.py:190} INFO - [2026-03-28T19:30:56.950+0000] {dagbag.py:588} INFO - Filling up the DagBag from /home/ec2-user/environment/lab4_model_training/dags/ml_training_pipeline_v2.py
[2026-03-28T19:30:58.273+0000] {processor.py:925} INFO - DAG(s) 'ml_training_pipeline_v2' retrieved from /home/ec2-user/environment/lab4_model_training/dags/ml_training_pipeline_v2.py
[2026-03-28T19:30:58.286+0000] {logging_mixin.py:190} INFO - [2026-03-28T19:30:58.286+0000] {dag.py:3239} INFO - Sync 1 DAGs
[2026-03-28T19:30:58.295+0000] {logging_mixin.py:190} INFO - [2026-03-28T19:30:58.295+0000] {dag.py:4180} INFO - Setting next_dagrun for ml_training_pipeline_v2 to None, run_after=None
[2026-03-28T19:30:58.312+0000] {processor.py:208} INFO - Processing /home/ec2-user/environment/lab4_model_training/dags/ml_training_pipeline_v2.py took 1.369 seconds
[2026-03-28T19:31:29.146+0000] {processor.py:186} INFO - Started process (PID=11380) to work on /home/ec2-user/environment/lab4_model_training/dags/ml_training_pipeline_v2.py
[2026-03-28T19:31:29.147+0000] {processor.py:914} INFO - Processing file /home/ec2-user/environment/lab4_model_training/dags/ml_training_pipeline_v2.py for tasks to queue
[2026-03-28T19:31:29.148+0000] {logging_mixin.py:190} INFO - [2026-03-28T19:31:29.148+0000] {dagbag.py:588} INFO - Filling up the DagBag from /home/ec2-user/environment/lab4_model_training/dags/ml_training_pipeline_v2.py
[2026-03-28T19:31:30.484+0000] {processor.py:925} INFO - DAG(s) 'ml_training_pipeline_v2' retrieved from /home/ec2-user/environment/lab4_model_training/dags/ml_training_pipeline_v2.py
[2026-03-28T19:31:30.498+0000] {logging_mixin.py:190} INFO - [2026-03-28T19:31:30.497+0000] {dag.py:3239} INFO - Sync 1 DAGs
[2026-03-28T19:31:30.507+0000] {logging_mixin.py:190} INFO - [2026-03-28T19:31:30.507+0000] {dag.py:4180} INFO - Setting next_dagrun for ml_training_pipeline_v2 to None, run_after=None
[2026-03-28T19:31:30.526+0000] {processor.py:208} INFO - Processing /home/ec2-user/environment/lab4_model_training/dags/ml_training_pipeline_v2.py took 1.385 seconds
[2026-03-28T19:32:01.339+0000] {processor.py:186} INFO - Started process (PID=11455) to work on /home/ec2-user/environment/lab4_model_training/dags/ml_training_pipeline_v2.py
[2026-03-28T19:32:01.341+0000] {processor.py:914} INFO - Processing file /home/ec2-user/environment/lab4_model_training/dags/ml_training_pipeline_v2.py for tasks to queue
[2026-03-28T19:32:01.342+0000] {logging_mixin.py:190} INFO - [2026-03-28T19:32:01.341+0000] {dagbag.py:588} INFO - Filling up the DagBag from /home/ec2-user/environment/lab4_model_training/dags/ml_training_pipeline_v2.py
[2026-03-28T19:32:02.708+0000] {processor.py:925} INFO - DAG(s) 'ml_training_pipeline_v2' retrieved from /home/ec2-user/environment/lab4_model_training/dags/ml_training_pipeline_v2.py
[2026-03-28T19:32:02.722+0000] {logging_mixin.py:190} INFO - [2026-03-28T19:32:02.722+0000] {dag.py:3239} INFO - Sync 1 DAGs
[2026-03-28T19:32:02.733+0000] {logging_mixin.py:190} INFO - [2026-03-28T19:32:02.732+0000] {dag.py:4180} INFO - Setting next_dagrun for ml_training_pipeline_v2 to None, run_after=None
[2026-03-28T19:32:02.750+0000] {processor.py:208} INFO - Processing /home/ec2-user/environment/lab4_model_training/dags/ml_training_pipeline_v2.py took 1.416 seconds
[2026-03-28T19:32:33.641+0000] {processor.py:186} INFO - Started process (PID=11494) to work on /home/ec2-user/environment/lab4_model_training/dags/ml_training_pipeline_v2.py
[2026-03-28T19:32:33.642+0000] {processor.py:914} INFO - Processing file /home/ec2-user/environment/lab4_model_training/dags/ml_training_pipeline_v2.py for tasks to queue
[2026-03-28T19:32:33.643+0000] {logging_mixin.py:190} INFO - [2026-03-28T19:32:33.643+0000] {dagbag.py:588} INFO - Filling up the DagBag from /home/ec2-user/environment/lab4_model_training/dags/ml_training_pipeline_v2.py
[2026-03-28T19:32:34.996+0000] {processor.py:925} INFO - DAG(s) 'ml_training_pipeline_v2' retrieved from /home/ec2-user/environment/lab4_model_training/dags/ml_training_pipeline_v2.py
[2026-03-28T19:32:35.010+0000] {logging_mixin.py:190} INFO - [2026-03-28T19:32:35.009+0000] {dag.py:3239} INFO - Sync 1 DAGs
[2026-03-28T19:32:35.020+0000] {logging_mixin.py:190} INFO - [2026-03-28T19:32:35.020+0000] {dag.py:4180} INFO - Setting next_dagrun for ml_training_pipeline_v2 to None, run_after=None
[2026-03-28T19:32:35.037+0000] {processor.py:208} INFO - Processing /home/ec2-user/environment/lab4_model_training/dags/ml_training_pipeline_v2.py took 1.402 seconds
[2026-03-28T19:33:05.930+0000] {processor.py:186} INFO - Started process (PID=11532) to work on /home/ec2-user/environment/lab4_model_training/dags/ml_training_pipeline_v2.py
[2026-03-28T19:33:05.931+0000] {processor.py:914} INFO - Processing file /home/ec2-user/environment/lab4_model_training/dags/ml_training_pipeline_v2.py for tasks to queue
[2026-03-28T19:33:05.931+0000] {logging_mixin.py:190} INFO - [2026-03-28T19:33:05.931+0000] {dagbag.py:588} INFO - Filling up the DagBag from /home/ec2-user/environment/lab4_model_training/dags/ml_training_pipeline_v2.py
[2026-03-28T19:33:07.266+0000] {processor.py:925} INFO - DAG(s) 'ml_training_pipeline_v2' retrieved from /home/ec2-user/environment/lab4_model_training/dags/ml_training_pipeline_v2.py
[2026-03-28T19:33:07.281+0000] {logging_mixin.py:190} INFO - [2026-03-28T19:33:07.280+0000] {dag.py:3239} INFO - Sync 1 DAGs
[2026-03-28T19:33:07.290+0000] {logging_mixin.py:190} INFO - [2026-03-28T19:33:07.290+0000] {dag.py:4180} INFO - Setting next_dagrun for ml_training_pipeline_v2 to None, run_after=None
[2026-03-28T19:33:07.307+0000] {processor.py:208} INFO - Processing /home/ec2-user/environment/lab4_model_training/dags/ml_training_pipeline_v2.py took 1.382 seconds
[2026-03-28T19:33:38.122+0000] {processor.py:186} INFO - Started process (PID=11606) to work on /home/ec2-user/environment/lab4_model_training/dags/ml_training_pipeline_v2.py
[2026-03-28T19:33:38.124+0000] {processor.py:914} INFO - Processing file /home/ec2-user/environment/lab4_model_training/dags/ml_training_pipeline_v2.py for tasks to queue
[2026-03-28T19:33:38.125+0000] {logging_mixin.py:190} INFO - [2026-03-28T19:33:38.124+0000] {dagbag.py:588} INFO - Filling up the DagBag from /home/ec2-user/environment/lab4_model_training/dags/ml_training_pipeline_v2.py
[2026-03-28T19:33:39.477+0000] {processor.py:925} INFO - DAG(s) 'ml_training_pipeline_v2' retrieved from /home/ec2-user/environment/lab4_model_training/dags/ml_training_pipeline_v2.py
[2026-03-28T19:33:39.492+0000] {logging_mixin.py:190} INFO - [2026-03-28T19:33:39.491+0000] {dag.py:3239} INFO - Sync 1 DAGs
[2026-03-28T19:33:39.501+0000] {logging_mixin.py:190} INFO - [2026-03-28T19:33:39.500+0000] {dag.py:4180} INFO - Setting next_dagrun for ml_training_pipeline_v2 to None, run_after=None
[2026-03-28T19:33:39.518+0000] {processor.py:208} INFO - Processing /home/ec2-user/environment/lab4_model_training/dags/ml_training_pipeline_v2.py took 1.401 seconds
[2026-03-28T19:34:10.322+0000] {processor.py:186} INFO - Started process (PID=11671) to work on /home/ec2-user/environment/lab4_model_training/dags/ml_training_pipeline_v2.py
[2026-03-28T19:34:10.323+0000] {processor.py:914} INFO - Processing file /home/ec2-user/environment/lab4_model_training/dags/ml_training_pipeline_v2.py for tasks to queue
[2026-03-28T19:34:10.324+0000] {logging_mixin.py:190} INFO - [2026-03-28T19:34:10.324+0000] {dagbag.py:588} INFO - Filling up the DagBag from /home/ec2-user/environment/lab4_model_training/dags/ml_training_pipeline_v2.py
[2026-03-28T19:34:11.671+0000] {processor.py:925} INFO - DAG(s) 'ml_training_pipeline_v2' retrieved from /home/ec2-user/environment/lab4_model_training/dags/ml_training_pipeline_v2.py
[2026-03-28T19:34:11.686+0000] {logging_mixin.py:190} INFO - [2026-03-28T19:34:11.685+0000] {dag.py:3239} INFO - Sync 1 DAGs
[2026-03-28T19:34:11.695+0000] {logging_mixin.py:190} INFO - [2026-03-28T19:34:11.695+0000] {dag.py:4180} INFO - Setting next_dagrun for ml_training_pipeline_v2 to None, run_after=None
[2026-03-28T19:34:11.712+0000] {processor.py:208} INFO - Processing /home/ec2-user/environment/lab4_model_training/dags/ml_training_pipeline_v2.py took 1.395 seconds
[2026-03-28T19:34:42.524+0000] {processor.py:186} INFO - Started process (PID=11697) to work on /home/ec2-user/environment/lab4_model_training/dags/ml_training_pipeline_v2.py
[2026-03-28T19:34:42.524+0000] {processor.py:914} INFO - Processing file /home/ec2-user/environment/lab4_model_training/dags/ml_training_pipeline_v2.py for tasks to queue
[2026-03-28T19:34:42.525+0000] {logging_mixin.py:190} INFO - [2026-03-28T19:34:42.525+0000] {dagbag.py:588} INFO - Filling up the DagBag from /home/ec2-user/environment/lab4_model_training/dags/ml_training_pipeline_v2.py
[2026-03-28T19:34:43.870+0000] {processor.py:925} INFO - DAG(s) 'ml_training_pipeline_v2' retrieved from /home/ec2-user/environment/lab4_model_training/dags/ml_training_pipeline_v2.py
[2026-03-28T19:34:43.884+0000] {logging_mixin.py:190} INFO - [2026-03-28T19:34:43.884+0000] {dag.py:3239} INFO - Sync 1 DAGs
[2026-03-28T19:34:43.893+0000] {logging_mixin.py:190} INFO - [2026-03-28T19:34:43.893+0000] {dag.py:4180} INFO - Setting next_dagrun for ml_training_pipeline_v2 to None, run_after=None
[2026-03-28T19:34:43.911+0000] {processor.py:208} INFO - Processing /home/ec2-user/environment/lab4_model_training/dags/ml_training_pipeline_v2.py took 1.392 seconds
[2026-03-28T19:35:14.618+0000] {processor.py:186} INFO - Started process (PID=11735) to work on /home/ec2-user/environment/lab4_model_training/dags/ml_training_pipeline_v2.py
[2026-03-28T19:35:14.619+0000] {processor.py:914} INFO - Processing file /home/ec2-user/environment/lab4_model_training/dags/ml_training_pipeline_v2.py for tasks to queue
[2026-03-28T19:35:14.620+0000] {logging_mixin.py:190} INFO - [2026-03-28T19:35:14.620+0000] {dagbag.py:588} INFO - Filling up the DagBag from /home/ec2-user/environment/lab4_model_training/dags/ml_training_pipeline_v2.py
[2026-03-28T19:35:15.947+0000] {processor.py:925} INFO - DAG(s) 'ml_training_pipeline_v2' retrieved from /home/ec2-user/environment/lab4_model_training/dags/ml_training_pipeline_v2.py
[2026-03-28T19:35:15.960+0000] {logging_mixin.py:190} INFO - [2026-03-28T19:35:15.959+0000] {dag.py:3239} INFO - Sync 1 DAGs
[2026-03-28T19:35:15.969+0000] {logging_mixin.py:190} INFO - [2026-03-28T19:35:15.968+0000] {dag.py:4180} INFO - Setting next_dagrun for ml_training_pipeline_v2 to None, run_after=None
[2026-03-28T19:35:15.985+0000] {processor.py:208} INFO - Processing /home/ec2-user/environment/lab4_model_training/dags/ml_training_pipeline_v2.py took 1.372 seconds
[2026-03-28T19:35:46.166+0000] {processor.py:186} INFO - Started process (PID=11810) to work on /home/ec2-user/environment/lab4_model_training/dags/ml_training_pipeline_v2.py
[2026-03-28T19:35:46.167+0000] {processor.py:914} INFO - Processing file /home/ec2-user/environment/lab4_model_training/dags/ml_training_pipeline_v2.py for tasks to queue
[2026-03-28T19:35:46.168+0000] {logging_mixin.py:190} INFO - [2026-03-28T19:35:46.167+0000] {dagbag.py:588} INFO - Filling up the DagBag from /home/ec2-user/environment/lab4_model_training/dags/ml_training_pipeline_v2.py
[2026-03-28T19:35:47.526+0000] {processor.py:925} INFO - DAG(s) 'ml_training_pipeline_v2' retrieved from /home/ec2-user/environment/lab4_model_training/dags/ml_training_pipeline_v2.py
[2026-03-28T19:35:47.539+0000] {logging_mixin.py:190} INFO - [2026-03-28T19:35:47.539+0000] {dag.py:3239} INFO - Sync 1 DAGs
[2026-03-28T19:35:47.548+0000] {logging_mixin.py:190} INFO - [2026-03-28T19:35:47.548+0000] {dag.py:4180} INFO - Setting next_dagrun for ml_training_pipeline_v2 to None, run_after=None
[2026-03-28T19:35:47.566+0000] {processor.py:208} INFO - Processing /home/ec2-user/environment/lab4_model_training/dags/ml_training_pipeline_v2.py took 1.406 seconds
[2026-03-28T19:36:18.349+0000] {processor.py:186} INFO - Started process (PID=11855) to work on /home/ec2-user/environment/lab4_model_training/dags/ml_training_pipeline_v2.py
[2026-03-28T19:36:18.349+0000] {processor.py:914} INFO - Processing file /home/ec2-user/environment/lab4_model_training/dags/ml_training_pipeline_v2.py for tasks to queue
[2026-03-28T19:36:18.350+0000] {logging_mixin.py:190} INFO - [2026-03-28T19:36:18.350+0000] {dagbag.py:588} INFO - Filling up the DagBag from /home/ec2-user/environment/lab4_model_training/dags/ml_training_pipeline_v2.py
[2026-03-28T19:36:19.683+0000] {processor.py:925} INFO - DAG(s) 'ml_training_pipeline_v2' retrieved from /home/ec2-user/environment/lab4_model_training/dags/ml_training_pipeline_v2.py
[2026-03-28T19:36:19.697+0000] {logging_mixin.py:190} INFO - [2026-03-28T19:36:19.696+0000] {dag.py:3239} INFO - Sync 1 DAGs
[2026-03-28T19:36:19.706+0000] {logging_mixin.py:190} INFO - [2026-03-28T19:36:19.706+0000] {dag.py:4180} INFO - Setting next_dagrun for ml_training_pipeline_v2 to None, run_after=None
[2026-03-28T19:36:19.725+0000] {processor.py:208} INFO - Processing /home/ec2-user/environment/lab4_model_training/dags/ml_training_pipeline_v2.py took 1.381 seconds
[2026-03-28T19:36:50.535+0000] {processor.py:186} INFO - Started process (PID=11883) to work on /home/ec2-user/environment/lab4_model_training/dags/ml_training_pipeline_v2.py
[2026-03-28T19:36:50.536+0000] {processor.py:914} INFO - Processing file /home/ec2-user/environment/lab4_model_training/dags/ml_training_pipeline_v2.py for tasks to queue
[2026-03-28T19:36:50.537+0000] {logging_mixin.py:190} INFO - [2026-03-28T19:36:50.537+0000] {dagbag.py:588} INFO - Filling up the DagBag from /home/ec2-user/environment/lab4_model_training/dags/ml_training_pipeline_v2.py
[2026-03-28T19:36:51.836+0000] {processor.py:925} INFO - DAG(s) 'ml_training_pipeline_v2' retrieved from /home/ec2-user/environment/lab4_model_training/dags/ml_training_pipeline_v2.py
[2026-03-28T19:36:51.850+0000] {logging_mixin.py:190} INFO - [2026-03-28T19:36:51.849+0000] {dag.py:3239} INFO - Sync 1 DAGs
[2026-03-28T19:36:51.860+0000] {logging_mixin.py:190} INFO - [2026-03-28T19:36:51.859+0000] {dag.py:4180} INFO - Setting next_dagrun for ml_training_pipeline_v2 to None, run_after=None
[2026-03-28T19:36:51.876+0000] {processor.py:208} INFO - Processing /home/ec2-user/environment/lab4_model_training/dags/ml_training_pipeline_v2.py took 1.346 seconds
[2026-03-28T19:37:08.428+0000] {processor.py:186} INFO - Started process (PID=11915) to work on /home/ec2-user/environment/lab4_model_training/dags/ml_training_pipeline_v2.py
[2026-03-28T19:37:08.428+0000] {processor.py:914} INFO - Processing file /home/ec2-user/environment/lab4_model_training/dags/ml_training_pipeline_v2.py for tasks to queue
[2026-03-28T19:37:08.429+0000] {logging_mixin.py:190} INFO - [2026-03-28T19:37:08.429+0000] {dagbag.py:588} INFO - Filling up the DagBag from /home/ec2-user/environment/lab4_model_training/dags/ml_training_pipeline_v2.py
[2026-03-28T19:37:09.737+0000] {processor.py:925} INFO - DAG(s) 'ml_training_pipeline_v2' retrieved from /home/ec2-user/environment/lab4_model_training/dags/ml_training_pipeline_v2.py
[2026-03-28T19:37:09.814+0000] {logging_mixin.py:190} INFO - [2026-03-28T19:37:09.814+0000] {dag.py:3239} INFO - Sync 1 DAGs
[2026-03-28T19:37:09.823+0000] {logging_mixin.py:190} INFO - [2026-03-28T19:37:09.823+0000] {dag.py:4180} INFO - Setting next_dagrun for ml_training_pipeline_v2 to None, run_after=None
[2026-03-28T19:37:09.840+0000] {processor.py:208} INFO - Processing /home/ec2-user/environment/lab4_model_training/dags/ml_training_pipeline_v2.py took 1.417 seconds
[2026-03-28T19:37:40.641+0000] {processor.py:186} INFO - Started process (PID=12000) to work on /home/ec2-user/environment/lab4_model_training/dags/ml_training_pipeline_v2.py
[2026-03-28T19:37:40.642+0000] {processor.py:914} INFO - Processing file /home/ec2-user/environment/lab4_model_training/dags/ml_training_pipeline_v2.py for tasks to queue
[2026-03-28T19:37:40.643+0000] {logging_mixin.py:190} INFO - [2026-03-28T19:37:40.642+0000] {dagbag.py:588} INFO - Filling up the DagBag from /home/ec2-user/environment/lab4_model_training/dags/ml_training_pipeline_v2.py
[2026-03-28T19:37:41.964+0000] {processor.py:925} INFO - DAG(s) 'ml_training_pipeline_v2' retrieved from /home/ec2-user/environment/lab4_model_training/dags/ml_training_pipeline_v2.py
[2026-03-28T19:37:41.977+0000] {logging_mixin.py:190} INFO - [2026-03-28T19:37:41.977+0000] {dag.py:3239} INFO - Sync 1 DAGs
[2026-03-28T19:37:41.987+0000] {logging_mixin.py:190} INFO - [2026-03-28T19:37:41.987+0000] {dag.py:4180} INFO - Setting next_dagrun for ml_training_pipeline_v2 to None, run_after=None
[2026-03-28T19:37:42.003+0000] {processor.py:208} INFO - Processing /home/ec2-user/environment/lab4_model_training/dags/ml_training_pipeline_v2.py took 1.367 seconds
[2026-03-28T19:38:12.251+0000] {processor.py:186} INFO - Started process (PID=12038) to work on /home/ec2-user/environment/lab4_model_training/dags/ml_training_pipeline_v2.py
[2026-03-28T19:38:12.252+0000] {processor.py:914} INFO - Processing file /home/ec2-user/environment/lab4_model_training/dags/ml_training_pipeline_v2.py for tasks to queue
[2026-03-28T19:38:12.253+0000] {logging_mixin.py:190} INFO - [2026-03-28T19:38:12.253+0000] {dagbag.py:588} INFO - Filling up the DagBag from /home/ec2-user/environment/lab4_model_training/dags/ml_training_pipeline_v2.py
[2026-03-28T19:38:13.627+0000] {processor.py:925} INFO - DAG(s) 'ml_training_pipeline_v2' retrieved from /home/ec2-user/environment/lab4_model_training/dags/ml_training_pipeline_v2.py
[2026-03-28T19:38:13.640+0000] {logging_mixin.py:190} INFO - [2026-03-28T19:38:13.640+0000] {dag.py:3239} INFO - Sync 1 DAGs
[2026-03-28T19:38:13.650+0000] {logging_mixin.py:190} INFO - [2026-03-28T19:38:13.650+0000] {dag.py:4180} INFO - Setting next_dagrun for ml_training_pipeline_v2 to None, run_after=None
[2026-03-28T19:38:13.667+0000] {processor.py:208} INFO - Processing /home/ec2-user/environment/lab4_model_training/dags/ml_training_pipeline_v2.py took 1.423 seconds
[2026-03-28T19:38:44.033+0000] {processor.py:186} INFO - Started process (PID=12087) to work on /home/ec2-user/environment/lab4_model_training/dags/ml_training_pipeline_v2.py
[2026-03-28T19:38:44.033+0000] {processor.py:914} INFO - Processing file /home/ec2-user/environment/lab4_model_training/dags/ml_training_pipeline_v2.py for tasks to queue
[2026-03-28T19:38:44.034+0000] {logging_mixin.py:190} INFO - [2026-03-28T19:38:44.034+0000] {dagbag.py:588} INFO - Filling up the DagBag from /home/ec2-user/environment/lab4_model_training/dags/ml_training_pipeline_v2.py
[2026-03-28T19:38:45.321+0000] {processor.py:925} INFO - DAG(s) 'ml_training_pipeline_v2' retrieved from /home/ec2-user/environment/lab4_model_training/dags/ml_training_pipeline_v2.py
[2026-03-28T19:38:45.335+0000] {logging_mixin.py:190} INFO - [2026-03-28T19:38:45.334+0000] {dag.py:3239} INFO - Sync 1 DAGs
[2026-03-28T19:38:45.343+0000] {logging_mixin.py:190} INFO - [2026-03-28T19:38:45.343+0000] {dag.py:4180} INFO - Setting next_dagrun for ml_training_pipeline_v2 to None, run_after=None
[2026-03-28T19:38:45.360+0000] {processor.py:208} INFO - Processing /home/ec2-user/environment/lab4_model_training/dags/ml_training_pipeline_v2.py took 1.332 seconds
[2026-03-28T19:39:15.859+0000] {processor.py:186} INFO - Started process (PID=12140) to work on /home/ec2-user/environment/lab4_model_training/dags/ml_training_pipeline_v2.py
[2026-03-28T19:39:15.861+0000] {processor.py:914} INFO - Processing file /home/ec2-user/environment/lab4_model_training/dags/ml_training_pipeline_v2.py for tasks to queue
[2026-03-28T19:39:15.862+0000] {logging_mixin.py:190} INFO - [2026-03-28T19:39:15.861+0000] {dagbag.py:588} INFO - Filling up the DagBag from /home/ec2-user/environment/lab4_model_training/dags/ml_training_pipeline_v2.py
[2026-03-28T19:39:17.173+0000] {processor.py:925} INFO - DAG(s) 'ml_training_pipeline_v2' retrieved from /home/ec2-user/environment/lab4_model_training/dags/ml_training_pipeline_v2.py
[2026-03-28T19:39:17.187+0000] {logging_mixin.py:190} INFO - [2026-03-28T19:39:17.187+0000] {dag.py:3239} INFO - Sync 1 DAGs
[2026-03-28T19:39:17.195+0000] {logging_mixin.py:190} INFO - [2026-03-28T19:39:17.195+0000] {dag.py:4180} INFO - Setting next_dagrun for ml_training_pipeline_v2 to None, run_after=None
[2026-03-28T19:39:17.212+0000] {processor.py:208} INFO - Processing /home/ec2-user/environment/lab4_model_training/dags/ml_training_pipeline_v2.py took 1.357 seconds
[2026-03-28T19:39:47.942+0000] {processor.py:186} INFO - Started process (PID=12216) to work on /home/ec2-user/environment/lab4_model_training/dags/ml_training_pipeline_v2.py
[2026-03-28T19:39:47.943+0000] {processor.py:914} INFO - Processing file /home/ec2-user/environment/lab4_model_training/dags/ml_training_pipeline_v2.py for tasks to queue
[2026-03-28T19:39:47.944+0000] {logging_mixin.py:190} INFO - [2026-03-28T19:39:47.943+0000] {dagbag.py:588} INFO - Filling up the DagBag from /home/ec2-user/environment/lab4_model_training/dags/ml_training_pipeline_v2.py
[2026-03-28T19:39:49.273+0000] {processor.py:925} INFO - DAG(s) 'ml_training_pipeline_v2' retrieved from /home/ec2-user/environment/lab4_model_training/dags/ml_training_pipeline_v2.py
[2026-03-28T19:39:49.287+0000] {logging_mixin.py:190} INFO - [2026-03-28T19:39:49.287+0000] {dag.py:3239} INFO - Sync 1 DAGs
[2026-03-28T19:39:49.296+0000] {logging_mixin.py:190} INFO - [2026-03-28T19:39:49.296+0000] {dag.py:4180} INFO - Setting next_dagrun for ml_training_pipeline_v2 to None, run_after=None
[2026-03-28T19:39:49.312+0000] {processor.py:208} INFO - Processing /home/ec2-user/environment/lab4_model_training/dags/ml_training_pipeline_v2.py took 1.375 seconds
[2026-03-28T19:40:20.055+0000] {processor.py:186} INFO - Started process (PID=12262) to work on /home/ec2-user/environment/lab4_model_training/dags/ml_training_pipeline_v2.py
[2026-03-28T19:40:20.057+0000] {processor.py:914} INFO - Processing file /home/ec2-user/environment/lab4_model_training/dags/ml_training_pipeline_v2.py for tasks to queue
[2026-03-28T19:40:20.058+0000] {logging_mixin.py:190} INFO - [2026-03-28T19:40:20.057+0000] {dagbag.py:588} INFO - Filling up the DagBag from /home/ec2-user/environment/lab4_model_training/dags/ml_training_pipeline_v2.py
[2026-03-28T19:40:21.396+0000] {processor.py:925} INFO - DAG(s) 'ml_training_pipeline_v2' retrieved from /home/ec2-user/environment/lab4_model_training/dags/ml_training_pipeline_v2.py
[2026-03-28T19:40:21.410+0000] {logging_mixin.py:190} INFO - [2026-03-28T19:40:21.409+0000] {dag.py:3239} INFO - Sync 1 DAGs
[2026-03-28T19:40:21.418+0000] {logging_mixin.py:190} INFO - [2026-03-28T19:40:21.418+0000] {dag.py:4180} INFO - Setting next_dagrun for ml_training_pipeline_v2 to None, run_after=None
[2026-03-28T19:40:21.435+0000] {processor.py:208} INFO - Processing /home/ec2-user/environment/lab4_model_training/dags/ml_training_pipeline_v2.py took 1.385 seconds
[2026-03-28T19:40:52.191+0000] {processor.py:186} INFO - Started process (PID=12296) to work on /home/ec2-user/environment/lab4_model_training/dags/ml_training_pipeline_v2.py
[2026-03-28T19:40:52.192+0000] {processor.py:914} INFO - Processing file /home/ec2-user/environment/lab4_model_training/dags/ml_training_pipeline_v2.py for tasks to queue
[2026-03-28T19:40:52.194+0000] {logging_mixin.py:190} INFO - [2026-03-28T19:40:52.193+0000] {dagbag.py:588} INFO - Filling up the DagBag from /home/ec2-user/environment/lab4_model_training/dags/ml_training_pipeline_v2.py
[2026-03-28T19:40:53.580+0000] {processor.py:925} INFO - DAG(s) 'ml_training_pipeline_v2' retrieved from /home/ec2-user/environment/lab4_model_training/dags/ml_training_pipeline_v2.py
[2026-03-28T19:40:53.594+0000] {logging_mixin.py:190} INFO - [2026-03-28T19:40:53.593+0000] {dag.py:3239} INFO - Sync 1 DAGs
[2026-03-28T19:40:53.603+0000] {logging_mixin.py:190} INFO - [2026-03-28T19:40:53.603+0000] {dag.py:4180} INFO - Setting next_dagrun for ml_training_pipeline_v2 to None, run_after=None
[2026-03-28T19:40:53.619+0000] {processor.py:208} INFO - Processing /home/ec2-user/environment/lab4_model_training/dags/ml_training_pipeline_v2.py took 1.435 seconds
[2026-03-28T19:41:23.926+0000] {processor.py:186} INFO - Started process (PID=12337) to work on /home/ec2-user/environment/lab4_model_training/dags/ml_training_pipeline_v2.py
[2026-03-28T19:41:23.926+0000] {processor.py:914} INFO - Processing file /home/ec2-user/environment/lab4_model_training/dags/ml_training_pipeline_v2.py for tasks to queue
[2026-03-28T19:41:23.927+0000] {logging_mixin.py:190} INFO - [2026-03-28T19:41:23.927+0000] {dagbag.py:588} INFO - Filling up the DagBag from /home/ec2-user/environment/lab4_model_training/dags/ml_training_pipeline_v2.py
[2026-03-28T19:41:25.247+0000] {processor.py:925} INFO - DAG(s) 'ml_training_pipeline_v2' retrieved from /home/ec2-user/environment/lab4_model_training/dags/ml_training_pipeline_v2.py
[2026-03-28T19:41:25.260+0000] {logging_mixin.py:190} INFO - [2026-03-28T19:41:25.260+0000] {dag.py:3239} INFO - Sync 1 DAGs
[2026-03-28T19:41:25.269+0000] {logging_mixin.py:190} INFO - [2026-03-28T19:41:25.268+0000] {dag.py:4180} INFO - Setting next_dagrun for ml_training_pipeline_v2 to None, run_after=None
[2026-03-28T19:41:25.284+0000] {processor.py:208} INFO - Processing /home/ec2-user/environment/lab4_model_training/dags/ml_training_pipeline_v2.py took 1.363 seconds
[2026-03-28T19:41:55.554+0000] {processor.py:186} INFO - Started process (PID=12431) to work on /home/ec2-user/environment/lab4_model_training/dags/ml_training_pipeline_v2.py
[2026-03-28T19:41:55.555+0000] {processor.py:914} INFO - Processing file /home/ec2-user/environment/lab4_model_training/dags/ml_training_pipeline_v2.py for tasks to queue
[2026-03-28T19:41:55.556+0000] {logging_mixin.py:190} INFO - [2026-03-28T19:41:55.556+0000] {dagbag.py:588} INFO - Filling up the DagBag from /home/ec2-user/environment/lab4_model_training/dags/ml_training_pipeline_v2.py
[2026-03-28T19:41:56.880+0000] {processor.py:925} INFO - DAG(s) 'ml_training_pipeline_v2' retrieved from /home/ec2-user/environment/lab4_model_training/dags/ml_training_pipeline_v2.py
[2026-03-28T19:41:56.893+0000] {logging_mixin.py:190} INFO - [2026-03-28T19:41:56.893+0000] {dag.py:3239} INFO - Sync 1 DAGs
[2026-03-28T19:41:56.902+0000] {logging_mixin.py:190} INFO - [2026-03-28T19:41:56.902+0000] {dag.py:4180} INFO - Setting next_dagrun for ml_training_pipeline_v2 to None, run_after=None
[2026-03-28T19:41:56.921+0000] {processor.py:208} INFO - Processing /home/ec2-user/environment/lab4_model_training/dags/ml_training_pipeline_v2.py took 1.372 seconds
[2026-03-28T19:42:27.194+0000] {processor.py:186} INFO - Started process (PID=12466) to work on /home/ec2-user/environment/lab4_model_training/dags/ml_training_pipeline_v2.py
[2026-03-28T19:42:27.195+0000] {processor.py:914} INFO - Processing file /home/ec2-user/environment/lab4_model_training/dags/ml_training_pipeline_v2.py for tasks to queue
[2026-03-28T19:42:27.196+0000] {logging_mixin.py:190} INFO - [2026-03-28T19:42:27.196+0000] {dagbag.py:588} INFO - Filling up the DagBag from /home/ec2-user/environment/lab4_model_training/dags/ml_training_pipeline_v2.py
[2026-03-28T19:42:28.519+0000] {processor.py:925} INFO - DAG(s) 'ml_training_pipeline_v2' retrieved from /home/ec2-user/environment/lab4_model_training/dags/ml_training_pipeline_v2.py
[2026-03-28T19:42:28.532+0000] {logging_mixin.py:190} INFO - [2026-03-28T19:42:28.532+0000] {dag.py:3239} INFO - Sync 1 DAGs
[2026-03-28T19:42:28.541+0000] {logging_mixin.py:190} INFO - [2026-03-28T19:42:28.541+0000] {dag.py:4180} INFO - Setting next_dagrun for ml_training_pipeline_v2 to None, run_after=None
[2026-03-28T19:42:28.560+0000] {processor.py:208} INFO - Processing /home/ec2-user/environment/lab4_model_training/dags/ml_training_pipeline_v2.py took 1.370 seconds
[2026-03-28T19:42:58.819+0000] {processor.py:186} INFO - Started process (PID=12488) to work on /home/ec2-user/environment/lab4_model_training/dags/ml_training_pipeline_v2.py
[2026-03-28T19:42:58.819+0000] {processor.py:914} INFO - Processing file /home/ec2-user/environment/lab4_model_training/dags/ml_training_pipeline_v2.py for tasks to queue
[2026-03-28T19:42:58.820+0000] {logging_mixin.py:190} INFO - [2026-03-28T19:42:58.820+0000] {dagbag.py:588} INFO - Filling up the DagBag from /home/ec2-user/environment/lab4_model_training/dags/ml_training_pipeline_v2.py
[2026-03-28T19:43:00.123+0000] {processor.py:925} INFO - DAG(s) 'ml_training_pipeline_v2' retrieved from /home/ec2-user/environment/lab4_model_training/dags/ml_training_pipeline_v2.py
[2026-03-28T19:43:00.136+0000] {logging_mixin.py:190} INFO - [2026-03-28T19:43:00.136+0000] {dag.py:3239} INFO - Sync 1 DAGs
[2026-03-28T19:43:00.146+0000] {logging_mixin.py:190} INFO - [2026-03-28T19:43:00.146+0000] {dag.py:4180} INFO - Setting next_dagrun for ml_training_pipeline_v2 to None, run_after=None
[2026-03-28T19:43:00.163+0000] {processor.py:208} INFO - Processing /home/ec2-user/environment/lab4_model_training/dags/ml_training_pipeline_v2.py took 1.349 seconds
[2026-03-28T19:43:30.447+0000] {processor.py:186} INFO - Started process (PID=12512) to work on /home/ec2-user/environment/lab4_model_training/dags/ml_training_pipeline_v2.py
[2026-03-28T19:43:30.448+0000] {processor.py:914} INFO - Processing file /home/ec2-user/environment/lab4_model_training/dags/ml_training_pipeline_v2.py for tasks to queue
[2026-03-28T19:43:30.449+0000] {logging_mixin.py:190} INFO - [2026-03-28T19:43:30.449+0000] {dagbag.py:588} INFO - Filling up the DagBag from /home/ec2-user/environment/lab4_model_training/dags/ml_training_pipeline_v2.py
[2026-03-28T19:43:31.749+0000] {processor.py:925} INFO - DAG(s) 'ml_training_pipeline_v2' retrieved from /home/ec2-user/environment/lab4_model_training/dags/ml_training_pipeline_v2.py
[2026-03-28T19:43:31.763+0000] {logging_mixin.py:190} INFO - [2026-03-28T19:43:31.763+0000] {dag.py:3239} INFO - Sync 1 DAGs
[2026-03-28T19:43:31.772+0000] {logging_mixin.py:190} INFO - [2026-03-28T19:43:31.772+0000] {dag.py:4180} INFO - Setting next_dagrun for ml_training_pipeline_v2 to None, run_after=None
[2026-03-28T19:43:31.787+0000] {processor.py:208} INFO - Processing /home/ec2-user/environment/lab4_model_training/dags/ml_training_pipeline_v2.py took 1.345 seconds
[2026-03-28T19:44:02.083+0000] {processor.py:186} INFO - Started process (PID=12603) to work on /home/ec2-user/environment/lab4_model_training/dags/ml_training_pipeline_v2.py
[2026-03-28T19:44:02.084+0000] {processor.py:914} INFO - Processing file /home/ec2-user/environment/lab4_model_training/dags/ml_training_pipeline_v2.py for tasks to queue
[2026-03-28T19:44:02.085+0000] {logging_mixin.py:190} INFO - [2026-03-28T19:44:02.085+0000] {dagbag.py:588} INFO - Filling up the DagBag from /home/ec2-user/environment/lab4_model_training/dags/ml_training_pipeline_v2.py
[2026-03-28T19:44:03.419+0000] {processor.py:925} INFO - DAG(s) 'ml_training_pipeline_v2' retrieved from /home/ec2-user/environment/lab4_model_training/dags/ml_training_pipeline_v2.py
[2026-03-28T19:44:03.434+0000] {logging_mixin.py:190} INFO - [2026-03-28T19:44:03.433+0000] {dag.py:3239} INFO - Sync 1 DAGs
[2026-03-28T19:44:03.443+0000] {logging_mixin.py:190} INFO - [2026-03-28T19:44:03.443+0000] {dag.py:4180} INFO - Setting next_dagrun for ml_training_pipeline_v2 to None, run_after=None
[2026-03-28T19:44:03.460+0000] {processor.py:208} INFO - Processing /home/ec2-user/environment/lab4_model_training/dags/ml_training_pipeline_v2.py took 1.382 seconds
[2026-03-28T19:44:33.755+0000] {processor.py:186} INFO - Started process (PID=12640) to work on /home/ec2-user/environment/lab4_model_training/dags/ml_training_pipeline_v2.py
[2026-03-28T19:44:33.756+0000] {processor.py:914} INFO - Processing file /home/ec2-user/environment/lab4_model_training/dags/ml_training_pipeline_v2.py for tasks to queue
[2026-03-28T19:44:33.757+0000] {logging_mixin.py:190} INFO - [2026-03-28T19:44:33.757+0000] {dagbag.py:588} INFO - Filling up the DagBag from /home/ec2-user/environment/lab4_model_training/dags/ml_training_pipeline_v2.py
[2026-03-28T19:44:35.216+0000] {processor.py:925} INFO - DAG(s) 'ml_training_pipeline_v2' retrieved from /home/ec2-user/environment/lab4_model_training/dags/ml_training_pipeline_v2.py
[2026-03-28T19:44:35.231+0000] {logging_mixin.py:190} INFO - [2026-03-28T19:44:35.230+0000] {dag.py:3239} INFO - Sync 1 DAGs
[2026-03-28T19:44:35.239+0000] {logging_mixin.py:190} INFO - [2026-03-28T19:44:35.239+0000] {dag.py:4180} INFO - Setting next_dagrun for ml_training_pipeline_v2 to None, run_after=None
[2026-03-28T19:44:35.257+0000] {processor.py:208} INFO - Processing /home/ec2-user/environment/lab4_model_training/dags/ml_training_pipeline_v2.py took 1.508 seconds
[2026-03-28T19:45:05.492+0000] {processor.py:186} INFO - Started process (PID=12690) to work on /home/ec2-user/environment/lab4_model_training/dags/ml_training_pipeline_v2.py
[2026-03-28T19:45:05.493+0000] {processor.py:914} INFO - Processing file /home/ec2-user/environment/lab4_model_training/dags/ml_training_pipeline_v2.py for tasks to queue
[2026-03-28T19:45:05.495+0000] {logging_mixin.py:190} INFO - [2026-03-28T19:45:05.494+0000] {dagbag.py:588} INFO - Filling up the DagBag from /home/ec2-user/environment/lab4_model_training/dags/ml_training_pipeline_v2.py
[2026-03-28T19:45:07.016+0000] {processor.py:925} INFO - DAG(s) 'ml_training_pipeline_v2' retrieved from /home/ec2-user/environment/lab4_model_training/dags/ml_training_pipeline_v2.py
[2026-03-28T19:45:07.030+0000] {logging_mixin.py:190} INFO - [2026-03-28T19:45:07.030+0000] {dag.py:3239} INFO - Sync 1 DAGs
[2026-03-28T19:45:07.039+0000] {logging_mixin.py:190} INFO - [2026-03-28T19:45:07.039+0000] {dag.py:4180} INFO - Setting next_dagrun for ml_training_pipeline_v2 to None, run_after=None
[2026-03-28T19:45:07.057+0000] {processor.py:208} INFO - Processing /home/ec2-user/environment/lab4_model_training/dags/ml_training_pipeline_v2.py took 1.571 seconds
[2026-03-28T19:45:37.269+0000] {processor.py:186} INFO - Started process (PID=12772) to work on /home/ec2-user/environment/lab4_model_training/dags/ml_training_pipeline_v2.py
[2026-03-28T19:45:37.270+0000] {processor.py:914} INFO - Processing file /home/ec2-user/environment/lab4_model_training/dags/ml_training_pipeline_v2.py for tasks to queue
[2026-03-28T19:45:37.271+0000] {logging_mixin.py:190} INFO - [2026-03-28T19:45:37.271+0000] {dagbag.py:588} INFO - Filling up the DagBag from /home/ec2-user/environment/lab4_model_training/dags/ml_training_pipeline_v2.py
[2026-03-28T19:45:38.617+0000] {processor.py:925} INFO - DAG(s) 'ml_training_pipeline_v2' retrieved from /home/ec2-user/environment/lab4_model_training/dags/ml_training_pipeline_v2.py
[2026-03-28T19:45:38.631+0000] {logging_mixin.py:190} INFO - [2026-03-28T19:45:38.630+0000] {dag.py:3239} INFO - Sync 1 DAGs
[2026-03-28T19:45:38.640+0000] {logging_mixin.py:190} INFO - [2026-03-28T19:45:38.639+0000] {dag.py:4180} INFO - Setting next_dagrun for ml_training_pipeline_v2 to None, run_after=None
[2026-03-28T19:45:38.656+0000] {processor.py:208} INFO - Processing /home/ec2-user/environment/lab4_model_training/dags/ml_training_pipeline_v2.py took 1.393 seconds
[2026-03-28T19:46:08.757+0000] {processor.py:186} INFO - Started process (PID=12818) to work on /home/ec2-user/environment/lab4_model_training/dags/ml_training_pipeline_v2.py
[2026-03-28T19:46:08.758+0000] {processor.py:914} INFO - Processing file /home/ec2-user/environment/lab4_model_training/dags/ml_training_pipeline_v2.py for tasks to queue
[2026-03-28T19:46:08.759+0000] {logging_mixin.py:190} INFO - [2026-03-28T19:46:08.758+0000] {dagbag.py:588} INFO - Filling up the DagBag from /home/ec2-user/environment/lab4_model_training/dags/ml_training_pipeline_v2.py
[2026-03-28T19:46:10.092+0000] {processor.py:925} INFO - DAG(s) 'ml_training_pipeline_v2' retrieved from /home/ec2-user/environment/lab4_model_training/dags/ml_training_pipeline_v2.py
[2026-03-28T19:46:10.105+0000] {logging_mixin.py:190} INFO - [2026-03-28T19:46:10.105+0000] {dag.py:3239} INFO - Sync 1 DAGs
[2026-03-28T19:46:10.114+0000] {logging_mixin.py:190} INFO - [2026-03-28T19:46:10.113+0000] {dag.py:4180} INFO - Setting next_dagrun for ml_training_pipeline_v2 to None, run_after=None
[2026-03-28T19:46:10.130+0000] {processor.py:208} INFO - Processing /home/ec2-user/environment/lab4_model_training/dags/ml_training_pipeline_v2.py took 1.378 seconds
[2026-03-28T19:46:40.849+0000] {processor.py:186} INFO - Started process (PID=12849) to work on /home/ec2-user/environment/lab4_model_training/dags/ml_training_pipeline_v2.py
[2026-03-28T19:46:40.850+0000] {processor.py:914} INFO - Processing file /home/ec2-user/environment/lab4_model_training/dags/ml_training_pipeline_v2.py for tasks to queue
[2026-03-28T19:46:40.851+0000] {logging_mixin.py:190} INFO - [2026-03-28T19:46:40.851+0000] {dagbag.py:588} INFO - Filling up the DagBag from /home/ec2-user/environment/lab4_model_training/dags/ml_training_pipeline_v2.py
[2026-03-28T19:46:42.149+0000] {processor.py:925} INFO - DAG(s) 'ml_training_pipeline_v2' retrieved from /home/ec2-user/environment/lab4_model_training/dags/ml_training_pipeline_v2.py
[2026-03-28T19:46:42.163+0000] {logging_mixin.py:190} INFO - [2026-03-28T19:46:42.162+0000] {dag.py:3239} INFO - Sync 1 DAGs
[2026-03-28T19:46:42.171+0000] {logging_mixin.py:190} INFO - [2026-03-28T19:46:42.171+0000] {dag.py:4180} INFO - Setting next_dagrun for ml_training_pipeline_v2 to None, run_after=None
[2026-03-28T19:46:42.190+0000] {processor.py:208} INFO - Processing /home/ec2-user/environment/lab4_model_training/dags/ml_training_pipeline_v2.py took 1.347 seconds
[2026-03-28T19:47:12.441+0000] {processor.py:186} INFO - Started process (PID=12890) to work on /home/ec2-user/environment/lab4_model_training/dags/ml_training_pipeline_v2.py
[2026-03-28T19:47:12.442+0000] {processor.py:914} INFO - Processing file /home/ec2-user/environment/lab4_model_training/dags/ml_training_pipeline_v2.py for tasks to queue
[2026-03-28T19:47:12.443+0000] {logging_mixin.py:190} INFO - [2026-03-28T19:47:12.443+0000] {dagbag.py:588} INFO - Filling up the DagBag from /home/ec2-user/environment/lab4_model_training/dags/ml_training_pipeline_v2.py
[2026-03-28T19:47:13.774+0000] {processor.py:925} INFO - DAG(s) 'ml_training_pipeline_v2' retrieved from /home/ec2-user/environment/lab4_model_training/dags/ml_training_pipeline_v2.py
[2026-03-28T19:47:13.787+0000] {logging_mixin.py:190} INFO - [2026-03-28T19:47:13.787+0000] {dag.py:3239} INFO - Sync 1 DAGs
[2026-03-28T19:47:13.798+0000] {logging_mixin.py:190} INFO - [2026-03-28T19:47:13.798+0000] {dag.py:4180} INFO - Setting next_dagrun for ml_training_pipeline_v2 to None, run_after=None
[2026-03-28T19:47:13.815+0000] {processor.py:208} INFO - Processing /home/ec2-user/environment/lab4_model_training/dags/ml_training_pipeline_v2.py took 1.379 seconds
[2026-03-28T19:47:44.030+0000] {processor.py:186} INFO - Started process (PID=12964) to work on /home/ec2-user/environment/lab4_model_training/dags/ml_training_pipeline_v2.py
[2026-03-28T19:47:44.030+0000] {processor.py:914} INFO - Processing file /home/ec2-user/environment/lab4_model_training/dags/ml_training_pipeline_v2.py for tasks to queue
[2026-03-28T19:47:44.031+0000] {logging_mixin.py:190} INFO - [2026-03-28T19:47:44.031+0000] {dagbag.py:588} INFO - Filling up the DagBag from /home/ec2-user/environment/lab4_model_training/dags/ml_training_pipeline_v2.py
[2026-03-28T19:47:45.336+0000] {processor.py:925} INFO - DAG(s) 'ml_training_pipeline_v2' retrieved from /home/ec2-user/environment/lab4_model_training/dags/ml_training_pipeline_v2.py
[2026-03-28T19:47:45.349+0000] {logging_mixin.py:190} INFO - [2026-03-28T19:47:45.349+0000] {dag.py:3239} INFO - Sync 1 DAGs
[2026-03-28T19:47:45.359+0000] {logging_mixin.py:190} INFO - [2026-03-28T19:47:45.359+0000] {dag.py:4180} INFO - Setting next_dagrun for ml_training_pipeline_v2 to None, run_after=None
[2026-03-28T19:47:45.375+0000] {processor.py:208} INFO - Processing /home/ec2-user/environment/lab4_model_training/dags/ml_training_pipeline_v2.py took 1.351 seconds
[2026-03-28T19:48:15.616+0000] {processor.py:186} INFO - Started process (PID=13002) to work on /home/ec2-user/environment/lab4_model_training/dags/ml_training_pipeline_v2.py
[2026-03-28T19:48:15.617+0000] {processor.py:914} INFO - Processing file /home/ec2-user/environment/lab4_model_training/dags/ml_training_pipeline_v2.py for tasks to queue
[2026-03-28T19:48:15.618+0000] {logging_mixin.py:190} INFO - [2026-03-28T19:48:15.618+0000] {dagbag.py:588} INFO - Filling up the DagBag from /home/ec2-user/environment/lab4_model_training/dags/ml_training_pipeline_v2.py
[2026-03-28T19:48:16.917+0000] {processor.py:925} INFO - DAG(s) 'ml_training_pipeline_v2' retrieved from /home/ec2-user/environment/lab4_model_training/dags/ml_training_pipeline_v2.py
[2026-03-28T19:48:16.931+0000] {logging_mixin.py:190} INFO - [2026-03-28T19:48:16.930+0000] {dag.py:3239} INFO - Sync 1 DAGs
[2026-03-28T19:48:16.939+0000] {logging_mixin.py:190} INFO - [2026-03-28T19:48:16.939+0000] {dag.py:4180} INFO - Setting next_dagrun for ml_training_pipeline_v2 to None, run_after=None
[2026-03-28T19:48:16.956+0000] {processor.py:208} INFO - Processing /home/ec2-user/environment/lab4_model_training/dags/ml_training_pipeline_v2.py took 1.344 seconds
[2026-03-28T19:48:47.209+0000] {processor.py:186} INFO - Started process (PID=13034) to work on /home/ec2-user/environment/lab4_model_training/dags/ml_training_pipeline_v2.py
[2026-03-28T19:48:47.210+0000] {processor.py:914} INFO - Processing file /home/ec2-user/environment/lab4_model_training/dags/ml_training_pipeline_v2.py for tasks to queue
[2026-03-28T19:48:47.211+0000] {logging_mixin.py:190} INFO - [2026-03-28T19:48:47.211+0000] {dagbag.py:588} INFO - Filling up the DagBag from /home/ec2-user/environment/lab4_model_training/dags/ml_training_pipeline_v2.py
[2026-03-28T19:48:48.539+0000] {processor.py:925} INFO - DAG(s) 'ml_training_pipeline_v2' retrieved from /home/ec2-user/environment/lab4_model_training/dags/ml_training_pipeline_v2.py
[2026-03-28T19:48:48.554+0000] {logging_mixin.py:190} INFO - [2026-03-28T19:48:48.554+0000] {dag.py:3239} INFO - Sync 1 DAGs
[2026-03-28T19:48:48.563+0000] {logging_mixin.py:190} INFO - [2026-03-28T19:48:48.563+0000] {dag.py:4180} INFO - Setting next_dagrun for ml_training_pipeline_v2 to None, run_after=None
[2026-03-28T19:48:48.581+0000] {processor.py:208} INFO - Processing /home/ec2-user/environment/lab4_model_training/dags/ml_training_pipeline_v2.py took 1.377 seconds
[2026-03-28T19:49:18.795+0000] {processor.py:186} INFO - Started process (PID=13147) to work on /home/ec2-user/environment/lab4_model_training/dags/ml_training_pipeline_v2.py
[2026-03-28T19:49:18.796+0000] {processor.py:914} INFO - Processing file /home/ec2-user/environment/lab4_model_training/dags/ml_training_pipeline_v2.py for tasks to queue
[2026-03-28T19:49:18.797+0000] {logging_mixin.py:190} INFO - [2026-03-28T19:49:18.797+0000] {dagbag.py:588} INFO - Filling up the DagBag from /home/ec2-user/environment/lab4_model_training/dags/ml_training_pipeline_v2.py
[2026-03-28T19:49:20.092+0000] {processor.py:925} INFO - DAG(s) 'ml_training_pipeline_v2' retrieved from /home/ec2-user/environment/lab4_model_training/dags/ml_training_pipeline_v2.py
[2026-03-28T19:49:20.106+0000] {logging_mixin.py:190} INFO - [2026-03-28T19:49:20.106+0000] {dag.py:3239} INFO - Sync 1 DAGs
[2026-03-28T19:49:20.115+0000] {logging_mixin.py:190} INFO - [2026-03-28T19:49:20.115+0000] {dag.py:4180} INFO - Setting next_dagrun for ml_training_pipeline_v2 to None, run_after=None
[2026-03-28T19:49:20.132+0000] {processor.py:208} INFO - Processing /home/ec2-user/environment/lab4_model_training/dags/ml_training_pipeline_v2.py took 1.341 seconds
[2026-03-28T19:49:50.386+0000] {processor.py:186} INFO - Started process (PID=13173) to work on /home/ec2-user/environment/lab4_model_training/dags/ml_training_pipeline_v2.py
[2026-03-28T19:49:50.387+0000] {processor.py:914} INFO - Processing file /home/ec2-user/environment/lab4_model_training/dags/ml_training_pipeline_v2.py for tasks to queue
[2026-03-28T19:49:50.388+0000] {logging_mixin.py:190} INFO - [2026-03-28T19:49:50.388+0000] {dagbag.py:588} INFO - Filling up the DagBag from /home/ec2-user/environment/lab4_model_training/dags/ml_training_pipeline_v2.py
[2026-03-28T19:49:51.703+0000] {processor.py:925} INFO - DAG(s) 'ml_training_pipeline_v2' retrieved from /home/ec2-user/environment/lab4_model_training/dags/ml_training_pipeline_v2.py
[2026-03-28T19:49:51.716+0000] {logging_mixin.py:190} INFO - [2026-03-28T19:49:51.716+0000] {dag.py:3239} INFO - Sync 1 DAGs
[2026-03-28T19:49:51.725+0000] {logging_mixin.py:190} INFO - [2026-03-28T19:49:51.725+0000] {dag.py:4180} INFO - Setting next_dagrun for ml_training_pipeline_v2 to None, run_after=None
[2026-03-28T19:49:51.742+0000] {processor.py:208} INFO - Processing /home/ec2-user/environment/lab4_model_training/dags/ml_training_pipeline_v2.py took 1.361 seconds
[2026-03-28T19:50:21.986+0000] {processor.py:186} INFO - Started process (PID=13220) to work on /home/ec2-user/environment/lab4_model_training/dags/ml_training_pipeline_v2.py
[2026-03-28T19:50:21.987+0000] {processor.py:914} INFO - Processing file /home/ec2-user/environment/lab4_model_training/dags/ml_training_pipeline_v2.py for tasks to queue
[2026-03-28T19:50:21.988+0000] {logging_mixin.py:190} INFO - [2026-03-28T19:50:21.988+0000] {dagbag.py:588} INFO - Filling up the DagBag from /home/ec2-user/environment/lab4_model_training/dags/ml_training_pipeline_v2.py
[2026-03-28T19:50:23.327+0000] {processor.py:925} INFO - DAG(s) 'ml_training_pipeline_v2' retrieved from /home/ec2-user/environment/lab4_model_training/dags/ml_training_pipeline_v2.py
[2026-03-28T19:50:23.341+0000] {logging_mixin.py:190} INFO - [2026-03-28T19:50:23.340+0000] {dag.py:3239} INFO - Sync 1 DAGs
[2026-03-28T19:50:23.354+0000] {logging_mixin.py:190} INFO - [2026-03-28T19:50:23.353+0000] {dag.py:4180} INFO - Setting next_dagrun for ml_training_pipeline_v2 to None, run_after=None
[2026-03-28T19:50:23.371+0000] {processor.py:208} INFO - Processing /home/ec2-user/environment/lab4_model_training/dags/ml_training_pipeline_v2.py took 1.391 seconds
[2026-03-28T19:50:53.575+0000] {processor.py:186} INFO - Started process (PID=13299) to work on /home/ec2-user/environment/lab4_model_training/dags/ml_training_pipeline_v2.py
[2026-03-28T19:50:53.575+0000] {processor.py:914} INFO - Processing file /home/ec2-user/environment/lab4_model_training/dags/ml_training_pipeline_v2.py for tasks to queue
[2026-03-28T19:50:53.576+0000] {logging_mixin.py:190} INFO - [2026-03-28T19:50:53.576+0000] {dagbag.py:588} INFO - Filling up the DagBag from /home/ec2-user/environment/lab4_model_training/dags/ml_training_pipeline_v2.py
[2026-03-28T19:50:54.887+0000] {processor.py:925} INFO - DAG(s) 'ml_training_pipeline_v2' retrieved from /home/ec2-user/environment/lab4_model_training/dags/ml_training_pipeline_v2.py
[2026-03-28T19:50:54.899+0000] {logging_mixin.py:190} INFO - [2026-03-28T19:50:54.899+0000] {dag.py:3239} INFO - Sync 1 DAGs
[2026-03-28T19:50:54.908+0000] {logging_mixin.py:190} INFO - [2026-03-28T19:50:54.908+0000] {dag.py:4180} INFO - Setting next_dagrun for ml_training_pipeline_v2 to None, run_after=None
[2026-03-28T19:50:54.924+0000] {processor.py:208} INFO - Processing /home/ec2-user/environment/lab4_model_training/dags/ml_training_pipeline_v2.py took 1.354 seconds
[2026-03-28T19:51:25.164+0000] {processor.py:186} INFO - Started process (PID=13338) to work on /home/ec2-user/environment/lab4_model_training/dags/ml_training_pipeline_v2.py
[2026-03-28T19:51:25.166+0000] {processor.py:914} INFO - Processing file /home/ec2-user/environment/lab4_model_training/dags/ml_training_pipeline_v2.py for tasks to queue
[2026-03-28T19:51:25.167+0000] {logging_mixin.py:190} INFO - [2026-03-28T19:51:25.166+0000] {dagbag.py:588} INFO - Filling up the DagBag from /home/ec2-user/environment/lab4_model_training/dags/ml_training_pipeline_v2.py
[2026-03-28T19:51:26.479+0000] {processor.py:925} INFO - DAG(s) 'ml_training_pipeline_v2' retrieved from /home/ec2-user/environment/lab4_model_training/dags/ml_training_pipeline_v2.py
[2026-03-28T19:51:26.492+0000] {logging_mixin.py:190} INFO - [2026-03-28T19:51:26.492+0000] {dag.py:3239} INFO - Sync 1 DAGs
[2026-03-28T19:51:26.501+0000] {logging_mixin.py:190} INFO - [2026-03-28T19:51:26.500+0000] {dag.py:4180} INFO - Setting next_dagrun for ml_training_pipeline_v2 to None, run_after=None
[2026-03-28T19:51:26.518+0000] {processor.py:208} INFO - Processing /home/ec2-user/environment/lab4_model_training/dags/ml_training_pipeline_v2.py took 1.358 seconds
[2026-03-28T19:51:56.769+0000] {processor.py:186} INFO - Started process (PID=13373) to work on /home/ec2-user/environment/lab4_model_training/dags/ml_training_pipeline_v2.py
[2026-03-28T19:51:56.770+0000] {processor.py:914} INFO - Processing file /home/ec2-user/environment/lab4_model_training/dags/ml_training_pipeline_v2.py for tasks to queue
[2026-03-28T19:51:56.771+0000] {logging_mixin.py:190} INFO - [2026-03-28T19:51:56.771+0000] {dagbag.py:588} INFO - Filling up the DagBag from /home/ec2-user/environment/lab4_model_training/dags/ml_training_pipeline_v2.py
[2026-03-28T19:51:58.263+0000] {processor.py:925} INFO - DAG(s) 'ml_training_pipeline_v2' retrieved from /home/ec2-user/environment/lab4_model_training/dags/ml_training_pipeline_v2.py
[2026-03-28T19:51:58.284+0000] {logging_mixin.py:190} INFO - [2026-03-28T19:51:58.283+0000] {dag.py:3239} INFO - Sync 1 DAGs
[2026-03-28T19:51:58.298+0000] {logging_mixin.py:190} INFO - [2026-03-28T19:51:58.298+0000] {dag.py:4180} INFO - Setting next_dagrun for ml_training_pipeline_v2 to None, run_after=None
[2026-03-28T19:51:58.323+0000] {processor.py:208} INFO - Processing /home/ec2-user/environment/lab4_model_training/dags/ml_training_pipeline_v2.py took 1.559 seconds
[2026-03-28T19:52:26.002+0000] {processor.py:186} INFO - Started process (PID=13432) to work on /home/ec2-user/environment/lab4_model_training/dags/ml_training_pipeline_v2.py
[2026-03-28T19:52:26.003+0000] {processor.py:914} INFO - Processing file /home/ec2-user/environment/lab4_model_training/dags/ml_training_pipeline_v2.py for tasks to queue
[2026-03-28T19:52:26.004+0000] {logging_mixin.py:190} INFO - [2026-03-28T19:52:26.004+0000] {dagbag.py:588} INFO - Filling up the DagBag from /home/ec2-user/environment/lab4_model_training/dags/ml_training_pipeline_v2.py
[2026-03-28T19:52:27.321+0000] {processor.py:925} INFO - DAG(s) 'ml_training_pipeline_v2' retrieved from /home/ec2-user/environment/lab4_model_training/dags/ml_training_pipeline_v2.py
[2026-03-28T19:52:27.334+0000] {logging_mixin.py:190} INFO - [2026-03-28T19:52:27.334+0000] {dag.py:3239} INFO - Sync 1 DAGs
[2026-03-28T19:52:27.345+0000] {logging_mixin.py:190} INFO - [2026-03-28T19:52:27.345+0000] {dag.py:4180} INFO - Setting next_dagrun for ml_training_pipeline_v2 to None, run_after=None
[2026-03-28T19:52:27.363+0000] {processor.py:208} INFO - Processing /home/ec2-user/environment/lab4_model_training/dags/ml_training_pipeline_v2.py took 1.366 seconds
[2026-03-28T19:52:57.626+0000] {processor.py:186} INFO - Started process (PID=13509) to work on /home/ec2-user/environment/lab4_model_training/dags/ml_training_pipeline_v2.py
[2026-03-28T19:52:57.627+0000] {processor.py:914} INFO - Processing file /home/ec2-user/environment/lab4_model_training/dags/ml_training_pipeline_v2.py for tasks to queue
[2026-03-28T19:52:57.628+0000] {logging_mixin.py:190} INFO - [2026-03-28T19:52:57.628+0000] {dagbag.py:588} INFO - Filling up the DagBag from /home/ec2-user/environment/lab4_model_training/dags/ml_training_pipeline_v2.py
[2026-03-28T19:52:58.923+0000] {processor.py:925} INFO - DAG(s) 'ml_training_pipeline_v2' retrieved from /home/ec2-user/environment/lab4_model_training/dags/ml_training_pipeline_v2.py
[2026-03-28T19:52:58.937+0000] {logging_mixin.py:190} INFO - [2026-03-28T19:52:58.937+0000] {dag.py:3239} INFO - Sync 1 DAGs
[2026-03-28T19:52:58.946+0000] {logging_mixin.py:190} INFO - [2026-03-28T19:52:58.946+0000] {dag.py:4180} INFO - Setting next_dagrun for ml_training_pipeline_v2 to None, run_after=None
[2026-03-28T19:52:58.962+0000] {processor.py:208} INFO - Processing /home/ec2-user/environment/lab4_model_training/dags/ml_training_pipeline_v2.py took 1.341 seconds
[2026-03-28T19:53:29.253+0000] {processor.py:186} INFO - Started process (PID=13547) to work on /home/ec2-user/environment/lab4_model_training/dags/ml_training_pipeline_v2.py
[2026-03-28T19:53:29.253+0000] {processor.py:914} INFO - Processing file /home/ec2-user/environment/lab4_model_training/dags/ml_training_pipeline_v2.py for tasks to queue
[2026-03-28T19:53:29.254+0000] {logging_mixin.py:190} INFO - [2026-03-28T19:53:29.254+0000] {dagbag.py:588} INFO - Filling up the DagBag from /home/ec2-user/environment/lab4_model_training/dags/ml_training_pipeline_v2.py
[2026-03-28T19:53:30.583+0000] {processor.py:925} INFO - DAG(s) 'ml_training_pipeline_v2' retrieved from /home/ec2-user/environment/lab4_model_training/dags/ml_training_pipeline_v2.py
[2026-03-28T19:53:30.598+0000] {logging_mixin.py:190} INFO - [2026-03-28T19:53:30.597+0000] {dag.py:3239} INFO - Sync 1 DAGs
[2026-03-28T19:53:30.606+0000] {logging_mixin.py:190} INFO - [2026-03-28T19:53:30.606+0000] {dag.py:4180} INFO - Setting next_dagrun for ml_training_pipeline_v2 to None, run_after=None
[2026-03-28T19:53:30.625+0000] {processor.py:208} INFO - Processing /home/ec2-user/environment/lab4_model_training/dags/ml_training_pipeline_v2.py took 1.377 seconds
[2026-03-28T19:54:00.884+0000] {processor.py:186} INFO - Started process (PID=13574) to work on /home/ec2-user/environment/lab4_model_training/dags/ml_training_pipeline_v2.py
[2026-03-28T19:54:00.885+0000] {processor.py:914} INFO - Processing file /home/ec2-user/environment/lab4_model_training/dags/ml_training_pipeline_v2.py for tasks to queue
[2026-03-28T19:54:00.886+0000] {logging_mixin.py:190} INFO - [2026-03-28T19:54:00.886+0000] {dagbag.py:588} INFO - Filling up the DagBag from /home/ec2-user/environment/lab4_model_training/dags/ml_training_pipeline_v2.py
[2026-03-28T19:54:02.222+0000] {processor.py:925} INFO - DAG(s) 'ml_training_pipeline_v2' retrieved from /home/ec2-user/environment/lab4_model_training/dags/ml_training_pipeline_v2.py
[2026-03-28T19:54:02.237+0000] {logging_mixin.py:190} INFO - [2026-03-28T19:54:02.237+0000] {dag.py:3239} INFO - Sync 1 DAGs
[2026-03-28T19:54:02.246+0000] {logging_mixin.py:190} INFO - [2026-03-28T19:54:02.246+0000] {dag.py:4180} INFO - Setting next_dagrun for ml_training_pipeline_v2 to None, run_after=None
[2026-03-28T19:54:02.263+0000] {processor.py:208} INFO - Processing /home/ec2-user/environment/lab4_model_training/dags/ml_training_pipeline_v2.py took 1.384 seconds
[2026-03-28T19:54:25.841+0000] {processor.py:186} INFO - Started process (PID=13616) to work on /home/ec2-user/environment/lab4_model_training/dags/ml_training_pipeline_v2.py
[2026-03-28T19:54:25.842+0000] {processor.py:914} INFO - Processing file /home/ec2-user/environment/lab4_model_training/dags/ml_training_pipeline_v2.py for tasks to queue
[2026-03-28T19:54:25.843+0000] {logging_mixin.py:190} INFO - [2026-03-28T19:54:25.842+0000] {dagbag.py:588} INFO - Filling up the DagBag from /home/ec2-user/environment/lab4_model_training/dags/ml_training_pipeline_v2.py
[2026-03-28T19:54:27.166+0000] {processor.py:925} INFO - DAG(s) 'ml_training_pipeline_v2' retrieved from /home/ec2-user/environment/lab4_model_training/dags/ml_training_pipeline_v2.py
[2026-03-28T19:54:27.245+0000] {logging_mixin.py:190} INFO - [2026-03-28T19:54:27.244+0000] {dag.py:3239} INFO - Sync 1 DAGs
[2026-03-28T19:54:27.253+0000] {logging_mixin.py:190} INFO - [2026-03-28T19:54:27.252+0000] {dag.py:4180} INFO - Setting next_dagrun for ml_training_pipeline_v2 to None, run_after=None
[2026-03-28T19:54:27.270+0000] {processor.py:208} INFO - Processing /home/ec2-user/environment/lab4_model_training/dags/ml_training_pipeline_v2.py took 1.434 seconds
[2026-03-28T19:54:57.433+0000] {processor.py:186} INFO - Started process (PID=13692) to work on /home/ec2-user/environment/lab4_model_training/dags/ml_training_pipeline_v2.py
[2026-03-28T19:54:57.434+0000] {processor.py:914} INFO - Processing file /home/ec2-user/environment/lab4_model_training/dags/ml_training_pipeline_v2.py for tasks to queue
[2026-03-28T19:54:57.435+0000] {logging_mixin.py:190} INFO - [2026-03-28T19:54:57.435+0000] {dagbag.py:588} INFO - Filling up the DagBag from /home/ec2-user/environment/lab4_model_training/dags/ml_training_pipeline_v2.py
[2026-03-28T19:54:58.748+0000] {processor.py:925} INFO - DAG(s) 'ml_training_pipeline_v2' retrieved from /home/ec2-user/environment/lab4_model_training/dags/ml_training_pipeline_v2.py
[2026-03-28T19:54:58.761+0000] {logging_mixin.py:190} INFO - [2026-03-28T19:54:58.761+0000] {dag.py:3239} INFO - Sync 1 DAGs
[2026-03-28T19:54:58.770+0000] {logging_mixin.py:190} INFO - [2026-03-28T19:54:58.770+0000] {dag.py:4180} INFO - Setting next_dagrun for ml_training_pipeline_v2 to None, run_after=None
[2026-03-28T19:54:58.787+0000] {processor.py:208} INFO - Processing /home/ec2-user/environment/lab4_model_training/dags/ml_training_pipeline_v2.py took 1.359 seconds
[2026-03-28T19:55:02.278+0000] {processor.py:186} INFO - Started process (PID=13711) to work on /home/ec2-user/environment/lab4_model_training/dags/ml_training_pipeline_v2.py
[2026-03-28T19:55:02.279+0000] {processor.py:914} INFO - Processing file /home/ec2-user/environment/lab4_model_training/dags/ml_training_pipeline_v2.py for tasks to queue
[2026-03-28T19:55:02.280+0000] {logging_mixin.py:190} INFO - [2026-03-28T19:55:02.279+0000] {dagbag.py:588} INFO - Filling up the DagBag from /home/ec2-user/environment/lab4_model_training/dags/ml_training_pipeline_v2.py
[2026-03-28T19:55:03.604+0000] {processor.py:925} INFO - DAG(s) 'ml_training_pipeline_v2' retrieved from /home/ec2-user/environment/lab4_model_training/dags/ml_training_pipeline_v2.py
[2026-03-28T19:55:03.616+0000] {logging_mixin.py:190} INFO - [2026-03-28T19:55:03.616+0000] {dag.py:3239} INFO - Sync 1 DAGs
[2026-03-28T19:55:03.625+0000] {logging_mixin.py:190} INFO - [2026-03-28T19:55:03.625+0000] {dag.py:4180} INFO - Setting next_dagrun for ml_training_pipeline_v2 to None, run_after=None
[2026-03-28T19:55:03.642+0000] {processor.py:208} INFO - Processing /home/ec2-user/environment/lab4_model_training/dags/ml_training_pipeline_v2.py took 1.369 seconds
[2026-03-28T19:55:33.907+0000] {processor.py:186} INFO - Started process (PID=13756) to work on /home/ec2-user/environment/lab4_model_training/dags/ml_training_pipeline_v2.py
[2026-03-28T19:55:33.908+0000] {processor.py:914} INFO - Processing file /home/ec2-user/environment/lab4_model_training/dags/ml_training_pipeline_v2.py for tasks to queue
[2026-03-28T19:55:33.910+0000] {logging_mixin.py:190} INFO - [2026-03-28T19:55:33.909+0000] {dagbag.py:588} INFO - Filling up the DagBag from /home/ec2-user/environment/lab4_model_training/dags/ml_training_pipeline_v2.py
[2026-03-28T19:55:35.232+0000] {processor.py:925} INFO - DAG(s) 'ml_training_pipeline_v2' retrieved from /home/ec2-user/environment/lab4_model_training/dags/ml_training_pipeline_v2.py
[2026-03-28T19:55:35.246+0000] {logging_mixin.py:190} INFO - [2026-03-28T19:55:35.246+0000] {dag.py:3239} INFO - Sync 1 DAGs
[2026-03-28T19:55:35.255+0000] {logging_mixin.py:190} INFO - [2026-03-28T19:55:35.255+0000] {dag.py:4180} INFO - Setting next_dagrun for ml_training_pipeline_v2 to None, run_after=None
[2026-03-28T19:55:35.272+0000] {processor.py:208} INFO - Processing /home/ec2-user/environment/lab4_model_training/dags/ml_training_pipeline_v2.py took 1.369 seconds
[2026-03-28T19:56:06.051+0000] {processor.py:186} INFO - Started process (PID=13798) to work on /home/ec2-user/environment/lab4_model_training/dags/ml_training_pipeline_v2.py
[2026-03-28T19:56:06.053+0000] {processor.py:914} INFO - Processing file /home/ec2-user/environment/lab4_model_training/dags/ml_training_pipeline_v2.py for tasks to queue
[2026-03-28T19:56:06.054+0000] {logging_mixin.py:190} INFO - [2026-03-28T19:56:06.053+0000] {dagbag.py:588} INFO - Filling up the DagBag from /home/ec2-user/environment/lab4_model_training/dags/ml_training_pipeline_v2.py
[2026-03-28T19:56:07.361+0000] {processor.py:925} INFO - DAG(s) 'ml_training_pipeline_v2' retrieved from /home/ec2-user/environment/lab4_model_training/dags/ml_training_pipeline_v2.py
[2026-03-28T19:56:07.374+0000] {logging_mixin.py:190} INFO - [2026-03-28T19:56:07.374+0000] {dag.py:3239} INFO - Sync 1 DAGs
[2026-03-28T19:56:07.382+0000] {logging_mixin.py:190} INFO - [2026-03-28T19:56:07.382+0000] {dag.py:4180} INFO - Setting next_dagrun for ml_training_pipeline_v2 to None, run_after=None
[2026-03-28T19:56:07.400+0000] {processor.py:208} INFO - Processing /home/ec2-user/environment/lab4_model_training/dags/ml_training_pipeline_v2.py took 1.353 seconds
[2026-03-28T19:56:37.545+0000] {processor.py:186} INFO - Started process (PID=13873) to work on /home/ec2-user/environment/lab4_model_training/dags/ml_training_pipeline_v2.py
[2026-03-28T19:56:37.546+0000] {processor.py:914} INFO - Processing file /home/ec2-user/environment/lab4_model_training/dags/ml_training_pipeline_v2.py for tasks to queue
[2026-03-28T19:56:37.547+0000] {logging_mixin.py:190} INFO - [2026-03-28T19:56:37.547+0000] {dagbag.py:588} INFO - Filling up the DagBag from /home/ec2-user/environment/lab4_model_training/dags/ml_training_pipeline_v2.py
[2026-03-28T19:56:38.934+0000] {processor.py:925} INFO - DAG(s) 'ml_training_pipeline_v2' retrieved from /home/ec2-user/environment/lab4_model_training/dags/ml_training_pipeline_v2.py
[2026-03-28T19:56:38.947+0000] {logging_mixin.py:190} INFO - [2026-03-28T19:56:38.947+0000] {dag.py:3239} INFO - Sync 1 DAGs
[2026-03-28T19:56:38.957+0000] {logging_mixin.py:190} INFO - [2026-03-28T19:56:38.957+0000] {dag.py:4180} INFO - Setting next_dagrun for ml_training_pipeline_v2 to None, run_after=None
[2026-03-28T19:56:38.973+0000] {processor.py:208} INFO - Processing /home/ec2-user/environment/lab4_model_training/dags/ml_training_pipeline_v2.py took 1.433 seconds
[2026-03-28T19:57:09.152+0000] {processor.py:186} INFO - Started process (PID=13934) to work on /home/ec2-user/environment/lab4_model_training/dags/ml_training_pipeline_v2.py
[2026-03-28T19:57:09.152+0000] {processor.py:914} INFO - Processing file /home/ec2-user/environment/lab4_model_training/dags/ml_training_pipeline_v2.py for tasks to queue
[2026-03-28T19:57:09.153+0000] {logging_mixin.py:190} INFO - [2026-03-28T19:57:09.153+0000] {dagbag.py:588} INFO - Filling up the DagBag from /home/ec2-user/environment/lab4_model_training/dags/ml_training_pipeline_v2.py
[2026-03-28T19:57:10.457+0000] {processor.py:925} INFO - DAG(s) 'ml_training_pipeline_v2' retrieved from /home/ec2-user/environment/lab4_model_training/dags/ml_training_pipeline_v2.py
[2026-03-28T19:57:10.470+0000] {logging_mixin.py:190} INFO - [2026-03-28T19:57:10.470+0000] {dag.py:3239} INFO - Sync 1 DAGs
[2026-03-28T19:57:10.481+0000] {logging_mixin.py:190} INFO - [2026-03-28T19:57:10.480+0000] {dag.py:4180} INFO - Setting next_dagrun for ml_training_pipeline_v2 to None, run_after=None
[2026-03-28T19:57:10.497+0000] {processor.py:208} INFO - Processing /home/ec2-user/environment/lab4_model_training/dags/ml_training_pipeline_v2.py took 1.350 seconds
[2026-03-28T19:57:40.631+0000] {processor.py:186} INFO - Started process (PID=13972) to work on /home/ec2-user/environment/lab4_model_training/dags/ml_training_pipeline_v2.py
[2026-03-28T19:57:40.632+0000] {processor.py:914} INFO - Processing file /home/ec2-user/environment/lab4_model_training/dags/ml_training_pipeline_v2.py for tasks to queue
[2026-03-28T19:57:40.633+0000] {logging_mixin.py:190} INFO - [2026-03-28T19:57:40.633+0000] {dagbag.py:588} INFO - Filling up the DagBag from /home/ec2-user/environment/lab4_model_training/dags/ml_training_pipeline_v2.py
[2026-03-28T19:57:41.950+0000] {processor.py:925} INFO - DAG(s) 'ml_training_pipeline_v2' retrieved from /home/ec2-user/environment/lab4_model_training/dags/ml_training_pipeline_v2.py
[2026-03-28T19:57:41.965+0000] {logging_mixin.py:190} INFO - [2026-03-28T19:57:41.964+0000] {dag.py:3239} INFO - Sync 1 DAGs
[2026-03-28T19:57:41.973+0000] {logging_mixin.py:190} INFO - [2026-03-28T19:57:41.973+0000] {dag.py:4180} INFO - Setting next_dagrun for ml_training_pipeline_v2 to None, run_after=None
[2026-03-28T19:57:41.990+0000] {processor.py:208} INFO - Processing /home/ec2-user/environment/lab4_model_training/dags/ml_training_pipeline_v2.py took 1.364 seconds
[2026-03-28T19:58:12.669+0000] {processor.py:186} INFO - Started process (PID=14013) to work on /home/ec2-user/environment/lab4_model_training/dags/ml_training_pipeline_v2.py
[2026-03-28T19:58:12.669+0000] {processor.py:914} INFO - Processing file /home/ec2-user/environment/lab4_model_training/dags/ml_training_pipeline_v2.py for tasks to queue
[2026-03-28T19:58:12.670+0000] {logging_mixin.py:190} INFO - [2026-03-28T19:58:12.670+0000] {dagbag.py:588} INFO - Filling up the DagBag from /home/ec2-user/environment/lab4_model_training/dags/ml_training_pipeline_v2.py
[2026-03-28T19:58:13.997+0000] {processor.py:925} INFO - DAG(s) 'ml_training_pipeline_v2' retrieved from /home/ec2-user/environment/lab4_model_training/dags/ml_training_pipeline_v2.py
[2026-03-28T19:58:14.012+0000] {logging_mixin.py:190} INFO - [2026-03-28T19:58:14.011+0000] {dag.py:3239} INFO - Sync 1 DAGs
[2026-03-28T19:58:14.020+0000] {logging_mixin.py:190} INFO - [2026-03-28T19:58:14.020+0000] {dag.py:4180} INFO - Setting next_dagrun for ml_training_pipeline_v2 to None, run_after=None
[2026-03-28T19:58:14.037+0000] {processor.py:208} INFO - Processing /home/ec2-user/environment/lab4_model_training/dags/ml_training_pipeline_v2.py took 1.373 seconds
[2026-03-28T19:58:44.709+0000] {processor.py:186} INFO - Started process (PID=14087) to work on /home/ec2-user/environment/lab4_model_training/dags/ml_training_pipeline_v2.py
[2026-03-28T19:58:44.710+0000] {processor.py:914} INFO - Processing file /home/ec2-user/environment/lab4_model_training/dags/ml_training_pipeline_v2.py for tasks to queue
[2026-03-28T19:58:44.711+0000] {logging_mixin.py:190} INFO - [2026-03-28T19:58:44.711+0000] {dagbag.py:588} INFO - Filling up the DagBag from /home/ec2-user/environment/lab4_model_training/dags/ml_training_pipeline_v2.py
[2026-03-28T19:58:46.015+0000] {processor.py:925} INFO - DAG(s) 'ml_training_pipeline_v2' retrieved from /home/ec2-user/environment/lab4_model_training/dags/ml_training_pipeline_v2.py
[2026-03-28T19:58:46.028+0000] {logging_mixin.py:190} INFO - [2026-03-28T19:58:46.028+0000] {dag.py:3239} INFO - Sync 1 DAGs
[2026-03-28T19:58:46.037+0000] {logging_mixin.py:190} INFO - [2026-03-28T19:58:46.037+0000] {dag.py:4180} INFO - Setting next_dagrun for ml_training_pipeline_v2 to None, run_after=None
[2026-03-28T19:58:46.054+0000] {processor.py:208} INFO - Processing /home/ec2-user/environment/lab4_model_training/dags/ml_training_pipeline_v2.py took 1.350 seconds
[2026-03-28T19:59:16.752+0000] {processor.py:186} INFO - Started process (PID=14126) to work on /home/ec2-user/environment/lab4_model_training/dags/ml_training_pipeline_v2.py
[2026-03-28T19:59:16.753+0000] {processor.py:914} INFO - Processing file /home/ec2-user/environment/lab4_model_training/dags/ml_training_pipeline_v2.py for tasks to queue
[2026-03-28T19:59:16.754+0000] {logging_mixin.py:190} INFO - [2026-03-28T19:59:16.754+0000] {dagbag.py:588} INFO - Filling up the DagBag from /home/ec2-user/environment/lab4_model_training/dags/ml_training_pipeline_v2.py
[2026-03-28T19:59:18.081+0000] {processor.py:925} INFO - DAG(s) 'ml_training_pipeline_v2' retrieved from /home/ec2-user/environment/lab4_model_training/dags/ml_training_pipeline_v2.py
[2026-03-28T19:59:18.094+0000] {logging_mixin.py:190} INFO - [2026-03-28T19:59:18.094+0000] {dag.py:3239} INFO - Sync 1 DAGs
[2026-03-28T19:59:18.103+0000] {logging_mixin.py:190} INFO - [2026-03-28T19:59:18.103+0000] {dag.py:4180} INFO - Setting next_dagrun for ml_training_pipeline_v2 to None, run_after=None
[2026-03-28T19:59:18.120+0000] {processor.py:208} INFO - Processing /home/ec2-user/environment/lab4_model_training/dags/ml_training_pipeline_v2.py took 1.373 seconds
[2026-03-28T19:59:48.325+0000] {processor.py:186} INFO - Started process (PID=14156) to work on /home/ec2-user/environment/lab4_model_training/dags/ml_training_pipeline_v2.py
[2026-03-28T19:59:48.327+0000] {processor.py:914} INFO - Processing file /home/ec2-user/environment/lab4_model_training/dags/ml_training_pipeline_v2.py for tasks to queue
[2026-03-28T19:59:48.328+0000] {logging_mixin.py:190} INFO - [2026-03-28T19:59:48.327+0000] {dagbag.py:588} INFO - Filling up the DagBag from /home/ec2-user/environment/lab4_model_training/dags/ml_training_pipeline_v2.py
[2026-03-28T19:59:49.698+0000] {processor.py:925} INFO - DAG(s) 'ml_training_pipeline_v2' retrieved from /home/ec2-user/environment/lab4_model_training/dags/ml_training_pipeline_v2.py
[2026-03-28T19:59:49.712+0000] {logging_mixin.py:190} INFO - [2026-03-28T19:59:49.711+0000] {dag.py:3239} INFO - Sync 1 DAGs
[2026-03-28T19:59:49.721+0000] {logging_mixin.py:190} INFO - [2026-03-28T19:59:49.720+0000] {dag.py:4180} INFO - Setting next_dagrun for ml_training_pipeline_v2 to None, run_after=None
[2026-03-28T19:59:49.737+0000] {processor.py:208} INFO - Processing /home/ec2-user/environment/lab4_model_training/dags/ml_training_pipeline_v2.py took 1.417 seconds
[2026-03-28T20:00:20.470+0000] {processor.py:186} INFO - Started process (PID=14253) to work on /home/ec2-user/environment/lab4_model_training/dags/ml_training_pipeline_v2.py
[2026-03-28T20:00:20.471+0000] {processor.py:914} INFO - Processing file /home/ec2-user/environment/lab4_model_training/dags/ml_training_pipeline_v2.py for tasks to queue
[2026-03-28T20:00:20.472+0000] {logging_mixin.py:190} INFO - [2026-03-28T20:00:20.472+0000] {dagbag.py:588} INFO - Filling up the DagBag from /home/ec2-user/environment/lab4_model_training/dags/ml_training_pipeline_v2.py
[2026-03-28T20:00:21.790+0000] {processor.py:925} INFO - DAG(s) 'ml_training_pipeline_v2' retrieved from /home/ec2-user/environment/lab4_model_training/dags/ml_training_pipeline_v2.py
[2026-03-28T20:00:21.803+0000] {logging_mixin.py:190} INFO - [2026-03-28T20:00:21.802+0000] {dag.py:3239} INFO - Sync 1 DAGs
[2026-03-28T20:00:21.811+0000] {logging_mixin.py:190} INFO - [2026-03-28T20:00:21.811+0000] {dag.py:4180} INFO - Setting next_dagrun for ml_training_pipeline_v2 to None, run_after=None
[2026-03-28T20:00:21.828+0000] {processor.py:208} INFO - Processing /home/ec2-user/environment/lab4_model_training/dags/ml_training_pipeline_v2.py took 1.363 seconds
[2026-03-28T20:00:54.697+0000] {processor.py:186} INFO - Started process (PID=14288) to work on /home/ec2-user/environment/lab4_model_training/dags/ml_training_pipeline_v2.py
[2026-03-28T20:00:54.699+0000] {processor.py:914} INFO - Processing file /home/ec2-user/environment/lab4_model_training/dags/ml_training_pipeline_v2.py for tasks to queue
[2026-03-28T20:00:54.700+0000] {logging_mixin.py:190} INFO - [2026-03-28T20:00:54.699+0000] {dagbag.py:588} INFO - Filling up the DagBag from /home/ec2-user/environment/lab4_model_training/dags/ml_training_pipeline_v2.py
[2026-03-28T20:00:56.033+0000] {processor.py:925} INFO - DAG(s) 'ml_training_pipeline_v2' retrieved from /home/ec2-user/environment/lab4_model_training/dags/ml_training_pipeline_v2.py
[2026-03-28T20:00:56.047+0000] {logging_mixin.py:190} INFO - [2026-03-28T20:00:56.046+0000] {dag.py:3239} INFO - Sync 1 DAGs
[2026-03-28T20:00:56.057+0000] {logging_mixin.py:190} INFO - [2026-03-28T20:00:56.057+0000] {dag.py:4180} INFO - Setting next_dagrun for ml_training_pipeline_v2 to None, run_after=None
[2026-03-28T20:00:56.074+0000] {processor.py:208} INFO - Processing /home/ec2-user/environment/lab4_model_training/dags/ml_training_pipeline_v2.py took 1.382 seconds
[2026-03-28T20:01:13.517+0000] {processor.py:186} INFO - Started process (PID=14333) to work on /home/ec2-user/environment/lab4_model_training/dags/ml_training_pipeline_v2.py
[2026-03-28T20:01:13.518+0000] {processor.py:914} INFO - Processing file /home/ec2-user/environment/lab4_model_training/dags/ml_training_pipeline_v2.py for tasks to queue
[2026-03-28T20:01:13.519+0000] {logging_mixin.py:190} INFO - [2026-03-28T20:01:13.519+0000] {dagbag.py:588} INFO - Filling up the DagBag from /home/ec2-user/environment/lab4_model_training/dags/ml_training_pipeline_v2.py
[2026-03-28T20:01:14.843+0000] {processor.py:925} INFO - DAG(s) 'ml_training_pipeline_v2' retrieved from /home/ec2-user/environment/lab4_model_training/dags/ml_training_pipeline_v2.py
[2026-03-28T20:01:14.855+0000] {logging_mixin.py:190} INFO - [2026-03-28T20:01:14.855+0000] {dag.py:3239} INFO - Sync 1 DAGs
[2026-03-28T20:01:14.865+0000] {logging_mixin.py:190} INFO - [2026-03-28T20:01:14.865+0000] {dag.py:4180} INFO - Setting next_dagrun for ml_training_pipeline_v2 to None, run_after=None
[2026-03-28T20:01:14.882+0000] {processor.py:208} INFO - Processing /home/ec2-user/environment/lab4_model_training/dags/ml_training_pipeline_v2.py took 1.370 seconds
[2026-03-28T20:01:45.104+0000] {processor.py:186} INFO - Started process (PID=14409) to work on /home/ec2-user/environment/lab4_model_training/dags/ml_training_pipeline_v2.py
[2026-03-28T20:01:45.106+0000] {processor.py:914} INFO - Processing file /home/ec2-user/environment/lab4_model_training/dags/ml_training_pipeline_v2.py for tasks to queue
[2026-03-28T20:01:45.107+0000] {logging_mixin.py:190} INFO - [2026-03-28T20:01:45.106+0000] {dagbag.py:588} INFO - Filling up the DagBag from /home/ec2-user/environment/lab4_model_training/dags/ml_training_pipeline_v2.py
[2026-03-28T20:01:46.433+0000] {processor.py:925} INFO - DAG(s) 'ml_training_pipeline_v2' retrieved from /home/ec2-user/environment/lab4_model_training/dags/ml_training_pipeline_v2.py
[2026-03-28T20:01:46.448+0000] {logging_mixin.py:190} INFO - [2026-03-28T20:01:46.447+0000] {dag.py:3239} INFO - Sync 1 DAGs
[2026-03-28T20:01:46.456+0000] {logging_mixin.py:190} INFO - [2026-03-28T20:01:46.456+0000] {dag.py:4180} INFO - Setting next_dagrun for ml_training_pipeline_v2 to None, run_after=None
[2026-03-28T20:01:46.473+0000] {processor.py:208} INFO - Processing /home/ec2-user/environment/lab4_model_training/dags/ml_training_pipeline_v2.py took 1.374 seconds
[2026-03-28T20:02:16.711+0000] {processor.py:186} INFO - Started process (PID=14449) to work on /home/ec2-user/environment/lab4_model_training/dags/ml_training_pipeline_v2.py
[2026-03-28T20:02:16.712+0000] {processor.py:914} INFO - Processing file /home/ec2-user/environment/lab4_model_training/dags/ml_training_pipeline_v2.py for tasks to queue
[2026-03-28T20:02:16.713+0000] {logging_mixin.py:190} INFO - [2026-03-28T20:02:16.713+0000] {dagbag.py:588} INFO - Filling up the DagBag from /home/ec2-user/environment/lab4_model_training/dags/ml_training_pipeline_v2.py
[2026-03-28T20:02:18.053+0000] {processor.py:925} INFO - DAG(s) 'ml_training_pipeline_v2' retrieved from /home/ec2-user/environment/lab4_model_training/dags/ml_training_pipeline_v2.py
[2026-03-28T20:02:18.067+0000] {logging_mixin.py:190} INFO - [2026-03-28T20:02:18.067+0000] {dag.py:3239} INFO - Sync 1 DAGs
[2026-03-28T20:02:18.076+0000] {logging_mixin.py:190} INFO - [2026-03-28T20:02:18.076+0000] {dag.py:4180} INFO - Setting next_dagrun for ml_training_pipeline_v2 to None, run_after=None
[2026-03-28T20:02:18.093+0000] {processor.py:208} INFO - Processing /home/ec2-user/environment/lab4_model_training/dags/ml_training_pipeline_v2.py took 1.387 seconds
[2026-03-28T20:02:48.321+0000] {processor.py:186} INFO - Started process (PID=14479) to work on /home/ec2-user/environment/lab4_model_training/dags/ml_training_pipeline_v2.py
[2026-03-28T20:02:48.321+0000] {processor.py:914} INFO - Processing file /home/ec2-user/environment/lab4_model_training/dags/ml_training_pipeline_v2.py for tasks to queue
[2026-03-28T20:02:48.322+0000] {logging_mixin.py:190} INFO - [2026-03-28T20:02:48.322+0000] {dagbag.py:588} INFO - Filling up the DagBag from /home/ec2-user/environment/lab4_model_training/dags/ml_training_pipeline_v2.py
[2026-03-28T20:02:49.657+0000] {processor.py:925} INFO - DAG(s) 'ml_training_pipeline_v2' retrieved from /home/ec2-user/environment/lab4_model_training/dags/ml_training_pipeline_v2.py
[2026-03-28T20:02:49.672+0000] {logging_mixin.py:190} INFO - [2026-03-28T20:02:49.671+0000] {dag.py:3239} INFO - Sync 1 DAGs
[2026-03-28T20:02:49.681+0000] {logging_mixin.py:190} INFO - [2026-03-28T20:02:49.680+0000] {dag.py:4180} INFO - Setting next_dagrun for ml_training_pipeline_v2 to None, run_after=None
[2026-03-28T20:02:49.698+0000] {processor.py:208} INFO - Processing /home/ec2-user/environment/lab4_model_training/dags/ml_training_pipeline_v2.py took 1.382 seconds
[2026-03-28T20:03:19.934+0000] {processor.py:186} INFO - Started process (PID=14525) to work on /home/ec2-user/environment/lab4_model_training/dags/ml_training_pipeline_v2.py
[2026-03-28T20:03:19.935+0000] {processor.py:914} INFO - Processing file /home/ec2-user/environment/lab4_model_training/dags/ml_training_pipeline_v2.py for tasks to queue
[2026-03-28T20:03:19.936+0000] {logging_mixin.py:190} INFO - [2026-03-28T20:03:19.936+0000] {dagbag.py:588} INFO - Filling up the DagBag from /home/ec2-user/environment/lab4_model_training/dags/ml_training_pipeline_v2.py
[2026-03-28T20:03:21.279+0000] {processor.py:925} INFO - DAG(s) 'ml_training_pipeline_v2' retrieved from /home/ec2-user/environment/lab4_model_training/dags/ml_training_pipeline_v2.py
[2026-03-28T20:03:21.293+0000] {logging_mixin.py:190} INFO - [2026-03-28T20:03:21.293+0000] {dag.py:3239} INFO - Sync 1 DAGs
[2026-03-28T20:03:21.302+0000] {logging_mixin.py:190} INFO - [2026-03-28T20:03:21.302+0000] {dag.py:4180} INFO - Setting next_dagrun for ml_training_pipeline_v2 to None, run_after=None
[2026-03-28T20:03:21.319+0000] {processor.py:208} INFO - Processing /home/ec2-user/environment/lab4_model_training/dags/ml_training_pipeline_v2.py took 1.390 seconds
[2026-03-28T20:03:51.623+0000] {processor.py:186} INFO - Started process (PID=14599) to work on /home/ec2-user/environment/lab4_model_training/dags/ml_training_pipeline_v2.py
[2026-03-28T20:03:51.624+0000] {processor.py:914} INFO - Processing file /home/ec2-user/environment/lab4_model_training/dags/ml_training_pipeline_v2.py for tasks to queue
[2026-03-28T20:03:51.625+0000] {logging_mixin.py:190} INFO - [2026-03-28T20:03:51.625+0000] {dagbag.py:588} INFO - Filling up the DagBag from /home/ec2-user/environment/lab4_model_training/dags/ml_training_pipeline_v2.py
[2026-03-28T20:03:52.977+0000] {processor.py:925} INFO - DAG(s) 'ml_training_pipeline_v2' retrieved from /home/ec2-user/environment/lab4_model_training/dags/ml_training_pipeline_v2.py
[2026-03-28T20:03:52.991+0000] {logging_mixin.py:190} INFO - [2026-03-28T20:03:52.991+0000] {dag.py:3239} INFO - Sync 1 DAGs
[2026-03-28T20:03:53.000+0000] {logging_mixin.py:190} INFO - [2026-03-28T20:03:53.000+0000] {dag.py:4180} INFO - Setting next_dagrun for ml_training_pipeline_v2 to None, run_after=None
[2026-03-28T20:03:53.017+0000] {processor.py:208} INFO - Processing /home/ec2-user/environment/lab4_model_training/dags/ml_training_pipeline_v2.py took 1.399 seconds
[2026-03-28T20:04:23.235+0000] {processor.py:186} INFO - Started process (PID=14663) to work on /home/ec2-user/environment/lab4_model_training/dags/ml_training_pipeline_v2.py
[2026-03-28T20:04:23.236+0000] {processor.py:914} INFO - Processing file /home/ec2-user/environment/lab4_model_training/dags/ml_training_pipeline_v2.py for tasks to queue
[2026-03-28T20:04:23.237+0000] {logging_mixin.py:190} INFO - [2026-03-28T20:04:23.237+0000] {dagbag.py:588} INFO - Filling up the DagBag from /home/ec2-user/environment/lab4_model_training/dags/ml_training_pipeline_v2.py
[2026-03-28T20:04:24.576+0000] {processor.py:925} INFO - DAG(s) 'ml_training_pipeline_v2' retrieved from /home/ec2-user/environment/lab4_model_training/dags/ml_training_pipeline_v2.py
[2026-03-28T20:04:24.589+0000] {logging_mixin.py:190} INFO - [2026-03-28T20:04:24.589+0000] {dag.py:3239} INFO - Sync 1 DAGs
[2026-03-28T20:04:24.598+0000] {logging_mixin.py:190} INFO - [2026-03-28T20:04:24.598+0000] {dag.py:4180} INFO - Setting next_dagrun for ml_training_pipeline_v2 to None, run_after=None
[2026-03-28T20:04:24.614+0000] {processor.py:208} INFO - Processing /home/ec2-user/environment/lab4_model_training/dags/ml_training_pipeline_v2.py took 1.384 seconds
[2026-03-28T20:04:54.838+0000] {processor.py:186} INFO - Started process (PID=14689) to work on /home/ec2-user/environment/lab4_model_training/dags/ml_training_pipeline_v2.py
[2026-03-28T20:04:54.839+0000] {processor.py:914} INFO - Processing file /home/ec2-user/environment/lab4_model_training/dags/ml_training_pipeline_v2.py for tasks to queue
[2026-03-28T20:04:54.840+0000] {logging_mixin.py:190} INFO - [2026-03-28T20:04:54.839+0000] {dagbag.py:588} INFO - Filling up the DagBag from /home/ec2-user/environment/lab4_model_training/dags/ml_training_pipeline_v2.py
[2026-03-28T20:04:56.169+0000] {processor.py:925} INFO - DAG(s) 'ml_training_pipeline_v2' retrieved from /home/ec2-user/environment/lab4_model_training/dags/ml_training_pipeline_v2.py
[2026-03-28T20:04:56.183+0000] {logging_mixin.py:190} INFO - [2026-03-28T20:04:56.183+0000] {dag.py:3239} INFO - Sync 1 DAGs
[2026-03-28T20:04:56.192+0000] {logging_mixin.py:190} INFO - [2026-03-28T20:04:56.192+0000] {dag.py:4180} INFO - Setting next_dagrun for ml_training_pipeline_v2 to None, run_after=None
[2026-03-28T20:04:56.211+0000] {processor.py:208} INFO - Processing /home/ec2-user/environment/lab4_model_training/dags/ml_training_pipeline_v2.py took 1.379 seconds
[2026-03-28T20:05:26.446+0000] {processor.py:186} INFO - Started process (PID=14727) to work on /home/ec2-user/environment/lab4_model_training/dags/ml_training_pipeline_v2.py
[2026-03-28T20:05:26.447+0000] {processor.py:914} INFO - Processing file /home/ec2-user/environment/lab4_model_training/dags/ml_training_pipeline_v2.py for tasks to queue
[2026-03-28T20:05:26.448+0000] {logging_mixin.py:190} INFO - [2026-03-28T20:05:26.447+0000] {dagbag.py:588} INFO - Filling up the DagBag from /home/ec2-user/environment/lab4_model_training/dags/ml_training_pipeline_v2.py
[2026-03-28T20:05:27.794+0000] {processor.py:925} INFO - DAG(s) 'ml_training_pipeline_v2' retrieved from /home/ec2-user/environment/lab4_model_training/dags/ml_training_pipeline_v2.py
[2026-03-28T20:05:27.808+0000] {logging_mixin.py:190} INFO - [2026-03-28T20:05:27.807+0000] {dag.py:3239} INFO - Sync 1 DAGs
[2026-03-28T20:05:27.818+0000] {logging_mixin.py:190} INFO - [2026-03-28T20:05:27.818+0000] {dag.py:4180} INFO - Setting next_dagrun for ml_training_pipeline_v2 to None, run_after=None
[2026-03-28T20:05:27.836+0000] {processor.py:208} INFO - Processing /home/ec2-user/environment/lab4_model_training/dags/ml_training_pipeline_v2.py took 1.395 seconds
[2026-03-28T20:05:58.058+0000] {processor.py:186} INFO - Started process (PID=14806) to work on /home/ec2-user/environment/lab4_model_training/dags/ml_training_pipeline_v2.py
[2026-03-28T20:05:58.060+0000] {processor.py:914} INFO - Processing file /home/ec2-user/environment/lab4_model_training/dags/ml_training_pipeline_v2.py for tasks to queue
[2026-03-28T20:05:58.061+0000] {logging_mixin.py:190} INFO - [2026-03-28T20:05:58.060+0000] {dagbag.py:588} INFO - Filling up the DagBag from /home/ec2-user/environment/lab4_model_training/dags/ml_training_pipeline_v2.py
[2026-03-28T20:05:59.403+0000] {processor.py:925} INFO - DAG(s) 'ml_training_pipeline_v2' retrieved from /home/ec2-user/environment/lab4_model_training/dags/ml_training_pipeline_v2.py
[2026-03-28T20:05:59.416+0000] {logging_mixin.py:190} INFO - [2026-03-28T20:05:59.416+0000] {dag.py:3239} INFO - Sync 1 DAGs
[2026-03-28T20:05:59.427+0000] {logging_mixin.py:190} INFO - [2026-03-28T20:05:59.427+0000] {dag.py:4180} INFO - Setting next_dagrun for ml_training_pipeline_v2 to None, run_after=None
[2026-03-28T20:05:59.444+0000] {processor.py:208} INFO - Processing /home/ec2-user/environment/lab4_model_training/dags/ml_training_pipeline_v2.py took 1.391 seconds
[2026-03-28T20:06:29.765+0000] {processor.py:186} INFO - Started process (PID=14847) to work on /home/ec2-user/environment/lab4_model_training/dags/ml_training_pipeline_v2.py
[2026-03-28T20:06:29.765+0000] {processor.py:914} INFO - Processing file /home/ec2-user/environment/lab4_model_training/dags/ml_training_pipeline_v2.py for tasks to queue
[2026-03-28T20:06:29.766+0000] {logging_mixin.py:190} INFO - [2026-03-28T20:06:29.766+0000] {dagbag.py:588} INFO - Filling up the DagBag from /home/ec2-user/environment/lab4_model_training/dags/ml_training_pipeline_v2.py
[2026-03-28T20:06:31.101+0000] {processor.py:925} INFO - DAG(s) 'ml_training_pipeline_v2' retrieved from /home/ec2-user/environment/lab4_model_training/dags/ml_training_pipeline_v2.py
[2026-03-28T20:06:31.116+0000] {logging_mixin.py:190} INFO - [2026-03-28T20:06:31.116+0000] {dag.py:3239} INFO - Sync 1 DAGs
[2026-03-28T20:06:31.125+0000] {logging_mixin.py:190} INFO - [2026-03-28T20:06:31.125+0000] {dag.py:4180} INFO - Setting next_dagrun for ml_training_pipeline_v2 to None, run_after=None
[2026-03-28T20:06:31.142+0000] {processor.py:208} INFO - Processing /home/ec2-user/environment/lab4_model_training/dags/ml_training_pipeline_v2.py took 1.382 seconds
[2026-03-28T20:07:02.072+0000] {processor.py:186} INFO - Started process (PID=14889) to work on /home/ec2-user/environment/lab4_model_training/dags/ml_training_pipeline_v2.py
[2026-03-28T20:07:02.074+0000] {processor.py:914} INFO - Processing file /home/ec2-user/environment/lab4_model_training/dags/ml_training_pipeline_v2.py for tasks to queue
[2026-03-28T20:07:02.075+0000] {logging_mixin.py:190} INFO - [2026-03-28T20:07:02.074+0000] {dagbag.py:588} INFO - Filling up the DagBag from /home/ec2-user/environment/lab4_model_training/dags/ml_training_pipeline_v2.py
[2026-03-28T20:07:03.396+0000] {processor.py:925} INFO - DAG(s) 'ml_training_pipeline_v2' retrieved from /home/ec2-user/environment/lab4_model_training/dags/ml_training_pipeline_v2.py
[2026-03-28T20:07:03.410+0000] {logging_mixin.py:190} INFO - [2026-03-28T20:07:03.410+0000] {dag.py:3239} INFO - Sync 1 DAGs
[2026-03-28T20:07:03.419+0000] {logging_mixin.py:190} INFO - [2026-03-28T20:07:03.419+0000] {dag.py:4180} INFO - Setting next_dagrun for ml_training_pipeline_v2 to None, run_after=None
[2026-03-28T20:07:03.436+0000] {processor.py:208} INFO - Processing /home/ec2-user/environment/lab4_model_training/dags/ml_training_pipeline_v2.py took 1.368 seconds
[2026-03-28T20:07:33.693+0000] {processor.py:186} INFO - Started process (PID=14974) to work on /home/ec2-user/environment/lab4_model_training/dags/ml_training_pipeline_v2.py
[2026-03-28T20:07:33.694+0000] {processor.py:914} INFO - Processing file /home/ec2-user/environment/lab4_model_training/dags/ml_training_pipeline_v2.py for tasks to queue
[2026-03-28T20:07:33.695+0000] {logging_mixin.py:190} INFO - [2026-03-28T20:07:33.695+0000] {dagbag.py:588} INFO - Filling up the DagBag from /home/ec2-user/environment/lab4_model_training/dags/ml_training_pipeline_v2.py
[2026-03-28T20:07:35.304+0000] {processor.py:925} INFO - DAG(s) 'ml_training_pipeline_v2' retrieved from /home/ec2-user/environment/lab4_model_training/dags/ml_training_pipeline_v2.py
[2026-03-28T20:07:35.326+0000] {logging_mixin.py:190} INFO - [2026-03-28T20:07:35.325+0000] {dag.py:3239} INFO - Sync 1 DAGs
[2026-03-28T20:07:35.340+0000] {logging_mixin.py:190} INFO - [2026-03-28T20:07:35.340+0000] {dag.py:4180} INFO - Setting next_dagrun for ml_training_pipeline_v2 to None, run_after=None
[2026-03-28T20:07:35.364+0000] {processor.py:208} INFO - Processing /home/ec2-user/environment/lab4_model_training/dags/ml_training_pipeline_v2.py took 1.678 seconds
[2026-03-28T20:07:43.551+0000] {processor.py:186} INFO - Started process (PID=14986) to work on /home/ec2-user/environment/lab4_model_training/dags/ml_training_pipeline_v2.py
[2026-03-28T20:07:43.551+0000] {processor.py:914} INFO - Processing file /home/ec2-user/environment/lab4_model_training/dags/ml_training_pipeline_v2.py for tasks to queue
[2026-03-28T20:07:43.552+0000] {logging_mixin.py:190} INFO - [2026-03-28T20:07:43.552+0000] {dagbag.py:588} INFO - Filling up the DagBag from /home/ec2-user/environment/lab4_model_training/dags/ml_training_pipeline_v2.py
[2026-03-28T20:07:44.878+0000] {processor.py:925} INFO - DAG(s) 'ml_training_pipeline_v2' retrieved from /home/ec2-user/environment/lab4_model_training/dags/ml_training_pipeline_v2.py
[2026-03-28T20:07:44.957+0000] {logging_mixin.py:190} INFO - [2026-03-28T20:07:44.956+0000] {dag.py:3239} INFO - Sync 1 DAGs
[2026-03-28T20:07:44.965+0000] {logging_mixin.py:190} INFO - [2026-03-28T20:07:44.964+0000] {dag.py:4180} INFO - Setting next_dagrun for ml_training_pipeline_v2 to None, run_after=None
[2026-03-28T20:07:44.983+0000] {processor.py:208} INFO - Processing /home/ec2-user/environment/lab4_model_training/dags/ml_training_pipeline_v2.py took 1.437 seconds
[2026-03-28T20:08:15.534+0000] {processor.py:186} INFO - Started process (PID=15028) to work on /home/ec2-user/environment/lab4_model_training/dags/ml_training_pipeline_v2.py
[2026-03-28T20:08:15.536+0000] {processor.py:914} INFO - Processing file /home/ec2-user/environment/lab4_model_training/dags/ml_training_pipeline_v2.py for tasks to queue
[2026-03-28T20:08:15.537+0000] {logging_mixin.py:190} INFO - [2026-03-28T20:08:15.536+0000] {dagbag.py:588} INFO - Filling up the DagBag from /home/ec2-user/environment/lab4_model_training/dags/ml_training_pipeline_v2.py
[2026-03-28T20:08:16.875+0000] {processor.py:925} INFO - DAG(s) 'ml_training_pipeline_v2' retrieved from /home/ec2-user/environment/lab4_model_training/dags/ml_training_pipeline_v2.py
[2026-03-28T20:08:16.889+0000] {logging_mixin.py:190} INFO - [2026-03-28T20:08:16.888+0000] {dag.py:3239} INFO - Sync 1 DAGs
[2026-03-28T20:08:16.898+0000] {logging_mixin.py:190} INFO - [2026-03-28T20:08:16.898+0000] {dag.py:4180} INFO - Setting next_dagrun for ml_training_pipeline_v2 to None, run_after=None
[2026-03-28T20:08:16.916+0000] {processor.py:208} INFO - Processing /home/ec2-user/environment/lab4_model_training/dags/ml_training_pipeline_v2.py took 1.386 seconds
[2026-03-28T20:08:47.365+0000] {processor.py:186} INFO - Started process (PID=15054) to work on /home/ec2-user/environment/lab4_model_training/dags/ml_training_pipeline_v2.py
[2026-03-28T20:08:47.366+0000] {processor.py:914} INFO - Processing file /home/ec2-user/environment/lab4_model_training/dags/ml_training_pipeline_v2.py for tasks to queue
[2026-03-28T20:08:47.367+0000] {logging_mixin.py:190} INFO - [2026-03-28T20:08:47.367+0000] {dagbag.py:588} INFO - Filling up the DagBag from /home/ec2-user/environment/lab4_model_training/dags/ml_training_pipeline_v2.py
[2026-03-28T20:08:48.729+0000] {processor.py:925} INFO - DAG(s) 'ml_training_pipeline_v2' retrieved from /home/ec2-user/environment/lab4_model_training/dags/ml_training_pipeline_v2.py
[2026-03-28T20:08:48.743+0000] {logging_mixin.py:190} INFO - [2026-03-28T20:08:48.742+0000] {dag.py:3239} INFO - Sync 1 DAGs
[2026-03-28T20:08:48.752+0000] {logging_mixin.py:190} INFO - [2026-03-28T20:08:48.752+0000] {dag.py:4180} INFO - Setting next_dagrun for ml_training_pipeline_v2 to None, run_after=None
[2026-03-28T20:08:48.769+0000] {processor.py:208} INFO - Processing /home/ec2-user/environment/lab4_model_training/dags/ml_training_pipeline_v2.py took 1.409 seconds
[2026-03-28T20:09:19.532+0000] {processor.py:186} INFO - Started process (PID=15105) to work on /home/ec2-user/environment/lab4_model_training/dags/ml_training_pipeline_v2.py
[2026-03-28T20:09:19.533+0000] {processor.py:914} INFO - Processing file /home/ec2-user/environment/lab4_model_training/dags/ml_training_pipeline_v2.py for tasks to queue
[2026-03-28T20:09:19.534+0000] {logging_mixin.py:190} INFO - [2026-03-28T20:09:19.534+0000] {dagbag.py:588} INFO - Filling up the DagBag from /home/ec2-user/environment/lab4_model_training/dags/ml_training_pipeline_v2.py
[2026-03-28T20:09:21.590+0000] {processor.py:925} INFO - DAG(s) 'ml_training_pipeline_v2' retrieved from /home/ec2-user/environment/lab4_model_training/dags/ml_training_pipeline_v2.py
[2026-03-28T20:09:21.610+0000] {logging_mixin.py:190} INFO - [2026-03-28T20:09:21.609+0000] {dag.py:3239} INFO - Sync 1 DAGs
[2026-03-28T20:09:21.623+0000] {logging_mixin.py:190} INFO - [2026-03-28T20:09:21.623+0000] {dag.py:4180} INFO - Setting next_dagrun for ml_training_pipeline_v2 to None, run_after=None
[2026-03-28T20:09:21.649+0000] {processor.py:208} INFO - Processing /home/ec2-user/environment/lab4_model_training/dags/ml_training_pipeline_v2.py took 2.122 seconds
[2026-03-28T20:09:26.785+0000] {processor.py:186} INFO - Started process (PID=15124) to work on /home/ec2-user/environment/lab4_model_training/dags/ml_training_pipeline_v2.py
[2026-03-28T20:09:26.785+0000] {processor.py:914} INFO - Processing file /home/ec2-user/environment/lab4_model_training/dags/ml_training_pipeline_v2.py for tasks to queue
[2026-03-28T20:09:26.786+0000] {logging_mixin.py:190} INFO - [2026-03-28T20:09:26.786+0000] {dagbag.py:588} INFO - Filling up the DagBag from /home/ec2-user/environment/lab4_model_training/dags/ml_training_pipeline_v2.py
[2026-03-28T20:09:28.139+0000] {processor.py:925} INFO - DAG(s) 'ml_training_pipeline_v2' retrieved from /home/ec2-user/environment/lab4_model_training/dags/ml_training_pipeline_v2.py
[2026-03-28T20:09:28.217+0000] {logging_mixin.py:190} INFO - [2026-03-28T20:09:28.217+0000] {dag.py:3239} INFO - Sync 1 DAGs
[2026-03-28T20:09:28.225+0000] {logging_mixin.py:190} INFO - [2026-03-28T20:09:28.225+0000] {dag.py:4180} INFO - Setting next_dagrun for ml_training_pipeline_v2 to None, run_after=None
[2026-03-28T20:09:28.245+0000] {processor.py:208} INFO - Processing /home/ec2-user/environment/lab4_model_training/dags/ml_training_pipeline_v2.py took 1.465 seconds
[2026-03-28T20:09:58.524+0000] {processor.py:186} INFO - Started process (PID=15198) to work on /home/ec2-user/environment/lab4_model_training/dags/ml_training_pipeline_v2.py
[2026-03-28T20:09:58.525+0000] {processor.py:914} INFO - Processing file /home/ec2-user/environment/lab4_model_training/dags/ml_training_pipeline_v2.py for tasks to queue
[2026-03-28T20:09:58.526+0000] {logging_mixin.py:190} INFO - [2026-03-28T20:09:58.526+0000] {dagbag.py:588} INFO - Filling up the DagBag from /home/ec2-user/environment/lab4_model_training/dags/ml_training_pipeline_v2.py
[2026-03-28T20:09:59.866+0000] {processor.py:925} INFO - DAG(s) 'ml_training_pipeline_v2' retrieved from /home/ec2-user/environment/lab4_model_training/dags/ml_training_pipeline_v2.py
[2026-03-28T20:09:59.879+0000] {logging_mixin.py:190} INFO - [2026-03-28T20:09:59.879+0000] {dag.py:3239} INFO - Sync 1 DAGs
[2026-03-28T20:09:59.889+0000] {logging_mixin.py:190} INFO - [2026-03-28T20:09:59.889+0000] {dag.py:4180} INFO - Setting next_dagrun for ml_training_pipeline_v2 to None, run_after=None
[2026-03-28T20:09:59.906+0000] {processor.py:208} INFO - Processing /home/ec2-user/environment/lab4_model_training/dags/ml_training_pipeline_v2.py took 1.388 seconds
[2026-03-28T20:10:30.164+0000] {processor.py:186} INFO - Started process (PID=15238) to work on /home/ec2-user/environment/lab4_model_training/dags/ml_training_pipeline_v2.py
[2026-03-28T20:10:30.165+0000] {processor.py:914} INFO - Processing file /home/ec2-user/environment/lab4_model_training/dags/ml_training_pipeline_v2.py for tasks to queue
[2026-03-28T20:10:30.166+0000] {logging_mixin.py:190} INFO - [2026-03-28T20:10:30.166+0000] {dagbag.py:588} INFO - Filling up the DagBag from /home/ec2-user/environment/lab4_model_training/dags/ml_training_pipeline_v2.py
[2026-03-28T20:10:31.506+0000] {processor.py:925} INFO - DAG(s) 'ml_training_pipeline_v2' retrieved from /home/ec2-user/environment/lab4_model_training/dags/ml_training_pipeline_v2.py
[2026-03-28T20:10:31.519+0000] {logging_mixin.py:190} INFO - [2026-03-28T20:10:31.519+0000] {dag.py:3239} INFO - Sync 1 DAGs
[2026-03-28T20:10:31.530+0000] {logging_mixin.py:190} INFO - [2026-03-28T20:10:31.529+0000] {dag.py:4180} INFO - Setting next_dagrun for ml_training_pipeline_v2 to None, run_after=None
[2026-03-28T20:10:31.547+0000] {processor.py:208} INFO - Processing /home/ec2-user/environment/lab4_model_training/dags/ml_training_pipeline_v2.py took 1.388 seconds
[2026-03-28T20:11:02.826+0000] {processor.py:186} INFO - Started process (PID=15289) to work on /home/ec2-user/environment/lab4_model_training/dags/ml_training_pipeline_v2.py
[2026-03-28T20:11:02.826+0000] {processor.py:914} INFO - Processing file /home/ec2-user/environment/lab4_model_training/dags/ml_training_pipeline_v2.py for tasks to queue
[2026-03-28T20:11:02.827+0000] {logging_mixin.py:190} INFO - [2026-03-28T20:11:02.827+0000] {dagbag.py:588} INFO - Filling up the DagBag from /home/ec2-user/environment/lab4_model_training/dags/ml_training_pipeline_v2.py
[2026-03-28T20:11:04.171+0000] {processor.py:925} INFO - DAG(s) 'ml_training_pipeline_v2' retrieved from /home/ec2-user/environment/lab4_model_training/dags/ml_training_pipeline_v2.py
[2026-03-28T20:11:04.252+0000] {logging_mixin.py:190} INFO - [2026-03-28T20:11:04.251+0000] {dag.py:3239} INFO - Sync 1 DAGs
[2026-03-28T20:11:04.260+0000] {logging_mixin.py:190} INFO - [2026-03-28T20:11:04.259+0000] {dag.py:4180} INFO - Setting next_dagrun for ml_training_pipeline_v2 to None, run_after=None
[2026-03-28T20:11:04.278+0000] {processor.py:208} INFO - Processing /home/ec2-user/environment/lab4_model_training/dags/ml_training_pipeline_v2.py took 1.457 seconds
[2026-03-28T20:11:34.784+0000] {processor.py:186} INFO - Started process (PID=15366) to work on /home/ec2-user/environment/lab4_model_training/dags/ml_training_pipeline_v2.py
[2026-03-28T20:11:34.786+0000] {processor.py:914} INFO - Processing file /home/ec2-user/environment/lab4_model_training/dags/ml_training_pipeline_v2.py for tasks to queue
[2026-03-28T20:11:34.787+0000] {logging_mixin.py:190} INFO - [2026-03-28T20:11:34.787+0000] {dagbag.py:588} INFO - Filling up the DagBag from /home/ec2-user/environment/lab4_model_training/dags/ml_training_pipeline_v2.py
[2026-03-28T20:11:36.303+0000] {processor.py:925} INFO - DAG(s) 'ml_training_pipeline_v2' retrieved from /home/ec2-user/environment/lab4_model_training/dags/ml_training_pipeline_v2.py
[2026-03-28T20:11:36.319+0000] {logging_mixin.py:190} INFO - [2026-03-28T20:11:36.318+0000] {dag.py:3239} INFO - Sync 1 DAGs
[2026-03-28T20:11:36.328+0000] {logging_mixin.py:190} INFO - [2026-03-28T20:11:36.327+0000] {dag.py:4180} INFO - Setting next_dagrun for ml_training_pipeline_v2 to None, run_after=None
[2026-03-28T20:11:36.345+0000] {processor.py:208} INFO - Processing /home/ec2-user/environment/lab4_model_training/dags/ml_training_pipeline_v2.py took 1.568 seconds
[2026-03-28T20:12:06.458+0000] {processor.py:186} INFO - Started process (PID=15458) to work on /home/ec2-user/environment/lab4_model_training/dags/ml_training_pipeline_v2.py
[2026-03-28T20:12:06.460+0000] {processor.py:914} INFO - Processing file /home/ec2-user/environment/lab4_model_training/dags/ml_training_pipeline_v2.py for tasks to queue
[2026-03-28T20:12:06.461+0000] {logging_mixin.py:190} INFO - [2026-03-28T20:12:06.460+0000] {dagbag.py:588} INFO - Filling up the DagBag from /home/ec2-user/environment/lab4_model_training/dags/ml_training_pipeline_v2.py
[2026-03-28T20:12:07.800+0000] {processor.py:925} INFO - DAG(s) 'ml_training_pipeline_v2' retrieved from /home/ec2-user/environment/lab4_model_training/dags/ml_training_pipeline_v2.py
[2026-03-28T20:12:07.813+0000] {logging_mixin.py:190} INFO - [2026-03-28T20:12:07.813+0000] {dag.py:3239} INFO - Sync 1 DAGs
[2026-03-28T20:12:07.822+0000] {logging_mixin.py:190} INFO - [2026-03-28T20:12:07.822+0000] {dag.py:4180} INFO - Setting next_dagrun for ml_training_pipeline_v2 to None, run_after=None
[2026-03-28T20:12:07.838+0000] {processor.py:208} INFO - Processing /home/ec2-user/environment/lab4_model_training/dags/ml_training_pipeline_v2.py took 1.385 seconds
[2026-03-28T20:12:38.858+0000] {processor.py:186} INFO - Started process (PID=15484) to work on /home/ec2-user/environment/lab4_model_training/dags/ml_training_pipeline_v2.py
[2026-03-28T20:12:38.859+0000] {processor.py:914} INFO - Processing file /home/ec2-user/environment/lab4_model_training/dags/ml_training_pipeline_v2.py for tasks to queue
[2026-03-28T20:12:38.860+0000] {logging_mixin.py:190} INFO - [2026-03-28T20:12:38.860+0000] {dagbag.py:588} INFO - Filling up the DagBag from /home/ec2-user/environment/lab4_model_training/dags/ml_training_pipeline_v2.py
[2026-03-28T20:12:40.184+0000] {processor.py:925} INFO - DAG(s) 'ml_training_pipeline_v2' retrieved from /home/ec2-user/environment/lab4_model_training/dags/ml_training_pipeline_v2.py
[2026-03-28T20:12:40.197+0000] {logging_mixin.py:190} INFO - [2026-03-28T20:12:40.197+0000] {dag.py:3239} INFO - Sync 1 DAGs
[2026-03-28T20:12:40.206+0000] {logging_mixin.py:190} INFO - [2026-03-28T20:12:40.206+0000] {dag.py:4180} INFO - Setting next_dagrun for ml_training_pipeline_v2 to None, run_after=None
[2026-03-28T20:12:40.222+0000] {processor.py:208} INFO - Processing /home/ec2-user/environment/lab4_model_training/dags/ml_training_pipeline_v2.py took 1.369 seconds
[2026-03-28T20:13:10.560+0000] {processor.py:186} INFO - Started process (PID=15528) to work on /home/ec2-user/environment/lab4_model_training/dags/ml_training_pipeline_v2.py
[2026-03-28T20:13:10.560+0000] {processor.py:914} INFO - Processing file /home/ec2-user/environment/lab4_model_training/dags/ml_training_pipeline_v2.py for tasks to queue
[2026-03-28T20:13:10.561+0000] {logging_mixin.py:190} INFO - [2026-03-28T20:13:10.561+0000] {dagbag.py:588} INFO - Filling up the DagBag from /home/ec2-user/environment/lab4_model_training/dags/ml_training_pipeline_v2.py
[2026-03-28T20:13:11.923+0000] {processor.py:925} INFO - DAG(s) 'ml_training_pipeline_v2' retrieved from /home/ec2-user/environment/lab4_model_training/dags/ml_training_pipeline_v2.py
[2026-03-28T20:13:11.937+0000] {logging_mixin.py:190} INFO - [2026-03-28T20:13:11.936+0000] {dag.py:3239} INFO - Sync 1 DAGs
[2026-03-28T20:13:11.946+0000] {logging_mixin.py:190} INFO - [2026-03-28T20:13:11.946+0000] {dag.py:4180} INFO - Setting next_dagrun for ml_training_pipeline_v2 to None, run_after=None
[2026-03-28T20:13:11.964+0000] {processor.py:208} INFO - Processing /home/ec2-user/environment/lab4_model_training/dags/ml_training_pipeline_v2.py took 1.410 seconds
[2026-03-28T20:13:20.744+0000] {processor.py:186} INFO - Started process (PID=15540) to work on /home/ec2-user/environment/lab4_model_training/dags/ml_training_pipeline_v2.py
[2026-03-28T20:13:20.744+0000] {processor.py:914} INFO - Processing file /home/ec2-user/environment/lab4_model_training/dags/ml_training_pipeline_v2.py for tasks to queue
[2026-03-28T20:13:20.745+0000] {logging_mixin.py:190} INFO - [2026-03-28T20:13:20.745+0000] {dagbag.py:588} INFO - Filling up the DagBag from /home/ec2-user/environment/lab4_model_training/dags/ml_training_pipeline_v2.py
[2026-03-28T20:13:22.632+0000] {processor.py:925} INFO - DAG(s) 'ml_training_pipeline_v2' retrieved from /home/ec2-user/environment/lab4_model_training/dags/ml_training_pipeline_v2.py
[2026-03-28T20:13:22.653+0000] {logging_mixin.py:190} INFO - [2026-03-28T20:13:22.652+0000] {dag.py:3239} INFO - Sync 1 DAGs
[2026-03-28T20:13:22.666+0000] {logging_mixin.py:190} INFO - [2026-03-28T20:13:22.666+0000] {dag.py:4180} INFO - Setting next_dagrun for ml_training_pipeline_v2 to None, run_after=None
[2026-03-28T20:13:22.695+0000] {processor.py:208} INFO - Processing /home/ec2-user/environment/lab4_model_training/dags/ml_training_pipeline_v2.py took 1.957 seconds
[2026-03-28T20:13:52.762+0000] {processor.py:186} INFO - Started process (PID=15644) to work on /home/ec2-user/environment/lab4_model_training/dags/ml_training_pipeline_v2.py
[2026-03-28T20:13:52.763+0000] {processor.py:914} INFO - Processing file /home/ec2-user/environment/lab4_model_training/dags/ml_training_pipeline_v2.py for tasks to queue
[2026-03-28T20:13:52.764+0000] {logging_mixin.py:190} INFO - [2026-03-28T20:13:52.764+0000] {dagbag.py:588} INFO - Filling up the DagBag from /home/ec2-user/environment/lab4_model_training/dags/ml_training_pipeline_v2.py
[2026-03-28T20:13:54.083+0000] {processor.py:925} INFO - DAG(s) 'ml_training_pipeline_v2' retrieved from /home/ec2-user/environment/lab4_model_training/dags/ml_training_pipeline_v2.py
[2026-03-28T20:13:54.096+0000] {logging_mixin.py:190} INFO - [2026-03-28T20:13:54.096+0000] {dag.py:3239} INFO - Sync 1 DAGs
[2026-03-28T20:13:54.105+0000] {logging_mixin.py:190} INFO - [2026-03-28T20:13:54.105+0000] {dag.py:4180} INFO - Setting next_dagrun for ml_training_pipeline_v2 to None, run_after=None
[2026-03-28T20:13:54.123+0000] {processor.py:208} INFO - Processing /home/ec2-user/environment/lab4_model_training/dags/ml_training_pipeline_v2.py took 1.366 seconds
[2026-03-28T20:14:24.240+0000] {processor.py:186} INFO - Started process (PID=15682) to work on /home/ec2-user/environment/lab4_model_training/dags/ml_training_pipeline_v2.py
[2026-03-28T20:14:24.241+0000] {processor.py:914} INFO - Processing file /home/ec2-user/environment/lab4_model_training/dags/ml_training_pipeline_v2.py for tasks to queue
[2026-03-28T20:14:24.242+0000] {logging_mixin.py:190} INFO - [2026-03-28T20:14:24.242+0000] {dagbag.py:588} INFO - Filling up the DagBag from /home/ec2-user/environment/lab4_model_training/dags/ml_training_pipeline_v2.py
[2026-03-28T20:14:25.581+0000] {processor.py:925} INFO - DAG(s) 'ml_training_pipeline_v2' retrieved from /home/ec2-user/environment/lab4_model_training/dags/ml_training_pipeline_v2.py
[2026-03-28T20:14:25.594+0000] {logging_mixin.py:190} INFO - [2026-03-28T20:14:25.594+0000] {dag.py:3239} INFO - Sync 1 DAGs
[2026-03-28T20:14:25.604+0000] {logging_mixin.py:190} INFO - [2026-03-28T20:14:25.604+0000] {dag.py:4180} INFO - Setting next_dagrun for ml_training_pipeline_v2 to None, run_after=None
[2026-03-28T20:14:25.621+0000] {processor.py:208} INFO - Processing /home/ec2-user/environment/lab4_model_training/dags/ml_training_pipeline_v2.py took 1.386 seconds
[2026-03-28T20:14:55.665+0000] {processor.py:186} INFO - Started process (PID=15712) to work on /home/ec2-user/environment/lab4_model_training/dags/ml_training_pipeline_v2.py
[2026-03-28T20:14:55.667+0000] {processor.py:914} INFO - Processing file /home/ec2-user/environment/lab4_model_training/dags/ml_training_pipeline_v2.py for tasks to queue
[2026-03-28T20:14:55.668+0000] {logging_mixin.py:190} INFO - [2026-03-28T20:14:55.667+0000] {dagbag.py:588} INFO - Filling up the DagBag from /home/ec2-user/environment/lab4_model_training/dags/ml_training_pipeline_v2.py
[2026-03-28T20:14:56.962+0000] {processor.py:925} INFO - DAG(s) 'ml_training_pipeline_v2' retrieved from /home/ec2-user/environment/lab4_model_training/dags/ml_training_pipeline_v2.py
[2026-03-28T20:14:56.976+0000] {logging_mixin.py:190} INFO - [2026-03-28T20:14:56.976+0000] {dag.py:3239} INFO - Sync 1 DAGs
[2026-03-28T20:14:56.985+0000] {logging_mixin.py:190} INFO - [2026-03-28T20:14:56.985+0000] {dag.py:4180} INFO - Setting next_dagrun for ml_training_pipeline_v2 to None, run_after=None
[2026-03-28T20:14:57.002+0000] {processor.py:208} INFO - Processing /home/ec2-user/environment/lab4_model_training/dags/ml_training_pipeline_v2.py took 1.341 seconds
[2026-03-28T20:15:27.137+0000] {processor.py:186} INFO - Started process (PID=15760) to work on /home/ec2-user/environment/lab4_model_training/dags/ml_training_pipeline_v2.py
[2026-03-28T20:15:27.137+0000] {processor.py:914} INFO - Processing file /home/ec2-user/environment/lab4_model_training/dags/ml_training_pipeline_v2.py for tasks to queue
[2026-03-28T20:15:27.138+0000] {logging_mixin.py:190} INFO - [2026-03-28T20:15:27.138+0000] {dagbag.py:588} INFO - Filling up the DagBag from /home/ec2-user/environment/lab4_model_training/dags/ml_training_pipeline_v2.py
[2026-03-28T20:15:28.463+0000] {processor.py:925} INFO - DAG(s) 'ml_training_pipeline_v2' retrieved from /home/ec2-user/environment/lab4_model_training/dags/ml_training_pipeline_v2.py
[2026-03-28T20:15:28.478+0000] {logging_mixin.py:190} INFO - [2026-03-28T20:15:28.478+0000] {dag.py:3239} INFO - Sync 1 DAGs
[2026-03-28T20:15:28.487+0000] {logging_mixin.py:190} INFO - [2026-03-28T20:15:28.487+0000] {dag.py:4180} INFO - Setting next_dagrun for ml_training_pipeline_v2 to None, run_after=None
[2026-03-28T20:15:28.504+0000] {processor.py:208} INFO - Processing /home/ec2-user/environment/lab4_model_training/dags/ml_training_pipeline_v2.py took 1.372 seconds
[2026-03-28T20:15:58.610+0000] {processor.py:186} INFO - Started process (PID=15843) to work on /home/ec2-user/environment/lab4_model_training/dags/ml_training_pipeline_v2.py
[2026-03-28T20:15:58.611+0000] {processor.py:914} INFO - Processing file /home/ec2-user/environment/lab4_model_training/dags/ml_training_pipeline_v2.py for tasks to queue
[2026-03-28T20:15:58.612+0000] {logging_mixin.py:190} INFO - [2026-03-28T20:15:58.611+0000] {dagbag.py:588} INFO - Filling up the DagBag from /home/ec2-user/environment/lab4_model_training/dags/ml_training_pipeline_v2.py
[2026-03-28T20:16:00.066+0000] {processor.py:925} INFO - DAG(s) 'ml_training_pipeline_v2' retrieved from /home/ec2-user/environment/lab4_model_training/dags/ml_training_pipeline_v2.py
[2026-03-28T20:16:00.090+0000] {logging_mixin.py:190} INFO - [2026-03-28T20:16:00.090+0000] {dag.py:3239} INFO - Sync 1 DAGs
[2026-03-28T20:16:00.105+0000] {logging_mixin.py:190} INFO - [2026-03-28T20:16:00.105+0000] {dag.py:4180} INFO - Setting next_dagrun for ml_training_pipeline_v2 to None, run_after=None
[2026-03-28T20:16:00.130+0000] {processor.py:208} INFO - Processing /home/ec2-user/environment/lab4_model_training/dags/ml_training_pipeline_v2.py took 1.525 seconds
[2026-03-28T20:16:31.110+0000] {processor.py:186} INFO - Started process (PID=15887) to work on /home/ec2-user/environment/lab4_model_training/dags/ml_training_pipeline_v2.py
[2026-03-28T20:16:31.110+0000] {processor.py:914} INFO - Processing file /home/ec2-user/environment/lab4_model_training/dags/ml_training_pipeline_v2.py for tasks to queue
[2026-03-28T20:16:31.111+0000] {logging_mixin.py:190} INFO - [2026-03-28T20:16:31.111+0000] {dagbag.py:588} INFO - Filling up the DagBag from /home/ec2-user/environment/lab4_model_training/dags/ml_training_pipeline_v2.py
[2026-03-28T20:16:32.445+0000] {processor.py:925} INFO - DAG(s) 'ml_training_pipeline_v2' retrieved from /home/ec2-user/environment/lab4_model_training/dags/ml_training_pipeline_v2.py
[2026-03-28T20:16:32.458+0000] {logging_mixin.py:190} INFO - [2026-03-28T20:16:32.458+0000] {dag.py:3239} INFO - Sync 1 DAGs
[2026-03-28T20:16:32.467+0000] {logging_mixin.py:190} INFO - [2026-03-28T20:16:32.467+0000] {dag.py:4180} INFO - Setting next_dagrun for ml_training_pipeline_v2 to None, run_after=None
[2026-03-28T20:16:32.484+0000] {processor.py:208} INFO - Processing /home/ec2-user/environment/lab4_model_training/dags/ml_training_pipeline_v2.py took 1.379 seconds
[2026-03-28T20:17:02.598+0000] {processor.py:186} INFO - Started process (PID=15933) to work on /home/ec2-user/environment/lab4_model_training/dags/ml_training_pipeline_v2.py
[2026-03-28T20:17:02.599+0000] {processor.py:914} INFO - Processing file /home/ec2-user/environment/lab4_model_training/dags/ml_training_pipeline_v2.py for tasks to queue
[2026-03-28T20:17:02.600+0000] {logging_mixin.py:190} INFO - [2026-03-28T20:17:02.600+0000] {dagbag.py:588} INFO - Filling up the DagBag from /home/ec2-user/environment/lab4_model_training/dags/ml_training_pipeline_v2.py
[2026-03-28T20:17:03.967+0000] {processor.py:925} INFO - DAG(s) 'ml_training_pipeline_v2' retrieved from /home/ec2-user/environment/lab4_model_training/dags/ml_training_pipeline_v2.py
[2026-03-28T20:17:03.981+0000] {logging_mixin.py:190} INFO - [2026-03-28T20:17:03.981+0000] {dag.py:3239} INFO - Sync 1 DAGs
[2026-03-28T20:17:03.990+0000] {logging_mixin.py:190} INFO - [2026-03-28T20:17:03.990+0000] {dag.py:4180} INFO - Setting next_dagrun for ml_training_pipeline_v2 to None, run_after=None
[2026-03-28T20:17:04.009+0000] {processor.py:208} INFO - Processing /home/ec2-user/environment/lab4_model_training/dags/ml_training_pipeline_v2.py took 1.416 seconds
[2026-03-28T20:17:35.128+0000] {processor.py:186} INFO - Started process (PID=16015) to work on /home/ec2-user/environment/lab4_model_training/dags/ml_training_pipeline_v2.py
[2026-03-28T20:17:35.129+0000] {processor.py:914} INFO - Processing file /home/ec2-user/environment/lab4_model_training/dags/ml_training_pipeline_v2.py for tasks to queue
[2026-03-28T20:17:35.131+0000] {logging_mixin.py:190} INFO - [2026-03-28T20:17:35.130+0000] {dagbag.py:588} INFO - Filling up the DagBag from /home/ec2-user/environment/lab4_model_training/dags/ml_training_pipeline_v2.py
[2026-03-28T20:17:36.710+0000] {processor.py:925} INFO - DAG(s) 'ml_training_pipeline_v2' retrieved from /home/ec2-user/environment/lab4_model_training/dags/ml_training_pipeline_v2.py
[2026-03-28T20:17:36.724+0000] {logging_mixin.py:190} INFO - [2026-03-28T20:17:36.724+0000] {dag.py:3239} INFO - Sync 1 DAGs
[2026-03-28T20:17:36.735+0000] {logging_mixin.py:190} INFO - [2026-03-28T20:17:36.735+0000] {dag.py:4180} INFO - Setting next_dagrun for ml_training_pipeline_v2 to None, run_after=None
[2026-03-28T20:17:36.753+0000] {processor.py:208} INFO - Processing /home/ec2-user/environment/lab4_model_training/dags/ml_training_pipeline_v2.py took 1.632 seconds
[2026-03-28T20:18:07.855+0000] {processor.py:186} INFO - Started process (PID=16077) to work on /home/ec2-user/environment/lab4_model_training/dags/ml_training_pipeline_v2.py
[2026-03-28T20:18:07.856+0000] {processor.py:914} INFO - Processing file /home/ec2-user/environment/lab4_model_training/dags/ml_training_pipeline_v2.py for tasks to queue
[2026-03-28T20:18:07.858+0000] {logging_mixin.py:190} INFO - [2026-03-28T20:18:07.857+0000] {dagbag.py:588} INFO - Filling up the DagBag from /home/ec2-user/environment/lab4_model_training/dags/ml_training_pipeline_v2.py
[2026-03-28T20:18:09.656+0000] {processor.py:925} INFO - DAG(s) 'ml_training_pipeline_v2' retrieved from /home/ec2-user/environment/lab4_model_training/dags/ml_training_pipeline_v2.py
[2026-03-28T20:18:09.677+0000] {logging_mixin.py:190} INFO - [2026-03-28T20:18:09.676+0000] {dag.py:3239} INFO - Sync 1 DAGs
[2026-03-28T20:18:09.693+0000] {logging_mixin.py:190} INFO - [2026-03-28T20:18:09.693+0000] {dag.py:4180} INFO - Setting next_dagrun for ml_training_pipeline_v2 to None, run_after=None
[2026-03-28T20:18:09.714+0000] {processor.py:208} INFO - Processing /home/ec2-user/environment/lab4_model_training/dags/ml_training_pipeline_v2.py took 1.867 seconds
[2026-03-28T20:18:13.477+0000] {processor.py:186} INFO - Started process (PID=16089) to work on /home/ec2-user/environment/lab4_model_training/dags/ml_training_pipeline_v2.py
[2026-03-28T20:18:13.477+0000] {processor.py:914} INFO - Processing file /home/ec2-user/environment/lab4_model_training/dags/ml_training_pipeline_v2.py for tasks to queue
[2026-03-28T20:18:13.478+0000] {logging_mixin.py:190} INFO - [2026-03-28T20:18:13.478+0000] {dagbag.py:588} INFO - Filling up the DagBag from /home/ec2-user/environment/lab4_model_training/dags/ml_training_pipeline_v2.py
[2026-03-28T20:18:15.318+0000] {processor.py:925} INFO - DAG(s) 'ml_training_pipeline_v2' retrieved from /home/ec2-user/environment/lab4_model_training/dags/ml_training_pipeline_v2.py
[2026-03-28T20:18:15.443+0000] {logging_mixin.py:190} INFO - [2026-03-28T20:18:15.443+0000] {dag.py:3239} INFO - Sync 1 DAGs
[2026-03-28T20:18:15.455+0000] {logging_mixin.py:190} INFO - [2026-03-28T20:18:15.455+0000] {dag.py:4180} INFO - Setting next_dagrun for ml_training_pipeline_v2 to None, run_after=None
[2026-03-28T20:18:15.480+0000] {processor.py:208} INFO - Processing /home/ec2-user/environment/lab4_model_training/dags/ml_training_pipeline_v2.py took 2.008 seconds
[2026-03-28T20:18:46.431+0000] {processor.py:186} INFO - Started process (PID=16126) to work on /home/ec2-user/environment/lab4_model_training/dags/ml_training_pipeline_v2.py
[2026-03-28T20:18:46.433+0000] {processor.py:914} INFO - Processing file /home/ec2-user/environment/lab4_model_training/dags/ml_training_pipeline_v2.py for tasks to queue
[2026-03-28T20:18:46.434+0000] {logging_mixin.py:190} INFO - [2026-03-28T20:18:46.433+0000] {dagbag.py:588} INFO - Filling up the DagBag from /home/ec2-user/environment/lab4_model_training/dags/ml_training_pipeline_v2.py
[2026-03-28T20:18:47.779+0000] {processor.py:925} INFO - DAG(s) 'ml_training_pipeline_v2' retrieved from /home/ec2-user/environment/lab4_model_training/dags/ml_training_pipeline_v2.py
[2026-03-28T20:18:47.793+0000] {logging_mixin.py:190} INFO - [2026-03-28T20:18:47.793+0000] {dag.py:3239} INFO - Sync 1 DAGs
[2026-03-28T20:18:47.802+0000] {logging_mixin.py:190} INFO - [2026-03-28T20:18:47.802+0000] {dag.py:4180} INFO - Setting next_dagrun for ml_training_pipeline_v2 to None, run_after=None
[2026-03-28T20:18:47.819+0000] {processor.py:208} INFO - Processing /home/ec2-user/environment/lab4_model_training/dags/ml_training_pipeline_v2.py took 1.392 seconds
[2026-03-28T20:19:18.131+0000] {processor.py:186} INFO - Started process (PID=16240) to work on /home/ec2-user/environment/lab4_model_training/dags/ml_training_pipeline_v2.py
[2026-03-28T20:19:18.133+0000] {processor.py:914} INFO - Processing file /home/ec2-user/environment/lab4_model_training/dags/ml_training_pipeline_v2.py for tasks to queue
[2026-03-28T20:19:18.134+0000] {logging_mixin.py:190} INFO - [2026-03-28T20:19:18.133+0000] {dagbag.py:588} INFO - Filling up the DagBag from /home/ec2-user/environment/lab4_model_training/dags/ml_training_pipeline_v2.py
[2026-03-28T20:19:19.451+0000] {processor.py:925} INFO - DAG(s) 'ml_training_pipeline_v2' retrieved from /home/ec2-user/environment/lab4_model_training/dags/ml_training_pipeline_v2.py
[2026-03-28T20:19:19.465+0000] {logging_mixin.py:190} INFO - [2026-03-28T20:19:19.464+0000] {dag.py:3239} INFO - Sync 1 DAGs
[2026-03-28T20:19:19.473+0000] {logging_mixin.py:190} INFO - [2026-03-28T20:19:19.473+0000] {dag.py:4180} INFO - Setting next_dagrun for ml_training_pipeline_v2 to None, run_after=None
[2026-03-28T20:19:19.490+0000] {processor.py:208} INFO - Processing /home/ec2-user/environment/lab4_model_training/dags/ml_training_pipeline_v2.py took 1.363 seconds
[2026-03-28T20:19:50.430+0000] {processor.py:186} INFO - Started process (PID=16280) to work on /home/ec2-user/environment/lab4_model_training/dags/ml_training_pipeline_v2.py
[2026-03-28T20:19:50.431+0000] {processor.py:914} INFO - Processing file /home/ec2-user/environment/lab4_model_training/dags/ml_training_pipeline_v2.py for tasks to queue
[2026-03-28T20:19:50.432+0000] {logging_mixin.py:190} INFO - [2026-03-28T20:19:50.431+0000] {dagbag.py:588} INFO - Filling up the DagBag from /home/ec2-user/environment/lab4_model_training/dags/ml_training_pipeline_v2.py
[2026-03-28T20:19:51.768+0000] {processor.py:925} INFO - DAG(s) 'ml_training_pipeline_v2' retrieved from /home/ec2-user/environment/lab4_model_training/dags/ml_training_pipeline_v2.py
[2026-03-28T20:19:51.782+0000] {logging_mixin.py:190} INFO - [2026-03-28T20:19:51.781+0000] {dag.py:3239} INFO - Sync 1 DAGs
[2026-03-28T20:19:51.791+0000] {logging_mixin.py:190} INFO - [2026-03-28T20:19:51.791+0000] {dag.py:4180} INFO - Setting next_dagrun for ml_training_pipeline_v2 to None, run_after=None
[2026-03-28T20:19:51.809+0000] {processor.py:208} INFO - Processing /home/ec2-user/environment/lab4_model_training/dags/ml_training_pipeline_v2.py took 1.384 seconds
[2026-03-28T20:20:22.239+0000] {processor.py:186} INFO - Started process (PID=16325) to work on /home/ec2-user/environment/lab4_model_training/dags/ml_training_pipeline_v2.py
[2026-03-28T20:20:22.239+0000] {processor.py:914} INFO - Processing file /home/ec2-user/environment/lab4_model_training/dags/ml_training_pipeline_v2.py for tasks to queue
[2026-03-28T20:20:22.240+0000] {logging_mixin.py:190} INFO - [2026-03-28T20:20:22.240+0000] {dagbag.py:588} INFO - Filling up the DagBag from /home/ec2-user/environment/lab4_model_training/dags/ml_training_pipeline_v2.py
[2026-03-28T20:20:23.563+0000] {processor.py:925} INFO - DAG(s) 'ml_training_pipeline_v2' retrieved from /home/ec2-user/environment/lab4_model_training/dags/ml_training_pipeline_v2.py
[2026-03-28T20:20:23.576+0000] {logging_mixin.py:190} INFO - [2026-03-28T20:20:23.575+0000] {dag.py:3239} INFO - Sync 1 DAGs
[2026-03-28T20:20:23.584+0000] {logging_mixin.py:190} INFO - [2026-03-28T20:20:23.584+0000] {dag.py:4180} INFO - Setting next_dagrun for ml_training_pipeline_v2 to None, run_after=None
[2026-03-28T20:20:23.602+0000] {processor.py:208} INFO - Processing /home/ec2-user/environment/lab4_model_training/dags/ml_training_pipeline_v2.py took 1.368 seconds
[2026-03-28T20:20:54.405+0000] {processor.py:186} INFO - Started process (PID=16418) to work on /home/ec2-user/environment/lab4_model_training/dags/ml_training_pipeline_v2.py
[2026-03-28T20:20:54.406+0000] {processor.py:914} INFO - Processing file /home/ec2-user/environment/lab4_model_training/dags/ml_training_pipeline_v2.py for tasks to queue
[2026-03-28T20:20:54.407+0000] {logging_mixin.py:190} INFO - [2026-03-28T20:20:54.407+0000] {dagbag.py:588} INFO - Filling up the DagBag from /home/ec2-user/environment/lab4_model_training/dags/ml_training_pipeline_v2.py
[2026-03-28T20:20:55.945+0000] {processor.py:925} INFO - DAG(s) 'ml_training_pipeline_v2' retrieved from /home/ec2-user/environment/lab4_model_training/dags/ml_training_pipeline_v2.py
[2026-03-28T20:20:55.963+0000] {logging_mixin.py:190} INFO - [2026-03-28T20:20:55.963+0000] {dag.py:3239} INFO - Sync 1 DAGs
[2026-03-28T20:20:55.977+0000] {logging_mixin.py:190} INFO - [2026-03-28T20:20:55.977+0000] {dag.py:4180} INFO - Setting next_dagrun for ml_training_pipeline_v2 to None, run_after=None
[2026-03-28T20:20:55.997+0000] {processor.py:208} INFO - Processing /home/ec2-user/environment/lab4_model_training/dags/ml_training_pipeline_v2.py took 1.597 seconds
[2026-03-28T20:21:26.444+0000] {processor.py:186} INFO - Started process (PID=16461) to work on /home/ec2-user/environment/lab4_model_training/dags/ml_training_pipeline_v2.py
[2026-03-28T20:21:26.444+0000] {processor.py:914} INFO - Processing file /home/ec2-user/environment/lab4_model_training/dags/ml_training_pipeline_v2.py for tasks to queue
[2026-03-28T20:21:26.445+0000] {logging_mixin.py:190} INFO - [2026-03-28T20:21:26.445+0000] {dagbag.py:588} INFO - Filling up the DagBag from /home/ec2-user/environment/lab4_model_training/dags/ml_training_pipeline_v2.py
[2026-03-28T20:21:27.787+0000] {processor.py:925} INFO - DAG(s) 'ml_training_pipeline_v2' retrieved from /home/ec2-user/environment/lab4_model_training/dags/ml_training_pipeline_v2.py
[2026-03-28T20:21:27.800+0000] {logging_mixin.py:190} INFO - [2026-03-28T20:21:27.799+0000] {dag.py:3239} INFO - Sync 1 DAGs
[2026-03-28T20:21:27.808+0000] {logging_mixin.py:190} INFO - [2026-03-28T20:21:27.808+0000] {dag.py:4180} INFO - Setting next_dagrun for ml_training_pipeline_v2 to None, run_after=None
[2026-03-28T20:21:27.826+0000] {processor.py:208} INFO - Processing /home/ec2-user/environment/lab4_model_training/dags/ml_training_pipeline_v2.py took 1.388 seconds
[2026-03-28T20:21:58.561+0000] {processor.py:186} INFO - Started process (PID=16491) to work on /home/ec2-user/environment/lab4_model_training/dags/ml_training_pipeline_v2.py
[2026-03-28T20:21:58.562+0000] {processor.py:914} INFO - Processing file /home/ec2-user/environment/lab4_model_training/dags/ml_training_pipeline_v2.py for tasks to queue
[2026-03-28T20:21:58.563+0000] {logging_mixin.py:190} INFO - [2026-03-28T20:21:58.563+0000] {dagbag.py:588} INFO - Filling up the DagBag from /home/ec2-user/environment/lab4_model_training/dags/ml_training_pipeline_v2.py
[2026-03-28T20:21:59.874+0000] {processor.py:925} INFO - DAG(s) 'ml_training_pipeline_v2' retrieved from /home/ec2-user/environment/lab4_model_training/dags/ml_training_pipeline_v2.py
[2026-03-28T20:21:59.887+0000] {logging_mixin.py:190} INFO - [2026-03-28T20:21:59.887+0000] {dag.py:3239} INFO - Sync 1 DAGs
[2026-03-28T20:21:59.897+0000] {logging_mixin.py:190} INFO - [2026-03-28T20:21:59.897+0000] {dag.py:4180} INFO - Setting next_dagrun for ml_training_pipeline_v2 to None, run_after=None
[2026-03-28T20:21:59.914+0000] {processor.py:208} INFO - Processing /home/ec2-user/environment/lab4_model_training/dags/ml_training_pipeline_v2.py took 1.358 seconds
[2026-03-28T20:22:30.106+0000] {processor.py:186} INFO - Started process (PID=16578) to work on /home/ec2-user/environment/lab4_model_training/dags/ml_training_pipeline_v2.py
[2026-03-28T20:22:30.107+0000] {processor.py:914} INFO - Processing file /home/ec2-user/environment/lab4_model_training/dags/ml_training_pipeline_v2.py for tasks to queue
[2026-03-28T20:22:30.108+0000] {logging_mixin.py:190} INFO - [2026-03-28T20:22:30.107+0000] {dagbag.py:588} INFO - Filling up the DagBag from /home/ec2-user/environment/lab4_model_training/dags/ml_training_pipeline_v2.py
[2026-03-28T20:22:31.438+0000] {processor.py:925} INFO - DAG(s) 'ml_training_pipeline_v2' retrieved from /home/ec2-user/environment/lab4_model_training/dags/ml_training_pipeline_v2.py
[2026-03-28T20:22:31.450+0000] {logging_mixin.py:190} INFO - [2026-03-28T20:22:31.450+0000] {dag.py:3239} INFO - Sync 1 DAGs
[2026-03-28T20:22:31.460+0000] {logging_mixin.py:190} INFO - [2026-03-28T20:22:31.460+0000] {dag.py:4180} INFO - Setting next_dagrun for ml_training_pipeline_v2 to None, run_after=None
[2026-03-28T20:22:31.477+0000] {processor.py:208} INFO - Processing /home/ec2-user/environment/lab4_model_training/dags/ml_training_pipeline_v2.py took 1.376 seconds
[2026-03-28T20:23:01.654+0000] {processor.py:186} INFO - Started process (PID=16617) to work on /home/ec2-user/environment/lab4_model_training/dags/ml_training_pipeline_v2.py
[2026-03-28T20:23:01.655+0000] {processor.py:914} INFO - Processing file /home/ec2-user/environment/lab4_model_training/dags/ml_training_pipeline_v2.py for tasks to queue
[2026-03-28T20:23:01.656+0000] {logging_mixin.py:190} INFO - [2026-03-28T20:23:01.656+0000] {dagbag.py:588} INFO - Filling up the DagBag from /home/ec2-user/environment/lab4_model_training/dags/ml_training_pipeline_v2.py
[2026-03-28T20:23:03.007+0000] {processor.py:925} INFO - DAG(s) 'ml_training_pipeline_v2' retrieved from /home/ec2-user/environment/lab4_model_training/dags/ml_training_pipeline_v2.py
[2026-03-28T20:23:03.022+0000] {logging_mixin.py:190} INFO - [2026-03-28T20:23:03.021+0000] {dag.py:3239} INFO - Sync 1 DAGs
[2026-03-28T20:23:03.030+0000] {logging_mixin.py:190} INFO - [2026-03-28T20:23:03.030+0000] {dag.py:4180} INFO - Setting next_dagrun for ml_training_pipeline_v2 to None, run_after=None
[2026-03-28T20:23:03.048+0000] {processor.py:208} INFO - Processing /home/ec2-user/environment/lab4_model_training/dags/ml_training_pipeline_v2.py took 1.398 seconds
[2026-03-28T20:23:33.429+0000] {processor.py:186} INFO - Started process (PID=16724) to work on /home/ec2-user/environment/lab4_model_training/dags/ml_training_pipeline_v2.py
[2026-03-28T20:23:33.430+0000] {processor.py:914} INFO - Processing file /home/ec2-user/environment/lab4_model_training/dags/ml_training_pipeline_v2.py for tasks to queue
[2026-03-28T20:23:33.431+0000] {logging_mixin.py:190} INFO - [2026-03-28T20:23:33.431+0000] {dagbag.py:588} INFO - Filling up the DagBag from /home/ec2-user/environment/lab4_model_training/dags/ml_training_pipeline_v2.py
[2026-03-28T20:23:35.318+0000] {processor.py:925} INFO - DAG(s) 'ml_training_pipeline_v2' retrieved from /home/ec2-user/environment/lab4_model_training/dags/ml_training_pipeline_v2.py
[2026-03-28T20:23:35.339+0000] {logging_mixin.py:190} INFO - [2026-03-28T20:23:35.338+0000] {dag.py:3239} INFO - Sync 1 DAGs
[2026-03-28T20:23:35.353+0000] {logging_mixin.py:190} INFO - [2026-03-28T20:23:35.353+0000] {dag.py:4180} INFO - Setting next_dagrun for ml_training_pipeline_v2 to None, run_after=None
[2026-03-28T20:23:35.375+0000] {processor.py:208} INFO - Processing /home/ec2-user/environment/lab4_model_training/dags/ml_training_pipeline_v2.py took 1.951 seconds
[2026-03-28T20:24:05.511+0000] {processor.py:186} INFO - Started process (PID=16773) to work on /home/ec2-user/environment/lab4_model_training/dags/ml_training_pipeline_v2.py
[2026-03-28T20:24:05.512+0000] {processor.py:914} INFO - Processing file /home/ec2-user/environment/lab4_model_training/dags/ml_training_pipeline_v2.py for tasks to queue
[2026-03-28T20:24:05.513+0000] {logging_mixin.py:190} INFO - [2026-03-28T20:24:05.513+0000] {dagbag.py:588} INFO - Filling up the DagBag from /home/ec2-user/environment/lab4_model_training/dags/ml_training_pipeline_v2.py
[2026-03-28T20:24:06.829+0000] {processor.py:925} INFO - DAG(s) 'ml_training_pipeline_v2' retrieved from /home/ec2-user/environment/lab4_model_training/dags/ml_training_pipeline_v2.py
[2026-03-28T20:24:06.843+0000] {logging_mixin.py:190} INFO - [2026-03-28T20:24:06.843+0000] {dag.py:3239} INFO - Sync 1 DAGs
[2026-03-28T20:24:06.851+0000] {logging_mixin.py:190} INFO - [2026-03-28T20:24:06.851+0000] {dag.py:4180} INFO - Setting next_dagrun for ml_training_pipeline_v2 to None, run_after=None
[2026-03-28T20:24:06.867+0000] {processor.py:208} INFO - Processing /home/ec2-user/environment/lab4_model_training/dags/ml_training_pipeline_v2.py took 1.361 seconds
[2026-03-28T20:24:36.979+0000] {processor.py:186} INFO - Started process (PID=16808) to work on /home/ec2-user/environment/lab4_model_training/dags/ml_training_pipeline_v2.py
[2026-03-28T20:24:36.980+0000] {processor.py:914} INFO - Processing file /home/ec2-user/environment/lab4_model_training/dags/ml_training_pipeline_v2.py for tasks to queue
[2026-03-28T20:24:36.981+0000] {logging_mixin.py:190} INFO - [2026-03-28T20:24:36.980+0000] {dagbag.py:588} INFO - Filling up the DagBag from /home/ec2-user/environment/lab4_model_training/dags/ml_training_pipeline_v2.py
[2026-03-28T20:24:38.310+0000] {processor.py:925} INFO - DAG(s) 'ml_training_pipeline_v2' retrieved from /home/ec2-user/environment/lab4_model_training/dags/ml_training_pipeline_v2.py
[2026-03-28T20:24:38.323+0000] {logging_mixin.py:190} INFO - [2026-03-28T20:24:38.323+0000] {dag.py:3239} INFO - Sync 1 DAGs
[2026-03-28T20:24:38.332+0000] {logging_mixin.py:190} INFO - [2026-03-28T20:24:38.332+0000] {dag.py:4180} INFO - Setting next_dagrun for ml_training_pipeline_v2 to None, run_after=None
[2026-03-28T20:24:38.349+0000] {processor.py:208} INFO - Processing /home/ec2-user/environment/lab4_model_training/dags/ml_training_pipeline_v2.py took 1.375 seconds
[2026-03-28T20:25:08.408+0000] {processor.py:186} INFO - Started process (PID=16847) to work on /home/ec2-user/environment/lab4_model_training/dags/ml_training_pipeline_v2.py
[2026-03-28T20:25:08.409+0000] {processor.py:914} INFO - Processing file /home/ec2-user/environment/lab4_model_training/dags/ml_training_pipeline_v2.py for tasks to queue
[2026-03-28T20:25:08.410+0000] {logging_mixin.py:190} INFO - [2026-03-28T20:25:08.410+0000] {dagbag.py:588} INFO - Filling up the DagBag from /home/ec2-user/environment/lab4_model_training/dags/ml_training_pipeline_v2.py
[2026-03-28T20:25:09.725+0000] {processor.py:925} INFO - DAG(s) 'ml_training_pipeline_v2' retrieved from /home/ec2-user/environment/lab4_model_training/dags/ml_training_pipeline_v2.py
[2026-03-28T20:25:09.738+0000] {logging_mixin.py:190} INFO - [2026-03-28T20:25:09.737+0000] {dag.py:3239} INFO - Sync 1 DAGs
[2026-03-28T20:25:09.746+0000] {logging_mixin.py:190} INFO - [2026-03-28T20:25:09.746+0000] {dag.py:4180} INFO - Setting next_dagrun for ml_training_pipeline_v2 to None, run_after=None
[2026-03-28T20:25:09.763+0000] {processor.py:208} INFO - Processing /home/ec2-user/environment/lab4_model_training/dags/ml_training_pipeline_v2.py took 1.360 seconds
[2026-03-28T20:25:40.412+0000] {processor.py:186} INFO - Started process (PID=16941) to work on /home/ec2-user/environment/lab4_model_training/dags/ml_training_pipeline_v2.py
[2026-03-28T20:25:40.413+0000] {processor.py:914} INFO - Processing file /home/ec2-user/environment/lab4_model_training/dags/ml_training_pipeline_v2.py for tasks to queue
[2026-03-28T20:25:40.414+0000] {logging_mixin.py:190} INFO - [2026-03-28T20:25:40.414+0000] {dagbag.py:588} INFO - Filling up the DagBag from /home/ec2-user/environment/lab4_model_training/dags/ml_training_pipeline_v2.py
[2026-03-28T20:25:41.728+0000] {processor.py:925} INFO - DAG(s) 'ml_training_pipeline_v2' retrieved from /home/ec2-user/environment/lab4_model_training/dags/ml_training_pipeline_v2.py
[2026-03-28T20:25:41.741+0000] {logging_mixin.py:190} INFO - [2026-03-28T20:25:41.741+0000] {dag.py:3239} INFO - Sync 1 DAGs
[2026-03-28T20:25:41.750+0000] {logging_mixin.py:190} INFO - [2026-03-28T20:25:41.750+0000] {dag.py:4180} INFO - Setting next_dagrun for ml_training_pipeline_v2 to None, run_after=None
[2026-03-28T20:25:41.769+0000] {processor.py:208} INFO - Processing /home/ec2-user/environment/lab4_model_training/dags/ml_training_pipeline_v2.py took 1.362 seconds
[2026-03-28T20:26:11.932+0000] {processor.py:186} INFO - Started process (PID=16986) to work on /home/ec2-user/environment/lab4_model_training/dags/ml_training_pipeline_v2.py
[2026-03-28T20:26:11.933+0000] {processor.py:914} INFO - Processing file /home/ec2-user/environment/lab4_model_training/dags/ml_training_pipeline_v2.py for tasks to queue
[2026-03-28T20:26:11.934+0000] {logging_mixin.py:190} INFO - [2026-03-28T20:26:11.934+0000] {dagbag.py:588} INFO - Filling up the DagBag from /home/ec2-user/environment/lab4_model_training/dags/ml_training_pipeline_v2.py
[2026-03-28T20:26:13.273+0000] {processor.py:925} INFO - DAG(s) 'ml_training_pipeline_v2' retrieved from /home/ec2-user/environment/lab4_model_training/dags/ml_training_pipeline_v2.py
[2026-03-28T20:26:13.286+0000] {logging_mixin.py:190} INFO - [2026-03-28T20:26:13.286+0000] {dag.py:3239} INFO - Sync 1 DAGs
[2026-03-28T20:26:13.295+0000] {logging_mixin.py:190} INFO - [2026-03-28T20:26:13.295+0000] {dag.py:4180} INFO - Setting next_dagrun for ml_training_pipeline_v2 to None, run_after=None
[2026-03-28T20:26:13.313+0000] {processor.py:208} INFO - Processing /home/ec2-user/environment/lab4_model_training/dags/ml_training_pipeline_v2.py took 1.386 seconds
[2026-03-28T20:26:43.429+0000] {processor.py:186} INFO - Started process (PID=17083) to work on /home/ec2-user/environment/lab4_model_training/dags/ml_training_pipeline_v2.py
[2026-03-28T20:26:43.430+0000] {processor.py:914} INFO - Processing file /home/ec2-user/environment/lab4_model_training/dags/ml_training_pipeline_v2.py for tasks to queue
[2026-03-28T20:26:43.431+0000] {logging_mixin.py:190} INFO - [2026-03-28T20:26:43.431+0000] {dagbag.py:588} INFO - Filling up the DagBag from /home/ec2-user/environment/lab4_model_training/dags/ml_training_pipeline_v2.py
[2026-03-28T20:26:44.752+0000] {processor.py:925} INFO - DAG(s) 'ml_training_pipeline_v2' retrieved from /home/ec2-user/environment/lab4_model_training/dags/ml_training_pipeline_v2.py
[2026-03-28T20:26:44.765+0000] {logging_mixin.py:190} INFO - [2026-03-28T20:26:44.764+0000] {dag.py:3239} INFO - Sync 1 DAGs
[2026-03-28T20:26:44.775+0000] {logging_mixin.py:190} INFO - [2026-03-28T20:26:44.775+0000] {dag.py:4180} INFO - Setting next_dagrun for ml_training_pipeline_v2 to None, run_after=None
[2026-03-28T20:26:44.792+0000] {processor.py:208} INFO - Processing /home/ec2-user/environment/lab4_model_training/dags/ml_training_pipeline_v2.py took 1.368 seconds
[2026-03-28T20:27:15.144+0000] {processor.py:186} INFO - Started process (PID=17136) to work on /home/ec2-user/environment/lab4_model_training/dags/ml_training_pipeline_v2.py
[2026-03-28T20:27:15.145+0000] {processor.py:914} INFO - Processing file /home/ec2-user/environment/lab4_model_training/dags/ml_training_pipeline_v2.py for tasks to queue
[2026-03-28T20:27:15.146+0000] {logging_mixin.py:190} INFO - [2026-03-28T20:27:15.146+0000] {dagbag.py:588} INFO - Filling up the DagBag from /home/ec2-user/environment/lab4_model_training/dags/ml_training_pipeline_v2.py
[2026-03-28T20:27:16.466+0000] {processor.py:925} INFO - DAG(s) 'ml_training_pipeline_v2' retrieved from /home/ec2-user/environment/lab4_model_training/dags/ml_training_pipeline_v2.py
[2026-03-28T20:27:16.479+0000] {logging_mixin.py:190} INFO - [2026-03-28T20:27:16.479+0000] {dag.py:3239} INFO - Sync 1 DAGs
[2026-03-28T20:27:16.490+0000] {logging_mixin.py:190} INFO - [2026-03-28T20:27:16.490+0000] {dag.py:4180} INFO - Setting next_dagrun for ml_training_pipeline_v2 to None, run_after=None
[2026-03-28T20:27:16.507+0000] {processor.py:208} INFO - Processing /home/ec2-user/environment/lab4_model_training/dags/ml_training_pipeline_v2.py took 1.368 seconds
[2026-03-28T20:27:46.630+0000] {processor.py:186} INFO - Started process (PID=17170) to work on /home/ec2-user/environment/lab4_model_training/dags/ml_training_pipeline_v2.py
[2026-03-28T20:27:46.631+0000] {processor.py:914} INFO - Processing file /home/ec2-user/environment/lab4_model_training/dags/ml_training_pipeline_v2.py for tasks to queue
[2026-03-28T20:27:46.632+0000] {logging_mixin.py:190} INFO - [2026-03-28T20:27:46.632+0000] {dagbag.py:588} INFO - Filling up the DagBag from /home/ec2-user/environment/lab4_model_training/dags/ml_training_pipeline_v2.py
[2026-03-28T20:27:47.939+0000] {processor.py:925} INFO - DAG(s) 'ml_training_pipeline_v2' retrieved from /home/ec2-user/environment/lab4_model_training/dags/ml_training_pipeline_v2.py
[2026-03-28T20:27:47.953+0000] {logging_mixin.py:190} INFO - [2026-03-28T20:27:47.953+0000] {dag.py:3239} INFO - Sync 1 DAGs
[2026-03-28T20:27:47.962+0000] {logging_mixin.py:190} INFO - [2026-03-28T20:27:47.962+0000] {dag.py:4180} INFO - Setting next_dagrun for ml_training_pipeline_v2 to None, run_after=None
[2026-03-28T20:27:47.979+0000] {processor.py:208} INFO - Processing /home/ec2-user/environment/lab4_model_training/dags/ml_training_pipeline_v2.py took 1.354 seconds
[2026-03-28T20:28:18.130+0000] {processor.py:186} INFO - Started process (PID=17216) to work on /home/ec2-user/environment/lab4_model_training/dags/ml_training_pipeline_v2.py
[2026-03-28T20:28:18.131+0000] {processor.py:914} INFO - Processing file /home/ec2-user/environment/lab4_model_training/dags/ml_training_pipeline_v2.py for tasks to queue
[2026-03-28T20:28:18.132+0000] {logging_mixin.py:190} INFO - [2026-03-28T20:28:18.132+0000] {dagbag.py:588} INFO - Filling up the DagBag from /home/ec2-user/environment/lab4_model_training/dags/ml_training_pipeline_v2.py
[2026-03-28T20:28:19.493+0000] {processor.py:925} INFO - DAG(s) 'ml_training_pipeline_v2' retrieved from /home/ec2-user/environment/lab4_model_training/dags/ml_training_pipeline_v2.py
[2026-03-28T20:28:19.508+0000] {logging_mixin.py:190} INFO - [2026-03-28T20:28:19.508+0000] {dag.py:3239} INFO - Sync 1 DAGs
[2026-03-28T20:28:19.517+0000] {logging_mixin.py:190} INFO - [2026-03-28T20:28:19.517+0000] {dag.py:4180} INFO - Setting next_dagrun for ml_training_pipeline_v2 to None, run_after=None
[2026-03-28T20:28:19.535+0000] {processor.py:208} INFO - Processing /home/ec2-user/environment/lab4_model_training/dags/ml_training_pipeline_v2.py took 1.410 seconds
[2026-03-28T20:28:50.652+0000] {processor.py:186} INFO - Started process (PID=17295) to work on /home/ec2-user/environment/lab4_model_training/dags/ml_training_pipeline_v2.py
[2026-03-28T20:28:50.653+0000] {processor.py:914} INFO - Processing file /home/ec2-user/environment/lab4_model_training/dags/ml_training_pipeline_v2.py for tasks to queue
[2026-03-28T20:28:50.654+0000] {logging_mixin.py:190} INFO - [2026-03-28T20:28:50.654+0000] {dagbag.py:588} INFO - Filling up the DagBag from /home/ec2-user/environment/lab4_model_training/dags/ml_training_pipeline_v2.py
[2026-03-28T20:28:51.988+0000] {processor.py:925} INFO - DAG(s) 'ml_training_pipeline_v2' retrieved from /home/ec2-user/environment/lab4_model_training/dags/ml_training_pipeline_v2.py
[2026-03-28T20:28:52.001+0000] {logging_mixin.py:190} INFO - [2026-03-28T20:28:52.000+0000] {dag.py:3239} INFO - Sync 1 DAGs
[2026-03-28T20:28:52.010+0000] {logging_mixin.py:190} INFO - [2026-03-28T20:28:52.010+0000] {dag.py:4180} INFO - Setting next_dagrun for ml_training_pipeline_v2 to None, run_after=None
[2026-03-28T20:28:52.027+0000] {processor.py:208} INFO - Processing /home/ec2-user/environment/lab4_model_training/dags/ml_training_pipeline_v2.py took 1.380 seconds
[2026-03-28T20:29:22.146+0000] {processor.py:186} INFO - Started process (PID=17345) to work on /home/ec2-user/environment/lab4_model_training/dags/ml_training_pipeline_v2.py
[2026-03-28T20:29:22.147+0000] {processor.py:914} INFO - Processing file /home/ec2-user/environment/lab4_model_training/dags/ml_training_pipeline_v2.py for tasks to queue
[2026-03-28T20:29:22.148+0000] {logging_mixin.py:190} INFO - [2026-03-28T20:29:22.148+0000] {dagbag.py:588} INFO - Filling up the DagBag from /home/ec2-user/environment/lab4_model_training/dags/ml_training_pipeline_v2.py
[2026-03-28T20:29:23.453+0000] {processor.py:925} INFO - DAG(s) 'ml_training_pipeline_v2' retrieved from /home/ec2-user/environment/lab4_model_training/dags/ml_training_pipeline_v2.py
[2026-03-28T20:29:23.466+0000] {logging_mixin.py:190} INFO - [2026-03-28T20:29:23.465+0000] {dag.py:3239} INFO - Sync 1 DAGs
[2026-03-28T20:29:23.474+0000] {logging_mixin.py:190} INFO - [2026-03-28T20:29:23.474+0000] {dag.py:4180} INFO - Setting next_dagrun for ml_training_pipeline_v2 to None, run_after=None
[2026-03-28T20:29:23.491+0000] {processor.py:208} INFO - Processing /home/ec2-user/environment/lab4_model_training/dags/ml_training_pipeline_v2.py took 1.349 seconds
[2026-03-28T20:29:54.163+0000] {processor.py:186} INFO - Started process (PID=17373) to work on /home/ec2-user/environment/lab4_model_training/dags/ml_training_pipeline_v2.py
[2026-03-28T20:29:54.164+0000] {processor.py:914} INFO - Processing file /home/ec2-user/environment/lab4_model_training/dags/ml_training_pipeline_v2.py for tasks to queue
[2026-03-28T20:29:54.165+0000] {logging_mixin.py:190} INFO - [2026-03-28T20:29:54.164+0000] {dagbag.py:588} INFO - Filling up the DagBag from /home/ec2-user/environment/lab4_model_training/dags/ml_training_pipeline_v2.py
[2026-03-28T20:29:55.474+0000] {processor.py:925} INFO - DAG(s) 'ml_training_pipeline_v2' retrieved from /home/ec2-user/environment/lab4_model_training/dags/ml_training_pipeline_v2.py
[2026-03-28T20:29:55.487+0000] {logging_mixin.py:190} INFO - [2026-03-28T20:29:55.486+0000] {dag.py:3239} INFO - Sync 1 DAGs
[2026-03-28T20:29:55.495+0000] {logging_mixin.py:190} INFO - [2026-03-28T20:29:55.495+0000] {dag.py:4180} INFO - Setting next_dagrun for ml_training_pipeline_v2 to None, run_after=None
[2026-03-28T20:29:55.512+0000] {processor.py:208} INFO - Processing /home/ec2-user/environment/lab4_model_training/dags/ml_training_pipeline_v2.py took 1.355 seconds
[2026-03-28T20:30:25.894+0000] {processor.py:186} INFO - Started process (PID=17569) to work on /home/ec2-user/environment/lab4_model_training/dags/ml_training_pipeline_v2.py
[2026-03-28T20:30:25.895+0000] {processor.py:914} INFO - Processing file /home/ec2-user/environment/lab4_model_training/dags/ml_training_pipeline_v2.py for tasks to queue
[2026-03-28T20:30:25.896+0000] {logging_mixin.py:190} INFO - [2026-03-28T20:30:25.896+0000] {dagbag.py:588} INFO - Filling up the DagBag from /home/ec2-user/environment/lab4_model_training/dags/ml_training_pipeline_v2.py
[2026-03-28T20:30:27.214+0000] {processor.py:925} INFO - DAG(s) 'ml_training_pipeline_v2' retrieved from /home/ec2-user/environment/lab4_model_training/dags/ml_training_pipeline_v2.py
[2026-03-28T20:30:27.227+0000] {logging_mixin.py:190} INFO - [2026-03-28T20:30:27.227+0000] {dag.py:3239} INFO - Sync 1 DAGs
[2026-03-28T20:30:27.236+0000] {logging_mixin.py:190} INFO - [2026-03-28T20:30:27.236+0000] {dag.py:4180} INFO - Setting next_dagrun for ml_training_pipeline_v2 to None, run_after=None
[2026-03-28T20:30:27.255+0000] {processor.py:208} INFO - Processing /home/ec2-user/environment/lab4_model_training/dags/ml_training_pipeline_v2.py took 1.366 seconds
[2026-03-28T20:30:58.208+0000] {processor.py:186} INFO - Started process (PID=17595) to work on /home/ec2-user/environment/lab4_model_training/dags/ml_training_pipeline_v2.py
[2026-03-28T20:30:58.209+0000] {processor.py:914} INFO - Processing file /home/ec2-user/environment/lab4_model_training/dags/ml_training_pipeline_v2.py for tasks to queue
[2026-03-28T20:30:58.210+0000] {logging_mixin.py:190} INFO - [2026-03-28T20:30:58.210+0000] {dagbag.py:588} INFO - Filling up the DagBag from /home/ec2-user/environment/lab4_model_training/dags/ml_training_pipeline_v2.py
[2026-03-28T20:30:59.546+0000] {processor.py:925} INFO - DAG(s) 'ml_training_pipeline_v2' retrieved from /home/ec2-user/environment/lab4_model_training/dags/ml_training_pipeline_v2.py
[2026-03-28T20:30:59.560+0000] {logging_mixin.py:190} INFO - [2026-03-28T20:30:59.559+0000] {dag.py:3239} INFO - Sync 1 DAGs
[2026-03-28T20:30:59.570+0000] {logging_mixin.py:190} INFO - [2026-03-28T20:30:59.570+0000] {dag.py:4180} INFO - Setting next_dagrun for ml_training_pipeline_v2 to None, run_after=None
[2026-03-28T20:30:59.588+0000] {processor.py:208} INFO - Processing /home/ec2-user/environment/lab4_model_training/dags/ml_training_pipeline_v2.py took 1.385 seconds
[2026-03-28T20:31:29.786+0000] {processor.py:186} INFO - Started process (PID=17633) to work on /home/ec2-user/environment/lab4_model_training/dags/ml_training_pipeline_v2.py
[2026-03-28T20:31:29.787+0000] {processor.py:914} INFO - Processing file /home/ec2-user/environment/lab4_model_training/dags/ml_training_pipeline_v2.py for tasks to queue
[2026-03-28T20:31:29.788+0000] {logging_mixin.py:190} INFO - [2026-03-28T20:31:29.788+0000] {dagbag.py:588} INFO - Filling up the DagBag from /home/ec2-user/environment/lab4_model_training/dags/ml_training_pipeline_v2.py
[2026-03-28T20:31:31.126+0000] {processor.py:925} INFO - DAG(s) 'ml_training_pipeline_v2' retrieved from /home/ec2-user/environment/lab4_model_training/dags/ml_training_pipeline_v2.py
[2026-03-28T20:31:31.141+0000] {logging_mixin.py:190} INFO - [2026-03-28T20:31:31.140+0000] {dag.py:3239} INFO - Sync 1 DAGs
[2026-03-28T20:31:31.153+0000] {logging_mixin.py:190} INFO - [2026-03-28T20:31:31.153+0000] {dag.py:4180} INFO - Setting next_dagrun for ml_training_pipeline_v2 to None, run_after=None
[2026-03-28T20:31:31.171+0000] {processor.py:208} INFO - Processing /home/ec2-user/environment/lab4_model_training/dags/ml_training_pipeline_v2.py took 1.389 seconds
[2026-03-28T20:32:01.286+0000] {processor.py:186} INFO - Started process (PID=17707) to work on /home/ec2-user/environment/lab4_model_training/dags/ml_training_pipeline_v2.py
[2026-03-28T20:32:01.287+0000] {processor.py:914} INFO - Processing file /home/ec2-user/environment/lab4_model_training/dags/ml_training_pipeline_v2.py for tasks to queue
[2026-03-28T20:32:01.288+0000] {logging_mixin.py:190} INFO - [2026-03-28T20:32:01.287+0000] {dagbag.py:588} INFO - Filling up the DagBag from /home/ec2-user/environment/lab4_model_training/dags/ml_training_pipeline_v2.py
[2026-03-28T20:32:02.643+0000] {processor.py:925} INFO - DAG(s) 'ml_training_pipeline_v2' retrieved from /home/ec2-user/environment/lab4_model_training/dags/ml_training_pipeline_v2.py
[2026-03-28T20:32:02.658+0000] {logging_mixin.py:190} INFO - [2026-03-28T20:32:02.658+0000] {dag.py:3239} INFO - Sync 1 DAGs
[2026-03-28T20:32:02.667+0000] {logging_mixin.py:190} INFO - [2026-03-28T20:32:02.667+0000] {dag.py:4180} INFO - Setting next_dagrun for ml_training_pipeline_v2 to None, run_after=None
[2026-03-28T20:32:02.685+0000] {processor.py:208} INFO - Processing /home/ec2-user/environment/lab4_model_training/dags/ml_training_pipeline_v2.py took 1.404 seconds
[2026-03-28T20:32:32.861+0000] {processor.py:186} INFO - Started process (PID=17749) to work on /home/ec2-user/environment/lab4_model_training/dags/ml_training_pipeline_v2.py
[2026-03-28T20:32:32.862+0000] {processor.py:914} INFO - Processing file /home/ec2-user/environment/lab4_model_training/dags/ml_training_pipeline_v2.py for tasks to queue
[2026-03-28T20:32:32.863+0000] {logging_mixin.py:190} INFO - [2026-03-28T20:32:32.863+0000] {dagbag.py:588} INFO - Filling up the DagBag from /home/ec2-user/environment/lab4_model_training/dags/ml_training_pipeline_v2.py
[2026-03-28T20:32:34.214+0000] {processor.py:925} INFO - DAG(s) 'ml_training_pipeline_v2' retrieved from /home/ec2-user/environment/lab4_model_training/dags/ml_training_pipeline_v2.py
[2026-03-28T20:32:34.227+0000] {logging_mixin.py:190} INFO - [2026-03-28T20:32:34.227+0000] {dag.py:3239} INFO - Sync 1 DAGs
[2026-03-28T20:32:34.236+0000] {logging_mixin.py:190} INFO - [2026-03-28T20:32:34.236+0000] {dag.py:4180} INFO - Setting next_dagrun for ml_training_pipeline_v2 to None, run_after=None
[2026-03-28T20:32:34.254+0000] {processor.py:208} INFO - Processing /home/ec2-user/environment/lab4_model_training/dags/ml_training_pipeline_v2.py took 1.398 seconds
[2026-03-28T20:33:04.389+0000] {processor.py:186} INFO - Started process (PID=17789) to work on /home/ec2-user/environment/lab4_model_training/dags/ml_training_pipeline_v2.py
[2026-03-28T20:33:04.390+0000] {processor.py:914} INFO - Processing file /home/ec2-user/environment/lab4_model_training/dags/ml_training_pipeline_v2.py for tasks to queue
[2026-03-28T20:33:04.391+0000] {logging_mixin.py:190} INFO - [2026-03-28T20:33:04.391+0000] {dagbag.py:588} INFO - Filling up the DagBag from /home/ec2-user/environment/lab4_model_training/dags/ml_training_pipeline_v2.py
[2026-03-28T20:33:05.765+0000] {processor.py:925} INFO - DAG(s) 'ml_training_pipeline_v2' retrieved from /home/ec2-user/environment/lab4_model_training/dags/ml_training_pipeline_v2.py
[2026-03-28T20:33:05.782+0000] {logging_mixin.py:190} INFO - [2026-03-28T20:33:05.782+0000] {dag.py:3239} INFO - Sync 1 DAGs
[2026-03-28T20:33:05.792+0000] {logging_mixin.py:190} INFO - [2026-03-28T20:33:05.791+0000] {dag.py:4180} INFO - Setting next_dagrun for ml_training_pipeline_v2 to None, run_after=None
[2026-03-28T20:33:05.810+0000] {processor.py:208} INFO - Processing /home/ec2-user/environment/lab4_model_training/dags/ml_training_pipeline_v2.py took 1.426 seconds
[2026-03-28T20:33:35.993+0000] {processor.py:186} INFO - Started process (PID=17865) to work on /home/ec2-user/environment/lab4_model_training/dags/ml_training_pipeline_v2.py
[2026-03-28T20:33:35.994+0000] {processor.py:914} INFO - Processing file /home/ec2-user/environment/lab4_model_training/dags/ml_training_pipeline_v2.py for tasks to queue
[2026-03-28T20:33:35.995+0000] {logging_mixin.py:190} INFO - [2026-03-28T20:33:35.995+0000] {dagbag.py:588} INFO - Filling up the DagBag from /home/ec2-user/environment/lab4_model_training/dags/ml_training_pipeline_v2.py
[2026-03-28T20:33:37.387+0000] {processor.py:925} INFO - DAG(s) 'ml_training_pipeline_v2' retrieved from /home/ec2-user/environment/lab4_model_training/dags/ml_training_pipeline_v2.py
[2026-03-28T20:33:37.402+0000] {logging_mixin.py:190} INFO - [2026-03-28T20:33:37.401+0000] {dag.py:3239} INFO - Sync 1 DAGs
[2026-03-28T20:33:37.411+0000] {logging_mixin.py:190} INFO - [2026-03-28T20:33:37.411+0000] {dag.py:4180} INFO - Setting next_dagrun for ml_training_pipeline_v2 to None, run_after=None
[2026-03-28T20:33:37.430+0000] {processor.py:208} INFO - Processing /home/ec2-user/environment/lab4_model_training/dags/ml_training_pipeline_v2.py took 1.442 seconds
[2026-03-28T20:34:07.600+0000] {processor.py:186} INFO - Started process (PID=17914) to work on /home/ec2-user/environment/lab4_model_training/dags/ml_training_pipeline_v2.py
[2026-03-28T20:34:07.602+0000] {processor.py:914} INFO - Processing file /home/ec2-user/environment/lab4_model_training/dags/ml_training_pipeline_v2.py for tasks to queue
[2026-03-28T20:34:07.603+0000] {logging_mixin.py:190} INFO - [2026-03-28T20:34:07.602+0000] {dagbag.py:588} INFO - Filling up the DagBag from /home/ec2-user/environment/lab4_model_training/dags/ml_training_pipeline_v2.py
[2026-03-28T20:34:08.951+0000] {processor.py:925} INFO - DAG(s) 'ml_training_pipeline_v2' retrieved from /home/ec2-user/environment/lab4_model_training/dags/ml_training_pipeline_v2.py
[2026-03-28T20:34:08.965+0000] {logging_mixin.py:190} INFO - [2026-03-28T20:34:08.964+0000] {dag.py:3239} INFO - Sync 1 DAGs
[2026-03-28T20:34:08.974+0000] {logging_mixin.py:190} INFO - [2026-03-28T20:34:08.973+0000] {dag.py:4180} INFO - Setting next_dagrun for ml_training_pipeline_v2 to None, run_after=None
[2026-03-28T20:34:08.992+0000] {processor.py:208} INFO - Processing /home/ec2-user/environment/lab4_model_training/dags/ml_training_pipeline_v2.py took 1.397 seconds
[2026-03-28T20:34:39.210+0000] {processor.py:186} INFO - Started process (PID=17927) to work on /home/ec2-user/environment/lab4_model_training/dags/ml_training_pipeline_v2.py
[2026-03-28T20:34:39.211+0000] {processor.py:914} INFO - Processing file /home/ec2-user/environment/lab4_model_training/dags/ml_training_pipeline_v2.py for tasks to queue
[2026-03-28T20:34:39.212+0000] {logging_mixin.py:190} INFO - [2026-03-28T20:34:39.212+0000] {dagbag.py:588} INFO - Filling up the DagBag from /home/ec2-user/environment/lab4_model_training/dags/ml_training_pipeline_v2.py
[2026-03-28T20:34:40.584+0000] {processor.py:925} INFO - DAG(s) 'ml_training_pipeline_v2' retrieved from /home/ec2-user/environment/lab4_model_training/dags/ml_training_pipeline_v2.py
[2026-03-28T20:34:40.598+0000] {logging_mixin.py:190} INFO - [2026-03-28T20:34:40.598+0000] {dag.py:3239} INFO - Sync 1 DAGs
[2026-03-28T20:34:40.609+0000] {logging_mixin.py:190} INFO - [2026-03-28T20:34:40.609+0000] {dag.py:4180} INFO - Setting next_dagrun for ml_training_pipeline_v2 to None, run_after=None
[2026-03-28T20:34:40.628+0000] {processor.py:208} INFO - Processing /home/ec2-user/environment/lab4_model_training/dags/ml_training_pipeline_v2.py took 1.423 seconds
[2026-03-28T20:35:10.788+0000] {processor.py:186} INFO - Started process (PID=17951) to work on /home/ec2-user/environment/lab4_model_training/dags/ml_training_pipeline_v2.py
[2026-03-28T20:35:10.790+0000] {processor.py:914} INFO - Processing file /home/ec2-user/environment/lab4_model_training/dags/ml_training_pipeline_v2.py for tasks to queue
[2026-03-28T20:35:10.791+0000] {logging_mixin.py:190} INFO - [2026-03-28T20:35:10.790+0000] {dagbag.py:588} INFO - Filling up the DagBag from /home/ec2-user/environment/lab4_model_training/dags/ml_training_pipeline_v2.py
[2026-03-28T20:35:12.123+0000] {processor.py:925} INFO - DAG(s) 'ml_training_pipeline_v2' retrieved from /home/ec2-user/environment/lab4_model_training/dags/ml_training_pipeline_v2.py
[2026-03-28T20:35:12.136+0000] {logging_mixin.py:190} INFO - [2026-03-28T20:35:12.135+0000] {dag.py:3239} INFO - Sync 1 DAGs
[2026-03-28T20:35:12.146+0000] {logging_mixin.py:190} INFO - [2026-03-28T20:35:12.145+0000] {dag.py:4180} INFO - Setting next_dagrun for ml_training_pipeline_v2 to None, run_after=None
[2026-03-28T20:35:12.162+0000] {processor.py:208} INFO - Processing /home/ec2-user/environment/lab4_model_training/dags/ml_training_pipeline_v2.py took 1.379 seconds
[2026-03-28T20:35:42.263+0000] {processor.py:186} INFO - Started process (PID=18012) to work on /home/ec2-user/environment/lab4_model_training/dags/ml_training_pipeline_v2.py
[2026-03-28T20:35:42.264+0000] {processor.py:914} INFO - Processing file /home/ec2-user/environment/lab4_model_training/dags/ml_training_pipeline_v2.py for tasks to queue
[2026-03-28T20:35:42.265+0000] {logging_mixin.py:190} INFO - [2026-03-28T20:35:42.265+0000] {dagbag.py:588} INFO - Filling up the DagBag from /home/ec2-user/environment/lab4_model_training/dags/ml_training_pipeline_v2.py
[2026-03-28T20:35:43.559+0000] {processor.py:925} INFO - DAG(s) 'ml_training_pipeline_v2' retrieved from /home/ec2-user/environment/lab4_model_training/dags/ml_training_pipeline_v2.py
[2026-03-28T20:35:43.572+0000] {logging_mixin.py:190} INFO - [2026-03-28T20:35:43.572+0000] {dag.py:3239} INFO - Sync 1 DAGs
[2026-03-28T20:35:43.580+0000] {logging_mixin.py:190} INFO - [2026-03-28T20:35:43.580+0000] {dag.py:4180} INFO - Setting next_dagrun for ml_training_pipeline_v2 to None, run_after=None
[2026-03-28T20:35:43.597+0000] {processor.py:208} INFO - Processing /home/ec2-user/environment/lab4_model_training/dags/ml_training_pipeline_v2.py took 1.338 seconds
[2026-03-28T20:36:13.714+0000] {processor.py:186} INFO - Started process (PID=18040) to work on /home/ec2-user/environment/lab4_model_training/dags/ml_training_pipeline_v2.py
[2026-03-28T20:36:13.715+0000] {processor.py:914} INFO - Processing file /home/ec2-user/environment/lab4_model_training/dags/ml_training_pipeline_v2.py for tasks to queue
[2026-03-28T20:36:13.716+0000] {logging_mixin.py:190} INFO - [2026-03-28T20:36:13.716+0000] {dagbag.py:588} INFO - Filling up the DagBag from /home/ec2-user/environment/lab4_model_training/dags/ml_training_pipeline_v2.py
[2026-03-28T20:36:15.006+0000] {processor.py:925} INFO - DAG(s) 'ml_training_pipeline_v2' retrieved from /home/ec2-user/environment/lab4_model_training/dags/ml_training_pipeline_v2.py
[2026-03-28T20:36:15.022+0000] {logging_mixin.py:190} INFO - [2026-03-28T20:36:15.022+0000] {dag.py:3239} INFO - Sync 1 DAGs
[2026-03-28T20:36:15.031+0000] {logging_mixin.py:190} INFO - [2026-03-28T20:36:15.031+0000] {dag.py:4180} INFO - Setting next_dagrun for ml_training_pipeline_v2 to None, run_after=None
[2026-03-28T20:36:15.047+0000] {processor.py:208} INFO - Processing /home/ec2-user/environment/lab4_model_training/dags/ml_training_pipeline_v2.py took 1.338 seconds
[2026-03-28T20:36:45.166+0000] {processor.py:186} INFO - Started process (PID=18052) to work on /home/ec2-user/environment/lab4_model_training/dags/ml_training_pipeline_v2.py
[2026-03-28T20:36:45.167+0000] {processor.py:914} INFO - Processing file /home/ec2-user/environment/lab4_model_training/dags/ml_training_pipeline_v2.py for tasks to queue
[2026-03-28T20:36:45.169+0000] {logging_mixin.py:190} INFO - [2026-03-28T20:36:45.168+0000] {dagbag.py:588} INFO - Filling up the DagBag from /home/ec2-user/environment/lab4_model_training/dags/ml_training_pipeline_v2.py
[2026-03-28T20:36:46.478+0000] {processor.py:925} INFO - DAG(s) 'ml_training_pipeline_v2' retrieved from /home/ec2-user/environment/lab4_model_training/dags/ml_training_pipeline_v2.py
[2026-03-28T20:36:46.491+0000] {logging_mixin.py:190} INFO - [2026-03-28T20:36:46.491+0000] {dag.py:3239} INFO - Sync 1 DAGs
[2026-03-28T20:36:46.500+0000] {logging_mixin.py:190} INFO - [2026-03-28T20:36:46.500+0000] {dag.py:4180} INFO - Setting next_dagrun for ml_training_pipeline_v2 to None, run_after=None
[2026-03-28T20:36:46.516+0000] {processor.py:208} INFO - Processing /home/ec2-user/environment/lab4_model_training/dags/ml_training_pipeline_v2.py took 1.354 seconds
[2026-03-28T20:37:16.663+0000] {processor.py:186} INFO - Started process (PID=18076) to work on /home/ec2-user/environment/lab4_model_training/dags/ml_training_pipeline_v2.py
[2026-03-28T20:37:16.664+0000] {processor.py:914} INFO - Processing file /home/ec2-user/environment/lab4_model_training/dags/ml_training_pipeline_v2.py for tasks to queue
[2026-03-28T20:37:16.665+0000] {logging_mixin.py:190} INFO - [2026-03-28T20:37:16.664+0000] {dagbag.py:588} INFO - Filling up the DagBag from /home/ec2-user/environment/lab4_model_training/dags/ml_training_pipeline_v2.py
[2026-03-28T20:37:17.958+0000] {processor.py:925} INFO - DAG(s) 'ml_training_pipeline_v2' retrieved from /home/ec2-user/environment/lab4_model_training/dags/ml_training_pipeline_v2.py
[2026-03-28T20:37:17.971+0000] {logging_mixin.py:190} INFO - [2026-03-28T20:37:17.971+0000] {dag.py:3239} INFO - Sync 1 DAGs
[2026-03-28T20:37:17.979+0000] {logging_mixin.py:190} INFO - [2026-03-28T20:37:17.979+0000] {dag.py:4180} INFO - Setting next_dagrun for ml_training_pipeline_v2 to None, run_after=None
[2026-03-28T20:37:17.995+0000] {processor.py:208} INFO - Processing /home/ec2-user/environment/lab4_model_training/dags/ml_training_pipeline_v2.py took 1.337 seconds
[2026-03-28T20:37:48.260+0000] {processor.py:186} INFO - Started process (PID=18142) to work on /home/ec2-user/environment/lab4_model_training/dags/ml_training_pipeline_v2.py
[2026-03-28T20:37:48.262+0000] {processor.py:914} INFO - Processing file /home/ec2-user/environment/lab4_model_training/dags/ml_training_pipeline_v2.py for tasks to queue
[2026-03-28T20:37:48.263+0000] {logging_mixin.py:190} INFO - [2026-03-28T20:37:48.262+0000] {dagbag.py:588} INFO - Filling up the DagBag from /home/ec2-user/environment/lab4_model_training/dags/ml_training_pipeline_v2.py
[2026-03-28T20:37:49.567+0000] {processor.py:925} INFO - DAG(s) 'ml_training_pipeline_v2' retrieved from /home/ec2-user/environment/lab4_model_training/dags/ml_training_pipeline_v2.py
[2026-03-28T20:37:49.580+0000] {logging_mixin.py:190} INFO - [2026-03-28T20:37:49.580+0000] {dag.py:3239} INFO - Sync 1 DAGs
[2026-03-28T20:37:49.589+0000] {logging_mixin.py:190} INFO - [2026-03-28T20:37:49.589+0000] {dag.py:4180} INFO - Setting next_dagrun for ml_training_pipeline_v2 to None, run_after=None
[2026-03-28T20:37:49.605+0000] {processor.py:208} INFO - Processing /home/ec2-user/environment/lab4_model_training/dags/ml_training_pipeline_v2.py took 1.350 seconds
[2026-03-28T20:38:19.758+0000] {processor.py:186} INFO - Started process (PID=18167) to work on /home/ec2-user/environment/lab4_model_training/dags/ml_training_pipeline_v2.py
[2026-03-28T20:38:19.759+0000] {processor.py:914} INFO - Processing file /home/ec2-user/environment/lab4_model_training/dags/ml_training_pipeline_v2.py for tasks to queue
[2026-03-28T20:38:19.760+0000] {logging_mixin.py:190} INFO - [2026-03-28T20:38:19.760+0000] {dagbag.py:588} INFO - Filling up the DagBag from /home/ec2-user/environment/lab4_model_training/dags/ml_training_pipeline_v2.py
[2026-03-28T20:38:21.056+0000] {processor.py:925} INFO - DAG(s) 'ml_training_pipeline_v2' retrieved from /home/ec2-user/environment/lab4_model_training/dags/ml_training_pipeline_v2.py
[2026-03-28T20:38:21.069+0000] {logging_mixin.py:190} INFO - [2026-03-28T20:38:21.068+0000] {dag.py:3239} INFO - Sync 1 DAGs
[2026-03-28T20:38:21.078+0000] {logging_mixin.py:190} INFO - [2026-03-28T20:38:21.078+0000] {dag.py:4180} INFO - Setting next_dagrun for ml_training_pipeline_v2 to None, run_after=None
[2026-03-28T20:38:21.096+0000] {processor.py:208} INFO - Processing /home/ec2-user/environment/lab4_model_training/dags/ml_training_pipeline_v2.py took 1.343 seconds
[2026-03-28T20:38:51.254+0000] {processor.py:186} INFO - Started process (PID=18180) to work on /home/ec2-user/environment/lab4_model_training/dags/ml_training_pipeline_v2.py
[2026-03-28T20:38:51.255+0000] {processor.py:914} INFO - Processing file /home/ec2-user/environment/lab4_model_training/dags/ml_training_pipeline_v2.py for tasks to queue
[2026-03-28T20:38:51.255+0000] {logging_mixin.py:190} INFO - [2026-03-28T20:38:51.255+0000] {dagbag.py:588} INFO - Filling up the DagBag from /home/ec2-user/environment/lab4_model_training/dags/ml_training_pipeline_v2.py
[2026-03-28T20:38:52.578+0000] {processor.py:925} INFO - DAG(s) 'ml_training_pipeline_v2' retrieved from /home/ec2-user/environment/lab4_model_training/dags/ml_training_pipeline_v2.py
[2026-03-28T20:38:52.591+0000] {logging_mixin.py:190} INFO - [2026-03-28T20:38:52.590+0000] {dag.py:3239} INFO - Sync 1 DAGs
[2026-03-28T20:38:52.601+0000] {logging_mixin.py:190} INFO - [2026-03-28T20:38:52.601+0000] {dag.py:4180} INFO - Setting next_dagrun for ml_training_pipeline_v2 to None, run_after=None
[2026-03-28T20:38:52.618+0000] {processor.py:208} INFO - Processing /home/ec2-user/environment/lab4_model_training/dags/ml_training_pipeline_v2.py took 1.369 seconds
[2026-03-28T20:39:22.750+0000] {processor.py:186} INFO - Started process (PID=18258) to work on /home/ec2-user/environment/lab4_model_training/dags/ml_training_pipeline_v2.py
[2026-03-28T20:39:22.751+0000] {processor.py:914} INFO - Processing file /home/ec2-user/environment/lab4_model_training/dags/ml_training_pipeline_v2.py for tasks to queue
[2026-03-28T20:39:22.752+0000] {logging_mixin.py:190} INFO - [2026-03-28T20:39:22.752+0000] {dagbag.py:588} INFO - Filling up the DagBag from /home/ec2-user/environment/lab4_model_training/dags/ml_training_pipeline_v2.py
[2026-03-28T20:39:24.027+0000] {processor.py:925} INFO - DAG(s) 'ml_training_pipeline_v2' retrieved from /home/ec2-user/environment/lab4_model_training/dags/ml_training_pipeline_v2.py
[2026-03-28T20:39:24.039+0000] {logging_mixin.py:190} INFO - [2026-03-28T20:39:24.039+0000] {dag.py:3239} INFO - Sync 1 DAGs
[2026-03-28T20:39:24.049+0000] {logging_mixin.py:190} INFO - [2026-03-28T20:39:24.049+0000] {dag.py:4180} INFO - Setting next_dagrun for ml_training_pipeline_v2 to None, run_after=None
[2026-03-28T20:39:24.064+0000] {processor.py:208} INFO - Processing /home/ec2-user/environment/lab4_model_training/dags/ml_training_pipeline_v2.py took 1.319 seconds
[2026-03-28T20:39:54.245+0000] {processor.py:186} INFO - Started process (PID=18271) to work on /home/ec2-user/environment/lab4_model_training/dags/ml_training_pipeline_v2.py
[2026-03-28T20:39:54.246+0000] {processor.py:914} INFO - Processing file /home/ec2-user/environment/lab4_model_training/dags/ml_training_pipeline_v2.py for tasks to queue
[2026-03-28T20:39:54.247+0000] {logging_mixin.py:190} INFO - [2026-03-28T20:39:54.247+0000] {dagbag.py:588} INFO - Filling up the DagBag from /home/ec2-user/environment/lab4_model_training/dags/ml_training_pipeline_v2.py
[2026-03-28T20:39:55.484+0000] {processor.py:925} INFO - DAG(s) 'ml_training_pipeline_v2' retrieved from /home/ec2-user/environment/lab4_model_training/dags/ml_training_pipeline_v2.py
[2026-03-28T20:39:55.497+0000] {logging_mixin.py:190} INFO - [2026-03-28T20:39:55.496+0000] {dag.py:3239} INFO - Sync 1 DAGs
[2026-03-28T20:39:55.505+0000] {logging_mixin.py:190} INFO - [2026-03-28T20:39:55.505+0000] {dag.py:4180} INFO - Setting next_dagrun for ml_training_pipeline_v2 to None, run_after=None
[2026-03-28T20:39:55.520+0000] {processor.py:208} INFO - Processing /home/ec2-user/environment/lab4_model_training/dags/ml_training_pipeline_v2.py took 1.279 seconds
[2026-03-28T20:40:25.638+0000] {processor.py:186} INFO - Started process (PID=18299) to work on /home/ec2-user/environment/lab4_model_training/dags/ml_training_pipeline_v2.py
[2026-03-28T20:40:25.639+0000] {processor.py:914} INFO - Processing file /home/ec2-user/environment/lab4_model_training/dags/ml_training_pipeline_v2.py for tasks to queue
[2026-03-28T20:40:25.640+0000] {logging_mixin.py:190} INFO - [2026-03-28T20:40:25.639+0000] {dagbag.py:588} INFO - Filling up the DagBag from /home/ec2-user/environment/lab4_model_training/dags/ml_training_pipeline_v2.py
[2026-03-28T20:40:26.863+0000] {processor.py:925} INFO - DAG(s) 'ml_training_pipeline_v2' retrieved from /home/ec2-user/environment/lab4_model_training/dags/ml_training_pipeline_v2.py
[2026-03-28T20:40:26.876+0000] {logging_mixin.py:190} INFO - [2026-03-28T20:40:26.876+0000] {dag.py:3239} INFO - Sync 1 DAGs
[2026-03-28T20:40:26.884+0000] {logging_mixin.py:190} INFO - [2026-03-28T20:40:26.884+0000] {dag.py:4180} INFO - Setting next_dagrun for ml_training_pipeline_v2 to None, run_after=None
[2026-03-28T20:40:26.900+0000] {processor.py:208} INFO - Processing /home/ec2-user/environment/lab4_model_training/dags/ml_training_pipeline_v2.py took 1.266 seconds
[2026-03-28T20:40:56.947+0000] {processor.py:186} INFO - Started process (PID=18359) to work on /home/ec2-user/environment/lab4_model_training/dags/ml_training_pipeline_v2.py
[2026-03-28T20:40:56.948+0000] {processor.py:914} INFO - Processing file /home/ec2-user/environment/lab4_model_training/dags/ml_training_pipeline_v2.py for tasks to queue
[2026-03-28T20:40:56.949+0000] {logging_mixin.py:190} INFO - [2026-03-28T20:40:56.949+0000] {dagbag.py:588} INFO - Filling up the DagBag from /home/ec2-user/environment/lab4_model_training/dags/ml_training_pipeline_v2.py
[2026-03-28T20:40:58.184+0000] {processor.py:925} INFO - DAG(s) 'ml_training_pipeline_v2' retrieved from /home/ec2-user/environment/lab4_model_training/dags/ml_training_pipeline_v2.py
[2026-03-28T20:40:58.196+0000] {logging_mixin.py:190} INFO - [2026-03-28T20:40:58.196+0000] {dag.py:3239} INFO - Sync 1 DAGs
[2026-03-28T20:40:58.204+0000] {logging_mixin.py:190} INFO - [2026-03-28T20:40:58.204+0000] {dag.py:4180} INFO - Setting next_dagrun for ml_training_pipeline_v2 to None, run_after=None
[2026-03-28T20:40:58.220+0000] {processor.py:208} INFO - Processing /home/ec2-user/environment/lab4_model_training/dags/ml_training_pipeline_v2.py took 1.278 seconds
[2026-03-28T20:41:28.394+0000] {processor.py:186} INFO - Started process (PID=18383) to work on /home/ec2-user/environment/lab4_model_training/dags/ml_training_pipeline_v2.py
[2026-03-28T20:41:28.395+0000] {processor.py:914} INFO - Processing file /home/ec2-user/environment/lab4_model_training/dags/ml_training_pipeline_v2.py for tasks to queue
[2026-03-28T20:41:28.395+0000] {logging_mixin.py:190} INFO - [2026-03-28T20:41:28.395+0000] {dagbag.py:588} INFO - Filling up the DagBag from /home/ec2-user/environment/lab4_model_training/dags/ml_training_pipeline_v2.py
[2026-03-28T20:41:29.623+0000] {processor.py:925} INFO - DAG(s) 'ml_training_pipeline_v2' retrieved from /home/ec2-user/environment/lab4_model_training/dags/ml_training_pipeline_v2.py
[2026-03-28T20:41:29.635+0000] {logging_mixin.py:190} INFO - [2026-03-28T20:41:29.635+0000] {dag.py:3239} INFO - Sync 1 DAGs
[2026-03-28T20:41:29.643+0000] {logging_mixin.py:190} INFO - [2026-03-28T20:41:29.643+0000] {dag.py:4180} INFO - Setting next_dagrun for ml_training_pipeline_v2 to None, run_after=None
[2026-03-28T20:41:29.658+0000] {processor.py:208} INFO - Processing /home/ec2-user/environment/lab4_model_training/dags/ml_training_pipeline_v2.py took 1.269 seconds
[2026-03-28T20:41:59.791+0000] {processor.py:186} INFO - Started process (PID=18399) to work on /home/ec2-user/environment/lab4_model_training/dags/ml_training_pipeline_v2.py
[2026-03-28T20:41:59.792+0000] {processor.py:914} INFO - Processing file /home/ec2-user/environment/lab4_model_training/dags/ml_training_pipeline_v2.py for tasks to queue
[2026-03-28T20:41:59.793+0000] {logging_mixin.py:190} INFO - [2026-03-28T20:41:59.793+0000] {dagbag.py:588} INFO - Filling up the DagBag from /home/ec2-user/environment/lab4_model_training/dags/ml_training_pipeline_v2.py
[2026-03-28T20:42:01.029+0000] {processor.py:925} INFO - DAG(s) 'ml_training_pipeline_v2' retrieved from /home/ec2-user/environment/lab4_model_training/dags/ml_training_pipeline_v2.py
[2026-03-28T20:42:01.041+0000] {logging_mixin.py:190} INFO - [2026-03-28T20:42:01.040+0000] {dag.py:3239} INFO - Sync 1 DAGs
[2026-03-28T20:42:01.049+0000] {logging_mixin.py:190} INFO - [2026-03-28T20:42:01.049+0000] {dag.py:4180} INFO - Setting next_dagrun for ml_training_pipeline_v2 to None, run_after=None
[2026-03-28T20:42:01.064+0000] {processor.py:208} INFO - Processing /home/ec2-user/environment/lab4_model_training/dags/ml_training_pipeline_v2.py took 1.278 seconds
[2026-03-28T20:42:31.181+0000] {processor.py:186} INFO - Started process (PID=18423) to work on /home/ec2-user/environment/lab4_model_training/dags/ml_training_pipeline_v2.py
[2026-03-28T20:42:31.182+0000] {processor.py:914} INFO - Processing file /home/ec2-user/environment/lab4_model_training/dags/ml_training_pipeline_v2.py for tasks to queue
[2026-03-28T20:42:31.183+0000] {logging_mixin.py:190} INFO - [2026-03-28T20:42:31.183+0000] {dagbag.py:588} INFO - Filling up the DagBag from /home/ec2-user/environment/lab4_model_training/dags/ml_training_pipeline_v2.py
[2026-03-28T20:42:32.420+0000] {processor.py:925} INFO - DAG(s) 'ml_training_pipeline_v2' retrieved from /home/ec2-user/environment/lab4_model_training/dags/ml_training_pipeline_v2.py
[2026-03-28T20:42:32.432+0000] {logging_mixin.py:190} INFO - [2026-03-28T20:42:32.431+0000] {dag.py:3239} INFO - Sync 1 DAGs
[2026-03-28T20:42:32.440+0000] {logging_mixin.py:190} INFO - [2026-03-28T20:42:32.440+0000] {dag.py:4180} INFO - Setting next_dagrun for ml_training_pipeline_v2 to None, run_after=None
[2026-03-28T20:42:32.456+0000] {processor.py:208} INFO - Processing /home/ec2-user/environment/lab4_model_training/dags/ml_training_pipeline_v2.py took 1.280 seconds
[2026-03-28T20:43:02.576+0000] {processor.py:186} INFO - Started process (PID=18495) to work on /home/ec2-user/environment/lab4_model_training/dags/ml_training_pipeline_v2.py
[2026-03-28T20:43:02.577+0000] {processor.py:914} INFO - Processing file /home/ec2-user/environment/lab4_model_training/dags/ml_training_pipeline_v2.py for tasks to queue
[2026-03-28T20:43:02.578+0000] {logging_mixin.py:190} INFO - [2026-03-28T20:43:02.578+0000] {dagbag.py:588} INFO - Filling up the DagBag from /home/ec2-user/environment/lab4_model_training/dags/ml_training_pipeline_v2.py
[2026-03-28T20:43:03.821+0000] {processor.py:925} INFO - DAG(s) 'ml_training_pipeline_v2' retrieved from /home/ec2-user/environment/lab4_model_training/dags/ml_training_pipeline_v2.py
[2026-03-28T20:43:03.832+0000] {logging_mixin.py:190} INFO - [2026-03-28T20:43:03.832+0000] {dag.py:3239} INFO - Sync 1 DAGs
[2026-03-28T20:43:03.841+0000] {logging_mixin.py:190} INFO - [2026-03-28T20:43:03.841+0000] {dag.py:4180} INFO - Setting next_dagrun for ml_training_pipeline_v2 to None, run_after=None
[2026-03-28T20:43:03.856+0000] {processor.py:208} INFO - Processing /home/ec2-user/environment/lab4_model_training/dags/ml_training_pipeline_v2.py took 1.285 seconds
[2026-03-28T20:43:33.972+0000] {processor.py:186} INFO - Started process (PID=18511) to work on /home/ec2-user/environment/lab4_model_training/dags/ml_training_pipeline_v2.py
[2026-03-28T20:43:33.972+0000] {processor.py:914} INFO - Processing file /home/ec2-user/environment/lab4_model_training/dags/ml_training_pipeline_v2.py for tasks to queue
[2026-03-28T20:43:33.973+0000] {logging_mixin.py:190} INFO - [2026-03-28T20:43:33.973+0000] {dagbag.py:588} INFO - Filling up the DagBag from /home/ec2-user/environment/lab4_model_training/dags/ml_training_pipeline_v2.py
[2026-03-28T20:43:35.210+0000] {processor.py:925} INFO - DAG(s) 'ml_training_pipeline_v2' retrieved from /home/ec2-user/environment/lab4_model_training/dags/ml_training_pipeline_v2.py
[2026-03-28T20:43:35.222+0000] {logging_mixin.py:190} INFO - [2026-03-28T20:43:35.222+0000] {dag.py:3239} INFO - Sync 1 DAGs
[2026-03-28T20:43:35.232+0000] {logging_mixin.py:190} INFO - [2026-03-28T20:43:35.232+0000] {dag.py:4180} INFO - Setting next_dagrun for ml_training_pipeline_v2 to None, run_after=None
[2026-03-28T20:43:35.247+0000] {processor.py:208} INFO - Processing /home/ec2-user/environment/lab4_model_training/dags/ml_training_pipeline_v2.py took 1.280 seconds
[2026-03-28T20:44:05.363+0000] {processor.py:186} INFO - Started process (PID=18599) to work on /home/ec2-user/environment/lab4_model_training/dags/ml_training_pipeline_v2.py
[2026-03-28T20:44:05.363+0000] {processor.py:914} INFO - Processing file /home/ec2-user/environment/lab4_model_training/dags/ml_training_pipeline_v2.py for tasks to queue
[2026-03-28T20:44:05.364+0000] {logging_mixin.py:190} INFO - [2026-03-28T20:44:05.364+0000] {dagbag.py:588} INFO - Filling up the DagBag from /home/ec2-user/environment/lab4_model_training/dags/ml_training_pipeline_v2.py
[2026-03-28T20:44:06.586+0000] {processor.py:925} INFO - DAG(s) 'ml_training_pipeline_v2' retrieved from /home/ec2-user/environment/lab4_model_training/dags/ml_training_pipeline_v2.py
[2026-03-28T20:44:06.598+0000] {logging_mixin.py:190} INFO - [2026-03-28T20:44:06.598+0000] {dag.py:3239} INFO - Sync 1 DAGs
[2026-03-28T20:44:06.607+0000] {logging_mixin.py:190} INFO - [2026-03-28T20:44:06.606+0000] {dag.py:4180} INFO - Setting next_dagrun for ml_training_pipeline_v2 to None, run_after=None
[2026-03-28T20:44:06.622+0000] {processor.py:208} INFO - Processing /home/ec2-user/environment/lab4_model_training/dags/ml_training_pipeline_v2.py took 1.264 seconds
[2026-03-28T20:44:36.755+0000] {processor.py:186} INFO - Started process (PID=18613) to work on /home/ec2-user/environment/lab4_model_training/dags/ml_training_pipeline_v2.py
[2026-03-28T20:44:36.756+0000] {processor.py:914} INFO - Processing file /home/ec2-user/environment/lab4_model_training/dags/ml_training_pipeline_v2.py for tasks to queue
[2026-03-28T20:44:36.757+0000] {logging_mixin.py:190} INFO - [2026-03-28T20:44:36.757+0000] {dagbag.py:588} INFO - Filling up the DagBag from /home/ec2-user/environment/lab4_model_training/dags/ml_training_pipeline_v2.py
[2026-03-28T20:44:37.961+0000] {processor.py:925} INFO - DAG(s) 'ml_training_pipeline_v2' retrieved from /home/ec2-user/environment/lab4_model_training/dags/ml_training_pipeline_v2.py
[2026-03-28T20:44:37.973+0000] {logging_mixin.py:190} INFO - [2026-03-28T20:44:37.973+0000] {dag.py:3239} INFO - Sync 1 DAGs
[2026-03-28T20:44:37.981+0000] {logging_mixin.py:190} INFO - [2026-03-28T20:44:37.981+0000] {dag.py:4180} INFO - Setting next_dagrun for ml_training_pipeline_v2 to None, run_after=None
[2026-03-28T20:44:37.997+0000] {processor.py:208} INFO - Processing /home/ec2-user/environment/lab4_model_training/dags/ml_training_pipeline_v2.py took 1.246 seconds
[2026-03-28T20:45:08.143+0000] {processor.py:186} INFO - Started process (PID=18635) to work on /home/ec2-user/environment/lab4_model_training/dags/ml_training_pipeline_v2.py
[2026-03-28T20:45:08.144+0000] {processor.py:914} INFO - Processing file /home/ec2-user/environment/lab4_model_training/dags/ml_training_pipeline_v2.py for tasks to queue
[2026-03-28T20:45:08.145+0000] {logging_mixin.py:190} INFO - [2026-03-28T20:45:08.145+0000] {dagbag.py:588} INFO - Filling up the DagBag from /home/ec2-user/environment/lab4_model_training/dags/ml_training_pipeline_v2.py
[2026-03-28T20:45:09.355+0000] {processor.py:925} INFO - DAG(s) 'ml_training_pipeline_v2' retrieved from /home/ec2-user/environment/lab4_model_training/dags/ml_training_pipeline_v2.py
[2026-03-28T20:45:09.366+0000] {logging_mixin.py:190} INFO - [2026-03-28T20:45:09.366+0000] {dag.py:3239} INFO - Sync 1 DAGs
[2026-03-28T20:45:09.374+0000] {logging_mixin.py:190} INFO - [2026-03-28T20:45:09.374+0000] {dag.py:4180} INFO - Setting next_dagrun for ml_training_pipeline_v2 to None, run_after=None
[2026-03-28T20:45:09.390+0000] {processor.py:208} INFO - Processing /home/ec2-user/environment/lab4_model_training/dags/ml_training_pipeline_v2.py took 1.251 seconds
[2026-03-28T20:45:39.506+0000] {processor.py:186} INFO - Started process (PID=18695) to work on /home/ec2-user/environment/lab4_model_training/dags/ml_training_pipeline_v2.py
[2026-03-28T20:45:39.507+0000] {processor.py:914} INFO - Processing file /home/ec2-user/environment/lab4_model_training/dags/ml_training_pipeline_v2.py for tasks to queue
[2026-03-28T20:45:39.508+0000] {logging_mixin.py:190} INFO - [2026-03-28T20:45:39.507+0000] {dagbag.py:588} INFO - Filling up the DagBag from /home/ec2-user/environment/lab4_model_training/dags/ml_training_pipeline_v2.py
[2026-03-28T20:45:40.734+0000] {processor.py:925} INFO - DAG(s) 'ml_training_pipeline_v2' retrieved from /home/ec2-user/environment/lab4_model_training/dags/ml_training_pipeline_v2.py
[2026-03-28T20:45:40.746+0000] {logging_mixin.py:190} INFO - [2026-03-28T20:45:40.745+0000] {dag.py:3239} INFO - Sync 1 DAGs
[2026-03-28T20:45:40.754+0000] {logging_mixin.py:190} INFO - [2026-03-28T20:45:40.754+0000] {dag.py:4180} INFO - Setting next_dagrun for ml_training_pipeline_v2 to None, run_after=None
[2026-03-28T20:45:40.769+0000] {processor.py:208} INFO - Processing /home/ec2-user/environment/lab4_model_training/dags/ml_training_pipeline_v2.py took 1.267 seconds
[2026-03-28T20:46:10.872+0000] {processor.py:186} INFO - Started process (PID=18716) to work on /home/ec2-user/environment/lab4_model_training/dags/ml_training_pipeline_v2.py
[2026-03-28T20:46:10.873+0000] {processor.py:914} INFO - Processing file /home/ec2-user/environment/lab4_model_training/dags/ml_training_pipeline_v2.py for tasks to queue
[2026-03-28T20:46:10.874+0000] {logging_mixin.py:190} INFO - [2026-03-28T20:46:10.874+0000] {dagbag.py:588} INFO - Filling up the DagBag from /home/ec2-user/environment/lab4_model_training/dags/ml_training_pipeline_v2.py
[2026-03-28T20:46:12.106+0000] {processor.py:925} INFO - DAG(s) 'ml_training_pipeline_v2' retrieved from /home/ec2-user/environment/lab4_model_training/dags/ml_training_pipeline_v2.py
[2026-03-28T20:46:12.118+0000] {logging_mixin.py:190} INFO - [2026-03-28T20:46:12.117+0000] {dag.py:3239} INFO - Sync 1 DAGs
[2026-03-28T20:46:12.126+0000] {logging_mixin.py:190} INFO - [2026-03-28T20:46:12.126+0000] {dag.py:4180} INFO - Setting next_dagrun for ml_training_pipeline_v2 to None, run_after=None
[2026-03-28T20:46:12.141+0000] {processor.py:208} INFO - Processing /home/ec2-user/environment/lab4_model_training/dags/ml_training_pipeline_v2.py took 1.274 seconds
[2026-03-28T20:46:42.268+0000] {processor.py:186} INFO - Started process (PID=18728) to work on /home/ec2-user/environment/lab4_model_training/dags/ml_training_pipeline_v2.py
[2026-03-28T20:46:42.270+0000] {processor.py:914} INFO - Processing file /home/ec2-user/environment/lab4_model_training/dags/ml_training_pipeline_v2.py for tasks to queue
[2026-03-28T20:46:42.271+0000] {logging_mixin.py:190} INFO - [2026-03-28T20:46:42.270+0000] {dagbag.py:588} INFO - Filling up the DagBag from /home/ec2-user/environment/lab4_model_training/dags/ml_training_pipeline_v2.py
[2026-03-28T20:46:43.518+0000] {processor.py:925} INFO - DAG(s) 'ml_training_pipeline_v2' retrieved from /home/ec2-user/environment/lab4_model_training/dags/ml_training_pipeline_v2.py
[2026-03-28T20:46:43.530+0000] {logging_mixin.py:190} INFO - [2026-03-28T20:46:43.530+0000] {dag.py:3239} INFO - Sync 1 DAGs
[2026-03-28T20:46:43.538+0000] {logging_mixin.py:190} INFO - [2026-03-28T20:46:43.538+0000] {dag.py:4180} INFO - Setting next_dagrun for ml_training_pipeline_v2 to None, run_after=None
[2026-03-28T20:46:43.554+0000] {processor.py:208} INFO - Processing /home/ec2-user/environment/lab4_model_training/dags/ml_training_pipeline_v2.py took 1.291 seconds
[2026-03-28T20:47:13.662+0000] {processor.py:186} INFO - Started process (PID=18749) to work on /home/ec2-user/environment/lab4_model_training/dags/ml_training_pipeline_v2.py
[2026-03-28T20:47:13.663+0000] {processor.py:914} INFO - Processing file /home/ec2-user/environment/lab4_model_training/dags/ml_training_pipeline_v2.py for tasks to queue
[2026-03-28T20:47:13.664+0000] {logging_mixin.py:190} INFO - [2026-03-28T20:47:13.664+0000] {dagbag.py:588} INFO - Filling up the DagBag from /home/ec2-user/environment/lab4_model_training/dags/ml_training_pipeline_v2.py
[2026-03-28T20:47:14.913+0000] {processor.py:925} INFO - DAG(s) 'ml_training_pipeline_v2' retrieved from /home/ec2-user/environment/lab4_model_training/dags/ml_training_pipeline_v2.py
[2026-03-28T20:47:14.925+0000] {logging_mixin.py:190} INFO - [2026-03-28T20:47:14.925+0000] {dag.py:3239} INFO - Sync 1 DAGs
[2026-03-28T20:47:14.934+0000] {logging_mixin.py:190} INFO - [2026-03-28T20:47:14.934+0000] {dag.py:4180} INFO - Setting next_dagrun for ml_training_pipeline_v2 to None, run_after=None
[2026-03-28T20:47:14.950+0000] {processor.py:208} INFO - Processing /home/ec2-user/environment/lab4_model_training/dags/ml_training_pipeline_v2.py took 1.293 seconds
[2026-03-28T20:47:45.062+0000] {processor.py:186} INFO - Started process (PID=18809) to work on /home/ec2-user/environment/lab4_model_training/dags/ml_training_pipeline_v2.py
[2026-03-28T20:47:45.062+0000] {processor.py:914} INFO - Processing file /home/ec2-user/environment/lab4_model_training/dags/ml_training_pipeline_v2.py for tasks to queue
[2026-03-28T20:47:45.063+0000] {logging_mixin.py:190} INFO - [2026-03-28T20:47:45.063+0000] {dagbag.py:588} INFO - Filling up the DagBag from /home/ec2-user/environment/lab4_model_training/dags/ml_training_pipeline_v2.py
[2026-03-28T20:47:46.323+0000] {processor.py:925} INFO - DAG(s) 'ml_training_pipeline_v2' retrieved from /home/ec2-user/environment/lab4_model_training/dags/ml_training_pipeline_v2.py
[2026-03-28T20:47:46.335+0000] {logging_mixin.py:190} INFO - [2026-03-28T20:47:46.335+0000] {dag.py:3239} INFO - Sync 1 DAGs
[2026-03-28T20:47:46.344+0000] {logging_mixin.py:190} INFO - [2026-03-28T20:47:46.344+0000] {dag.py:4180} INFO - Setting next_dagrun for ml_training_pipeline_v2 to None, run_after=None
[2026-03-28T20:47:46.360+0000] {processor.py:208} INFO - Processing /home/ec2-user/environment/lab4_model_training/dags/ml_training_pipeline_v2.py took 1.303 seconds
[2026-03-28T20:48:16.556+0000] {processor.py:186} INFO - Started process (PID=18830) to work on /home/ec2-user/environment/lab4_model_training/dags/ml_training_pipeline_v2.py
[2026-03-28T20:48:16.557+0000] {processor.py:914} INFO - Processing file /home/ec2-user/environment/lab4_model_training/dags/ml_training_pipeline_v2.py for tasks to queue
[2026-03-28T20:48:16.558+0000] {logging_mixin.py:190} INFO - [2026-03-28T20:48:16.558+0000] {dagbag.py:588} INFO - Filling up the DagBag from /home/ec2-user/environment/lab4_model_training/dags/ml_training_pipeline_v2.py
[2026-03-28T20:48:17.816+0000] {processor.py:925} INFO - DAG(s) 'ml_training_pipeline_v2' retrieved from /home/ec2-user/environment/lab4_model_training/dags/ml_training_pipeline_v2.py
[2026-03-28T20:48:17.829+0000] {logging_mixin.py:190} INFO - [2026-03-28T20:48:17.829+0000] {dag.py:3239} INFO - Sync 1 DAGs
[2026-03-28T20:48:17.838+0000] {logging_mixin.py:190} INFO - [2026-03-28T20:48:17.838+0000] {dag.py:4180} INFO - Setting next_dagrun for ml_training_pipeline_v2 to None, run_after=None
[2026-03-28T20:48:17.854+0000] {processor.py:208} INFO - Processing /home/ec2-user/environment/lab4_model_training/dags/ml_training_pipeline_v2.py took 1.302 seconds
[2026-03-28T20:48:47.956+0000] {processor.py:186} INFO - Started process (PID=18843) to work on /home/ec2-user/environment/lab4_model_training/dags/ml_training_pipeline_v2.py
[2026-03-28T20:48:47.957+0000] {processor.py:914} INFO - Processing file /home/ec2-user/environment/lab4_model_training/dags/ml_training_pipeline_v2.py for tasks to queue
[2026-03-28T20:48:47.958+0000] {logging_mixin.py:190} INFO - [2026-03-28T20:48:47.958+0000] {dagbag.py:588} INFO - Filling up the DagBag from /home/ec2-user/environment/lab4_model_training/dags/ml_training_pipeline_v2.py
[2026-03-28T20:48:49.191+0000] {processor.py:925} INFO - DAG(s) 'ml_training_pipeline_v2' retrieved from /home/ec2-user/environment/lab4_model_training/dags/ml_training_pipeline_v2.py
[2026-03-28T20:48:49.204+0000] {logging_mixin.py:190} INFO - [2026-03-28T20:48:49.204+0000] {dag.py:3239} INFO - Sync 1 DAGs
[2026-03-28T20:48:49.212+0000] {logging_mixin.py:190} INFO - [2026-03-28T20:48:49.212+0000] {dag.py:4180} INFO - Setting next_dagrun for ml_training_pipeline_v2 to None, run_after=None
[2026-03-28T20:48:49.227+0000] {processor.py:208} INFO - Processing /home/ec2-user/environment/lab4_model_training/dags/ml_training_pipeline_v2.py took 1.276 seconds
[2026-03-28T20:49:19.349+0000] {processor.py:186} INFO - Started process (PID=18866) to work on /home/ec2-user/environment/lab4_model_training/dags/ml_training_pipeline_v2.py
[2026-03-28T20:49:19.350+0000] {processor.py:914} INFO - Processing file /home/ec2-user/environment/lab4_model_training/dags/ml_training_pipeline_v2.py for tasks to queue
[2026-03-28T20:49:19.351+0000] {logging_mixin.py:190} INFO - [2026-03-28T20:49:19.351+0000] {dagbag.py:588} INFO - Filling up the DagBag from /home/ec2-user/environment/lab4_model_training/dags/ml_training_pipeline_v2.py
[2026-03-28T20:49:20.591+0000] {processor.py:925} INFO - DAG(s) 'ml_training_pipeline_v2' retrieved from /home/ec2-user/environment/lab4_model_training/dags/ml_training_pipeline_v2.py
[2026-03-28T20:49:20.603+0000] {logging_mixin.py:190} INFO - [2026-03-28T20:49:20.603+0000] {dag.py:3239} INFO - Sync 1 DAGs
[2026-03-28T20:49:20.612+0000] {logging_mixin.py:190} INFO - [2026-03-28T20:49:20.611+0000] {dag.py:4180} INFO - Setting next_dagrun for ml_training_pipeline_v2 to None, run_after=None
[2026-03-28T20:49:20.627+0000] {processor.py:208} INFO - Processing /home/ec2-user/environment/lab4_model_training/dags/ml_training_pipeline_v2.py took 1.282 seconds
[2026-03-28T20:49:50.699+0000] {processor.py:186} INFO - Started process (PID=18928) to work on /home/ec2-user/environment/lab4_model_training/dags/ml_training_pipeline_v2.py
[2026-03-28T20:49:50.699+0000] {processor.py:914} INFO - Processing file /home/ec2-user/environment/lab4_model_training/dags/ml_training_pipeline_v2.py for tasks to queue
[2026-03-28T20:49:50.700+0000] {logging_mixin.py:190} INFO - [2026-03-28T20:49:50.700+0000] {dagbag.py:588} INFO - Filling up the DagBag from /home/ec2-user/environment/lab4_model_training/dags/ml_training_pipeline_v2.py
[2026-03-28T20:49:51.942+0000] {processor.py:925} INFO - DAG(s) 'ml_training_pipeline_v2' retrieved from /home/ec2-user/environment/lab4_model_training/dags/ml_training_pipeline_v2.py
[2026-03-28T20:49:51.954+0000] {logging_mixin.py:190} INFO - [2026-03-28T20:49:51.954+0000] {dag.py:3239} INFO - Sync 1 DAGs
[2026-03-28T20:49:51.963+0000] {logging_mixin.py:190} INFO - [2026-03-28T20:49:51.962+0000] {dag.py:4180} INFO - Setting next_dagrun for ml_training_pipeline_v2 to None, run_after=None
[2026-03-28T20:49:51.978+0000] {processor.py:208} INFO - Processing /home/ec2-user/environment/lab4_model_training/dags/ml_training_pipeline_v2.py took 1.283 seconds
[2026-03-28T20:50:22.461+0000] {processor.py:186} INFO - Started process (PID=18952) to work on /home/ec2-user/environment/lab4_model_training/dags/ml_training_pipeline_v2.py
[2026-03-28T20:50:22.462+0000] {processor.py:914} INFO - Processing file /home/ec2-user/environment/lab4_model_training/dags/ml_training_pipeline_v2.py for tasks to queue
[2026-03-28T20:50:22.463+0000] {logging_mixin.py:190} INFO - [2026-03-28T20:50:22.463+0000] {dagbag.py:588} INFO - Filling up the DagBag from /home/ec2-user/environment/lab4_model_training/dags/ml_training_pipeline_v2.py
[2026-03-28T20:50:23.689+0000] {processor.py:925} INFO - DAG(s) 'ml_training_pipeline_v2' retrieved from /home/ec2-user/environment/lab4_model_training/dags/ml_training_pipeline_v2.py
[2026-03-28T20:50:23.701+0000] {logging_mixin.py:190} INFO - [2026-03-28T20:50:23.701+0000] {dag.py:3239} INFO - Sync 1 DAGs
[2026-03-28T20:50:23.709+0000] {logging_mixin.py:190} INFO - [2026-03-28T20:50:23.709+0000] {dag.py:4180} INFO - Setting next_dagrun for ml_training_pipeline_v2 to None, run_after=None
[2026-03-28T20:50:23.725+0000] {processor.py:208} INFO - Processing /home/ec2-user/environment/lab4_model_training/dags/ml_training_pipeline_v2.py took 1.268 seconds
[2026-03-28T20:50:54.127+0000] {processor.py:186} INFO - Started process (PID=18965) to work on /home/ec2-user/environment/lab4_model_training/dags/ml_training_pipeline_v2.py
[2026-03-28T20:50:54.128+0000] {processor.py:914} INFO - Processing file /home/ec2-user/environment/lab4_model_training/dags/ml_training_pipeline_v2.py for tasks to queue
[2026-03-28T20:50:54.129+0000] {logging_mixin.py:190} INFO - [2026-03-28T20:50:54.129+0000] {dagbag.py:588} INFO - Filling up the DagBag from /home/ec2-user/environment/lab4_model_training/dags/ml_training_pipeline_v2.py
[2026-03-28T20:50:55.362+0000] {processor.py:925} INFO - DAG(s) 'ml_training_pipeline_v2' retrieved from /home/ec2-user/environment/lab4_model_training/dags/ml_training_pipeline_v2.py
[2026-03-28T20:50:55.374+0000] {logging_mixin.py:190} INFO - [2026-03-28T20:50:55.373+0000] {dag.py:3239} INFO - Sync 1 DAGs
[2026-03-28T20:50:55.382+0000] {logging_mixin.py:190} INFO - [2026-03-28T20:50:55.382+0000] {dag.py:4180} INFO - Setting next_dagrun for ml_training_pipeline_v2 to None, run_after=None
[2026-03-28T20:50:55.398+0000] {processor.py:208} INFO - Processing /home/ec2-user/environment/lab4_model_training/dags/ml_training_pipeline_v2.py took 1.276 seconds
[2026-03-28T20:51:25.801+0000] {processor.py:186} INFO - Started process (PID=18986) to work on /home/ec2-user/environment/lab4_model_training/dags/ml_training_pipeline_v2.py
[2026-03-28T20:51:25.802+0000] {processor.py:914} INFO - Processing file /home/ec2-user/environment/lab4_model_training/dags/ml_training_pipeline_v2.py for tasks to queue
[2026-03-28T20:51:25.803+0000] {logging_mixin.py:190} INFO - [2026-03-28T20:51:25.802+0000] {dagbag.py:588} INFO - Filling up the DagBag from /home/ec2-user/environment/lab4_model_training/dags/ml_training_pipeline_v2.py
[2026-03-28T20:51:27.055+0000] {processor.py:925} INFO - DAG(s) 'ml_training_pipeline_v2' retrieved from /home/ec2-user/environment/lab4_model_training/dags/ml_training_pipeline_v2.py
[2026-03-28T20:51:27.067+0000] {logging_mixin.py:190} INFO - [2026-03-28T20:51:27.067+0000] {dag.py:3239} INFO - Sync 1 DAGs
[2026-03-28T20:51:27.076+0000] {logging_mixin.py:190} INFO - [2026-03-28T20:51:27.076+0000] {dag.py:4180} INFO - Setting next_dagrun for ml_training_pipeline_v2 to None, run_after=None
[2026-03-28T20:51:27.092+0000] {processor.py:208} INFO - Processing /home/ec2-user/environment/lab4_model_training/dags/ml_training_pipeline_v2.py took 1.296 seconds
[2026-03-28T20:51:57.577+0000] {processor.py:186} INFO - Started process (PID=19046) to work on /home/ec2-user/environment/lab4_model_training/dags/ml_training_pipeline_v2.py
[2026-03-28T20:51:57.579+0000] {processor.py:914} INFO - Processing file /home/ec2-user/environment/lab4_model_training/dags/ml_training_pipeline_v2.py for tasks to queue
[2026-03-28T20:51:57.580+0000] {logging_mixin.py:190} INFO - [2026-03-28T20:51:57.579+0000] {dagbag.py:588} INFO - Filling up the DagBag from /home/ec2-user/environment/lab4_model_training/dags/ml_training_pipeline_v2.py
[2026-03-28T20:51:58.829+0000] {processor.py:925} INFO - DAG(s) 'ml_training_pipeline_v2' retrieved from /home/ec2-user/environment/lab4_model_training/dags/ml_training_pipeline_v2.py
[2026-03-28T20:51:58.841+0000] {logging_mixin.py:190} INFO - [2026-03-28T20:51:58.841+0000] {dag.py:3239} INFO - Sync 1 DAGs
[2026-03-28T20:51:58.850+0000] {logging_mixin.py:190} INFO - [2026-03-28T20:51:58.850+0000] {dag.py:4180} INFO - Setting next_dagrun for ml_training_pipeline_v2 to None, run_after=None
[2026-03-28T20:51:58.865+0000] {processor.py:208} INFO - Processing /home/ec2-user/environment/lab4_model_training/dags/ml_training_pipeline_v2.py took 1.292 seconds
[2026-03-28T20:52:29.264+0000] {processor.py:186} INFO - Started process (PID=19067) to work on /home/ec2-user/environment/lab4_model_training/dags/ml_training_pipeline_v2.py
[2026-03-28T20:52:29.264+0000] {processor.py:914} INFO - Processing file /home/ec2-user/environment/lab4_model_training/dags/ml_training_pipeline_v2.py for tasks to queue
[2026-03-28T20:52:29.265+0000] {logging_mixin.py:190} INFO - [2026-03-28T20:52:29.265+0000] {dagbag.py:588} INFO - Filling up the DagBag from /home/ec2-user/environment/lab4_model_training/dags/ml_training_pipeline_v2.py
[2026-03-28T20:52:30.527+0000] {processor.py:925} INFO - DAG(s) 'ml_training_pipeline_v2' retrieved from /home/ec2-user/environment/lab4_model_training/dags/ml_training_pipeline_v2.py
[2026-03-28T20:52:30.540+0000] {logging_mixin.py:190} INFO - [2026-03-28T20:52:30.540+0000] {dag.py:3239} INFO - Sync 1 DAGs
[2026-03-28T20:52:30.548+0000] {logging_mixin.py:190} INFO - [2026-03-28T20:52:30.548+0000] {dag.py:4180} INFO - Setting next_dagrun for ml_training_pipeline_v2 to None, run_after=None
[2026-03-28T20:52:30.564+0000] {processor.py:208} INFO - Processing /home/ec2-user/environment/lab4_model_training/dags/ml_training_pipeline_v2.py took 1.305 seconds
[2026-03-28T20:53:01.037+0000] {processor.py:186} INFO - Started process (PID=19080) to work on /home/ec2-user/environment/lab4_model_training/dags/ml_training_pipeline_v2.py
[2026-03-28T20:53:01.039+0000] {processor.py:914} INFO - Processing file /home/ec2-user/environment/lab4_model_training/dags/ml_training_pipeline_v2.py for tasks to queue
[2026-03-28T20:53:01.040+0000] {logging_mixin.py:190} INFO - [2026-03-28T20:53:01.039+0000] {dagbag.py:588} INFO - Filling up the DagBag from /home/ec2-user/environment/lab4_model_training/dags/ml_training_pipeline_v2.py
[2026-03-28T20:53:02.305+0000] {processor.py:925} INFO - DAG(s) 'ml_training_pipeline_v2' retrieved from /home/ec2-user/environment/lab4_model_training/dags/ml_training_pipeline_v2.py
[2026-03-28T20:53:02.318+0000] {logging_mixin.py:190} INFO - [2026-03-28T20:53:02.318+0000] {dag.py:3239} INFO - Sync 1 DAGs
[2026-03-28T20:53:02.327+0000] {logging_mixin.py:190} INFO - [2026-03-28T20:53:02.326+0000] {dag.py:4180} INFO - Setting next_dagrun for ml_training_pipeline_v2 to None, run_after=None
[2026-03-28T20:53:02.342+0000] {processor.py:208} INFO - Processing /home/ec2-user/environment/lab4_model_training/dags/ml_training_pipeline_v2.py took 1.310 seconds
[2026-03-28T20:53:32.920+0000] {processor.py:186} INFO - Started process (PID=19110) to work on /home/ec2-user/environment/lab4_model_training/dags/ml_training_pipeline_v2.py
[2026-03-28T20:53:32.920+0000] {processor.py:914} INFO - Processing file /home/ec2-user/environment/lab4_model_training/dags/ml_training_pipeline_v2.py for tasks to queue
[2026-03-28T20:53:32.922+0000] {logging_mixin.py:190} INFO - [2026-03-28T20:53:32.921+0000] {dagbag.py:588} INFO - Filling up the DagBag from /home/ec2-user/environment/lab4_model_training/dags/ml_training_pipeline_v2.py
[2026-03-28T20:53:34.205+0000] {processor.py:925} INFO - DAG(s) 'ml_training_pipeline_v2' retrieved from /home/ec2-user/environment/lab4_model_training/dags/ml_training_pipeline_v2.py
[2026-03-28T20:53:34.217+0000] {logging_mixin.py:190} INFO - [2026-03-28T20:53:34.217+0000] {dag.py:3239} INFO - Sync 1 DAGs
[2026-03-28T20:53:34.225+0000] {logging_mixin.py:190} INFO - [2026-03-28T20:53:34.225+0000] {dag.py:4180} INFO - Setting next_dagrun for ml_training_pipeline_v2 to None, run_after=None
[2026-03-28T20:53:34.241+0000] {processor.py:208} INFO - Processing /home/ec2-user/environment/lab4_model_training/dags/ml_training_pipeline_v2.py took 1.328 seconds
[2026-03-28T20:54:05.055+0000] {processor.py:186} INFO - Started process (PID=19171) to work on /home/ec2-user/environment/lab4_model_training/dags/ml_training_pipeline_v2.py
[2026-03-28T20:54:05.057+0000] {processor.py:914} INFO - Processing file /home/ec2-user/environment/lab4_model_training/dags/ml_training_pipeline_v2.py for tasks to queue
[2026-03-28T20:54:05.058+0000] {logging_mixin.py:190} INFO - [2026-03-28T20:54:05.057+0000] {dagbag.py:588} INFO - Filling up the DagBag from /home/ec2-user/environment/lab4_model_training/dags/ml_training_pipeline_v2.py
[2026-03-28T20:54:06.313+0000] {processor.py:925} INFO - DAG(s) 'ml_training_pipeline_v2' retrieved from /home/ec2-user/environment/lab4_model_training/dags/ml_training_pipeline_v2.py
[2026-03-28T20:54:06.326+0000] {logging_mixin.py:190} INFO - [2026-03-28T20:54:06.325+0000] {dag.py:3239} INFO - Sync 1 DAGs
[2026-03-28T20:54:06.334+0000] {logging_mixin.py:190} INFO - [2026-03-28T20:54:06.334+0000] {dag.py:4180} INFO - Setting next_dagrun for ml_training_pipeline_v2 to None, run_after=None
[2026-03-28T20:54:06.350+0000] {processor.py:208} INFO - Processing /home/ec2-user/environment/lab4_model_training/dags/ml_training_pipeline_v2.py took 1.300 seconds
[2026-03-28T20:54:36.818+0000] {processor.py:186} INFO - Started process (PID=19185) to work on /home/ec2-user/environment/lab4_model_training/dags/ml_training_pipeline_v2.py
[2026-03-28T20:54:36.819+0000] {processor.py:914} INFO - Processing file /home/ec2-user/environment/lab4_model_training/dags/ml_training_pipeline_v2.py for tasks to queue
[2026-03-28T20:54:36.820+0000] {logging_mixin.py:190} INFO - [2026-03-28T20:54:36.820+0000] {dagbag.py:588} INFO - Filling up the DagBag from /home/ec2-user/environment/lab4_model_training/dags/ml_training_pipeline_v2.py
[2026-03-28T20:54:38.074+0000] {processor.py:925} INFO - DAG(s) 'ml_training_pipeline_v2' retrieved from /home/ec2-user/environment/lab4_model_training/dags/ml_training_pipeline_v2.py
[2026-03-28T20:54:38.086+0000] {logging_mixin.py:190} INFO - [2026-03-28T20:54:38.086+0000] {dag.py:3239} INFO - Sync 1 DAGs
[2026-03-28T20:54:38.094+0000] {logging_mixin.py:190} INFO - [2026-03-28T20:54:38.094+0000] {dag.py:4180} INFO - Setting next_dagrun for ml_training_pipeline_v2 to None, run_after=None
[2026-03-28T20:54:38.109+0000] {processor.py:208} INFO - Processing /home/ec2-user/environment/lab4_model_training/dags/ml_training_pipeline_v2.py took 1.296 seconds
[2026-03-28T20:55:08.691+0000] {processor.py:186} INFO - Started process (PID=19208) to work on /home/ec2-user/environment/lab4_model_training/dags/ml_training_pipeline_v2.py
[2026-03-28T20:55:08.692+0000] {processor.py:914} INFO - Processing file /home/ec2-user/environment/lab4_model_training/dags/ml_training_pipeline_v2.py for tasks to queue
[2026-03-28T20:55:08.693+0000] {logging_mixin.py:190} INFO - [2026-03-28T20:55:08.692+0000] {dagbag.py:588} INFO - Filling up the DagBag from /home/ec2-user/environment/lab4_model_training/dags/ml_training_pipeline_v2.py
[2026-03-28T20:55:09.934+0000] {processor.py:925} INFO - DAG(s) 'ml_training_pipeline_v2' retrieved from /home/ec2-user/environment/lab4_model_training/dags/ml_training_pipeline_v2.py
[2026-03-28T20:55:09.947+0000] {logging_mixin.py:190} INFO - [2026-03-28T20:55:09.946+0000] {dag.py:3239} INFO - Sync 1 DAGs
[2026-03-28T20:55:09.955+0000] {logging_mixin.py:190} INFO - [2026-03-28T20:55:09.955+0000] {dag.py:4180} INFO - Setting next_dagrun for ml_training_pipeline_v2 to None, run_after=None
[2026-03-28T20:55:09.971+0000] {processor.py:208} INFO - Processing /home/ec2-user/environment/lab4_model_training/dags/ml_training_pipeline_v2.py took 1.285 seconds
[2026-03-28T20:55:40.543+0000] {processor.py:186} INFO - Started process (PID=19269) to work on /home/ec2-user/environment/lab4_model_training/dags/ml_training_pipeline_v2.py
[2026-03-28T20:55:40.544+0000] {processor.py:914} INFO - Processing file /home/ec2-user/environment/lab4_model_training/dags/ml_training_pipeline_v2.py for tasks to queue
[2026-03-28T20:55:40.545+0000] {logging_mixin.py:190} INFO - [2026-03-28T20:55:40.545+0000] {dagbag.py:588} INFO - Filling up the DagBag from /home/ec2-user/environment/lab4_model_training/dags/ml_training_pipeline_v2.py
[2026-03-28T20:55:41.797+0000] {processor.py:925} INFO - DAG(s) 'ml_training_pipeline_v2' retrieved from /home/ec2-user/environment/lab4_model_training/dags/ml_training_pipeline_v2.py
[2026-03-28T20:55:41.809+0000] {logging_mixin.py:190} INFO - [2026-03-28T20:55:41.809+0000] {dag.py:3239} INFO - Sync 1 DAGs
[2026-03-28T20:55:41.817+0000] {logging_mixin.py:190} INFO - [2026-03-28T20:55:41.817+0000] {dag.py:4180} INFO - Setting next_dagrun for ml_training_pipeline_v2 to None, run_after=None
[2026-03-28T20:55:41.833+0000] {processor.py:208} INFO - Processing /home/ec2-user/environment/lab4_model_training/dags/ml_training_pipeline_v2.py took 1.295 seconds
[2026-03-28T20:56:12.206+0000] {processor.py:186} INFO - Started process (PID=19290) to work on /home/ec2-user/environment/lab4_model_training/dags/ml_training_pipeline_v2.py
[2026-03-28T20:56:12.207+0000] {processor.py:914} INFO - Processing file /home/ec2-user/environment/lab4_model_training/dags/ml_training_pipeline_v2.py for tasks to queue
[2026-03-28T20:56:12.208+0000] {logging_mixin.py:190} INFO - [2026-03-28T20:56:12.207+0000] {dagbag.py:588} INFO - Filling up the DagBag from /home/ec2-user/environment/lab4_model_training/dags/ml_training_pipeline_v2.py
[2026-03-28T20:56:13.440+0000] {processor.py:925} INFO - DAG(s) 'ml_training_pipeline_v2' retrieved from /home/ec2-user/environment/lab4_model_training/dags/ml_training_pipeline_v2.py
[2026-03-28T20:56:13.452+0000] {logging_mixin.py:190} INFO - [2026-03-28T20:56:13.452+0000] {dag.py:3239} INFO - Sync 1 DAGs
[2026-03-28T20:56:13.461+0000] {logging_mixin.py:190} INFO - [2026-03-28T20:56:13.461+0000] {dag.py:4180} INFO - Setting next_dagrun for ml_training_pipeline_v2 to None, run_after=None
[2026-03-28T20:56:13.476+0000] {processor.py:208} INFO - Processing /home/ec2-user/environment/lab4_model_training/dags/ml_training_pipeline_v2.py took 1.275 seconds
[2026-03-28T20:56:43.868+0000] {processor.py:186} INFO - Started process (PID=19302) to work on /home/ec2-user/environment/lab4_model_training/dags/ml_training_pipeline_v2.py
[2026-03-28T20:56:43.869+0000] {processor.py:914} INFO - Processing file /home/ec2-user/environment/lab4_model_training/dags/ml_training_pipeline_v2.py for tasks to queue
[2026-03-28T20:56:43.870+0000] {logging_mixin.py:190} INFO - [2026-03-28T20:56:43.870+0000] {dagbag.py:588} INFO - Filling up the DagBag from /home/ec2-user/environment/lab4_model_training/dags/ml_training_pipeline_v2.py
[2026-03-28T20:56:45.093+0000] {processor.py:925} INFO - DAG(s) 'ml_training_pipeline_v2' retrieved from /home/ec2-user/environment/lab4_model_training/dags/ml_training_pipeline_v2.py
[2026-03-28T20:56:45.106+0000] {logging_mixin.py:190} INFO - [2026-03-28T20:56:45.106+0000] {dag.py:3239} INFO - Sync 1 DAGs
[2026-03-28T20:56:45.114+0000] {logging_mixin.py:190} INFO - [2026-03-28T20:56:45.114+0000] {dag.py:4180} INFO - Setting next_dagrun for ml_training_pipeline_v2 to None, run_after=None
[2026-03-28T20:56:45.129+0000] {processor.py:208} INFO - Processing /home/ec2-user/environment/lab4_model_training/dags/ml_training_pipeline_v2.py took 1.266 seconds
[2026-03-28T20:57:15.524+0000] {processor.py:186} INFO - Started process (PID=19323) to work on /home/ec2-user/environment/lab4_model_training/dags/ml_training_pipeline_v2.py
[2026-03-28T20:57:15.525+0000] {processor.py:914} INFO - Processing file /home/ec2-user/environment/lab4_model_training/dags/ml_training_pipeline_v2.py for tasks to queue
[2026-03-28T20:57:15.526+0000] {logging_mixin.py:190} INFO - [2026-03-28T20:57:15.526+0000] {dagbag.py:588} INFO - Filling up the DagBag from /home/ec2-user/environment/lab4_model_training/dags/ml_training_pipeline_v2.py
[2026-03-28T20:57:16.758+0000] {processor.py:925} INFO - DAG(s) 'ml_training_pipeline_v2' retrieved from /home/ec2-user/environment/lab4_model_training/dags/ml_training_pipeline_v2.py
[2026-03-28T20:57:16.771+0000] {logging_mixin.py:190} INFO - [2026-03-28T20:57:16.771+0000] {dag.py:3239} INFO - Sync 1 DAGs
[2026-03-28T20:57:16.780+0000] {logging_mixin.py:190} INFO - [2026-03-28T20:57:16.779+0000] {dag.py:4180} INFO - Setting next_dagrun for ml_training_pipeline_v2 to None, run_after=None
[2026-03-28T20:57:16.795+0000] {processor.py:208} INFO - Processing /home/ec2-user/environment/lab4_model_training/dags/ml_training_pipeline_v2.py took 1.275 seconds
[2026-03-28T20:57:46.838+0000] {processor.py:186} INFO - Started process (PID=19384) to work on /home/ec2-user/environment/lab4_model_training/dags/ml_training_pipeline_v2.py
[2026-03-28T20:57:46.840+0000] {processor.py:914} INFO - Processing file /home/ec2-user/environment/lab4_model_training/dags/ml_training_pipeline_v2.py for tasks to queue
[2026-03-28T20:57:46.840+0000] {logging_mixin.py:190} INFO - [2026-03-28T20:57:46.840+0000] {dagbag.py:588} INFO - Filling up the DagBag from /home/ec2-user/environment/lab4_model_training/dags/ml_training_pipeline_v2.py
[2026-03-28T20:57:48.074+0000] {processor.py:925} INFO - DAG(s) 'ml_training_pipeline_v2' retrieved from /home/ec2-user/environment/lab4_model_training/dags/ml_training_pipeline_v2.py
[2026-03-28T20:57:48.087+0000] {logging_mixin.py:190} INFO - [2026-03-28T20:57:48.086+0000] {dag.py:3239} INFO - Sync 1 DAGs
[2026-03-28T20:57:48.095+0000] {logging_mixin.py:190} INFO - [2026-03-28T20:57:48.095+0000] {dag.py:4180} INFO - Setting next_dagrun for ml_training_pipeline_v2 to None, run_after=None
[2026-03-28T20:57:48.110+0000] {processor.py:208} INFO - Processing /home/ec2-user/environment/lab4_model_training/dags/ml_training_pipeline_v2.py took 1.276 seconds
[2026-03-28T20:58:18.498+0000] {processor.py:186} INFO - Started process (PID=19405) to work on /home/ec2-user/environment/lab4_model_training/dags/ml_training_pipeline_v2.py
[2026-03-28T20:58:18.499+0000] {processor.py:914} INFO - Processing file /home/ec2-user/environment/lab4_model_training/dags/ml_training_pipeline_v2.py for tasks to queue
[2026-03-28T20:58:18.500+0000] {logging_mixin.py:190} INFO - [2026-03-28T20:58:18.500+0000] {dagbag.py:588} INFO - Filling up the DagBag from /home/ec2-user/environment/lab4_model_training/dags/ml_training_pipeline_v2.py
[2026-03-28T20:58:19.730+0000] {processor.py:925} INFO - DAG(s) 'ml_training_pipeline_v2' retrieved from /home/ec2-user/environment/lab4_model_training/dags/ml_training_pipeline_v2.py
[2026-03-28T20:58:19.742+0000] {logging_mixin.py:190} INFO - [2026-03-28T20:58:19.742+0000] {dag.py:3239} INFO - Sync 1 DAGs
[2026-03-28T20:58:19.750+0000] {logging_mixin.py:190} INFO - [2026-03-28T20:58:19.750+0000] {dag.py:4180} INFO - Setting next_dagrun for ml_training_pipeline_v2 to None, run_after=None
[2026-03-28T20:58:19.766+0000] {processor.py:208} INFO - Processing /home/ec2-user/environment/lab4_model_training/dags/ml_training_pipeline_v2.py took 1.272 seconds
[2026-03-28T20:58:50.234+0000] {processor.py:186} INFO - Started process (PID=19418) to work on /home/ec2-user/environment/lab4_model_training/dags/ml_training_pipeline_v2.py
[2026-03-28T20:58:50.236+0000] {processor.py:914} INFO - Processing file /home/ec2-user/environment/lab4_model_training/dags/ml_training_pipeline_v2.py for tasks to queue
[2026-03-28T20:58:50.237+0000] {logging_mixin.py:190} INFO - [2026-03-28T20:58:50.236+0000] {dagbag.py:588} INFO - Filling up the DagBag from /home/ec2-user/environment/lab4_model_training/dags/ml_training_pipeline_v2.py
[2026-03-28T20:58:51.477+0000] {processor.py:925} INFO - DAG(s) 'ml_training_pipeline_v2' retrieved from /home/ec2-user/environment/lab4_model_training/dags/ml_training_pipeline_v2.py
[2026-03-28T20:58:51.489+0000] {logging_mixin.py:190} INFO - [2026-03-28T20:58:51.489+0000] {dag.py:3239} INFO - Sync 1 DAGs
[2026-03-28T20:58:51.497+0000] {logging_mixin.py:190} INFO - [2026-03-28T20:58:51.497+0000] {dag.py:4180} INFO - Setting next_dagrun for ml_training_pipeline_v2 to None, run_after=None
[2026-03-28T20:58:51.512+0000] {processor.py:208} INFO - Processing /home/ec2-user/environment/lab4_model_training/dags/ml_training_pipeline_v2.py took 1.283 seconds
[2026-03-28T20:59:21.896+0000] {processor.py:186} INFO - Started process (PID=19440) to work on /home/ec2-user/environment/lab4_model_training/dags/ml_training_pipeline_v2.py
[2026-03-28T20:59:21.897+0000] {processor.py:914} INFO - Processing file /home/ec2-user/environment/lab4_model_training/dags/ml_training_pipeline_v2.py for tasks to queue
[2026-03-28T20:59:21.898+0000] {logging_mixin.py:190} INFO - [2026-03-28T20:59:21.898+0000] {dagbag.py:588} INFO - Filling up the DagBag from /home/ec2-user/environment/lab4_model_training/dags/ml_training_pipeline_v2.py
[2026-03-28T20:59:23.132+0000] {processor.py:925} INFO - DAG(s) 'ml_training_pipeline_v2' retrieved from /home/ec2-user/environment/lab4_model_training/dags/ml_training_pipeline_v2.py
[2026-03-28T20:59:23.144+0000] {logging_mixin.py:190} INFO - [2026-03-28T20:59:23.144+0000] {dag.py:3239} INFO - Sync 1 DAGs
[2026-03-28T20:59:23.152+0000] {logging_mixin.py:190} INFO - [2026-03-28T20:59:23.152+0000] {dag.py:4180} INFO - Setting next_dagrun for ml_training_pipeline_v2 to None, run_after=None
[2026-03-28T20:59:23.168+0000] {processor.py:208} INFO - Processing /home/ec2-user/environment/lab4_model_training/dags/ml_training_pipeline_v2.py took 1.276 seconds
[2026-03-28T20:59:53.634+0000] {processor.py:186} INFO - Started process (PID=19501) to work on /home/ec2-user/environment/lab4_model_training/dags/ml_training_pipeline_v2.py
[2026-03-28T20:59:53.636+0000] {processor.py:914} INFO - Processing file /home/ec2-user/environment/lab4_model_training/dags/ml_training_pipeline_v2.py for tasks to queue
[2026-03-28T20:59:53.637+0000] {logging_mixin.py:190} INFO - [2026-03-28T20:59:53.636+0000] {dagbag.py:588} INFO - Filling up the DagBag from /home/ec2-user/environment/lab4_model_training/dags/ml_training_pipeline_v2.py
[2026-03-28T20:59:54.867+0000] {processor.py:925} INFO - DAG(s) 'ml_training_pipeline_v2' retrieved from /home/ec2-user/environment/lab4_model_training/dags/ml_training_pipeline_v2.py
[2026-03-28T20:59:54.879+0000] {logging_mixin.py:190} INFO - [2026-03-28T20:59:54.879+0000] {dag.py:3239} INFO - Sync 1 DAGs
[2026-03-28T20:59:54.887+0000] {logging_mixin.py:190} INFO - [2026-03-28T20:59:54.887+0000] {dag.py:4180} INFO - Setting next_dagrun for ml_training_pipeline_v2 to None, run_after=None
[2026-03-28T20:59:54.904+0000] {processor.py:208} INFO - Processing /home/ec2-user/environment/lab4_model_training/dags/ml_training_pipeline_v2.py took 1.274 seconds
[2026-03-28T21:00:25.746+0000] {processor.py:186} INFO - Started process (PID=19526) to work on /home/ec2-user/environment/lab4_model_training/dags/ml_training_pipeline_v2.py
[2026-03-28T21:00:25.747+0000] {processor.py:914} INFO - Processing file /home/ec2-user/environment/lab4_model_training/dags/ml_training_pipeline_v2.py for tasks to queue
[2026-03-28T21:00:25.748+0000] {logging_mixin.py:190} INFO - [2026-03-28T21:00:25.748+0000] {dagbag.py:588} INFO - Filling up the DagBag from /home/ec2-user/environment/lab4_model_training/dags/ml_training_pipeline_v2.py
[2026-03-28T21:00:26.976+0000] {processor.py:925} INFO - DAG(s) 'ml_training_pipeline_v2' retrieved from /home/ec2-user/environment/lab4_model_training/dags/ml_training_pipeline_v2.py
[2026-03-28T21:00:26.989+0000] {logging_mixin.py:190} INFO - [2026-03-28T21:00:26.988+0000] {dag.py:3239} INFO - Sync 1 DAGs
[2026-03-28T21:00:26.998+0000] {logging_mixin.py:190} INFO - [2026-03-28T21:00:26.998+0000] {dag.py:4180} INFO - Setting next_dagrun for ml_training_pipeline_v2 to None, run_after=None
[2026-03-28T21:00:27.013+0000] {processor.py:208} INFO - Processing /home/ec2-user/environment/lab4_model_training/dags/ml_training_pipeline_v2.py took 1.272 seconds
[2026-03-28T21:00:57.415+0000] {processor.py:186} INFO - Started process (PID=19538) to work on /home/ec2-user/environment/lab4_model_training/dags/ml_training_pipeline_v2.py
[2026-03-28T21:00:57.416+0000] {processor.py:914} INFO - Processing file /home/ec2-user/environment/lab4_model_training/dags/ml_training_pipeline_v2.py for tasks to queue
[2026-03-28T21:00:57.417+0000] {logging_mixin.py:190} INFO - [2026-03-28T21:00:57.416+0000] {dagbag.py:588} INFO - Filling up the DagBag from /home/ec2-user/environment/lab4_model_training/dags/ml_training_pipeline_v2.py
[2026-03-28T21:00:58.648+0000] {processor.py:925} INFO - DAG(s) 'ml_training_pipeline_v2' retrieved from /home/ec2-user/environment/lab4_model_training/dags/ml_training_pipeline_v2.py
[2026-03-28T21:00:58.660+0000] {logging_mixin.py:190} INFO - [2026-03-28T21:00:58.659+0000] {dag.py:3239} INFO - Sync 1 DAGs
[2026-03-28T21:00:58.669+0000] {logging_mixin.py:190} INFO - [2026-03-28T21:00:58.669+0000] {dag.py:4180} INFO - Setting next_dagrun for ml_training_pipeline_v2 to None, run_after=None
[2026-03-28T21:00:58.684+0000] {processor.py:208} INFO - Processing /home/ec2-user/environment/lab4_model_training/dags/ml_training_pipeline_v2.py took 1.273 seconds
[2026-03-28T21:01:29.232+0000] {processor.py:186} INFO - Started process (PID=19570) to work on /home/ec2-user/environment/lab4_model_training/dags/ml_training_pipeline_v2.py
[2026-03-28T21:01:29.233+0000] {processor.py:914} INFO - Processing file /home/ec2-user/environment/lab4_model_training/dags/ml_training_pipeline_v2.py for tasks to queue
[2026-03-28T21:01:29.234+0000] {logging_mixin.py:190} INFO - [2026-03-28T21:01:29.233+0000] {dagbag.py:588} INFO - Filling up the DagBag from /home/ec2-user/environment/lab4_model_training/dags/ml_training_pipeline_v2.py
[2026-03-28T21:01:30.475+0000] {processor.py:925} INFO - DAG(s) 'ml_training_pipeline_v2' retrieved from /home/ec2-user/environment/lab4_model_training/dags/ml_training_pipeline_v2.py
[2026-03-28T21:01:30.488+0000] {logging_mixin.py:190} INFO - [2026-03-28T21:01:30.487+0000] {dag.py:3239} INFO - Sync 1 DAGs
[2026-03-28T21:01:30.496+0000] {logging_mixin.py:190} INFO - [2026-03-28T21:01:30.496+0000] {dag.py:4180} INFO - Setting next_dagrun for ml_training_pipeline_v2 to None, run_after=None
[2026-03-28T21:01:30.511+0000] {processor.py:208} INFO - Processing /home/ec2-user/environment/lab4_model_training/dags/ml_training_pipeline_v2.py took 1.284 seconds
[2026-03-28T21:02:00.990+0000] {processor.py:186} INFO - Started process (PID=19631) to work on /home/ec2-user/environment/lab4_model_training/dags/ml_training_pipeline_v2.py
[2026-03-28T21:02:00.991+0000] {processor.py:914} INFO - Processing file /home/ec2-user/environment/lab4_model_training/dags/ml_training_pipeline_v2.py for tasks to queue
[2026-03-28T21:02:00.992+0000] {logging_mixin.py:190} INFO - [2026-03-28T21:02:00.992+0000] {dagbag.py:588} INFO - Filling up the DagBag from /home/ec2-user/environment/lab4_model_training/dags/ml_training_pipeline_v2.py
[2026-03-28T21:02:02.269+0000] {processor.py:925} INFO - DAG(s) 'ml_training_pipeline_v2' retrieved from /home/ec2-user/environment/lab4_model_training/dags/ml_training_pipeline_v2.py
[2026-03-28T21:02:02.282+0000] {logging_mixin.py:190} INFO - [2026-03-28T21:02:02.282+0000] {dag.py:3239} INFO - Sync 1 DAGs
[2026-03-28T21:02:02.291+0000] {logging_mixin.py:190} INFO - [2026-03-28T21:02:02.291+0000] {dag.py:4180} INFO - Setting next_dagrun for ml_training_pipeline_v2 to None, run_after=None
[2026-03-28T21:02:02.307+0000] {processor.py:208} INFO - Processing /home/ec2-user/environment/lab4_model_training/dags/ml_training_pipeline_v2.py took 1.321 seconds
[2026-03-28T21:02:32.954+0000] {processor.py:186} INFO - Started process (PID=19652) to work on /home/ec2-user/environment/lab4_model_training/dags/ml_training_pipeline_v2.py
[2026-03-28T21:02:32.955+0000] {processor.py:914} INFO - Processing file /home/ec2-user/environment/lab4_model_training/dags/ml_training_pipeline_v2.py for tasks to queue
[2026-03-28T21:02:32.956+0000] {logging_mixin.py:190} INFO - [2026-03-28T21:02:32.956+0000] {dagbag.py:588} INFO - Filling up the DagBag from /home/ec2-user/environment/lab4_model_training/dags/ml_training_pipeline_v2.py
[2026-03-28T21:02:34.224+0000] {processor.py:925} INFO - DAG(s) 'ml_training_pipeline_v2' retrieved from /home/ec2-user/environment/lab4_model_training/dags/ml_training_pipeline_v2.py
[2026-03-28T21:02:34.236+0000] {logging_mixin.py:190} INFO - [2026-03-28T21:02:34.236+0000] {dag.py:3239} INFO - Sync 1 DAGs
[2026-03-28T21:02:34.245+0000] {logging_mixin.py:190} INFO - [2026-03-28T21:02:34.245+0000] {dag.py:4180} INFO - Setting next_dagrun for ml_training_pipeline_v2 to None, run_after=None
[2026-03-28T21:02:34.260+0000] {processor.py:208} INFO - Processing /home/ec2-user/environment/lab4_model_training/dags/ml_training_pipeline_v2.py took 1.311 seconds
[2026-03-28T21:03:04.717+0000] {processor.py:186} INFO - Started process (PID=19673) to work on /home/ec2-user/environment/lab4_model_training/dags/ml_training_pipeline_v2.py
[2026-03-28T21:03:04.718+0000] {processor.py:914} INFO - Processing file /home/ec2-user/environment/lab4_model_training/dags/ml_training_pipeline_v2.py for tasks to queue
[2026-03-28T21:03:04.719+0000] {logging_mixin.py:190} INFO - [2026-03-28T21:03:04.719+0000] {dagbag.py:588} INFO - Filling up the DagBag from /home/ec2-user/environment/lab4_model_training/dags/ml_training_pipeline_v2.py
[2026-03-28T21:03:05.959+0000] {processor.py:925} INFO - DAG(s) 'ml_training_pipeline_v2' retrieved from /home/ec2-user/environment/lab4_model_training/dags/ml_training_pipeline_v2.py
[2026-03-28T21:03:05.971+0000] {logging_mixin.py:190} INFO - [2026-03-28T21:03:05.971+0000] {dag.py:3239} INFO - Sync 1 DAGs
[2026-03-28T21:03:05.979+0000] {logging_mixin.py:190} INFO - [2026-03-28T21:03:05.979+0000] {dag.py:4180} INFO - Setting next_dagrun for ml_training_pipeline_v2 to None, run_after=None
[2026-03-28T21:03:05.996+0000] {processor.py:208} INFO - Processing /home/ec2-user/environment/lab4_model_training/dags/ml_training_pipeline_v2.py took 1.284 seconds
[2026-03-28T21:03:36.488+0000] {processor.py:186} INFO - Started process (PID=19734) to work on /home/ec2-user/environment/lab4_model_training/dags/ml_training_pipeline_v2.py
[2026-03-28T21:03:36.488+0000] {processor.py:914} INFO - Processing file /home/ec2-user/environment/lab4_model_training/dags/ml_training_pipeline_v2.py for tasks to queue
[2026-03-28T21:03:36.489+0000] {logging_mixin.py:190} INFO - [2026-03-28T21:03:36.489+0000] {dagbag.py:588} INFO - Filling up the DagBag from /home/ec2-user/environment/lab4_model_training/dags/ml_training_pipeline_v2.py
[2026-03-28T21:03:37.738+0000] {processor.py:925} INFO - DAG(s) 'ml_training_pipeline_v2' retrieved from /home/ec2-user/environment/lab4_model_training/dags/ml_training_pipeline_v2.py
[2026-03-28T21:03:37.751+0000] {logging_mixin.py:190} INFO - [2026-03-28T21:03:37.750+0000] {dag.py:3239} INFO - Sync 1 DAGs
[2026-03-28T21:03:37.759+0000] {logging_mixin.py:190} INFO - [2026-03-28T21:03:37.759+0000] {dag.py:4180} INFO - Setting next_dagrun for ml_training_pipeline_v2 to None, run_after=None
[2026-03-28T21:03:37.774+0000] {processor.py:208} INFO - Processing /home/ec2-user/environment/lab4_model_training/dags/ml_training_pipeline_v2.py took 1.291 seconds
[2026-03-28T21:04:08.437+0000] {processor.py:186} INFO - Started process (PID=19756) to work on /home/ec2-user/environment/lab4_model_training/dags/ml_training_pipeline_v2.py
[2026-03-28T21:04:08.438+0000] {processor.py:914} INFO - Processing file /home/ec2-user/environment/lab4_model_training/dags/ml_training_pipeline_v2.py for tasks to queue
[2026-03-28T21:04:08.439+0000] {logging_mixin.py:190} INFO - [2026-03-28T21:04:08.439+0000] {dagbag.py:588} INFO - Filling up the DagBag from /home/ec2-user/environment/lab4_model_training/dags/ml_training_pipeline_v2.py
[2026-03-28T21:04:09.683+0000] {processor.py:925} INFO - DAG(s) 'ml_training_pipeline_v2' retrieved from /home/ec2-user/environment/lab4_model_training/dags/ml_training_pipeline_v2.py
[2026-03-28T21:04:09.695+0000] {logging_mixin.py:190} INFO - [2026-03-28T21:04:09.695+0000] {dag.py:3239} INFO - Sync 1 DAGs
[2026-03-28T21:04:09.703+0000] {logging_mixin.py:190} INFO - [2026-03-28T21:04:09.703+0000] {dag.py:4180} INFO - Setting next_dagrun for ml_training_pipeline_v2 to None, run_after=None
[2026-03-28T21:04:09.720+0000] {processor.py:208} INFO - Processing /home/ec2-user/environment/lab4_model_training/dags/ml_training_pipeline_v2.py took 1.287 seconds
[2026-03-28T21:04:40.209+0000] {processor.py:186} INFO - Started process (PID=19768) to work on /home/ec2-user/environment/lab4_model_training/dags/ml_training_pipeline_v2.py
[2026-03-28T21:04:40.210+0000] {processor.py:914} INFO - Processing file /home/ec2-user/environment/lab4_model_training/dags/ml_training_pipeline_v2.py for tasks to queue
[2026-03-28T21:04:40.211+0000] {logging_mixin.py:190} INFO - [2026-03-28T21:04:40.210+0000] {dagbag.py:588} INFO - Filling up the DagBag from /home/ec2-user/environment/lab4_model_training/dags/ml_training_pipeline_v2.py
[2026-03-28T21:04:41.449+0000] {processor.py:925} INFO - DAG(s) 'ml_training_pipeline_v2' retrieved from /home/ec2-user/environment/lab4_model_training/dags/ml_training_pipeline_v2.py
[2026-03-28T21:04:41.462+0000] {logging_mixin.py:190} INFO - [2026-03-28T21:04:41.461+0000] {dag.py:3239} INFO - Sync 1 DAGs
[2026-03-28T21:04:41.470+0000] {logging_mixin.py:190} INFO - [2026-03-28T21:04:41.470+0000] {dag.py:4180} INFO - Setting next_dagrun for ml_training_pipeline_v2 to None, run_after=None
[2026-03-28T21:04:41.486+0000] {processor.py:208} INFO - Processing /home/ec2-user/environment/lab4_model_training/dags/ml_training_pipeline_v2.py took 1.282 seconds
[2026-03-28T21:05:11.981+0000] {processor.py:186} INFO - Started process (PID=19791) to work on /home/ec2-user/environment/lab4_model_training/dags/ml_training_pipeline_v2.py
[2026-03-28T21:05:11.982+0000] {processor.py:914} INFO - Processing file /home/ec2-user/environment/lab4_model_training/dags/ml_training_pipeline_v2.py for tasks to queue
[2026-03-28T21:05:11.983+0000] {logging_mixin.py:190} INFO - [2026-03-28T21:05:11.983+0000] {dagbag.py:588} INFO - Filling up the DagBag from /home/ec2-user/environment/lab4_model_training/dags/ml_training_pipeline_v2.py
[2026-03-28T21:05:13.267+0000] {processor.py:925} INFO - DAG(s) 'ml_training_pipeline_v2' retrieved from /home/ec2-user/environment/lab4_model_training/dags/ml_training_pipeline_v2.py
[2026-03-28T21:05:13.280+0000] {logging_mixin.py:190} INFO - [2026-03-28T21:05:13.279+0000] {dag.py:3239} INFO - Sync 1 DAGs
[2026-03-28T21:05:13.289+0000] {logging_mixin.py:190} INFO - [2026-03-28T21:05:13.289+0000] {dag.py:4180} INFO - Setting next_dagrun for ml_training_pipeline_v2 to None, run_after=None
[2026-03-28T21:05:13.305+0000] {processor.py:208} INFO - Processing /home/ec2-user/environment/lab4_model_training/dags/ml_training_pipeline_v2.py took 1.328 seconds
[2026-03-28T21:05:44.018+0000] {processor.py:186} INFO - Started process (PID=19853) to work on /home/ec2-user/environment/lab4_model_training/dags/ml_training_pipeline_v2.py
[2026-03-28T21:05:44.018+0000] {processor.py:914} INFO - Processing file /home/ec2-user/environment/lab4_model_training/dags/ml_training_pipeline_v2.py for tasks to queue
[2026-03-28T21:05:44.019+0000] {logging_mixin.py:190} INFO - [2026-03-28T21:05:44.019+0000] {dagbag.py:588} INFO - Filling up the DagBag from /home/ec2-user/environment/lab4_model_training/dags/ml_training_pipeline_v2.py
[2026-03-28T21:05:45.265+0000] {processor.py:925} INFO - DAG(s) 'ml_training_pipeline_v2' retrieved from /home/ec2-user/environment/lab4_model_training/dags/ml_training_pipeline_v2.py
[2026-03-28T21:05:45.277+0000] {logging_mixin.py:190} INFO - [2026-03-28T21:05:45.276+0000] {dag.py:3239} INFO - Sync 1 DAGs
[2026-03-28T21:05:45.286+0000] {logging_mixin.py:190} INFO - [2026-03-28T21:05:45.286+0000] {dag.py:4180} INFO - Setting next_dagrun for ml_training_pipeline_v2 to None, run_after=None
[2026-03-28T21:05:45.301+0000] {processor.py:208} INFO - Processing /home/ec2-user/environment/lab4_model_training/dags/ml_training_pipeline_v2.py took 1.288 seconds
[2026-03-28T21:06:15.856+0000] {processor.py:186} INFO - Started process (PID=19874) to work on /home/ec2-user/environment/lab4_model_training/dags/ml_training_pipeline_v2.py
[2026-03-28T21:06:15.857+0000] {processor.py:914} INFO - Processing file /home/ec2-user/environment/lab4_model_training/dags/ml_training_pipeline_v2.py for tasks to queue
[2026-03-28T21:06:15.858+0000] {logging_mixin.py:190} INFO - [2026-03-28T21:06:15.857+0000] {dagbag.py:588} INFO - Filling up the DagBag from /home/ec2-user/environment/lab4_model_training/dags/ml_training_pipeline_v2.py
[2026-03-28T21:06:17.118+0000] {processor.py:925} INFO - DAG(s) 'ml_training_pipeline_v2' retrieved from /home/ec2-user/environment/lab4_model_training/dags/ml_training_pipeline_v2.py
[2026-03-28T21:06:17.131+0000] {logging_mixin.py:190} INFO - [2026-03-28T21:06:17.131+0000] {dag.py:3239} INFO - Sync 1 DAGs
[2026-03-28T21:06:17.139+0000] {logging_mixin.py:190} INFO - [2026-03-28T21:06:17.139+0000] {dag.py:4180} INFO - Setting next_dagrun for ml_training_pipeline_v2 to None, run_after=None
[2026-03-28T21:06:17.155+0000] {processor.py:208} INFO - Processing /home/ec2-user/environment/lab4_model_training/dags/ml_training_pipeline_v2.py took 1.304 seconds
[2026-03-28T21:06:47.615+0000] {processor.py:186} INFO - Started process (PID=19886) to work on /home/ec2-user/environment/lab4_model_training/dags/ml_training_pipeline_v2.py
[2026-03-28T21:06:47.616+0000] {processor.py:914} INFO - Processing file /home/ec2-user/environment/lab4_model_training/dags/ml_training_pipeline_v2.py for tasks to queue
[2026-03-28T21:06:47.617+0000] {logging_mixin.py:190} INFO - [2026-03-28T21:06:47.617+0000] {dagbag.py:588} INFO - Filling up the DagBag from /home/ec2-user/environment/lab4_model_training/dags/ml_training_pipeline_v2.py
[2026-03-28T21:06:48.867+0000] {processor.py:925} INFO - DAG(s) 'ml_training_pipeline_v2' retrieved from /home/ec2-user/environment/lab4_model_training/dags/ml_training_pipeline_v2.py
[2026-03-28T21:06:48.879+0000] {logging_mixin.py:190} INFO - [2026-03-28T21:06:48.879+0000] {dag.py:3239} INFO - Sync 1 DAGs
[2026-03-28T21:06:48.887+0000] {logging_mixin.py:190} INFO - [2026-03-28T21:06:48.887+0000] {dag.py:4180} INFO - Setting next_dagrun for ml_training_pipeline_v2 to None, run_after=None
[2026-03-28T21:06:48.903+0000] {processor.py:208} INFO - Processing /home/ec2-user/environment/lab4_model_training/dags/ml_training_pipeline_v2.py took 1.292 seconds
[2026-03-28T21:07:19.389+0000] {processor.py:186} INFO - Started process (PID=19907) to work on /home/ec2-user/environment/lab4_model_training/dags/ml_training_pipeline_v2.py
[2026-03-28T21:07:19.390+0000] {processor.py:914} INFO - Processing file /home/ec2-user/environment/lab4_model_training/dags/ml_training_pipeline_v2.py for tasks to queue
[2026-03-28T21:07:19.391+0000] {logging_mixin.py:190} INFO - [2026-03-28T21:07:19.390+0000] {dagbag.py:588} INFO - Filling up the DagBag from /home/ec2-user/environment/lab4_model_training/dags/ml_training_pipeline_v2.py
[2026-03-28T21:07:20.637+0000] {processor.py:925} INFO - DAG(s) 'ml_training_pipeline_v2' retrieved from /home/ec2-user/environment/lab4_model_training/dags/ml_training_pipeline_v2.py
[2026-03-28T21:07:20.650+0000] {logging_mixin.py:190} INFO - [2026-03-28T21:07:20.649+0000] {dag.py:3239} INFO - Sync 1 DAGs
[2026-03-28T21:07:20.658+0000] {logging_mixin.py:190} INFO - [2026-03-28T21:07:20.658+0000] {dag.py:4180} INFO - Setting next_dagrun for ml_training_pipeline_v2 to None, run_after=None
[2026-03-28T21:07:20.673+0000] {processor.py:208} INFO - Processing /home/ec2-user/environment/lab4_model_training/dags/ml_training_pipeline_v2.py took 1.289 seconds
[2026-03-28T21:07:51.152+0000] {processor.py:186} INFO - Started process (PID=19967) to work on /home/ec2-user/environment/lab4_model_training/dags/ml_training_pipeline_v2.py
[2026-03-28T21:07:51.153+0000] {processor.py:914} INFO - Processing file /home/ec2-user/environment/lab4_model_training/dags/ml_training_pipeline_v2.py for tasks to queue
[2026-03-28T21:07:51.154+0000] {logging_mixin.py:190} INFO - [2026-03-28T21:07:51.153+0000] {dagbag.py:588} INFO - Filling up the DagBag from /home/ec2-user/environment/lab4_model_training/dags/ml_training_pipeline_v2.py
[2026-03-28T21:07:52.412+0000] {processor.py:925} INFO - DAG(s) 'ml_training_pipeline_v2' retrieved from /home/ec2-user/environment/lab4_model_training/dags/ml_training_pipeline_v2.py
[2026-03-28T21:07:52.424+0000] {logging_mixin.py:190} INFO - [2026-03-28T21:07:52.424+0000] {dag.py:3239} INFO - Sync 1 DAGs
[2026-03-28T21:07:52.433+0000] {logging_mixin.py:190} INFO - [2026-03-28T21:07:52.432+0000] {dag.py:4180} INFO - Setting next_dagrun for ml_training_pipeline_v2 to None, run_after=None
[2026-03-28T21:07:52.448+0000] {processor.py:208} INFO - Processing /home/ec2-user/environment/lab4_model_training/dags/ml_training_pipeline_v2.py took 1.301 seconds
[2026-03-28T21:08:23.100+0000] {processor.py:186} INFO - Started process (PID=19988) to work on /home/ec2-user/environment/lab4_model_training/dags/ml_training_pipeline_v2.py
[2026-03-28T21:08:23.101+0000] {processor.py:914} INFO - Processing file /home/ec2-user/environment/lab4_model_training/dags/ml_training_pipeline_v2.py for tasks to queue
[2026-03-28T21:08:23.102+0000] {logging_mixin.py:190} INFO - [2026-03-28T21:08:23.102+0000] {dagbag.py:588} INFO - Filling up the DagBag from /home/ec2-user/environment/lab4_model_training/dags/ml_training_pipeline_v2.py
[2026-03-28T21:08:24.343+0000] {processor.py:925} INFO - DAG(s) 'ml_training_pipeline_v2' retrieved from /home/ec2-user/environment/lab4_model_training/dags/ml_training_pipeline_v2.py
[2026-03-28T21:08:24.355+0000] {logging_mixin.py:190} INFO - [2026-03-28T21:08:24.355+0000] {dag.py:3239} INFO - Sync 1 DAGs
[2026-03-28T21:08:24.363+0000] {logging_mixin.py:190} INFO - [2026-03-28T21:08:24.363+0000] {dag.py:4180} INFO - Setting next_dagrun for ml_training_pipeline_v2 to None, run_after=None
[2026-03-28T21:08:24.380+0000] {processor.py:208} INFO - Processing /home/ec2-user/environment/lab4_model_training/dags/ml_training_pipeline_v2.py took 1.284 seconds
[2026-03-28T21:08:54.766+0000] {processor.py:186} INFO - Started process (PID=20000) to work on /home/ec2-user/environment/lab4_model_training/dags/ml_training_pipeline_v2.py
[2026-03-28T21:08:54.767+0000] {processor.py:914} INFO - Processing file /home/ec2-user/environment/lab4_model_training/dags/ml_training_pipeline_v2.py for tasks to queue
[2026-03-28T21:08:54.768+0000] {logging_mixin.py:190} INFO - [2026-03-28T21:08:54.768+0000] {dagbag.py:588} INFO - Filling up the DagBag from /home/ec2-user/environment/lab4_model_training/dags/ml_training_pipeline_v2.py
[2026-03-28T21:08:56.013+0000] {processor.py:925} INFO - DAG(s) 'ml_training_pipeline_v2' retrieved from /home/ec2-user/environment/lab4_model_training/dags/ml_training_pipeline_v2.py
[2026-03-28T21:08:56.025+0000] {logging_mixin.py:190} INFO - [2026-03-28T21:08:56.025+0000] {dag.py:3239} INFO - Sync 1 DAGs
[2026-03-28T21:08:56.034+0000] {logging_mixin.py:190} INFO - [2026-03-28T21:08:56.034+0000] {dag.py:4180} INFO - Setting next_dagrun for ml_training_pipeline_v2 to None, run_after=None
[2026-03-28T21:08:56.050+0000] {processor.py:208} INFO - Processing /home/ec2-user/environment/lab4_model_training/dags/ml_training_pipeline_v2.py took 1.288 seconds
[2026-03-28T21:09:26.440+0000] {processor.py:186} INFO - Started process (PID=20022) to work on /home/ec2-user/environment/lab4_model_training/dags/ml_training_pipeline_v2.py
[2026-03-28T21:09:26.441+0000] {processor.py:914} INFO - Processing file /home/ec2-user/environment/lab4_model_training/dags/ml_training_pipeline_v2.py for tasks to queue
[2026-03-28T21:09:26.442+0000] {logging_mixin.py:190} INFO - [2026-03-28T21:09:26.442+0000] {dagbag.py:588} INFO - Filling up the DagBag from /home/ec2-user/environment/lab4_model_training/dags/ml_training_pipeline_v2.py
[2026-03-28T21:09:27.694+0000] {processor.py:925} INFO - DAG(s) 'ml_training_pipeline_v2' retrieved from /home/ec2-user/environment/lab4_model_training/dags/ml_training_pipeline_v2.py
[2026-03-28T21:09:27.706+0000] {logging_mixin.py:190} INFO - [2026-03-28T21:09:27.706+0000] {dag.py:3239} INFO - Sync 1 DAGs
[2026-03-28T21:09:27.715+0000] {logging_mixin.py:190} INFO - [2026-03-28T21:09:27.715+0000] {dag.py:4180} INFO - Setting next_dagrun for ml_training_pipeline_v2 to None, run_after=None
[2026-03-28T21:09:27.731+0000] {processor.py:208} INFO - Processing /home/ec2-user/environment/lab4_model_training/dags/ml_training_pipeline_v2.py took 1.295 seconds
[2026-03-28T21:09:58.278+0000] {processor.py:186} INFO - Started process (PID=20083) to work on /home/ec2-user/environment/lab4_model_training/dags/ml_training_pipeline_v2.py
[2026-03-28T21:09:58.280+0000] {processor.py:914} INFO - Processing file /home/ec2-user/environment/lab4_model_training/dags/ml_training_pipeline_v2.py for tasks to queue
[2026-03-28T21:09:58.281+0000] {logging_mixin.py:190} INFO - [2026-03-28T21:09:58.280+0000] {dagbag.py:588} INFO - Filling up the DagBag from /home/ec2-user/environment/lab4_model_training/dags/ml_training_pipeline_v2.py
[2026-03-28T21:09:59.532+0000] {processor.py:925} INFO - DAG(s) 'ml_training_pipeline_v2' retrieved from /home/ec2-user/environment/lab4_model_training/dags/ml_training_pipeline_v2.py
[2026-03-28T21:09:59.544+0000] {logging_mixin.py:190} INFO - [2026-03-28T21:09:59.544+0000] {dag.py:3239} INFO - Sync 1 DAGs
[2026-03-28T21:09:59.554+0000] {logging_mixin.py:190} INFO - [2026-03-28T21:09:59.553+0000] {dag.py:4180} INFO - Setting next_dagrun for ml_training_pipeline_v2 to None, run_after=None
[2026-03-28T21:09:59.569+0000] {processor.py:208} INFO - Processing /home/ec2-user/environment/lab4_model_training/dags/ml_training_pipeline_v2.py took 1.295 seconds
[2026-03-28T21:10:30.050+0000] {processor.py:186} INFO - Started process (PID=20109) to work on /home/ec2-user/environment/lab4_model_training/dags/ml_training_pipeline_v2.py
[2026-03-28T21:10:30.051+0000] {processor.py:914} INFO - Processing file /home/ec2-user/environment/lab4_model_training/dags/ml_training_pipeline_v2.py for tasks to queue
[2026-03-28T21:10:30.052+0000] {logging_mixin.py:190} INFO - [2026-03-28T21:10:30.051+0000] {dagbag.py:588} INFO - Filling up the DagBag from /home/ec2-user/environment/lab4_model_training/dags/ml_training_pipeline_v2.py
[2026-03-28T21:10:31.301+0000] {processor.py:925} INFO - DAG(s) 'ml_training_pipeline_v2' retrieved from /home/ec2-user/environment/lab4_model_training/dags/ml_training_pipeline_v2.py
[2026-03-28T21:10:31.314+0000] {logging_mixin.py:190} INFO - [2026-03-28T21:10:31.313+0000] {dag.py:3239} INFO - Sync 1 DAGs
[2026-03-28T21:10:31.322+0000] {logging_mixin.py:190} INFO - [2026-03-28T21:10:31.322+0000] {dag.py:4180} INFO - Setting next_dagrun for ml_training_pipeline_v2 to None, run_after=None
[2026-03-28T21:10:31.337+0000] {processor.py:208} INFO - Processing /home/ec2-user/environment/lab4_model_training/dags/ml_training_pipeline_v2.py took 1.293 seconds
[2026-03-28T21:11:01.811+0000] {processor.py:186} INFO - Started process (PID=20131) to work on /home/ec2-user/environment/lab4_model_training/dags/ml_training_pipeline_v2.py
[2026-03-28T21:11:01.812+0000] {processor.py:914} INFO - Processing file /home/ec2-user/environment/lab4_model_training/dags/ml_training_pipeline_v2.py for tasks to queue
[2026-03-28T21:11:01.813+0000] {logging_mixin.py:190} INFO - [2026-03-28T21:11:01.813+0000] {dagbag.py:588} INFO - Filling up the DagBag from /home/ec2-user/environment/lab4_model_training/dags/ml_training_pipeline_v2.py
[2026-03-28T21:11:03.038+0000] {processor.py:925} INFO - DAG(s) 'ml_training_pipeline_v2' retrieved from /home/ec2-user/environment/lab4_model_training/dags/ml_training_pipeline_v2.py
[2026-03-28T21:11:03.051+0000] {logging_mixin.py:190} INFO - [2026-03-28T21:11:03.051+0000] {dag.py:3239} INFO - Sync 1 DAGs
[2026-03-28T21:11:03.059+0000] {logging_mixin.py:190} INFO - [2026-03-28T21:11:03.059+0000] {dag.py:4180} INFO - Setting next_dagrun for ml_training_pipeline_v2 to None, run_after=None
[2026-03-28T21:11:03.075+0000] {processor.py:208} INFO - Processing /home/ec2-user/environment/lab4_model_training/dags/ml_training_pipeline_v2.py took 1.268 seconds
[2026-03-28T21:11:33.480+0000] {processor.py:186} INFO - Started process (PID=20191) to work on /home/ec2-user/environment/lab4_model_training/dags/ml_training_pipeline_v2.py
[2026-03-28T21:11:33.481+0000] {processor.py:914} INFO - Processing file /home/ec2-user/environment/lab4_model_training/dags/ml_training_pipeline_v2.py for tasks to queue
[2026-03-28T21:11:33.482+0000] {logging_mixin.py:190} INFO - [2026-03-28T21:11:33.482+0000] {dagbag.py:588} INFO - Filling up the DagBag from /home/ec2-user/environment/lab4_model_training/dags/ml_training_pipeline_v2.py
[2026-03-28T21:11:34.740+0000] {processor.py:925} INFO - DAG(s) 'ml_training_pipeline_v2' retrieved from /home/ec2-user/environment/lab4_model_training/dags/ml_training_pipeline_v2.py
[2026-03-28T21:11:34.752+0000] {logging_mixin.py:190} INFO - [2026-03-28T21:11:34.752+0000] {dag.py:3239} INFO - Sync 1 DAGs
[2026-03-28T21:11:34.761+0000] {logging_mixin.py:190} INFO - [2026-03-28T21:11:34.760+0000] {dag.py:4180} INFO - Setting next_dagrun for ml_training_pipeline_v2 to None, run_after=None
[2026-03-28T21:11:34.776+0000] {processor.py:208} INFO - Processing /home/ec2-user/environment/lab4_model_training/dags/ml_training_pipeline_v2.py took 1.300 seconds
[2026-03-28T21:12:05.251+0000] {processor.py:186} INFO - Started process (PID=20212) to work on /home/ec2-user/environment/lab4_model_training/dags/ml_training_pipeline_v2.py
[2026-03-28T21:12:05.253+0000] {processor.py:914} INFO - Processing file /home/ec2-user/environment/lab4_model_training/dags/ml_training_pipeline_v2.py for tasks to queue
[2026-03-28T21:12:05.253+0000] {logging_mixin.py:190} INFO - [2026-03-28T21:12:05.253+0000] {dagbag.py:588} INFO - Filling up the DagBag from /home/ec2-user/environment/lab4_model_training/dags/ml_training_pipeline_v2.py
[2026-03-28T21:12:06.508+0000] {processor.py:925} INFO - DAG(s) 'ml_training_pipeline_v2' retrieved from /home/ec2-user/environment/lab4_model_training/dags/ml_training_pipeline_v2.py
[2026-03-28T21:12:06.520+0000] {logging_mixin.py:190} INFO - [2026-03-28T21:12:06.520+0000] {dag.py:3239} INFO - Sync 1 DAGs
[2026-03-28T21:12:06.528+0000] {logging_mixin.py:190} INFO - [2026-03-28T21:12:06.528+0000] {dag.py:4180} INFO - Setting next_dagrun for ml_training_pipeline_v2 to None, run_after=None
[2026-03-28T21:12:06.544+0000] {processor.py:208} INFO - Processing /home/ec2-user/environment/lab4_model_training/dags/ml_training_pipeline_v2.py took 1.297 seconds
[2026-03-28T21:12:37.028+0000] {processor.py:186} INFO - Started process (PID=20224) to work on /home/ec2-user/environment/lab4_model_training/dags/ml_training_pipeline_v2.py
[2026-03-28T21:12:37.029+0000] {processor.py:914} INFO - Processing file /home/ec2-user/environment/lab4_model_training/dags/ml_training_pipeline_v2.py for tasks to queue
[2026-03-28T21:12:37.030+0000] {logging_mixin.py:190} INFO - [2026-03-28T21:12:37.030+0000] {dagbag.py:588} INFO - Filling up the DagBag from /home/ec2-user/environment/lab4_model_training/dags/ml_training_pipeline_v2.py
[2026-03-28T21:12:38.284+0000] {processor.py:925} INFO - DAG(s) 'ml_training_pipeline_v2' retrieved from /home/ec2-user/environment/lab4_model_training/dags/ml_training_pipeline_v2.py
[2026-03-28T21:12:38.297+0000] {logging_mixin.py:190} INFO - [2026-03-28T21:12:38.296+0000] {dag.py:3239} INFO - Sync 1 DAGs
[2026-03-28T21:12:38.305+0000] {logging_mixin.py:190} INFO - [2026-03-28T21:12:38.305+0000] {dag.py:4180} INFO - Setting next_dagrun for ml_training_pipeline_v2 to None, run_after=None
[2026-03-28T21:12:38.320+0000] {processor.py:208} INFO - Processing /home/ec2-user/environment/lab4_model_training/dags/ml_training_pipeline_v2.py took 1.297 seconds
[2026-03-28T21:13:09.201+0000] {processor.py:186} INFO - Started process (PID=20245) to work on /home/ec2-user/environment/lab4_model_training/dags/ml_training_pipeline_v2.py
[2026-03-28T21:13:09.202+0000] {processor.py:914} INFO - Processing file /home/ec2-user/environment/lab4_model_training/dags/ml_training_pipeline_v2.py for tasks to queue
[2026-03-28T21:13:09.203+0000] {logging_mixin.py:190} INFO - [2026-03-28T21:13:09.203+0000] {dagbag.py:588} INFO - Filling up the DagBag from /home/ec2-user/environment/lab4_model_training/dags/ml_training_pipeline_v2.py
[2026-03-28T21:13:10.436+0000] {processor.py:925} INFO - DAG(s) 'ml_training_pipeline_v2' retrieved from /home/ec2-user/environment/lab4_model_training/dags/ml_training_pipeline_v2.py
[2026-03-28T21:13:10.447+0000] {logging_mixin.py:190} INFO - [2026-03-28T21:13:10.447+0000] {dag.py:3239} INFO - Sync 1 DAGs
[2026-03-28T21:13:10.456+0000] {logging_mixin.py:190} INFO - [2026-03-28T21:13:10.456+0000] {dag.py:4180} INFO - Setting next_dagrun for ml_training_pipeline_v2 to None, run_after=None
[2026-03-28T21:13:10.474+0000] {processor.py:208} INFO - Processing /home/ec2-user/environment/lab4_model_training/dags/ml_training_pipeline_v2.py took 1.277 seconds
[2026-03-28T21:13:41.029+0000] {processor.py:186} INFO - Started process (PID=20305) to work on /home/ec2-user/environment/lab4_model_training/dags/ml_training_pipeline_v2.py
[2026-03-28T21:13:41.031+0000] {processor.py:914} INFO - Processing file /home/ec2-user/environment/lab4_model_training/dags/ml_training_pipeline_v2.py for tasks to queue
[2026-03-28T21:13:41.032+0000] {logging_mixin.py:190} INFO - [2026-03-28T21:13:41.031+0000] {dagbag.py:588} INFO - Filling up the DagBag from /home/ec2-user/environment/lab4_model_training/dags/ml_training_pipeline_v2.py
[2026-03-28T21:13:42.256+0000] {processor.py:925} INFO - DAG(s) 'ml_training_pipeline_v2' retrieved from /home/ec2-user/environment/lab4_model_training/dags/ml_training_pipeline_v2.py
[2026-03-28T21:13:42.269+0000] {logging_mixin.py:190} INFO - [2026-03-28T21:13:42.268+0000] {dag.py:3239} INFO - Sync 1 DAGs
[2026-03-28T21:13:42.278+0000] {logging_mixin.py:190} INFO - [2026-03-28T21:13:42.278+0000] {dag.py:4180} INFO - Setting next_dagrun for ml_training_pipeline_v2 to None, run_after=None
[2026-03-28T21:13:42.293+0000] {processor.py:208} INFO - Processing /home/ec2-user/environment/lab4_model_training/dags/ml_training_pipeline_v2.py took 1.268 seconds
