[2026-03-28T19:11:23.455+0000] {processor.py:186} INFO - Started process (PID=9305) to work on /home/ec2-user/environment/lab4_model_training/dags/train_model_dag.py
[2026-03-28T19:11:23.456+0000] {processor.py:914} INFO - Processing file /home/ec2-user/environment/lab4_model_training/dags/train_model_dag.py for tasks to queue
[2026-03-28T19:11:23.456+0000] {logging_mixin.py:190} INFO - [2026-03-28T19:11:23.456+0000] {dagbag.py:588} INFO - Filling up the DagBag from /home/ec2-user/environment/lab4_model_training/dags/train_model_dag.py
[2026-03-28T19:11:24.985+0000] {logging_mixin.py:190} INFO - [2026-03-28T19:11:24.979+0000] {dagbag.py:387} ERROR - Failed to import: /home/ec2-user/environment/lab4_model_training/dags/train_model_dag.py
Traceback (most recent call last):
  File "/home/ec2-user/environment/lab4_model_training/venv/lib64/python3.12/site-packages/airflow/models/dagbag.py", line 383, in parse
    loader.exec_module(new_module)
  File "<frozen importlib._bootstrap_external>", line 999, in exec_module
  File "<frozen importlib._bootstrap>", line 488, in _call_with_frames_removed
  File "/home/ec2-user/environment/lab4_model_training/dags/train_model_dag.py", line 35, in <module>
    train_task = PythonOperator(
                 ^^^^^^^^^^^^^^^
  File "/home/ec2-user/environment/lab4_model_training/venv/lib64/python3.12/site-packages/airflow/models/baseoperator.py", line 490, in apply_defaults
    result = func(self, **kwargs, default_args=default_args)
             ^^^^^^^^^^^^^^^^^^^^^^^^^^^^^^^^^^^^^^^^^^^^^^^
  File "/home/ec2-user/environment/lab4_model_training/venv/lib64/python3.12/site-packages/airflow/operators/python.py", line 224, in __init__
    raise AirflowException("`python_callable` param must be callable")
airflow.exceptions.AirflowException: `python_callable` param must be callable
[2026-03-28T19:11:24.992+0000] {logging_mixin.py:190} WARNING - /home/ec2-user/environment/lab4_model_training/venv/lib64/python3.12/site-packages/sklearn/linear_model/_logistic.py:469 ConvergenceWarning: lbfgs failed to converge (status=1):
STOP: TOTAL NO. OF ITERATIONS REACHED LIMIT.

Increase the number of iterations (max_iter) or scale the data as shown in:
    https://scikit-learn.org/stable/modules/preprocessing.html
Please also refer to the documentation for alternative solver options:
    https://scikit-learn.org/stable/modules/linear_model.html#logistic-regression
[2026-03-28T19:11:24.992+0000] {processor.py:927} WARNING - No viable dags retrieved from /home/ec2-user/environment/lab4_model_training/dags/train_model_dag.py
[2026-03-28T19:11:25.006+0000] {processor.py:208} INFO - Processing /home/ec2-user/environment/lab4_model_training/dags/train_model_dag.py took 1.556 seconds
[2026-03-28T19:11:55.443+0000] {processor.py:186} INFO - Started process (PID=9393) to work on /home/ec2-user/environment/lab4_model_training/dags/train_model_dag.py
[2026-03-28T19:11:55.443+0000] {processor.py:914} INFO - Processing file /home/ec2-user/environment/lab4_model_training/dags/train_model_dag.py for tasks to queue
[2026-03-28T19:11:55.444+0000] {logging_mixin.py:190} INFO - [2026-03-28T19:11:55.444+0000] {dagbag.py:588} INFO - Filling up the DagBag from /home/ec2-user/environment/lab4_model_training/dags/train_model_dag.py
[2026-03-28T19:11:56.897+0000] {logging_mixin.py:190} INFO - [2026-03-28T19:11:56.895+0000] {dagbag.py:387} ERROR - Failed to import: /home/ec2-user/environment/lab4_model_training/dags/train_model_dag.py
Traceback (most recent call last):
  File "/home/ec2-user/environment/lab4_model_training/venv/lib64/python3.12/site-packages/airflow/models/dagbag.py", line 383, in parse
    loader.exec_module(new_module)
  File "<frozen importlib._bootstrap_external>", line 999, in exec_module
  File "<frozen importlib._bootstrap>", line 488, in _call_with_frames_removed
  File "/home/ec2-user/environment/lab4_model_training/dags/train_model_dag.py", line 35, in <module>
    train_task = PythonOperator(
                 ^^^^^^^^^^^^^^^
  File "/home/ec2-user/environment/lab4_model_training/venv/lib64/python3.12/site-packages/airflow/models/baseoperator.py", line 490, in apply_defaults
    result = func(self, **kwargs, default_args=default_args)
             ^^^^^^^^^^^^^^^^^^^^^^^^^^^^^^^^^^^^^^^^^^^^^^^
  File "/home/ec2-user/environment/lab4_model_training/venv/lib64/python3.12/site-packages/airflow/operators/python.py", line 224, in __init__
    raise AirflowException("`python_callable` param must be callable")
airflow.exceptions.AirflowException: `python_callable` param must be callable
[2026-03-28T19:11:56.903+0000] {logging_mixin.py:190} WARNING - /home/ec2-user/environment/lab4_model_training/venv/lib64/python3.12/site-packages/sklearn/linear_model/_logistic.py:469 ConvergenceWarning: lbfgs failed to converge (status=1):
STOP: TOTAL NO. OF ITERATIONS REACHED LIMIT.

Increase the number of iterations (max_iter) or scale the data as shown in:
    https://scikit-learn.org/stable/modules/preprocessing.html
Please also refer to the documentation for alternative solver options:
    https://scikit-learn.org/stable/modules/linear_model.html#logistic-regression
[2026-03-28T19:11:56.903+0000] {processor.py:927} WARNING - No viable dags retrieved from /home/ec2-user/environment/lab4_model_training/dags/train_model_dag.py
[2026-03-28T19:11:56.919+0000] {processor.py:208} INFO - Processing /home/ec2-user/environment/lab4_model_training/dags/train_model_dag.py took 1.481 seconds
[2026-03-28T19:12:27.174+0000] {processor.py:186} INFO - Started process (PID=9484) to work on /home/ec2-user/environment/lab4_model_training/dags/train_model_dag.py
[2026-03-28T19:12:27.175+0000] {processor.py:914} INFO - Processing file /home/ec2-user/environment/lab4_model_training/dags/train_model_dag.py for tasks to queue
[2026-03-28T19:12:27.176+0000] {logging_mixin.py:190} INFO - [2026-03-28T19:12:27.175+0000] {dagbag.py:588} INFO - Filling up the DagBag from /home/ec2-user/environment/lab4_model_training/dags/train_model_dag.py
[2026-03-28T19:12:28.681+0000] {logging_mixin.py:190} INFO - [2026-03-28T19:12:28.679+0000] {dagbag.py:387} ERROR - Failed to import: /home/ec2-user/environment/lab4_model_training/dags/train_model_dag.py
Traceback (most recent call last):
  File "/home/ec2-user/environment/lab4_model_training/venv/lib64/python3.12/site-packages/airflow/models/dagbag.py", line 383, in parse
    loader.exec_module(new_module)
  File "<frozen importlib._bootstrap_external>", line 999, in exec_module
  File "<frozen importlib._bootstrap>", line 488, in _call_with_frames_removed
  File "/home/ec2-user/environment/lab4_model_training/dags/train_model_dag.py", line 35, in <module>
    train_task = PythonOperator(
                 ^^^^^^^^^^^^^^^
  File "/home/ec2-user/environment/lab4_model_training/venv/lib64/python3.12/site-packages/airflow/models/baseoperator.py", line 490, in apply_defaults
    result = func(self, **kwargs, default_args=default_args)
             ^^^^^^^^^^^^^^^^^^^^^^^^^^^^^^^^^^^^^^^^^^^^^^^
  File "/home/ec2-user/environment/lab4_model_training/venv/lib64/python3.12/site-packages/airflow/operators/python.py", line 224, in __init__
    raise AirflowException("`python_callable` param must be callable")
airflow.exceptions.AirflowException: `python_callable` param must be callable
[2026-03-28T19:12:28.687+0000] {logging_mixin.py:190} WARNING - /home/ec2-user/environment/lab4_model_training/venv/lib64/python3.12/site-packages/sklearn/linear_model/_logistic.py:469 ConvergenceWarning: lbfgs failed to converge (status=1):
STOP: TOTAL NO. OF ITERATIONS REACHED LIMIT.

Increase the number of iterations (max_iter) or scale the data as shown in:
    https://scikit-learn.org/stable/modules/preprocessing.html
Please also refer to the documentation for alternative solver options:
    https://scikit-learn.org/stable/modules/linear_model.html#logistic-regression
[2026-03-28T19:12:28.688+0000] {processor.py:927} WARNING - No viable dags retrieved from /home/ec2-user/environment/lab4_model_training/dags/train_model_dag.py
[2026-03-28T19:12:28.703+0000] {processor.py:208} INFO - Processing /home/ec2-user/environment/lab4_model_training/dags/train_model_dag.py took 1.534 seconds
[2026-03-28T19:12:59.006+0000] {processor.py:186} INFO - Started process (PID=9514) to work on /home/ec2-user/environment/lab4_model_training/dags/train_model_dag.py
[2026-03-28T19:12:59.007+0000] {processor.py:914} INFO - Processing file /home/ec2-user/environment/lab4_model_training/dags/train_model_dag.py for tasks to queue
[2026-03-28T19:12:59.008+0000] {logging_mixin.py:190} INFO - [2026-03-28T19:12:59.008+0000] {dagbag.py:588} INFO - Filling up the DagBag from /home/ec2-user/environment/lab4_model_training/dags/train_model_dag.py
[2026-03-28T19:13:00.489+0000] {logging_mixin.py:190} INFO - [2026-03-28T19:13:00.487+0000] {dagbag.py:387} ERROR - Failed to import: /home/ec2-user/environment/lab4_model_training/dags/train_model_dag.py
Traceback (most recent call last):
  File "/home/ec2-user/environment/lab4_model_training/venv/lib64/python3.12/site-packages/airflow/models/dagbag.py", line 383, in parse
    loader.exec_module(new_module)
  File "<frozen importlib._bootstrap_external>", line 999, in exec_module
  File "<frozen importlib._bootstrap>", line 488, in _call_with_frames_removed
  File "/home/ec2-user/environment/lab4_model_training/dags/train_model_dag.py", line 35, in <module>
    train_task = PythonOperator(
                 ^^^^^^^^^^^^^^^
  File "/home/ec2-user/environment/lab4_model_training/venv/lib64/python3.12/site-packages/airflow/models/baseoperator.py", line 490, in apply_defaults
    result = func(self, **kwargs, default_args=default_args)
             ^^^^^^^^^^^^^^^^^^^^^^^^^^^^^^^^^^^^^^^^^^^^^^^
  File "/home/ec2-user/environment/lab4_model_training/venv/lib64/python3.12/site-packages/airflow/operators/python.py", line 224, in __init__
    raise AirflowException("`python_callable` param must be callable")
airflow.exceptions.AirflowException: `python_callable` param must be callable
[2026-03-28T19:13:00.495+0000] {logging_mixin.py:190} WARNING - /home/ec2-user/environment/lab4_model_training/venv/lib64/python3.12/site-packages/sklearn/linear_model/_logistic.py:469 ConvergenceWarning: lbfgs failed to converge (status=1):
STOP: TOTAL NO. OF ITERATIONS REACHED LIMIT.

Increase the number of iterations (max_iter) or scale the data as shown in:
    https://scikit-learn.org/stable/modules/preprocessing.html
Please also refer to the documentation for alternative solver options:
    https://scikit-learn.org/stable/modules/linear_model.html#logistic-regression
[2026-03-28T19:13:00.496+0000] {processor.py:927} WARNING - No viable dags retrieved from /home/ec2-user/environment/lab4_model_training/dags/train_model_dag.py
[2026-03-28T19:13:00.511+0000] {processor.py:208} INFO - Processing /home/ec2-user/environment/lab4_model_training/dags/train_model_dag.py took 1.510 seconds
[2026-03-28T19:13:30.837+0000] {processor.py:186} INFO - Started process (PID=9552) to work on /home/ec2-user/environment/lab4_model_training/dags/train_model_dag.py
[2026-03-28T19:13:30.839+0000] {processor.py:914} INFO - Processing file /home/ec2-user/environment/lab4_model_training/dags/train_model_dag.py for tasks to queue
[2026-03-28T19:13:30.840+0000] {logging_mixin.py:190} INFO - [2026-03-28T19:13:30.839+0000] {dagbag.py:588} INFO - Filling up the DagBag from /home/ec2-user/environment/lab4_model_training/dags/train_model_dag.py
[2026-03-28T19:13:32.343+0000] {logging_mixin.py:190} INFO - [2026-03-28T19:13:32.341+0000] {dagbag.py:387} ERROR - Failed to import: /home/ec2-user/environment/lab4_model_training/dags/train_model_dag.py
Traceback (most recent call last):
  File "/home/ec2-user/environment/lab4_model_training/venv/lib64/python3.12/site-packages/airflow/models/dagbag.py", line 383, in parse
    loader.exec_module(new_module)
  File "<frozen importlib._bootstrap_external>", line 999, in exec_module
  File "<frozen importlib._bootstrap>", line 488, in _call_with_frames_removed
  File "/home/ec2-user/environment/lab4_model_training/dags/train_model_dag.py", line 35, in <module>
    train_task = PythonOperator(
                 ^^^^^^^^^^^^^^^
  File "/home/ec2-user/environment/lab4_model_training/venv/lib64/python3.12/site-packages/airflow/models/baseoperator.py", line 490, in apply_defaults
    result = func(self, **kwargs, default_args=default_args)
             ^^^^^^^^^^^^^^^^^^^^^^^^^^^^^^^^^^^^^^^^^^^^^^^
  File "/home/ec2-user/environment/lab4_model_training/venv/lib64/python3.12/site-packages/airflow/operators/python.py", line 224, in __init__
    raise AirflowException("`python_callable` param must be callable")
airflow.exceptions.AirflowException: `python_callable` param must be callable
[2026-03-28T19:13:32.350+0000] {logging_mixin.py:190} WARNING - /home/ec2-user/environment/lab4_model_training/venv/lib64/python3.12/site-packages/sklearn/linear_model/_logistic.py:469 ConvergenceWarning: lbfgs failed to converge (status=1):
STOP: TOTAL NO. OF ITERATIONS REACHED LIMIT.

Increase the number of iterations (max_iter) or scale the data as shown in:
    https://scikit-learn.org/stable/modules/preprocessing.html
Please also refer to the documentation for alternative solver options:
    https://scikit-learn.org/stable/modules/linear_model.html#logistic-regression
[2026-03-28T19:13:32.350+0000] {processor.py:927} WARNING - No viable dags retrieved from /home/ec2-user/environment/lab4_model_training/dags/train_model_dag.py
[2026-03-28T19:13:32.365+0000] {processor.py:208} INFO - Processing /home/ec2-user/environment/lab4_model_training/dags/train_model_dag.py took 1.532 seconds
[2026-03-28T19:14:02.668+0000] {processor.py:186} INFO - Started process (PID=9638) to work on /home/ec2-user/environment/lab4_model_training/dags/train_model_dag.py
[2026-03-28T19:14:02.669+0000] {processor.py:914} INFO - Processing file /home/ec2-user/environment/lab4_model_training/dags/train_model_dag.py for tasks to queue
[2026-03-28T19:14:02.670+0000] {logging_mixin.py:190} INFO - [2026-03-28T19:14:02.670+0000] {dagbag.py:588} INFO - Filling up the DagBag from /home/ec2-user/environment/lab4_model_training/dags/train_model_dag.py
[2026-03-28T19:14:04.185+0000] {logging_mixin.py:190} INFO - [2026-03-28T19:14:04.183+0000] {dagbag.py:387} ERROR - Failed to import: /home/ec2-user/environment/lab4_model_training/dags/train_model_dag.py
Traceback (most recent call last):
  File "/home/ec2-user/environment/lab4_model_training/venv/lib64/python3.12/site-packages/airflow/models/dagbag.py", line 383, in parse
    loader.exec_module(new_module)
  File "<frozen importlib._bootstrap_external>", line 999, in exec_module
  File "<frozen importlib._bootstrap>", line 488, in _call_with_frames_removed
  File "/home/ec2-user/environment/lab4_model_training/dags/train_model_dag.py", line 35, in <module>
    train_task = PythonOperator(
                 ^^^^^^^^^^^^^^^
  File "/home/ec2-user/environment/lab4_model_training/venv/lib64/python3.12/site-packages/airflow/models/baseoperator.py", line 490, in apply_defaults
    result = func(self, **kwargs, default_args=default_args)
             ^^^^^^^^^^^^^^^^^^^^^^^^^^^^^^^^^^^^^^^^^^^^^^^
  File "/home/ec2-user/environment/lab4_model_training/venv/lib64/python3.12/site-packages/airflow/operators/python.py", line 224, in __init__
    raise AirflowException("`python_callable` param must be callable")
airflow.exceptions.AirflowException: `python_callable` param must be callable
[2026-03-28T19:14:04.192+0000] {logging_mixin.py:190} WARNING - /home/ec2-user/environment/lab4_model_training/venv/lib64/python3.12/site-packages/sklearn/linear_model/_logistic.py:469 ConvergenceWarning: lbfgs failed to converge (status=1):
STOP: TOTAL NO. OF ITERATIONS REACHED LIMIT.

Increase the number of iterations (max_iter) or scale the data as shown in:
    https://scikit-learn.org/stable/modules/preprocessing.html
Please also refer to the documentation for alternative solver options:
    https://scikit-learn.org/stable/modules/linear_model.html#logistic-regression
[2026-03-28T19:14:04.192+0000] {processor.py:927} WARNING - No viable dags retrieved from /home/ec2-user/environment/lab4_model_training/dags/train_model_dag.py
[2026-03-28T19:14:04.208+0000] {processor.py:208} INFO - Processing /home/ec2-user/environment/lab4_model_training/dags/train_model_dag.py took 1.544 seconds
[2026-03-28T19:14:34.649+0000] {processor.py:186} INFO - Started process (PID=9664) to work on /home/ec2-user/environment/lab4_model_training/dags/train_model_dag.py
[2026-03-28T19:14:34.651+0000] {processor.py:914} INFO - Processing file /home/ec2-user/environment/lab4_model_training/dags/train_model_dag.py for tasks to queue
[2026-03-28T19:14:34.652+0000] {logging_mixin.py:190} INFO - [2026-03-28T19:14:34.651+0000] {dagbag.py:588} INFO - Filling up the DagBag from /home/ec2-user/environment/lab4_model_training/dags/train_model_dag.py
[2026-03-28T19:14:36.155+0000] {logging_mixin.py:190} INFO - [2026-03-28T19:14:36.153+0000] {dagbag.py:387} ERROR - Failed to import: /home/ec2-user/environment/lab4_model_training/dags/train_model_dag.py
Traceback (most recent call last):
  File "/home/ec2-user/environment/lab4_model_training/venv/lib64/python3.12/site-packages/airflow/models/dagbag.py", line 383, in parse
    loader.exec_module(new_module)
  File "<frozen importlib._bootstrap_external>", line 999, in exec_module
  File "<frozen importlib._bootstrap>", line 488, in _call_with_frames_removed
  File "/home/ec2-user/environment/lab4_model_training/dags/train_model_dag.py", line 35, in <module>
    train_task = PythonOperator(
                 ^^^^^^^^^^^^^^^
  File "/home/ec2-user/environment/lab4_model_training/venv/lib64/python3.12/site-packages/airflow/models/baseoperator.py", line 490, in apply_defaults
    result = func(self, **kwargs, default_args=default_args)
             ^^^^^^^^^^^^^^^^^^^^^^^^^^^^^^^^^^^^^^^^^^^^^^^
  File "/home/ec2-user/environment/lab4_model_training/venv/lib64/python3.12/site-packages/airflow/operators/python.py", line 224, in __init__
    raise AirflowException("`python_callable` param must be callable")
airflow.exceptions.AirflowException: `python_callable` param must be callable
[2026-03-28T19:14:36.162+0000] {logging_mixin.py:190} WARNING - /home/ec2-user/environment/lab4_model_training/venv/lib64/python3.12/site-packages/sklearn/linear_model/_logistic.py:469 ConvergenceWarning: lbfgs failed to converge (status=1):
STOP: TOTAL NO. OF ITERATIONS REACHED LIMIT.

Increase the number of iterations (max_iter) or scale the data as shown in:
    https://scikit-learn.org/stable/modules/preprocessing.html
Please also refer to the documentation for alternative solver options:
    https://scikit-learn.org/stable/modules/linear_model.html#logistic-regression
[2026-03-28T19:14:36.162+0000] {processor.py:927} WARNING - No viable dags retrieved from /home/ec2-user/environment/lab4_model_training/dags/train_model_dag.py
[2026-03-28T19:14:36.178+0000] {processor.py:208} INFO - Processing /home/ec2-user/environment/lab4_model_training/dags/train_model_dag.py took 1.533 seconds
[2026-03-28T19:15:06.828+0000] {processor.py:186} INFO - Started process (PID=9702) to work on /home/ec2-user/environment/lab4_model_training/dags/train_model_dag.py
[2026-03-28T19:15:06.829+0000] {processor.py:914} INFO - Processing file /home/ec2-user/environment/lab4_model_training/dags/train_model_dag.py for tasks to queue
[2026-03-28T19:15:06.830+0000] {logging_mixin.py:190} INFO - [2026-03-28T19:15:06.829+0000] {dagbag.py:588} INFO - Filling up the DagBag from /home/ec2-user/environment/lab4_model_training/dags/train_model_dag.py
[2026-03-28T19:15:08.338+0000] {logging_mixin.py:190} INFO - [2026-03-28T19:15:08.335+0000] {dagbag.py:387} ERROR - Failed to import: /home/ec2-user/environment/lab4_model_training/dags/train_model_dag.py
Traceback (most recent call last):
  File "/home/ec2-user/environment/lab4_model_training/venv/lib64/python3.12/site-packages/airflow/models/dagbag.py", line 383, in parse
    loader.exec_module(new_module)
  File "<frozen importlib._bootstrap_external>", line 999, in exec_module
  File "<frozen importlib._bootstrap>", line 488, in _call_with_frames_removed
  File "/home/ec2-user/environment/lab4_model_training/dags/train_model_dag.py", line 35, in <module>
    train_task = PythonOperator(
                 ^^^^^^^^^^^^^^^
  File "/home/ec2-user/environment/lab4_model_training/venv/lib64/python3.12/site-packages/airflow/models/baseoperator.py", line 490, in apply_defaults
    result = func(self, **kwargs, default_args=default_args)
             ^^^^^^^^^^^^^^^^^^^^^^^^^^^^^^^^^^^^^^^^^^^^^^^
  File "/home/ec2-user/environment/lab4_model_training/venv/lib64/python3.12/site-packages/airflow/operators/python.py", line 224, in __init__
    raise AirflowException("`python_callable` param must be callable")
airflow.exceptions.AirflowException: `python_callable` param must be callable
[2026-03-28T19:15:08.346+0000] {logging_mixin.py:190} WARNING - /home/ec2-user/environment/lab4_model_training/venv/lib64/python3.12/site-packages/sklearn/linear_model/_logistic.py:469 ConvergenceWarning: lbfgs failed to converge (status=1):
STOP: TOTAL NO. OF ITERATIONS REACHED LIMIT.

Increase the number of iterations (max_iter) or scale the data as shown in:
    https://scikit-learn.org/stable/modules/preprocessing.html
Please also refer to the documentation for alternative solver options:
    https://scikit-learn.org/stable/modules/linear_model.html#logistic-regression
[2026-03-28T19:15:08.346+0000] {processor.py:927} WARNING - No viable dags retrieved from /home/ec2-user/environment/lab4_model_training/dags/train_model_dag.py
[2026-03-28T19:15:08.362+0000] {processor.py:208} INFO - Processing /home/ec2-user/environment/lab4_model_training/dags/train_model_dag.py took 1.539 seconds
[2026-03-28T19:15:38.505+0000] {processor.py:186} INFO - Started process (PID=9778) to work on /home/ec2-user/environment/lab4_model_training/dags/train_model_dag.py
[2026-03-28T19:15:38.506+0000] {processor.py:914} INFO - Processing file /home/ec2-user/environment/lab4_model_training/dags/train_model_dag.py for tasks to queue
[2026-03-28T19:15:38.507+0000] {logging_mixin.py:190} INFO - [2026-03-28T19:15:38.506+0000] {dagbag.py:588} INFO - Filling up the DagBag from /home/ec2-user/environment/lab4_model_training/dags/train_model_dag.py
[2026-03-28T19:15:39.987+0000] {logging_mixin.py:190} INFO - [2026-03-28T19:15:39.985+0000] {dagbag.py:387} ERROR - Failed to import: /home/ec2-user/environment/lab4_model_training/dags/train_model_dag.py
Traceback (most recent call last):
  File "/home/ec2-user/environment/lab4_model_training/venv/lib64/python3.12/site-packages/airflow/models/dagbag.py", line 383, in parse
    loader.exec_module(new_module)
  File "<frozen importlib._bootstrap_external>", line 999, in exec_module
  File "<frozen importlib._bootstrap>", line 488, in _call_with_frames_removed
  File "/home/ec2-user/environment/lab4_model_training/dags/train_model_dag.py", line 35, in <module>
    train_task = PythonOperator(
                 ^^^^^^^^^^^^^^^
  File "/home/ec2-user/environment/lab4_model_training/venv/lib64/python3.12/site-packages/airflow/models/baseoperator.py", line 490, in apply_defaults
    result = func(self, **kwargs, default_args=default_args)
             ^^^^^^^^^^^^^^^^^^^^^^^^^^^^^^^^^^^^^^^^^^^^^^^
  File "/home/ec2-user/environment/lab4_model_training/venv/lib64/python3.12/site-packages/airflow/operators/python.py", line 224, in __init__
    raise AirflowException("`python_callable` param must be callable")
airflow.exceptions.AirflowException: `python_callable` param must be callable
[2026-03-28T19:15:39.993+0000] {logging_mixin.py:190} WARNING - /home/ec2-user/environment/lab4_model_training/venv/lib64/python3.12/site-packages/sklearn/linear_model/_logistic.py:469 ConvergenceWarning: lbfgs failed to converge (status=1):
STOP: TOTAL NO. OF ITERATIONS REACHED LIMIT.

Increase the number of iterations (max_iter) or scale the data as shown in:
    https://scikit-learn.org/stable/modules/preprocessing.html
Please also refer to the documentation for alternative solver options:
    https://scikit-learn.org/stable/modules/linear_model.html#logistic-regression
[2026-03-28T19:15:39.994+0000] {processor.py:927} WARNING - No viable dags retrieved from /home/ec2-user/environment/lab4_model_training/dags/train_model_dag.py
[2026-03-28T19:15:40.009+0000] {processor.py:208} INFO - Processing /home/ec2-user/environment/lab4_model_training/dags/train_model_dag.py took 1.509 seconds
[2026-03-28T19:16:10.181+0000] {processor.py:186} INFO - Started process (PID=9820) to work on /home/ec2-user/environment/lab4_model_training/dags/train_model_dag.py
[2026-03-28T19:16:10.182+0000] {processor.py:914} INFO - Processing file /home/ec2-user/environment/lab4_model_training/dags/train_model_dag.py for tasks to queue
[2026-03-28T19:16:10.183+0000] {logging_mixin.py:190} INFO - [2026-03-28T19:16:10.183+0000] {dagbag.py:588} INFO - Filling up the DagBag from /home/ec2-user/environment/lab4_model_training/dags/train_model_dag.py
[2026-03-28T19:16:11.679+0000] {logging_mixin.py:190} INFO - [2026-03-28T19:16:11.676+0000] {dagbag.py:387} ERROR - Failed to import: /home/ec2-user/environment/lab4_model_training/dags/train_model_dag.py
Traceback (most recent call last):
  File "/home/ec2-user/environment/lab4_model_training/venv/lib64/python3.12/site-packages/airflow/models/dagbag.py", line 383, in parse
    loader.exec_module(new_module)
  File "<frozen importlib._bootstrap_external>", line 999, in exec_module
  File "<frozen importlib._bootstrap>", line 488, in _call_with_frames_removed
  File "/home/ec2-user/environment/lab4_model_training/dags/train_model_dag.py", line 35, in <module>
    train_task = PythonOperator(
                 ^^^^^^^^^^^^^^^
  File "/home/ec2-user/environment/lab4_model_training/venv/lib64/python3.12/site-packages/airflow/models/baseoperator.py", line 490, in apply_defaults
    result = func(self, **kwargs, default_args=default_args)
             ^^^^^^^^^^^^^^^^^^^^^^^^^^^^^^^^^^^^^^^^^^^^^^^
  File "/home/ec2-user/environment/lab4_model_training/venv/lib64/python3.12/site-packages/airflow/operators/python.py", line 224, in __init__
    raise AirflowException("`python_callable` param must be callable")
airflow.exceptions.AirflowException: `python_callable` param must be callable
[2026-03-28T19:16:11.685+0000] {logging_mixin.py:190} WARNING - /home/ec2-user/environment/lab4_model_training/venv/lib64/python3.12/site-packages/sklearn/linear_model/_logistic.py:469 ConvergenceWarning: lbfgs failed to converge (status=1):
STOP: TOTAL NO. OF ITERATIONS REACHED LIMIT.

Increase the number of iterations (max_iter) or scale the data as shown in:
    https://scikit-learn.org/stable/modules/preprocessing.html
Please also refer to the documentation for alternative solver options:
    https://scikit-learn.org/stable/modules/linear_model.html#logistic-regression
[2026-03-28T19:16:11.685+0000] {processor.py:927} WARNING - No viable dags retrieved from /home/ec2-user/environment/lab4_model_training/dags/train_model_dag.py
[2026-03-28T19:16:11.701+0000] {processor.py:208} INFO - Processing /home/ec2-user/environment/lab4_model_training/dags/train_model_dag.py took 1.524 seconds
[2026-03-28T19:16:43.701+0000] {processor.py:186} INFO - Started process (PID=9852) to work on /home/ec2-user/environment/lab4_model_training/dags/train_model_dag.py
[2026-03-28T19:16:43.703+0000] {processor.py:914} INFO - Processing file /home/ec2-user/environment/lab4_model_training/dags/train_model_dag.py for tasks to queue
[2026-03-28T19:16:43.704+0000] {logging_mixin.py:190} INFO - [2026-03-28T19:16:43.703+0000] {dagbag.py:588} INFO - Filling up the DagBag from /home/ec2-user/environment/lab4_model_training/dags/train_model_dag.py
[2026-03-28T19:16:45.186+0000] {logging_mixin.py:190} INFO - [2026-03-28T19:16:45.184+0000] {dagbag.py:387} ERROR - Failed to import: /home/ec2-user/environment/lab4_model_training/dags/train_model_dag.py
Traceback (most recent call last):
  File "/home/ec2-user/environment/lab4_model_training/venv/lib64/python3.12/site-packages/airflow/models/dagbag.py", line 383, in parse
    loader.exec_module(new_module)
  File "<frozen importlib._bootstrap_external>", line 999, in exec_module
  File "<frozen importlib._bootstrap>", line 488, in _call_with_frames_removed
  File "/home/ec2-user/environment/lab4_model_training/dags/train_model_dag.py", line 35, in <module>
    train_task = PythonOperator(
                 ^^^^^^^^^^^^^^^
  File "/home/ec2-user/environment/lab4_model_training/venv/lib64/python3.12/site-packages/airflow/models/baseoperator.py", line 490, in apply_defaults
    result = func(self, **kwargs, default_args=default_args)
             ^^^^^^^^^^^^^^^^^^^^^^^^^^^^^^^^^^^^^^^^^^^^^^^
  File "/home/ec2-user/environment/lab4_model_training/venv/lib64/python3.12/site-packages/airflow/operators/python.py", line 224, in __init__
    raise AirflowException("`python_callable` param must be callable")
airflow.exceptions.AirflowException: `python_callable` param must be callable
[2026-03-28T19:16:45.192+0000] {logging_mixin.py:190} WARNING - /home/ec2-user/environment/lab4_model_training/venv/lib64/python3.12/site-packages/sklearn/linear_model/_logistic.py:469 ConvergenceWarning: lbfgs failed to converge (status=1):
STOP: TOTAL NO. OF ITERATIONS REACHED LIMIT.

Increase the number of iterations (max_iter) or scale the data as shown in:
    https://scikit-learn.org/stable/modules/preprocessing.html
Please also refer to the documentation for alternative solver options:
    https://scikit-learn.org/stable/modules/linear_model.html#logistic-regression
[2026-03-28T19:16:45.193+0000] {processor.py:927} WARNING - No viable dags retrieved from /home/ec2-user/environment/lab4_model_training/dags/train_model_dag.py
[2026-03-28T19:16:45.207+0000] {processor.py:208} INFO - Processing /home/ec2-user/environment/lab4_model_training/dags/train_model_dag.py took 1.511 seconds
[2026-03-28T19:17:16.314+0000] {processor.py:186} INFO - Started process (PID=9895) to work on /home/ec2-user/environment/lab4_model_training/dags/train_model_dag.py
[2026-03-28T19:17:16.314+0000] {processor.py:914} INFO - Processing file /home/ec2-user/environment/lab4_model_training/dags/train_model_dag.py for tasks to queue
[2026-03-28T19:17:16.315+0000] {logging_mixin.py:190} INFO - [2026-03-28T19:17:16.315+0000] {dagbag.py:588} INFO - Filling up the DagBag from /home/ec2-user/environment/lab4_model_training/dags/train_model_dag.py
[2026-03-28T19:17:17.811+0000] {logging_mixin.py:190} INFO - [2026-03-28T19:17:17.809+0000] {dagbag.py:387} ERROR - Failed to import: /home/ec2-user/environment/lab4_model_training/dags/train_model_dag.py
Traceback (most recent call last):
  File "/home/ec2-user/environment/lab4_model_training/venv/lib64/python3.12/site-packages/airflow/models/dagbag.py", line 383, in parse
    loader.exec_module(new_module)
  File "<frozen importlib._bootstrap_external>", line 999, in exec_module
  File "<frozen importlib._bootstrap>", line 488, in _call_with_frames_removed
  File "/home/ec2-user/environment/lab4_model_training/dags/train_model_dag.py", line 35, in <module>
    train_task = PythonOperator(
                 ^^^^^^^^^^^^^^^
  File "/home/ec2-user/environment/lab4_model_training/venv/lib64/python3.12/site-packages/airflow/models/baseoperator.py", line 490, in apply_defaults
    result = func(self, **kwargs, default_args=default_args)
             ^^^^^^^^^^^^^^^^^^^^^^^^^^^^^^^^^^^^^^^^^^^^^^^
  File "/home/ec2-user/environment/lab4_model_training/venv/lib64/python3.12/site-packages/airflow/operators/python.py", line 224, in __init__
    raise AirflowException("`python_callable` param must be callable")
airflow.exceptions.AirflowException: `python_callable` param must be callable
[2026-03-28T19:17:17.818+0000] {logging_mixin.py:190} WARNING - /home/ec2-user/environment/lab4_model_training/venv/lib64/python3.12/site-packages/sklearn/linear_model/_logistic.py:469 ConvergenceWarning: lbfgs failed to converge (status=1):
STOP: TOTAL NO. OF ITERATIONS REACHED LIMIT.

Increase the number of iterations (max_iter) or scale the data as shown in:
    https://scikit-learn.org/stable/modules/preprocessing.html
Please also refer to the documentation for alternative solver options:
    https://scikit-learn.org/stable/modules/linear_model.html#logistic-regression
[2026-03-28T19:17:17.818+0000] {processor.py:927} WARNING - No viable dags retrieved from /home/ec2-user/environment/lab4_model_training/dags/train_model_dag.py
[2026-03-28T19:17:17.834+0000] {processor.py:208} INFO - Processing /home/ec2-user/environment/lab4_model_training/dags/train_model_dag.py took 1.525 seconds
[2026-03-28T19:17:48.925+0000] {processor.py:186} INFO - Started process (PID=9976) to work on /home/ec2-user/environment/lab4_model_training/dags/train_model_dag.py
[2026-03-28T19:17:48.925+0000] {processor.py:914} INFO - Processing file /home/ec2-user/environment/lab4_model_training/dags/train_model_dag.py for tasks to queue
[2026-03-28T19:17:48.926+0000] {logging_mixin.py:190} INFO - [2026-03-28T19:17:48.926+0000] {dagbag.py:588} INFO - Filling up the DagBag from /home/ec2-user/environment/lab4_model_training/dags/train_model_dag.py
[2026-03-28T19:17:50.427+0000] {logging_mixin.py:190} INFO - [2026-03-28T19:17:50.425+0000] {dagbag.py:387} ERROR - Failed to import: /home/ec2-user/environment/lab4_model_training/dags/train_model_dag.py
Traceback (most recent call last):
  File "/home/ec2-user/environment/lab4_model_training/venv/lib64/python3.12/site-packages/airflow/models/dagbag.py", line 383, in parse
    loader.exec_module(new_module)
  File "<frozen importlib._bootstrap_external>", line 999, in exec_module
  File "<frozen importlib._bootstrap>", line 488, in _call_with_frames_removed
  File "/home/ec2-user/environment/lab4_model_training/dags/train_model_dag.py", line 35, in <module>
    train_task = PythonOperator(
                 ^^^^^^^^^^^^^^^
  File "/home/ec2-user/environment/lab4_model_training/venv/lib64/python3.12/site-packages/airflow/models/baseoperator.py", line 490, in apply_defaults
    result = func(self, **kwargs, default_args=default_args)
             ^^^^^^^^^^^^^^^^^^^^^^^^^^^^^^^^^^^^^^^^^^^^^^^
  File "/home/ec2-user/environment/lab4_model_training/venv/lib64/python3.12/site-packages/airflow/operators/python.py", line 224, in __init__
    raise AirflowException("`python_callable` param must be callable")
airflow.exceptions.AirflowException: `python_callable` param must be callable
[2026-03-28T19:17:50.433+0000] {logging_mixin.py:190} WARNING - /home/ec2-user/environment/lab4_model_training/venv/lib64/python3.12/site-packages/sklearn/linear_model/_logistic.py:469 ConvergenceWarning: lbfgs failed to converge (status=1):
STOP: TOTAL NO. OF ITERATIONS REACHED LIMIT.

Increase the number of iterations (max_iter) or scale the data as shown in:
    https://scikit-learn.org/stable/modules/preprocessing.html
Please also refer to the documentation for alternative solver options:
    https://scikit-learn.org/stable/modules/linear_model.html#logistic-regression
[2026-03-28T19:17:50.434+0000] {processor.py:927} WARNING - No viable dags retrieved from /home/ec2-user/environment/lab4_model_training/dags/train_model_dag.py
[2026-03-28T19:17:50.449+0000] {processor.py:208} INFO - Processing /home/ec2-user/environment/lab4_model_training/dags/train_model_dag.py took 1.529 seconds
[2026-03-28T19:18:21.531+0000] {processor.py:186} INFO - Started process (PID=10015) to work on /home/ec2-user/environment/lab4_model_training/dags/train_model_dag.py
[2026-03-28T19:18:21.532+0000] {processor.py:914} INFO - Processing file /home/ec2-user/environment/lab4_model_training/dags/train_model_dag.py for tasks to queue
[2026-03-28T19:18:21.533+0000] {logging_mixin.py:190} INFO - [2026-03-28T19:18:21.532+0000] {dagbag.py:588} INFO - Filling up the DagBag from /home/ec2-user/environment/lab4_model_training/dags/train_model_dag.py
[2026-03-28T19:18:23.028+0000] {logging_mixin.py:190} INFO - [2026-03-28T19:18:23.026+0000] {dagbag.py:387} ERROR - Failed to import: /home/ec2-user/environment/lab4_model_training/dags/train_model_dag.py
Traceback (most recent call last):
  File "/home/ec2-user/environment/lab4_model_training/venv/lib64/python3.12/site-packages/airflow/models/dagbag.py", line 383, in parse
    loader.exec_module(new_module)
  File "<frozen importlib._bootstrap_external>", line 999, in exec_module
  File "<frozen importlib._bootstrap>", line 488, in _call_with_frames_removed
  File "/home/ec2-user/environment/lab4_model_training/dags/train_model_dag.py", line 35, in <module>
    train_task = PythonOperator(
                 ^^^^^^^^^^^^^^^
  File "/home/ec2-user/environment/lab4_model_training/venv/lib64/python3.12/site-packages/airflow/models/baseoperator.py", line 490, in apply_defaults
    result = func(self, **kwargs, default_args=default_args)
             ^^^^^^^^^^^^^^^^^^^^^^^^^^^^^^^^^^^^^^^^^^^^^^^
  File "/home/ec2-user/environment/lab4_model_training/venv/lib64/python3.12/site-packages/airflow/operators/python.py", line 224, in __init__
    raise AirflowException("`python_callable` param must be callable")
airflow.exceptions.AirflowException: `python_callable` param must be callable
[2026-03-28T19:18:23.034+0000] {logging_mixin.py:190} WARNING - /home/ec2-user/environment/lab4_model_training/venv/lib64/python3.12/site-packages/sklearn/linear_model/_logistic.py:469 ConvergenceWarning: lbfgs failed to converge (status=1):
STOP: TOTAL NO. OF ITERATIONS REACHED LIMIT.

Increase the number of iterations (max_iter) or scale the data as shown in:
    https://scikit-learn.org/stable/modules/preprocessing.html
Please also refer to the documentation for alternative solver options:
    https://scikit-learn.org/stable/modules/linear_model.html#logistic-regression
[2026-03-28T19:18:23.035+0000] {processor.py:927} WARNING - No viable dags retrieved from /home/ec2-user/environment/lab4_model_training/dags/train_model_dag.py
[2026-03-28T19:18:23.050+0000] {processor.py:208} INFO - Processing /home/ec2-user/environment/lab4_model_training/dags/train_model_dag.py took 1.524 seconds
[2026-03-28T19:18:54.007+0000] {processor.py:186} INFO - Started process (PID=10042) to work on /home/ec2-user/environment/lab4_model_training/dags/train_model_dag.py
[2026-03-28T19:18:54.008+0000] {processor.py:914} INFO - Processing file /home/ec2-user/environment/lab4_model_training/dags/train_model_dag.py for tasks to queue
[2026-03-28T19:18:54.009+0000] {logging_mixin.py:190} INFO - [2026-03-28T19:18:54.008+0000] {dagbag.py:588} INFO - Filling up the DagBag from /home/ec2-user/environment/lab4_model_training/dags/train_model_dag.py
[2026-03-28T19:18:55.509+0000] {logging_mixin.py:190} INFO - [2026-03-28T19:18:55.506+0000] {dagbag.py:387} ERROR - Failed to import: /home/ec2-user/environment/lab4_model_training/dags/train_model_dag.py
Traceback (most recent call last):
  File "/home/ec2-user/environment/lab4_model_training/venv/lib64/python3.12/site-packages/airflow/models/dagbag.py", line 383, in parse
    loader.exec_module(new_module)
  File "<frozen importlib._bootstrap_external>", line 999, in exec_module
  File "<frozen importlib._bootstrap>", line 488, in _call_with_frames_removed
  File "/home/ec2-user/environment/lab4_model_training/dags/train_model_dag.py", line 35, in <module>
    train_task = PythonOperator(
                 ^^^^^^^^^^^^^^^
  File "/home/ec2-user/environment/lab4_model_training/venv/lib64/python3.12/site-packages/airflow/models/baseoperator.py", line 490, in apply_defaults
    result = func(self, **kwargs, default_args=default_args)
             ^^^^^^^^^^^^^^^^^^^^^^^^^^^^^^^^^^^^^^^^^^^^^^^
  File "/home/ec2-user/environment/lab4_model_training/venv/lib64/python3.12/site-packages/airflow/operators/python.py", line 224, in __init__
    raise AirflowException("`python_callable` param must be callable")
airflow.exceptions.AirflowException: `python_callable` param must be callable
[2026-03-28T19:18:55.515+0000] {logging_mixin.py:190} WARNING - /home/ec2-user/environment/lab4_model_training/venv/lib64/python3.12/site-packages/sklearn/linear_model/_logistic.py:469 ConvergenceWarning: lbfgs failed to converge (status=1):
STOP: TOTAL NO. OF ITERATIONS REACHED LIMIT.

Increase the number of iterations (max_iter) or scale the data as shown in:
    https://scikit-learn.org/stable/modules/preprocessing.html
Please also refer to the documentation for alternative solver options:
    https://scikit-learn.org/stable/modules/linear_model.html#logistic-regression
[2026-03-28T19:18:55.515+0000] {processor.py:927} WARNING - No viable dags retrieved from /home/ec2-user/environment/lab4_model_training/dags/train_model_dag.py
[2026-03-28T19:18:55.531+0000] {processor.py:208} INFO - Processing /home/ec2-user/environment/lab4_model_training/dags/train_model_dag.py took 1.529 seconds
[2026-03-28T19:19:25.838+0000] {processor.py:186} INFO - Started process (PID=10152) to work on /home/ec2-user/environment/lab4_model_training/dags/train_model_dag.py
[2026-03-28T19:19:25.838+0000] {processor.py:914} INFO - Processing file /home/ec2-user/environment/lab4_model_training/dags/train_model_dag.py for tasks to queue
[2026-03-28T19:19:25.968+0000] {logging_mixin.py:190} INFO - [2026-03-28T19:19:25.968+0000] {dagbag.py:588} INFO - Filling up the DagBag from /home/ec2-user/environment/lab4_model_training/dags/train_model_dag.py
[2026-03-28T19:19:27.332+0000] {logging_mixin.py:190} INFO - [2026-03-28T19:19:27.330+0000] {dagbag.py:387} ERROR - Failed to import: /home/ec2-user/environment/lab4_model_training/dags/train_model_dag.py
Traceback (most recent call last):
  File "/home/ec2-user/environment/lab4_model_training/venv/lib64/python3.12/site-packages/airflow/models/dagbag.py", line 383, in parse
    loader.exec_module(new_module)
  File "<frozen importlib._bootstrap_external>", line 999, in exec_module
  File "<frozen importlib._bootstrap>", line 488, in _call_with_frames_removed
  File "/home/ec2-user/environment/lab4_model_training/dags/train_model_dag.py", line 35, in <module>
    train_task = PythonOperator(
                 ^^^^^^^^^^^^^^^
  File "/home/ec2-user/environment/lab4_model_training/venv/lib64/python3.12/site-packages/airflow/models/baseoperator.py", line 490, in apply_defaults
    result = func(self, **kwargs, default_args=default_args)
             ^^^^^^^^^^^^^^^^^^^^^^^^^^^^^^^^^^^^^^^^^^^^^^^
  File "/home/ec2-user/environment/lab4_model_training/venv/lib64/python3.12/site-packages/airflow/operators/python.py", line 224, in __init__
    raise AirflowException("`python_callable` param must be callable")
airflow.exceptions.AirflowException: `python_callable` param must be callable
[2026-03-28T19:19:27.340+0000] {logging_mixin.py:190} WARNING - /home/ec2-user/environment/lab4_model_training/venv/lib64/python3.12/site-packages/sklearn/linear_model/_logistic.py:469 ConvergenceWarning: lbfgs failed to converge (status=1):
STOP: TOTAL NO. OF ITERATIONS REACHED LIMIT.

Increase the number of iterations (max_iter) or scale the data as shown in:
    https://scikit-learn.org/stable/modules/preprocessing.html
Please also refer to the documentation for alternative solver options:
    https://scikit-learn.org/stable/modules/linear_model.html#logistic-regression
[2026-03-28T19:19:27.341+0000] {processor.py:927} WARNING - No viable dags retrieved from /home/ec2-user/environment/lab4_model_training/dags/train_model_dag.py
[2026-03-28T19:19:27.357+0000] {processor.py:208} INFO - Processing /home/ec2-user/environment/lab4_model_training/dags/train_model_dag.py took 1.524 seconds
[2026-03-28T19:19:57.670+0000] {processor.py:186} INFO - Started process (PID=10178) to work on /home/ec2-user/environment/lab4_model_training/dags/train_model_dag.py
[2026-03-28T19:19:57.672+0000] {processor.py:914} INFO - Processing file /home/ec2-user/environment/lab4_model_training/dags/train_model_dag.py for tasks to queue
[2026-03-28T19:19:57.673+0000] {logging_mixin.py:190} INFO - [2026-03-28T19:19:57.672+0000] {dagbag.py:588} INFO - Filling up the DagBag from /home/ec2-user/environment/lab4_model_training/dags/train_model_dag.py
[2026-03-28T19:19:59.091+0000] {logging_mixin.py:190} INFO - [2026-03-28T19:19:59.089+0000] {dagbag.py:387} ERROR - Failed to import: /home/ec2-user/environment/lab4_model_training/dags/train_model_dag.py
Traceback (most recent call last):
  File "/home/ec2-user/environment/lab4_model_training/venv/lib64/python3.12/site-packages/airflow/models/dagbag.py", line 383, in parse
    loader.exec_module(new_module)
  File "<frozen importlib._bootstrap_external>", line 999, in exec_module
  File "<frozen importlib._bootstrap>", line 488, in _call_with_frames_removed
  File "/home/ec2-user/environment/lab4_model_training/dags/train_model_dag.py", line 35, in <module>
    train_task = PythonOperator(
                 ^^^^^^^^^^^^^^^
  File "/home/ec2-user/environment/lab4_model_training/venv/lib64/python3.12/site-packages/airflow/models/baseoperator.py", line 490, in apply_defaults
    result = func(self, **kwargs, default_args=default_args)
             ^^^^^^^^^^^^^^^^^^^^^^^^^^^^^^^^^^^^^^^^^^^^^^^
  File "/home/ec2-user/environment/lab4_model_training/venv/lib64/python3.12/site-packages/airflow/operators/python.py", line 224, in __init__
    raise AirflowException("`python_callable` param must be callable")
airflow.exceptions.AirflowException: `python_callable` param must be callable
[2026-03-28T19:19:59.097+0000] {logging_mixin.py:190} WARNING - /home/ec2-user/environment/lab4_model_training/venv/lib64/python3.12/site-packages/sklearn/linear_model/_logistic.py:469 ConvergenceWarning: lbfgs failed to converge (status=1):
STOP: TOTAL NO. OF ITERATIONS REACHED LIMIT.

Increase the number of iterations (max_iter) or scale the data as shown in:
    https://scikit-learn.org/stable/modules/preprocessing.html
Please also refer to the documentation for alternative solver options:
    https://scikit-learn.org/stable/modules/linear_model.html#logistic-regression
[2026-03-28T19:19:59.098+0000] {processor.py:927} WARNING - No viable dags retrieved from /home/ec2-user/environment/lab4_model_training/dags/train_model_dag.py
[2026-03-28T19:19:59.114+0000] {processor.py:208} INFO - Processing /home/ec2-user/environment/lab4_model_training/dags/train_model_dag.py took 1.449 seconds
[2026-03-28T19:20:29.406+0000] {processor.py:186} INFO - Started process (PID=10218) to work on /home/ec2-user/environment/lab4_model_training/dags/train_model_dag.py
[2026-03-28T19:20:29.407+0000] {processor.py:914} INFO - Processing file /home/ec2-user/environment/lab4_model_training/dags/train_model_dag.py for tasks to queue
[2026-03-28T19:20:29.408+0000] {logging_mixin.py:190} INFO - [2026-03-28T19:20:29.408+0000] {dagbag.py:588} INFO - Filling up the DagBag from /home/ec2-user/environment/lab4_model_training/dags/train_model_dag.py
[2026-03-28T19:20:30.799+0000] {logging_mixin.py:190} INFO - [2026-03-28T19:20:30.797+0000] {dagbag.py:387} ERROR - Failed to import: /home/ec2-user/environment/lab4_model_training/dags/train_model_dag.py
Traceback (most recent call last):
  File "/home/ec2-user/environment/lab4_model_training/venv/lib64/python3.12/site-packages/airflow/models/dagbag.py", line 383, in parse
    loader.exec_module(new_module)
  File "<frozen importlib._bootstrap_external>", line 999, in exec_module
  File "<frozen importlib._bootstrap>", line 488, in _call_with_frames_removed
  File "/home/ec2-user/environment/lab4_model_training/dags/train_model_dag.py", line 35, in <module>
    train_task = PythonOperator(
                 ^^^^^^^^^^^^^^^
  File "/home/ec2-user/environment/lab4_model_training/venv/lib64/python3.12/site-packages/airflow/models/baseoperator.py", line 490, in apply_defaults
    result = func(self, **kwargs, default_args=default_args)
             ^^^^^^^^^^^^^^^^^^^^^^^^^^^^^^^^^^^^^^^^^^^^^^^
  File "/home/ec2-user/environment/lab4_model_training/venv/lib64/python3.12/site-packages/airflow/operators/python.py", line 224, in __init__
    raise AirflowException("`python_callable` param must be callable")
airflow.exceptions.AirflowException: `python_callable` param must be callable
[2026-03-28T19:20:30.806+0000] {logging_mixin.py:190} WARNING - /home/ec2-user/environment/lab4_model_training/venv/lib64/python3.12/site-packages/sklearn/linear_model/_logistic.py:469 ConvergenceWarning: lbfgs failed to converge (status=1):
STOP: TOTAL NO. OF ITERATIONS REACHED LIMIT.

Increase the number of iterations (max_iter) or scale the data as shown in:
    https://scikit-learn.org/stable/modules/preprocessing.html
Please also refer to the documentation for alternative solver options:
    https://scikit-learn.org/stable/modules/linear_model.html#logistic-regression
[2026-03-28T19:20:30.806+0000] {processor.py:927} WARNING - No viable dags retrieved from /home/ec2-user/environment/lab4_model_training/dags/train_model_dag.py
[2026-03-28T19:20:30.822+0000] {processor.py:208} INFO - Processing /home/ec2-user/environment/lab4_model_training/dags/train_model_dag.py took 1.421 seconds
[2026-03-28T19:21:01.139+0000] {processor.py:186} INFO - Started process (PID=10295) to work on /home/ec2-user/environment/lab4_model_training/dags/train_model_dag.py
[2026-03-28T19:21:01.141+0000] {processor.py:914} INFO - Processing file /home/ec2-user/environment/lab4_model_training/dags/train_model_dag.py for tasks to queue
[2026-03-28T19:21:01.142+0000] {logging_mixin.py:190} INFO - [2026-03-28T19:21:01.142+0000] {dagbag.py:588} INFO - Filling up the DagBag from /home/ec2-user/environment/lab4_model_training/dags/train_model_dag.py
[2026-03-28T19:21:02.581+0000] {logging_mixin.py:190} INFO - [2026-03-28T19:21:02.579+0000] {dagbag.py:387} ERROR - Failed to import: /home/ec2-user/environment/lab4_model_training/dags/train_model_dag.py
Traceback (most recent call last):
  File "/home/ec2-user/environment/lab4_model_training/venv/lib64/python3.12/site-packages/airflow/models/dagbag.py", line 383, in parse
    loader.exec_module(new_module)
  File "<frozen importlib._bootstrap_external>", line 999, in exec_module
  File "<frozen importlib._bootstrap>", line 488, in _call_with_frames_removed
  File "/home/ec2-user/environment/lab4_model_training/dags/train_model_dag.py", line 35, in <module>
    train_task = PythonOperator(
                 ^^^^^^^^^^^^^^^
  File "/home/ec2-user/environment/lab4_model_training/venv/lib64/python3.12/site-packages/airflow/models/baseoperator.py", line 490, in apply_defaults
    result = func(self, **kwargs, default_args=default_args)
             ^^^^^^^^^^^^^^^^^^^^^^^^^^^^^^^^^^^^^^^^^^^^^^^
  File "/home/ec2-user/environment/lab4_model_training/venv/lib64/python3.12/site-packages/airflow/operators/python.py", line 224, in __init__
    raise AirflowException("`python_callable` param must be callable")
airflow.exceptions.AirflowException: `python_callable` param must be callable
[2026-03-28T19:21:02.587+0000] {logging_mixin.py:190} WARNING - /home/ec2-user/environment/lab4_model_training/venv/lib64/python3.12/site-packages/sklearn/linear_model/_logistic.py:469 ConvergenceWarning: lbfgs failed to converge (status=1):
STOP: TOTAL NO. OF ITERATIONS REACHED LIMIT.

Increase the number of iterations (max_iter) or scale the data as shown in:
    https://scikit-learn.org/stable/modules/preprocessing.html
Please also refer to the documentation for alternative solver options:
    https://scikit-learn.org/stable/modules/linear_model.html#logistic-regression
[2026-03-28T19:21:02.588+0000] {processor.py:927} WARNING - No viable dags retrieved from /home/ec2-user/environment/lab4_model_training/dags/train_model_dag.py
[2026-03-28T19:21:02.603+0000] {processor.py:208} INFO - Processing /home/ec2-user/environment/lab4_model_training/dags/train_model_dag.py took 1.469 seconds
[2026-03-28T19:21:32.877+0000] {processor.py:186} INFO - Started process (PID=10344) to work on /home/ec2-user/environment/lab4_model_training/dags/train_model_dag.py
[2026-03-28T19:21:32.879+0000] {processor.py:914} INFO - Processing file /home/ec2-user/environment/lab4_model_training/dags/train_model_dag.py for tasks to queue
[2026-03-28T19:21:32.880+0000] {logging_mixin.py:190} INFO - [2026-03-28T19:21:32.880+0000] {dagbag.py:588} INFO - Filling up the DagBag from /home/ec2-user/environment/lab4_model_training/dags/train_model_dag.py
[2026-03-28T19:21:36.010+0000] {logging_mixin.py:190} INFO - [2026-03-28T19:21:36.008+0000] {dagbag.py:387} ERROR - Failed to import: /home/ec2-user/environment/lab4_model_training/dags/train_model_dag.py
Traceback (most recent call last):
  File "/home/ec2-user/environment/lab4_model_training/venv/lib64/python3.12/site-packages/airflow/models/dagbag.py", line 383, in parse
    loader.exec_module(new_module)
  File "<frozen importlib._bootstrap_external>", line 999, in exec_module
  File "<frozen importlib._bootstrap>", line 488, in _call_with_frames_removed
  File "/home/ec2-user/environment/lab4_model_training/dags/train_model_dag.py", line 35, in <module>
    train_task = PythonOperator(
                 ^^^^^^^^^^^^^^^
  File "/home/ec2-user/environment/lab4_model_training/venv/lib64/python3.12/site-packages/airflow/models/baseoperator.py", line 490, in apply_defaults
    result = func(self, **kwargs, default_args=default_args)
             ^^^^^^^^^^^^^^^^^^^^^^^^^^^^^^^^^^^^^^^^^^^^^^^
  File "/home/ec2-user/environment/lab4_model_training/venv/lib64/python3.12/site-packages/airflow/operators/python.py", line 224, in __init__
    raise AirflowException("`python_callable` param must be callable")
airflow.exceptions.AirflowException: `python_callable` param must be callable
[2026-03-28T19:21:36.017+0000] {logging_mixin.py:190} WARNING - /home/ec2-user/environment/lab4_model_training/venv/lib64/python3.12/site-packages/sklearn/linear_model/_logistic.py:469 ConvergenceWarning: lbfgs failed to converge (status=1):
STOP: TOTAL NO. OF ITERATIONS REACHED LIMIT.

Increase the number of iterations (max_iter) or scale the data as shown in:
    https://scikit-learn.org/stable/modules/preprocessing.html
Please also refer to the documentation for alternative solver options:
    https://scikit-learn.org/stable/modules/linear_model.html#logistic-regression
[2026-03-28T19:21:36.017+0000] {processor.py:927} WARNING - No viable dags retrieved from /home/ec2-user/environment/lab4_model_training/dags/train_model_dag.py
[2026-03-28T19:21:36.033+0000] {processor.py:208} INFO - Processing /home/ec2-user/environment/lab4_model_training/dags/train_model_dag.py took 3.162 seconds
[2026-03-28T19:22:06.508+0000] {processor.py:186} INFO - Started process (PID=10392) to work on /home/ec2-user/environment/lab4_model_training/dags/train_model_dag.py
[2026-03-28T19:22:06.508+0000] {processor.py:914} INFO - Processing file /home/ec2-user/environment/lab4_model_training/dags/train_model_dag.py for tasks to queue
[2026-03-28T19:22:06.510+0000] {logging_mixin.py:190} INFO - [2026-03-28T19:22:06.510+0000] {dagbag.py:588} INFO - Filling up the DagBag from /home/ec2-user/environment/lab4_model_training/dags/train_model_dag.py
[2026-03-28T19:22:07.895+0000] {logging_mixin.py:190} INFO - [2026-03-28T19:22:07.893+0000] {dagbag.py:387} ERROR - Failed to import: /home/ec2-user/environment/lab4_model_training/dags/train_model_dag.py
Traceback (most recent call last):
  File "/home/ec2-user/environment/lab4_model_training/venv/lib64/python3.12/site-packages/airflow/models/dagbag.py", line 383, in parse
    loader.exec_module(new_module)
  File "<frozen importlib._bootstrap_external>", line 999, in exec_module
  File "<frozen importlib._bootstrap>", line 488, in _call_with_frames_removed
  File "/home/ec2-user/environment/lab4_model_training/dags/train_model_dag.py", line 35, in <module>
    train_task = PythonOperator(
                 ^^^^^^^^^^^^^^^
  File "/home/ec2-user/environment/lab4_model_training/venv/lib64/python3.12/site-packages/airflow/models/baseoperator.py", line 490, in apply_defaults
    result = func(self, **kwargs, default_args=default_args)
             ^^^^^^^^^^^^^^^^^^^^^^^^^^^^^^^^^^^^^^^^^^^^^^^
  File "/home/ec2-user/environment/lab4_model_training/venv/lib64/python3.12/site-packages/airflow/operators/python.py", line 224, in __init__
    raise AirflowException("`python_callable` param must be callable")
airflow.exceptions.AirflowException: `python_callable` param must be callable
[2026-03-28T19:22:07.902+0000] {logging_mixin.py:190} WARNING - /home/ec2-user/environment/lab4_model_training/venv/lib64/python3.12/site-packages/sklearn/linear_model/_logistic.py:469 ConvergenceWarning: lbfgs failed to converge (status=1):
STOP: TOTAL NO. OF ITERATIONS REACHED LIMIT.

Increase the number of iterations (max_iter) or scale the data as shown in:
    https://scikit-learn.org/stable/modules/preprocessing.html
Please also refer to the documentation for alternative solver options:
    https://scikit-learn.org/stable/modules/linear_model.html#logistic-regression
[2026-03-28T19:22:07.902+0000] {processor.py:927} WARNING - No viable dags retrieved from /home/ec2-user/environment/lab4_model_training/dags/train_model_dag.py
[2026-03-28T19:22:07.917+0000] {processor.py:208} INFO - Processing /home/ec2-user/environment/lab4_model_training/dags/train_model_dag.py took 1.414 seconds
[2026-03-28T19:22:38.353+0000] {processor.py:186} INFO - Started process (PID=10472) to work on /home/ec2-user/environment/lab4_model_training/dags/train_model_dag.py
[2026-03-28T19:22:38.354+0000] {processor.py:914} INFO - Processing file /home/ec2-user/environment/lab4_model_training/dags/train_model_dag.py for tasks to queue
[2026-03-28T19:22:38.355+0000] {logging_mixin.py:190} INFO - [2026-03-28T19:22:38.355+0000] {dagbag.py:588} INFO - Filling up the DagBag from /home/ec2-user/environment/lab4_model_training/dags/train_model_dag.py
[2026-03-28T19:22:39.709+0000] {logging_mixin.py:190} INFO - [2026-03-28T19:22:39.707+0000] {dagbag.py:387} ERROR - Failed to import: /home/ec2-user/environment/lab4_model_training/dags/train_model_dag.py
Traceback (most recent call last):
  File "/home/ec2-user/environment/lab4_model_training/venv/lib64/python3.12/site-packages/airflow/models/dagbag.py", line 383, in parse
    loader.exec_module(new_module)
  File "<frozen importlib._bootstrap_external>", line 999, in exec_module
  File "<frozen importlib._bootstrap>", line 488, in _call_with_frames_removed
  File "/home/ec2-user/environment/lab4_model_training/dags/train_model_dag.py", line 35, in <module>
    train_task = PythonOperator(
                 ^^^^^^^^^^^^^^^
  File "/home/ec2-user/environment/lab4_model_training/venv/lib64/python3.12/site-packages/airflow/models/baseoperator.py", line 490, in apply_defaults
    result = func(self, **kwargs, default_args=default_args)
             ^^^^^^^^^^^^^^^^^^^^^^^^^^^^^^^^^^^^^^^^^^^^^^^
  File "/home/ec2-user/environment/lab4_model_training/venv/lib64/python3.12/site-packages/airflow/operators/python.py", line 224, in __init__
    raise AirflowException("`python_callable` param must be callable")
airflow.exceptions.AirflowException: `python_callable` param must be callable
[2026-03-28T19:22:39.715+0000] {logging_mixin.py:190} WARNING - /home/ec2-user/environment/lab4_model_training/venv/lib64/python3.12/site-packages/sklearn/linear_model/_logistic.py:469 ConvergenceWarning: lbfgs failed to converge (status=1):
STOP: TOTAL NO. OF ITERATIONS REACHED LIMIT.

Increase the number of iterations (max_iter) or scale the data as shown in:
    https://scikit-learn.org/stable/modules/preprocessing.html
Please also refer to the documentation for alternative solver options:
    https://scikit-learn.org/stable/modules/linear_model.html#logistic-regression
[2026-03-28T19:22:39.715+0000] {processor.py:927} WARNING - No viable dags retrieved from /home/ec2-user/environment/lab4_model_training/dags/train_model_dag.py
[2026-03-28T19:22:39.729+0000] {processor.py:208} INFO - Processing /home/ec2-user/environment/lab4_model_training/dags/train_model_dag.py took 1.381 seconds
[2026-03-28T19:23:10.442+0000] {processor.py:186} INFO - Started process (PID=10510) to work on /home/ec2-user/environment/lab4_model_training/dags/train_model_dag.py
[2026-03-28T19:23:10.444+0000] {processor.py:914} INFO - Processing file /home/ec2-user/environment/lab4_model_training/dags/train_model_dag.py for tasks to queue
[2026-03-28T19:23:10.445+0000] {logging_mixin.py:190} INFO - [2026-03-28T19:23:10.445+0000] {dagbag.py:588} INFO - Filling up the DagBag from /home/ec2-user/environment/lab4_model_training/dags/train_model_dag.py
[2026-03-28T19:23:11.829+0000] {logging_mixin.py:190} INFO - [2026-03-28T19:23:11.827+0000] {dagbag.py:387} ERROR - Failed to import: /home/ec2-user/environment/lab4_model_training/dags/train_model_dag.py
Traceback (most recent call last):
  File "/home/ec2-user/environment/lab4_model_training/venv/lib64/python3.12/site-packages/airflow/models/dagbag.py", line 383, in parse
    loader.exec_module(new_module)
  File "<frozen importlib._bootstrap_external>", line 999, in exec_module
  File "<frozen importlib._bootstrap>", line 488, in _call_with_frames_removed
  File "/home/ec2-user/environment/lab4_model_training/dags/train_model_dag.py", line 35, in <module>
    train_task = PythonOperator(
                 ^^^^^^^^^^^^^^^
  File "/home/ec2-user/environment/lab4_model_training/venv/lib64/python3.12/site-packages/airflow/models/baseoperator.py", line 490, in apply_defaults
    result = func(self, **kwargs, default_args=default_args)
             ^^^^^^^^^^^^^^^^^^^^^^^^^^^^^^^^^^^^^^^^^^^^^^^
  File "/home/ec2-user/environment/lab4_model_training/venv/lib64/python3.12/site-packages/airflow/operators/python.py", line 224, in __init__
    raise AirflowException("`python_callable` param must be callable")
airflow.exceptions.AirflowException: `python_callable` param must be callable
[2026-03-28T19:23:11.835+0000] {logging_mixin.py:190} WARNING - /home/ec2-user/environment/lab4_model_training/venv/lib64/python3.12/site-packages/sklearn/linear_model/_logistic.py:469 ConvergenceWarning: lbfgs failed to converge (status=1):
STOP: TOTAL NO. OF ITERATIONS REACHED LIMIT.

Increase the number of iterations (max_iter) or scale the data as shown in:
    https://scikit-learn.org/stable/modules/preprocessing.html
Please also refer to the documentation for alternative solver options:
    https://scikit-learn.org/stable/modules/linear_model.html#logistic-regression
[2026-03-28T19:23:11.836+0000] {processor.py:927} WARNING - No viable dags retrieved from /home/ec2-user/environment/lab4_model_training/dags/train_model_dag.py
[2026-03-28T19:23:11.850+0000] {processor.py:208} INFO - Processing /home/ec2-user/environment/lab4_model_training/dags/train_model_dag.py took 1.413 seconds
[2026-03-28T19:23:42.037+0000] {processor.py:186} INFO - Started process (PID=10536) to work on /home/ec2-user/environment/lab4_model_training/dags/train_model_dag.py
[2026-03-28T19:23:42.037+0000] {processor.py:914} INFO - Processing file /home/ec2-user/environment/lab4_model_training/dags/train_model_dag.py for tasks to queue
[2026-03-28T19:23:42.038+0000] {logging_mixin.py:190} INFO - [2026-03-28T19:23:42.038+0000] {dagbag.py:588} INFO - Filling up the DagBag from /home/ec2-user/environment/lab4_model_training/dags/train_model_dag.py
[2026-03-28T19:23:43.434+0000] {logging_mixin.py:190} INFO - [2026-03-28T19:23:43.432+0000] {dagbag.py:387} ERROR - Failed to import: /home/ec2-user/environment/lab4_model_training/dags/train_model_dag.py
Traceback (most recent call last):
  File "/home/ec2-user/environment/lab4_model_training/venv/lib64/python3.12/site-packages/airflow/models/dagbag.py", line 383, in parse
    loader.exec_module(new_module)
  File "<frozen importlib._bootstrap_external>", line 999, in exec_module
  File "<frozen importlib._bootstrap>", line 488, in _call_with_frames_removed
  File "/home/ec2-user/environment/lab4_model_training/dags/train_model_dag.py", line 35, in <module>
    train_task = PythonOperator(
                 ^^^^^^^^^^^^^^^
  File "/home/ec2-user/environment/lab4_model_training/venv/lib64/python3.12/site-packages/airflow/models/baseoperator.py", line 490, in apply_defaults
    result = func(self, **kwargs, default_args=default_args)
             ^^^^^^^^^^^^^^^^^^^^^^^^^^^^^^^^^^^^^^^^^^^^^^^
  File "/home/ec2-user/environment/lab4_model_training/venv/lib64/python3.12/site-packages/airflow/operators/python.py", line 224, in __init__
    raise AirflowException("`python_callable` param must be callable")
airflow.exceptions.AirflowException: `python_callable` param must be callable
[2026-03-28T19:23:43.440+0000] {logging_mixin.py:190} WARNING - /home/ec2-user/environment/lab4_model_training/venv/lib64/python3.12/site-packages/sklearn/linear_model/_logistic.py:469 ConvergenceWarning: lbfgs failed to converge (status=1):
STOP: TOTAL NO. OF ITERATIONS REACHED LIMIT.

Increase the number of iterations (max_iter) or scale the data as shown in:
    https://scikit-learn.org/stable/modules/preprocessing.html
Please also refer to the documentation for alternative solver options:
    https://scikit-learn.org/stable/modules/linear_model.html#logistic-regression
[2026-03-28T19:23:43.441+0000] {processor.py:927} WARNING - No viable dags retrieved from /home/ec2-user/environment/lab4_model_training/dags/train_model_dag.py
[2026-03-28T19:23:43.461+0000] {processor.py:208} INFO - Processing /home/ec2-user/environment/lab4_model_training/dags/train_model_dag.py took 1.429 seconds
[2026-03-28T19:24:13.634+0000] {processor.py:186} INFO - Started process (PID=10574) to work on /home/ec2-user/environment/lab4_model_training/dags/train_model_dag.py
[2026-03-28T19:24:13.635+0000] {processor.py:914} INFO - Processing file /home/ec2-user/environment/lab4_model_training/dags/train_model_dag.py for tasks to queue
[2026-03-28T19:24:13.636+0000] {logging_mixin.py:190} INFO - [2026-03-28T19:24:13.636+0000] {dagbag.py:588} INFO - Filling up the DagBag from /home/ec2-user/environment/lab4_model_training/dags/train_model_dag.py
[2026-03-28T19:24:15.051+0000] {logging_mixin.py:190} INFO - [2026-03-28T19:24:15.049+0000] {dagbag.py:387} ERROR - Failed to import: /home/ec2-user/environment/lab4_model_training/dags/train_model_dag.py
Traceback (most recent call last):
  File "/home/ec2-user/environment/lab4_model_training/venv/lib64/python3.12/site-packages/airflow/models/dagbag.py", line 383, in parse
    loader.exec_module(new_module)
  File "<frozen importlib._bootstrap_external>", line 999, in exec_module
  File "<frozen importlib._bootstrap>", line 488, in _call_with_frames_removed
  File "/home/ec2-user/environment/lab4_model_training/dags/train_model_dag.py", line 35, in <module>
    train_task = PythonOperator(
                 ^^^^^^^^^^^^^^^
  File "/home/ec2-user/environment/lab4_model_training/venv/lib64/python3.12/site-packages/airflow/models/baseoperator.py", line 490, in apply_defaults
    result = func(self, **kwargs, default_args=default_args)
             ^^^^^^^^^^^^^^^^^^^^^^^^^^^^^^^^^^^^^^^^^^^^^^^
  File "/home/ec2-user/environment/lab4_model_training/venv/lib64/python3.12/site-packages/airflow/operators/python.py", line 224, in __init__
    raise AirflowException("`python_callable` param must be callable")
airflow.exceptions.AirflowException: `python_callable` param must be callable
[2026-03-28T19:24:15.059+0000] {logging_mixin.py:190} WARNING - /home/ec2-user/environment/lab4_model_training/venv/lib64/python3.12/site-packages/sklearn/linear_model/_logistic.py:469 ConvergenceWarning: lbfgs failed to converge (status=1):
STOP: TOTAL NO. OF ITERATIONS REACHED LIMIT.

Increase the number of iterations (max_iter) or scale the data as shown in:
    https://scikit-learn.org/stable/modules/preprocessing.html
Please also refer to the documentation for alternative solver options:
    https://scikit-learn.org/stable/modules/linear_model.html#logistic-regression
[2026-03-28T19:24:15.059+0000] {processor.py:927} WARNING - No viable dags retrieved from /home/ec2-user/environment/lab4_model_training/dags/train_model_dag.py
[2026-03-28T19:24:15.074+0000] {processor.py:208} INFO - Processing /home/ec2-user/environment/lab4_model_training/dags/train_model_dag.py took 1.445 seconds
[2026-03-28T19:24:45.782+0000] {processor.py:186} INFO - Started process (PID=10669) to work on /home/ec2-user/environment/lab4_model_training/dags/train_model_dag.py
[2026-03-28T19:24:45.783+0000] {processor.py:914} INFO - Processing file /home/ec2-user/environment/lab4_model_training/dags/train_model_dag.py for tasks to queue
[2026-03-28T19:24:45.784+0000] {logging_mixin.py:190} INFO - [2026-03-28T19:24:45.783+0000] {dagbag.py:588} INFO - Filling up the DagBag from /home/ec2-user/environment/lab4_model_training/dags/train_model_dag.py
[2026-03-28T19:24:47.223+0000] {logging_mixin.py:190} INFO - [2026-03-28T19:24:47.221+0000] {dagbag.py:387} ERROR - Failed to import: /home/ec2-user/environment/lab4_model_training/dags/train_model_dag.py
Traceback (most recent call last):
  File "/home/ec2-user/environment/lab4_model_training/venv/lib64/python3.12/site-packages/airflow/models/dagbag.py", line 383, in parse
    loader.exec_module(new_module)
  File "<frozen importlib._bootstrap_external>", line 999, in exec_module
  File "<frozen importlib._bootstrap>", line 488, in _call_with_frames_removed
  File "/home/ec2-user/environment/lab4_model_training/dags/train_model_dag.py", line 35, in <module>
    train_task = PythonOperator(
                 ^^^^^^^^^^^^^^^
  File "/home/ec2-user/environment/lab4_model_training/venv/lib64/python3.12/site-packages/airflow/models/baseoperator.py", line 490, in apply_defaults
    result = func(self, **kwargs, default_args=default_args)
             ^^^^^^^^^^^^^^^^^^^^^^^^^^^^^^^^^^^^^^^^^^^^^^^
  File "/home/ec2-user/environment/lab4_model_training/venv/lib64/python3.12/site-packages/airflow/operators/python.py", line 224, in __init__
    raise AirflowException("`python_callable` param must be callable")
airflow.exceptions.AirflowException: `python_callable` param must be callable
[2026-03-28T19:24:47.229+0000] {logging_mixin.py:190} WARNING - /home/ec2-user/environment/lab4_model_training/venv/lib64/python3.12/site-packages/sklearn/linear_model/_logistic.py:469 ConvergenceWarning: lbfgs failed to converge (status=1):
STOP: TOTAL NO. OF ITERATIONS REACHED LIMIT.

Increase the number of iterations (max_iter) or scale the data as shown in:
    https://scikit-learn.org/stable/modules/preprocessing.html
Please also refer to the documentation for alternative solver options:
    https://scikit-learn.org/stable/modules/linear_model.html#logistic-regression
[2026-03-28T19:24:47.230+0000] {processor.py:927} WARNING - No viable dags retrieved from /home/ec2-user/environment/lab4_model_training/dags/train_model_dag.py
[2026-03-28T19:24:47.245+0000] {processor.py:208} INFO - Processing /home/ec2-user/environment/lab4_model_training/dags/train_model_dag.py took 1.468 seconds
[2026-03-28T19:25:17.530+0000] {processor.py:186} INFO - Started process (PID=10707) to work on /home/ec2-user/environment/lab4_model_training/dags/train_model_dag.py
[2026-03-28T19:25:17.530+0000] {processor.py:914} INFO - Processing file /home/ec2-user/environment/lab4_model_training/dags/train_model_dag.py for tasks to queue
[2026-03-28T19:25:17.532+0000] {logging_mixin.py:190} INFO - [2026-03-28T19:25:17.531+0000] {dagbag.py:588} INFO - Filling up the DagBag from /home/ec2-user/environment/lab4_model_training/dags/train_model_dag.py
[2026-03-28T19:25:18.914+0000] {logging_mixin.py:190} INFO - [2026-03-28T19:25:18.912+0000] {dagbag.py:387} ERROR - Failed to import: /home/ec2-user/environment/lab4_model_training/dags/train_model_dag.py
Traceback (most recent call last):
  File "/home/ec2-user/environment/lab4_model_training/venv/lib64/python3.12/site-packages/airflow/models/dagbag.py", line 383, in parse
    loader.exec_module(new_module)
  File "<frozen importlib._bootstrap_external>", line 999, in exec_module
  File "<frozen importlib._bootstrap>", line 488, in _call_with_frames_removed
  File "/home/ec2-user/environment/lab4_model_training/dags/train_model_dag.py", line 35, in <module>
    train_task = PythonOperator(
                 ^^^^^^^^^^^^^^^
  File "/home/ec2-user/environment/lab4_model_training/venv/lib64/python3.12/site-packages/airflow/models/baseoperator.py", line 490, in apply_defaults
    result = func(self, **kwargs, default_args=default_args)
             ^^^^^^^^^^^^^^^^^^^^^^^^^^^^^^^^^^^^^^^^^^^^^^^
  File "/home/ec2-user/environment/lab4_model_training/venv/lib64/python3.12/site-packages/airflow/operators/python.py", line 224, in __init__
    raise AirflowException("`python_callable` param must be callable")
airflow.exceptions.AirflowException: `python_callable` param must be callable
[2026-03-28T19:25:18.920+0000] {logging_mixin.py:190} WARNING - /home/ec2-user/environment/lab4_model_training/venv/lib64/python3.12/site-packages/sklearn/linear_model/_logistic.py:469 ConvergenceWarning: lbfgs failed to converge (status=1):
STOP: TOTAL NO. OF ITERATIONS REACHED LIMIT.

Increase the number of iterations (max_iter) or scale the data as shown in:
    https://scikit-learn.org/stable/modules/preprocessing.html
Please also refer to the documentation for alternative solver options:
    https://scikit-learn.org/stable/modules/linear_model.html#logistic-regression
[2026-03-28T19:25:18.920+0000] {processor.py:927} WARNING - No viable dags retrieved from /home/ec2-user/environment/lab4_model_training/dags/train_model_dag.py
[2026-03-28T19:25:18.935+0000] {processor.py:208} INFO - Processing /home/ec2-user/environment/lab4_model_training/dags/train_model_dag.py took 1.410 seconds
[2026-03-28T19:25:49.225+0000] {processor.py:186} INFO - Started process (PID=10734) to work on /home/ec2-user/environment/lab4_model_training/dags/train_model_dag.py
[2026-03-28T19:25:49.225+0000] {processor.py:914} INFO - Processing file /home/ec2-user/environment/lab4_model_training/dags/train_model_dag.py for tasks to queue
[2026-03-28T19:25:49.226+0000] {logging_mixin.py:190} INFO - [2026-03-28T19:25:49.226+0000] {dagbag.py:588} INFO - Filling up the DagBag from /home/ec2-user/environment/lab4_model_training/dags/train_model_dag.py
[2026-03-28T19:25:50.598+0000] {logging_mixin.py:190} INFO - [2026-03-28T19:25:50.596+0000] {dagbag.py:387} ERROR - Failed to import: /home/ec2-user/environment/lab4_model_training/dags/train_model_dag.py
Traceback (most recent call last):
  File "/home/ec2-user/environment/lab4_model_training/venv/lib64/python3.12/site-packages/airflow/models/dagbag.py", line 383, in parse
    loader.exec_module(new_module)
  File "<frozen importlib._bootstrap_external>", line 999, in exec_module
  File "<frozen importlib._bootstrap>", line 488, in _call_with_frames_removed
  File "/home/ec2-user/environment/lab4_model_training/dags/train_model_dag.py", line 35, in <module>
    train_task = PythonOperator(
                 ^^^^^^^^^^^^^^^
  File "/home/ec2-user/environment/lab4_model_training/venv/lib64/python3.12/site-packages/airflow/models/baseoperator.py", line 490, in apply_defaults
    result = func(self, **kwargs, default_args=default_args)
             ^^^^^^^^^^^^^^^^^^^^^^^^^^^^^^^^^^^^^^^^^^^^^^^
  File "/home/ec2-user/environment/lab4_model_training/venv/lib64/python3.12/site-packages/airflow/operators/python.py", line 224, in __init__
    raise AirflowException("`python_callable` param must be callable")
airflow.exceptions.AirflowException: `python_callable` param must be callable
[2026-03-28T19:25:50.604+0000] {logging_mixin.py:190} WARNING - /home/ec2-user/environment/lab4_model_training/venv/lib64/python3.12/site-packages/sklearn/linear_model/_logistic.py:469 ConvergenceWarning: lbfgs failed to converge (status=1):
STOP: TOTAL NO. OF ITERATIONS REACHED LIMIT.

Increase the number of iterations (max_iter) or scale the data as shown in:
    https://scikit-learn.org/stable/modules/preprocessing.html
Please also refer to the documentation for alternative solver options:
    https://scikit-learn.org/stable/modules/linear_model.html#logistic-regression
[2026-03-28T19:25:50.605+0000] {processor.py:927} WARNING - No viable dags retrieved from /home/ec2-user/environment/lab4_model_training/dags/train_model_dag.py
[2026-03-28T19:25:50.619+0000] {processor.py:208} INFO - Processing /home/ec2-user/environment/lab4_model_training/dags/train_model_dag.py took 1.400 seconds
[2026-03-28T19:26:21.029+0000] {processor.py:186} INFO - Started process (PID=10779) to work on /home/ec2-user/environment/lab4_model_training/dags/train_model_dag.py
[2026-03-28T19:26:21.030+0000] {processor.py:914} INFO - Processing file /home/ec2-user/environment/lab4_model_training/dags/train_model_dag.py for tasks to queue
[2026-03-28T19:26:21.031+0000] {logging_mixin.py:190} INFO - [2026-03-28T19:26:21.030+0000] {dagbag.py:588} INFO - Filling up the DagBag from /home/ec2-user/environment/lab4_model_training/dags/train_model_dag.py
[2026-03-28T19:26:22.396+0000] {logging_mixin.py:190} INFO - [2026-03-28T19:26:22.394+0000] {dagbag.py:387} ERROR - Failed to import: /home/ec2-user/environment/lab4_model_training/dags/train_model_dag.py
Traceback (most recent call last):
  File "/home/ec2-user/environment/lab4_model_training/venv/lib64/python3.12/site-packages/airflow/models/dagbag.py", line 383, in parse
    loader.exec_module(new_module)
  File "<frozen importlib._bootstrap_external>", line 999, in exec_module
  File "<frozen importlib._bootstrap>", line 488, in _call_with_frames_removed
  File "/home/ec2-user/environment/lab4_model_training/dags/train_model_dag.py", line 35, in <module>
    train_task = PythonOperator(
                 ^^^^^^^^^^^^^^^
  File "/home/ec2-user/environment/lab4_model_training/venv/lib64/python3.12/site-packages/airflow/models/baseoperator.py", line 490, in apply_defaults
    result = func(self, **kwargs, default_args=default_args)
             ^^^^^^^^^^^^^^^^^^^^^^^^^^^^^^^^^^^^^^^^^^^^^^^
  File "/home/ec2-user/environment/lab4_model_training/venv/lib64/python3.12/site-packages/airflow/operators/python.py", line 224, in __init__
    raise AirflowException("`python_callable` param must be callable")
airflow.exceptions.AirflowException: `python_callable` param must be callable
[2026-03-28T19:26:22.402+0000] {logging_mixin.py:190} WARNING - /home/ec2-user/environment/lab4_model_training/venv/lib64/python3.12/site-packages/sklearn/linear_model/_logistic.py:469 ConvergenceWarning: lbfgs failed to converge (status=1):
STOP: TOTAL NO. OF ITERATIONS REACHED LIMIT.

Increase the number of iterations (max_iter) or scale the data as shown in:
    https://scikit-learn.org/stable/modules/preprocessing.html
Please also refer to the documentation for alternative solver options:
    https://scikit-learn.org/stable/modules/linear_model.html#logistic-regression
[2026-03-28T19:26:22.403+0000] {processor.py:927} WARNING - No viable dags retrieved from /home/ec2-user/environment/lab4_model_training/dags/train_model_dag.py
[2026-03-28T19:26:22.417+0000] {processor.py:208} INFO - Processing /home/ec2-user/environment/lab4_model_training/dags/train_model_dag.py took 1.394 seconds
[2026-03-28T19:26:52.718+0000] {processor.py:186} INFO - Started process (PID=10875) to work on /home/ec2-user/environment/lab4_model_training/dags/train_model_dag.py
[2026-03-28T19:26:52.719+0000] {processor.py:914} INFO - Processing file /home/ec2-user/environment/lab4_model_training/dags/train_model_dag.py for tasks to queue
[2026-03-28T19:26:52.720+0000] {logging_mixin.py:190} INFO - [2026-03-28T19:26:52.720+0000] {dagbag.py:588} INFO - Filling up the DagBag from /home/ec2-user/environment/lab4_model_training/dags/train_model_dag.py
[2026-03-28T19:26:54.115+0000] {logging_mixin.py:190} INFO - [2026-03-28T19:26:54.113+0000] {dagbag.py:387} ERROR - Failed to import: /home/ec2-user/environment/lab4_model_training/dags/train_model_dag.py
Traceback (most recent call last):
  File "/home/ec2-user/environment/lab4_model_training/venv/lib64/python3.12/site-packages/airflow/models/dagbag.py", line 383, in parse
    loader.exec_module(new_module)
  File "<frozen importlib._bootstrap_external>", line 999, in exec_module
  File "<frozen importlib._bootstrap>", line 488, in _call_with_frames_removed
  File "/home/ec2-user/environment/lab4_model_training/dags/train_model_dag.py", line 35, in <module>
    train_task = PythonOperator(
                 ^^^^^^^^^^^^^^^
  File "/home/ec2-user/environment/lab4_model_training/venv/lib64/python3.12/site-packages/airflow/models/baseoperator.py", line 490, in apply_defaults
    result = func(self, **kwargs, default_args=default_args)
             ^^^^^^^^^^^^^^^^^^^^^^^^^^^^^^^^^^^^^^^^^^^^^^^
  File "/home/ec2-user/environment/lab4_model_training/venv/lib64/python3.12/site-packages/airflow/operators/python.py", line 224, in __init__
    raise AirflowException("`python_callable` param must be callable")
airflow.exceptions.AirflowException: `python_callable` param must be callable
[2026-03-28T19:26:54.121+0000] {logging_mixin.py:190} WARNING - /home/ec2-user/environment/lab4_model_training/venv/lib64/python3.12/site-packages/sklearn/linear_model/_logistic.py:469 ConvergenceWarning: lbfgs failed to converge (status=1):
STOP: TOTAL NO. OF ITERATIONS REACHED LIMIT.

Increase the number of iterations (max_iter) or scale the data as shown in:
    https://scikit-learn.org/stable/modules/preprocessing.html
Please also refer to the documentation for alternative solver options:
    https://scikit-learn.org/stable/modules/linear_model.html#logistic-regression
[2026-03-28T19:26:54.121+0000] {processor.py:927} WARNING - No viable dags retrieved from /home/ec2-user/environment/lab4_model_training/dags/train_model_dag.py
[2026-03-28T19:26:54.135+0000] {processor.py:208} INFO - Processing /home/ec2-user/environment/lab4_model_training/dags/train_model_dag.py took 1.422 seconds
[2026-03-28T19:27:24.409+0000] {processor.py:186} INFO - Started process (PID=10915) to work on /home/ec2-user/environment/lab4_model_training/dags/train_model_dag.py
[2026-03-28T19:27:24.410+0000] {processor.py:914} INFO - Processing file /home/ec2-user/environment/lab4_model_training/dags/train_model_dag.py for tasks to queue
[2026-03-28T19:27:24.411+0000] {logging_mixin.py:190} INFO - [2026-03-28T19:27:24.411+0000] {dagbag.py:588} INFO - Filling up the DagBag from /home/ec2-user/environment/lab4_model_training/dags/train_model_dag.py
[2026-03-28T19:27:25.858+0000] {logging_mixin.py:190} INFO - [2026-03-28T19:27:25.855+0000] {dagbag.py:387} ERROR - Failed to import: /home/ec2-user/environment/lab4_model_training/dags/train_model_dag.py
Traceback (most recent call last):
  File "/home/ec2-user/environment/lab4_model_training/venv/lib64/python3.12/site-packages/airflow/models/dagbag.py", line 383, in parse
    loader.exec_module(new_module)
  File "<frozen importlib._bootstrap_external>", line 999, in exec_module
  File "<frozen importlib._bootstrap>", line 488, in _call_with_frames_removed
  File "/home/ec2-user/environment/lab4_model_training/dags/train_model_dag.py", line 35, in <module>
    train_task = PythonOperator(
                 ^^^^^^^^^^^^^^^
  File "/home/ec2-user/environment/lab4_model_training/venv/lib64/python3.12/site-packages/airflow/models/baseoperator.py", line 490, in apply_defaults
    result = func(self, **kwargs, default_args=default_args)
             ^^^^^^^^^^^^^^^^^^^^^^^^^^^^^^^^^^^^^^^^^^^^^^^
  File "/home/ec2-user/environment/lab4_model_training/venv/lib64/python3.12/site-packages/airflow/operators/python.py", line 224, in __init__
    raise AirflowException("`python_callable` param must be callable")
airflow.exceptions.AirflowException: `python_callable` param must be callable
[2026-03-28T19:27:25.864+0000] {logging_mixin.py:190} WARNING - /home/ec2-user/environment/lab4_model_training/venv/lib64/python3.12/site-packages/sklearn/linear_model/_logistic.py:469 ConvergenceWarning: lbfgs failed to converge (status=1):
STOP: TOTAL NO. OF ITERATIONS REACHED LIMIT.

Increase the number of iterations (max_iter) or scale the data as shown in:
    https://scikit-learn.org/stable/modules/preprocessing.html
Please also refer to the documentation for alternative solver options:
    https://scikit-learn.org/stable/modules/linear_model.html#logistic-regression
[2026-03-28T19:27:25.864+0000] {processor.py:927} WARNING - No viable dags retrieved from /home/ec2-user/environment/lab4_model_training/dags/train_model_dag.py
[2026-03-28T19:27:25.879+0000] {processor.py:208} INFO - Processing /home/ec2-user/environment/lab4_model_training/dags/train_model_dag.py took 1.475 seconds
[2026-03-28T19:27:56.114+0000] {processor.py:186} INFO - Started process (PID=10941) to work on /home/ec2-user/environment/lab4_model_training/dags/train_model_dag.py
[2026-03-28T19:27:56.115+0000] {processor.py:914} INFO - Processing file /home/ec2-user/environment/lab4_model_training/dags/train_model_dag.py for tasks to queue
[2026-03-28T19:27:56.116+0000] {logging_mixin.py:190} INFO - [2026-03-28T19:27:56.116+0000] {dagbag.py:588} INFO - Filling up the DagBag from /home/ec2-user/environment/lab4_model_training/dags/train_model_dag.py
[2026-03-28T19:27:57.483+0000] {logging_mixin.py:190} INFO - [2026-03-28T19:27:57.480+0000] {dagbag.py:387} ERROR - Failed to import: /home/ec2-user/environment/lab4_model_training/dags/train_model_dag.py
Traceback (most recent call last):
  File "/home/ec2-user/environment/lab4_model_training/venv/lib64/python3.12/site-packages/airflow/models/dagbag.py", line 383, in parse
    loader.exec_module(new_module)
  File "<frozen importlib._bootstrap_external>", line 999, in exec_module
  File "<frozen importlib._bootstrap>", line 488, in _call_with_frames_removed
  File "/home/ec2-user/environment/lab4_model_training/dags/train_model_dag.py", line 35, in <module>
    train_task = PythonOperator(
                 ^^^^^^^^^^^^^^^
  File "/home/ec2-user/environment/lab4_model_training/venv/lib64/python3.12/site-packages/airflow/models/baseoperator.py", line 490, in apply_defaults
    result = func(self, **kwargs, default_args=default_args)
             ^^^^^^^^^^^^^^^^^^^^^^^^^^^^^^^^^^^^^^^^^^^^^^^
  File "/home/ec2-user/environment/lab4_model_training/venv/lib64/python3.12/site-packages/airflow/operators/python.py", line 224, in __init__
    raise AirflowException("`python_callable` param must be callable")
airflow.exceptions.AirflowException: `python_callable` param must be callable
[2026-03-28T19:27:57.489+0000] {logging_mixin.py:190} WARNING - /home/ec2-user/environment/lab4_model_training/venv/lib64/python3.12/site-packages/sklearn/linear_model/_logistic.py:469 ConvergenceWarning: lbfgs failed to converge (status=1):
STOP: TOTAL NO. OF ITERATIONS REACHED LIMIT.

Increase the number of iterations (max_iter) or scale the data as shown in:
    https://scikit-learn.org/stable/modules/preprocessing.html
Please also refer to the documentation for alternative solver options:
    https://scikit-learn.org/stable/modules/linear_model.html#logistic-regression
[2026-03-28T19:27:57.489+0000] {processor.py:927} WARNING - No viable dags retrieved from /home/ec2-user/environment/lab4_model_training/dags/train_model_dag.py
[2026-03-28T19:27:57.504+0000] {processor.py:208} INFO - Processing /home/ec2-user/environment/lab4_model_training/dags/train_model_dag.py took 1.396 seconds
[2026-03-28T19:28:27.654+0000] {processor.py:186} INFO - Started process (PID=10979) to work on /home/ec2-user/environment/lab4_model_training/dags/train_model_dag.py
[2026-03-28T19:28:27.655+0000] {processor.py:914} INFO - Processing file /home/ec2-user/environment/lab4_model_training/dags/train_model_dag.py for tasks to queue
[2026-03-28T19:28:27.656+0000] {logging_mixin.py:190} INFO - [2026-03-28T19:28:27.655+0000] {dagbag.py:588} INFO - Filling up the DagBag from /home/ec2-user/environment/lab4_model_training/dags/train_model_dag.py
[2026-03-28T19:28:29.043+0000] {logging_mixin.py:190} INFO - [2026-03-28T19:28:29.041+0000] {dagbag.py:387} ERROR - Failed to import: /home/ec2-user/environment/lab4_model_training/dags/train_model_dag.py
Traceback (most recent call last):
  File "/home/ec2-user/environment/lab4_model_training/venv/lib64/python3.12/site-packages/airflow/models/dagbag.py", line 383, in parse
    loader.exec_module(new_module)
  File "<frozen importlib._bootstrap_external>", line 999, in exec_module
  File "<frozen importlib._bootstrap>", line 488, in _call_with_frames_removed
  File "/home/ec2-user/environment/lab4_model_training/dags/train_model_dag.py", line 35, in <module>
    train_task = PythonOperator(
                 ^^^^^^^^^^^^^^^
  File "/home/ec2-user/environment/lab4_model_training/venv/lib64/python3.12/site-packages/airflow/models/baseoperator.py", line 490, in apply_defaults
    result = func(self, **kwargs, default_args=default_args)
             ^^^^^^^^^^^^^^^^^^^^^^^^^^^^^^^^^^^^^^^^^^^^^^^
  File "/home/ec2-user/environment/lab4_model_training/venv/lib64/python3.12/site-packages/airflow/operators/python.py", line 224, in __init__
    raise AirflowException("`python_callable` param must be callable")
airflow.exceptions.AirflowException: `python_callable` param must be callable
[2026-03-28T19:28:29.049+0000] {logging_mixin.py:190} WARNING - /home/ec2-user/environment/lab4_model_training/venv/lib64/python3.12/site-packages/sklearn/linear_model/_logistic.py:469 ConvergenceWarning: lbfgs failed to converge (status=1):
STOP: TOTAL NO. OF ITERATIONS REACHED LIMIT.

Increase the number of iterations (max_iter) or scale the data as shown in:
    https://scikit-learn.org/stable/modules/preprocessing.html
Please also refer to the documentation for alternative solver options:
    https://scikit-learn.org/stable/modules/linear_model.html#logistic-regression
[2026-03-28T19:28:29.049+0000] {processor.py:927} WARNING - No viable dags retrieved from /home/ec2-user/environment/lab4_model_training/dags/train_model_dag.py
[2026-03-28T19:28:29.064+0000] {processor.py:208} INFO - Processing /home/ec2-user/environment/lab4_model_training/dags/train_model_dag.py took 1.415 seconds
[2026-03-28T19:28:59.577+0000] {processor.py:186} INFO - Started process (PID=11053) to work on /home/ec2-user/environment/lab4_model_training/dags/train_model_dag.py
[2026-03-28T19:28:59.578+0000] {processor.py:914} INFO - Processing file /home/ec2-user/environment/lab4_model_training/dags/train_model_dag.py for tasks to queue
[2026-03-28T19:28:59.579+0000] {logging_mixin.py:190} INFO - [2026-03-28T19:28:59.579+0000] {dagbag.py:588} INFO - Filling up the DagBag from /home/ec2-user/environment/lab4_model_training/dags/train_model_dag.py
[2026-03-28T19:29:00.951+0000] {logging_mixin.py:190} INFO - [2026-03-28T19:29:00.949+0000] {dagbag.py:387} ERROR - Failed to import: /home/ec2-user/environment/lab4_model_training/dags/train_model_dag.py
Traceback (most recent call last):
  File "/home/ec2-user/environment/lab4_model_training/venv/lib64/python3.12/site-packages/airflow/models/dagbag.py", line 383, in parse
    loader.exec_module(new_module)
  File "<frozen importlib._bootstrap_external>", line 999, in exec_module
  File "<frozen importlib._bootstrap>", line 488, in _call_with_frames_removed
  File "/home/ec2-user/environment/lab4_model_training/dags/train_model_dag.py", line 35, in <module>
    train_task = PythonOperator(
                 ^^^^^^^^^^^^^^^
  File "/home/ec2-user/environment/lab4_model_training/venv/lib64/python3.12/site-packages/airflow/models/baseoperator.py", line 490, in apply_defaults
    result = func(self, **kwargs, default_args=default_args)
             ^^^^^^^^^^^^^^^^^^^^^^^^^^^^^^^^^^^^^^^^^^^^^^^
  File "/home/ec2-user/environment/lab4_model_training/venv/lib64/python3.12/site-packages/airflow/operators/python.py", line 224, in __init__
    raise AirflowException("`python_callable` param must be callable")
airflow.exceptions.AirflowException: `python_callable` param must be callable
[2026-03-28T19:29:00.959+0000] {logging_mixin.py:190} WARNING - /home/ec2-user/environment/lab4_model_training/venv/lib64/python3.12/site-packages/sklearn/linear_model/_logistic.py:469 ConvergenceWarning: lbfgs failed to converge (status=1):
STOP: TOTAL NO. OF ITERATIONS REACHED LIMIT.

Increase the number of iterations (max_iter) or scale the data as shown in:
    https://scikit-learn.org/stable/modules/preprocessing.html
Please also refer to the documentation for alternative solver options:
    https://scikit-learn.org/stable/modules/linear_model.html#logistic-regression
[2026-03-28T19:29:00.960+0000] {processor.py:927} WARNING - No viable dags retrieved from /home/ec2-user/environment/lab4_model_training/dags/train_model_dag.py
[2026-03-28T19:29:00.974+0000] {processor.py:208} INFO - Processing /home/ec2-user/environment/lab4_model_training/dags/train_model_dag.py took 1.402 seconds
[2026-03-28T19:29:31.846+0000] {processor.py:186} INFO - Started process (PID=11091) to work on /home/ec2-user/environment/lab4_model_training/dags/train_model_dag.py
[2026-03-28T19:29:31.847+0000] {processor.py:914} INFO - Processing file /home/ec2-user/environment/lab4_model_training/dags/train_model_dag.py for tasks to queue
[2026-03-28T19:29:31.848+0000] {logging_mixin.py:190} INFO - [2026-03-28T19:29:31.847+0000] {dagbag.py:588} INFO - Filling up the DagBag from /home/ec2-user/environment/lab4_model_training/dags/train_model_dag.py
[2026-03-28T19:29:33.240+0000] {logging_mixin.py:190} INFO - [2026-03-28T19:29:33.238+0000] {dagbag.py:387} ERROR - Failed to import: /home/ec2-user/environment/lab4_model_training/dags/train_model_dag.py
Traceback (most recent call last):
  File "/home/ec2-user/environment/lab4_model_training/venv/lib64/python3.12/site-packages/airflow/models/dagbag.py", line 383, in parse
    loader.exec_module(new_module)
  File "<frozen importlib._bootstrap_external>", line 999, in exec_module
  File "<frozen importlib._bootstrap>", line 488, in _call_with_frames_removed
  File "/home/ec2-user/environment/lab4_model_training/dags/train_model_dag.py", line 35, in <module>
    train_task = PythonOperator(
                 ^^^^^^^^^^^^^^^
  File "/home/ec2-user/environment/lab4_model_training/venv/lib64/python3.12/site-packages/airflow/models/baseoperator.py", line 490, in apply_defaults
    result = func(self, **kwargs, default_args=default_args)
             ^^^^^^^^^^^^^^^^^^^^^^^^^^^^^^^^^^^^^^^^^^^^^^^
  File "/home/ec2-user/environment/lab4_model_training/venv/lib64/python3.12/site-packages/airflow/operators/python.py", line 224, in __init__
    raise AirflowException("`python_callable` param must be callable")
airflow.exceptions.AirflowException: `python_callable` param must be callable
[2026-03-28T19:29:33.247+0000] {logging_mixin.py:190} WARNING - /home/ec2-user/environment/lab4_model_training/venv/lib64/python3.12/site-packages/sklearn/linear_model/_logistic.py:469 ConvergenceWarning: lbfgs failed to converge (status=1):
STOP: TOTAL NO. OF ITERATIONS REACHED LIMIT.

Increase the number of iterations (max_iter) or scale the data as shown in:
    https://scikit-learn.org/stable/modules/preprocessing.html
Please also refer to the documentation for alternative solver options:
    https://scikit-learn.org/stable/modules/linear_model.html#logistic-regression
[2026-03-28T19:29:33.247+0000] {processor.py:927} WARNING - No viable dags retrieved from /home/ec2-user/environment/lab4_model_training/dags/train_model_dag.py
[2026-03-28T19:29:33.262+0000] {processor.py:208} INFO - Processing /home/ec2-user/environment/lab4_model_training/dags/train_model_dag.py took 1.421 seconds
[2026-03-28T19:30:03.957+0000] {processor.py:186} INFO - Started process (PID=11136) to work on /home/ec2-user/environment/lab4_model_training/dags/train_model_dag.py
[2026-03-28T19:30:03.958+0000] {processor.py:914} INFO - Processing file /home/ec2-user/environment/lab4_model_training/dags/train_model_dag.py for tasks to queue
[2026-03-28T19:30:03.959+0000] {logging_mixin.py:190} INFO - [2026-03-28T19:30:03.959+0000] {dagbag.py:588} INFO - Filling up the DagBag from /home/ec2-user/environment/lab4_model_training/dags/train_model_dag.py
[2026-03-28T19:30:05.360+0000] {logging_mixin.py:190} INFO - [2026-03-28T19:30:05.358+0000] {dagbag.py:387} ERROR - Failed to import: /home/ec2-user/environment/lab4_model_training/dags/train_model_dag.py
Traceback (most recent call last):
  File "/home/ec2-user/environment/lab4_model_training/venv/lib64/python3.12/site-packages/airflow/models/dagbag.py", line 383, in parse
    loader.exec_module(new_module)
  File "<frozen importlib._bootstrap_external>", line 999, in exec_module
  File "<frozen importlib._bootstrap>", line 488, in _call_with_frames_removed
  File "/home/ec2-user/environment/lab4_model_training/dags/train_model_dag.py", line 35, in <module>
    train_task = PythonOperator(
                 ^^^^^^^^^^^^^^^
  File "/home/ec2-user/environment/lab4_model_training/venv/lib64/python3.12/site-packages/airflow/models/baseoperator.py", line 490, in apply_defaults
    result = func(self, **kwargs, default_args=default_args)
             ^^^^^^^^^^^^^^^^^^^^^^^^^^^^^^^^^^^^^^^^^^^^^^^
  File "/home/ec2-user/environment/lab4_model_training/venv/lib64/python3.12/site-packages/airflow/operators/python.py", line 224, in __init__
    raise AirflowException("`python_callable` param must be callable")
airflow.exceptions.AirflowException: `python_callable` param must be callable
[2026-03-28T19:30:05.366+0000] {logging_mixin.py:190} WARNING - /home/ec2-user/environment/lab4_model_training/venv/lib64/python3.12/site-packages/sklearn/linear_model/_logistic.py:469 ConvergenceWarning: lbfgs failed to converge (status=1):
STOP: TOTAL NO. OF ITERATIONS REACHED LIMIT.

Increase the number of iterations (max_iter) or scale the data as shown in:
    https://scikit-learn.org/stable/modules/preprocessing.html
Please also refer to the documentation for alternative solver options:
    https://scikit-learn.org/stable/modules/linear_model.html#logistic-regression
[2026-03-28T19:30:05.367+0000] {processor.py:927} WARNING - No viable dags retrieved from /home/ec2-user/environment/lab4_model_training/dags/train_model_dag.py
[2026-03-28T19:30:05.382+0000] {processor.py:208} INFO - Processing /home/ec2-user/environment/lab4_model_training/dags/train_model_dag.py took 1.431 seconds
[2026-03-28T19:30:36.208+0000] {processor.py:186} INFO - Started process (PID=11317) to work on /home/ec2-user/environment/lab4_model_training/dags/train_model_dag.py
[2026-03-28T19:30:36.209+0000] {processor.py:914} INFO - Processing file /home/ec2-user/environment/lab4_model_training/dags/train_model_dag.py for tasks to queue
[2026-03-28T19:30:36.210+0000] {logging_mixin.py:190} INFO - [2026-03-28T19:30:36.210+0000] {dagbag.py:588} INFO - Filling up the DagBag from /home/ec2-user/environment/lab4_model_training/dags/train_model_dag.py
[2026-03-28T19:30:37.588+0000] {logging_mixin.py:190} INFO - [2026-03-28T19:30:37.586+0000] {dagbag.py:387} ERROR - Failed to import: /home/ec2-user/environment/lab4_model_training/dags/train_model_dag.py
Traceback (most recent call last):
  File "/home/ec2-user/environment/lab4_model_training/venv/lib64/python3.12/site-packages/airflow/models/dagbag.py", line 383, in parse
    loader.exec_module(new_module)
  File "<frozen importlib._bootstrap_external>", line 999, in exec_module
  File "<frozen importlib._bootstrap>", line 488, in _call_with_frames_removed
  File "/home/ec2-user/environment/lab4_model_training/dags/train_model_dag.py", line 35, in <module>
    train_task = PythonOperator(
                 ^^^^^^^^^^^^^^^
  File "/home/ec2-user/environment/lab4_model_training/venv/lib64/python3.12/site-packages/airflow/models/baseoperator.py", line 490, in apply_defaults
    result = func(self, **kwargs, default_args=default_args)
             ^^^^^^^^^^^^^^^^^^^^^^^^^^^^^^^^^^^^^^^^^^^^^^^
  File "/home/ec2-user/environment/lab4_model_training/venv/lib64/python3.12/site-packages/airflow/operators/python.py", line 224, in __init__
    raise AirflowException("`python_callable` param must be callable")
airflow.exceptions.AirflowException: `python_callable` param must be callable
[2026-03-28T19:30:37.594+0000] {logging_mixin.py:190} WARNING - /home/ec2-user/environment/lab4_model_training/venv/lib64/python3.12/site-packages/sklearn/linear_model/_logistic.py:469 ConvergenceWarning: lbfgs failed to converge (status=1):
STOP: TOTAL NO. OF ITERATIONS REACHED LIMIT.

Increase the number of iterations (max_iter) or scale the data as shown in:
    https://scikit-learn.org/stable/modules/preprocessing.html
Please also refer to the documentation for alternative solver options:
    https://scikit-learn.org/stable/modules/linear_model.html#logistic-regression
[2026-03-28T19:30:37.595+0000] {processor.py:927} WARNING - No viable dags retrieved from /home/ec2-user/environment/lab4_model_training/dags/train_model_dag.py
[2026-03-28T19:30:37.610+0000] {processor.py:208} INFO - Processing /home/ec2-user/environment/lab4_model_training/dags/train_model_dag.py took 1.407 seconds
[2026-03-28T19:31:08.396+0000] {processor.py:186} INFO - Started process (PID=11360) to work on /home/ec2-user/environment/lab4_model_training/dags/train_model_dag.py
[2026-03-28T19:31:08.396+0000] {processor.py:914} INFO - Processing file /home/ec2-user/environment/lab4_model_training/dags/train_model_dag.py for tasks to queue
[2026-03-28T19:31:08.398+0000] {logging_mixin.py:190} INFO - [2026-03-28T19:31:08.397+0000] {dagbag.py:588} INFO - Filling up the DagBag from /home/ec2-user/environment/lab4_model_training/dags/train_model_dag.py
[2026-03-28T19:31:09.770+0000] {logging_mixin.py:190} INFO - [2026-03-28T19:31:09.768+0000] {dagbag.py:387} ERROR - Failed to import: /home/ec2-user/environment/lab4_model_training/dags/train_model_dag.py
Traceback (most recent call last):
  File "/home/ec2-user/environment/lab4_model_training/venv/lib64/python3.12/site-packages/airflow/models/dagbag.py", line 383, in parse
    loader.exec_module(new_module)
  File "<frozen importlib._bootstrap_external>", line 999, in exec_module
  File "<frozen importlib._bootstrap>", line 488, in _call_with_frames_removed
  File "/home/ec2-user/environment/lab4_model_training/dags/train_model_dag.py", line 35, in <module>
    train_task = PythonOperator(
                 ^^^^^^^^^^^^^^^
  File "/home/ec2-user/environment/lab4_model_training/venv/lib64/python3.12/site-packages/airflow/models/baseoperator.py", line 490, in apply_defaults
    result = func(self, **kwargs, default_args=default_args)
             ^^^^^^^^^^^^^^^^^^^^^^^^^^^^^^^^^^^^^^^^^^^^^^^
  File "/home/ec2-user/environment/lab4_model_training/venv/lib64/python3.12/site-packages/airflow/operators/python.py", line 224, in __init__
    raise AirflowException("`python_callable` param must be callable")
airflow.exceptions.AirflowException: `python_callable` param must be callable
[2026-03-28T19:31:09.776+0000] {logging_mixin.py:190} WARNING - /home/ec2-user/environment/lab4_model_training/venv/lib64/python3.12/site-packages/sklearn/linear_model/_logistic.py:469 ConvergenceWarning: lbfgs failed to converge (status=1):
STOP: TOTAL NO. OF ITERATIONS REACHED LIMIT.

Increase the number of iterations (max_iter) or scale the data as shown in:
    https://scikit-learn.org/stable/modules/preprocessing.html
Please also refer to the documentation for alternative solver options:
    https://scikit-learn.org/stable/modules/linear_model.html#logistic-regression
[2026-03-28T19:31:09.776+0000] {processor.py:927} WARNING - No viable dags retrieved from /home/ec2-user/environment/lab4_model_training/dags/train_model_dag.py
[2026-03-28T19:31:09.800+0000] {processor.py:208} INFO - Processing /home/ec2-user/environment/lab4_model_training/dags/train_model_dag.py took 1.409 seconds
[2026-03-28T19:31:40.595+0000] {processor.py:186} INFO - Started process (PID=11435) to work on /home/ec2-user/environment/lab4_model_training/dags/train_model_dag.py
[2026-03-28T19:31:40.596+0000] {processor.py:914} INFO - Processing file /home/ec2-user/environment/lab4_model_training/dags/train_model_dag.py for tasks to queue
[2026-03-28T19:31:40.597+0000] {logging_mixin.py:190} INFO - [2026-03-28T19:31:40.597+0000] {dagbag.py:588} INFO - Filling up the DagBag from /home/ec2-user/environment/lab4_model_training/dags/train_model_dag.py
[2026-03-28T19:31:41.975+0000] {logging_mixin.py:190} INFO - [2026-03-28T19:31:41.973+0000] {dagbag.py:387} ERROR - Failed to import: /home/ec2-user/environment/lab4_model_training/dags/train_model_dag.py
Traceback (most recent call last):
  File "/home/ec2-user/environment/lab4_model_training/venv/lib64/python3.12/site-packages/airflow/models/dagbag.py", line 383, in parse
    loader.exec_module(new_module)
  File "<frozen importlib._bootstrap_external>", line 999, in exec_module
  File "<frozen importlib._bootstrap>", line 488, in _call_with_frames_removed
  File "/home/ec2-user/environment/lab4_model_training/dags/train_model_dag.py", line 35, in <module>
    train_task = PythonOperator(
                 ^^^^^^^^^^^^^^^
  File "/home/ec2-user/environment/lab4_model_training/venv/lib64/python3.12/site-packages/airflow/models/baseoperator.py", line 490, in apply_defaults
    result = func(self, **kwargs, default_args=default_args)
             ^^^^^^^^^^^^^^^^^^^^^^^^^^^^^^^^^^^^^^^^^^^^^^^
  File "/home/ec2-user/environment/lab4_model_training/venv/lib64/python3.12/site-packages/airflow/operators/python.py", line 224, in __init__
    raise AirflowException("`python_callable` param must be callable")
airflow.exceptions.AirflowException: `python_callable` param must be callable
[2026-03-28T19:31:41.982+0000] {logging_mixin.py:190} WARNING - /home/ec2-user/environment/lab4_model_training/venv/lib64/python3.12/site-packages/sklearn/linear_model/_logistic.py:469 ConvergenceWarning: lbfgs failed to converge (status=1):
STOP: TOTAL NO. OF ITERATIONS REACHED LIMIT.

Increase the number of iterations (max_iter) or scale the data as shown in:
    https://scikit-learn.org/stable/modules/preprocessing.html
Please also refer to the documentation for alternative solver options:
    https://scikit-learn.org/stable/modules/linear_model.html#logistic-regression
[2026-03-28T19:31:41.982+0000] {processor.py:927} WARNING - No viable dags retrieved from /home/ec2-user/environment/lab4_model_training/dags/train_model_dag.py
[2026-03-28T19:31:41.996+0000] {processor.py:208} INFO - Processing /home/ec2-user/environment/lab4_model_training/dags/train_model_dag.py took 1.406 seconds
[2026-03-28T19:32:12.895+0000] {processor.py:186} INFO - Started process (PID=11475) to work on /home/ec2-user/environment/lab4_model_training/dags/train_model_dag.py
[2026-03-28T19:32:12.896+0000] {processor.py:914} INFO - Processing file /home/ec2-user/environment/lab4_model_training/dags/train_model_dag.py for tasks to queue
[2026-03-28T19:32:12.898+0000] {logging_mixin.py:190} INFO - [2026-03-28T19:32:12.898+0000] {dagbag.py:588} INFO - Filling up the DagBag from /home/ec2-user/environment/lab4_model_training/dags/train_model_dag.py
[2026-03-28T19:32:14.290+0000] {logging_mixin.py:190} INFO - [2026-03-28T19:32:14.288+0000] {dagbag.py:387} ERROR - Failed to import: /home/ec2-user/environment/lab4_model_training/dags/train_model_dag.py
Traceback (most recent call last):
  File "/home/ec2-user/environment/lab4_model_training/venv/lib64/python3.12/site-packages/airflow/models/dagbag.py", line 383, in parse
    loader.exec_module(new_module)
  File "<frozen importlib._bootstrap_external>", line 999, in exec_module
  File "<frozen importlib._bootstrap>", line 488, in _call_with_frames_removed
  File "/home/ec2-user/environment/lab4_model_training/dags/train_model_dag.py", line 35, in <module>
    train_task = PythonOperator(
                 ^^^^^^^^^^^^^^^
  File "/home/ec2-user/environment/lab4_model_training/venv/lib64/python3.12/site-packages/airflow/models/baseoperator.py", line 490, in apply_defaults
    result = func(self, **kwargs, default_args=default_args)
             ^^^^^^^^^^^^^^^^^^^^^^^^^^^^^^^^^^^^^^^^^^^^^^^
  File "/home/ec2-user/environment/lab4_model_training/venv/lib64/python3.12/site-packages/airflow/operators/python.py", line 224, in __init__
    raise AirflowException("`python_callable` param must be callable")
airflow.exceptions.AirflowException: `python_callable` param must be callable
[2026-03-28T19:32:14.297+0000] {logging_mixin.py:190} WARNING - /home/ec2-user/environment/lab4_model_training/venv/lib64/python3.12/site-packages/sklearn/linear_model/_logistic.py:469 ConvergenceWarning: lbfgs failed to converge (status=1):
STOP: TOTAL NO. OF ITERATIONS REACHED LIMIT.

Increase the number of iterations (max_iter) or scale the data as shown in:
    https://scikit-learn.org/stable/modules/preprocessing.html
Please also refer to the documentation for alternative solver options:
    https://scikit-learn.org/stable/modules/linear_model.html#logistic-regression
[2026-03-28T19:32:14.297+0000] {processor.py:927} WARNING - No viable dags retrieved from /home/ec2-user/environment/lab4_model_training/dags/train_model_dag.py
[2026-03-28T19:32:14.312+0000] {processor.py:208} INFO - Processing /home/ec2-user/environment/lab4_model_training/dags/train_model_dag.py took 1.422 seconds
[2026-03-28T19:32:45.188+0000] {processor.py:186} INFO - Started process (PID=11501) to work on /home/ec2-user/environment/lab4_model_training/dags/train_model_dag.py
[2026-03-28T19:32:45.189+0000] {processor.py:914} INFO - Processing file /home/ec2-user/environment/lab4_model_training/dags/train_model_dag.py for tasks to queue
[2026-03-28T19:32:45.190+0000] {logging_mixin.py:190} INFO - [2026-03-28T19:32:45.189+0000] {dagbag.py:588} INFO - Filling up the DagBag from /home/ec2-user/environment/lab4_model_training/dags/train_model_dag.py
[2026-03-28T19:32:46.577+0000] {logging_mixin.py:190} INFO - [2026-03-28T19:32:46.575+0000] {dagbag.py:387} ERROR - Failed to import: /home/ec2-user/environment/lab4_model_training/dags/train_model_dag.py
Traceback (most recent call last):
  File "/home/ec2-user/environment/lab4_model_training/venv/lib64/python3.12/site-packages/airflow/models/dagbag.py", line 383, in parse
    loader.exec_module(new_module)
  File "<frozen importlib._bootstrap_external>", line 999, in exec_module
  File "<frozen importlib._bootstrap>", line 488, in _call_with_frames_removed
  File "/home/ec2-user/environment/lab4_model_training/dags/train_model_dag.py", line 35, in <module>
    train_task = PythonOperator(
                 ^^^^^^^^^^^^^^^
  File "/home/ec2-user/environment/lab4_model_training/venv/lib64/python3.12/site-packages/airflow/models/baseoperator.py", line 490, in apply_defaults
    result = func(self, **kwargs, default_args=default_args)
             ^^^^^^^^^^^^^^^^^^^^^^^^^^^^^^^^^^^^^^^^^^^^^^^
  File "/home/ec2-user/environment/lab4_model_training/venv/lib64/python3.12/site-packages/airflow/operators/python.py", line 224, in __init__
    raise AirflowException("`python_callable` param must be callable")
airflow.exceptions.AirflowException: `python_callable` param must be callable
[2026-03-28T19:32:46.584+0000] {logging_mixin.py:190} WARNING - /home/ec2-user/environment/lab4_model_training/venv/lib64/python3.12/site-packages/sklearn/linear_model/_logistic.py:469 ConvergenceWarning: lbfgs failed to converge (status=1):
STOP: TOTAL NO. OF ITERATIONS REACHED LIMIT.

Increase the number of iterations (max_iter) or scale the data as shown in:
    https://scikit-learn.org/stable/modules/preprocessing.html
Please also refer to the documentation for alternative solver options:
    https://scikit-learn.org/stable/modules/linear_model.html#logistic-regression
[2026-03-28T19:32:46.584+0000] {processor.py:927} WARNING - No viable dags retrieved from /home/ec2-user/environment/lab4_model_training/dags/train_model_dag.py
[2026-03-28T19:32:46.605+0000] {processor.py:208} INFO - Processing /home/ec2-user/environment/lab4_model_training/dags/train_model_dag.py took 1.422 seconds
[2026-03-28T19:33:17.381+0000] {processor.py:186} INFO - Started process (PID=11545) to work on /home/ec2-user/environment/lab4_model_training/dags/train_model_dag.py
[2026-03-28T19:33:17.383+0000] {processor.py:914} INFO - Processing file /home/ec2-user/environment/lab4_model_training/dags/train_model_dag.py for tasks to queue
[2026-03-28T19:33:17.384+0000] {logging_mixin.py:190} INFO - [2026-03-28T19:33:17.383+0000] {dagbag.py:588} INFO - Filling up the DagBag from /home/ec2-user/environment/lab4_model_training/dags/train_model_dag.py
[2026-03-28T19:33:18.787+0000] {logging_mixin.py:190} INFO - [2026-03-28T19:33:18.785+0000] {dagbag.py:387} ERROR - Failed to import: /home/ec2-user/environment/lab4_model_training/dags/train_model_dag.py
Traceback (most recent call last):
  File "/home/ec2-user/environment/lab4_model_training/venv/lib64/python3.12/site-packages/airflow/models/dagbag.py", line 383, in parse
    loader.exec_module(new_module)
  File "<frozen importlib._bootstrap_external>", line 999, in exec_module
  File "<frozen importlib._bootstrap>", line 488, in _call_with_frames_removed
  File "/home/ec2-user/environment/lab4_model_training/dags/train_model_dag.py", line 35, in <module>
    train_task = PythonOperator(
                 ^^^^^^^^^^^^^^^
  File "/home/ec2-user/environment/lab4_model_training/venv/lib64/python3.12/site-packages/airflow/models/baseoperator.py", line 490, in apply_defaults
    result = func(self, **kwargs, default_args=default_args)
             ^^^^^^^^^^^^^^^^^^^^^^^^^^^^^^^^^^^^^^^^^^^^^^^
  File "/home/ec2-user/environment/lab4_model_training/venv/lib64/python3.12/site-packages/airflow/operators/python.py", line 224, in __init__
    raise AirflowException("`python_callable` param must be callable")
airflow.exceptions.AirflowException: `python_callable` param must be callable
[2026-03-28T19:33:18.795+0000] {logging_mixin.py:190} WARNING - /home/ec2-user/environment/lab4_model_training/venv/lib64/python3.12/site-packages/sklearn/linear_model/_logistic.py:469 ConvergenceWarning: lbfgs failed to converge (status=1):
STOP: TOTAL NO. OF ITERATIONS REACHED LIMIT.

Increase the number of iterations (max_iter) or scale the data as shown in:
    https://scikit-learn.org/stable/modules/preprocessing.html
Please also refer to the documentation for alternative solver options:
    https://scikit-learn.org/stable/modules/linear_model.html#logistic-regression
[2026-03-28T19:33:18.795+0000] {processor.py:927} WARNING - No viable dags retrieved from /home/ec2-user/environment/lab4_model_training/dags/train_model_dag.py
[2026-03-28T19:33:18.810+0000] {processor.py:208} INFO - Processing /home/ec2-user/environment/lab4_model_training/dags/train_model_dag.py took 1.436 seconds
[2026-03-28T19:33:49.586+0000] {processor.py:186} INFO - Started process (PID=11619) to work on /home/ec2-user/environment/lab4_model_training/dags/train_model_dag.py
[2026-03-28T19:33:49.588+0000] {processor.py:914} INFO - Processing file /home/ec2-user/environment/lab4_model_training/dags/train_model_dag.py for tasks to queue
[2026-03-28T19:33:49.589+0000] {logging_mixin.py:190} INFO - [2026-03-28T19:33:49.589+0000] {dagbag.py:588} INFO - Filling up the DagBag from /home/ec2-user/environment/lab4_model_training/dags/train_model_dag.py
[2026-03-28T19:33:50.971+0000] {logging_mixin.py:190} INFO - [2026-03-28T19:33:50.969+0000] {dagbag.py:387} ERROR - Failed to import: /home/ec2-user/environment/lab4_model_training/dags/train_model_dag.py
Traceback (most recent call last):
  File "/home/ec2-user/environment/lab4_model_training/venv/lib64/python3.12/site-packages/airflow/models/dagbag.py", line 383, in parse
    loader.exec_module(new_module)
  File "<frozen importlib._bootstrap_external>", line 999, in exec_module
  File "<frozen importlib._bootstrap>", line 488, in _call_with_frames_removed
  File "/home/ec2-user/environment/lab4_model_training/dags/train_model_dag.py", line 35, in <module>
    train_task = PythonOperator(
                 ^^^^^^^^^^^^^^^
  File "/home/ec2-user/environment/lab4_model_training/venv/lib64/python3.12/site-packages/airflow/models/baseoperator.py", line 490, in apply_defaults
    result = func(self, **kwargs, default_args=default_args)
             ^^^^^^^^^^^^^^^^^^^^^^^^^^^^^^^^^^^^^^^^^^^^^^^
  File "/home/ec2-user/environment/lab4_model_training/venv/lib64/python3.12/site-packages/airflow/operators/python.py", line 224, in __init__
    raise AirflowException("`python_callable` param must be callable")
airflow.exceptions.AirflowException: `python_callable` param must be callable
[2026-03-28T19:33:50.979+0000] {logging_mixin.py:190} WARNING - /home/ec2-user/environment/lab4_model_training/venv/lib64/python3.12/site-packages/sklearn/linear_model/_logistic.py:469 ConvergenceWarning: lbfgs failed to converge (status=1):
STOP: TOTAL NO. OF ITERATIONS REACHED LIMIT.

Increase the number of iterations (max_iter) or scale the data as shown in:
    https://scikit-learn.org/stable/modules/preprocessing.html
Please also refer to the documentation for alternative solver options:
    https://scikit-learn.org/stable/modules/linear_model.html#logistic-regression
[2026-03-28T19:33:50.979+0000] {processor.py:927} WARNING - No viable dags retrieved from /home/ec2-user/environment/lab4_model_training/dags/train_model_dag.py
[2026-03-28T19:33:50.994+0000] {processor.py:208} INFO - Processing /home/ec2-user/environment/lab4_model_training/dags/train_model_dag.py took 1.412 seconds
[2026-03-28T19:34:21.781+0000] {processor.py:186} INFO - Started process (PID=11680) to work on /home/ec2-user/environment/lab4_model_training/dags/train_model_dag.py
[2026-03-28T19:34:21.782+0000] {processor.py:914} INFO - Processing file /home/ec2-user/environment/lab4_model_training/dags/train_model_dag.py for tasks to queue
[2026-03-28T19:34:21.783+0000] {logging_mixin.py:190} INFO - [2026-03-28T19:34:21.783+0000] {dagbag.py:588} INFO - Filling up the DagBag from /home/ec2-user/environment/lab4_model_training/dags/train_model_dag.py
[2026-03-28T19:34:23.189+0000] {logging_mixin.py:190} INFO - [2026-03-28T19:34:23.186+0000] {dagbag.py:387} ERROR - Failed to import: /home/ec2-user/environment/lab4_model_training/dags/train_model_dag.py
Traceback (most recent call last):
  File "/home/ec2-user/environment/lab4_model_training/venv/lib64/python3.12/site-packages/airflow/models/dagbag.py", line 383, in parse
    loader.exec_module(new_module)
  File "<frozen importlib._bootstrap_external>", line 999, in exec_module
  File "<frozen importlib._bootstrap>", line 488, in _call_with_frames_removed
  File "/home/ec2-user/environment/lab4_model_training/dags/train_model_dag.py", line 35, in <module>
    train_task = PythonOperator(
                 ^^^^^^^^^^^^^^^
  File "/home/ec2-user/environment/lab4_model_training/venv/lib64/python3.12/site-packages/airflow/models/baseoperator.py", line 490, in apply_defaults
    result = func(self, **kwargs, default_args=default_args)
             ^^^^^^^^^^^^^^^^^^^^^^^^^^^^^^^^^^^^^^^^^^^^^^^
  File "/home/ec2-user/environment/lab4_model_training/venv/lib64/python3.12/site-packages/airflow/operators/python.py", line 224, in __init__
    raise AirflowException("`python_callable` param must be callable")
airflow.exceptions.AirflowException: `python_callable` param must be callable
[2026-03-28T19:34:23.195+0000] {logging_mixin.py:190} WARNING - /home/ec2-user/environment/lab4_model_training/venv/lib64/python3.12/site-packages/sklearn/linear_model/_logistic.py:469 ConvergenceWarning: lbfgs failed to converge (status=1):
STOP: TOTAL NO. OF ITERATIONS REACHED LIMIT.

Increase the number of iterations (max_iter) or scale the data as shown in:
    https://scikit-learn.org/stable/modules/preprocessing.html
Please also refer to the documentation for alternative solver options:
    https://scikit-learn.org/stable/modules/linear_model.html#logistic-regression
[2026-03-28T19:34:23.195+0000] {processor.py:927} WARNING - No viable dags retrieved from /home/ec2-user/environment/lab4_model_training/dags/train_model_dag.py
[2026-03-28T19:34:23.209+0000] {processor.py:208} INFO - Processing /home/ec2-user/environment/lab4_model_training/dags/train_model_dag.py took 1.434 seconds
[2026-03-28T19:34:53.979+0000] {processor.py:186} INFO - Started process (PID=11706) to work on /home/ec2-user/environment/lab4_model_training/dags/train_model_dag.py
[2026-03-28T19:34:53.980+0000] {processor.py:914} INFO - Processing file /home/ec2-user/environment/lab4_model_training/dags/train_model_dag.py for tasks to queue
[2026-03-28T19:34:53.981+0000] {logging_mixin.py:190} INFO - [2026-03-28T19:34:53.981+0000] {dagbag.py:588} INFO - Filling up the DagBag from /home/ec2-user/environment/lab4_model_training/dags/train_model_dag.py
[2026-03-28T19:34:55.342+0000] {logging_mixin.py:190} INFO - [2026-03-28T19:34:55.340+0000] {dagbag.py:387} ERROR - Failed to import: /home/ec2-user/environment/lab4_model_training/dags/train_model_dag.py
Traceback (most recent call last):
  File "/home/ec2-user/environment/lab4_model_training/venv/lib64/python3.12/site-packages/airflow/models/dagbag.py", line 383, in parse
    loader.exec_module(new_module)
  File "<frozen importlib._bootstrap_external>", line 999, in exec_module
  File "<frozen importlib._bootstrap>", line 488, in _call_with_frames_removed
  File "/home/ec2-user/environment/lab4_model_training/dags/train_model_dag.py", line 35, in <module>
    train_task = PythonOperator(
                 ^^^^^^^^^^^^^^^
  File "/home/ec2-user/environment/lab4_model_training/venv/lib64/python3.12/site-packages/airflow/models/baseoperator.py", line 490, in apply_defaults
    result = func(self, **kwargs, default_args=default_args)
             ^^^^^^^^^^^^^^^^^^^^^^^^^^^^^^^^^^^^^^^^^^^^^^^
  File "/home/ec2-user/environment/lab4_model_training/venv/lib64/python3.12/site-packages/airflow/operators/python.py", line 224, in __init__
    raise AirflowException("`python_callable` param must be callable")
airflow.exceptions.AirflowException: `python_callable` param must be callable
[2026-03-28T19:34:55.348+0000] {logging_mixin.py:190} WARNING - /home/ec2-user/environment/lab4_model_training/venv/lib64/python3.12/site-packages/sklearn/linear_model/_logistic.py:469 ConvergenceWarning: lbfgs failed to converge (status=1):
STOP: TOTAL NO. OF ITERATIONS REACHED LIMIT.

Increase the number of iterations (max_iter) or scale the data as shown in:
    https://scikit-learn.org/stable/modules/preprocessing.html
Please also refer to the documentation for alternative solver options:
    https://scikit-learn.org/stable/modules/linear_model.html#logistic-regression
[2026-03-28T19:34:55.349+0000] {processor.py:927} WARNING - No viable dags retrieved from /home/ec2-user/environment/lab4_model_training/dags/train_model_dag.py
[2026-03-28T19:34:55.363+0000] {processor.py:208} INFO - Processing /home/ec2-user/environment/lab4_model_training/dags/train_model_dag.py took 1.389 seconds
[2026-03-28T19:35:25.421+0000] {processor.py:186} INFO - Started process (PID=11744) to work on /home/ec2-user/environment/lab4_model_training/dags/train_model_dag.py
[2026-03-28T19:35:25.422+0000] {processor.py:914} INFO - Processing file /home/ec2-user/environment/lab4_model_training/dags/train_model_dag.py for tasks to queue
[2026-03-28T19:35:25.424+0000] {logging_mixin.py:190} INFO - [2026-03-28T19:35:25.423+0000] {dagbag.py:588} INFO - Filling up the DagBag from /home/ec2-user/environment/lab4_model_training/dags/train_model_dag.py
[2026-03-28T19:35:26.816+0000] {logging_mixin.py:190} INFO - [2026-03-28T19:35:26.814+0000] {dagbag.py:387} ERROR - Failed to import: /home/ec2-user/environment/lab4_model_training/dags/train_model_dag.py
Traceback (most recent call last):
  File "/home/ec2-user/environment/lab4_model_training/venv/lib64/python3.12/site-packages/airflow/models/dagbag.py", line 383, in parse
    loader.exec_module(new_module)
  File "<frozen importlib._bootstrap_external>", line 999, in exec_module
  File "<frozen importlib._bootstrap>", line 488, in _call_with_frames_removed
  File "/home/ec2-user/environment/lab4_model_training/dags/train_model_dag.py", line 35, in <module>
    train_task = PythonOperator(
                 ^^^^^^^^^^^^^^^
  File "/home/ec2-user/environment/lab4_model_training/venv/lib64/python3.12/site-packages/airflow/models/baseoperator.py", line 490, in apply_defaults
    result = func(self, **kwargs, default_args=default_args)
             ^^^^^^^^^^^^^^^^^^^^^^^^^^^^^^^^^^^^^^^^^^^^^^^
  File "/home/ec2-user/environment/lab4_model_training/venv/lib64/python3.12/site-packages/airflow/operators/python.py", line 224, in __init__
    raise AirflowException("`python_callable` param must be callable")
airflow.exceptions.AirflowException: `python_callable` param must be callable
[2026-03-28T19:35:26.823+0000] {logging_mixin.py:190} WARNING - /home/ec2-user/environment/lab4_model_training/venv/lib64/python3.12/site-packages/sklearn/linear_model/_logistic.py:469 ConvergenceWarning: lbfgs failed to converge (status=1):
STOP: TOTAL NO. OF ITERATIONS REACHED LIMIT.

Increase the number of iterations (max_iter) or scale the data as shown in:
    https://scikit-learn.org/stable/modules/preprocessing.html
Please also refer to the documentation for alternative solver options:
    https://scikit-learn.org/stable/modules/linear_model.html#logistic-regression
[2026-03-28T19:35:26.823+0000] {processor.py:927} WARNING - No viable dags retrieved from /home/ec2-user/environment/lab4_model_training/dags/train_model_dag.py
[2026-03-28T19:35:26.838+0000] {processor.py:208} INFO - Processing /home/ec2-user/environment/lab4_model_training/dags/train_model_dag.py took 1.422 seconds
[2026-03-28T19:35:57.715+0000] {processor.py:186} INFO - Started process (PID=11824) to work on /home/ec2-user/environment/lab4_model_training/dags/train_model_dag.py
[2026-03-28T19:35:57.716+0000] {processor.py:914} INFO - Processing file /home/ec2-user/environment/lab4_model_training/dags/train_model_dag.py for tasks to queue
[2026-03-28T19:35:57.717+0000] {logging_mixin.py:190} INFO - [2026-03-28T19:35:57.716+0000] {dagbag.py:588} INFO - Filling up the DagBag from /home/ec2-user/environment/lab4_model_training/dags/train_model_dag.py
[2026-03-28T19:35:59.078+0000] {logging_mixin.py:190} INFO - [2026-03-28T19:35:59.075+0000] {dagbag.py:387} ERROR - Failed to import: /home/ec2-user/environment/lab4_model_training/dags/train_model_dag.py
Traceback (most recent call last):
  File "/home/ec2-user/environment/lab4_model_training/venv/lib64/python3.12/site-packages/airflow/models/dagbag.py", line 383, in parse
    loader.exec_module(new_module)
  File "<frozen importlib._bootstrap_external>", line 999, in exec_module
  File "<frozen importlib._bootstrap>", line 488, in _call_with_frames_removed
  File "/home/ec2-user/environment/lab4_model_training/dags/train_model_dag.py", line 35, in <module>
    train_task = PythonOperator(
                 ^^^^^^^^^^^^^^^
  File "/home/ec2-user/environment/lab4_model_training/venv/lib64/python3.12/site-packages/airflow/models/baseoperator.py", line 490, in apply_defaults
    result = func(self, **kwargs, default_args=default_args)
             ^^^^^^^^^^^^^^^^^^^^^^^^^^^^^^^^^^^^^^^^^^^^^^^
  File "/home/ec2-user/environment/lab4_model_training/venv/lib64/python3.12/site-packages/airflow/operators/python.py", line 224, in __init__
    raise AirflowException("`python_callable` param must be callable")
airflow.exceptions.AirflowException: `python_callable` param must be callable
[2026-03-28T19:35:59.084+0000] {logging_mixin.py:190} WARNING - /home/ec2-user/environment/lab4_model_training/venv/lib64/python3.12/site-packages/sklearn/linear_model/_logistic.py:469 ConvergenceWarning: lbfgs failed to converge (status=1):
STOP: TOTAL NO. OF ITERATIONS REACHED LIMIT.

Increase the number of iterations (max_iter) or scale the data as shown in:
    https://scikit-learn.org/stable/modules/preprocessing.html
Please also refer to the documentation for alternative solver options:
    https://scikit-learn.org/stable/modules/linear_model.html#logistic-regression
[2026-03-28T19:35:59.084+0000] {processor.py:927} WARNING - No viable dags retrieved from /home/ec2-user/environment/lab4_model_training/dags/train_model_dag.py
[2026-03-28T19:35:59.098+0000] {processor.py:208} INFO - Processing /home/ec2-user/environment/lab4_model_training/dags/train_model_dag.py took 1.388 seconds
[2026-03-28T19:36:29.798+0000] {processor.py:186} INFO - Started process (PID=11862) to work on /home/ec2-user/environment/lab4_model_training/dags/train_model_dag.py
[2026-03-28T19:36:29.799+0000] {processor.py:914} INFO - Processing file /home/ec2-user/environment/lab4_model_training/dags/train_model_dag.py for tasks to queue
[2026-03-28T19:36:29.801+0000] {logging_mixin.py:190} INFO - [2026-03-28T19:36:29.800+0000] {dagbag.py:588} INFO - Filling up the DagBag from /home/ec2-user/environment/lab4_model_training/dags/train_model_dag.py
[2026-03-28T19:36:31.192+0000] {logging_mixin.py:190} INFO - [2026-03-28T19:36:31.190+0000] {dagbag.py:387} ERROR - Failed to import: /home/ec2-user/environment/lab4_model_training/dags/train_model_dag.py
Traceback (most recent call last):
  File "/home/ec2-user/environment/lab4_model_training/venv/lib64/python3.12/site-packages/airflow/models/dagbag.py", line 383, in parse
    loader.exec_module(new_module)
  File "<frozen importlib._bootstrap_external>", line 999, in exec_module
  File "<frozen importlib._bootstrap>", line 488, in _call_with_frames_removed
  File "/home/ec2-user/environment/lab4_model_training/dags/train_model_dag.py", line 35, in <module>
    train_task = PythonOperator(
                 ^^^^^^^^^^^^^^^
  File "/home/ec2-user/environment/lab4_model_training/venv/lib64/python3.12/site-packages/airflow/models/baseoperator.py", line 490, in apply_defaults
    result = func(self, **kwargs, default_args=default_args)
             ^^^^^^^^^^^^^^^^^^^^^^^^^^^^^^^^^^^^^^^^^^^^^^^
  File "/home/ec2-user/environment/lab4_model_training/venv/lib64/python3.12/site-packages/airflow/operators/python.py", line 224, in __init__
    raise AirflowException("`python_callable` param must be callable")
airflow.exceptions.AirflowException: `python_callable` param must be callable
[2026-03-28T19:36:31.198+0000] {logging_mixin.py:190} WARNING - /home/ec2-user/environment/lab4_model_training/venv/lib64/python3.12/site-packages/sklearn/linear_model/_logistic.py:469 ConvergenceWarning: lbfgs failed to converge (status=1):
STOP: TOTAL NO. OF ITERATIONS REACHED LIMIT.

Increase the number of iterations (max_iter) or scale the data as shown in:
    https://scikit-learn.org/stable/modules/preprocessing.html
Please also refer to the documentation for alternative solver options:
    https://scikit-learn.org/stable/modules/linear_model.html#logistic-regression
[2026-03-28T19:36:31.199+0000] {processor.py:927} WARNING - No viable dags retrieved from /home/ec2-user/environment/lab4_model_training/dags/train_model_dag.py
[2026-03-28T19:36:31.213+0000] {processor.py:208} INFO - Processing /home/ec2-user/environment/lab4_model_training/dags/train_model_dag.py took 1.420 seconds
[2026-03-28T19:37:01.981+0000] {processor.py:186} INFO - Started process (PID=11904) to work on /home/ec2-user/environment/lab4_model_training/dags/train_model_dag.py
[2026-03-28T19:37:01.983+0000] {processor.py:914} INFO - Processing file /home/ec2-user/environment/lab4_model_training/dags/train_model_dag.py for tasks to queue
[2026-03-28T19:37:01.984+0000] {logging_mixin.py:190} INFO - [2026-03-28T19:37:01.983+0000] {dagbag.py:588} INFO - Filling up the DagBag from /home/ec2-user/environment/lab4_model_training/dags/train_model_dag.py
[2026-03-28T19:37:03.341+0000] {logging_mixin.py:190} INFO - [2026-03-28T19:37:03.339+0000] {dagbag.py:387} ERROR - Failed to import: /home/ec2-user/environment/lab4_model_training/dags/train_model_dag.py
Traceback (most recent call last):
  File "/home/ec2-user/environment/lab4_model_training/venv/lib64/python3.12/site-packages/airflow/models/dagbag.py", line 383, in parse
    loader.exec_module(new_module)
  File "<frozen importlib._bootstrap_external>", line 999, in exec_module
  File "<frozen importlib._bootstrap>", line 488, in _call_with_frames_removed
  File "/home/ec2-user/environment/lab4_model_training/dags/train_model_dag.py", line 35, in <module>
    train_task = PythonOperator(
                 ^^^^^^^^^^^^^^^
  File "/home/ec2-user/environment/lab4_model_training/venv/lib64/python3.12/site-packages/airflow/models/baseoperator.py", line 490, in apply_defaults
    result = func(self, **kwargs, default_args=default_args)
             ^^^^^^^^^^^^^^^^^^^^^^^^^^^^^^^^^^^^^^^^^^^^^^^
  File "/home/ec2-user/environment/lab4_model_training/venv/lib64/python3.12/site-packages/airflow/operators/python.py", line 224, in __init__
    raise AirflowException("`python_callable` param must be callable")
airflow.exceptions.AirflowException: `python_callable` param must be callable
[2026-03-28T19:37:03.347+0000] {logging_mixin.py:190} WARNING - /home/ec2-user/environment/lab4_model_training/venv/lib64/python3.12/site-packages/sklearn/linear_model/_logistic.py:469 ConvergenceWarning: lbfgs failed to converge (status=1):
STOP: TOTAL NO. OF ITERATIONS REACHED LIMIT.

Increase the number of iterations (max_iter) or scale the data as shown in:
    https://scikit-learn.org/stable/modules/preprocessing.html
Please also refer to the documentation for alternative solver options:
    https://scikit-learn.org/stable/modules/linear_model.html#logistic-regression
[2026-03-28T19:37:03.347+0000] {processor.py:927} WARNING - No viable dags retrieved from /home/ec2-user/environment/lab4_model_training/dags/train_model_dag.py
[2026-03-28T19:37:03.362+0000] {processor.py:208} INFO - Processing /home/ec2-user/environment/lab4_model_training/dags/train_model_dag.py took 1.386 seconds
[2026-03-28T19:37:33.481+0000] {processor.py:186} INFO - Started process (PID=11987) to work on /home/ec2-user/environment/lab4_model_training/dags/train_model_dag.py
[2026-03-28T19:37:33.482+0000] {processor.py:914} INFO - Processing file /home/ec2-user/environment/lab4_model_training/dags/train_model_dag.py for tasks to queue
[2026-03-28T19:37:33.483+0000] {logging_mixin.py:190} INFO - [2026-03-28T19:37:33.482+0000] {dagbag.py:588} INFO - Filling up the DagBag from /home/ec2-user/environment/lab4_model_training/dags/train_model_dag.py
[2026-03-28T19:37:35.555+0000] {logging_mixin.py:190} INFO - [2026-03-28T19:37:35.553+0000] {dagbag.py:387} ERROR - Failed to import: /home/ec2-user/environment/lab4_model_training/dags/train_model_dag.py
Traceback (most recent call last):
  File "/home/ec2-user/environment/lab4_model_training/venv/lib64/python3.12/site-packages/airflow/models/dagbag.py", line 383, in parse
    loader.exec_module(new_module)
  File "<frozen importlib._bootstrap_external>", line 999, in exec_module
  File "<frozen importlib._bootstrap>", line 488, in _call_with_frames_removed
  File "/home/ec2-user/environment/lab4_model_training/dags/train_model_dag.py", line 35, in <module>
    train_task = PythonOperator(
                 ^^^^^^^^^^^^^^^
  File "/home/ec2-user/environment/lab4_model_training/venv/lib64/python3.12/site-packages/airflow/models/baseoperator.py", line 490, in apply_defaults
    result = func(self, **kwargs, default_args=default_args)
             ^^^^^^^^^^^^^^^^^^^^^^^^^^^^^^^^^^^^^^^^^^^^^^^
  File "/home/ec2-user/environment/lab4_model_training/venv/lib64/python3.12/site-packages/airflow/operators/python.py", line 224, in __init__
    raise AirflowException("`python_callable` param must be callable")
airflow.exceptions.AirflowException: `python_callable` param must be callable
[2026-03-28T19:37:35.561+0000] {logging_mixin.py:190} WARNING - /home/ec2-user/environment/lab4_model_training/venv/lib64/python3.12/site-packages/sklearn/linear_model/_logistic.py:469 ConvergenceWarning: lbfgs failed to converge (status=1):
STOP: TOTAL NO. OF ITERATIONS REACHED LIMIT.

Increase the number of iterations (max_iter) or scale the data as shown in:
    https://scikit-learn.org/stable/modules/preprocessing.html
Please also refer to the documentation for alternative solver options:
    https://scikit-learn.org/stable/modules/linear_model.html#logistic-regression
[2026-03-28T19:37:35.561+0000] {processor.py:927} WARNING - No viable dags retrieved from /home/ec2-user/environment/lab4_model_training/dags/train_model_dag.py
[2026-03-28T19:37:35.576+0000] {processor.py:208} INFO - Processing /home/ec2-user/environment/lab4_model_training/dags/train_model_dag.py took 2.101 seconds
[2026-03-28T19:38:05.695+0000] {processor.py:186} INFO - Started process (PID=12029) to work on /home/ec2-user/environment/lab4_model_training/dags/train_model_dag.py
[2026-03-28T19:38:05.696+0000] {processor.py:914} INFO - Processing file /home/ec2-user/environment/lab4_model_training/dags/train_model_dag.py for tasks to queue
[2026-03-28T19:38:05.696+0000] {logging_mixin.py:190} INFO - [2026-03-28T19:38:05.696+0000] {dagbag.py:588} INFO - Filling up the DagBag from /home/ec2-user/environment/lab4_model_training/dags/train_model_dag.py
[2026-03-28T19:38:07.107+0000] {logging_mixin.py:190} INFO - [2026-03-28T19:38:07.104+0000] {dagbag.py:387} ERROR - Failed to import: /home/ec2-user/environment/lab4_model_training/dags/train_model_dag.py
Traceback (most recent call last):
  File "/home/ec2-user/environment/lab4_model_training/venv/lib64/python3.12/site-packages/airflow/models/dagbag.py", line 383, in parse
    loader.exec_module(new_module)
  File "<frozen importlib._bootstrap_external>", line 999, in exec_module
  File "<frozen importlib._bootstrap>", line 488, in _call_with_frames_removed
  File "/home/ec2-user/environment/lab4_model_training/dags/train_model_dag.py", line 35, in <module>
    train_task = PythonOperator(
                 ^^^^^^^^^^^^^^^
  File "/home/ec2-user/environment/lab4_model_training/venv/lib64/python3.12/site-packages/airflow/models/baseoperator.py", line 490, in apply_defaults
    result = func(self, **kwargs, default_args=default_args)
             ^^^^^^^^^^^^^^^^^^^^^^^^^^^^^^^^^^^^^^^^^^^^^^^
  File "/home/ec2-user/environment/lab4_model_training/venv/lib64/python3.12/site-packages/airflow/operators/python.py", line 224, in __init__
    raise AirflowException("`python_callable` param must be callable")
airflow.exceptions.AirflowException: `python_callable` param must be callable
[2026-03-28T19:38:07.113+0000] {logging_mixin.py:190} WARNING - /home/ec2-user/environment/lab4_model_training/venv/lib64/python3.12/site-packages/sklearn/linear_model/_logistic.py:469 ConvergenceWarning: lbfgs failed to converge (status=1):
STOP: TOTAL NO. OF ITERATIONS REACHED LIMIT.

Increase the number of iterations (max_iter) or scale the data as shown in:
    https://scikit-learn.org/stable/modules/preprocessing.html
Please also refer to the documentation for alternative solver options:
    https://scikit-learn.org/stable/modules/linear_model.html#logistic-regression
[2026-03-28T19:38:07.113+0000] {processor.py:927} WARNING - No viable dags retrieved from /home/ec2-user/environment/lab4_model_training/dags/train_model_dag.py
[2026-03-28T19:38:07.132+0000] {processor.py:208} INFO - Processing /home/ec2-user/environment/lab4_model_training/dags/train_model_dag.py took 1.442 seconds
[2026-03-28T19:38:37.743+0000] {processor.py:186} INFO - Started process (PID=12074) to work on /home/ec2-user/environment/lab4_model_training/dags/train_model_dag.py
[2026-03-28T19:38:37.744+0000] {processor.py:914} INFO - Processing file /home/ec2-user/environment/lab4_model_training/dags/train_model_dag.py for tasks to queue
[2026-03-28T19:38:37.745+0000] {logging_mixin.py:190} INFO - [2026-03-28T19:38:37.745+0000] {dagbag.py:588} INFO - Filling up the DagBag from /home/ec2-user/environment/lab4_model_training/dags/train_model_dag.py
[2026-03-28T19:38:39.098+0000] {logging_mixin.py:190} INFO - [2026-03-28T19:38:39.096+0000] {dagbag.py:387} ERROR - Failed to import: /home/ec2-user/environment/lab4_model_training/dags/train_model_dag.py
Traceback (most recent call last):
  File "/home/ec2-user/environment/lab4_model_training/venv/lib64/python3.12/site-packages/airflow/models/dagbag.py", line 383, in parse
    loader.exec_module(new_module)
  File "<frozen importlib._bootstrap_external>", line 999, in exec_module
  File "<frozen importlib._bootstrap>", line 488, in _call_with_frames_removed
  File "/home/ec2-user/environment/lab4_model_training/dags/train_model_dag.py", line 35, in <module>
    train_task = PythonOperator(
                 ^^^^^^^^^^^^^^^
  File "/home/ec2-user/environment/lab4_model_training/venv/lib64/python3.12/site-packages/airflow/models/baseoperator.py", line 490, in apply_defaults
    result = func(self, **kwargs, default_args=default_args)
             ^^^^^^^^^^^^^^^^^^^^^^^^^^^^^^^^^^^^^^^^^^^^^^^
  File "/home/ec2-user/environment/lab4_model_training/venv/lib64/python3.12/site-packages/airflow/operators/python.py", line 224, in __init__
    raise AirflowException("`python_callable` param must be callable")
airflow.exceptions.AirflowException: `python_callable` param must be callable
[2026-03-28T19:38:39.105+0000] {logging_mixin.py:190} WARNING - /home/ec2-user/environment/lab4_model_training/venv/lib64/python3.12/site-packages/sklearn/linear_model/_logistic.py:469 ConvergenceWarning: lbfgs failed to converge (status=1):
STOP: TOTAL NO. OF ITERATIONS REACHED LIMIT.

Increase the number of iterations (max_iter) or scale the data as shown in:
    https://scikit-learn.org/stable/modules/preprocessing.html
Please also refer to the documentation for alternative solver options:
    https://scikit-learn.org/stable/modules/linear_model.html#logistic-regression
[2026-03-28T19:38:39.106+0000] {processor.py:927} WARNING - No viable dags retrieved from /home/ec2-user/environment/lab4_model_training/dags/train_model_dag.py
[2026-03-28T19:38:39.120+0000] {processor.py:208} INFO - Processing /home/ec2-user/environment/lab4_model_training/dags/train_model_dag.py took 1.382 seconds
[2026-03-28T19:39:10.556+0000] {processor.py:186} INFO - Started process (PID=12127) to work on /home/ec2-user/environment/lab4_model_training/dags/train_model_dag.py
[2026-03-28T19:39:10.558+0000] {processor.py:914} INFO - Processing file /home/ec2-user/environment/lab4_model_training/dags/train_model_dag.py for tasks to queue
[2026-03-28T19:39:10.559+0000] {logging_mixin.py:190} INFO - [2026-03-28T19:39:10.558+0000] {dagbag.py:588} INFO - Filling up the DagBag from /home/ec2-user/environment/lab4_model_training/dags/train_model_dag.py
[2026-03-28T19:39:11.926+0000] {logging_mixin.py:190} INFO - [2026-03-28T19:39:11.924+0000] {dagbag.py:387} ERROR - Failed to import: /home/ec2-user/environment/lab4_model_training/dags/train_model_dag.py
Traceback (most recent call last):
  File "/home/ec2-user/environment/lab4_model_training/venv/lib64/python3.12/site-packages/airflow/models/dagbag.py", line 383, in parse
    loader.exec_module(new_module)
  File "<frozen importlib._bootstrap_external>", line 999, in exec_module
  File "<frozen importlib._bootstrap>", line 488, in _call_with_frames_removed
  File "/home/ec2-user/environment/lab4_model_training/dags/train_model_dag.py", line 35, in <module>
    train_task = PythonOperator(
                 ^^^^^^^^^^^^^^^
  File "/home/ec2-user/environment/lab4_model_training/venv/lib64/python3.12/site-packages/airflow/models/baseoperator.py", line 490, in apply_defaults
    result = func(self, **kwargs, default_args=default_args)
             ^^^^^^^^^^^^^^^^^^^^^^^^^^^^^^^^^^^^^^^^^^^^^^^
  File "/home/ec2-user/environment/lab4_model_training/venv/lib64/python3.12/site-packages/airflow/operators/python.py", line 224, in __init__
    raise AirflowException("`python_callable` param must be callable")
airflow.exceptions.AirflowException: `python_callable` param must be callable
[2026-03-28T19:39:11.933+0000] {logging_mixin.py:190} WARNING - /home/ec2-user/environment/lab4_model_training/venv/lib64/python3.12/site-packages/sklearn/linear_model/_logistic.py:469 ConvergenceWarning: lbfgs failed to converge (status=1):
STOP: TOTAL NO. OF ITERATIONS REACHED LIMIT.

Increase the number of iterations (max_iter) or scale the data as shown in:
    https://scikit-learn.org/stable/modules/preprocessing.html
Please also refer to the documentation for alternative solver options:
    https://scikit-learn.org/stable/modules/linear_model.html#logistic-regression
[2026-03-28T19:39:11.934+0000] {processor.py:927} WARNING - No viable dags retrieved from /home/ec2-user/environment/lab4_model_training/dags/train_model_dag.py
[2026-03-28T19:39:11.947+0000] {processor.py:208} INFO - Processing /home/ec2-user/environment/lab4_model_training/dags/train_model_dag.py took 1.396 seconds
[2026-03-28T19:39:42.031+0000] {processor.py:186} INFO - Started process (PID=12209) to work on /home/ec2-user/environment/lab4_model_training/dags/train_model_dag.py
[2026-03-28T19:39:42.032+0000] {processor.py:914} INFO - Processing file /home/ec2-user/environment/lab4_model_training/dags/train_model_dag.py for tasks to queue
[2026-03-28T19:39:42.033+0000] {logging_mixin.py:190} INFO - [2026-03-28T19:39:42.033+0000] {dagbag.py:588} INFO - Filling up the DagBag from /home/ec2-user/environment/lab4_model_training/dags/train_model_dag.py
[2026-03-28T19:39:43.424+0000] {logging_mixin.py:190} INFO - [2026-03-28T19:39:43.422+0000] {dagbag.py:387} ERROR - Failed to import: /home/ec2-user/environment/lab4_model_training/dags/train_model_dag.py
Traceback (most recent call last):
  File "/home/ec2-user/environment/lab4_model_training/venv/lib64/python3.12/site-packages/airflow/models/dagbag.py", line 383, in parse
    loader.exec_module(new_module)
  File "<frozen importlib._bootstrap_external>", line 999, in exec_module
  File "<frozen importlib._bootstrap>", line 488, in _call_with_frames_removed
  File "/home/ec2-user/environment/lab4_model_training/dags/train_model_dag.py", line 35, in <module>
    train_task = PythonOperator(
                 ^^^^^^^^^^^^^^^
  File "/home/ec2-user/environment/lab4_model_training/venv/lib64/python3.12/site-packages/airflow/models/baseoperator.py", line 490, in apply_defaults
    result = func(self, **kwargs, default_args=default_args)
             ^^^^^^^^^^^^^^^^^^^^^^^^^^^^^^^^^^^^^^^^^^^^^^^
  File "/home/ec2-user/environment/lab4_model_training/venv/lib64/python3.12/site-packages/airflow/operators/python.py", line 224, in __init__
    raise AirflowException("`python_callable` param must be callable")
airflow.exceptions.AirflowException: `python_callable` param must be callable
[2026-03-28T19:39:43.430+0000] {logging_mixin.py:190} WARNING - /home/ec2-user/environment/lab4_model_training/venv/lib64/python3.12/site-packages/sklearn/linear_model/_logistic.py:469 ConvergenceWarning: lbfgs failed to converge (status=1):
STOP: TOTAL NO. OF ITERATIONS REACHED LIMIT.

Increase the number of iterations (max_iter) or scale the data as shown in:
    https://scikit-learn.org/stable/modules/preprocessing.html
Please also refer to the documentation for alternative solver options:
    https://scikit-learn.org/stable/modules/linear_model.html#logistic-regression
[2026-03-28T19:39:43.431+0000] {processor.py:927} WARNING - No viable dags retrieved from /home/ec2-user/environment/lab4_model_training/dags/train_model_dag.py
[2026-03-28T19:39:43.446+0000] {processor.py:208} INFO - Processing /home/ec2-user/environment/lab4_model_training/dags/train_model_dag.py took 1.420 seconds
[2026-03-28T19:40:13.612+0000] {processor.py:186} INFO - Started process (PID=12249) to work on /home/ec2-user/environment/lab4_model_training/dags/train_model_dag.py
[2026-03-28T19:40:13.614+0000] {processor.py:914} INFO - Processing file /home/ec2-user/environment/lab4_model_training/dags/train_model_dag.py for tasks to queue
[2026-03-28T19:40:13.615+0000] {logging_mixin.py:190} INFO - [2026-03-28T19:40:13.614+0000] {dagbag.py:588} INFO - Filling up the DagBag from /home/ec2-user/environment/lab4_model_training/dags/train_model_dag.py
[2026-03-28T19:40:14.973+0000] {logging_mixin.py:190} INFO - [2026-03-28T19:40:14.971+0000] {dagbag.py:387} ERROR - Failed to import: /home/ec2-user/environment/lab4_model_training/dags/train_model_dag.py
Traceback (most recent call last):
  File "/home/ec2-user/environment/lab4_model_training/venv/lib64/python3.12/site-packages/airflow/models/dagbag.py", line 383, in parse
    loader.exec_module(new_module)
  File "<frozen importlib._bootstrap_external>", line 999, in exec_module
  File "<frozen importlib._bootstrap>", line 488, in _call_with_frames_removed
  File "/home/ec2-user/environment/lab4_model_training/dags/train_model_dag.py", line 35, in <module>
    train_task = PythonOperator(
                 ^^^^^^^^^^^^^^^
  File "/home/ec2-user/environment/lab4_model_training/venv/lib64/python3.12/site-packages/airflow/models/baseoperator.py", line 490, in apply_defaults
    result = func(self, **kwargs, default_args=default_args)
             ^^^^^^^^^^^^^^^^^^^^^^^^^^^^^^^^^^^^^^^^^^^^^^^
  File "/home/ec2-user/environment/lab4_model_training/venv/lib64/python3.12/site-packages/airflow/operators/python.py", line 224, in __init__
    raise AirflowException("`python_callable` param must be callable")
airflow.exceptions.AirflowException: `python_callable` param must be callable
[2026-03-28T19:40:14.979+0000] {logging_mixin.py:190} WARNING - /home/ec2-user/environment/lab4_model_training/venv/lib64/python3.12/site-packages/sklearn/linear_model/_logistic.py:469 ConvergenceWarning: lbfgs failed to converge (status=1):
STOP: TOTAL NO. OF ITERATIONS REACHED LIMIT.

Increase the number of iterations (max_iter) or scale the data as shown in:
    https://scikit-learn.org/stable/modules/preprocessing.html
Please also refer to the documentation for alternative solver options:
    https://scikit-learn.org/stable/modules/linear_model.html#logistic-regression
[2026-03-28T19:40:14.980+0000] {processor.py:927} WARNING - No viable dags retrieved from /home/ec2-user/environment/lab4_model_training/dags/train_model_dag.py
[2026-03-28T19:40:14.994+0000] {processor.py:208} INFO - Processing /home/ec2-user/environment/lab4_model_training/dags/train_model_dag.py took 1.389 seconds
[2026-03-28T19:40:45.728+0000] {processor.py:186} INFO - Started process (PID=12284) to work on /home/ec2-user/environment/lab4_model_training/dags/train_model_dag.py
[2026-03-28T19:40:45.730+0000] {processor.py:914} INFO - Processing file /home/ec2-user/environment/lab4_model_training/dags/train_model_dag.py for tasks to queue
[2026-03-28T19:40:45.731+0000] {logging_mixin.py:190} INFO - [2026-03-28T19:40:45.730+0000] {dagbag.py:588} INFO - Filling up the DagBag from /home/ec2-user/environment/lab4_model_training/dags/train_model_dag.py
[2026-03-28T19:40:47.097+0000] {logging_mixin.py:190} INFO - [2026-03-28T19:40:47.095+0000] {dagbag.py:387} ERROR - Failed to import: /home/ec2-user/environment/lab4_model_training/dags/train_model_dag.py
Traceback (most recent call last):
  File "/home/ec2-user/environment/lab4_model_training/venv/lib64/python3.12/site-packages/airflow/models/dagbag.py", line 383, in parse
    loader.exec_module(new_module)
  File "<frozen importlib._bootstrap_external>", line 999, in exec_module
  File "<frozen importlib._bootstrap>", line 488, in _call_with_frames_removed
  File "/home/ec2-user/environment/lab4_model_training/dags/train_model_dag.py", line 35, in <module>
    train_task = PythonOperator(
                 ^^^^^^^^^^^^^^^
  File "/home/ec2-user/environment/lab4_model_training/venv/lib64/python3.12/site-packages/airflow/models/baseoperator.py", line 490, in apply_defaults
    result = func(self, **kwargs, default_args=default_args)
             ^^^^^^^^^^^^^^^^^^^^^^^^^^^^^^^^^^^^^^^^^^^^^^^
  File "/home/ec2-user/environment/lab4_model_training/venv/lib64/python3.12/site-packages/airflow/operators/python.py", line 224, in __init__
    raise AirflowException("`python_callable` param must be callable")
airflow.exceptions.AirflowException: `python_callable` param must be callable
[2026-03-28T19:40:47.103+0000] {logging_mixin.py:190} WARNING - /home/ec2-user/environment/lab4_model_training/venv/lib64/python3.12/site-packages/sklearn/linear_model/_logistic.py:469 ConvergenceWarning: lbfgs failed to converge (status=1):
STOP: TOTAL NO. OF ITERATIONS REACHED LIMIT.

Increase the number of iterations (max_iter) or scale the data as shown in:
    https://scikit-learn.org/stable/modules/preprocessing.html
Please also refer to the documentation for alternative solver options:
    https://scikit-learn.org/stable/modules/linear_model.html#logistic-regression
[2026-03-28T19:40:47.104+0000] {processor.py:927} WARNING - No viable dags retrieved from /home/ec2-user/environment/lab4_model_training/dags/train_model_dag.py
[2026-03-28T19:40:47.118+0000] {processor.py:208} INFO - Processing /home/ec2-user/environment/lab4_model_training/dags/train_model_dag.py took 1.394 seconds
[2026-03-28T19:41:17.208+0000] {processor.py:186} INFO - Started process (PID=12328) to work on /home/ec2-user/environment/lab4_model_training/dags/train_model_dag.py
[2026-03-28T19:41:17.209+0000] {processor.py:914} INFO - Processing file /home/ec2-user/environment/lab4_model_training/dags/train_model_dag.py for tasks to queue
[2026-03-28T19:41:17.210+0000] {logging_mixin.py:190} INFO - [2026-03-28T19:41:17.209+0000] {dagbag.py:588} INFO - Filling up the DagBag from /home/ec2-user/environment/lab4_model_training/dags/train_model_dag.py
[2026-03-28T19:41:18.577+0000] {logging_mixin.py:190} INFO - [2026-03-28T19:41:18.575+0000] {dagbag.py:387} ERROR - Failed to import: /home/ec2-user/environment/lab4_model_training/dags/train_model_dag.py
Traceback (most recent call last):
  File "/home/ec2-user/environment/lab4_model_training/venv/lib64/python3.12/site-packages/airflow/models/dagbag.py", line 383, in parse
    loader.exec_module(new_module)
  File "<frozen importlib._bootstrap_external>", line 999, in exec_module
  File "<frozen importlib._bootstrap>", line 488, in _call_with_frames_removed
  File "/home/ec2-user/environment/lab4_model_training/dags/train_model_dag.py", line 35, in <module>
    train_task = PythonOperator(
                 ^^^^^^^^^^^^^^^
  File "/home/ec2-user/environment/lab4_model_training/venv/lib64/python3.12/site-packages/airflow/models/baseoperator.py", line 490, in apply_defaults
    result = func(self, **kwargs, default_args=default_args)
             ^^^^^^^^^^^^^^^^^^^^^^^^^^^^^^^^^^^^^^^^^^^^^^^
  File "/home/ec2-user/environment/lab4_model_training/venv/lib64/python3.12/site-packages/airflow/operators/python.py", line 224, in __init__
    raise AirflowException("`python_callable` param must be callable")
airflow.exceptions.AirflowException: `python_callable` param must be callable
[2026-03-28T19:41:18.592+0000] {logging_mixin.py:190} WARNING - /home/ec2-user/environment/lab4_model_training/venv/lib64/python3.12/site-packages/sklearn/linear_model/_logistic.py:469 ConvergenceWarning: lbfgs failed to converge (status=1):
STOP: TOTAL NO. OF ITERATIONS REACHED LIMIT.

Increase the number of iterations (max_iter) or scale the data as shown in:
    https://scikit-learn.org/stable/modules/preprocessing.html
Please also refer to the documentation for alternative solver options:
    https://scikit-learn.org/stable/modules/linear_model.html#logistic-regression
[2026-03-28T19:41:18.592+0000] {processor.py:927} WARNING - No viable dags retrieved from /home/ec2-user/environment/lab4_model_training/dags/train_model_dag.py
[2026-03-28T19:41:18.607+0000] {processor.py:208} INFO - Processing /home/ec2-user/environment/lab4_model_training/dags/train_model_dag.py took 1.404 seconds
[2026-03-28T19:41:48.774+0000] {processor.py:186} INFO - Started process (PID=12421) to work on /home/ec2-user/environment/lab4_model_training/dags/train_model_dag.py
[2026-03-28T19:41:48.775+0000] {processor.py:914} INFO - Processing file /home/ec2-user/environment/lab4_model_training/dags/train_model_dag.py for tasks to queue
[2026-03-28T19:41:48.777+0000] {logging_mixin.py:190} INFO - [2026-03-28T19:41:48.776+0000] {dagbag.py:588} INFO - Filling up the DagBag from /home/ec2-user/environment/lab4_model_training/dags/train_model_dag.py
[2026-03-28T19:41:50.164+0000] {logging_mixin.py:190} INFO - [2026-03-28T19:41:50.162+0000] {dagbag.py:387} ERROR - Failed to import: /home/ec2-user/environment/lab4_model_training/dags/train_model_dag.py
Traceback (most recent call last):
  File "/home/ec2-user/environment/lab4_model_training/venv/lib64/python3.12/site-packages/airflow/models/dagbag.py", line 383, in parse
    loader.exec_module(new_module)
  File "<frozen importlib._bootstrap_external>", line 999, in exec_module
  File "<frozen importlib._bootstrap>", line 488, in _call_with_frames_removed
  File "/home/ec2-user/environment/lab4_model_training/dags/train_model_dag.py", line 35, in <module>
    train_task = PythonOperator(
                 ^^^^^^^^^^^^^^^
  File "/home/ec2-user/environment/lab4_model_training/venv/lib64/python3.12/site-packages/airflow/models/baseoperator.py", line 490, in apply_defaults
    result = func(self, **kwargs, default_args=default_args)
             ^^^^^^^^^^^^^^^^^^^^^^^^^^^^^^^^^^^^^^^^^^^^^^^
  File "/home/ec2-user/environment/lab4_model_training/venv/lib64/python3.12/site-packages/airflow/operators/python.py", line 224, in __init__
    raise AirflowException("`python_callable` param must be callable")
airflow.exceptions.AirflowException: `python_callable` param must be callable
[2026-03-28T19:41:50.171+0000] {logging_mixin.py:190} WARNING - /home/ec2-user/environment/lab4_model_training/venv/lib64/python3.12/site-packages/sklearn/linear_model/_logistic.py:469 ConvergenceWarning: lbfgs failed to converge (status=1):
STOP: TOTAL NO. OF ITERATIONS REACHED LIMIT.

Increase the number of iterations (max_iter) or scale the data as shown in:
    https://scikit-learn.org/stable/modules/preprocessing.html
Please also refer to the documentation for alternative solver options:
    https://scikit-learn.org/stable/modules/linear_model.html#logistic-regression
[2026-03-28T19:41:50.171+0000] {processor.py:927} WARNING - No viable dags retrieved from /home/ec2-user/environment/lab4_model_training/dags/train_model_dag.py
[2026-03-28T19:41:50.186+0000] {processor.py:208} INFO - Processing /home/ec2-user/environment/lab4_model_training/dags/train_model_dag.py took 1.416 seconds
[2026-03-28T19:42:20.340+0000] {processor.py:186} INFO - Started process (PID=12463) to work on /home/ec2-user/environment/lab4_model_training/dags/train_model_dag.py
[2026-03-28T19:42:20.341+0000] {processor.py:914} INFO - Processing file /home/ec2-user/environment/lab4_model_training/dags/train_model_dag.py for tasks to queue
[2026-03-28T19:42:20.342+0000] {logging_mixin.py:190} INFO - [2026-03-28T19:42:20.341+0000] {dagbag.py:588} INFO - Filling up the DagBag from /home/ec2-user/environment/lab4_model_training/dags/train_model_dag.py
[2026-03-28T19:42:21.716+0000] {logging_mixin.py:190} INFO - [2026-03-28T19:42:21.714+0000] {dagbag.py:387} ERROR - Failed to import: /home/ec2-user/environment/lab4_model_training/dags/train_model_dag.py
Traceback (most recent call last):
  File "/home/ec2-user/environment/lab4_model_training/venv/lib64/python3.12/site-packages/airflow/models/dagbag.py", line 383, in parse
    loader.exec_module(new_module)
  File "<frozen importlib._bootstrap_external>", line 999, in exec_module
  File "<frozen importlib._bootstrap>", line 488, in _call_with_frames_removed
  File "/home/ec2-user/environment/lab4_model_training/dags/train_model_dag.py", line 35, in <module>
    train_task = PythonOperator(
                 ^^^^^^^^^^^^^^^
  File "/home/ec2-user/environment/lab4_model_training/venv/lib64/python3.12/site-packages/airflow/models/baseoperator.py", line 490, in apply_defaults
    result = func(self, **kwargs, default_args=default_args)
             ^^^^^^^^^^^^^^^^^^^^^^^^^^^^^^^^^^^^^^^^^^^^^^^
  File "/home/ec2-user/environment/lab4_model_training/venv/lib64/python3.12/site-packages/airflow/operators/python.py", line 224, in __init__
    raise AirflowException("`python_callable` param must be callable")
airflow.exceptions.AirflowException: `python_callable` param must be callable
[2026-03-28T19:42:21.722+0000] {logging_mixin.py:190} WARNING - /home/ec2-user/environment/lab4_model_training/venv/lib64/python3.12/site-packages/sklearn/linear_model/_logistic.py:469 ConvergenceWarning: lbfgs failed to converge (status=1):
STOP: TOTAL NO. OF ITERATIONS REACHED LIMIT.

Increase the number of iterations (max_iter) or scale the data as shown in:
    https://scikit-learn.org/stable/modules/preprocessing.html
Please also refer to the documentation for alternative solver options:
    https://scikit-learn.org/stable/modules/linear_model.html#logistic-regression
[2026-03-28T19:42:21.722+0000] {processor.py:927} WARNING - No viable dags retrieved from /home/ec2-user/environment/lab4_model_training/dags/train_model_dag.py
[2026-03-28T19:42:21.737+0000] {processor.py:208} INFO - Processing /home/ec2-user/environment/lab4_model_training/dags/train_model_dag.py took 1.402 seconds
[2026-03-28T19:42:51.905+0000] {processor.py:186} INFO - Started process (PID=12485) to work on /home/ec2-user/environment/lab4_model_training/dags/train_model_dag.py
[2026-03-28T19:42:51.906+0000] {processor.py:914} INFO - Processing file /home/ec2-user/environment/lab4_model_training/dags/train_model_dag.py for tasks to queue
[2026-03-28T19:42:51.907+0000] {logging_mixin.py:190} INFO - [2026-03-28T19:42:51.907+0000] {dagbag.py:588} INFO - Filling up the DagBag from /home/ec2-user/environment/lab4_model_training/dags/train_model_dag.py
[2026-03-28T19:42:53.265+0000] {logging_mixin.py:190} INFO - [2026-03-28T19:42:53.263+0000] {dagbag.py:387} ERROR - Failed to import: /home/ec2-user/environment/lab4_model_training/dags/train_model_dag.py
Traceback (most recent call last):
  File "/home/ec2-user/environment/lab4_model_training/venv/lib64/python3.12/site-packages/airflow/models/dagbag.py", line 383, in parse
    loader.exec_module(new_module)
  File "<frozen importlib._bootstrap_external>", line 999, in exec_module
  File "<frozen importlib._bootstrap>", line 488, in _call_with_frames_removed
  File "/home/ec2-user/environment/lab4_model_training/dags/train_model_dag.py", line 35, in <module>
    train_task = PythonOperator(
                 ^^^^^^^^^^^^^^^
  File "/home/ec2-user/environment/lab4_model_training/venv/lib64/python3.12/site-packages/airflow/models/baseoperator.py", line 490, in apply_defaults
    result = func(self, **kwargs, default_args=default_args)
             ^^^^^^^^^^^^^^^^^^^^^^^^^^^^^^^^^^^^^^^^^^^^^^^
  File "/home/ec2-user/environment/lab4_model_training/venv/lib64/python3.12/site-packages/airflow/operators/python.py", line 224, in __init__
    raise AirflowException("`python_callable` param must be callable")
airflow.exceptions.AirflowException: `python_callable` param must be callable
[2026-03-28T19:42:53.271+0000] {logging_mixin.py:190} WARNING - /home/ec2-user/environment/lab4_model_training/venv/lib64/python3.12/site-packages/sklearn/linear_model/_logistic.py:469 ConvergenceWarning: lbfgs failed to converge (status=1):
STOP: TOTAL NO. OF ITERATIONS REACHED LIMIT.

Increase the number of iterations (max_iter) or scale the data as shown in:
    https://scikit-learn.org/stable/modules/preprocessing.html
Please also refer to the documentation for alternative solver options:
    https://scikit-learn.org/stable/modules/linear_model.html#logistic-regression
[2026-03-28T19:42:53.271+0000] {processor.py:927} WARNING - No viable dags retrieved from /home/ec2-user/environment/lab4_model_training/dags/train_model_dag.py
[2026-03-28T19:42:53.286+0000] {processor.py:208} INFO - Processing /home/ec2-user/environment/lab4_model_training/dags/train_model_dag.py took 1.385 seconds
[2026-03-28T19:43:23.371+0000] {processor.py:186} INFO - Started process (PID=12509) to work on /home/ec2-user/environment/lab4_model_training/dags/train_model_dag.py
[2026-03-28T19:43:23.372+0000] {processor.py:914} INFO - Processing file /home/ec2-user/environment/lab4_model_training/dags/train_model_dag.py for tasks to queue
[2026-03-28T19:43:23.373+0000] {logging_mixin.py:190} INFO - [2026-03-28T19:43:23.372+0000] {dagbag.py:588} INFO - Filling up the DagBag from /home/ec2-user/environment/lab4_model_training/dags/train_model_dag.py
[2026-03-28T19:43:24.745+0000] {logging_mixin.py:190} INFO - [2026-03-28T19:43:24.743+0000] {dagbag.py:387} ERROR - Failed to import: /home/ec2-user/environment/lab4_model_training/dags/train_model_dag.py
Traceback (most recent call last):
  File "/home/ec2-user/environment/lab4_model_training/venv/lib64/python3.12/site-packages/airflow/models/dagbag.py", line 383, in parse
    loader.exec_module(new_module)
  File "<frozen importlib._bootstrap_external>", line 999, in exec_module
  File "<frozen importlib._bootstrap>", line 488, in _call_with_frames_removed
  File "/home/ec2-user/environment/lab4_model_training/dags/train_model_dag.py", line 35, in <module>
    train_task = PythonOperator(
                 ^^^^^^^^^^^^^^^
  File "/home/ec2-user/environment/lab4_model_training/venv/lib64/python3.12/site-packages/airflow/models/baseoperator.py", line 490, in apply_defaults
    result = func(self, **kwargs, default_args=default_args)
             ^^^^^^^^^^^^^^^^^^^^^^^^^^^^^^^^^^^^^^^^^^^^^^^
  File "/home/ec2-user/environment/lab4_model_training/venv/lib64/python3.12/site-packages/airflow/operators/python.py", line 224, in __init__
    raise AirflowException("`python_callable` param must be callable")
airflow.exceptions.AirflowException: `python_callable` param must be callable
[2026-03-28T19:43:24.751+0000] {logging_mixin.py:190} WARNING - /home/ec2-user/environment/lab4_model_training/venv/lib64/python3.12/site-packages/sklearn/linear_model/_logistic.py:469 ConvergenceWarning: lbfgs failed to converge (status=1):
STOP: TOTAL NO. OF ITERATIONS REACHED LIMIT.

Increase the number of iterations (max_iter) or scale the data as shown in:
    https://scikit-learn.org/stable/modules/preprocessing.html
Please also refer to the documentation for alternative solver options:
    https://scikit-learn.org/stable/modules/linear_model.html#logistic-regression
[2026-03-28T19:43:24.751+0000] {processor.py:927} WARNING - No viable dags retrieved from /home/ec2-user/environment/lab4_model_training/dags/train_model_dag.py
[2026-03-28T19:43:24.766+0000] {processor.py:208} INFO - Processing /home/ec2-user/environment/lab4_model_training/dags/train_model_dag.py took 1.400 seconds
[2026-03-28T19:43:54.848+0000] {processor.py:186} INFO - Started process (PID=12582) to work on /home/ec2-user/environment/lab4_model_training/dags/train_model_dag.py
[2026-03-28T19:43:54.849+0000] {processor.py:914} INFO - Processing file /home/ec2-user/environment/lab4_model_training/dags/train_model_dag.py for tasks to queue
[2026-03-28T19:43:54.850+0000] {logging_mixin.py:190} INFO - [2026-03-28T19:43:54.850+0000] {dagbag.py:588} INFO - Filling up the DagBag from /home/ec2-user/environment/lab4_model_training/dags/train_model_dag.py
[2026-03-28T19:43:56.215+0000] {logging_mixin.py:190} INFO - [2026-03-28T19:43:56.212+0000] {dagbag.py:387} ERROR - Failed to import: /home/ec2-user/environment/lab4_model_training/dags/train_model_dag.py
Traceback (most recent call last):
  File "/home/ec2-user/environment/lab4_model_training/venv/lib64/python3.12/site-packages/airflow/models/dagbag.py", line 383, in parse
    loader.exec_module(new_module)
  File "<frozen importlib._bootstrap_external>", line 999, in exec_module
  File "<frozen importlib._bootstrap>", line 488, in _call_with_frames_removed
  File "/home/ec2-user/environment/lab4_model_training/dags/train_model_dag.py", line 35, in <module>
    train_task = PythonOperator(
                 ^^^^^^^^^^^^^^^
  File "/home/ec2-user/environment/lab4_model_training/venv/lib64/python3.12/site-packages/airflow/models/baseoperator.py", line 490, in apply_defaults
    result = func(self, **kwargs, default_args=default_args)
             ^^^^^^^^^^^^^^^^^^^^^^^^^^^^^^^^^^^^^^^^^^^^^^^
  File "/home/ec2-user/environment/lab4_model_training/venv/lib64/python3.12/site-packages/airflow/operators/python.py", line 224, in __init__
    raise AirflowException("`python_callable` param must be callable")
airflow.exceptions.AirflowException: `python_callable` param must be callable
[2026-03-28T19:43:56.222+0000] {logging_mixin.py:190} WARNING - /home/ec2-user/environment/lab4_model_training/venv/lib64/python3.12/site-packages/sklearn/linear_model/_logistic.py:469 ConvergenceWarning: lbfgs failed to converge (status=1):
STOP: TOTAL NO. OF ITERATIONS REACHED LIMIT.

Increase the number of iterations (max_iter) or scale the data as shown in:
    https://scikit-learn.org/stable/modules/preprocessing.html
Please also refer to the documentation for alternative solver options:
    https://scikit-learn.org/stable/modules/linear_model.html#logistic-regression
[2026-03-28T19:43:56.223+0000] {processor.py:927} WARNING - No viable dags retrieved from /home/ec2-user/environment/lab4_model_training/dags/train_model_dag.py
[2026-03-28T19:43:56.237+0000] {processor.py:208} INFO - Processing /home/ec2-user/environment/lab4_model_training/dags/train_model_dag.py took 1.394 seconds
[2026-03-28T19:44:26.329+0000] {processor.py:186} INFO - Started process (PID=12631) to work on /home/ec2-user/environment/lab4_model_training/dags/train_model_dag.py
[2026-03-28T19:44:26.330+0000] {processor.py:914} INFO - Processing file /home/ec2-user/environment/lab4_model_training/dags/train_model_dag.py for tasks to queue
[2026-03-28T19:44:26.331+0000] {logging_mixin.py:190} INFO - [2026-03-28T19:44:26.331+0000] {dagbag.py:588} INFO - Filling up the DagBag from /home/ec2-user/environment/lab4_model_training/dags/train_model_dag.py
[2026-03-28T19:44:27.925+0000] {logging_mixin.py:190} INFO - [2026-03-28T19:44:27.923+0000] {dagbag.py:387} ERROR - Failed to import: /home/ec2-user/environment/lab4_model_training/dags/train_model_dag.py
Traceback (most recent call last):
  File "/home/ec2-user/environment/lab4_model_training/venv/lib64/python3.12/site-packages/airflow/models/dagbag.py", line 383, in parse
    loader.exec_module(new_module)
  File "<frozen importlib._bootstrap_external>", line 999, in exec_module
  File "<frozen importlib._bootstrap>", line 488, in _call_with_frames_removed
  File "/home/ec2-user/environment/lab4_model_training/dags/train_model_dag.py", line 35, in <module>
    train_task = PythonOperator(
                 ^^^^^^^^^^^^^^^
  File "/home/ec2-user/environment/lab4_model_training/venv/lib64/python3.12/site-packages/airflow/models/baseoperator.py", line 490, in apply_defaults
    result = func(self, **kwargs, default_args=default_args)
             ^^^^^^^^^^^^^^^^^^^^^^^^^^^^^^^^^^^^^^^^^^^^^^^
  File "/home/ec2-user/environment/lab4_model_training/venv/lib64/python3.12/site-packages/airflow/operators/python.py", line 224, in __init__
    raise AirflowException("`python_callable` param must be callable")
airflow.exceptions.AirflowException: `python_callable` param must be callable
[2026-03-28T19:44:27.932+0000] {logging_mixin.py:190} WARNING - /home/ec2-user/environment/lab4_model_training/venv/lib64/python3.12/site-packages/sklearn/linear_model/_logistic.py:469 ConvergenceWarning: lbfgs failed to converge (status=1):
STOP: TOTAL NO. OF ITERATIONS REACHED LIMIT.

Increase the number of iterations (max_iter) or scale the data as shown in:
    https://scikit-learn.org/stable/modules/preprocessing.html
Please also refer to the documentation for alternative solver options:
    https://scikit-learn.org/stable/modules/linear_model.html#logistic-regression
[2026-03-28T19:44:27.932+0000] {processor.py:927} WARNING - No viable dags retrieved from /home/ec2-user/environment/lab4_model_training/dags/train_model_dag.py
[2026-03-28T19:44:27.946+0000] {processor.py:208} INFO - Processing /home/ec2-user/environment/lab4_model_training/dags/train_model_dag.py took 1.624 seconds
[2026-03-28T19:44:58.098+0000] {processor.py:186} INFO - Started process (PID=12669) to work on /home/ec2-user/environment/lab4_model_training/dags/train_model_dag.py
[2026-03-28T19:44:58.100+0000] {processor.py:914} INFO - Processing file /home/ec2-user/environment/lab4_model_training/dags/train_model_dag.py for tasks to queue
[2026-03-28T19:44:58.101+0000] {logging_mixin.py:190} INFO - [2026-03-28T19:44:58.101+0000] {dagbag.py:588} INFO - Filling up the DagBag from /home/ec2-user/environment/lab4_model_training/dags/train_model_dag.py
[2026-03-28T19:44:59.861+0000] {logging_mixin.py:190} INFO - [2026-03-28T19:44:59.858+0000] {dagbag.py:387} ERROR - Failed to import: /home/ec2-user/environment/lab4_model_training/dags/train_model_dag.py
Traceback (most recent call last):
  File "/home/ec2-user/environment/lab4_model_training/venv/lib64/python3.12/site-packages/airflow/models/dagbag.py", line 383, in parse
    loader.exec_module(new_module)
  File "<frozen importlib._bootstrap_external>", line 999, in exec_module
  File "<frozen importlib._bootstrap>", line 488, in _call_with_frames_removed
  File "/home/ec2-user/environment/lab4_model_training/dags/train_model_dag.py", line 35, in <module>
    train_task = PythonOperator(
                 ^^^^^^^^^^^^^^^
  File "/home/ec2-user/environment/lab4_model_training/venv/lib64/python3.12/site-packages/airflow/models/baseoperator.py", line 490, in apply_defaults
    result = func(self, **kwargs, default_args=default_args)
             ^^^^^^^^^^^^^^^^^^^^^^^^^^^^^^^^^^^^^^^^^^^^^^^
  File "/home/ec2-user/environment/lab4_model_training/venv/lib64/python3.12/site-packages/airflow/operators/python.py", line 224, in __init__
    raise AirflowException("`python_callable` param must be callable")
airflow.exceptions.AirflowException: `python_callable` param must be callable
[2026-03-28T19:44:59.867+0000] {logging_mixin.py:190} WARNING - /home/ec2-user/environment/lab4_model_training/venv/lib64/python3.12/site-packages/sklearn/linear_model/_logistic.py:469 ConvergenceWarning: lbfgs failed to converge (status=1):
STOP: TOTAL NO. OF ITERATIONS REACHED LIMIT.

Increase the number of iterations (max_iter) or scale the data as shown in:
    https://scikit-learn.org/stable/modules/preprocessing.html
Please also refer to the documentation for alternative solver options:
    https://scikit-learn.org/stable/modules/linear_model.html#logistic-regression
[2026-03-28T19:44:59.867+0000] {processor.py:927} WARNING - No viable dags retrieved from /home/ec2-user/environment/lab4_model_training/dags/train_model_dag.py
[2026-03-28T19:44:59.883+0000] {processor.py:208} INFO - Processing /home/ec2-user/environment/lab4_model_training/dags/train_model_dag.py took 1.791 seconds
[2026-03-28T19:45:29.973+0000] {processor.py:186} INFO - Started process (PID=12715) to work on /home/ec2-user/environment/lab4_model_training/dags/train_model_dag.py
[2026-03-28T19:45:29.974+0000] {processor.py:914} INFO - Processing file /home/ec2-user/environment/lab4_model_training/dags/train_model_dag.py for tasks to queue
[2026-03-28T19:45:29.975+0000] {logging_mixin.py:190} INFO - [2026-03-28T19:45:29.975+0000] {dagbag.py:588} INFO - Filling up the DagBag from /home/ec2-user/environment/lab4_model_training/dags/train_model_dag.py
[2026-03-28T19:45:31.355+0000] {logging_mixin.py:190} INFO - [2026-03-28T19:45:31.353+0000] {dagbag.py:387} ERROR - Failed to import: /home/ec2-user/environment/lab4_model_training/dags/train_model_dag.py
Traceback (most recent call last):
  File "/home/ec2-user/environment/lab4_model_training/venv/lib64/python3.12/site-packages/airflow/models/dagbag.py", line 383, in parse
    loader.exec_module(new_module)
  File "<frozen importlib._bootstrap_external>", line 999, in exec_module
  File "<frozen importlib._bootstrap>", line 488, in _call_with_frames_removed
  File "/home/ec2-user/environment/lab4_model_training/dags/train_model_dag.py", line 35, in <module>
    train_task = PythonOperator(
                 ^^^^^^^^^^^^^^^
  File "/home/ec2-user/environment/lab4_model_training/venv/lib64/python3.12/site-packages/airflow/models/baseoperator.py", line 490, in apply_defaults
    result = func(self, **kwargs, default_args=default_args)
             ^^^^^^^^^^^^^^^^^^^^^^^^^^^^^^^^^^^^^^^^^^^^^^^
  File "/home/ec2-user/environment/lab4_model_training/venv/lib64/python3.12/site-packages/airflow/operators/python.py", line 224, in __init__
    raise AirflowException("`python_callable` param must be callable")
airflow.exceptions.AirflowException: `python_callable` param must be callable
[2026-03-28T19:45:31.362+0000] {logging_mixin.py:190} WARNING - /home/ec2-user/environment/lab4_model_training/venv/lib64/python3.12/site-packages/sklearn/linear_model/_logistic.py:469 ConvergenceWarning: lbfgs failed to converge (status=1):
STOP: TOTAL NO. OF ITERATIONS REACHED LIMIT.

Increase the number of iterations (max_iter) or scale the data as shown in:
    https://scikit-learn.org/stable/modules/preprocessing.html
Please also refer to the documentation for alternative solver options:
    https://scikit-learn.org/stable/modules/linear_model.html#logistic-regression
[2026-03-28T19:45:31.362+0000] {processor.py:927} WARNING - No viable dags retrieved from /home/ec2-user/environment/lab4_model_training/dags/train_model_dag.py
[2026-03-28T19:45:31.379+0000] {processor.py:208} INFO - Processing /home/ec2-user/environment/lab4_model_training/dags/train_model_dag.py took 1.411 seconds
[2026-03-28T19:46:01.544+0000] {processor.py:186} INFO - Started process (PID=12810) to work on /home/ec2-user/environment/lab4_model_training/dags/train_model_dag.py
[2026-03-28T19:46:01.545+0000] {processor.py:914} INFO - Processing file /home/ec2-user/environment/lab4_model_training/dags/train_model_dag.py for tasks to queue
[2026-03-28T19:46:01.546+0000] {logging_mixin.py:190} INFO - [2026-03-28T19:46:01.546+0000] {dagbag.py:588} INFO - Filling up the DagBag from /home/ec2-user/environment/lab4_model_training/dags/train_model_dag.py
[2026-03-28T19:46:02.942+0000] {logging_mixin.py:190} INFO - [2026-03-28T19:46:02.940+0000] {dagbag.py:387} ERROR - Failed to import: /home/ec2-user/environment/lab4_model_training/dags/train_model_dag.py
Traceback (most recent call last):
  File "/home/ec2-user/environment/lab4_model_training/venv/lib64/python3.12/site-packages/airflow/models/dagbag.py", line 383, in parse
    loader.exec_module(new_module)
  File "<frozen importlib._bootstrap_external>", line 999, in exec_module
  File "<frozen importlib._bootstrap>", line 488, in _call_with_frames_removed
  File "/home/ec2-user/environment/lab4_model_training/dags/train_model_dag.py", line 35, in <module>
    train_task = PythonOperator(
                 ^^^^^^^^^^^^^^^
  File "/home/ec2-user/environment/lab4_model_training/venv/lib64/python3.12/site-packages/airflow/models/baseoperator.py", line 490, in apply_defaults
    result = func(self, **kwargs, default_args=default_args)
             ^^^^^^^^^^^^^^^^^^^^^^^^^^^^^^^^^^^^^^^^^^^^^^^
  File "/home/ec2-user/environment/lab4_model_training/venv/lib64/python3.12/site-packages/airflow/operators/python.py", line 224, in __init__
    raise AirflowException("`python_callable` param must be callable")
airflow.exceptions.AirflowException: `python_callable` param must be callable
[2026-03-28T19:46:02.949+0000] {logging_mixin.py:190} WARNING - /home/ec2-user/environment/lab4_model_training/venv/lib64/python3.12/site-packages/sklearn/linear_model/_logistic.py:469 ConvergenceWarning: lbfgs failed to converge (status=1):
STOP: TOTAL NO. OF ITERATIONS REACHED LIMIT.

Increase the number of iterations (max_iter) or scale the data as shown in:
    https://scikit-learn.org/stable/modules/preprocessing.html
Please also refer to the documentation for alternative solver options:
    https://scikit-learn.org/stable/modules/linear_model.html#logistic-regression
[2026-03-28T19:46:02.949+0000] {processor.py:927} WARNING - No viable dags retrieved from /home/ec2-user/environment/lab4_model_training/dags/train_model_dag.py
[2026-03-28T19:46:02.964+0000] {processor.py:208} INFO - Processing /home/ec2-user/environment/lab4_model_training/dags/train_model_dag.py took 1.425 seconds
[2026-03-28T19:46:33.110+0000] {processor.py:186} INFO - Started process (PID=12846) to work on /home/ec2-user/environment/lab4_model_training/dags/train_model_dag.py
[2026-03-28T19:46:33.111+0000] {processor.py:914} INFO - Processing file /home/ec2-user/environment/lab4_model_training/dags/train_model_dag.py for tasks to queue
[2026-03-28T19:46:33.112+0000] {logging_mixin.py:190} INFO - [2026-03-28T19:46:33.112+0000] {dagbag.py:588} INFO - Filling up the DagBag from /home/ec2-user/environment/lab4_model_training/dags/train_model_dag.py
[2026-03-28T19:46:34.462+0000] {logging_mixin.py:190} INFO - [2026-03-28T19:46:34.460+0000] {dagbag.py:387} ERROR - Failed to import: /home/ec2-user/environment/lab4_model_training/dags/train_model_dag.py
Traceback (most recent call last):
  File "/home/ec2-user/environment/lab4_model_training/venv/lib64/python3.12/site-packages/airflow/models/dagbag.py", line 383, in parse
    loader.exec_module(new_module)
  File "<frozen importlib._bootstrap_external>", line 999, in exec_module
  File "<frozen importlib._bootstrap>", line 488, in _call_with_frames_removed
  File "/home/ec2-user/environment/lab4_model_training/dags/train_model_dag.py", line 35, in <module>
    train_task = PythonOperator(
                 ^^^^^^^^^^^^^^^
  File "/home/ec2-user/environment/lab4_model_training/venv/lib64/python3.12/site-packages/airflow/models/baseoperator.py", line 490, in apply_defaults
    result = func(self, **kwargs, default_args=default_args)
             ^^^^^^^^^^^^^^^^^^^^^^^^^^^^^^^^^^^^^^^^^^^^^^^
  File "/home/ec2-user/environment/lab4_model_training/venv/lib64/python3.12/site-packages/airflow/operators/python.py", line 224, in __init__
    raise AirflowException("`python_callable` param must be callable")
airflow.exceptions.AirflowException: `python_callable` param must be callable
[2026-03-28T19:46:34.469+0000] {logging_mixin.py:190} WARNING - /home/ec2-user/environment/lab4_model_training/venv/lib64/python3.12/site-packages/sklearn/linear_model/_logistic.py:469 ConvergenceWarning: lbfgs failed to converge (status=1):
STOP: TOTAL NO. OF ITERATIONS REACHED LIMIT.

Increase the number of iterations (max_iter) or scale the data as shown in:
    https://scikit-learn.org/stable/modules/preprocessing.html
Please also refer to the documentation for alternative solver options:
    https://scikit-learn.org/stable/modules/linear_model.html#logistic-regression
[2026-03-28T19:46:34.469+0000] {processor.py:927} WARNING - No viable dags retrieved from /home/ec2-user/environment/lab4_model_training/dags/train_model_dag.py
[2026-03-28T19:46:34.484+0000] {processor.py:208} INFO - Processing /home/ec2-user/environment/lab4_model_training/dags/train_model_dag.py took 1.379 seconds
[2026-03-28T19:47:04.577+0000] {processor.py:186} INFO - Started process (PID=12885) to work on /home/ec2-user/environment/lab4_model_training/dags/train_model_dag.py
[2026-03-28T19:47:04.578+0000] {processor.py:914} INFO - Processing file /home/ec2-user/environment/lab4_model_training/dags/train_model_dag.py for tasks to queue
[2026-03-28T19:47:04.579+0000] {logging_mixin.py:190} INFO - [2026-03-28T19:47:04.578+0000] {dagbag.py:588} INFO - Filling up the DagBag from /home/ec2-user/environment/lab4_model_training/dags/train_model_dag.py
[2026-03-28T19:47:05.979+0000] {logging_mixin.py:190} INFO - [2026-03-28T19:47:05.976+0000] {dagbag.py:387} ERROR - Failed to import: /home/ec2-user/environment/lab4_model_training/dags/train_model_dag.py
Traceback (most recent call last):
  File "/home/ec2-user/environment/lab4_model_training/venv/lib64/python3.12/site-packages/airflow/models/dagbag.py", line 383, in parse
    loader.exec_module(new_module)
  File "<frozen importlib._bootstrap_external>", line 999, in exec_module
  File "<frozen importlib._bootstrap>", line 488, in _call_with_frames_removed
  File "/home/ec2-user/environment/lab4_model_training/dags/train_model_dag.py", line 35, in <module>
    train_task = PythonOperator(
                 ^^^^^^^^^^^^^^^
  File "/home/ec2-user/environment/lab4_model_training/venv/lib64/python3.12/site-packages/airflow/models/baseoperator.py", line 490, in apply_defaults
    result = func(self, **kwargs, default_args=default_args)
             ^^^^^^^^^^^^^^^^^^^^^^^^^^^^^^^^^^^^^^^^^^^^^^^
  File "/home/ec2-user/environment/lab4_model_training/venv/lib64/python3.12/site-packages/airflow/operators/python.py", line 224, in __init__
    raise AirflowException("`python_callable` param must be callable")
airflow.exceptions.AirflowException: `python_callable` param must be callable
[2026-03-28T19:47:05.985+0000] {logging_mixin.py:190} WARNING - /home/ec2-user/environment/lab4_model_training/venv/lib64/python3.12/site-packages/sklearn/linear_model/_logistic.py:469 ConvergenceWarning: lbfgs failed to converge (status=1):
STOP: TOTAL NO. OF ITERATIONS REACHED LIMIT.

Increase the number of iterations (max_iter) or scale the data as shown in:
    https://scikit-learn.org/stable/modules/preprocessing.html
Please also refer to the documentation for alternative solver options:
    https://scikit-learn.org/stable/modules/linear_model.html#logistic-regression
[2026-03-28T19:47:05.985+0000] {processor.py:927} WARNING - No viable dags retrieved from /home/ec2-user/environment/lab4_model_training/dags/train_model_dag.py
[2026-03-28T19:47:06.000+0000] {processor.py:208} INFO - Processing /home/ec2-user/environment/lab4_model_training/dags/train_model_dag.py took 1.429 seconds
[2026-03-28T19:47:36.144+0000] {processor.py:186} INFO - Started process (PID=12961) to work on /home/ec2-user/environment/lab4_model_training/dags/train_model_dag.py
[2026-03-28T19:47:36.145+0000] {processor.py:914} INFO - Processing file /home/ec2-user/environment/lab4_model_training/dags/train_model_dag.py for tasks to queue
[2026-03-28T19:47:36.146+0000] {logging_mixin.py:190} INFO - [2026-03-28T19:47:36.146+0000] {dagbag.py:588} INFO - Filling up the DagBag from /home/ec2-user/environment/lab4_model_training/dags/train_model_dag.py
[2026-03-28T19:47:37.517+0000] {logging_mixin.py:190} INFO - [2026-03-28T19:47:37.515+0000] {dagbag.py:387} ERROR - Failed to import: /home/ec2-user/environment/lab4_model_training/dags/train_model_dag.py
Traceback (most recent call last):
  File "/home/ec2-user/environment/lab4_model_training/venv/lib64/python3.12/site-packages/airflow/models/dagbag.py", line 383, in parse
    loader.exec_module(new_module)
  File "<frozen importlib._bootstrap_external>", line 999, in exec_module
  File "<frozen importlib._bootstrap>", line 488, in _call_with_frames_removed
  File "/home/ec2-user/environment/lab4_model_training/dags/train_model_dag.py", line 35, in <module>
    train_task = PythonOperator(
                 ^^^^^^^^^^^^^^^
  File "/home/ec2-user/environment/lab4_model_training/venv/lib64/python3.12/site-packages/airflow/models/baseoperator.py", line 490, in apply_defaults
    result = func(self, **kwargs, default_args=default_args)
             ^^^^^^^^^^^^^^^^^^^^^^^^^^^^^^^^^^^^^^^^^^^^^^^
  File "/home/ec2-user/environment/lab4_model_training/venv/lib64/python3.12/site-packages/airflow/operators/python.py", line 224, in __init__
    raise AirflowException("`python_callable` param must be callable")
airflow.exceptions.AirflowException: `python_callable` param must be callable
[2026-03-28T19:47:37.523+0000] {logging_mixin.py:190} WARNING - /home/ec2-user/environment/lab4_model_training/venv/lib64/python3.12/site-packages/sklearn/linear_model/_logistic.py:469 ConvergenceWarning: lbfgs failed to converge (status=1):
STOP: TOTAL NO. OF ITERATIONS REACHED LIMIT.

Increase the number of iterations (max_iter) or scale the data as shown in:
    https://scikit-learn.org/stable/modules/preprocessing.html
Please also refer to the documentation for alternative solver options:
    https://scikit-learn.org/stable/modules/linear_model.html#logistic-regression
[2026-03-28T19:47:37.523+0000] {processor.py:927} WARNING - No viable dags retrieved from /home/ec2-user/environment/lab4_model_training/dags/train_model_dag.py
[2026-03-28T19:47:37.538+0000] {processor.py:208} INFO - Processing /home/ec2-user/environment/lab4_model_training/dags/train_model_dag.py took 1.399 seconds
[2026-03-28T19:48:07.622+0000] {processor.py:186} INFO - Started process (PID=12999) to work on /home/ec2-user/environment/lab4_model_training/dags/train_model_dag.py
[2026-03-28T19:48:07.623+0000] {processor.py:914} INFO - Processing file /home/ec2-user/environment/lab4_model_training/dags/train_model_dag.py for tasks to queue
[2026-03-28T19:48:07.624+0000] {logging_mixin.py:190} INFO - [2026-03-28T19:48:07.624+0000] {dagbag.py:588} INFO - Filling up the DagBag from /home/ec2-user/environment/lab4_model_training/dags/train_model_dag.py
[2026-03-28T19:48:08.996+0000] {logging_mixin.py:190} INFO - [2026-03-28T19:48:08.993+0000] {dagbag.py:387} ERROR - Failed to import: /home/ec2-user/environment/lab4_model_training/dags/train_model_dag.py
Traceback (most recent call last):
  File "/home/ec2-user/environment/lab4_model_training/venv/lib64/python3.12/site-packages/airflow/models/dagbag.py", line 383, in parse
    loader.exec_module(new_module)
  File "<frozen importlib._bootstrap_external>", line 999, in exec_module
  File "<frozen importlib._bootstrap>", line 488, in _call_with_frames_removed
  File "/home/ec2-user/environment/lab4_model_training/dags/train_model_dag.py", line 35, in <module>
    train_task = PythonOperator(
                 ^^^^^^^^^^^^^^^
  File "/home/ec2-user/environment/lab4_model_training/venv/lib64/python3.12/site-packages/airflow/models/baseoperator.py", line 490, in apply_defaults
    result = func(self, **kwargs, default_args=default_args)
             ^^^^^^^^^^^^^^^^^^^^^^^^^^^^^^^^^^^^^^^^^^^^^^^
  File "/home/ec2-user/environment/lab4_model_training/venv/lib64/python3.12/site-packages/airflow/operators/python.py", line 224, in __init__
    raise AirflowException("`python_callable` param must be callable")
airflow.exceptions.AirflowException: `python_callable` param must be callable
[2026-03-28T19:48:09.003+0000] {logging_mixin.py:190} WARNING - /home/ec2-user/environment/lab4_model_training/venv/lib64/python3.12/site-packages/sklearn/linear_model/_logistic.py:469 ConvergenceWarning: lbfgs failed to converge (status=1):
STOP: TOTAL NO. OF ITERATIONS REACHED LIMIT.

Increase the number of iterations (max_iter) or scale the data as shown in:
    https://scikit-learn.org/stable/modules/preprocessing.html
Please also refer to the documentation for alternative solver options:
    https://scikit-learn.org/stable/modules/linear_model.html#logistic-regression
[2026-03-28T19:48:09.004+0000] {processor.py:927} WARNING - No viable dags retrieved from /home/ec2-user/environment/lab4_model_training/dags/train_model_dag.py
[2026-03-28T19:48:09.019+0000] {processor.py:208} INFO - Processing /home/ec2-user/environment/lab4_model_training/dags/train_model_dag.py took 1.402 seconds
[2026-03-28T19:48:39.189+0000] {processor.py:186} INFO - Started process (PID=13025) to work on /home/ec2-user/environment/lab4_model_training/dags/train_model_dag.py
[2026-03-28T19:48:39.189+0000] {processor.py:914} INFO - Processing file /home/ec2-user/environment/lab4_model_training/dags/train_model_dag.py for tasks to queue
[2026-03-28T19:48:39.190+0000] {logging_mixin.py:190} INFO - [2026-03-28T19:48:39.190+0000] {dagbag.py:588} INFO - Filling up the DagBag from /home/ec2-user/environment/lab4_model_training/dags/train_model_dag.py
[2026-03-28T19:48:40.569+0000] {logging_mixin.py:190} INFO - [2026-03-28T19:48:40.567+0000] {dagbag.py:387} ERROR - Failed to import: /home/ec2-user/environment/lab4_model_training/dags/train_model_dag.py
Traceback (most recent call last):
  File "/home/ec2-user/environment/lab4_model_training/venv/lib64/python3.12/site-packages/airflow/models/dagbag.py", line 383, in parse
    loader.exec_module(new_module)
  File "<frozen importlib._bootstrap_external>", line 999, in exec_module
  File "<frozen importlib._bootstrap>", line 488, in _call_with_frames_removed
  File "/home/ec2-user/environment/lab4_model_training/dags/train_model_dag.py", line 35, in <module>
    train_task = PythonOperator(
                 ^^^^^^^^^^^^^^^
  File "/home/ec2-user/environment/lab4_model_training/venv/lib64/python3.12/site-packages/airflow/models/baseoperator.py", line 490, in apply_defaults
    result = func(self, **kwargs, default_args=default_args)
             ^^^^^^^^^^^^^^^^^^^^^^^^^^^^^^^^^^^^^^^^^^^^^^^
  File "/home/ec2-user/environment/lab4_model_training/venv/lib64/python3.12/site-packages/airflow/operators/python.py", line 224, in __init__
    raise AirflowException("`python_callable` param must be callable")
airflow.exceptions.AirflowException: `python_callable` param must be callable
[2026-03-28T19:48:40.577+0000] {logging_mixin.py:190} WARNING - /home/ec2-user/environment/lab4_model_training/venv/lib64/python3.12/site-packages/sklearn/linear_model/_logistic.py:469 ConvergenceWarning: lbfgs failed to converge (status=1):
STOP: TOTAL NO. OF ITERATIONS REACHED LIMIT.

Increase the number of iterations (max_iter) or scale the data as shown in:
    https://scikit-learn.org/stable/modules/preprocessing.html
Please also refer to the documentation for alternative solver options:
    https://scikit-learn.org/stable/modules/linear_model.html#logistic-regression
[2026-03-28T19:48:40.577+0000] {processor.py:927} WARNING - No viable dags retrieved from /home/ec2-user/environment/lab4_model_training/dags/train_model_dag.py
[2026-03-28T19:48:40.592+0000] {processor.py:208} INFO - Processing /home/ec2-user/environment/lab4_model_training/dags/train_model_dag.py took 1.408 seconds
[2026-03-28T19:49:10.756+0000] {processor.py:186} INFO - Started process (PID=13134) to work on /home/ec2-user/environment/lab4_model_training/dags/train_model_dag.py
[2026-03-28T19:49:10.758+0000] {processor.py:914} INFO - Processing file /home/ec2-user/environment/lab4_model_training/dags/train_model_dag.py for tasks to queue
[2026-03-28T19:49:10.759+0000] {logging_mixin.py:190} INFO - [2026-03-28T19:49:10.758+0000] {dagbag.py:588} INFO - Filling up the DagBag from /home/ec2-user/environment/lab4_model_training/dags/train_model_dag.py
[2026-03-28T19:49:12.156+0000] {logging_mixin.py:190} INFO - [2026-03-28T19:49:12.154+0000] {dagbag.py:387} ERROR - Failed to import: /home/ec2-user/environment/lab4_model_training/dags/train_model_dag.py
Traceback (most recent call last):
  File "/home/ec2-user/environment/lab4_model_training/venv/lib64/python3.12/site-packages/airflow/models/dagbag.py", line 383, in parse
    loader.exec_module(new_module)
  File "<frozen importlib._bootstrap_external>", line 999, in exec_module
  File "<frozen importlib._bootstrap>", line 488, in _call_with_frames_removed
  File "/home/ec2-user/environment/lab4_model_training/dags/train_model_dag.py", line 35, in <module>
    train_task = PythonOperator(
                 ^^^^^^^^^^^^^^^
  File "/home/ec2-user/environment/lab4_model_training/venv/lib64/python3.12/site-packages/airflow/models/baseoperator.py", line 490, in apply_defaults
    result = func(self, **kwargs, default_args=default_args)
             ^^^^^^^^^^^^^^^^^^^^^^^^^^^^^^^^^^^^^^^^^^^^^^^
  File "/home/ec2-user/environment/lab4_model_training/venv/lib64/python3.12/site-packages/airflow/operators/python.py", line 224, in __init__
    raise AirflowException("`python_callable` param must be callable")
airflow.exceptions.AirflowException: `python_callable` param must be callable
[2026-03-28T19:49:12.162+0000] {logging_mixin.py:190} WARNING - /home/ec2-user/environment/lab4_model_training/venv/lib64/python3.12/site-packages/sklearn/linear_model/_logistic.py:469 ConvergenceWarning: lbfgs failed to converge (status=1):
STOP: TOTAL NO. OF ITERATIONS REACHED LIMIT.

Increase the number of iterations (max_iter) or scale the data as shown in:
    https://scikit-learn.org/stable/modules/preprocessing.html
Please also refer to the documentation for alternative solver options:
    https://scikit-learn.org/stable/modules/linear_model.html#logistic-regression
[2026-03-28T19:49:12.163+0000] {processor.py:927} WARNING - No viable dags retrieved from /home/ec2-user/environment/lab4_model_training/dags/train_model_dag.py
[2026-03-28T19:49:12.178+0000] {processor.py:208} INFO - Processing /home/ec2-user/environment/lab4_model_training/dags/train_model_dag.py took 1.427 seconds
[2026-03-28T19:49:42.323+0000] {processor.py:186} INFO - Started process (PID=13160) to work on /home/ec2-user/environment/lab4_model_training/dags/train_model_dag.py
[2026-03-28T19:49:42.324+0000] {processor.py:914} INFO - Processing file /home/ec2-user/environment/lab4_model_training/dags/train_model_dag.py for tasks to queue
[2026-03-28T19:49:42.325+0000] {logging_mixin.py:190} INFO - [2026-03-28T19:49:42.325+0000] {dagbag.py:588} INFO - Filling up the DagBag from /home/ec2-user/environment/lab4_model_training/dags/train_model_dag.py
[2026-03-28T19:49:43.689+0000] {logging_mixin.py:190} INFO - [2026-03-28T19:49:43.686+0000] {dagbag.py:387} ERROR - Failed to import: /home/ec2-user/environment/lab4_model_training/dags/train_model_dag.py
Traceback (most recent call last):
  File "/home/ec2-user/environment/lab4_model_training/venv/lib64/python3.12/site-packages/airflow/models/dagbag.py", line 383, in parse
    loader.exec_module(new_module)
  File "<frozen importlib._bootstrap_external>", line 999, in exec_module
  File "<frozen importlib._bootstrap>", line 488, in _call_with_frames_removed
  File "/home/ec2-user/environment/lab4_model_training/dags/train_model_dag.py", line 35, in <module>
    train_task = PythonOperator(
                 ^^^^^^^^^^^^^^^
  File "/home/ec2-user/environment/lab4_model_training/venv/lib64/python3.12/site-packages/airflow/models/baseoperator.py", line 490, in apply_defaults
    result = func(self, **kwargs, default_args=default_args)
             ^^^^^^^^^^^^^^^^^^^^^^^^^^^^^^^^^^^^^^^^^^^^^^^
  File "/home/ec2-user/environment/lab4_model_training/venv/lib64/python3.12/site-packages/airflow/operators/python.py", line 224, in __init__
    raise AirflowException("`python_callable` param must be callable")
airflow.exceptions.AirflowException: `python_callable` param must be callable
[2026-03-28T19:49:43.695+0000] {logging_mixin.py:190} WARNING - /home/ec2-user/environment/lab4_model_training/venv/lib64/python3.12/site-packages/sklearn/linear_model/_logistic.py:469 ConvergenceWarning: lbfgs failed to converge (status=1):
STOP: TOTAL NO. OF ITERATIONS REACHED LIMIT.

Increase the number of iterations (max_iter) or scale the data as shown in:
    https://scikit-learn.org/stable/modules/preprocessing.html
Please also refer to the documentation for alternative solver options:
    https://scikit-learn.org/stable/modules/linear_model.html#logistic-regression
[2026-03-28T19:49:43.695+0000] {processor.py:927} WARNING - No viable dags retrieved from /home/ec2-user/environment/lab4_model_training/dags/train_model_dag.py
[2026-03-28T19:49:43.726+0000] {processor.py:208} INFO - Processing /home/ec2-user/environment/lab4_model_training/dags/train_model_dag.py took 1.408 seconds
[2026-03-28T19:50:13.865+0000] {processor.py:186} INFO - Started process (PID=13206) to work on /home/ec2-user/environment/lab4_model_training/dags/train_model_dag.py
[2026-03-28T19:50:13.866+0000] {processor.py:914} INFO - Processing file /home/ec2-user/environment/lab4_model_training/dags/train_model_dag.py for tasks to queue
[2026-03-28T19:50:13.867+0000] {logging_mixin.py:190} INFO - [2026-03-28T19:50:13.867+0000] {dagbag.py:588} INFO - Filling up the DagBag from /home/ec2-user/environment/lab4_model_training/dags/train_model_dag.py
[2026-03-28T19:50:16.440+0000] {logging_mixin.py:190} INFO - [2026-03-28T19:50:16.438+0000] {dagbag.py:387} ERROR - Failed to import: /home/ec2-user/environment/lab4_model_training/dags/train_model_dag.py
Traceback (most recent call last):
  File "/home/ec2-user/environment/lab4_model_training/venv/lib64/python3.12/site-packages/airflow/models/dagbag.py", line 383, in parse
    loader.exec_module(new_module)
  File "<frozen importlib._bootstrap_external>", line 999, in exec_module
  File "<frozen importlib._bootstrap>", line 488, in _call_with_frames_removed
  File "/home/ec2-user/environment/lab4_model_training/dags/train_model_dag.py", line 35, in <module>
    train_task = PythonOperator(
                 ^^^^^^^^^^^^^^^
  File "/home/ec2-user/environment/lab4_model_training/venv/lib64/python3.12/site-packages/airflow/models/baseoperator.py", line 490, in apply_defaults
    result = func(self, **kwargs, default_args=default_args)
             ^^^^^^^^^^^^^^^^^^^^^^^^^^^^^^^^^^^^^^^^^^^^^^^
  File "/home/ec2-user/environment/lab4_model_training/venv/lib64/python3.12/site-packages/airflow/operators/python.py", line 224, in __init__
    raise AirflowException("`python_callable` param must be callable")
airflow.exceptions.AirflowException: `python_callable` param must be callable
[2026-03-28T19:50:16.447+0000] {logging_mixin.py:190} WARNING - /home/ec2-user/environment/lab4_model_training/venv/lib64/python3.12/site-packages/sklearn/linear_model/_logistic.py:469 ConvergenceWarning: lbfgs failed to converge (status=1):
STOP: TOTAL NO. OF ITERATIONS REACHED LIMIT.

Increase the number of iterations (max_iter) or scale the data as shown in:
    https://scikit-learn.org/stable/modules/preprocessing.html
Please also refer to the documentation for alternative solver options:
    https://scikit-learn.org/stable/modules/linear_model.html#logistic-regression
[2026-03-28T19:50:16.447+0000] {processor.py:927} WARNING - No viable dags retrieved from /home/ec2-user/environment/lab4_model_training/dags/train_model_dag.py
[2026-03-28T19:50:16.462+0000] {processor.py:208} INFO - Processing /home/ec2-user/environment/lab4_model_training/dags/train_model_dag.py took 2.601 seconds
[2026-03-28T19:50:46.552+0000] {processor.py:186} INFO - Started process (PID=13285) to work on /home/ec2-user/environment/lab4_model_training/dags/train_model_dag.py
[2026-03-28T19:50:46.553+0000] {processor.py:914} INFO - Processing file /home/ec2-user/environment/lab4_model_training/dags/train_model_dag.py for tasks to queue
[2026-03-28T19:50:46.554+0000] {logging_mixin.py:190} INFO - [2026-03-28T19:50:46.553+0000] {dagbag.py:588} INFO - Filling up the DagBag from /home/ec2-user/environment/lab4_model_training/dags/train_model_dag.py
[2026-03-28T19:50:47.933+0000] {logging_mixin.py:190} INFO - [2026-03-28T19:50:47.931+0000] {dagbag.py:387} ERROR - Failed to import: /home/ec2-user/environment/lab4_model_training/dags/train_model_dag.py
Traceback (most recent call last):
  File "/home/ec2-user/environment/lab4_model_training/venv/lib64/python3.12/site-packages/airflow/models/dagbag.py", line 383, in parse
    loader.exec_module(new_module)
  File "<frozen importlib._bootstrap_external>", line 999, in exec_module
  File "<frozen importlib._bootstrap>", line 488, in _call_with_frames_removed
  File "/home/ec2-user/environment/lab4_model_training/dags/train_model_dag.py", line 35, in <module>
    train_task = PythonOperator(
                 ^^^^^^^^^^^^^^^
  File "/home/ec2-user/environment/lab4_model_training/venv/lib64/python3.12/site-packages/airflow/models/baseoperator.py", line 490, in apply_defaults
    result = func(self, **kwargs, default_args=default_args)
             ^^^^^^^^^^^^^^^^^^^^^^^^^^^^^^^^^^^^^^^^^^^^^^^
  File "/home/ec2-user/environment/lab4_model_training/venv/lib64/python3.12/site-packages/airflow/operators/python.py", line 224, in __init__
    raise AirflowException("`python_callable` param must be callable")
airflow.exceptions.AirflowException: `python_callable` param must be callable
[2026-03-28T19:50:47.939+0000] {logging_mixin.py:190} WARNING - /home/ec2-user/environment/lab4_model_training/venv/lib64/python3.12/site-packages/sklearn/linear_model/_logistic.py:469 ConvergenceWarning: lbfgs failed to converge (status=1):
STOP: TOTAL NO. OF ITERATIONS REACHED LIMIT.

Increase the number of iterations (max_iter) or scale the data as shown in:
    https://scikit-learn.org/stable/modules/preprocessing.html
Please also refer to the documentation for alternative solver options:
    https://scikit-learn.org/stable/modules/linear_model.html#logistic-regression
[2026-03-28T19:50:47.940+0000] {processor.py:927} WARNING - No viable dags retrieved from /home/ec2-user/environment/lab4_model_training/dags/train_model_dag.py
[2026-03-28T19:50:47.954+0000] {processor.py:208} INFO - Processing /home/ec2-user/environment/lab4_model_training/dags/train_model_dag.py took 1.407 seconds
[2026-03-28T19:51:18.066+0000] {processor.py:186} INFO - Started process (PID=13335) to work on /home/ec2-user/environment/lab4_model_training/dags/train_model_dag.py
[2026-03-28T19:51:18.067+0000] {processor.py:914} INFO - Processing file /home/ec2-user/environment/lab4_model_training/dags/train_model_dag.py for tasks to queue
[2026-03-28T19:51:18.068+0000] {logging_mixin.py:190} INFO - [2026-03-28T19:51:18.068+0000] {dagbag.py:588} INFO - Filling up the DagBag from /home/ec2-user/environment/lab4_model_training/dags/train_model_dag.py
[2026-03-28T19:51:19.436+0000] {logging_mixin.py:190} INFO - [2026-03-28T19:51:19.434+0000] {dagbag.py:387} ERROR - Failed to import: /home/ec2-user/environment/lab4_model_training/dags/train_model_dag.py
Traceback (most recent call last):
  File "/home/ec2-user/environment/lab4_model_training/venv/lib64/python3.12/site-packages/airflow/models/dagbag.py", line 383, in parse
    loader.exec_module(new_module)
  File "<frozen importlib._bootstrap_external>", line 999, in exec_module
  File "<frozen importlib._bootstrap>", line 488, in _call_with_frames_removed
  File "/home/ec2-user/environment/lab4_model_training/dags/train_model_dag.py", line 35, in <module>
    train_task = PythonOperator(
                 ^^^^^^^^^^^^^^^
  File "/home/ec2-user/environment/lab4_model_training/venv/lib64/python3.12/site-packages/airflow/models/baseoperator.py", line 490, in apply_defaults
    result = func(self, **kwargs, default_args=default_args)
             ^^^^^^^^^^^^^^^^^^^^^^^^^^^^^^^^^^^^^^^^^^^^^^^
  File "/home/ec2-user/environment/lab4_model_training/venv/lib64/python3.12/site-packages/airflow/operators/python.py", line 224, in __init__
    raise AirflowException("`python_callable` param must be callable")
airflow.exceptions.AirflowException: `python_callable` param must be callable
[2026-03-28T19:51:19.442+0000] {logging_mixin.py:190} WARNING - /home/ec2-user/environment/lab4_model_training/venv/lib64/python3.12/site-packages/sklearn/linear_model/_logistic.py:469 ConvergenceWarning: lbfgs failed to converge (status=1):
STOP: TOTAL NO. OF ITERATIONS REACHED LIMIT.

Increase the number of iterations (max_iter) or scale the data as shown in:
    https://scikit-learn.org/stable/modules/preprocessing.html
Please also refer to the documentation for alternative solver options:
    https://scikit-learn.org/stable/modules/linear_model.html#logistic-regression
[2026-03-28T19:51:19.443+0000] {processor.py:927} WARNING - No viable dags retrieved from /home/ec2-user/environment/lab4_model_training/dags/train_model_dag.py
[2026-03-28T19:51:19.457+0000] {processor.py:208} INFO - Processing /home/ec2-user/environment/lab4_model_training/dags/train_model_dag.py took 1.396 seconds
[2026-03-28T19:51:49.548+0000] {processor.py:186} INFO - Started process (PID=13367) to work on /home/ec2-user/environment/lab4_model_training/dags/train_model_dag.py
[2026-03-28T19:51:49.549+0000] {processor.py:914} INFO - Processing file /home/ec2-user/environment/lab4_model_training/dags/train_model_dag.py for tasks to queue
[2026-03-28T19:51:49.550+0000] {logging_mixin.py:190} INFO - [2026-03-28T19:51:49.550+0000] {dagbag.py:588} INFO - Filling up the DagBag from /home/ec2-user/environment/lab4_model_training/dags/train_model_dag.py
[2026-03-28T19:51:51.220+0000] {logging_mixin.py:190} INFO - [2026-03-28T19:51:51.217+0000] {dagbag.py:387} ERROR - Failed to import: /home/ec2-user/environment/lab4_model_training/dags/train_model_dag.py
Traceback (most recent call last):
  File "/home/ec2-user/environment/lab4_model_training/venv/lib64/python3.12/site-packages/airflow/models/dagbag.py", line 383, in parse
    loader.exec_module(new_module)
  File "<frozen importlib._bootstrap_external>", line 999, in exec_module
  File "<frozen importlib._bootstrap>", line 488, in _call_with_frames_removed
  File "/home/ec2-user/environment/lab4_model_training/dags/train_model_dag.py", line 35, in <module>
    train_task = PythonOperator(
                 ^^^^^^^^^^^^^^^
  File "/home/ec2-user/environment/lab4_model_training/venv/lib64/python3.12/site-packages/airflow/models/baseoperator.py", line 490, in apply_defaults
    result = func(self, **kwargs, default_args=default_args)
             ^^^^^^^^^^^^^^^^^^^^^^^^^^^^^^^^^^^^^^^^^^^^^^^
  File "/home/ec2-user/environment/lab4_model_training/venv/lib64/python3.12/site-packages/airflow/operators/python.py", line 224, in __init__
    raise AirflowException("`python_callable` param must be callable")
airflow.exceptions.AirflowException: `python_callable` param must be callable
[2026-03-28T19:51:51.226+0000] {logging_mixin.py:190} WARNING - /home/ec2-user/environment/lab4_model_training/venv/lib64/python3.12/site-packages/sklearn/linear_model/_logistic.py:469 ConvergenceWarning: lbfgs failed to converge (status=1):
STOP: TOTAL NO. OF ITERATIONS REACHED LIMIT.

Increase the number of iterations (max_iter) or scale the data as shown in:
    https://scikit-learn.org/stable/modules/preprocessing.html
Please also refer to the documentation for alternative solver options:
    https://scikit-learn.org/stable/modules/linear_model.html#logistic-regression
[2026-03-28T19:51:51.226+0000] {processor.py:927} WARNING - No viable dags retrieved from /home/ec2-user/environment/lab4_model_training/dags/train_model_dag.py
[2026-03-28T19:51:51.242+0000] {processor.py:208} INFO - Processing /home/ec2-user/environment/lab4_model_training/dags/train_model_dag.py took 1.701 seconds
[2026-03-28T19:52:21.412+0000] {processor.py:186} INFO - Started process (PID=13427) to work on /home/ec2-user/environment/lab4_model_training/dags/train_model_dag.py
[2026-03-28T19:52:21.413+0000] {processor.py:914} INFO - Processing file /home/ec2-user/environment/lab4_model_training/dags/train_model_dag.py for tasks to queue
[2026-03-28T19:52:21.414+0000] {logging_mixin.py:190} INFO - [2026-03-28T19:52:21.413+0000] {dagbag.py:588} INFO - Filling up the DagBag from /home/ec2-user/environment/lab4_model_training/dags/train_model_dag.py
[2026-03-28T19:52:23.588+0000] {logging_mixin.py:190} INFO - [2026-03-28T19:52:23.586+0000] {dagbag.py:387} ERROR - Failed to import: /home/ec2-user/environment/lab4_model_training/dags/train_model_dag.py
Traceback (most recent call last):
  File "/home/ec2-user/environment/lab4_model_training/venv/lib64/python3.12/site-packages/airflow/models/dagbag.py", line 383, in parse
    loader.exec_module(new_module)
  File "<frozen importlib._bootstrap_external>", line 999, in exec_module
  File "<frozen importlib._bootstrap>", line 488, in _call_with_frames_removed
  File "/home/ec2-user/environment/lab4_model_training/dags/train_model_dag.py", line 35, in <module>
    train_task = PythonOperator(
                 ^^^^^^^^^^^^^^^
  File "/home/ec2-user/environment/lab4_model_training/venv/lib64/python3.12/site-packages/airflow/models/baseoperator.py", line 490, in apply_defaults
    result = func(self, **kwargs, default_args=default_args)
             ^^^^^^^^^^^^^^^^^^^^^^^^^^^^^^^^^^^^^^^^^^^^^^^
  File "/home/ec2-user/environment/lab4_model_training/venv/lib64/python3.12/site-packages/airflow/operators/python.py", line 224, in __init__
    raise AirflowException("`python_callable` param must be callable")
airflow.exceptions.AirflowException: `python_callable` param must be callable
[2026-03-28T19:52:23.594+0000] {logging_mixin.py:190} WARNING - /home/ec2-user/environment/lab4_model_training/venv/lib64/python3.12/site-packages/sklearn/linear_model/_logistic.py:469 ConvergenceWarning: lbfgs failed to converge (status=1):
STOP: TOTAL NO. OF ITERATIONS REACHED LIMIT.

Increase the number of iterations (max_iter) or scale the data as shown in:
    https://scikit-learn.org/stable/modules/preprocessing.html
Please also refer to the documentation for alternative solver options:
    https://scikit-learn.org/stable/modules/linear_model.html#logistic-regression
[2026-03-28T19:52:23.594+0000] {processor.py:927} WARNING - No viable dags retrieved from /home/ec2-user/environment/lab4_model_training/dags/train_model_dag.py
[2026-03-28T19:52:23.622+0000] {processor.py:208} INFO - Processing /home/ec2-user/environment/lab4_model_training/dags/train_model_dag.py took 2.216 seconds
[2026-03-28T19:52:53.797+0000] {processor.py:186} INFO - Started process (PID=13506) to work on /home/ec2-user/environment/lab4_model_training/dags/train_model_dag.py
[2026-03-28T19:52:53.797+0000] {processor.py:914} INFO - Processing file /home/ec2-user/environment/lab4_model_training/dags/train_model_dag.py for tasks to queue
[2026-03-28T19:52:53.798+0000] {logging_mixin.py:190} INFO - [2026-03-28T19:52:53.798+0000] {dagbag.py:588} INFO - Filling up the DagBag from /home/ec2-user/environment/lab4_model_training/dags/train_model_dag.py
[2026-03-28T19:52:55.124+0000] {logging_mixin.py:190} INFO - [2026-03-28T19:52:55.122+0000] {dagbag.py:387} ERROR - Failed to import: /home/ec2-user/environment/lab4_model_training/dags/train_model_dag.py
Traceback (most recent call last):
  File "/home/ec2-user/environment/lab4_model_training/venv/lib64/python3.12/site-packages/airflow/models/dagbag.py", line 383, in parse
    loader.exec_module(new_module)
  File "<frozen importlib._bootstrap_external>", line 999, in exec_module
  File "<frozen importlib._bootstrap>", line 488, in _call_with_frames_removed
  File "/home/ec2-user/environment/lab4_model_training/dags/train_model_dag.py", line 35, in <module>
    train_task = PythonOperator(
                 ^^^^^^^^^^^^^^^
  File "/home/ec2-user/environment/lab4_model_training/venv/lib64/python3.12/site-packages/airflow/models/baseoperator.py", line 490, in apply_defaults
    result = func(self, **kwargs, default_args=default_args)
             ^^^^^^^^^^^^^^^^^^^^^^^^^^^^^^^^^^^^^^^^^^^^^^^
  File "/home/ec2-user/environment/lab4_model_training/venv/lib64/python3.12/site-packages/airflow/operators/python.py", line 224, in __init__
    raise AirflowException("`python_callable` param must be callable")
airflow.exceptions.AirflowException: `python_callable` param must be callable
[2026-03-28T19:52:55.131+0000] {logging_mixin.py:190} WARNING - /home/ec2-user/environment/lab4_model_training/venv/lib64/python3.12/site-packages/sklearn/linear_model/_logistic.py:469 ConvergenceWarning: lbfgs failed to converge (status=1):
STOP: TOTAL NO. OF ITERATIONS REACHED LIMIT.

Increase the number of iterations (max_iter) or scale the data as shown in:
    https://scikit-learn.org/stable/modules/preprocessing.html
Please also refer to the documentation for alternative solver options:
    https://scikit-learn.org/stable/modules/linear_model.html#logistic-regression
[2026-03-28T19:52:55.131+0000] {processor.py:927} WARNING - No viable dags retrieved from /home/ec2-user/environment/lab4_model_training/dags/train_model_dag.py
[2026-03-28T19:52:55.146+0000] {processor.py:208} INFO - Processing /home/ec2-user/environment/lab4_model_training/dags/train_model_dag.py took 1.353 seconds
[2026-03-28T19:53:25.242+0000] {processor.py:186} INFO - Started process (PID=13544) to work on /home/ec2-user/environment/lab4_model_training/dags/train_model_dag.py
[2026-03-28T19:53:25.243+0000] {processor.py:914} INFO - Processing file /home/ec2-user/environment/lab4_model_training/dags/train_model_dag.py for tasks to queue
[2026-03-28T19:53:25.244+0000] {logging_mixin.py:190} INFO - [2026-03-28T19:53:25.244+0000] {dagbag.py:588} INFO - Filling up the DagBag from /home/ec2-user/environment/lab4_model_training/dags/train_model_dag.py
[2026-03-28T19:53:26.618+0000] {logging_mixin.py:190} INFO - [2026-03-28T19:53:26.616+0000] {dagbag.py:387} ERROR - Failed to import: /home/ec2-user/environment/lab4_model_training/dags/train_model_dag.py
Traceback (most recent call last):
  File "/home/ec2-user/environment/lab4_model_training/venv/lib64/python3.12/site-packages/airflow/models/dagbag.py", line 383, in parse
    loader.exec_module(new_module)
  File "<frozen importlib._bootstrap_external>", line 999, in exec_module
  File "<frozen importlib._bootstrap>", line 488, in _call_with_frames_removed
  File "/home/ec2-user/environment/lab4_model_training/dags/train_model_dag.py", line 35, in <module>
    train_task = PythonOperator(
                 ^^^^^^^^^^^^^^^
  File "/home/ec2-user/environment/lab4_model_training/venv/lib64/python3.12/site-packages/airflow/models/baseoperator.py", line 490, in apply_defaults
    result = func(self, **kwargs, default_args=default_args)
             ^^^^^^^^^^^^^^^^^^^^^^^^^^^^^^^^^^^^^^^^^^^^^^^
  File "/home/ec2-user/environment/lab4_model_training/venv/lib64/python3.12/site-packages/airflow/operators/python.py", line 224, in __init__
    raise AirflowException("`python_callable` param must be callable")
airflow.exceptions.AirflowException: `python_callable` param must be callable
[2026-03-28T19:53:26.625+0000] {logging_mixin.py:190} WARNING - /home/ec2-user/environment/lab4_model_training/venv/lib64/python3.12/site-packages/sklearn/linear_model/_logistic.py:469 ConvergenceWarning: lbfgs failed to converge (status=1):
STOP: TOTAL NO. OF ITERATIONS REACHED LIMIT.

Increase the number of iterations (max_iter) or scale the data as shown in:
    https://scikit-learn.org/stable/modules/preprocessing.html
Please also refer to the documentation for alternative solver options:
    https://scikit-learn.org/stable/modules/linear_model.html#logistic-regression
[2026-03-28T19:53:26.625+0000] {processor.py:927} WARNING - No viable dags retrieved from /home/ec2-user/environment/lab4_model_training/dags/train_model_dag.py
[2026-03-28T19:53:26.640+0000] {processor.py:208} INFO - Processing /home/ec2-user/environment/lab4_model_training/dags/train_model_dag.py took 1.402 seconds
[2026-03-28T19:53:56.801+0000] {processor.py:186} INFO - Started process (PID=13571) to work on /home/ec2-user/environment/lab4_model_training/dags/train_model_dag.py
[2026-03-28T19:53:56.801+0000] {processor.py:914} INFO - Processing file /home/ec2-user/environment/lab4_model_training/dags/train_model_dag.py for tasks to queue
[2026-03-28T19:53:56.802+0000] {logging_mixin.py:190} INFO - [2026-03-28T19:53:56.802+0000] {dagbag.py:588} INFO - Filling up the DagBag from /home/ec2-user/environment/lab4_model_training/dags/train_model_dag.py
[2026-03-28T19:53:58.160+0000] {logging_mixin.py:190} INFO - [2026-03-28T19:53:58.158+0000] {dagbag.py:387} ERROR - Failed to import: /home/ec2-user/environment/lab4_model_training/dags/train_model_dag.py
Traceback (most recent call last):
  File "/home/ec2-user/environment/lab4_model_training/venv/lib64/python3.12/site-packages/airflow/models/dagbag.py", line 383, in parse
    loader.exec_module(new_module)
  File "<frozen importlib._bootstrap_external>", line 999, in exec_module
  File "<frozen importlib._bootstrap>", line 488, in _call_with_frames_removed
  File "/home/ec2-user/environment/lab4_model_training/dags/train_model_dag.py", line 35, in <module>
    train_task = PythonOperator(
                 ^^^^^^^^^^^^^^^
  File "/home/ec2-user/environment/lab4_model_training/venv/lib64/python3.12/site-packages/airflow/models/baseoperator.py", line 490, in apply_defaults
    result = func(self, **kwargs, default_args=default_args)
             ^^^^^^^^^^^^^^^^^^^^^^^^^^^^^^^^^^^^^^^^^^^^^^^
  File "/home/ec2-user/environment/lab4_model_training/venv/lib64/python3.12/site-packages/airflow/operators/python.py", line 224, in __init__
    raise AirflowException("`python_callable` param must be callable")
airflow.exceptions.AirflowException: `python_callable` param must be callable
[2026-03-28T19:53:58.166+0000] {logging_mixin.py:190} WARNING - /home/ec2-user/environment/lab4_model_training/venv/lib64/python3.12/site-packages/sklearn/linear_model/_logistic.py:469 ConvergenceWarning: lbfgs failed to converge (status=1):
STOP: TOTAL NO. OF ITERATIONS REACHED LIMIT.

Increase the number of iterations (max_iter) or scale the data as shown in:
    https://scikit-learn.org/stable/modules/preprocessing.html
Please also refer to the documentation for alternative solver options:
    https://scikit-learn.org/stable/modules/linear_model.html#logistic-regression
[2026-03-28T19:53:58.167+0000] {processor.py:927} WARNING - No viable dags retrieved from /home/ec2-user/environment/lab4_model_training/dags/train_model_dag.py
[2026-03-28T19:53:58.181+0000] {processor.py:208} INFO - Processing /home/ec2-user/environment/lab4_model_training/dags/train_model_dag.py took 1.386 seconds
[2026-03-28T19:54:28.265+0000] {processor.py:186} INFO - Started process (PID=13619) to work on /home/ec2-user/environment/lab4_model_training/dags/train_model_dag.py
[2026-03-28T19:54:28.266+0000] {processor.py:914} INFO - Processing file /home/ec2-user/environment/lab4_model_training/dags/train_model_dag.py for tasks to queue
[2026-03-28T19:54:28.267+0000] {logging_mixin.py:190} INFO - [2026-03-28T19:54:28.267+0000] {dagbag.py:588} INFO - Filling up the DagBag from /home/ec2-user/environment/lab4_model_training/dags/train_model_dag.py
[2026-03-28T19:54:29.632+0000] {logging_mixin.py:190} INFO - [2026-03-28T19:54:29.629+0000] {dagbag.py:387} ERROR - Failed to import: /home/ec2-user/environment/lab4_model_training/dags/train_model_dag.py
Traceback (most recent call last):
  File "/home/ec2-user/environment/lab4_model_training/venv/lib64/python3.12/site-packages/airflow/models/dagbag.py", line 383, in parse
    loader.exec_module(new_module)
  File "<frozen importlib._bootstrap_external>", line 999, in exec_module
  File "<frozen importlib._bootstrap>", line 488, in _call_with_frames_removed
  File "/home/ec2-user/environment/lab4_model_training/dags/train_model_dag.py", line 35, in <module>
    train_task = PythonOperator(
                 ^^^^^^^^^^^^^^^
  File "/home/ec2-user/environment/lab4_model_training/venv/lib64/python3.12/site-packages/airflow/models/baseoperator.py", line 490, in apply_defaults
    result = func(self, **kwargs, default_args=default_args)
             ^^^^^^^^^^^^^^^^^^^^^^^^^^^^^^^^^^^^^^^^^^^^^^^
  File "/home/ec2-user/environment/lab4_model_training/venv/lib64/python3.12/site-packages/airflow/operators/python.py", line 224, in __init__
    raise AirflowException("`python_callable` param must be callable")
airflow.exceptions.AirflowException: `python_callable` param must be callable
[2026-03-28T19:54:29.638+0000] {logging_mixin.py:190} WARNING - /home/ec2-user/environment/lab4_model_training/venv/lib64/python3.12/site-packages/sklearn/linear_model/_logistic.py:469 ConvergenceWarning: lbfgs failed to converge (status=1):
STOP: TOTAL NO. OF ITERATIONS REACHED LIMIT.

Increase the number of iterations (max_iter) or scale the data as shown in:
    https://scikit-learn.org/stable/modules/preprocessing.html
Please also refer to the documentation for alternative solver options:
    https://scikit-learn.org/stable/modules/linear_model.html#logistic-regression
[2026-03-28T19:54:29.638+0000] {processor.py:927} WARNING - No viable dags retrieved from /home/ec2-user/environment/lab4_model_training/dags/train_model_dag.py
[2026-03-28T19:54:29.653+0000] {processor.py:208} INFO - Processing /home/ec2-user/environment/lab4_model_training/dags/train_model_dag.py took 1.392 seconds
[2026-03-28T19:54:59.737+0000] {processor.py:186} INFO - Started process (PID=13695) to work on /home/ec2-user/environment/lab4_model_training/dags/train_model_dag.py
[2026-03-28T19:54:59.738+0000] {processor.py:914} INFO - Processing file /home/ec2-user/environment/lab4_model_training/dags/train_model_dag.py for tasks to queue
[2026-03-28T19:54:59.739+0000] {logging_mixin.py:190} INFO - [2026-03-28T19:54:59.739+0000] {dagbag.py:588} INFO - Filling up the DagBag from /home/ec2-user/environment/lab4_model_training/dags/train_model_dag.py
[2026-03-28T19:55:01.111+0000] {logging_mixin.py:190} INFO - [2026-03-28T19:55:01.109+0000] {dagbag.py:387} ERROR - Failed to import: /home/ec2-user/environment/lab4_model_training/dags/train_model_dag.py
Traceback (most recent call last):
  File "/home/ec2-user/environment/lab4_model_training/venv/lib64/python3.12/site-packages/airflow/models/dagbag.py", line 383, in parse
    loader.exec_module(new_module)
  File "<frozen importlib._bootstrap_external>", line 999, in exec_module
  File "<frozen importlib._bootstrap>", line 488, in _call_with_frames_removed
  File "/home/ec2-user/environment/lab4_model_training/dags/train_model_dag.py", line 35, in <module>
    train_task = PythonOperator(
                 ^^^^^^^^^^^^^^^
  File "/home/ec2-user/environment/lab4_model_training/venv/lib64/python3.12/site-packages/airflow/models/baseoperator.py", line 490, in apply_defaults
    result = func(self, **kwargs, default_args=default_args)
             ^^^^^^^^^^^^^^^^^^^^^^^^^^^^^^^^^^^^^^^^^^^^^^^
  File "/home/ec2-user/environment/lab4_model_training/venv/lib64/python3.12/site-packages/airflow/operators/python.py", line 224, in __init__
    raise AirflowException("`python_callable` param must be callable")
airflow.exceptions.AirflowException: `python_callable` param must be callable
[2026-03-28T19:55:01.117+0000] {logging_mixin.py:190} WARNING - /home/ec2-user/environment/lab4_model_training/venv/lib64/python3.12/site-packages/sklearn/linear_model/_logistic.py:469 ConvergenceWarning: lbfgs failed to converge (status=1):
STOP: TOTAL NO. OF ITERATIONS REACHED LIMIT.

Increase the number of iterations (max_iter) or scale the data as shown in:
    https://scikit-learn.org/stable/modules/preprocessing.html
Please also refer to the documentation for alternative solver options:
    https://scikit-learn.org/stable/modules/linear_model.html#logistic-regression
[2026-03-28T19:55:01.118+0000] {processor.py:927} WARNING - No viable dags retrieved from /home/ec2-user/environment/lab4_model_training/dags/train_model_dag.py
[2026-03-28T19:55:01.132+0000] {processor.py:208} INFO - Processing /home/ec2-user/environment/lab4_model_training/dags/train_model_dag.py took 1.400 seconds
[2026-03-28T19:55:31.460+0000] {processor.py:186} INFO - Started process (PID=13753) to work on /home/ec2-user/environment/lab4_model_training/dags/train_model_dag.py
[2026-03-28T19:55:31.460+0000] {processor.py:914} INFO - Processing file /home/ec2-user/environment/lab4_model_training/dags/train_model_dag.py for tasks to queue
[2026-03-28T19:55:31.461+0000] {logging_mixin.py:190} INFO - [2026-03-28T19:55:31.461+0000] {dagbag.py:588} INFO - Filling up the DagBag from /home/ec2-user/environment/lab4_model_training/dags/train_model_dag.py
[2026-03-28T19:55:32.822+0000] {logging_mixin.py:190} INFO - [2026-03-28T19:55:32.820+0000] {dagbag.py:387} ERROR - Failed to import: /home/ec2-user/environment/lab4_model_training/dags/train_model_dag.py
Traceback (most recent call last):
  File "/home/ec2-user/environment/lab4_model_training/venv/lib64/python3.12/site-packages/airflow/models/dagbag.py", line 383, in parse
    loader.exec_module(new_module)
  File "<frozen importlib._bootstrap_external>", line 999, in exec_module
  File "<frozen importlib._bootstrap>", line 488, in _call_with_frames_removed
  File "/home/ec2-user/environment/lab4_model_training/dags/train_model_dag.py", line 35, in <module>
    train_task = PythonOperator(
                 ^^^^^^^^^^^^^^^
  File "/home/ec2-user/environment/lab4_model_training/venv/lib64/python3.12/site-packages/airflow/models/baseoperator.py", line 490, in apply_defaults
    result = func(self, **kwargs, default_args=default_args)
             ^^^^^^^^^^^^^^^^^^^^^^^^^^^^^^^^^^^^^^^^^^^^^^^
  File "/home/ec2-user/environment/lab4_model_training/venv/lib64/python3.12/site-packages/airflow/operators/python.py", line 224, in __init__
    raise AirflowException("`python_callable` param must be callable")
airflow.exceptions.AirflowException: `python_callable` param must be callable
[2026-03-28T19:55:32.828+0000] {logging_mixin.py:190} WARNING - /home/ec2-user/environment/lab4_model_training/venv/lib64/python3.12/site-packages/sklearn/linear_model/_logistic.py:469 ConvergenceWarning: lbfgs failed to converge (status=1):
STOP: TOTAL NO. OF ITERATIONS REACHED LIMIT.

Increase the number of iterations (max_iter) or scale the data as shown in:
    https://scikit-learn.org/stable/modules/preprocessing.html
Please also refer to the documentation for alternative solver options:
    https://scikit-learn.org/stable/modules/linear_model.html#logistic-regression
[2026-03-28T19:55:32.828+0000] {processor.py:927} WARNING - No viable dags retrieved from /home/ec2-user/environment/lab4_model_training/dags/train_model_dag.py
[2026-03-28T19:55:32.843+0000] {processor.py:208} INFO - Processing /home/ec2-user/environment/lab4_model_training/dags/train_model_dag.py took 1.388 seconds
[2026-03-28T19:56:03.503+0000] {processor.py:186} INFO - Started process (PID=13791) to work on /home/ec2-user/environment/lab4_model_training/dags/train_model_dag.py
[2026-03-28T19:56:03.504+0000] {processor.py:914} INFO - Processing file /home/ec2-user/environment/lab4_model_training/dags/train_model_dag.py for tasks to queue
[2026-03-28T19:56:03.505+0000] {logging_mixin.py:190} INFO - [2026-03-28T19:56:03.505+0000] {dagbag.py:588} INFO - Filling up the DagBag from /home/ec2-user/environment/lab4_model_training/dags/train_model_dag.py
[2026-03-28T19:56:04.880+0000] {logging_mixin.py:190} INFO - [2026-03-28T19:56:04.878+0000] {dagbag.py:387} ERROR - Failed to import: /home/ec2-user/environment/lab4_model_training/dags/train_model_dag.py
Traceback (most recent call last):
  File "/home/ec2-user/environment/lab4_model_training/venv/lib64/python3.12/site-packages/airflow/models/dagbag.py", line 383, in parse
    loader.exec_module(new_module)
  File "<frozen importlib._bootstrap_external>", line 999, in exec_module
  File "<frozen importlib._bootstrap>", line 488, in _call_with_frames_removed
  File "/home/ec2-user/environment/lab4_model_training/dags/train_model_dag.py", line 35, in <module>
    train_task = PythonOperator(
                 ^^^^^^^^^^^^^^^
  File "/home/ec2-user/environment/lab4_model_training/venv/lib64/python3.12/site-packages/airflow/models/baseoperator.py", line 490, in apply_defaults
    result = func(self, **kwargs, default_args=default_args)
             ^^^^^^^^^^^^^^^^^^^^^^^^^^^^^^^^^^^^^^^^^^^^^^^
  File "/home/ec2-user/environment/lab4_model_training/venv/lib64/python3.12/site-packages/airflow/operators/python.py", line 224, in __init__
    raise AirflowException("`python_callable` param must be callable")
airflow.exceptions.AirflowException: `python_callable` param must be callable
[2026-03-28T19:56:04.886+0000] {logging_mixin.py:190} WARNING - /home/ec2-user/environment/lab4_model_training/venv/lib64/python3.12/site-packages/sklearn/linear_model/_logistic.py:469 ConvergenceWarning: lbfgs failed to converge (status=1):
STOP: TOTAL NO. OF ITERATIONS REACHED LIMIT.

Increase the number of iterations (max_iter) or scale the data as shown in:
    https://scikit-learn.org/stable/modules/preprocessing.html
Please also refer to the documentation for alternative solver options:
    https://scikit-learn.org/stable/modules/linear_model.html#logistic-regression
[2026-03-28T19:56:04.886+0000] {processor.py:927} WARNING - No viable dags retrieved from /home/ec2-user/environment/lab4_model_training/dags/train_model_dag.py
[2026-03-28T19:56:04.901+0000] {processor.py:208} INFO - Processing /home/ec2-user/environment/lab4_model_training/dags/train_model_dag.py took 1.403 seconds
[2026-03-28T19:56:35.633+0000] {processor.py:186} INFO - Started process (PID=13870) to work on /home/ec2-user/environment/lab4_model_training/dags/train_model_dag.py
[2026-03-28T19:56:35.634+0000] {processor.py:914} INFO - Processing file /home/ec2-user/environment/lab4_model_training/dags/train_model_dag.py for tasks to queue
[2026-03-28T19:56:35.635+0000] {logging_mixin.py:190} INFO - [2026-03-28T19:56:35.635+0000] {dagbag.py:588} INFO - Filling up the DagBag from /home/ec2-user/environment/lab4_model_training/dags/train_model_dag.py
[2026-03-28T19:56:37.025+0000] {logging_mixin.py:190} INFO - [2026-03-28T19:56:37.023+0000] {dagbag.py:387} ERROR - Failed to import: /home/ec2-user/environment/lab4_model_training/dags/train_model_dag.py
Traceback (most recent call last):
  File "/home/ec2-user/environment/lab4_model_training/venv/lib64/python3.12/site-packages/airflow/models/dagbag.py", line 383, in parse
    loader.exec_module(new_module)
  File "<frozen importlib._bootstrap_external>", line 999, in exec_module
  File "<frozen importlib._bootstrap>", line 488, in _call_with_frames_removed
  File "/home/ec2-user/environment/lab4_model_training/dags/train_model_dag.py", line 35, in <module>
    train_task = PythonOperator(
                 ^^^^^^^^^^^^^^^
  File "/home/ec2-user/environment/lab4_model_training/venv/lib64/python3.12/site-packages/airflow/models/baseoperator.py", line 490, in apply_defaults
    result = func(self, **kwargs, default_args=default_args)
             ^^^^^^^^^^^^^^^^^^^^^^^^^^^^^^^^^^^^^^^^^^^^^^^
  File "/home/ec2-user/environment/lab4_model_training/venv/lib64/python3.12/site-packages/airflow/operators/python.py", line 224, in __init__
    raise AirflowException("`python_callable` param must be callable")
airflow.exceptions.AirflowException: `python_callable` param must be callable
[2026-03-28T19:56:37.031+0000] {logging_mixin.py:190} WARNING - /home/ec2-user/environment/lab4_model_training/venv/lib64/python3.12/site-packages/sklearn/linear_model/_logistic.py:469 ConvergenceWarning: lbfgs failed to converge (status=1):
STOP: TOTAL NO. OF ITERATIONS REACHED LIMIT.

Increase the number of iterations (max_iter) or scale the data as shown in:
    https://scikit-learn.org/stable/modules/preprocessing.html
Please also refer to the documentation for alternative solver options:
    https://scikit-learn.org/stable/modules/linear_model.html#logistic-regression
[2026-03-28T19:56:37.031+0000] {processor.py:927} WARNING - No viable dags retrieved from /home/ec2-user/environment/lab4_model_training/dags/train_model_dag.py
[2026-03-28T19:56:37.046+0000] {processor.py:208} INFO - Processing /home/ec2-user/environment/lab4_model_training/dags/train_model_dag.py took 1.418 seconds
[2026-03-28T19:57:07.583+0000] {processor.py:186} INFO - Started process (PID=13931) to work on /home/ec2-user/environment/lab4_model_training/dags/train_model_dag.py
[2026-03-28T19:57:07.584+0000] {processor.py:914} INFO - Processing file /home/ec2-user/environment/lab4_model_training/dags/train_model_dag.py for tasks to queue
[2026-03-28T19:57:07.585+0000] {logging_mixin.py:190} INFO - [2026-03-28T19:57:07.584+0000] {dagbag.py:588} INFO - Filling up the DagBag from /home/ec2-user/environment/lab4_model_training/dags/train_model_dag.py
[2026-03-28T19:57:08.929+0000] {logging_mixin.py:190} INFO - [2026-03-28T19:57:08.927+0000] {dagbag.py:387} ERROR - Failed to import: /home/ec2-user/environment/lab4_model_training/dags/train_model_dag.py
Traceback (most recent call last):
  File "/home/ec2-user/environment/lab4_model_training/venv/lib64/python3.12/site-packages/airflow/models/dagbag.py", line 383, in parse
    loader.exec_module(new_module)
  File "<frozen importlib._bootstrap_external>", line 999, in exec_module
  File "<frozen importlib._bootstrap>", line 488, in _call_with_frames_removed
  File "/home/ec2-user/environment/lab4_model_training/dags/train_model_dag.py", line 35, in <module>
    train_task = PythonOperator(
                 ^^^^^^^^^^^^^^^
  File "/home/ec2-user/environment/lab4_model_training/venv/lib64/python3.12/site-packages/airflow/models/baseoperator.py", line 490, in apply_defaults
    result = func(self, **kwargs, default_args=default_args)
             ^^^^^^^^^^^^^^^^^^^^^^^^^^^^^^^^^^^^^^^^^^^^^^^
  File "/home/ec2-user/environment/lab4_model_training/venv/lib64/python3.12/site-packages/airflow/operators/python.py", line 224, in __init__
    raise AirflowException("`python_callable` param must be callable")
airflow.exceptions.AirflowException: `python_callable` param must be callable
[2026-03-28T19:57:08.937+0000] {logging_mixin.py:190} WARNING - /home/ec2-user/environment/lab4_model_training/venv/lib64/python3.12/site-packages/sklearn/linear_model/_logistic.py:469 ConvergenceWarning: lbfgs failed to converge (status=1):
STOP: TOTAL NO. OF ITERATIONS REACHED LIMIT.

Increase the number of iterations (max_iter) or scale the data as shown in:
    https://scikit-learn.org/stable/modules/preprocessing.html
Please also refer to the documentation for alternative solver options:
    https://scikit-learn.org/stable/modules/linear_model.html#logistic-regression
[2026-03-28T19:57:08.937+0000] {processor.py:927} WARNING - No viable dags retrieved from /home/ec2-user/environment/lab4_model_training/dags/train_model_dag.py
[2026-03-28T19:57:08.952+0000] {processor.py:208} INFO - Processing /home/ec2-user/environment/lab4_model_training/dags/train_model_dag.py took 1.374 seconds
[2026-03-28T19:57:39.084+0000] {processor.py:186} INFO - Started process (PID=13969) to work on /home/ec2-user/environment/lab4_model_training/dags/train_model_dag.py
[2026-03-28T19:57:39.085+0000] {processor.py:914} INFO - Processing file /home/ec2-user/environment/lab4_model_training/dags/train_model_dag.py for tasks to queue
[2026-03-28T19:57:39.086+0000] {logging_mixin.py:190} INFO - [2026-03-28T19:57:39.086+0000] {dagbag.py:588} INFO - Filling up the DagBag from /home/ec2-user/environment/lab4_model_training/dags/train_model_dag.py
[2026-03-28T19:57:40.462+0000] {logging_mixin.py:190} INFO - [2026-03-28T19:57:40.460+0000] {dagbag.py:387} ERROR - Failed to import: /home/ec2-user/environment/lab4_model_training/dags/train_model_dag.py
Traceback (most recent call last):
  File "/home/ec2-user/environment/lab4_model_training/venv/lib64/python3.12/site-packages/airflow/models/dagbag.py", line 383, in parse
    loader.exec_module(new_module)
  File "<frozen importlib._bootstrap_external>", line 999, in exec_module
  File "<frozen importlib._bootstrap>", line 488, in _call_with_frames_removed
  File "/home/ec2-user/environment/lab4_model_training/dags/train_model_dag.py", line 35, in <module>
    train_task = PythonOperator(
                 ^^^^^^^^^^^^^^^
  File "/home/ec2-user/environment/lab4_model_training/venv/lib64/python3.12/site-packages/airflow/models/baseoperator.py", line 490, in apply_defaults
    result = func(self, **kwargs, default_args=default_args)
             ^^^^^^^^^^^^^^^^^^^^^^^^^^^^^^^^^^^^^^^^^^^^^^^
  File "/home/ec2-user/environment/lab4_model_training/venv/lib64/python3.12/site-packages/airflow/operators/python.py", line 224, in __init__
    raise AirflowException("`python_callable` param must be callable")
airflow.exceptions.AirflowException: `python_callable` param must be callable
[2026-03-28T19:57:40.470+0000] {logging_mixin.py:190} WARNING - /home/ec2-user/environment/lab4_model_training/venv/lib64/python3.12/site-packages/sklearn/linear_model/_logistic.py:469 ConvergenceWarning: lbfgs failed to converge (status=1):
STOP: TOTAL NO. OF ITERATIONS REACHED LIMIT.

Increase the number of iterations (max_iter) or scale the data as shown in:
    https://scikit-learn.org/stable/modules/preprocessing.html
Please also refer to the documentation for alternative solver options:
    https://scikit-learn.org/stable/modules/linear_model.html#logistic-regression
[2026-03-28T19:57:40.470+0000] {processor.py:927} WARNING - No viable dags retrieved from /home/ec2-user/environment/lab4_model_training/dags/train_model_dag.py
[2026-03-28T19:57:40.485+0000] {processor.py:208} INFO - Processing /home/ec2-user/environment/lab4_model_training/dags/train_model_dag.py took 1.406 seconds
[2026-03-28T19:58:10.797+0000] {processor.py:186} INFO - Started process (PID=14010) to work on /home/ec2-user/environment/lab4_model_training/dags/train_model_dag.py
[2026-03-28T19:58:10.798+0000] {processor.py:914} INFO - Processing file /home/ec2-user/environment/lab4_model_training/dags/train_model_dag.py for tasks to queue
[2026-03-28T19:58:10.799+0000] {logging_mixin.py:190} INFO - [2026-03-28T19:58:10.799+0000] {dagbag.py:588} INFO - Filling up the DagBag from /home/ec2-user/environment/lab4_model_training/dags/train_model_dag.py
[2026-03-28T19:58:12.141+0000] {logging_mixin.py:190} INFO - [2026-03-28T19:58:12.139+0000] {dagbag.py:387} ERROR - Failed to import: /home/ec2-user/environment/lab4_model_training/dags/train_model_dag.py
Traceback (most recent call last):
  File "/home/ec2-user/environment/lab4_model_training/venv/lib64/python3.12/site-packages/airflow/models/dagbag.py", line 383, in parse
    loader.exec_module(new_module)
  File "<frozen importlib._bootstrap_external>", line 999, in exec_module
  File "<frozen importlib._bootstrap>", line 488, in _call_with_frames_removed
  File "/home/ec2-user/environment/lab4_model_training/dags/train_model_dag.py", line 35, in <module>
    train_task = PythonOperator(
                 ^^^^^^^^^^^^^^^
  File "/home/ec2-user/environment/lab4_model_training/venv/lib64/python3.12/site-packages/airflow/models/baseoperator.py", line 490, in apply_defaults
    result = func(self, **kwargs, default_args=default_args)
             ^^^^^^^^^^^^^^^^^^^^^^^^^^^^^^^^^^^^^^^^^^^^^^^
  File "/home/ec2-user/environment/lab4_model_training/venv/lib64/python3.12/site-packages/airflow/operators/python.py", line 224, in __init__
    raise AirflowException("`python_callable` param must be callable")
airflow.exceptions.AirflowException: `python_callable` param must be callable
[2026-03-28T19:58:12.147+0000] {logging_mixin.py:190} WARNING - /home/ec2-user/environment/lab4_model_training/venv/lib64/python3.12/site-packages/sklearn/linear_model/_logistic.py:469 ConvergenceWarning: lbfgs failed to converge (status=1):
STOP: TOTAL NO. OF ITERATIONS REACHED LIMIT.

Increase the number of iterations (max_iter) or scale the data as shown in:
    https://scikit-learn.org/stable/modules/preprocessing.html
Please also refer to the documentation for alternative solver options:
    https://scikit-learn.org/stable/modules/linear_model.html#logistic-regression
[2026-03-28T19:58:12.147+0000] {processor.py:927} WARNING - No viable dags retrieved from /home/ec2-user/environment/lab4_model_training/dags/train_model_dag.py
[2026-03-28T19:58:12.161+0000] {processor.py:208} INFO - Processing /home/ec2-user/environment/lab4_model_training/dags/train_model_dag.py took 1.369 seconds
[2026-03-28T19:58:42.842+0000] {processor.py:186} INFO - Started process (PID=14084) to work on /home/ec2-user/environment/lab4_model_training/dags/train_model_dag.py
[2026-03-28T19:58:42.842+0000] {processor.py:914} INFO - Processing file /home/ec2-user/environment/lab4_model_training/dags/train_model_dag.py for tasks to queue
[2026-03-28T19:58:42.843+0000] {logging_mixin.py:190} INFO - [2026-03-28T19:58:42.843+0000] {dagbag.py:588} INFO - Filling up the DagBag from /home/ec2-user/environment/lab4_model_training/dags/train_model_dag.py
[2026-03-28T19:58:44.217+0000] {logging_mixin.py:190} INFO - [2026-03-28T19:58:44.214+0000] {dagbag.py:387} ERROR - Failed to import: /home/ec2-user/environment/lab4_model_training/dags/train_model_dag.py
Traceback (most recent call last):
  File "/home/ec2-user/environment/lab4_model_training/venv/lib64/python3.12/site-packages/airflow/models/dagbag.py", line 383, in parse
    loader.exec_module(new_module)
  File "<frozen importlib._bootstrap_external>", line 999, in exec_module
  File "<frozen importlib._bootstrap>", line 488, in _call_with_frames_removed
  File "/home/ec2-user/environment/lab4_model_training/dags/train_model_dag.py", line 35, in <module>
    train_task = PythonOperator(
                 ^^^^^^^^^^^^^^^
  File "/home/ec2-user/environment/lab4_model_training/venv/lib64/python3.12/site-packages/airflow/models/baseoperator.py", line 490, in apply_defaults
    result = func(self, **kwargs, default_args=default_args)
             ^^^^^^^^^^^^^^^^^^^^^^^^^^^^^^^^^^^^^^^^^^^^^^^
  File "/home/ec2-user/environment/lab4_model_training/venv/lib64/python3.12/site-packages/airflow/operators/python.py", line 224, in __init__
    raise AirflowException("`python_callable` param must be callable")
airflow.exceptions.AirflowException: `python_callable` param must be callable
[2026-03-28T19:58:44.223+0000] {logging_mixin.py:190} WARNING - /home/ec2-user/environment/lab4_model_training/venv/lib64/python3.12/site-packages/sklearn/linear_model/_logistic.py:469 ConvergenceWarning: lbfgs failed to converge (status=1):
STOP: TOTAL NO. OF ITERATIONS REACHED LIMIT.

Increase the number of iterations (max_iter) or scale the data as shown in:
    https://scikit-learn.org/stable/modules/preprocessing.html
Please also refer to the documentation for alternative solver options:
    https://scikit-learn.org/stable/modules/linear_model.html#logistic-regression
[2026-03-28T19:58:44.223+0000] {processor.py:927} WARNING - No viable dags retrieved from /home/ec2-user/environment/lab4_model_training/dags/train_model_dag.py
[2026-03-28T19:58:44.238+0000] {processor.py:208} INFO - Processing /home/ec2-user/environment/lab4_model_training/dags/train_model_dag.py took 1.401 seconds
[2026-03-28T19:59:14.888+0000] {processor.py:186} INFO - Started process (PID=14122) to work on /home/ec2-user/environment/lab4_model_training/dags/train_model_dag.py
[2026-03-28T19:59:14.889+0000] {processor.py:914} INFO - Processing file /home/ec2-user/environment/lab4_model_training/dags/train_model_dag.py for tasks to queue
[2026-03-28T19:59:14.890+0000] {logging_mixin.py:190} INFO - [2026-03-28T19:59:14.889+0000] {dagbag.py:588} INFO - Filling up the DagBag from /home/ec2-user/environment/lab4_model_training/dags/train_model_dag.py
[2026-03-28T19:59:16.283+0000] {logging_mixin.py:190} INFO - [2026-03-28T19:59:16.281+0000] {dagbag.py:387} ERROR - Failed to import: /home/ec2-user/environment/lab4_model_training/dags/train_model_dag.py
Traceback (most recent call last):
  File "/home/ec2-user/environment/lab4_model_training/venv/lib64/python3.12/site-packages/airflow/models/dagbag.py", line 383, in parse
    loader.exec_module(new_module)
  File "<frozen importlib._bootstrap_external>", line 999, in exec_module
  File "<frozen importlib._bootstrap>", line 488, in _call_with_frames_removed
  File "/home/ec2-user/environment/lab4_model_training/dags/train_model_dag.py", line 35, in <module>
    train_task = PythonOperator(
                 ^^^^^^^^^^^^^^^
  File "/home/ec2-user/environment/lab4_model_training/venv/lib64/python3.12/site-packages/airflow/models/baseoperator.py", line 490, in apply_defaults
    result = func(self, **kwargs, default_args=default_args)
             ^^^^^^^^^^^^^^^^^^^^^^^^^^^^^^^^^^^^^^^^^^^^^^^
  File "/home/ec2-user/environment/lab4_model_training/venv/lib64/python3.12/site-packages/airflow/operators/python.py", line 224, in __init__
    raise AirflowException("`python_callable` param must be callable")
airflow.exceptions.AirflowException: `python_callable` param must be callable
[2026-03-28T19:59:16.290+0000] {logging_mixin.py:190} WARNING - /home/ec2-user/environment/lab4_model_training/venv/lib64/python3.12/site-packages/sklearn/linear_model/_logistic.py:469 ConvergenceWarning: lbfgs failed to converge (status=1):
STOP: TOTAL NO. OF ITERATIONS REACHED LIMIT.

Increase the number of iterations (max_iter) or scale the data as shown in:
    https://scikit-learn.org/stable/modules/preprocessing.html
Please also refer to the documentation for alternative solver options:
    https://scikit-learn.org/stable/modules/linear_model.html#logistic-regression
[2026-03-28T19:59:16.290+0000] {processor.py:927} WARNING - No viable dags retrieved from /home/ec2-user/environment/lab4_model_training/dags/train_model_dag.py
[2026-03-28T19:59:16.305+0000] {processor.py:208} INFO - Processing /home/ec2-user/environment/lab4_model_training/dags/train_model_dag.py took 1.422 seconds
[2026-03-28T19:59:46.456+0000] {processor.py:186} INFO - Started process (PID=14152) to work on /home/ec2-user/environment/lab4_model_training/dags/train_model_dag.py
[2026-03-28T19:59:46.457+0000] {processor.py:914} INFO - Processing file /home/ec2-user/environment/lab4_model_training/dags/train_model_dag.py for tasks to queue
[2026-03-28T19:59:46.458+0000] {logging_mixin.py:190} INFO - [2026-03-28T19:59:46.458+0000] {dagbag.py:588} INFO - Filling up the DagBag from /home/ec2-user/environment/lab4_model_training/dags/train_model_dag.py
[2026-03-28T19:59:47.800+0000] {logging_mixin.py:190} INFO - [2026-03-28T19:59:47.797+0000] {dagbag.py:387} ERROR - Failed to import: /home/ec2-user/environment/lab4_model_training/dags/train_model_dag.py
Traceback (most recent call last):
  File "/home/ec2-user/environment/lab4_model_training/venv/lib64/python3.12/site-packages/airflow/models/dagbag.py", line 383, in parse
    loader.exec_module(new_module)
  File "<frozen importlib._bootstrap_external>", line 999, in exec_module
  File "<frozen importlib._bootstrap>", line 488, in _call_with_frames_removed
  File "/home/ec2-user/environment/lab4_model_training/dags/train_model_dag.py", line 35, in <module>
    train_task = PythonOperator(
                 ^^^^^^^^^^^^^^^
  File "/home/ec2-user/environment/lab4_model_training/venv/lib64/python3.12/site-packages/airflow/models/baseoperator.py", line 490, in apply_defaults
    result = func(self, **kwargs, default_args=default_args)
             ^^^^^^^^^^^^^^^^^^^^^^^^^^^^^^^^^^^^^^^^^^^^^^^
  File "/home/ec2-user/environment/lab4_model_training/venv/lib64/python3.12/site-packages/airflow/operators/python.py", line 224, in __init__
    raise AirflowException("`python_callable` param must be callable")
airflow.exceptions.AirflowException: `python_callable` param must be callable
[2026-03-28T19:59:47.806+0000] {logging_mixin.py:190} WARNING - /home/ec2-user/environment/lab4_model_training/venv/lib64/python3.12/site-packages/sklearn/linear_model/_logistic.py:469 ConvergenceWarning: lbfgs failed to converge (status=1):
STOP: TOTAL NO. OF ITERATIONS REACHED LIMIT.

Increase the number of iterations (max_iter) or scale the data as shown in:
    https://scikit-learn.org/stable/modules/preprocessing.html
Please also refer to the documentation for alternative solver options:
    https://scikit-learn.org/stable/modules/linear_model.html#logistic-regression
[2026-03-28T19:59:47.806+0000] {processor.py:927} WARNING - No viable dags retrieved from /home/ec2-user/environment/lab4_model_training/dags/train_model_dag.py
[2026-03-28T19:59:47.820+0000] {processor.py:208} INFO - Processing /home/ec2-user/environment/lab4_model_training/dags/train_model_dag.py took 1.369 seconds
[2026-03-28T20:00:18.600+0000] {processor.py:186} INFO - Started process (PID=14244) to work on /home/ec2-user/environment/lab4_model_training/dags/train_model_dag.py
[2026-03-28T20:00:18.601+0000] {processor.py:914} INFO - Processing file /home/ec2-user/environment/lab4_model_training/dags/train_model_dag.py for tasks to queue
[2026-03-28T20:00:18.602+0000] {logging_mixin.py:190} INFO - [2026-03-28T20:00:18.601+0000] {dagbag.py:588} INFO - Filling up the DagBag from /home/ec2-user/environment/lab4_model_training/dags/train_model_dag.py
[2026-03-28T20:00:19.977+0000] {logging_mixin.py:190} INFO - [2026-03-28T20:00:19.975+0000] {dagbag.py:387} ERROR - Failed to import: /home/ec2-user/environment/lab4_model_training/dags/train_model_dag.py
Traceback (most recent call last):
  File "/home/ec2-user/environment/lab4_model_training/venv/lib64/python3.12/site-packages/airflow/models/dagbag.py", line 383, in parse
    loader.exec_module(new_module)
  File "<frozen importlib._bootstrap_external>", line 999, in exec_module
  File "<frozen importlib._bootstrap>", line 488, in _call_with_frames_removed
  File "/home/ec2-user/environment/lab4_model_training/dags/train_model_dag.py", line 35, in <module>
    train_task = PythonOperator(
                 ^^^^^^^^^^^^^^^
  File "/home/ec2-user/environment/lab4_model_training/venv/lib64/python3.12/site-packages/airflow/models/baseoperator.py", line 490, in apply_defaults
    result = func(self, **kwargs, default_args=default_args)
             ^^^^^^^^^^^^^^^^^^^^^^^^^^^^^^^^^^^^^^^^^^^^^^^
  File "/home/ec2-user/environment/lab4_model_training/venv/lib64/python3.12/site-packages/airflow/operators/python.py", line 224, in __init__
    raise AirflowException("`python_callable` param must be callable")
airflow.exceptions.AirflowException: `python_callable` param must be callable
[2026-03-28T20:00:19.983+0000] {logging_mixin.py:190} WARNING - /home/ec2-user/environment/lab4_model_training/venv/lib64/python3.12/site-packages/sklearn/linear_model/_logistic.py:469 ConvergenceWarning: lbfgs failed to converge (status=1):
STOP: TOTAL NO. OF ITERATIONS REACHED LIMIT.

Increase the number of iterations (max_iter) or scale the data as shown in:
    https://scikit-learn.org/stable/modules/preprocessing.html
Please also refer to the documentation for alternative solver options:
    https://scikit-learn.org/stable/modules/linear_model.html#logistic-regression
[2026-03-28T20:00:19.984+0000] {processor.py:927} WARNING - No viable dags retrieved from /home/ec2-user/environment/lab4_model_training/dags/train_model_dag.py
[2026-03-28T20:00:19.998+0000] {processor.py:208} INFO - Processing /home/ec2-user/environment/lab4_model_training/dags/train_model_dag.py took 1.402 seconds
[2026-03-28T20:00:50.640+0000] {processor.py:186} INFO - Started process (PID=14280) to work on /home/ec2-user/environment/lab4_model_training/dags/train_model_dag.py
[2026-03-28T20:00:50.641+0000] {processor.py:914} INFO - Processing file /home/ec2-user/environment/lab4_model_training/dags/train_model_dag.py for tasks to queue
[2026-03-28T20:00:50.642+0000] {logging_mixin.py:190} INFO - [2026-03-28T20:00:50.641+0000] {dagbag.py:588} INFO - Filling up the DagBag from /home/ec2-user/environment/lab4_model_training/dags/train_model_dag.py
[2026-03-28T20:00:53.539+0000] {logging_mixin.py:190} INFO - [2026-03-28T20:00:53.537+0000] {dagbag.py:387} ERROR - Failed to import: /home/ec2-user/environment/lab4_model_training/dags/train_model_dag.py
Traceback (most recent call last):
  File "/home/ec2-user/environment/lab4_model_training/venv/lib64/python3.12/site-packages/airflow/models/dagbag.py", line 383, in parse
    loader.exec_module(new_module)
  File "<frozen importlib._bootstrap_external>", line 999, in exec_module
  File "<frozen importlib._bootstrap>", line 488, in _call_with_frames_removed
  File "/home/ec2-user/environment/lab4_model_training/dags/train_model_dag.py", line 35, in <module>
    train_task = PythonOperator(
                 ^^^^^^^^^^^^^^^
  File "/home/ec2-user/environment/lab4_model_training/venv/lib64/python3.12/site-packages/airflow/models/baseoperator.py", line 490, in apply_defaults
    result = func(self, **kwargs, default_args=default_args)
             ^^^^^^^^^^^^^^^^^^^^^^^^^^^^^^^^^^^^^^^^^^^^^^^
  File "/home/ec2-user/environment/lab4_model_training/venv/lib64/python3.12/site-packages/airflow/operators/python.py", line 224, in __init__
    raise AirflowException("`python_callable` param must be callable")
airflow.exceptions.AirflowException: `python_callable` param must be callable
[2026-03-28T20:00:53.546+0000] {logging_mixin.py:190} WARNING - /home/ec2-user/environment/lab4_model_training/venv/lib64/python3.12/site-packages/sklearn/linear_model/_logistic.py:469 ConvergenceWarning: lbfgs failed to converge (status=1):
STOP: TOTAL NO. OF ITERATIONS REACHED LIMIT.

Increase the number of iterations (max_iter) or scale the data as shown in:
    https://scikit-learn.org/stable/modules/preprocessing.html
Please also refer to the documentation for alternative solver options:
    https://scikit-learn.org/stable/modules/linear_model.html#logistic-regression
[2026-03-28T20:00:53.546+0000] {processor.py:927} WARNING - No viable dags retrieved from /home/ec2-user/environment/lab4_model_training/dags/train_model_dag.py
[2026-03-28T20:00:53.561+0000] {processor.py:208} INFO - Processing /home/ec2-user/environment/lab4_model_training/dags/train_model_dag.py took 2.926 seconds
[2026-03-28T20:01:23.730+0000] {processor.py:186} INFO - Started process (PID=14346) to work on /home/ec2-user/environment/lab4_model_training/dags/train_model_dag.py
[2026-03-28T20:01:23.731+0000] {processor.py:914} INFO - Processing file /home/ec2-user/environment/lab4_model_training/dags/train_model_dag.py for tasks to queue
[2026-03-28T20:01:23.732+0000] {logging_mixin.py:190} INFO - [2026-03-28T20:01:23.732+0000] {dagbag.py:588} INFO - Filling up the DagBag from /home/ec2-user/environment/lab4_model_training/dags/train_model_dag.py
[2026-03-28T20:01:25.102+0000] {logging_mixin.py:190} INFO - [2026-03-28T20:01:25.100+0000] {dagbag.py:387} ERROR - Failed to import: /home/ec2-user/environment/lab4_model_training/dags/train_model_dag.py
Traceback (most recent call last):
  File "/home/ec2-user/environment/lab4_model_training/venv/lib64/python3.12/site-packages/airflow/models/dagbag.py", line 383, in parse
    loader.exec_module(new_module)
  File "<frozen importlib._bootstrap_external>", line 999, in exec_module
  File "<frozen importlib._bootstrap>", line 488, in _call_with_frames_removed
  File "/home/ec2-user/environment/lab4_model_training/dags/train_model_dag.py", line 35, in <module>
    train_task = PythonOperator(
                 ^^^^^^^^^^^^^^^
  File "/home/ec2-user/environment/lab4_model_training/venv/lib64/python3.12/site-packages/airflow/models/baseoperator.py", line 490, in apply_defaults
    result = func(self, **kwargs, default_args=default_args)
             ^^^^^^^^^^^^^^^^^^^^^^^^^^^^^^^^^^^^^^^^^^^^^^^
  File "/home/ec2-user/environment/lab4_model_training/venv/lib64/python3.12/site-packages/airflow/operators/python.py", line 224, in __init__
    raise AirflowException("`python_callable` param must be callable")
airflow.exceptions.AirflowException: `python_callable` param must be callable
[2026-03-28T20:01:25.110+0000] {logging_mixin.py:190} WARNING - /home/ec2-user/environment/lab4_model_training/venv/lib64/python3.12/site-packages/sklearn/linear_model/_logistic.py:469 ConvergenceWarning: lbfgs failed to converge (status=1):
STOP: TOTAL NO. OF ITERATIONS REACHED LIMIT.

Increase the number of iterations (max_iter) or scale the data as shown in:
    https://scikit-learn.org/stable/modules/preprocessing.html
Please also refer to the documentation for alternative solver options:
    https://scikit-learn.org/stable/modules/linear_model.html#logistic-regression
[2026-03-28T20:01:25.111+0000] {processor.py:927} WARNING - No viable dags retrieved from /home/ec2-user/environment/lab4_model_training/dags/train_model_dag.py
[2026-03-28T20:01:25.125+0000] {processor.py:208} INFO - Processing /home/ec2-user/environment/lab4_model_training/dags/train_model_dag.py took 1.399 seconds
[2026-03-28T20:01:55.472+0000] {processor.py:186} INFO - Started process (PID=14422) to work on /home/ec2-user/environment/lab4_model_training/dags/train_model_dag.py
[2026-03-28T20:01:55.474+0000] {processor.py:914} INFO - Processing file /home/ec2-user/environment/lab4_model_training/dags/train_model_dag.py for tasks to queue
[2026-03-28T20:01:55.475+0000] {logging_mixin.py:190} INFO - [2026-03-28T20:01:55.474+0000] {dagbag.py:588} INFO - Filling up the DagBag from /home/ec2-user/environment/lab4_model_training/dags/train_model_dag.py
[2026-03-28T20:01:56.856+0000] {logging_mixin.py:190} INFO - [2026-03-28T20:01:56.854+0000] {dagbag.py:387} ERROR - Failed to import: /home/ec2-user/environment/lab4_model_training/dags/train_model_dag.py
Traceback (most recent call last):
  File "/home/ec2-user/environment/lab4_model_training/venv/lib64/python3.12/site-packages/airflow/models/dagbag.py", line 383, in parse
    loader.exec_module(new_module)
  File "<frozen importlib._bootstrap_external>", line 999, in exec_module
  File "<frozen importlib._bootstrap>", line 488, in _call_with_frames_removed
  File "/home/ec2-user/environment/lab4_model_training/dags/train_model_dag.py", line 35, in <module>
    train_task = PythonOperator(
                 ^^^^^^^^^^^^^^^
  File "/home/ec2-user/environment/lab4_model_training/venv/lib64/python3.12/site-packages/airflow/models/baseoperator.py", line 490, in apply_defaults
    result = func(self, **kwargs, default_args=default_args)
             ^^^^^^^^^^^^^^^^^^^^^^^^^^^^^^^^^^^^^^^^^^^^^^^
  File "/home/ec2-user/environment/lab4_model_training/venv/lib64/python3.12/site-packages/airflow/operators/python.py", line 224, in __init__
    raise AirflowException("`python_callable` param must be callable")
airflow.exceptions.AirflowException: `python_callable` param must be callable
[2026-03-28T20:01:56.862+0000] {logging_mixin.py:190} WARNING - /home/ec2-user/environment/lab4_model_training/venv/lib64/python3.12/site-packages/sklearn/linear_model/_logistic.py:469 ConvergenceWarning: lbfgs failed to converge (status=1):
STOP: TOTAL NO. OF ITERATIONS REACHED LIMIT.

Increase the number of iterations (max_iter) or scale the data as shown in:
    https://scikit-learn.org/stable/modules/preprocessing.html
Please also refer to the documentation for alternative solver options:
    https://scikit-learn.org/stable/modules/linear_model.html#logistic-regression
[2026-03-28T20:01:56.863+0000] {processor.py:927} WARNING - No viable dags retrieved from /home/ec2-user/environment/lab4_model_training/dags/train_model_dag.py
[2026-03-28T20:01:56.878+0000] {processor.py:208} INFO - Processing /home/ec2-user/environment/lab4_model_training/dags/train_model_dag.py took 1.410 seconds
[2026-03-28T20:02:27.082+0000] {processor.py:186} INFO - Started process (PID=14463) to work on /home/ec2-user/environment/lab4_model_training/dags/train_model_dag.py
[2026-03-28T20:02:27.083+0000] {processor.py:914} INFO - Processing file /home/ec2-user/environment/lab4_model_training/dags/train_model_dag.py for tasks to queue
[2026-03-28T20:02:27.084+0000] {logging_mixin.py:190} INFO - [2026-03-28T20:02:27.084+0000] {dagbag.py:588} INFO - Filling up the DagBag from /home/ec2-user/environment/lab4_model_training/dags/train_model_dag.py
[2026-03-28T20:02:28.478+0000] {logging_mixin.py:190} INFO - [2026-03-28T20:02:28.476+0000] {dagbag.py:387} ERROR - Failed to import: /home/ec2-user/environment/lab4_model_training/dags/train_model_dag.py
Traceback (most recent call last):
  File "/home/ec2-user/environment/lab4_model_training/venv/lib64/python3.12/site-packages/airflow/models/dagbag.py", line 383, in parse
    loader.exec_module(new_module)
  File "<frozen importlib._bootstrap_external>", line 999, in exec_module
  File "<frozen importlib._bootstrap>", line 488, in _call_with_frames_removed
  File "/home/ec2-user/environment/lab4_model_training/dags/train_model_dag.py", line 35, in <module>
    train_task = PythonOperator(
                 ^^^^^^^^^^^^^^^
  File "/home/ec2-user/environment/lab4_model_training/venv/lib64/python3.12/site-packages/airflow/models/baseoperator.py", line 490, in apply_defaults
    result = func(self, **kwargs, default_args=default_args)
             ^^^^^^^^^^^^^^^^^^^^^^^^^^^^^^^^^^^^^^^^^^^^^^^
  File "/home/ec2-user/environment/lab4_model_training/venv/lib64/python3.12/site-packages/airflow/operators/python.py", line 224, in __init__
    raise AirflowException("`python_callable` param must be callable")
airflow.exceptions.AirflowException: `python_callable` param must be callable
[2026-03-28T20:02:28.484+0000] {logging_mixin.py:190} WARNING - /home/ec2-user/environment/lab4_model_training/venv/lib64/python3.12/site-packages/sklearn/linear_model/_logistic.py:469 ConvergenceWarning: lbfgs failed to converge (status=1):
STOP: TOTAL NO. OF ITERATIONS REACHED LIMIT.

Increase the number of iterations (max_iter) or scale the data as shown in:
    https://scikit-learn.org/stable/modules/preprocessing.html
Please also refer to the documentation for alternative solver options:
    https://scikit-learn.org/stable/modules/linear_model.html#logistic-regression
[2026-03-28T20:02:28.485+0000] {processor.py:927} WARNING - No viable dags retrieved from /home/ec2-user/environment/lab4_model_training/dags/train_model_dag.py
[2026-03-28T20:02:28.500+0000] {processor.py:208} INFO - Processing /home/ec2-user/environment/lab4_model_training/dags/train_model_dag.py took 1.422 seconds
[2026-03-28T20:02:58.693+0000] {processor.py:186} INFO - Started process (PID=14492) to work on /home/ec2-user/environment/lab4_model_training/dags/train_model_dag.py
[2026-03-28T20:02:58.695+0000] {processor.py:914} INFO - Processing file /home/ec2-user/environment/lab4_model_training/dags/train_model_dag.py for tasks to queue
[2026-03-28T20:02:58.696+0000] {logging_mixin.py:190} INFO - [2026-03-28T20:02:58.696+0000] {dagbag.py:588} INFO - Filling up the DagBag from /home/ec2-user/environment/lab4_model_training/dags/train_model_dag.py
[2026-03-28T20:03:00.091+0000] {logging_mixin.py:190} INFO - [2026-03-28T20:03:00.089+0000] {dagbag.py:387} ERROR - Failed to import: /home/ec2-user/environment/lab4_model_training/dags/train_model_dag.py
Traceback (most recent call last):
  File "/home/ec2-user/environment/lab4_model_training/venv/lib64/python3.12/site-packages/airflow/models/dagbag.py", line 383, in parse
    loader.exec_module(new_module)
  File "<frozen importlib._bootstrap_external>", line 999, in exec_module
  File "<frozen importlib._bootstrap>", line 488, in _call_with_frames_removed
  File "/home/ec2-user/environment/lab4_model_training/dags/train_model_dag.py", line 35, in <module>
    train_task = PythonOperator(
                 ^^^^^^^^^^^^^^^
  File "/home/ec2-user/environment/lab4_model_training/venv/lib64/python3.12/site-packages/airflow/models/baseoperator.py", line 490, in apply_defaults
    result = func(self, **kwargs, default_args=default_args)
             ^^^^^^^^^^^^^^^^^^^^^^^^^^^^^^^^^^^^^^^^^^^^^^^
  File "/home/ec2-user/environment/lab4_model_training/venv/lib64/python3.12/site-packages/airflow/operators/python.py", line 224, in __init__
    raise AirflowException("`python_callable` param must be callable")
airflow.exceptions.AirflowException: `python_callable` param must be callable
[2026-03-28T20:03:00.097+0000] {logging_mixin.py:190} WARNING - /home/ec2-user/environment/lab4_model_training/venv/lib64/python3.12/site-packages/sklearn/linear_model/_logistic.py:469 ConvergenceWarning: lbfgs failed to converge (status=1):
STOP: TOTAL NO. OF ITERATIONS REACHED LIMIT.

Increase the number of iterations (max_iter) or scale the data as shown in:
    https://scikit-learn.org/stable/modules/preprocessing.html
Please also refer to the documentation for alternative solver options:
    https://scikit-learn.org/stable/modules/linear_model.html#logistic-regression
[2026-03-28T20:03:00.097+0000] {processor.py:927} WARNING - No viable dags retrieved from /home/ec2-user/environment/lab4_model_training/dags/train_model_dag.py
[2026-03-28T20:03:00.112+0000] {processor.py:208} INFO - Processing /home/ec2-user/environment/lab4_model_training/dags/train_model_dag.py took 1.424 seconds
[2026-03-28T20:03:30.377+0000] {processor.py:186} INFO - Started process (PID=14532) to work on /home/ec2-user/environment/lab4_model_training/dags/train_model_dag.py
[2026-03-28T20:03:30.378+0000] {processor.py:914} INFO - Processing file /home/ec2-user/environment/lab4_model_training/dags/train_model_dag.py for tasks to queue
[2026-03-28T20:03:30.379+0000] {logging_mixin.py:190} INFO - [2026-03-28T20:03:30.379+0000] {dagbag.py:588} INFO - Filling up the DagBag from /home/ec2-user/environment/lab4_model_training/dags/train_model_dag.py
[2026-03-28T20:03:31.792+0000] {logging_mixin.py:190} INFO - [2026-03-28T20:03:31.789+0000] {dagbag.py:387} ERROR - Failed to import: /home/ec2-user/environment/lab4_model_training/dags/train_model_dag.py
Traceback (most recent call last):
  File "/home/ec2-user/environment/lab4_model_training/venv/lib64/python3.12/site-packages/airflow/models/dagbag.py", line 383, in parse
    loader.exec_module(new_module)
  File "<frozen importlib._bootstrap_external>", line 999, in exec_module
  File "<frozen importlib._bootstrap>", line 488, in _call_with_frames_removed
  File "/home/ec2-user/environment/lab4_model_training/dags/train_model_dag.py", line 35, in <module>
    train_task = PythonOperator(
                 ^^^^^^^^^^^^^^^
  File "/home/ec2-user/environment/lab4_model_training/venv/lib64/python3.12/site-packages/airflow/models/baseoperator.py", line 490, in apply_defaults
    result = func(self, **kwargs, default_args=default_args)
             ^^^^^^^^^^^^^^^^^^^^^^^^^^^^^^^^^^^^^^^^^^^^^^^
  File "/home/ec2-user/environment/lab4_model_training/venv/lib64/python3.12/site-packages/airflow/operators/python.py", line 224, in __init__
    raise AirflowException("`python_callable` param must be callable")
airflow.exceptions.AirflowException: `python_callable` param must be callable
[2026-03-28T20:03:31.798+0000] {logging_mixin.py:190} WARNING - /home/ec2-user/environment/lab4_model_training/venv/lib64/python3.12/site-packages/sklearn/linear_model/_logistic.py:469 ConvergenceWarning: lbfgs failed to converge (status=1):
STOP: TOTAL NO. OF ITERATIONS REACHED LIMIT.

Increase the number of iterations (max_iter) or scale the data as shown in:
    https://scikit-learn.org/stable/modules/preprocessing.html
Please also refer to the documentation for alternative solver options:
    https://scikit-learn.org/stable/modules/linear_model.html#logistic-regression
[2026-03-28T20:03:31.798+0000] {processor.py:927} WARNING - No viable dags retrieved from /home/ec2-user/environment/lab4_model_training/dags/train_model_dag.py
[2026-03-28T20:03:31.815+0000] {processor.py:208} INFO - Processing /home/ec2-user/environment/lab4_model_training/dags/train_model_dag.py took 1.443 seconds
[2026-03-28T20:04:01.995+0000] {processor.py:186} INFO - Started process (PID=14618) to work on /home/ec2-user/environment/lab4_model_training/dags/train_model_dag.py
[2026-03-28T20:04:01.996+0000] {processor.py:914} INFO - Processing file /home/ec2-user/environment/lab4_model_training/dags/train_model_dag.py for tasks to queue
[2026-03-28T20:04:01.998+0000] {logging_mixin.py:190} INFO - [2026-03-28T20:04:01.997+0000] {dagbag.py:588} INFO - Filling up the DagBag from /home/ec2-user/environment/lab4_model_training/dags/train_model_dag.py
[2026-03-28T20:04:03.387+0000] {logging_mixin.py:190} INFO - [2026-03-28T20:04:03.384+0000] {dagbag.py:387} ERROR - Failed to import: /home/ec2-user/environment/lab4_model_training/dags/train_model_dag.py
Traceback (most recent call last):
  File "/home/ec2-user/environment/lab4_model_training/venv/lib64/python3.12/site-packages/airflow/models/dagbag.py", line 383, in parse
    loader.exec_module(new_module)
  File "<frozen importlib._bootstrap_external>", line 999, in exec_module
  File "<frozen importlib._bootstrap>", line 488, in _call_with_frames_removed
  File "/home/ec2-user/environment/lab4_model_training/dags/train_model_dag.py", line 35, in <module>
    train_task = PythonOperator(
                 ^^^^^^^^^^^^^^^
  File "/home/ec2-user/environment/lab4_model_training/venv/lib64/python3.12/site-packages/airflow/models/baseoperator.py", line 490, in apply_defaults
    result = func(self, **kwargs, default_args=default_args)
             ^^^^^^^^^^^^^^^^^^^^^^^^^^^^^^^^^^^^^^^^^^^^^^^
  File "/home/ec2-user/environment/lab4_model_training/venv/lib64/python3.12/site-packages/airflow/operators/python.py", line 224, in __init__
    raise AirflowException("`python_callable` param must be callable")
airflow.exceptions.AirflowException: `python_callable` param must be callable
[2026-03-28T20:04:03.393+0000] {logging_mixin.py:190} WARNING - /home/ec2-user/environment/lab4_model_training/venv/lib64/python3.12/site-packages/sklearn/linear_model/_logistic.py:469 ConvergenceWarning: lbfgs failed to converge (status=1):
STOP: TOTAL NO. OF ITERATIONS REACHED LIMIT.

Increase the number of iterations (max_iter) or scale the data as shown in:
    https://scikit-learn.org/stable/modules/preprocessing.html
Please also refer to the documentation for alternative solver options:
    https://scikit-learn.org/stable/modules/linear_model.html#logistic-regression
[2026-03-28T20:04:03.393+0000] {processor.py:927} WARNING - No viable dags retrieved from /home/ec2-user/environment/lab4_model_training/dags/train_model_dag.py
[2026-03-28T20:04:03.409+0000] {processor.py:208} INFO - Processing /home/ec2-user/environment/lab4_model_training/dags/train_model_dag.py took 1.418 seconds
[2026-03-28T20:04:33.597+0000] {processor.py:186} INFO - Started process (PID=14666) to work on /home/ec2-user/environment/lab4_model_training/dags/train_model_dag.py
[2026-03-28T20:04:33.598+0000] {processor.py:914} INFO - Processing file /home/ec2-user/environment/lab4_model_training/dags/train_model_dag.py for tasks to queue
[2026-03-28T20:04:33.599+0000] {logging_mixin.py:190} INFO - [2026-03-28T20:04:33.598+0000] {dagbag.py:588} INFO - Filling up the DagBag from /home/ec2-user/environment/lab4_model_training/dags/train_model_dag.py
[2026-03-28T20:04:35.002+0000] {logging_mixin.py:190} INFO - [2026-03-28T20:04:34.999+0000] {dagbag.py:387} ERROR - Failed to import: /home/ec2-user/environment/lab4_model_training/dags/train_model_dag.py
Traceback (most recent call last):
  File "/home/ec2-user/environment/lab4_model_training/venv/lib64/python3.12/site-packages/airflow/models/dagbag.py", line 383, in parse
    loader.exec_module(new_module)
  File "<frozen importlib._bootstrap_external>", line 999, in exec_module
  File "<frozen importlib._bootstrap>", line 488, in _call_with_frames_removed
  File "/home/ec2-user/environment/lab4_model_training/dags/train_model_dag.py", line 35, in <module>
    train_task = PythonOperator(
                 ^^^^^^^^^^^^^^^
  File "/home/ec2-user/environment/lab4_model_training/venv/lib64/python3.12/site-packages/airflow/models/baseoperator.py", line 490, in apply_defaults
    result = func(self, **kwargs, default_args=default_args)
             ^^^^^^^^^^^^^^^^^^^^^^^^^^^^^^^^^^^^^^^^^^^^^^^
  File "/home/ec2-user/environment/lab4_model_training/venv/lib64/python3.12/site-packages/airflow/operators/python.py", line 224, in __init__
    raise AirflowException("`python_callable` param must be callable")
airflow.exceptions.AirflowException: `python_callable` param must be callable
[2026-03-28T20:04:35.008+0000] {logging_mixin.py:190} WARNING - /home/ec2-user/environment/lab4_model_training/venv/lib64/python3.12/site-packages/sklearn/linear_model/_logistic.py:469 ConvergenceWarning: lbfgs failed to converge (status=1):
STOP: TOTAL NO. OF ITERATIONS REACHED LIMIT.

Increase the number of iterations (max_iter) or scale the data as shown in:
    https://scikit-learn.org/stable/modules/preprocessing.html
Please also refer to the documentation for alternative solver options:
    https://scikit-learn.org/stable/modules/linear_model.html#logistic-regression
[2026-03-28T20:04:35.008+0000] {processor.py:927} WARNING - No viable dags retrieved from /home/ec2-user/environment/lab4_model_training/dags/train_model_dag.py
[2026-03-28T20:04:35.026+0000] {processor.py:208} INFO - Processing /home/ec2-user/environment/lab4_model_training/dags/train_model_dag.py took 1.434 seconds
[2026-03-28T20:05:05.210+0000] {processor.py:186} INFO - Started process (PID=14704) to work on /home/ec2-user/environment/lab4_model_training/dags/train_model_dag.py
[2026-03-28T20:05:05.211+0000] {processor.py:914} INFO - Processing file /home/ec2-user/environment/lab4_model_training/dags/train_model_dag.py for tasks to queue
[2026-03-28T20:05:05.213+0000] {logging_mixin.py:190} INFO - [2026-03-28T20:05:05.212+0000] {dagbag.py:588} INFO - Filling up the DagBag from /home/ec2-user/environment/lab4_model_training/dags/train_model_dag.py
[2026-03-28T20:05:06.587+0000] {logging_mixin.py:190} INFO - [2026-03-28T20:05:06.585+0000] {dagbag.py:387} ERROR - Failed to import: /home/ec2-user/environment/lab4_model_training/dags/train_model_dag.py
Traceback (most recent call last):
  File "/home/ec2-user/environment/lab4_model_training/venv/lib64/python3.12/site-packages/airflow/models/dagbag.py", line 383, in parse
    loader.exec_module(new_module)
  File "<frozen importlib._bootstrap_external>", line 999, in exec_module
  File "<frozen importlib._bootstrap>", line 488, in _call_with_frames_removed
  File "/home/ec2-user/environment/lab4_model_training/dags/train_model_dag.py", line 35, in <module>
    train_task = PythonOperator(
                 ^^^^^^^^^^^^^^^
  File "/home/ec2-user/environment/lab4_model_training/venv/lib64/python3.12/site-packages/airflow/models/baseoperator.py", line 490, in apply_defaults
    result = func(self, **kwargs, default_args=default_args)
             ^^^^^^^^^^^^^^^^^^^^^^^^^^^^^^^^^^^^^^^^^^^^^^^
  File "/home/ec2-user/environment/lab4_model_training/venv/lib64/python3.12/site-packages/airflow/operators/python.py", line 224, in __init__
    raise AirflowException("`python_callable` param must be callable")
airflow.exceptions.AirflowException: `python_callable` param must be callable
[2026-03-28T20:05:06.594+0000] {logging_mixin.py:190} WARNING - /home/ec2-user/environment/lab4_model_training/venv/lib64/python3.12/site-packages/sklearn/linear_model/_logistic.py:469 ConvergenceWarning: lbfgs failed to converge (status=1):
STOP: TOTAL NO. OF ITERATIONS REACHED LIMIT.

Increase the number of iterations (max_iter) or scale the data as shown in:
    https://scikit-learn.org/stable/modules/preprocessing.html
Please also refer to the documentation for alternative solver options:
    https://scikit-learn.org/stable/modules/linear_model.html#logistic-regression
[2026-03-28T20:05:06.594+0000] {processor.py:927} WARNING - No viable dags retrieved from /home/ec2-user/environment/lab4_model_training/dags/train_model_dag.py
[2026-03-28T20:05:06.608+0000] {processor.py:208} INFO - Processing /home/ec2-user/environment/lab4_model_training/dags/train_model_dag.py took 1.403 seconds
[2026-03-28T20:05:36.817+0000] {processor.py:186} INFO - Started process (PID=14780) to work on /home/ec2-user/environment/lab4_model_training/dags/train_model_dag.py
[2026-03-28T20:05:36.818+0000] {processor.py:914} INFO - Processing file /home/ec2-user/environment/lab4_model_training/dags/train_model_dag.py for tasks to queue
[2026-03-28T20:05:36.819+0000] {logging_mixin.py:190} INFO - [2026-03-28T20:05:36.819+0000] {dagbag.py:588} INFO - Filling up the DagBag from /home/ec2-user/environment/lab4_model_training/dags/train_model_dag.py
[2026-03-28T20:05:38.210+0000] {logging_mixin.py:190} INFO - [2026-03-28T20:05:38.208+0000] {dagbag.py:387} ERROR - Failed to import: /home/ec2-user/environment/lab4_model_training/dags/train_model_dag.py
Traceback (most recent call last):
  File "/home/ec2-user/environment/lab4_model_training/venv/lib64/python3.12/site-packages/airflow/models/dagbag.py", line 383, in parse
    loader.exec_module(new_module)
  File "<frozen importlib._bootstrap_external>", line 999, in exec_module
  File "<frozen importlib._bootstrap>", line 488, in _call_with_frames_removed
  File "/home/ec2-user/environment/lab4_model_training/dags/train_model_dag.py", line 35, in <module>
    train_task = PythonOperator(
                 ^^^^^^^^^^^^^^^
  File "/home/ec2-user/environment/lab4_model_training/venv/lib64/python3.12/site-packages/airflow/models/baseoperator.py", line 490, in apply_defaults
    result = func(self, **kwargs, default_args=default_args)
             ^^^^^^^^^^^^^^^^^^^^^^^^^^^^^^^^^^^^^^^^^^^^^^^
  File "/home/ec2-user/environment/lab4_model_training/venv/lib64/python3.12/site-packages/airflow/operators/python.py", line 224, in __init__
    raise AirflowException("`python_callable` param must be callable")
airflow.exceptions.AirflowException: `python_callable` param must be callable
[2026-03-28T20:05:38.216+0000] {logging_mixin.py:190} WARNING - /home/ec2-user/environment/lab4_model_training/venv/lib64/python3.12/site-packages/sklearn/linear_model/_logistic.py:469 ConvergenceWarning: lbfgs failed to converge (status=1):
STOP: TOTAL NO. OF ITERATIONS REACHED LIMIT.

Increase the number of iterations (max_iter) or scale the data as shown in:
    https://scikit-learn.org/stable/modules/preprocessing.html
Please also refer to the documentation for alternative solver options:
    https://scikit-learn.org/stable/modules/linear_model.html#logistic-regression
[2026-03-28T20:05:38.217+0000] {processor.py:927} WARNING - No viable dags retrieved from /home/ec2-user/environment/lab4_model_training/dags/train_model_dag.py
[2026-03-28T20:05:38.231+0000] {processor.py:208} INFO - Processing /home/ec2-user/environment/lab4_model_training/dags/train_model_dag.py took 1.419 seconds
[2026-03-28T20:06:08.531+0000] {processor.py:186} INFO - Started process (PID=14826) to work on /home/ec2-user/environment/lab4_model_training/dags/train_model_dag.py
[2026-03-28T20:06:08.532+0000] {processor.py:914} INFO - Processing file /home/ec2-user/environment/lab4_model_training/dags/train_model_dag.py for tasks to queue
[2026-03-28T20:06:08.533+0000] {logging_mixin.py:190} INFO - [2026-03-28T20:06:08.533+0000] {dagbag.py:588} INFO - Filling up the DagBag from /home/ec2-user/environment/lab4_model_training/dags/train_model_dag.py
[2026-03-28T20:06:09.910+0000] {logging_mixin.py:190} INFO - [2026-03-28T20:06:09.908+0000] {dagbag.py:387} ERROR - Failed to import: /home/ec2-user/environment/lab4_model_training/dags/train_model_dag.py
Traceback (most recent call last):
  File "/home/ec2-user/environment/lab4_model_training/venv/lib64/python3.12/site-packages/airflow/models/dagbag.py", line 383, in parse
    loader.exec_module(new_module)
  File "<frozen importlib._bootstrap_external>", line 999, in exec_module
  File "<frozen importlib._bootstrap>", line 488, in _call_with_frames_removed
  File "/home/ec2-user/environment/lab4_model_training/dags/train_model_dag.py", line 35, in <module>
    train_task = PythonOperator(
                 ^^^^^^^^^^^^^^^
  File "/home/ec2-user/environment/lab4_model_training/venv/lib64/python3.12/site-packages/airflow/models/baseoperator.py", line 490, in apply_defaults
    result = func(self, **kwargs, default_args=default_args)
             ^^^^^^^^^^^^^^^^^^^^^^^^^^^^^^^^^^^^^^^^^^^^^^^
  File "/home/ec2-user/environment/lab4_model_training/venv/lib64/python3.12/site-packages/airflow/operators/python.py", line 224, in __init__
    raise AirflowException("`python_callable` param must be callable")
airflow.exceptions.AirflowException: `python_callable` param must be callable
[2026-03-28T20:06:09.918+0000] {logging_mixin.py:190} WARNING - /home/ec2-user/environment/lab4_model_training/venv/lib64/python3.12/site-packages/sklearn/linear_model/_logistic.py:469 ConvergenceWarning: lbfgs failed to converge (status=1):
STOP: TOTAL NO. OF ITERATIONS REACHED LIMIT.

Increase the number of iterations (max_iter) or scale the data as shown in:
    https://scikit-learn.org/stable/modules/preprocessing.html
Please also refer to the documentation for alternative solver options:
    https://scikit-learn.org/stable/modules/linear_model.html#logistic-regression
[2026-03-28T20:06:09.918+0000] {processor.py:927} WARNING - No viable dags retrieved from /home/ec2-user/environment/lab4_model_training/dags/train_model_dag.py
[2026-03-28T20:06:09.933+0000] {processor.py:208} INFO - Processing /home/ec2-user/environment/lab4_model_training/dags/train_model_dag.py took 1.407 seconds
[2026-03-28T20:06:40.331+0000] {processor.py:186} INFO - Started process (PID=14856) to work on /home/ec2-user/environment/lab4_model_training/dags/train_model_dag.py
[2026-03-28T20:06:40.331+0000] {processor.py:914} INFO - Processing file /home/ec2-user/environment/lab4_model_training/dags/train_model_dag.py for tasks to queue
[2026-03-28T20:06:40.332+0000] {logging_mixin.py:190} INFO - [2026-03-28T20:06:40.332+0000] {dagbag.py:588} INFO - Filling up the DagBag from /home/ec2-user/environment/lab4_model_training/dags/train_model_dag.py
[2026-03-28T20:06:41.723+0000] {logging_mixin.py:190} INFO - [2026-03-28T20:06:41.721+0000] {dagbag.py:387} ERROR - Failed to import: /home/ec2-user/environment/lab4_model_training/dags/train_model_dag.py
Traceback (most recent call last):
  File "/home/ec2-user/environment/lab4_model_training/venv/lib64/python3.12/site-packages/airflow/models/dagbag.py", line 383, in parse
    loader.exec_module(new_module)
  File "<frozen importlib._bootstrap_external>", line 999, in exec_module
  File "<frozen importlib._bootstrap>", line 488, in _call_with_frames_removed
  File "/home/ec2-user/environment/lab4_model_training/dags/train_model_dag.py", line 35, in <module>
    train_task = PythonOperator(
                 ^^^^^^^^^^^^^^^
  File "/home/ec2-user/environment/lab4_model_training/venv/lib64/python3.12/site-packages/airflow/models/baseoperator.py", line 490, in apply_defaults
    result = func(self, **kwargs, default_args=default_args)
             ^^^^^^^^^^^^^^^^^^^^^^^^^^^^^^^^^^^^^^^^^^^^^^^
  File "/home/ec2-user/environment/lab4_model_training/venv/lib64/python3.12/site-packages/airflow/operators/python.py", line 224, in __init__
    raise AirflowException("`python_callable` param must be callable")
airflow.exceptions.AirflowException: `python_callable` param must be callable
[2026-03-28T20:06:41.729+0000] {logging_mixin.py:190} WARNING - /home/ec2-user/environment/lab4_model_training/venv/lib64/python3.12/site-packages/sklearn/linear_model/_logistic.py:469 ConvergenceWarning: lbfgs failed to converge (status=1):
STOP: TOTAL NO. OF ITERATIONS REACHED LIMIT.

Increase the number of iterations (max_iter) or scale the data as shown in:
    https://scikit-learn.org/stable/modules/preprocessing.html
Please also refer to the documentation for alternative solver options:
    https://scikit-learn.org/stable/modules/linear_model.html#logistic-regression
[2026-03-28T20:06:41.729+0000] {processor.py:927} WARNING - No viable dags retrieved from /home/ec2-user/environment/lab4_model_training/dags/train_model_dag.py
[2026-03-28T20:06:41.744+0000] {processor.py:208} INFO - Processing /home/ec2-user/environment/lab4_model_training/dags/train_model_dag.py took 1.418 seconds
[2026-03-28T20:07:12.637+0000] {processor.py:186} INFO - Started process (PID=14897) to work on /home/ec2-user/environment/lab4_model_training/dags/train_model_dag.py
[2026-03-28T20:07:12.638+0000] {processor.py:914} INFO - Processing file /home/ec2-user/environment/lab4_model_training/dags/train_model_dag.py for tasks to queue
[2026-03-28T20:07:12.639+0000] {logging_mixin.py:190} INFO - [2026-03-28T20:07:12.638+0000] {dagbag.py:588} INFO - Filling up the DagBag from /home/ec2-user/environment/lab4_model_training/dags/train_model_dag.py
[2026-03-28T20:07:14.007+0000] {logging_mixin.py:190} INFO - [2026-03-28T20:07:14.005+0000] {dagbag.py:387} ERROR - Failed to import: /home/ec2-user/environment/lab4_model_training/dags/train_model_dag.py
Traceback (most recent call last):
  File "/home/ec2-user/environment/lab4_model_training/venv/lib64/python3.12/site-packages/airflow/models/dagbag.py", line 383, in parse
    loader.exec_module(new_module)
  File "<frozen importlib._bootstrap_external>", line 999, in exec_module
  File "<frozen importlib._bootstrap>", line 488, in _call_with_frames_removed
  File "/home/ec2-user/environment/lab4_model_training/dags/train_model_dag.py", line 35, in <module>
    train_task = PythonOperator(
                 ^^^^^^^^^^^^^^^
  File "/home/ec2-user/environment/lab4_model_training/venv/lib64/python3.12/site-packages/airflow/models/baseoperator.py", line 490, in apply_defaults
    result = func(self, **kwargs, default_args=default_args)
             ^^^^^^^^^^^^^^^^^^^^^^^^^^^^^^^^^^^^^^^^^^^^^^^
  File "/home/ec2-user/environment/lab4_model_training/venv/lib64/python3.12/site-packages/airflow/operators/python.py", line 224, in __init__
    raise AirflowException("`python_callable` param must be callable")
airflow.exceptions.AirflowException: `python_callable` param must be callable
[2026-03-28T20:07:14.013+0000] {logging_mixin.py:190} WARNING - /home/ec2-user/environment/lab4_model_training/venv/lib64/python3.12/site-packages/sklearn/linear_model/_logistic.py:469 ConvergenceWarning: lbfgs failed to converge (status=1):
STOP: TOTAL NO. OF ITERATIONS REACHED LIMIT.

Increase the number of iterations (max_iter) or scale the data as shown in:
    https://scikit-learn.org/stable/modules/preprocessing.html
Please also refer to the documentation for alternative solver options:
    https://scikit-learn.org/stable/modules/linear_model.html#logistic-regression
[2026-03-28T20:07:14.014+0000] {processor.py:927} WARNING - No viable dags retrieved from /home/ec2-user/environment/lab4_model_training/dags/train_model_dag.py
[2026-03-28T20:07:14.028+0000] {processor.py:208} INFO - Processing /home/ec2-user/environment/lab4_model_training/dags/train_model_dag.py took 1.396 seconds
[2026-03-28T20:07:45.147+0000] {processor.py:186} INFO - Started process (PID=14989) to work on /home/ec2-user/environment/lab4_model_training/dags/train_model_dag.py
[2026-03-28T20:07:45.148+0000] {processor.py:914} INFO - Processing file /home/ec2-user/environment/lab4_model_training/dags/train_model_dag.py for tasks to queue
[2026-03-28T20:07:45.149+0000] {logging_mixin.py:190} INFO - [2026-03-28T20:07:45.149+0000] {dagbag.py:588} INFO - Filling up the DagBag from /home/ec2-user/environment/lab4_model_training/dags/train_model_dag.py
[2026-03-28T20:07:46.529+0000] {logging_mixin.py:190} INFO - [2026-03-28T20:07:46.527+0000] {dagbag.py:387} ERROR - Failed to import: /home/ec2-user/environment/lab4_model_training/dags/train_model_dag.py
Traceback (most recent call last):
  File "/home/ec2-user/environment/lab4_model_training/venv/lib64/python3.12/site-packages/airflow/models/dagbag.py", line 383, in parse
    loader.exec_module(new_module)
  File "<frozen importlib._bootstrap_external>", line 999, in exec_module
  File "<frozen importlib._bootstrap>", line 488, in _call_with_frames_removed
  File "/home/ec2-user/environment/lab4_model_training/dags/train_model_dag.py", line 35, in <module>
    train_task = PythonOperator(
                 ^^^^^^^^^^^^^^^
  File "/home/ec2-user/environment/lab4_model_training/venv/lib64/python3.12/site-packages/airflow/models/baseoperator.py", line 490, in apply_defaults
    result = func(self, **kwargs, default_args=default_args)
             ^^^^^^^^^^^^^^^^^^^^^^^^^^^^^^^^^^^^^^^^^^^^^^^
  File "/home/ec2-user/environment/lab4_model_training/venv/lib64/python3.12/site-packages/airflow/operators/python.py", line 224, in __init__
    raise AirflowException("`python_callable` param must be callable")
airflow.exceptions.AirflowException: `python_callable` param must be callable
[2026-03-28T20:07:46.535+0000] {logging_mixin.py:190} WARNING - /home/ec2-user/environment/lab4_model_training/venv/lib64/python3.12/site-packages/sklearn/linear_model/_logistic.py:469 ConvergenceWarning: lbfgs failed to converge (status=1):
STOP: TOTAL NO. OF ITERATIONS REACHED LIMIT.

Increase the number of iterations (max_iter) or scale the data as shown in:
    https://scikit-learn.org/stable/modules/preprocessing.html
Please also refer to the documentation for alternative solver options:
    https://scikit-learn.org/stable/modules/linear_model.html#logistic-regression
[2026-03-28T20:07:46.535+0000] {processor.py:927} WARNING - No viable dags retrieved from /home/ec2-user/environment/lab4_model_training/dags/train_model_dag.py
[2026-03-28T20:07:46.550+0000] {processor.py:208} INFO - Processing /home/ec2-user/environment/lab4_model_training/dags/train_model_dag.py took 1.408 seconds
[2026-03-28T20:08:17.400+0000] {processor.py:186} INFO - Started process (PID=15031) to work on /home/ec2-user/environment/lab4_model_training/dags/train_model_dag.py
[2026-03-28T20:08:17.401+0000] {processor.py:914} INFO - Processing file /home/ec2-user/environment/lab4_model_training/dags/train_model_dag.py for tasks to queue
[2026-03-28T20:08:17.402+0000] {logging_mixin.py:190} INFO - [2026-03-28T20:08:17.401+0000] {dagbag.py:588} INFO - Filling up the DagBag from /home/ec2-user/environment/lab4_model_training/dags/train_model_dag.py
[2026-03-28T20:08:18.787+0000] {logging_mixin.py:190} INFO - [2026-03-28T20:08:18.785+0000] {dagbag.py:387} ERROR - Failed to import: /home/ec2-user/environment/lab4_model_training/dags/train_model_dag.py
Traceback (most recent call last):
  File "/home/ec2-user/environment/lab4_model_training/venv/lib64/python3.12/site-packages/airflow/models/dagbag.py", line 383, in parse
    loader.exec_module(new_module)
  File "<frozen importlib._bootstrap_external>", line 999, in exec_module
  File "<frozen importlib._bootstrap>", line 488, in _call_with_frames_removed
  File "/home/ec2-user/environment/lab4_model_training/dags/train_model_dag.py", line 35, in <module>
    train_task = PythonOperator(
                 ^^^^^^^^^^^^^^^
  File "/home/ec2-user/environment/lab4_model_training/venv/lib64/python3.12/site-packages/airflow/models/baseoperator.py", line 490, in apply_defaults
    result = func(self, **kwargs, default_args=default_args)
             ^^^^^^^^^^^^^^^^^^^^^^^^^^^^^^^^^^^^^^^^^^^^^^^
  File "/home/ec2-user/environment/lab4_model_training/venv/lib64/python3.12/site-packages/airflow/operators/python.py", line 224, in __init__
    raise AirflowException("`python_callable` param must be callable")
airflow.exceptions.AirflowException: `python_callable` param must be callable
[2026-03-28T20:08:18.793+0000] {logging_mixin.py:190} WARNING - /home/ec2-user/environment/lab4_model_training/venv/lib64/python3.12/site-packages/sklearn/linear_model/_logistic.py:469 ConvergenceWarning: lbfgs failed to converge (status=1):
STOP: TOTAL NO. OF ITERATIONS REACHED LIMIT.

Increase the number of iterations (max_iter) or scale the data as shown in:
    https://scikit-learn.org/stable/modules/preprocessing.html
Please also refer to the documentation for alternative solver options:
    https://scikit-learn.org/stable/modules/linear_model.html#logistic-regression
[2026-03-28T20:08:18.794+0000] {processor.py:927} WARNING - No viable dags retrieved from /home/ec2-user/environment/lab4_model_training/dags/train_model_dag.py
[2026-03-28T20:08:18.808+0000] {processor.py:208} INFO - Processing /home/ec2-user/environment/lab4_model_training/dags/train_model_dag.py took 1.413 seconds
[2026-03-28T20:08:49.235+0000] {processor.py:186} INFO - Started process (PID=15058) to work on /home/ec2-user/environment/lab4_model_training/dags/train_model_dag.py
[2026-03-28T20:08:49.236+0000] {processor.py:914} INFO - Processing file /home/ec2-user/environment/lab4_model_training/dags/train_model_dag.py for tasks to queue
[2026-03-28T20:08:49.237+0000] {logging_mixin.py:190} INFO - [2026-03-28T20:08:49.237+0000] {dagbag.py:588} INFO - Filling up the DagBag from /home/ec2-user/environment/lab4_model_training/dags/train_model_dag.py
[2026-03-28T20:08:50.648+0000] {logging_mixin.py:190} INFO - [2026-03-28T20:08:50.645+0000] {dagbag.py:387} ERROR - Failed to import: /home/ec2-user/environment/lab4_model_training/dags/train_model_dag.py
Traceback (most recent call last):
  File "/home/ec2-user/environment/lab4_model_training/venv/lib64/python3.12/site-packages/airflow/models/dagbag.py", line 383, in parse
    loader.exec_module(new_module)
  File "<frozen importlib._bootstrap_external>", line 999, in exec_module
  File "<frozen importlib._bootstrap>", line 488, in _call_with_frames_removed
  File "/home/ec2-user/environment/lab4_model_training/dags/train_model_dag.py", line 35, in <module>
    train_task = PythonOperator(
                 ^^^^^^^^^^^^^^^
  File "/home/ec2-user/environment/lab4_model_training/venv/lib64/python3.12/site-packages/airflow/models/baseoperator.py", line 490, in apply_defaults
    result = func(self, **kwargs, default_args=default_args)
             ^^^^^^^^^^^^^^^^^^^^^^^^^^^^^^^^^^^^^^^^^^^^^^^
  File "/home/ec2-user/environment/lab4_model_training/venv/lib64/python3.12/site-packages/airflow/operators/python.py", line 224, in __init__
    raise AirflowException("`python_callable` param must be callable")
airflow.exceptions.AirflowException: `python_callable` param must be callable
[2026-03-28T20:08:50.654+0000] {logging_mixin.py:190} WARNING - /home/ec2-user/environment/lab4_model_training/venv/lib64/python3.12/site-packages/sklearn/linear_model/_logistic.py:469 ConvergenceWarning: lbfgs failed to converge (status=1):
STOP: TOTAL NO. OF ITERATIONS REACHED LIMIT.

Increase the number of iterations (max_iter) or scale the data as shown in:
    https://scikit-learn.org/stable/modules/preprocessing.html
Please also refer to the documentation for alternative solver options:
    https://scikit-learn.org/stable/modules/linear_model.html#logistic-regression
[2026-03-28T20:08:50.654+0000] {processor.py:927} WARNING - No viable dags retrieved from /home/ec2-user/environment/lab4_model_training/dags/train_model_dag.py
[2026-03-28T20:08:50.670+0000] {processor.py:208} INFO - Processing /home/ec2-user/environment/lab4_model_training/dags/train_model_dag.py took 1.440 seconds
[2026-03-28T20:09:22.784+0000] {processor.py:186} INFO - Started process (PID=15115) to work on /home/ec2-user/environment/lab4_model_training/dags/train_model_dag.py
[2026-03-28T20:09:22.785+0000] {processor.py:914} INFO - Processing file /home/ec2-user/environment/lab4_model_training/dags/train_model_dag.py for tasks to queue
[2026-03-28T20:09:22.786+0000] {logging_mixin.py:190} INFO - [2026-03-28T20:09:22.786+0000] {dagbag.py:588} INFO - Filling up the DagBag from /home/ec2-user/environment/lab4_model_training/dags/train_model_dag.py
[2026-03-28T20:09:25.944+0000] {logging_mixin.py:190} INFO - [2026-03-28T20:09:25.941+0000] {dagbag.py:387} ERROR - Failed to import: /home/ec2-user/environment/lab4_model_training/dags/train_model_dag.py
Traceback (most recent call last):
  File "/home/ec2-user/environment/lab4_model_training/venv/lib64/python3.12/site-packages/airflow/models/dagbag.py", line 383, in parse
    loader.exec_module(new_module)
  File "<frozen importlib._bootstrap_external>", line 999, in exec_module
  File "<frozen importlib._bootstrap>", line 488, in _call_with_frames_removed
  File "/home/ec2-user/environment/lab4_model_training/dags/train_model_dag.py", line 35, in <module>
    train_task = PythonOperator(
                 ^^^^^^^^^^^^^^^
  File "/home/ec2-user/environment/lab4_model_training/venv/lib64/python3.12/site-packages/airflow/models/baseoperator.py", line 490, in apply_defaults
    result = func(self, **kwargs, default_args=default_args)
             ^^^^^^^^^^^^^^^^^^^^^^^^^^^^^^^^^^^^^^^^^^^^^^^
  File "/home/ec2-user/environment/lab4_model_training/venv/lib64/python3.12/site-packages/airflow/operators/python.py", line 224, in __init__
    raise AirflowException("`python_callable` param must be callable")
airflow.exceptions.AirflowException: `python_callable` param must be callable
[2026-03-28T20:09:25.950+0000] {logging_mixin.py:190} WARNING - /home/ec2-user/environment/lab4_model_training/venv/lib64/python3.12/site-packages/sklearn/linear_model/_logistic.py:469 ConvergenceWarning: lbfgs failed to converge (status=1):
STOP: TOTAL NO. OF ITERATIONS REACHED LIMIT.

Increase the number of iterations (max_iter) or scale the data as shown in:
    https://scikit-learn.org/stable/modules/preprocessing.html
Please also refer to the documentation for alternative solver options:
    https://scikit-learn.org/stable/modules/linear_model.html#logistic-regression
[2026-03-28T20:09:25.950+0000] {processor.py:927} WARNING - No viable dags retrieved from /home/ec2-user/environment/lab4_model_training/dags/train_model_dag.py
[2026-03-28T20:09:25.964+0000] {processor.py:208} INFO - Processing /home/ec2-user/environment/lab4_model_training/dags/train_model_dag.py took 3.185 seconds
[2026-03-28T20:09:56.577+0000] {processor.py:186} INFO - Started process (PID=15195) to work on /home/ec2-user/environment/lab4_model_training/dags/train_model_dag.py
[2026-03-28T20:09:56.578+0000] {processor.py:914} INFO - Processing file /home/ec2-user/environment/lab4_model_training/dags/train_model_dag.py for tasks to queue
[2026-03-28T20:09:56.579+0000] {logging_mixin.py:190} INFO - [2026-03-28T20:09:56.578+0000] {dagbag.py:588} INFO - Filling up the DagBag from /home/ec2-user/environment/lab4_model_training/dags/train_model_dag.py
[2026-03-28T20:09:57.974+0000] {logging_mixin.py:190} INFO - [2026-03-28T20:09:57.972+0000] {dagbag.py:387} ERROR - Failed to import: /home/ec2-user/environment/lab4_model_training/dags/train_model_dag.py
Traceback (most recent call last):
  File "/home/ec2-user/environment/lab4_model_training/venv/lib64/python3.12/site-packages/airflow/models/dagbag.py", line 383, in parse
    loader.exec_module(new_module)
  File "<frozen importlib._bootstrap_external>", line 999, in exec_module
  File "<frozen importlib._bootstrap>", line 488, in _call_with_frames_removed
  File "/home/ec2-user/environment/lab4_model_training/dags/train_model_dag.py", line 35, in <module>
    train_task = PythonOperator(
                 ^^^^^^^^^^^^^^^
  File "/home/ec2-user/environment/lab4_model_training/venv/lib64/python3.12/site-packages/airflow/models/baseoperator.py", line 490, in apply_defaults
    result = func(self, **kwargs, default_args=default_args)
             ^^^^^^^^^^^^^^^^^^^^^^^^^^^^^^^^^^^^^^^^^^^^^^^
  File "/home/ec2-user/environment/lab4_model_training/venv/lib64/python3.12/site-packages/airflow/operators/python.py", line 224, in __init__
    raise AirflowException("`python_callable` param must be callable")
airflow.exceptions.AirflowException: `python_callable` param must be callable
[2026-03-28T20:09:57.980+0000] {logging_mixin.py:190} WARNING - /home/ec2-user/environment/lab4_model_training/venv/lib64/python3.12/site-packages/sklearn/linear_model/_logistic.py:469 ConvergenceWarning: lbfgs failed to converge (status=1):
STOP: TOTAL NO. OF ITERATIONS REACHED LIMIT.

Increase the number of iterations (max_iter) or scale the data as shown in:
    https://scikit-learn.org/stable/modules/preprocessing.html
Please also refer to the documentation for alternative solver options:
    https://scikit-learn.org/stable/modules/linear_model.html#logistic-regression
[2026-03-28T20:09:57.981+0000] {processor.py:927} WARNING - No viable dags retrieved from /home/ec2-user/environment/lab4_model_training/dags/train_model_dag.py
[2026-03-28T20:09:57.995+0000] {processor.py:208} INFO - Processing /home/ec2-user/environment/lab4_model_training/dags/train_model_dag.py took 1.424 seconds
[2026-03-28T20:10:28.217+0000] {processor.py:186} INFO - Started process (PID=15235) to work on /home/ec2-user/environment/lab4_model_training/dags/train_model_dag.py
[2026-03-28T20:10:28.217+0000] {processor.py:914} INFO - Processing file /home/ec2-user/environment/lab4_model_training/dags/train_model_dag.py for tasks to queue
[2026-03-28T20:10:28.218+0000] {logging_mixin.py:190} INFO - [2026-03-28T20:10:28.218+0000] {dagbag.py:588} INFO - Filling up the DagBag from /home/ec2-user/environment/lab4_model_training/dags/train_model_dag.py
[2026-03-28T20:10:29.629+0000] {logging_mixin.py:190} INFO - [2026-03-28T20:10:29.627+0000] {dagbag.py:387} ERROR - Failed to import: /home/ec2-user/environment/lab4_model_training/dags/train_model_dag.py
Traceback (most recent call last):
  File "/home/ec2-user/environment/lab4_model_training/venv/lib64/python3.12/site-packages/airflow/models/dagbag.py", line 383, in parse
    loader.exec_module(new_module)
  File "<frozen importlib._bootstrap_external>", line 999, in exec_module
  File "<frozen importlib._bootstrap>", line 488, in _call_with_frames_removed
  File "/home/ec2-user/environment/lab4_model_training/dags/train_model_dag.py", line 35, in <module>
    train_task = PythonOperator(
                 ^^^^^^^^^^^^^^^
  File "/home/ec2-user/environment/lab4_model_training/venv/lib64/python3.12/site-packages/airflow/models/baseoperator.py", line 490, in apply_defaults
    result = func(self, **kwargs, default_args=default_args)
             ^^^^^^^^^^^^^^^^^^^^^^^^^^^^^^^^^^^^^^^^^^^^^^^
  File "/home/ec2-user/environment/lab4_model_training/venv/lib64/python3.12/site-packages/airflow/operators/python.py", line 224, in __init__
    raise AirflowException("`python_callable` param must be callable")
airflow.exceptions.AirflowException: `python_callable` param must be callable
[2026-03-28T20:10:29.637+0000] {logging_mixin.py:190} WARNING - /home/ec2-user/environment/lab4_model_training/venv/lib64/python3.12/site-packages/sklearn/linear_model/_logistic.py:469 ConvergenceWarning: lbfgs failed to converge (status=1):
STOP: TOTAL NO. OF ITERATIONS REACHED LIMIT.

Increase the number of iterations (max_iter) or scale the data as shown in:
    https://scikit-learn.org/stable/modules/preprocessing.html
Please also refer to the documentation for alternative solver options:
    https://scikit-learn.org/stable/modules/linear_model.html#logistic-regression
[2026-03-28T20:10:29.638+0000] {processor.py:927} WARNING - No viable dags retrieved from /home/ec2-user/environment/lab4_model_training/dags/train_model_dag.py
[2026-03-28T20:10:29.653+0000] {processor.py:208} INFO - Processing /home/ec2-user/environment/lab4_model_training/dags/train_model_dag.py took 1.441 seconds
[2026-03-28T20:10:59.882+0000] {processor.py:186} INFO - Started process (PID=15273) to work on /home/ec2-user/environment/lab4_model_training/dags/train_model_dag.py
[2026-03-28T20:10:59.883+0000] {processor.py:914} INFO - Processing file /home/ec2-user/environment/lab4_model_training/dags/train_model_dag.py for tasks to queue
[2026-03-28T20:10:59.884+0000] {logging_mixin.py:190} INFO - [2026-03-28T20:10:59.883+0000] {dagbag.py:588} INFO - Filling up the DagBag from /home/ec2-user/environment/lab4_model_training/dags/train_model_dag.py
[2026-03-28T20:11:01.664+0000] {logging_mixin.py:190} INFO - [2026-03-28T20:11:01.661+0000] {dagbag.py:387} ERROR - Failed to import: /home/ec2-user/environment/lab4_model_training/dags/train_model_dag.py
Traceback (most recent call last):
  File "/home/ec2-user/environment/lab4_model_training/venv/lib64/python3.12/site-packages/airflow/models/dagbag.py", line 383, in parse
    loader.exec_module(new_module)
  File "<frozen importlib._bootstrap_external>", line 999, in exec_module
  File "<frozen importlib._bootstrap>", line 488, in _call_with_frames_removed
  File "/home/ec2-user/environment/lab4_model_training/dags/train_model_dag.py", line 35, in <module>
    train_task = PythonOperator(
                 ^^^^^^^^^^^^^^^
  File "/home/ec2-user/environment/lab4_model_training/venv/lib64/python3.12/site-packages/airflow/models/baseoperator.py", line 490, in apply_defaults
    result = func(self, **kwargs, default_args=default_args)
             ^^^^^^^^^^^^^^^^^^^^^^^^^^^^^^^^^^^^^^^^^^^^^^^
  File "/home/ec2-user/environment/lab4_model_training/venv/lib64/python3.12/site-packages/airflow/operators/python.py", line 224, in __init__
    raise AirflowException("`python_callable` param must be callable")
airflow.exceptions.AirflowException: `python_callable` param must be callable
[2026-03-28T20:11:01.671+0000] {logging_mixin.py:190} WARNING - /home/ec2-user/environment/lab4_model_training/venv/lib64/python3.12/site-packages/sklearn/linear_model/_logistic.py:469 ConvergenceWarning: lbfgs failed to converge (status=1):
STOP: TOTAL NO. OF ITERATIONS REACHED LIMIT.

Increase the number of iterations (max_iter) or scale the data as shown in:
    https://scikit-learn.org/stable/modules/preprocessing.html
Please also refer to the documentation for alternative solver options:
    https://scikit-learn.org/stable/modules/linear_model.html#logistic-regression
[2026-03-28T20:11:01.672+0000] {processor.py:927} WARNING - No viable dags retrieved from /home/ec2-user/environment/lab4_model_training/dags/train_model_dag.py
[2026-03-28T20:11:01.686+0000] {processor.py:208} INFO - Processing /home/ec2-user/environment/lab4_model_training/dags/train_model_dag.py took 1.811 seconds
[2026-03-28T20:11:32.229+0000] {processor.py:186} INFO - Started process (PID=15312) to work on /home/ec2-user/environment/lab4_model_training/dags/train_model_dag.py
[2026-03-28T20:11:32.230+0000] {processor.py:914} INFO - Processing file /home/ec2-user/environment/lab4_model_training/dags/train_model_dag.py for tasks to queue
[2026-03-28T20:11:32.231+0000] {logging_mixin.py:190} INFO - [2026-03-28T20:11:32.231+0000] {dagbag.py:588} INFO - Filling up the DagBag from /home/ec2-user/environment/lab4_model_training/dags/train_model_dag.py
[2026-03-28T20:11:33.660+0000] {logging_mixin.py:190} INFO - [2026-03-28T20:11:33.658+0000] {dagbag.py:387} ERROR - Failed to import: /home/ec2-user/environment/lab4_model_training/dags/train_model_dag.py
Traceback (most recent call last):
  File "/home/ec2-user/environment/lab4_model_training/venv/lib64/python3.12/site-packages/airflow/models/dagbag.py", line 383, in parse
    loader.exec_module(new_module)
  File "<frozen importlib._bootstrap_external>", line 999, in exec_module
  File "<frozen importlib._bootstrap>", line 488, in _call_with_frames_removed
  File "/home/ec2-user/environment/lab4_model_training/dags/train_model_dag.py", line 35, in <module>
    train_task = PythonOperator(
                 ^^^^^^^^^^^^^^^
  File "/home/ec2-user/environment/lab4_model_training/venv/lib64/python3.12/site-packages/airflow/models/baseoperator.py", line 490, in apply_defaults
    result = func(self, **kwargs, default_args=default_args)
             ^^^^^^^^^^^^^^^^^^^^^^^^^^^^^^^^^^^^^^^^^^^^^^^
  File "/home/ec2-user/environment/lab4_model_training/venv/lib64/python3.12/site-packages/airflow/operators/python.py", line 224, in __init__
    raise AirflowException("`python_callable` param must be callable")
airflow.exceptions.AirflowException: `python_callable` param must be callable
[2026-03-28T20:11:33.666+0000] {logging_mixin.py:190} WARNING - /home/ec2-user/environment/lab4_model_training/venv/lib64/python3.12/site-packages/sklearn/linear_model/_logistic.py:469 ConvergenceWarning: lbfgs failed to converge (status=1):
STOP: TOTAL NO. OF ITERATIONS REACHED LIMIT.

Increase the number of iterations (max_iter) or scale the data as shown in:
    https://scikit-learn.org/stable/modules/preprocessing.html
Please also refer to the documentation for alternative solver options:
    https://scikit-learn.org/stable/modules/linear_model.html#logistic-regression
[2026-03-28T20:11:33.667+0000] {processor.py:927} WARNING - No viable dags retrieved from /home/ec2-user/environment/lab4_model_training/dags/train_model_dag.py
[2026-03-28T20:11:33.682+0000] {processor.py:208} INFO - Processing /home/ec2-user/environment/lab4_model_training/dags/train_model_dag.py took 1.458 seconds
[2026-03-28T20:12:03.909+0000] {processor.py:186} INFO - Started process (PID=15454) to work on /home/ec2-user/environment/lab4_model_training/dags/train_model_dag.py
[2026-03-28T20:12:03.911+0000] {processor.py:914} INFO - Processing file /home/ec2-user/environment/lab4_model_training/dags/train_model_dag.py for tasks to queue
[2026-03-28T20:12:03.912+0000] {logging_mixin.py:190} INFO - [2026-03-28T20:12:03.911+0000] {dagbag.py:588} INFO - Filling up the DagBag from /home/ec2-user/environment/lab4_model_training/dags/train_model_dag.py
[2026-03-28T20:12:05.303+0000] {logging_mixin.py:190} INFO - [2026-03-28T20:12:05.300+0000] {dagbag.py:387} ERROR - Failed to import: /home/ec2-user/environment/lab4_model_training/dags/train_model_dag.py
Traceback (most recent call last):
  File "/home/ec2-user/environment/lab4_model_training/venv/lib64/python3.12/site-packages/airflow/models/dagbag.py", line 383, in parse
    loader.exec_module(new_module)
  File "<frozen importlib._bootstrap_external>", line 999, in exec_module
  File "<frozen importlib._bootstrap>", line 488, in _call_with_frames_removed
  File "/home/ec2-user/environment/lab4_model_training/dags/train_model_dag.py", line 35, in <module>
    train_task = PythonOperator(
                 ^^^^^^^^^^^^^^^
  File "/home/ec2-user/environment/lab4_model_training/venv/lib64/python3.12/site-packages/airflow/models/baseoperator.py", line 490, in apply_defaults
    result = func(self, **kwargs, default_args=default_args)
             ^^^^^^^^^^^^^^^^^^^^^^^^^^^^^^^^^^^^^^^^^^^^^^^
  File "/home/ec2-user/environment/lab4_model_training/venv/lib64/python3.12/site-packages/airflow/operators/python.py", line 224, in __init__
    raise AirflowException("`python_callable` param must be callable")
airflow.exceptions.AirflowException: `python_callable` param must be callable
[2026-03-28T20:12:05.309+0000] {logging_mixin.py:190} WARNING - /home/ec2-user/environment/lab4_model_training/venv/lib64/python3.12/site-packages/sklearn/linear_model/_logistic.py:469 ConvergenceWarning: lbfgs failed to converge (status=1):
STOP: TOTAL NO. OF ITERATIONS REACHED LIMIT.

Increase the number of iterations (max_iter) or scale the data as shown in:
    https://scikit-learn.org/stable/modules/preprocessing.html
Please also refer to the documentation for alternative solver options:
    https://scikit-learn.org/stable/modules/linear_model.html#logistic-regression
[2026-03-28T20:12:05.309+0000] {processor.py:927} WARNING - No viable dags retrieved from /home/ec2-user/environment/lab4_model_training/dags/train_model_dag.py
[2026-03-28T20:12:05.324+0000] {processor.py:208} INFO - Processing /home/ec2-user/environment/lab4_model_training/dags/train_model_dag.py took 1.420 seconds
[2026-03-28T20:12:36.306+0000] {processor.py:186} INFO - Started process (PID=15481) to work on /home/ec2-user/environment/lab4_model_training/dags/train_model_dag.py
[2026-03-28T20:12:36.308+0000] {processor.py:914} INFO - Processing file /home/ec2-user/environment/lab4_model_training/dags/train_model_dag.py for tasks to queue
[2026-03-28T20:12:36.309+0000] {logging_mixin.py:190} INFO - [2026-03-28T20:12:36.308+0000] {dagbag.py:588} INFO - Filling up the DagBag from /home/ec2-user/environment/lab4_model_training/dags/train_model_dag.py
[2026-03-28T20:12:37.685+0000] {logging_mixin.py:190} INFO - [2026-03-28T20:12:37.683+0000] {dagbag.py:387} ERROR - Failed to import: /home/ec2-user/environment/lab4_model_training/dags/train_model_dag.py
Traceback (most recent call last):
  File "/home/ec2-user/environment/lab4_model_training/venv/lib64/python3.12/site-packages/airflow/models/dagbag.py", line 383, in parse
    loader.exec_module(new_module)
  File "<frozen importlib._bootstrap_external>", line 999, in exec_module
  File "<frozen importlib._bootstrap>", line 488, in _call_with_frames_removed
  File "/home/ec2-user/environment/lab4_model_training/dags/train_model_dag.py", line 35, in <module>
    train_task = PythonOperator(
                 ^^^^^^^^^^^^^^^
  File "/home/ec2-user/environment/lab4_model_training/venv/lib64/python3.12/site-packages/airflow/models/baseoperator.py", line 490, in apply_defaults
    result = func(self, **kwargs, default_args=default_args)
             ^^^^^^^^^^^^^^^^^^^^^^^^^^^^^^^^^^^^^^^^^^^^^^^
  File "/home/ec2-user/environment/lab4_model_training/venv/lib64/python3.12/site-packages/airflow/operators/python.py", line 224, in __init__
    raise AirflowException("`python_callable` param must be callable")
airflow.exceptions.AirflowException: `python_callable` param must be callable
[2026-03-28T20:12:37.692+0000] {logging_mixin.py:190} WARNING - /home/ec2-user/environment/lab4_model_training/venv/lib64/python3.12/site-packages/sklearn/linear_model/_logistic.py:469 ConvergenceWarning: lbfgs failed to converge (status=1):
STOP: TOTAL NO. OF ITERATIONS REACHED LIMIT.

Increase the number of iterations (max_iter) or scale the data as shown in:
    https://scikit-learn.org/stable/modules/preprocessing.html
Please also refer to the documentation for alternative solver options:
    https://scikit-learn.org/stable/modules/linear_model.html#logistic-regression
[2026-03-28T20:12:37.692+0000] {processor.py:927} WARNING - No viable dags retrieved from /home/ec2-user/environment/lab4_model_training/dags/train_model_dag.py
[2026-03-28T20:12:37.707+0000] {processor.py:208} INFO - Processing /home/ec2-user/environment/lab4_model_training/dags/train_model_dag.py took 1.405 seconds
[2026-03-28T20:13:08.011+0000] {processor.py:186} INFO - Started process (PID=15521) to work on /home/ec2-user/environment/lab4_model_training/dags/train_model_dag.py
[2026-03-28T20:13:08.012+0000] {processor.py:914} INFO - Processing file /home/ec2-user/environment/lab4_model_training/dags/train_model_dag.py for tasks to queue
[2026-03-28T20:13:08.013+0000] {logging_mixin.py:190} INFO - [2026-03-28T20:13:08.013+0000] {dagbag.py:588} INFO - Filling up the DagBag from /home/ec2-user/environment/lab4_model_training/dags/train_model_dag.py
[2026-03-28T20:13:09.409+0000] {logging_mixin.py:190} INFO - [2026-03-28T20:13:09.406+0000] {dagbag.py:387} ERROR - Failed to import: /home/ec2-user/environment/lab4_model_training/dags/train_model_dag.py
Traceback (most recent call last):
  File "/home/ec2-user/environment/lab4_model_training/venv/lib64/python3.12/site-packages/airflow/models/dagbag.py", line 383, in parse
    loader.exec_module(new_module)
  File "<frozen importlib._bootstrap_external>", line 999, in exec_module
  File "<frozen importlib._bootstrap>", line 488, in _call_with_frames_removed
  File "/home/ec2-user/environment/lab4_model_training/dags/train_model_dag.py", line 35, in <module>
    train_task = PythonOperator(
                 ^^^^^^^^^^^^^^^
  File "/home/ec2-user/environment/lab4_model_training/venv/lib64/python3.12/site-packages/airflow/models/baseoperator.py", line 490, in apply_defaults
    result = func(self, **kwargs, default_args=default_args)
             ^^^^^^^^^^^^^^^^^^^^^^^^^^^^^^^^^^^^^^^^^^^^^^^
  File "/home/ec2-user/environment/lab4_model_training/venv/lib64/python3.12/site-packages/airflow/operators/python.py", line 224, in __init__
    raise AirflowException("`python_callable` param must be callable")
airflow.exceptions.AirflowException: `python_callable` param must be callable
[2026-03-28T20:13:09.415+0000] {logging_mixin.py:190} WARNING - /home/ec2-user/environment/lab4_model_training/venv/lib64/python3.12/site-packages/sklearn/linear_model/_logistic.py:469 ConvergenceWarning: lbfgs failed to converge (status=1):
STOP: TOTAL NO. OF ITERATIONS REACHED LIMIT.

Increase the number of iterations (max_iter) or scale the data as shown in:
    https://scikit-learn.org/stable/modules/preprocessing.html
Please also refer to the documentation for alternative solver options:
    https://scikit-learn.org/stable/modules/linear_model.html#logistic-regression
[2026-03-28T20:13:09.415+0000] {processor.py:927} WARNING - No viable dags retrieved from /home/ec2-user/environment/lab4_model_training/dags/train_model_dag.py
[2026-03-28T20:13:09.431+0000] {processor.py:208} INFO - Processing /home/ec2-user/environment/lab4_model_training/dags/train_model_dag.py took 1.425 seconds
[2026-03-28T20:13:40.468+0000] {processor.py:186} INFO - Started process (PID=15623) to work on /home/ec2-user/environment/lab4_model_training/dags/train_model_dag.py
[2026-03-28T20:13:40.468+0000] {processor.py:914} INFO - Processing file /home/ec2-user/environment/lab4_model_training/dags/train_model_dag.py for tasks to queue
[2026-03-28T20:13:40.469+0000] {logging_mixin.py:190} INFO - [2026-03-28T20:13:40.469+0000] {dagbag.py:588} INFO - Filling up the DagBag from /home/ec2-user/environment/lab4_model_training/dags/train_model_dag.py
[2026-03-28T20:13:41.820+0000] {logging_mixin.py:190} INFO - [2026-03-28T20:13:41.818+0000] {dagbag.py:387} ERROR - Failed to import: /home/ec2-user/environment/lab4_model_training/dags/train_model_dag.py
Traceback (most recent call last):
  File "/home/ec2-user/environment/lab4_model_training/venv/lib64/python3.12/site-packages/airflow/models/dagbag.py", line 383, in parse
    loader.exec_module(new_module)
  File "<frozen importlib._bootstrap_external>", line 999, in exec_module
  File "<frozen importlib._bootstrap>", line 488, in _call_with_frames_removed
  File "/home/ec2-user/environment/lab4_model_training/dags/train_model_dag.py", line 35, in <module>
    train_task = PythonOperator(
                 ^^^^^^^^^^^^^^^
  File "/home/ec2-user/environment/lab4_model_training/venv/lib64/python3.12/site-packages/airflow/models/baseoperator.py", line 490, in apply_defaults
    result = func(self, **kwargs, default_args=default_args)
             ^^^^^^^^^^^^^^^^^^^^^^^^^^^^^^^^^^^^^^^^^^^^^^^
  File "/home/ec2-user/environment/lab4_model_training/venv/lib64/python3.12/site-packages/airflow/operators/python.py", line 224, in __init__
    raise AirflowException("`python_callable` param must be callable")
airflow.exceptions.AirflowException: `python_callable` param must be callable
[2026-03-28T20:13:41.821+0000] {processor.py:927} WARNING - No viable dags retrieved from /home/ec2-user/environment/lab4_model_training/dags/train_model_dag.py
[2026-03-28T20:13:41.835+0000] {processor.py:208} INFO - Processing /home/ec2-user/environment/lab4_model_training/dags/train_model_dag.py took 1.372 seconds
[2026-03-28T20:14:12.906+0000] {processor.py:186} INFO - Started process (PID=15667) to work on /home/ec2-user/environment/lab4_model_training/dags/train_model_dag.py
[2026-03-28T20:14:12.908+0000] {processor.py:914} INFO - Processing file /home/ec2-user/environment/lab4_model_training/dags/train_model_dag.py for tasks to queue
[2026-03-28T20:14:12.909+0000] {logging_mixin.py:190} INFO - [2026-03-28T20:14:12.908+0000] {dagbag.py:588} INFO - Filling up the DagBag from /home/ec2-user/environment/lab4_model_training/dags/train_model_dag.py
[2026-03-28T20:14:14.254+0000] {logging_mixin.py:190} INFO - [2026-03-28T20:14:14.252+0000] {dagbag.py:387} ERROR - Failed to import: /home/ec2-user/environment/lab4_model_training/dags/train_model_dag.py
Traceback (most recent call last):
  File "/home/ec2-user/environment/lab4_model_training/venv/lib64/python3.12/site-packages/airflow/models/dagbag.py", line 383, in parse
    loader.exec_module(new_module)
  File "<frozen importlib._bootstrap_external>", line 999, in exec_module
  File "<frozen importlib._bootstrap>", line 488, in _call_with_frames_removed
  File "/home/ec2-user/environment/lab4_model_training/dags/train_model_dag.py", line 35, in <module>
    train_task = PythonOperator(
                 ^^^^^^^^^^^^^^^
  File "/home/ec2-user/environment/lab4_model_training/venv/lib64/python3.12/site-packages/airflow/models/baseoperator.py", line 490, in apply_defaults
    result = func(self, **kwargs, default_args=default_args)
             ^^^^^^^^^^^^^^^^^^^^^^^^^^^^^^^^^^^^^^^^^^^^^^^
  File "/home/ec2-user/environment/lab4_model_training/venv/lib64/python3.12/site-packages/airflow/operators/python.py", line 224, in __init__
    raise AirflowException("`python_callable` param must be callable")
airflow.exceptions.AirflowException: `python_callable` param must be callable
[2026-03-28T20:14:14.255+0000] {processor.py:927} WARNING - No viable dags retrieved from /home/ec2-user/environment/lab4_model_training/dags/train_model_dag.py
[2026-03-28T20:14:14.270+0000] {processor.py:208} INFO - Processing /home/ec2-user/environment/lab4_model_training/dags/train_model_dag.py took 1.369 seconds
[2026-03-28T20:14:44.387+0000] {processor.py:186} INFO - Started process (PID=15693) to work on /home/ec2-user/environment/lab4_model_training/dags/train_model_dag.py
[2026-03-28T20:14:44.389+0000] {processor.py:914} INFO - Processing file /home/ec2-user/environment/lab4_model_training/dags/train_model_dag.py for tasks to queue
[2026-03-28T20:14:44.390+0000] {logging_mixin.py:190} INFO - [2026-03-28T20:14:44.389+0000] {dagbag.py:588} INFO - Filling up the DagBag from /home/ec2-user/environment/lab4_model_training/dags/train_model_dag.py
[2026-03-28T20:14:45.742+0000] {logging_mixin.py:190} INFO - [2026-03-28T20:14:45.740+0000] {dagbag.py:387} ERROR - Failed to import: /home/ec2-user/environment/lab4_model_training/dags/train_model_dag.py
Traceback (most recent call last):
  File "/home/ec2-user/environment/lab4_model_training/venv/lib64/python3.12/site-packages/airflow/models/dagbag.py", line 383, in parse
    loader.exec_module(new_module)
  File "<frozen importlib._bootstrap_external>", line 999, in exec_module
  File "<frozen importlib._bootstrap>", line 488, in _call_with_frames_removed
  File "/home/ec2-user/environment/lab4_model_training/dags/train_model_dag.py", line 35, in <module>
    train_task = PythonOperator(
                 ^^^^^^^^^^^^^^^
  File "/home/ec2-user/environment/lab4_model_training/venv/lib64/python3.12/site-packages/airflow/models/baseoperator.py", line 490, in apply_defaults
    result = func(self, **kwargs, default_args=default_args)
             ^^^^^^^^^^^^^^^^^^^^^^^^^^^^^^^^^^^^^^^^^^^^^^^
  File "/home/ec2-user/environment/lab4_model_training/venv/lib64/python3.12/site-packages/airflow/operators/python.py", line 224, in __init__
    raise AirflowException("`python_callable` param must be callable")
airflow.exceptions.AirflowException: `python_callable` param must be callable
[2026-03-28T20:14:45.743+0000] {processor.py:927} WARNING - No viable dags retrieved from /home/ec2-user/environment/lab4_model_training/dags/train_model_dag.py
[2026-03-28T20:14:45.758+0000] {processor.py:208} INFO - Processing /home/ec2-user/environment/lab4_model_training/dags/train_model_dag.py took 1.375 seconds
[2026-03-28T20:15:15.807+0000] {processor.py:186} INFO - Started process (PID=15734) to work on /home/ec2-user/environment/lab4_model_training/dags/train_model_dag.py
[2026-03-28T20:15:15.807+0000] {processor.py:914} INFO - Processing file /home/ec2-user/environment/lab4_model_training/dags/train_model_dag.py for tasks to queue
[2026-03-28T20:15:15.808+0000] {logging_mixin.py:190} INFO - [2026-03-28T20:15:15.808+0000] {dagbag.py:588} INFO - Filling up the DagBag from /home/ec2-user/environment/lab4_model_training/dags/train_model_dag.py
[2026-03-28T20:15:17.110+0000] {logging_mixin.py:190} INFO - [2026-03-28T20:15:17.108+0000] {dagbag.py:387} ERROR - Failed to import: /home/ec2-user/environment/lab4_model_training/dags/train_model_dag.py
Traceback (most recent call last):
  File "/home/ec2-user/environment/lab4_model_training/venv/lib64/python3.12/site-packages/airflow/models/dagbag.py", line 383, in parse
    loader.exec_module(new_module)
  File "<frozen importlib._bootstrap_external>", line 999, in exec_module
  File "<frozen importlib._bootstrap>", line 488, in _call_with_frames_removed
  File "/home/ec2-user/environment/lab4_model_training/dags/train_model_dag.py", line 35, in <module>
    train_task = PythonOperator(
                 ^^^^^^^^^^^^^^^
  File "/home/ec2-user/environment/lab4_model_training/venv/lib64/python3.12/site-packages/airflow/models/baseoperator.py", line 490, in apply_defaults
    result = func(self, **kwargs, default_args=default_args)
             ^^^^^^^^^^^^^^^^^^^^^^^^^^^^^^^^^^^^^^^^^^^^^^^
  File "/home/ec2-user/environment/lab4_model_training/venv/lib64/python3.12/site-packages/airflow/operators/python.py", line 224, in __init__
    raise AirflowException("`python_callable` param must be callable")
airflow.exceptions.AirflowException: `python_callable` param must be callable
[2026-03-28T20:15:17.111+0000] {processor.py:927} WARNING - No viable dags retrieved from /home/ec2-user/environment/lab4_model_training/dags/train_model_dag.py
[2026-03-28T20:15:17.126+0000] {processor.py:208} INFO - Processing /home/ec2-user/environment/lab4_model_training/dags/train_model_dag.py took 1.324 seconds
[2026-03-28T20:15:47.288+0000] {processor.py:186} INFO - Started process (PID=15822) to work on /home/ec2-user/environment/lab4_model_training/dags/train_model_dag.py
[2026-03-28T20:15:47.289+0000] {processor.py:914} INFO - Processing file /home/ec2-user/environment/lab4_model_training/dags/train_model_dag.py for tasks to queue
[2026-03-28T20:15:47.291+0000] {logging_mixin.py:190} INFO - [2026-03-28T20:15:47.290+0000] {dagbag.py:588} INFO - Filling up the DagBag from /home/ec2-user/environment/lab4_model_training/dags/train_model_dag.py
[2026-03-28T20:15:49.076+0000] {logging_mixin.py:190} INFO - [2026-03-28T20:15:49.074+0000] {dagbag.py:387} ERROR - Failed to import: /home/ec2-user/environment/lab4_model_training/dags/train_model_dag.py
Traceback (most recent call last):
  File "/home/ec2-user/environment/lab4_model_training/venv/lib64/python3.12/site-packages/airflow/models/dagbag.py", line 383, in parse
    loader.exec_module(new_module)
  File "<frozen importlib._bootstrap_external>", line 999, in exec_module
  File "<frozen importlib._bootstrap>", line 488, in _call_with_frames_removed
  File "/home/ec2-user/environment/lab4_model_training/dags/train_model_dag.py", line 35, in <module>
    train_task = PythonOperator(
                 ^^^^^^^^^^^^^^^
  File "/home/ec2-user/environment/lab4_model_training/venv/lib64/python3.12/site-packages/airflow/models/baseoperator.py", line 490, in apply_defaults
    result = func(self, **kwargs, default_args=default_args)
             ^^^^^^^^^^^^^^^^^^^^^^^^^^^^^^^^^^^^^^^^^^^^^^^
  File "/home/ec2-user/environment/lab4_model_training/venv/lib64/python3.12/site-packages/airflow/operators/python.py", line 224, in __init__
    raise AirflowException("`python_callable` param must be callable")
airflow.exceptions.AirflowException: `python_callable` param must be callable
[2026-03-28T20:15:49.076+0000] {processor.py:927} WARNING - No viable dags retrieved from /home/ec2-user/environment/lab4_model_training/dags/train_model_dag.py
[2026-03-28T20:15:49.091+0000] {processor.py:208} INFO - Processing /home/ec2-user/environment/lab4_model_training/dags/train_model_dag.py took 1.810 seconds
[2026-03-28T20:16:19.778+0000] {processor.py:186} INFO - Started process (PID=15867) to work on /home/ec2-user/environment/lab4_model_training/dags/train_model_dag.py
[2026-03-28T20:16:19.778+0000] {processor.py:914} INFO - Processing file /home/ec2-user/environment/lab4_model_training/dags/train_model_dag.py for tasks to queue
[2026-03-28T20:16:19.779+0000] {logging_mixin.py:190} INFO - [2026-03-28T20:16:19.779+0000] {dagbag.py:588} INFO - Filling up the DagBag from /home/ec2-user/environment/lab4_model_training/dags/train_model_dag.py
[2026-03-28T20:16:21.147+0000] {logging_mixin.py:190} INFO - [2026-03-28T20:16:21.145+0000] {dagbag.py:387} ERROR - Failed to import: /home/ec2-user/environment/lab4_model_training/dags/train_model_dag.py
Traceback (most recent call last):
  File "/home/ec2-user/environment/lab4_model_training/venv/lib64/python3.12/site-packages/airflow/models/dagbag.py", line 383, in parse
    loader.exec_module(new_module)
  File "<frozen importlib._bootstrap_external>", line 999, in exec_module
  File "<frozen importlib._bootstrap>", line 488, in _call_with_frames_removed
  File "/home/ec2-user/environment/lab4_model_training/dags/train_model_dag.py", line 35, in <module>
    train_task = PythonOperator(
                 ^^^^^^^^^^^^^^^
  File "/home/ec2-user/environment/lab4_model_training/venv/lib64/python3.12/site-packages/airflow/models/baseoperator.py", line 490, in apply_defaults
    result = func(self, **kwargs, default_args=default_args)
             ^^^^^^^^^^^^^^^^^^^^^^^^^^^^^^^^^^^^^^^^^^^^^^^
  File "/home/ec2-user/environment/lab4_model_training/venv/lib64/python3.12/site-packages/airflow/operators/python.py", line 224, in __init__
    raise AirflowException("`python_callable` param must be callable")
airflow.exceptions.AirflowException: `python_callable` param must be callable
[2026-03-28T20:16:21.148+0000] {processor.py:927} WARNING - No viable dags retrieved from /home/ec2-user/environment/lab4_model_training/dags/train_model_dag.py
[2026-03-28T20:16:21.163+0000] {processor.py:208} INFO - Processing /home/ec2-user/environment/lab4_model_training/dags/train_model_dag.py took 1.390 seconds
[2026-03-28T20:16:51.251+0000] {processor.py:186} INFO - Started process (PID=15897) to work on /home/ec2-user/environment/lab4_model_training/dags/train_model_dag.py
[2026-03-28T20:16:51.252+0000] {processor.py:914} INFO - Processing file /home/ec2-user/environment/lab4_model_training/dags/train_model_dag.py for tasks to queue
[2026-03-28T20:16:51.253+0000] {logging_mixin.py:190} INFO - [2026-03-28T20:16:51.253+0000] {dagbag.py:588} INFO - Filling up the DagBag from /home/ec2-user/environment/lab4_model_training/dags/train_model_dag.py
[2026-03-28T20:16:52.638+0000] {logging_mixin.py:190} INFO - [2026-03-28T20:16:52.636+0000] {dagbag.py:387} ERROR - Failed to import: /home/ec2-user/environment/lab4_model_training/dags/train_model_dag.py
Traceback (most recent call last):
  File "/home/ec2-user/environment/lab4_model_training/venv/lib64/python3.12/site-packages/airflow/models/dagbag.py", line 383, in parse
    loader.exec_module(new_module)
  File "<frozen importlib._bootstrap_external>", line 999, in exec_module
  File "<frozen importlib._bootstrap>", line 488, in _call_with_frames_removed
  File "/home/ec2-user/environment/lab4_model_training/dags/train_model_dag.py", line 35, in <module>
    train_task = PythonOperator(
                 ^^^^^^^^^^^^^^^
  File "/home/ec2-user/environment/lab4_model_training/venv/lib64/python3.12/site-packages/airflow/models/baseoperator.py", line 490, in apply_defaults
    result = func(self, **kwargs, default_args=default_args)
             ^^^^^^^^^^^^^^^^^^^^^^^^^^^^^^^^^^^^^^^^^^^^^^^
  File "/home/ec2-user/environment/lab4_model_training/venv/lib64/python3.12/site-packages/airflow/operators/python.py", line 224, in __init__
    raise AirflowException("`python_callable` param must be callable")
airflow.exceptions.AirflowException: `python_callable` param must be callable
[2026-03-28T20:16:52.639+0000] {processor.py:927} WARNING - No viable dags retrieved from /home/ec2-user/environment/lab4_model_training/dags/train_model_dag.py
[2026-03-28T20:16:52.654+0000] {processor.py:208} INFO - Processing /home/ec2-user/environment/lab4_model_training/dags/train_model_dag.py took 1.408 seconds
[2026-03-28T20:17:23.763+0000] {processor.py:186} INFO - Started process (PID=15950) to work on /home/ec2-user/environment/lab4_model_training/dags/train_model_dag.py
[2026-03-28T20:17:23.764+0000] {processor.py:914} INFO - Processing file /home/ec2-user/environment/lab4_model_training/dags/train_model_dag.py for tasks to queue
[2026-03-28T20:17:23.765+0000] {logging_mixin.py:190} INFO - [2026-03-28T20:17:23.765+0000] {dagbag.py:588} INFO - Filling up the DagBag from /home/ec2-user/environment/lab4_model_training/dags/train_model_dag.py
[2026-03-28T20:17:25.132+0000] {logging_mixin.py:190} INFO - [2026-03-28T20:17:25.130+0000] {dagbag.py:387} ERROR - Failed to import: /home/ec2-user/environment/lab4_model_training/dags/train_model_dag.py
Traceback (most recent call last):
  File "/home/ec2-user/environment/lab4_model_training/venv/lib64/python3.12/site-packages/airflow/models/dagbag.py", line 383, in parse
    loader.exec_module(new_module)
  File "<frozen importlib._bootstrap_external>", line 999, in exec_module
  File "<frozen importlib._bootstrap>", line 488, in _call_with_frames_removed
  File "/home/ec2-user/environment/lab4_model_training/dags/train_model_dag.py", line 35, in <module>
    train_task = PythonOperator(
                 ^^^^^^^^^^^^^^^
  File "/home/ec2-user/environment/lab4_model_training/venv/lib64/python3.12/site-packages/airflow/models/baseoperator.py", line 490, in apply_defaults
    result = func(self, **kwargs, default_args=default_args)
             ^^^^^^^^^^^^^^^^^^^^^^^^^^^^^^^^^^^^^^^^^^^^^^^
  File "/home/ec2-user/environment/lab4_model_training/venv/lib64/python3.12/site-packages/airflow/operators/python.py", line 224, in __init__
    raise AirflowException("`python_callable` param must be callable")
airflow.exceptions.AirflowException: `python_callable` param must be callable
[2026-03-28T20:17:25.133+0000] {processor.py:927} WARNING - No viable dags retrieved from /home/ec2-user/environment/lab4_model_training/dags/train_model_dag.py
[2026-03-28T20:17:25.148+0000] {processor.py:208} INFO - Processing /home/ec2-user/environment/lab4_model_training/dags/train_model_dag.py took 1.390 seconds
[2026-03-28T20:17:55.280+0000] {processor.py:186} INFO - Started process (PID=16039) to work on /home/ec2-user/environment/lab4_model_training/dags/train_model_dag.py
[2026-03-28T20:17:55.281+0000] {processor.py:914} INFO - Processing file /home/ec2-user/environment/lab4_model_training/dags/train_model_dag.py for tasks to queue
[2026-03-28T20:17:55.282+0000] {logging_mixin.py:190} INFO - [2026-03-28T20:17:55.282+0000] {dagbag.py:588} INFO - Filling up the DagBag from /home/ec2-user/environment/lab4_model_training/dags/train_model_dag.py
[2026-03-28T20:17:56.889+0000] {logging_mixin.py:190} INFO - [2026-03-28T20:17:56.887+0000] {dagbag.py:387} ERROR - Failed to import: /home/ec2-user/environment/lab4_model_training/dags/train_model_dag.py
Traceback (most recent call last):
  File "/home/ec2-user/environment/lab4_model_training/venv/lib64/python3.12/site-packages/airflow/models/dagbag.py", line 383, in parse
    loader.exec_module(new_module)
  File "<frozen importlib._bootstrap_external>", line 999, in exec_module
  File "<frozen importlib._bootstrap>", line 488, in _call_with_frames_removed
  File "/home/ec2-user/environment/lab4_model_training/dags/train_model_dag.py", line 35, in <module>
    train_task = PythonOperator(
                 ^^^^^^^^^^^^^^^
  File "/home/ec2-user/environment/lab4_model_training/venv/lib64/python3.12/site-packages/airflow/models/baseoperator.py", line 490, in apply_defaults
    result = func(self, **kwargs, default_args=default_args)
             ^^^^^^^^^^^^^^^^^^^^^^^^^^^^^^^^^^^^^^^^^^^^^^^
  File "/home/ec2-user/environment/lab4_model_training/venv/lib64/python3.12/site-packages/airflow/operators/python.py", line 224, in __init__
    raise AirflowException("`python_callable` param must be callable")
airflow.exceptions.AirflowException: `python_callable` param must be callable
[2026-03-28T20:17:56.890+0000] {processor.py:927} WARNING - No viable dags retrieved from /home/ec2-user/environment/lab4_model_training/dags/train_model_dag.py
[2026-03-28T20:17:56.904+0000] {processor.py:208} INFO - Processing /home/ec2-user/environment/lab4_model_training/dags/train_model_dag.py took 1.632 seconds
[2026-03-28T20:18:26.997+0000] {processor.py:186} INFO - Started process (PID=16110) to work on /home/ec2-user/environment/lab4_model_training/dags/train_model_dag.py
[2026-03-28T20:18:26.998+0000] {processor.py:914} INFO - Processing file /home/ec2-user/environment/lab4_model_training/dags/train_model_dag.py for tasks to queue
[2026-03-28T20:18:26.999+0000] {logging_mixin.py:190} INFO - [2026-03-28T20:18:26.998+0000] {dagbag.py:588} INFO - Filling up the DagBag from /home/ec2-user/environment/lab4_model_training/dags/train_model_dag.py
[2026-03-28T20:18:28.388+0000] {logging_mixin.py:190} INFO - [2026-03-28T20:18:28.386+0000] {dagbag.py:387} ERROR - Failed to import: /home/ec2-user/environment/lab4_model_training/dags/train_model_dag.py
Traceback (most recent call last):
  File "/home/ec2-user/environment/lab4_model_training/venv/lib64/python3.12/site-packages/airflow/models/dagbag.py", line 383, in parse
    loader.exec_module(new_module)
  File "<frozen importlib._bootstrap_external>", line 999, in exec_module
  File "<frozen importlib._bootstrap>", line 488, in _call_with_frames_removed
  File "/home/ec2-user/environment/lab4_model_training/dags/train_model_dag.py", line 35, in <module>
    train_task = PythonOperator(
                 ^^^^^^^^^^^^^^^
  File "/home/ec2-user/environment/lab4_model_training/venv/lib64/python3.12/site-packages/airflow/models/baseoperator.py", line 490, in apply_defaults
    result = func(self, **kwargs, default_args=default_args)
             ^^^^^^^^^^^^^^^^^^^^^^^^^^^^^^^^^^^^^^^^^^^^^^^
  File "/home/ec2-user/environment/lab4_model_training/venv/lib64/python3.12/site-packages/airflow/operators/python.py", line 224, in __init__
    raise AirflowException("`python_callable` param must be callable")
airflow.exceptions.AirflowException: `python_callable` param must be callable
[2026-03-28T20:18:28.389+0000] {processor.py:927} WARNING - No viable dags retrieved from /home/ec2-user/environment/lab4_model_training/dags/train_model_dag.py
[2026-03-28T20:18:28.404+0000] {processor.py:208} INFO - Processing /home/ec2-user/environment/lab4_model_training/dags/train_model_dag.py took 1.413 seconds
[2026-03-28T20:18:58.596+0000] {processor.py:186} INFO - Started process (PID=16139) to work on /home/ec2-user/environment/lab4_model_training/dags/train_model_dag.py
[2026-03-28T20:18:58.597+0000] {processor.py:914} INFO - Processing file /home/ec2-user/environment/lab4_model_training/dags/train_model_dag.py for tasks to queue
[2026-03-28T20:18:58.598+0000] {logging_mixin.py:190} INFO - [2026-03-28T20:18:58.598+0000] {dagbag.py:588} INFO - Filling up the DagBag from /home/ec2-user/environment/lab4_model_training/dags/train_model_dag.py
[2026-03-28T20:18:59.930+0000] {logging_mixin.py:190} INFO - [2026-03-28T20:18:59.928+0000] {dagbag.py:387} ERROR - Failed to import: /home/ec2-user/environment/lab4_model_training/dags/train_model_dag.py
Traceback (most recent call last):
  File "/home/ec2-user/environment/lab4_model_training/venv/lib64/python3.12/site-packages/airflow/models/dagbag.py", line 383, in parse
    loader.exec_module(new_module)
  File "<frozen importlib._bootstrap_external>", line 999, in exec_module
  File "<frozen importlib._bootstrap>", line 488, in _call_with_frames_removed
  File "/home/ec2-user/environment/lab4_model_training/dags/train_model_dag.py", line 35, in <module>
    train_task = PythonOperator(
                 ^^^^^^^^^^^^^^^
  File "/home/ec2-user/environment/lab4_model_training/venv/lib64/python3.12/site-packages/airflow/models/baseoperator.py", line 490, in apply_defaults
    result = func(self, **kwargs, default_args=default_args)
             ^^^^^^^^^^^^^^^^^^^^^^^^^^^^^^^^^^^^^^^^^^^^^^^
  File "/home/ec2-user/environment/lab4_model_training/venv/lib64/python3.12/site-packages/airflow/operators/python.py", line 224, in __init__
    raise AirflowException("`python_callable` param must be callable")
airflow.exceptions.AirflowException: `python_callable` param must be callable
[2026-03-28T20:18:59.931+0000] {processor.py:927} WARNING - No viable dags retrieved from /home/ec2-user/environment/lab4_model_training/dags/train_model_dag.py
[2026-03-28T20:18:59.945+0000] {processor.py:208} INFO - Processing /home/ec2-user/environment/lab4_model_training/dags/train_model_dag.py took 1.354 seconds
[2026-03-28T20:19:30.289+0000] {processor.py:186} INFO - Started process (PID=16260) to work on /home/ec2-user/environment/lab4_model_training/dags/train_model_dag.py
[2026-03-28T20:19:30.290+0000] {processor.py:914} INFO - Processing file /home/ec2-user/environment/lab4_model_training/dags/train_model_dag.py for tasks to queue
[2026-03-28T20:19:30.291+0000] {logging_mixin.py:190} INFO - [2026-03-28T20:19:30.291+0000] {dagbag.py:588} INFO - Filling up the DagBag from /home/ec2-user/environment/lab4_model_training/dags/train_model_dag.py
[2026-03-28T20:19:32.568+0000] {logging_mixin.py:190} INFO - [2026-03-28T20:19:32.566+0000] {dagbag.py:387} ERROR - Failed to import: /home/ec2-user/environment/lab4_model_training/dags/train_model_dag.py
Traceback (most recent call last):
  File "/home/ec2-user/environment/lab4_model_training/venv/lib64/python3.12/site-packages/airflow/models/dagbag.py", line 383, in parse
    loader.exec_module(new_module)
  File "<frozen importlib._bootstrap_external>", line 999, in exec_module
  File "<frozen importlib._bootstrap>", line 488, in _call_with_frames_removed
  File "/home/ec2-user/environment/lab4_model_training/dags/train_model_dag.py", line 35, in <module>
    train_task = PythonOperator(
                 ^^^^^^^^^^^^^^^
  File "/home/ec2-user/environment/lab4_model_training/venv/lib64/python3.12/site-packages/airflow/models/baseoperator.py", line 490, in apply_defaults
    result = func(self, **kwargs, default_args=default_args)
             ^^^^^^^^^^^^^^^^^^^^^^^^^^^^^^^^^^^^^^^^^^^^^^^
  File "/home/ec2-user/environment/lab4_model_training/venv/lib64/python3.12/site-packages/airflow/operators/python.py", line 224, in __init__
    raise AirflowException("`python_callable` param must be callable")
airflow.exceptions.AirflowException: `python_callable` param must be callable
[2026-03-28T20:19:32.569+0000] {processor.py:927} WARNING - No viable dags retrieved from /home/ec2-user/environment/lab4_model_training/dags/train_model_dag.py
[2026-03-28T20:19:32.585+0000] {processor.py:208} INFO - Processing /home/ec2-user/environment/lab4_model_training/dags/train_model_dag.py took 2.301 seconds
[2026-03-28T20:20:03.639+0000] {processor.py:186} INFO - Started process (PID=16306) to work on /home/ec2-user/environment/lab4_model_training/dags/train_model_dag.py
[2026-03-28T20:20:03.640+0000] {processor.py:914} INFO - Processing file /home/ec2-user/environment/lab4_model_training/dags/train_model_dag.py for tasks to queue
[2026-03-28T20:20:03.641+0000] {logging_mixin.py:190} INFO - [2026-03-28T20:20:03.640+0000] {dagbag.py:588} INFO - Filling up the DagBag from /home/ec2-user/environment/lab4_model_training/dags/train_model_dag.py
[2026-03-28T20:20:04.997+0000] {logging_mixin.py:190} INFO - [2026-03-28T20:20:04.995+0000] {dagbag.py:387} ERROR - Failed to import: /home/ec2-user/environment/lab4_model_training/dags/train_model_dag.py
Traceback (most recent call last):
  File "/home/ec2-user/environment/lab4_model_training/venv/lib64/python3.12/site-packages/airflow/models/dagbag.py", line 383, in parse
    loader.exec_module(new_module)
  File "<frozen importlib._bootstrap_external>", line 999, in exec_module
  File "<frozen importlib._bootstrap>", line 488, in _call_with_frames_removed
  File "/home/ec2-user/environment/lab4_model_training/dags/train_model_dag.py", line 35, in <module>
    train_task = PythonOperator(
                 ^^^^^^^^^^^^^^^
  File "/home/ec2-user/environment/lab4_model_training/venv/lib64/python3.12/site-packages/airflow/models/baseoperator.py", line 490, in apply_defaults
    result = func(self, **kwargs, default_args=default_args)
             ^^^^^^^^^^^^^^^^^^^^^^^^^^^^^^^^^^^^^^^^^^^^^^^
  File "/home/ec2-user/environment/lab4_model_training/venv/lib64/python3.12/site-packages/airflow/operators/python.py", line 224, in __init__
    raise AirflowException("`python_callable` param must be callable")
airflow.exceptions.AirflowException: `python_callable` param must be callable
[2026-03-28T20:20:04.998+0000] {processor.py:927} WARNING - No viable dags retrieved from /home/ec2-user/environment/lab4_model_training/dags/train_model_dag.py
[2026-03-28T20:20:05.012+0000] {processor.py:208} INFO - Processing /home/ec2-user/environment/lab4_model_training/dags/train_model_dag.py took 1.379 seconds
[2026-03-28T20:20:35.448+0000] {processor.py:186} INFO - Started process (PID=16391) to work on /home/ec2-user/environment/lab4_model_training/dags/train_model_dag.py
[2026-03-28T20:20:35.449+0000] {processor.py:914} INFO - Processing file /home/ec2-user/environment/lab4_model_training/dags/train_model_dag.py for tasks to queue
[2026-03-28T20:20:35.450+0000] {logging_mixin.py:190} INFO - [2026-03-28T20:20:35.450+0000] {dagbag.py:588} INFO - Filling up the DagBag from /home/ec2-user/environment/lab4_model_training/dags/train_model_dag.py
[2026-03-28T20:20:37.291+0000] {logging_mixin.py:190} INFO - [2026-03-28T20:20:37.289+0000] {dagbag.py:387} ERROR - Failed to import: /home/ec2-user/environment/lab4_model_training/dags/train_model_dag.py
Traceback (most recent call last):
  File "/home/ec2-user/environment/lab4_model_training/venv/lib64/python3.12/site-packages/airflow/models/dagbag.py", line 383, in parse
    loader.exec_module(new_module)
  File "<frozen importlib._bootstrap_external>", line 999, in exec_module
  File "<frozen importlib._bootstrap>", line 488, in _call_with_frames_removed
  File "/home/ec2-user/environment/lab4_model_training/dags/train_model_dag.py", line 35, in <module>
    train_task = PythonOperator(
                 ^^^^^^^^^^^^^^^
  File "/home/ec2-user/environment/lab4_model_training/venv/lib64/python3.12/site-packages/airflow/models/baseoperator.py", line 490, in apply_defaults
    result = func(self, **kwargs, default_args=default_args)
             ^^^^^^^^^^^^^^^^^^^^^^^^^^^^^^^^^^^^^^^^^^^^^^^
  File "/home/ec2-user/environment/lab4_model_training/venv/lib64/python3.12/site-packages/airflow/operators/python.py", line 224, in __init__
    raise AirflowException("`python_callable` param must be callable")
airflow.exceptions.AirflowException: `python_callable` param must be callable
[2026-03-28T20:20:37.292+0000] {processor.py:927} WARNING - No viable dags retrieved from /home/ec2-user/environment/lab4_model_training/dags/train_model_dag.py
[2026-03-28T20:20:37.306+0000] {processor.py:208} INFO - Processing /home/ec2-user/environment/lab4_model_training/dags/train_model_dag.py took 1.864 seconds
[2026-03-28T20:21:08.239+0000] {processor.py:186} INFO - Started process (PID=16440) to work on /home/ec2-user/environment/lab4_model_training/dags/train_model_dag.py
[2026-03-28T20:21:08.241+0000] {processor.py:914} INFO - Processing file /home/ec2-user/environment/lab4_model_training/dags/train_model_dag.py for tasks to queue
[2026-03-28T20:21:08.242+0000] {logging_mixin.py:190} INFO - [2026-03-28T20:21:08.242+0000] {dagbag.py:588} INFO - Filling up the DagBag from /home/ec2-user/environment/lab4_model_training/dags/train_model_dag.py
[2026-03-28T20:21:09.594+0000] {logging_mixin.py:190} INFO - [2026-03-28T20:21:09.592+0000] {dagbag.py:387} ERROR - Failed to import: /home/ec2-user/environment/lab4_model_training/dags/train_model_dag.py
Traceback (most recent call last):
  File "/home/ec2-user/environment/lab4_model_training/venv/lib64/python3.12/site-packages/airflow/models/dagbag.py", line 383, in parse
    loader.exec_module(new_module)
  File "<frozen importlib._bootstrap_external>", line 999, in exec_module
  File "<frozen importlib._bootstrap>", line 488, in _call_with_frames_removed
  File "/home/ec2-user/environment/lab4_model_training/dags/train_model_dag.py", line 35, in <module>
    train_task = PythonOperator(
                 ^^^^^^^^^^^^^^^
  File "/home/ec2-user/environment/lab4_model_training/venv/lib64/python3.12/site-packages/airflow/models/baseoperator.py", line 490, in apply_defaults
    result = func(self, **kwargs, default_args=default_args)
             ^^^^^^^^^^^^^^^^^^^^^^^^^^^^^^^^^^^^^^^^^^^^^^^
  File "/home/ec2-user/environment/lab4_model_training/venv/lib64/python3.12/site-packages/airflow/operators/python.py", line 224, in __init__
    raise AirflowException("`python_callable` param must be callable")
airflow.exceptions.AirflowException: `python_callable` param must be callable
[2026-03-28T20:21:09.595+0000] {processor.py:927} WARNING - No viable dags retrieved from /home/ec2-user/environment/lab4_model_training/dags/train_model_dag.py
[2026-03-28T20:21:09.610+0000] {processor.py:208} INFO - Processing /home/ec2-user/environment/lab4_model_training/dags/train_model_dag.py took 1.375 seconds
[2026-03-28T20:21:40.030+0000] {processor.py:186} INFO - Started process (PID=16468) to work on /home/ec2-user/environment/lab4_model_training/dags/train_model_dag.py
[2026-03-28T20:21:40.031+0000] {processor.py:914} INFO - Processing file /home/ec2-user/environment/lab4_model_training/dags/train_model_dag.py for tasks to queue
[2026-03-28T20:21:40.032+0000] {logging_mixin.py:190} INFO - [2026-03-28T20:21:40.031+0000] {dagbag.py:588} INFO - Filling up the DagBag from /home/ec2-user/environment/lab4_model_training/dags/train_model_dag.py
[2026-03-28T20:21:41.388+0000] {logging_mixin.py:190} INFO - [ml_pipeline.model] Model accuracy: 1.0000
[2026-03-28T20:21:41.391+0000] {logging_mixin.py:190} INFO - [ml_pipeline.model] Saved model to models/breast_cancer_model.pkl
[2026-03-28T20:21:41.393+0000] {logging_mixin.py:190} INFO - [2026-03-28T20:21:41.391+0000] {dagbag.py:387} ERROR - Failed to import: /home/ec2-user/environment/lab4_model_training/dags/train_model_dag.py
Traceback (most recent call last):
  File "/home/ec2-user/environment/lab4_model_training/venv/lib64/python3.12/site-packages/airflow/models/dagbag.py", line 383, in parse
    loader.exec_module(new_module)
  File "<frozen importlib._bootstrap_external>", line 999, in exec_module
  File "<frozen importlib._bootstrap>", line 488, in _call_with_frames_removed
  File "/home/ec2-user/environment/lab4_model_training/dags/train_model_dag.py", line 35, in <module>
    train_task = PythonOperator(
                 ^^^^^^^^^^^^^^^
  File "/home/ec2-user/environment/lab4_model_training/venv/lib64/python3.12/site-packages/airflow/models/baseoperator.py", line 490, in apply_defaults
    result = func(self, **kwargs, default_args=default_args)
             ^^^^^^^^^^^^^^^^^^^^^^^^^^^^^^^^^^^^^^^^^^^^^^^
  File "/home/ec2-user/environment/lab4_model_training/venv/lib64/python3.12/site-packages/airflow/operators/python.py", line 224, in __init__
    raise AirflowException("`python_callable` param must be callable")
airflow.exceptions.AirflowException: `python_callable` param must be callable
[2026-03-28T20:21:41.394+0000] {processor.py:927} WARNING - No viable dags retrieved from /home/ec2-user/environment/lab4_model_training/dags/train_model_dag.py
[2026-03-28T20:21:41.409+0000] {processor.py:208} INFO - Processing /home/ec2-user/environment/lab4_model_training/dags/train_model_dag.py took 1.385 seconds
[2026-03-28T20:22:12.146+0000] {processor.py:186} INFO - Started process (PID=16506) to work on /home/ec2-user/environment/lab4_model_training/dags/train_model_dag.py
[2026-03-28T20:22:12.146+0000] {processor.py:914} INFO - Processing file /home/ec2-user/environment/lab4_model_training/dags/train_model_dag.py for tasks to queue
[2026-03-28T20:22:12.147+0000] {logging_mixin.py:190} INFO - [2026-03-28T20:22:12.147+0000] {dagbag.py:588} INFO - Filling up the DagBag from /home/ec2-user/environment/lab4_model_training/dags/train_model_dag.py
[2026-03-28T20:22:13.500+0000] {logging_mixin.py:190} INFO - [ml_pipeline.model] Model accuracy: 1.0000
[2026-03-28T20:22:13.502+0000] {logging_mixin.py:190} INFO - [ml_pipeline.model] Saved model to models/breast_cancer_model.pkl
[2026-03-28T20:22:13.505+0000] {logging_mixin.py:190} INFO - [2026-03-28T20:22:13.502+0000] {dagbag.py:387} ERROR - Failed to import: /home/ec2-user/environment/lab4_model_training/dags/train_model_dag.py
Traceback (most recent call last):
  File "/home/ec2-user/environment/lab4_model_training/venv/lib64/python3.12/site-packages/airflow/models/dagbag.py", line 383, in parse
    loader.exec_module(new_module)
  File "<frozen importlib._bootstrap_external>", line 999, in exec_module
  File "<frozen importlib._bootstrap>", line 488, in _call_with_frames_removed
  File "/home/ec2-user/environment/lab4_model_training/dags/train_model_dag.py", line 35, in <module>
    train_task = PythonOperator(
                 ^^^^^^^^^^^^^^^
  File "/home/ec2-user/environment/lab4_model_training/venv/lib64/python3.12/site-packages/airflow/models/baseoperator.py", line 490, in apply_defaults
    result = func(self, **kwargs, default_args=default_args)
             ^^^^^^^^^^^^^^^^^^^^^^^^^^^^^^^^^^^^^^^^^^^^^^^
  File "/home/ec2-user/environment/lab4_model_training/venv/lib64/python3.12/site-packages/airflow/operators/python.py", line 224, in __init__
    raise AirflowException("`python_callable` param must be callable")
airflow.exceptions.AirflowException: `python_callable` param must be callable
[2026-03-28T20:22:13.505+0000] {processor.py:927} WARNING - No viable dags retrieved from /home/ec2-user/environment/lab4_model_training/dags/train_model_dag.py
[2026-03-28T20:22:13.520+0000] {processor.py:208} INFO - Processing /home/ec2-user/environment/lab4_model_training/dags/train_model_dag.py took 1.380 seconds
[2026-03-28T20:22:43.693+0000] {processor.py:186} INFO - Started process (PID=16586) to work on /home/ec2-user/environment/lab4_model_training/dags/train_model_dag.py
[2026-03-28T20:22:43.694+0000] {processor.py:914} INFO - Processing file /home/ec2-user/environment/lab4_model_training/dags/train_model_dag.py for tasks to queue
[2026-03-28T20:22:43.695+0000] {logging_mixin.py:190} INFO - [2026-03-28T20:22:43.695+0000] {dagbag.py:588} INFO - Filling up the DagBag from /home/ec2-user/environment/lab4_model_training/dags/train_model_dag.py
[2026-03-28T20:22:45.039+0000] {logging_mixin.py:190} INFO - [ml_pipeline.model] Model accuracy: 1.0000
[2026-03-28T20:22:45.041+0000] {logging_mixin.py:190} INFO - [ml_pipeline.model] Saved model to models/breast_cancer_model.pkl
[2026-03-28T20:22:45.043+0000] {logging_mixin.py:190} INFO - [2026-03-28T20:22:45.041+0000] {dagbag.py:387} ERROR - Failed to import: /home/ec2-user/environment/lab4_model_training/dags/train_model_dag.py
Traceback (most recent call last):
  File "/home/ec2-user/environment/lab4_model_training/venv/lib64/python3.12/site-packages/airflow/models/dagbag.py", line 383, in parse
    loader.exec_module(new_module)
  File "<frozen importlib._bootstrap_external>", line 999, in exec_module
  File "<frozen importlib._bootstrap>", line 488, in _call_with_frames_removed
  File "/home/ec2-user/environment/lab4_model_training/dags/train_model_dag.py", line 35, in <module>
    train_task = PythonOperator(
                 ^^^^^^^^^^^^^^^
  File "/home/ec2-user/environment/lab4_model_training/venv/lib64/python3.12/site-packages/airflow/models/baseoperator.py", line 490, in apply_defaults
    result = func(self, **kwargs, default_args=default_args)
             ^^^^^^^^^^^^^^^^^^^^^^^^^^^^^^^^^^^^^^^^^^^^^^^
  File "/home/ec2-user/environment/lab4_model_training/venv/lib64/python3.12/site-packages/airflow/operators/python.py", line 224, in __init__
    raise AirflowException("`python_callable` param must be callable")
airflow.exceptions.AirflowException: `python_callable` param must be callable
[2026-03-28T20:22:45.044+0000] {processor.py:927} WARNING - No viable dags retrieved from /home/ec2-user/environment/lab4_model_training/dags/train_model_dag.py
[2026-03-28T20:22:45.059+0000] {processor.py:208} INFO - Processing /home/ec2-user/environment/lab4_model_training/dags/train_model_dag.py took 1.370 seconds
[2026-03-28T20:23:15.199+0000] {processor.py:186} INFO - Started process (PID=16631) to work on /home/ec2-user/environment/lab4_model_training/dags/train_model_dag.py
[2026-03-28T20:23:15.200+0000] {processor.py:914} INFO - Processing file /home/ec2-user/environment/lab4_model_training/dags/train_model_dag.py for tasks to queue
[2026-03-28T20:23:15.202+0000] {logging_mixin.py:190} INFO - [2026-03-28T20:23:15.201+0000] {dagbag.py:588} INFO - Filling up the DagBag from /home/ec2-user/environment/lab4_model_training/dags/train_model_dag.py
[2026-03-28T20:23:16.538+0000] {logging_mixin.py:190} INFO - [ml_pipeline.model] Model accuracy: 1.0000
[2026-03-28T20:23:16.542+0000] {logging_mixin.py:190} INFO - [ml_pipeline.model] Saved model to models/breast_cancer_model.pkl
[2026-03-28T20:23:16.545+0000] {logging_mixin.py:190} INFO - [2026-03-28T20:23:16.543+0000] {dagbag.py:387} ERROR - Failed to import: /home/ec2-user/environment/lab4_model_training/dags/train_model_dag.py
Traceback (most recent call last):
  File "/home/ec2-user/environment/lab4_model_training/venv/lib64/python3.12/site-packages/airflow/models/dagbag.py", line 383, in parse
    loader.exec_module(new_module)
  File "<frozen importlib._bootstrap_external>", line 999, in exec_module
  File "<frozen importlib._bootstrap>", line 488, in _call_with_frames_removed
  File "/home/ec2-user/environment/lab4_model_training/dags/train_model_dag.py", line 35, in <module>
    train_task = PythonOperator(
                 ^^^^^^^^^^^^^^^
  File "/home/ec2-user/environment/lab4_model_training/venv/lib64/python3.12/site-packages/airflow/models/baseoperator.py", line 490, in apply_defaults
    result = func(self, **kwargs, default_args=default_args)
             ^^^^^^^^^^^^^^^^^^^^^^^^^^^^^^^^^^^^^^^^^^^^^^^
  File "/home/ec2-user/environment/lab4_model_training/venv/lib64/python3.12/site-packages/airflow/operators/python.py", line 224, in __init__
    raise AirflowException("`python_callable` param must be callable")
airflow.exceptions.AirflowException: `python_callable` param must be callable
[2026-03-28T20:23:16.546+0000] {processor.py:927} WARNING - No viable dags retrieved from /home/ec2-user/environment/lab4_model_training/dags/train_model_dag.py
[2026-03-28T20:23:16.561+0000] {processor.py:208} INFO - Processing /home/ec2-user/environment/lab4_model_training/dags/train_model_dag.py took 1.366 seconds
[2026-03-28T20:23:47.577+0000] {processor.py:186} INFO - Started process (PID=16733) to work on /home/ec2-user/environment/lab4_model_training/dags/train_model_dag.py
[2026-03-28T20:23:47.578+0000] {processor.py:914} INFO - Processing file /home/ec2-user/environment/lab4_model_training/dags/train_model_dag.py for tasks to queue
[2026-03-28T20:23:47.579+0000] {logging_mixin.py:190} INFO - [2026-03-28T20:23:47.579+0000] {dagbag.py:588} INFO - Filling up the DagBag from /home/ec2-user/environment/lab4_model_training/dags/train_model_dag.py
[2026-03-28T20:23:48.892+0000] {logging_mixin.py:190} INFO - [ml_pipeline.model] Model accuracy: 1.0000
[2026-03-28T20:23:48.894+0000] {logging_mixin.py:190} INFO - [ml_pipeline.model] Saved model to models/breast_cancer_model.pkl
[2026-03-28T20:23:48.897+0000] {logging_mixin.py:190} INFO - [2026-03-28T20:23:48.895+0000] {dagbag.py:387} ERROR - Failed to import: /home/ec2-user/environment/lab4_model_training/dags/train_model_dag.py
Traceback (most recent call last):
  File "/home/ec2-user/environment/lab4_model_training/venv/lib64/python3.12/site-packages/airflow/models/dagbag.py", line 383, in parse
    loader.exec_module(new_module)
  File "<frozen importlib._bootstrap_external>", line 999, in exec_module
  File "<frozen importlib._bootstrap>", line 488, in _call_with_frames_removed
  File "/home/ec2-user/environment/lab4_model_training/dags/train_model_dag.py", line 35, in <module>
    train_task = PythonOperator(
                 ^^^^^^^^^^^^^^^
  File "/home/ec2-user/environment/lab4_model_training/venv/lib64/python3.12/site-packages/airflow/models/baseoperator.py", line 490, in apply_defaults
    result = func(self, **kwargs, default_args=default_args)
             ^^^^^^^^^^^^^^^^^^^^^^^^^^^^^^^^^^^^^^^^^^^^^^^
  File "/home/ec2-user/environment/lab4_model_training/venv/lib64/python3.12/site-packages/airflow/operators/python.py", line 224, in __init__
    raise AirflowException("`python_callable` param must be callable")
airflow.exceptions.AirflowException: `python_callable` param must be callable
[2026-03-28T20:23:48.898+0000] {processor.py:927} WARNING - No viable dags retrieved from /home/ec2-user/environment/lab4_model_training/dags/train_model_dag.py
[2026-03-28T20:23:48.912+0000] {processor.py:208} INFO - Processing /home/ec2-user/environment/lab4_model_training/dags/train_model_dag.py took 1.339 seconds
[2026-03-28T20:24:19.113+0000] {processor.py:186} INFO - Started process (PID=16785) to work on /home/ec2-user/environment/lab4_model_training/dags/train_model_dag.py
[2026-03-28T20:24:19.114+0000] {processor.py:914} INFO - Processing file /home/ec2-user/environment/lab4_model_training/dags/train_model_dag.py for tasks to queue
[2026-03-28T20:24:19.115+0000] {logging_mixin.py:190} INFO - [2026-03-28T20:24:19.115+0000] {dagbag.py:588} INFO - Filling up the DagBag from /home/ec2-user/environment/lab4_model_training/dags/train_model_dag.py
[2026-03-28T20:24:20.960+0000] {logging_mixin.py:190} INFO - [ml_pipeline.model] Model accuracy: 1.0000
[2026-03-28T20:24:20.962+0000] {logging_mixin.py:190} INFO - [ml_pipeline.model] Saved model to models/breast_cancer_model.pkl
[2026-03-28T20:24:20.965+0000] {logging_mixin.py:190} INFO - [2026-03-28T20:24:20.963+0000] {dagbag.py:387} ERROR - Failed to import: /home/ec2-user/environment/lab4_model_training/dags/train_model_dag.py
Traceback (most recent call last):
  File "/home/ec2-user/environment/lab4_model_training/venv/lib64/python3.12/site-packages/airflow/models/dagbag.py", line 383, in parse
    loader.exec_module(new_module)
  File "<frozen importlib._bootstrap_external>", line 999, in exec_module
  File "<frozen importlib._bootstrap>", line 488, in _call_with_frames_removed
  File "/home/ec2-user/environment/lab4_model_training/dags/train_model_dag.py", line 35, in <module>
    train_task = PythonOperator(
                 ^^^^^^^^^^^^^^^
  File "/home/ec2-user/environment/lab4_model_training/venv/lib64/python3.12/site-packages/airflow/models/baseoperator.py", line 490, in apply_defaults
    result = func(self, **kwargs, default_args=default_args)
             ^^^^^^^^^^^^^^^^^^^^^^^^^^^^^^^^^^^^^^^^^^^^^^^
  File "/home/ec2-user/environment/lab4_model_training/venv/lib64/python3.12/site-packages/airflow/operators/python.py", line 224, in __init__
    raise AirflowException("`python_callable` param must be callable")
airflow.exceptions.AirflowException: `python_callable` param must be callable
[2026-03-28T20:24:20.966+0000] {processor.py:927} WARNING - No viable dags retrieved from /home/ec2-user/environment/lab4_model_training/dags/train_model_dag.py
[2026-03-28T20:24:21.002+0000] {processor.py:208} INFO - Processing /home/ec2-user/environment/lab4_model_training/dags/train_model_dag.py took 1.895 seconds
[2026-03-28T20:24:51.625+0000] {processor.py:186} INFO - Started process (PID=16815) to work on /home/ec2-user/environment/lab4_model_training/dags/train_model_dag.py
[2026-03-28T20:24:51.626+0000] {processor.py:914} INFO - Processing file /home/ec2-user/environment/lab4_model_training/dags/train_model_dag.py for tasks to queue
[2026-03-28T20:24:51.628+0000] {logging_mixin.py:190} INFO - [2026-03-28T20:24:51.627+0000] {dagbag.py:588} INFO - Filling up the DagBag from /home/ec2-user/environment/lab4_model_training/dags/train_model_dag.py
[2026-03-28T20:24:52.995+0000] {logging_mixin.py:190} INFO - [ml_pipeline.model] Model accuracy: 1.0000
[2026-03-28T20:24:52.997+0000] {logging_mixin.py:190} INFO - [ml_pipeline.model] Saved model to models/breast_cancer_model.pkl
[2026-03-28T20:24:53.000+0000] {logging_mixin.py:190} INFO - [2026-03-28T20:24:52.998+0000] {dagbag.py:387} ERROR - Failed to import: /home/ec2-user/environment/lab4_model_training/dags/train_model_dag.py
Traceback (most recent call last):
  File "/home/ec2-user/environment/lab4_model_training/venv/lib64/python3.12/site-packages/airflow/models/dagbag.py", line 383, in parse
    loader.exec_module(new_module)
  File "<frozen importlib._bootstrap_external>", line 999, in exec_module
  File "<frozen importlib._bootstrap>", line 488, in _call_with_frames_removed
  File "/home/ec2-user/environment/lab4_model_training/dags/train_model_dag.py", line 35, in <module>
    train_task = PythonOperator(
                 ^^^^^^^^^^^^^^^
  File "/home/ec2-user/environment/lab4_model_training/venv/lib64/python3.12/site-packages/airflow/models/baseoperator.py", line 490, in apply_defaults
    result = func(self, **kwargs, default_args=default_args)
             ^^^^^^^^^^^^^^^^^^^^^^^^^^^^^^^^^^^^^^^^^^^^^^^
  File "/home/ec2-user/environment/lab4_model_training/venv/lib64/python3.12/site-packages/airflow/operators/python.py", line 224, in __init__
    raise AirflowException("`python_callable` param must be callable")
airflow.exceptions.AirflowException: `python_callable` param must be callable
[2026-03-28T20:24:53.001+0000] {processor.py:927} WARNING - No viable dags retrieved from /home/ec2-user/environment/lab4_model_training/dags/train_model_dag.py
[2026-03-28T20:24:53.016+0000] {processor.py:208} INFO - Processing /home/ec2-user/environment/lab4_model_training/dags/train_model_dag.py took 1.396 seconds
[2026-03-28T20:25:23.269+0000] {processor.py:186} INFO - Started process (PID=16861) to work on /home/ec2-user/environment/lab4_model_training/dags/train_model_dag.py
[2026-03-28T20:25:23.270+0000] {processor.py:914} INFO - Processing file /home/ec2-user/environment/lab4_model_training/dags/train_model_dag.py for tasks to queue
[2026-03-28T20:25:23.271+0000] {logging_mixin.py:190} INFO - [2026-03-28T20:25:23.271+0000] {dagbag.py:588} INFO - Filling up the DagBag from /home/ec2-user/environment/lab4_model_training/dags/train_model_dag.py
[2026-03-28T20:25:25.328+0000] {logging_mixin.py:190} INFO - [ml_pipeline.model] Model accuracy: 1.0000
[2026-03-28T20:25:25.330+0000] {logging_mixin.py:190} INFO - [ml_pipeline.model] Saved model to models/breast_cancer_model.pkl
[2026-03-28T20:25:25.333+0000] {logging_mixin.py:190} INFO - [2026-03-28T20:25:25.331+0000] {dagbag.py:387} ERROR - Failed to import: /home/ec2-user/environment/lab4_model_training/dags/train_model_dag.py
Traceback (most recent call last):
  File "/home/ec2-user/environment/lab4_model_training/venv/lib64/python3.12/site-packages/airflow/models/dagbag.py", line 383, in parse
    loader.exec_module(new_module)
  File "<frozen importlib._bootstrap_external>", line 999, in exec_module
  File "<frozen importlib._bootstrap>", line 488, in _call_with_frames_removed
  File "/home/ec2-user/environment/lab4_model_training/dags/train_model_dag.py", line 35, in <module>
    train_task = PythonOperator(
                 ^^^^^^^^^^^^^^^
  File "/home/ec2-user/environment/lab4_model_training/venv/lib64/python3.12/site-packages/airflow/models/baseoperator.py", line 490, in apply_defaults
    result = func(self, **kwargs, default_args=default_args)
             ^^^^^^^^^^^^^^^^^^^^^^^^^^^^^^^^^^^^^^^^^^^^^^^
  File "/home/ec2-user/environment/lab4_model_training/venv/lib64/python3.12/site-packages/airflow/operators/python.py", line 224, in __init__
    raise AirflowException("`python_callable` param must be callable")
airflow.exceptions.AirflowException: `python_callable` param must be callable
[2026-03-28T20:25:25.334+0000] {processor.py:927} WARNING - No viable dags retrieved from /home/ec2-user/environment/lab4_model_training/dags/train_model_dag.py
[2026-03-28T20:25:25.349+0000] {processor.py:208} INFO - Processing /home/ec2-user/environment/lab4_model_training/dags/train_model_dag.py took 2.088 seconds
[2026-03-28T20:25:56.101+0000] {processor.py:186} INFO - Started process (PID=16956) to work on /home/ec2-user/environment/lab4_model_training/dags/train_model_dag.py
[2026-03-28T20:25:56.103+0000] {processor.py:914} INFO - Processing file /home/ec2-user/environment/lab4_model_training/dags/train_model_dag.py for tasks to queue
[2026-03-28T20:25:56.104+0000] {logging_mixin.py:190} INFO - [2026-03-28T20:25:56.104+0000] {dagbag.py:588} INFO - Filling up the DagBag from /home/ec2-user/environment/lab4_model_training/dags/train_model_dag.py
[2026-03-28T20:25:57.452+0000] {logging_mixin.py:190} INFO - [ml_pipeline.model] Model accuracy: 1.0000
[2026-03-28T20:25:57.454+0000] {logging_mixin.py:190} INFO - [ml_pipeline.model] Saved model to models/breast_cancer_model.pkl
[2026-03-28T20:25:57.457+0000] {logging_mixin.py:190} INFO - [2026-03-28T20:25:57.455+0000] {dagbag.py:387} ERROR - Failed to import: /home/ec2-user/environment/lab4_model_training/dags/train_model_dag.py
Traceback (most recent call last):
  File "/home/ec2-user/environment/lab4_model_training/venv/lib64/python3.12/site-packages/airflow/models/dagbag.py", line 383, in parse
    loader.exec_module(new_module)
  File "<frozen importlib._bootstrap_external>", line 999, in exec_module
  File "<frozen importlib._bootstrap>", line 488, in _call_with_frames_removed
  File "/home/ec2-user/environment/lab4_model_training/dags/train_model_dag.py", line 35, in <module>
    train_task = PythonOperator(
                 ^^^^^^^^^^^^^^^
  File "/home/ec2-user/environment/lab4_model_training/venv/lib64/python3.12/site-packages/airflow/models/baseoperator.py", line 490, in apply_defaults
    result = func(self, **kwargs, default_args=default_args)
             ^^^^^^^^^^^^^^^^^^^^^^^^^^^^^^^^^^^^^^^^^^^^^^^
  File "/home/ec2-user/environment/lab4_model_training/venv/lib64/python3.12/site-packages/airflow/operators/python.py", line 224, in __init__
    raise AirflowException("`python_callable` param must be callable")
airflow.exceptions.AirflowException: `python_callable` param must be callable
[2026-03-28T20:25:57.458+0000] {processor.py:927} WARNING - No viable dags retrieved from /home/ec2-user/environment/lab4_model_training/dags/train_model_dag.py
[2026-03-28T20:25:57.472+0000] {processor.py:208} INFO - Processing /home/ec2-user/environment/lab4_model_training/dags/train_model_dag.py took 1.376 seconds
[2026-03-28T20:26:28.096+0000] {processor.py:186} INFO - Started process (PID=16999) to work on /home/ec2-user/environment/lab4_model_training/dags/train_model_dag.py
[2026-03-28T20:26:28.098+0000] {processor.py:914} INFO - Processing file /home/ec2-user/environment/lab4_model_training/dags/train_model_dag.py for tasks to queue
[2026-03-28T20:26:28.099+0000] {logging_mixin.py:190} INFO - [2026-03-28T20:26:28.098+0000] {dagbag.py:588} INFO - Filling up the DagBag from /home/ec2-user/environment/lab4_model_training/dags/train_model_dag.py
[2026-03-28T20:26:29.440+0000] {logging_mixin.py:190} INFO - [ml_pipeline.model] Model accuracy: 1.0000
[2026-03-28T20:26:29.442+0000] {logging_mixin.py:190} INFO - [ml_pipeline.model] Saved model to models/breast_cancer_model.pkl
[2026-03-28T20:26:29.445+0000] {logging_mixin.py:190} INFO - [2026-03-28T20:26:29.443+0000] {dagbag.py:387} ERROR - Failed to import: /home/ec2-user/environment/lab4_model_training/dags/train_model_dag.py
Traceback (most recent call last):
  File "/home/ec2-user/environment/lab4_model_training/venv/lib64/python3.12/site-packages/airflow/models/dagbag.py", line 383, in parse
    loader.exec_module(new_module)
  File "<frozen importlib._bootstrap_external>", line 999, in exec_module
  File "<frozen importlib._bootstrap>", line 488, in _call_with_frames_removed
  File "/home/ec2-user/environment/lab4_model_training/dags/train_model_dag.py", line 35, in <module>
    train_task = PythonOperator(
                 ^^^^^^^^^^^^^^^
  File "/home/ec2-user/environment/lab4_model_training/venv/lib64/python3.12/site-packages/airflow/models/baseoperator.py", line 490, in apply_defaults
    result = func(self, **kwargs, default_args=default_args)
             ^^^^^^^^^^^^^^^^^^^^^^^^^^^^^^^^^^^^^^^^^^^^^^^
  File "/home/ec2-user/environment/lab4_model_training/venv/lib64/python3.12/site-packages/airflow/operators/python.py", line 224, in __init__
    raise AirflowException("`python_callable` param must be callable")
airflow.exceptions.AirflowException: `python_callable` param must be callable
[2026-03-28T20:26:29.446+0000] {processor.py:927} WARNING - No viable dags retrieved from /home/ec2-user/environment/lab4_model_training/dags/train_model_dag.py
[2026-03-28T20:26:29.460+0000] {processor.py:208} INFO - Processing /home/ec2-user/environment/lab4_model_training/dags/train_model_dag.py took 1.368 seconds
[2026-03-28T20:26:59.867+0000] {processor.py:186} INFO - Started process (PID=17097) to work on /home/ec2-user/environment/lab4_model_training/dags/train_model_dag.py
[2026-03-28T20:26:59.868+0000] {processor.py:914} INFO - Processing file /home/ec2-user/environment/lab4_model_training/dags/train_model_dag.py for tasks to queue
[2026-03-28T20:26:59.870+0000] {logging_mixin.py:190} INFO - [2026-03-28T20:26:59.870+0000] {dagbag.py:588} INFO - Filling up the DagBag from /home/ec2-user/environment/lab4_model_training/dags/train_model_dag.py
[2026-03-28T20:27:01.224+0000] {logging_mixin.py:190} INFO - [ml_pipeline.model] Model accuracy: 1.0000
[2026-03-28T20:27:01.226+0000] {logging_mixin.py:190} INFO - [ml_pipeline.model] Saved model to models/breast_cancer_model.pkl
[2026-03-28T20:27:01.229+0000] {logging_mixin.py:190} INFO - [2026-03-28T20:27:01.227+0000] {dagbag.py:387} ERROR - Failed to import: /home/ec2-user/environment/lab4_model_training/dags/train_model_dag.py
Traceback (most recent call last):
  File "/home/ec2-user/environment/lab4_model_training/venv/lib64/python3.12/site-packages/airflow/models/dagbag.py", line 383, in parse
    loader.exec_module(new_module)
  File "<frozen importlib._bootstrap_external>", line 999, in exec_module
  File "<frozen importlib._bootstrap>", line 488, in _call_with_frames_removed
  File "/home/ec2-user/environment/lab4_model_training/dags/train_model_dag.py", line 35, in <module>
    train_task = PythonOperator(
                 ^^^^^^^^^^^^^^^
  File "/home/ec2-user/environment/lab4_model_training/venv/lib64/python3.12/site-packages/airflow/models/baseoperator.py", line 490, in apply_defaults
    result = func(self, **kwargs, default_args=default_args)
             ^^^^^^^^^^^^^^^^^^^^^^^^^^^^^^^^^^^^^^^^^^^^^^^
  File "/home/ec2-user/environment/lab4_model_training/venv/lib64/python3.12/site-packages/airflow/operators/python.py", line 224, in __init__
    raise AirflowException("`python_callable` param must be callable")
airflow.exceptions.AirflowException: `python_callable` param must be callable
[2026-03-28T20:27:01.230+0000] {processor.py:927} WARNING - No viable dags retrieved from /home/ec2-user/environment/lab4_model_training/dags/train_model_dag.py
[2026-03-28T20:27:01.244+0000] {processor.py:208} INFO - Processing /home/ec2-user/environment/lab4_model_training/dags/train_model_dag.py took 1.381 seconds
[2026-03-28T20:27:31.582+0000] {processor.py:186} INFO - Started process (PID=17155) to work on /home/ec2-user/environment/lab4_model_training/dags/train_model_dag.py
[2026-03-28T20:27:31.583+0000] {processor.py:914} INFO - Processing file /home/ec2-user/environment/lab4_model_training/dags/train_model_dag.py for tasks to queue
[2026-03-28T20:27:31.584+0000] {logging_mixin.py:190} INFO - [2026-03-28T20:27:31.583+0000] {dagbag.py:588} INFO - Filling up the DagBag from /home/ec2-user/environment/lab4_model_training/dags/train_model_dag.py
[2026-03-28T20:27:32.914+0000] {logging_mixin.py:190} INFO - [ml_pipeline.model] Model accuracy: 1.0000
[2026-03-28T20:27:32.916+0000] {logging_mixin.py:190} INFO - [ml_pipeline.model] Saved model to models/breast_cancer_model.pkl
[2026-03-28T20:27:32.919+0000] {logging_mixin.py:190} INFO - [2026-03-28T20:27:32.917+0000] {dagbag.py:387} ERROR - Failed to import: /home/ec2-user/environment/lab4_model_training/dags/train_model_dag.py
Traceback (most recent call last):
  File "/home/ec2-user/environment/lab4_model_training/venv/lib64/python3.12/site-packages/airflow/models/dagbag.py", line 383, in parse
    loader.exec_module(new_module)
  File "<frozen importlib._bootstrap_external>", line 999, in exec_module
  File "<frozen importlib._bootstrap>", line 488, in _call_with_frames_removed
  File "/home/ec2-user/environment/lab4_model_training/dags/train_model_dag.py", line 35, in <module>
    train_task = PythonOperator(
                 ^^^^^^^^^^^^^^^
  File "/home/ec2-user/environment/lab4_model_training/venv/lib64/python3.12/site-packages/airflow/models/baseoperator.py", line 490, in apply_defaults
    result = func(self, **kwargs, default_args=default_args)
             ^^^^^^^^^^^^^^^^^^^^^^^^^^^^^^^^^^^^^^^^^^^^^^^
  File "/home/ec2-user/environment/lab4_model_training/venv/lib64/python3.12/site-packages/airflow/operators/python.py", line 224, in __init__
    raise AirflowException("`python_callable` param must be callable")
airflow.exceptions.AirflowException: `python_callable` param must be callable
[2026-03-28T20:27:32.919+0000] {processor.py:927} WARNING - No viable dags retrieved from /home/ec2-user/environment/lab4_model_training/dags/train_model_dag.py
[2026-03-28T20:27:32.934+0000] {processor.py:208} INFO - Processing /home/ec2-user/environment/lab4_model_training/dags/train_model_dag.py took 1.357 seconds
[2026-03-28T20:28:03.075+0000] {processor.py:186} INFO - Started process (PID=17203) to work on /home/ec2-user/environment/lab4_model_training/dags/train_model_dag.py
[2026-03-28T20:28:03.077+0000] {processor.py:914} INFO - Processing file /home/ec2-user/environment/lab4_model_training/dags/train_model_dag.py for tasks to queue
[2026-03-28T20:28:03.079+0000] {logging_mixin.py:190} INFO - [2026-03-28T20:28:03.078+0000] {dagbag.py:588} INFO - Filling up the DagBag from /home/ec2-user/environment/lab4_model_training/dags/train_model_dag.py
[2026-03-28T20:28:04.444+0000] {logging_mixin.py:190} INFO - [ml_pipeline.model] Model accuracy: 1.0000
[2026-03-28T20:28:04.446+0000] {logging_mixin.py:190} INFO - [ml_pipeline.model] Saved model to models/breast_cancer_model.pkl
[2026-03-28T20:28:04.449+0000] {logging_mixin.py:190} INFO - [2026-03-28T20:28:04.447+0000] {dagbag.py:387} ERROR - Failed to import: /home/ec2-user/environment/lab4_model_training/dags/train_model_dag.py
Traceback (most recent call last):
  File "/home/ec2-user/environment/lab4_model_training/venv/lib64/python3.12/site-packages/airflow/models/dagbag.py", line 383, in parse
    loader.exec_module(new_module)
  File "<frozen importlib._bootstrap_external>", line 999, in exec_module
  File "<frozen importlib._bootstrap>", line 488, in _call_with_frames_removed
  File "/home/ec2-user/environment/lab4_model_training/dags/train_model_dag.py", line 35, in <module>
    train_task = PythonOperator(
                 ^^^^^^^^^^^^^^^
  File "/home/ec2-user/environment/lab4_model_training/venv/lib64/python3.12/site-packages/airflow/models/baseoperator.py", line 490, in apply_defaults
    result = func(self, **kwargs, default_args=default_args)
             ^^^^^^^^^^^^^^^^^^^^^^^^^^^^^^^^^^^^^^^^^^^^^^^
  File "/home/ec2-user/environment/lab4_model_training/venv/lib64/python3.12/site-packages/airflow/operators/python.py", line 224, in __init__
    raise AirflowException("`python_callable` param must be callable")
airflow.exceptions.AirflowException: `python_callable` param must be callable
[2026-03-28T20:28:04.450+0000] {processor.py:927} WARNING - No viable dags retrieved from /home/ec2-user/environment/lab4_model_training/dags/train_model_dag.py
[2026-03-28T20:28:04.464+0000] {processor.py:208} INFO - Processing /home/ec2-user/environment/lab4_model_training/dags/train_model_dag.py took 1.396 seconds
[2026-03-28T20:28:34.668+0000] {processor.py:186} INFO - Started process (PID=17279) to work on /home/ec2-user/environment/lab4_model_training/dags/train_model_dag.py
[2026-03-28T20:28:34.668+0000] {processor.py:914} INFO - Processing file /home/ec2-user/environment/lab4_model_training/dags/train_model_dag.py for tasks to queue
[2026-03-28T20:28:34.669+0000] {logging_mixin.py:190} INFO - [2026-03-28T20:28:34.669+0000] {dagbag.py:588} INFO - Filling up the DagBag from /home/ec2-user/environment/lab4_model_training/dags/train_model_dag.py
[2026-03-28T20:28:36.014+0000] {logging_mixin.py:190} INFO - [ml_pipeline.model] Model accuracy: 1.0000
[2026-03-28T20:28:36.016+0000] {logging_mixin.py:190} INFO - [ml_pipeline.model] Saved model to models/breast_cancer_model.pkl
[2026-03-28T20:28:36.019+0000] {logging_mixin.py:190} INFO - [2026-03-28T20:28:36.017+0000] {dagbag.py:387} ERROR - Failed to import: /home/ec2-user/environment/lab4_model_training/dags/train_model_dag.py
Traceback (most recent call last):
  File "/home/ec2-user/environment/lab4_model_training/venv/lib64/python3.12/site-packages/airflow/models/dagbag.py", line 383, in parse
    loader.exec_module(new_module)
  File "<frozen importlib._bootstrap_external>", line 999, in exec_module
  File "<frozen importlib._bootstrap>", line 488, in _call_with_frames_removed
  File "/home/ec2-user/environment/lab4_model_training/dags/train_model_dag.py", line 35, in <module>
    train_task = PythonOperator(
                 ^^^^^^^^^^^^^^^
  File "/home/ec2-user/environment/lab4_model_training/venv/lib64/python3.12/site-packages/airflow/models/baseoperator.py", line 490, in apply_defaults
    result = func(self, **kwargs, default_args=default_args)
             ^^^^^^^^^^^^^^^^^^^^^^^^^^^^^^^^^^^^^^^^^^^^^^^
  File "/home/ec2-user/environment/lab4_model_training/venv/lib64/python3.12/site-packages/airflow/operators/python.py", line 224, in __init__
    raise AirflowException("`python_callable` param must be callable")
airflow.exceptions.AirflowException: `python_callable` param must be callable
[2026-03-28T20:28:36.020+0000] {processor.py:927} WARNING - No viable dags retrieved from /home/ec2-user/environment/lab4_model_training/dags/train_model_dag.py
[2026-03-28T20:28:36.034+0000] {processor.py:208} INFO - Processing /home/ec2-user/environment/lab4_model_training/dags/train_model_dag.py took 1.371 seconds
[2026-03-28T20:29:06.102+0000] {processor.py:186} INFO - Started process (PID=17330) to work on /home/ec2-user/environment/lab4_model_training/dags/train_model_dag.py
[2026-03-28T20:29:06.103+0000] {processor.py:914} INFO - Processing file /home/ec2-user/environment/lab4_model_training/dags/train_model_dag.py for tasks to queue
[2026-03-28T20:29:06.105+0000] {logging_mixin.py:190} INFO - [2026-03-28T20:29:06.105+0000] {dagbag.py:588} INFO - Filling up the DagBag from /home/ec2-user/environment/lab4_model_training/dags/train_model_dag.py
[2026-03-28T20:29:07.438+0000] {logging_mixin.py:190} INFO - [ml_pipeline.model] Model accuracy: 1.0000
[2026-03-28T20:29:07.440+0000] {logging_mixin.py:190} INFO - [ml_pipeline.model] Saved model to models/breast_cancer_model.pkl
[2026-03-28T20:29:07.443+0000] {logging_mixin.py:190} INFO - [2026-03-28T20:29:07.441+0000] {dagbag.py:387} ERROR - Failed to import: /home/ec2-user/environment/lab4_model_training/dags/train_model_dag.py
Traceback (most recent call last):
  File "/home/ec2-user/environment/lab4_model_training/venv/lib64/python3.12/site-packages/airflow/models/dagbag.py", line 383, in parse
    loader.exec_module(new_module)
  File "<frozen importlib._bootstrap_external>", line 999, in exec_module
  File "<frozen importlib._bootstrap>", line 488, in _call_with_frames_removed
  File "/home/ec2-user/environment/lab4_model_training/dags/train_model_dag.py", line 35, in <module>
    train_task = PythonOperator(
                 ^^^^^^^^^^^^^^^
  File "/home/ec2-user/environment/lab4_model_training/venv/lib64/python3.12/site-packages/airflow/models/baseoperator.py", line 490, in apply_defaults
    result = func(self, **kwargs, default_args=default_args)
             ^^^^^^^^^^^^^^^^^^^^^^^^^^^^^^^^^^^^^^^^^^^^^^^
  File "/home/ec2-user/environment/lab4_model_training/venv/lib64/python3.12/site-packages/airflow/operators/python.py", line 224, in __init__
    raise AirflowException("`python_callable` param must be callable")
airflow.exceptions.AirflowException: `python_callable` param must be callable
[2026-03-28T20:29:07.444+0000] {processor.py:927} WARNING - No viable dags retrieved from /home/ec2-user/environment/lab4_model_training/dags/train_model_dag.py
[2026-03-28T20:29:07.458+0000] {processor.py:208} INFO - Processing /home/ec2-user/environment/lab4_model_training/dags/train_model_dag.py took 1.361 seconds
[2026-03-28T20:29:37.727+0000] {processor.py:186} INFO - Started process (PID=17359) to work on /home/ec2-user/environment/lab4_model_training/dags/train_model_dag.py
[2026-03-28T20:29:37.728+0000] {processor.py:914} INFO - Processing file /home/ec2-user/environment/lab4_model_training/dags/train_model_dag.py for tasks to queue
[2026-03-28T20:29:37.729+0000] {logging_mixin.py:190} INFO - [2026-03-28T20:29:37.729+0000] {dagbag.py:588} INFO - Filling up the DagBag from /home/ec2-user/environment/lab4_model_training/dags/train_model_dag.py
[2026-03-28T20:29:39.037+0000] {logging_mixin.py:190} INFO - [ml_pipeline.model] Model accuracy: 1.0000
[2026-03-28T20:29:39.039+0000] {logging_mixin.py:190} INFO - [ml_pipeline.model] Saved model to models/breast_cancer_model.pkl
[2026-03-28T20:29:39.042+0000] {logging_mixin.py:190} INFO - [2026-03-28T20:29:39.040+0000] {dagbag.py:387} ERROR - Failed to import: /home/ec2-user/environment/lab4_model_training/dags/train_model_dag.py
Traceback (most recent call last):
  File "/home/ec2-user/environment/lab4_model_training/venv/lib64/python3.12/site-packages/airflow/models/dagbag.py", line 383, in parse
    loader.exec_module(new_module)
  File "<frozen importlib._bootstrap_external>", line 999, in exec_module
  File "<frozen importlib._bootstrap>", line 488, in _call_with_frames_removed
  File "/home/ec2-user/environment/lab4_model_training/dags/train_model_dag.py", line 35, in <module>
    train_task = PythonOperator(
                 ^^^^^^^^^^^^^^^
  File "/home/ec2-user/environment/lab4_model_training/venv/lib64/python3.12/site-packages/airflow/models/baseoperator.py", line 490, in apply_defaults
    result = func(self, **kwargs, default_args=default_args)
             ^^^^^^^^^^^^^^^^^^^^^^^^^^^^^^^^^^^^^^^^^^^^^^^
  File "/home/ec2-user/environment/lab4_model_training/venv/lib64/python3.12/site-packages/airflow/operators/python.py", line 224, in __init__
    raise AirflowException("`python_callable` param must be callable")
airflow.exceptions.AirflowException: `python_callable` param must be callable
[2026-03-28T20:29:39.043+0000] {processor.py:927} WARNING - No viable dags retrieved from /home/ec2-user/environment/lab4_model_training/dags/train_model_dag.py
[2026-03-28T20:29:39.057+0000] {processor.py:208} INFO - Processing /home/ec2-user/environment/lab4_model_training/dags/train_model_dag.py took 1.336 seconds
[2026-03-28T20:30:09.353+0000] {processor.py:186} INFO - Started process (PID=17488) to work on /home/ec2-user/environment/lab4_model_training/dags/train_model_dag.py
[2026-03-28T20:30:09.354+0000] {processor.py:914} INFO - Processing file /home/ec2-user/environment/lab4_model_training/dags/train_model_dag.py for tasks to queue
[2026-03-28T20:30:09.356+0000] {logging_mixin.py:190} INFO - [2026-03-28T20:30:09.355+0000] {dagbag.py:588} INFO - Filling up the DagBag from /home/ec2-user/environment/lab4_model_training/dags/train_model_dag.py
[2026-03-28T20:30:10.783+0000] {logging_mixin.py:190} INFO - [ml_pipeline.model] Model accuracy: 1.0000
[2026-03-28T20:30:10.785+0000] {logging_mixin.py:190} INFO - [ml_pipeline.model] Saved model to models/breast_cancer_model.pkl
[2026-03-28T20:30:10.787+0000] {logging_mixin.py:190} INFO - [2026-03-28T20:30:10.785+0000] {dagbag.py:387} ERROR - Failed to import: /home/ec2-user/environment/lab4_model_training/dags/train_model_dag.py
Traceback (most recent call last):
  File "/home/ec2-user/environment/lab4_model_training/venv/lib64/python3.12/site-packages/airflow/models/dagbag.py", line 383, in parse
    loader.exec_module(new_module)
  File "<frozen importlib._bootstrap_external>", line 999, in exec_module
  File "<frozen importlib._bootstrap>", line 488, in _call_with_frames_removed
  File "/home/ec2-user/environment/lab4_model_training/dags/train_model_dag.py", line 35, in <module>
    train_task = PythonOperator(
                 ^^^^^^^^^^^^^^^
  File "/home/ec2-user/environment/lab4_model_training/venv/lib64/python3.12/site-packages/airflow/models/baseoperator.py", line 490, in apply_defaults
    result = func(self, **kwargs, default_args=default_args)
             ^^^^^^^^^^^^^^^^^^^^^^^^^^^^^^^^^^^^^^^^^^^^^^^
  File "/home/ec2-user/environment/lab4_model_training/venv/lib64/python3.12/site-packages/airflow/operators/python.py", line 224, in __init__
    raise AirflowException("`python_callable` param must be callable")
airflow.exceptions.AirflowException: `python_callable` param must be callable
[2026-03-28T20:30:10.788+0000] {processor.py:927} WARNING - No viable dags retrieved from /home/ec2-user/environment/lab4_model_training/dags/train_model_dag.py
[2026-03-28T20:30:10.802+0000] {processor.py:208} INFO - Processing /home/ec2-user/environment/lab4_model_training/dags/train_model_dag.py took 1.454 seconds
[2026-03-28T20:30:41.817+0000] {processor.py:186} INFO - Started process (PID=17576) to work on /home/ec2-user/environment/lab4_model_training/dags/train_model_dag.py
[2026-03-28T20:30:41.819+0000] {processor.py:914} INFO - Processing file /home/ec2-user/environment/lab4_model_training/dags/train_model_dag.py for tasks to queue
[2026-03-28T20:30:41.820+0000] {logging_mixin.py:190} INFO - [2026-03-28T20:30:41.820+0000] {dagbag.py:588} INFO - Filling up the DagBag from /home/ec2-user/environment/lab4_model_training/dags/train_model_dag.py
[2026-03-28T20:30:43.159+0000] {logging_mixin.py:190} INFO - [ml_pipeline.model] Model accuracy: 1.0000
[2026-03-28T20:30:43.161+0000] {logging_mixin.py:190} INFO - [ml_pipeline.model] Saved model to models/breast_cancer_model.pkl
[2026-03-28T20:30:43.164+0000] {logging_mixin.py:190} INFO - [2026-03-28T20:30:43.162+0000] {dagbag.py:387} ERROR - Failed to import: /home/ec2-user/environment/lab4_model_training/dags/train_model_dag.py
Traceback (most recent call last):
  File "/home/ec2-user/environment/lab4_model_training/venv/lib64/python3.12/site-packages/airflow/models/dagbag.py", line 383, in parse
    loader.exec_module(new_module)
  File "<frozen importlib._bootstrap_external>", line 999, in exec_module
  File "<frozen importlib._bootstrap>", line 488, in _call_with_frames_removed
  File "/home/ec2-user/environment/lab4_model_training/dags/train_model_dag.py", line 35, in <module>
    train_task = PythonOperator(
                 ^^^^^^^^^^^^^^^
  File "/home/ec2-user/environment/lab4_model_training/venv/lib64/python3.12/site-packages/airflow/models/baseoperator.py", line 490, in apply_defaults
    result = func(self, **kwargs, default_args=default_args)
             ^^^^^^^^^^^^^^^^^^^^^^^^^^^^^^^^^^^^^^^^^^^^^^^
  File "/home/ec2-user/environment/lab4_model_training/venv/lib64/python3.12/site-packages/airflow/operators/python.py", line 224, in __init__
    raise AirflowException("`python_callable` param must be callable")
airflow.exceptions.AirflowException: `python_callable` param must be callable
[2026-03-28T20:30:43.165+0000] {processor.py:927} WARNING - No viable dags retrieved from /home/ec2-user/environment/lab4_model_training/dags/train_model_dag.py
[2026-03-28T20:30:43.180+0000] {processor.py:208} INFO - Processing /home/ec2-user/environment/lab4_model_training/dags/train_model_dag.py took 1.369 seconds
[2026-03-28T20:31:13.331+0000] {processor.py:186} INFO - Started process (PID=17614) to work on /home/ec2-user/environment/lab4_model_training/dags/train_model_dag.py
[2026-03-28T20:31:13.332+0000] {processor.py:914} INFO - Processing file /home/ec2-user/environment/lab4_model_training/dags/train_model_dag.py for tasks to queue
[2026-03-28T20:31:13.334+0000] {logging_mixin.py:190} INFO - [2026-03-28T20:31:13.333+0000] {dagbag.py:588} INFO - Filling up the DagBag from /home/ec2-user/environment/lab4_model_training/dags/train_model_dag.py
[2026-03-28T20:31:14.680+0000] {logging_mixin.py:190} INFO - [ml_pipeline.model] Model accuracy: 1.0000
[2026-03-28T20:31:14.682+0000] {logging_mixin.py:190} INFO - [ml_pipeline.model] Saved model to models/breast_cancer_model.pkl
[2026-03-28T20:31:14.685+0000] {logging_mixin.py:190} INFO - [2026-03-28T20:31:14.683+0000] {dagbag.py:387} ERROR - Failed to import: /home/ec2-user/environment/lab4_model_training/dags/train_model_dag.py
Traceback (most recent call last):
  File "/home/ec2-user/environment/lab4_model_training/venv/lib64/python3.12/site-packages/airflow/models/dagbag.py", line 383, in parse
    loader.exec_module(new_module)
  File "<frozen importlib._bootstrap_external>", line 999, in exec_module
  File "<frozen importlib._bootstrap>", line 488, in _call_with_frames_removed
  File "/home/ec2-user/environment/lab4_model_training/dags/train_model_dag.py", line 35, in <module>
    train_task = PythonOperator(
                 ^^^^^^^^^^^^^^^
  File "/home/ec2-user/environment/lab4_model_training/venv/lib64/python3.12/site-packages/airflow/models/baseoperator.py", line 490, in apply_defaults
    result = func(self, **kwargs, default_args=default_args)
             ^^^^^^^^^^^^^^^^^^^^^^^^^^^^^^^^^^^^^^^^^^^^^^^
  File "/home/ec2-user/environment/lab4_model_training/venv/lib64/python3.12/site-packages/airflow/operators/python.py", line 224, in __init__
    raise AirflowException("`python_callable` param must be callable")
airflow.exceptions.AirflowException: `python_callable` param must be callable
[2026-03-28T20:31:14.686+0000] {processor.py:927} WARNING - No viable dags retrieved from /home/ec2-user/environment/lab4_model_training/dags/train_model_dag.py
[2026-03-28T20:31:14.700+0000] {processor.py:208} INFO - Processing /home/ec2-user/environment/lab4_model_training/dags/train_model_dag.py took 1.374 seconds
[2026-03-28T20:31:44.844+0000] {processor.py:186} INFO - Started process (PID=17688) to work on /home/ec2-user/environment/lab4_model_training/dags/train_model_dag.py
[2026-03-28T20:31:44.844+0000] {processor.py:914} INFO - Processing file /home/ec2-user/environment/lab4_model_training/dags/train_model_dag.py for tasks to queue
[2026-03-28T20:31:44.846+0000] {logging_mixin.py:190} INFO - [2026-03-28T20:31:44.845+0000] {dagbag.py:588} INFO - Filling up the DagBag from /home/ec2-user/environment/lab4_model_training/dags/train_model_dag.py
[2026-03-28T20:31:46.202+0000] {logging_mixin.py:190} INFO - [ml_pipeline.model] Model accuracy: 1.0000
[2026-03-28T20:31:46.205+0000] {logging_mixin.py:190} INFO - [ml_pipeline.model] Saved model to models/breast_cancer_model.pkl
[2026-03-28T20:31:46.208+0000] {logging_mixin.py:190} INFO - [2026-03-28T20:31:46.206+0000] {dagbag.py:387} ERROR - Failed to import: /home/ec2-user/environment/lab4_model_training/dags/train_model_dag.py
Traceback (most recent call last):
  File "/home/ec2-user/environment/lab4_model_training/venv/lib64/python3.12/site-packages/airflow/models/dagbag.py", line 383, in parse
    loader.exec_module(new_module)
  File "<frozen importlib._bootstrap_external>", line 999, in exec_module
  File "<frozen importlib._bootstrap>", line 488, in _call_with_frames_removed
  File "/home/ec2-user/environment/lab4_model_training/dags/train_model_dag.py", line 35, in <module>
    train_task = PythonOperator(
                 ^^^^^^^^^^^^^^^
  File "/home/ec2-user/environment/lab4_model_training/venv/lib64/python3.12/site-packages/airflow/models/baseoperator.py", line 490, in apply_defaults
    result = func(self, **kwargs, default_args=default_args)
             ^^^^^^^^^^^^^^^^^^^^^^^^^^^^^^^^^^^^^^^^^^^^^^^
  File "/home/ec2-user/environment/lab4_model_training/venv/lib64/python3.12/site-packages/airflow/operators/python.py", line 224, in __init__
    raise AirflowException("`python_callable` param must be callable")
airflow.exceptions.AirflowException: `python_callable` param must be callable
[2026-03-28T20:31:46.209+0000] {processor.py:927} WARNING - No viable dags retrieved from /home/ec2-user/environment/lab4_model_training/dags/train_model_dag.py
[2026-03-28T20:31:46.224+0000] {processor.py:208} INFO - Processing /home/ec2-user/environment/lab4_model_training/dags/train_model_dag.py took 1.385 seconds
[2026-03-28T20:32:16.343+0000] {processor.py:186} INFO - Started process (PID=17726) to work on /home/ec2-user/environment/lab4_model_training/dags/train_model_dag.py
[2026-03-28T20:32:16.344+0000] {processor.py:914} INFO - Processing file /home/ec2-user/environment/lab4_model_training/dags/train_model_dag.py for tasks to queue
[2026-03-28T20:32:16.345+0000] {logging_mixin.py:190} INFO - [2026-03-28T20:32:16.345+0000] {dagbag.py:588} INFO - Filling up the DagBag from /home/ec2-user/environment/lab4_model_training/dags/train_model_dag.py
[2026-03-28T20:32:17.695+0000] {logging_mixin.py:190} INFO - [ml_pipeline.model] Model accuracy: 1.0000
[2026-03-28T20:32:17.697+0000] {logging_mixin.py:190} INFO - [ml_pipeline.model] Saved model to models/breast_cancer_model.pkl
[2026-03-28T20:32:17.700+0000] {logging_mixin.py:190} INFO - [2026-03-28T20:32:17.698+0000] {dagbag.py:387} ERROR - Failed to import: /home/ec2-user/environment/lab4_model_training/dags/train_model_dag.py
Traceback (most recent call last):
  File "/home/ec2-user/environment/lab4_model_training/venv/lib64/python3.12/site-packages/airflow/models/dagbag.py", line 383, in parse
    loader.exec_module(new_module)
  File "<frozen importlib._bootstrap_external>", line 999, in exec_module
  File "<frozen importlib._bootstrap>", line 488, in _call_with_frames_removed
  File "/home/ec2-user/environment/lab4_model_training/dags/train_model_dag.py", line 35, in <module>
    train_task = PythonOperator(
                 ^^^^^^^^^^^^^^^
  File "/home/ec2-user/environment/lab4_model_training/venv/lib64/python3.12/site-packages/airflow/models/baseoperator.py", line 490, in apply_defaults
    result = func(self, **kwargs, default_args=default_args)
             ^^^^^^^^^^^^^^^^^^^^^^^^^^^^^^^^^^^^^^^^^^^^^^^
  File "/home/ec2-user/environment/lab4_model_training/venv/lib64/python3.12/site-packages/airflow/operators/python.py", line 224, in __init__
    raise AirflowException("`python_callable` param must be callable")
airflow.exceptions.AirflowException: `python_callable` param must be callable
[2026-03-28T20:32:17.701+0000] {processor.py:927} WARNING - No viable dags retrieved from /home/ec2-user/environment/lab4_model_training/dags/train_model_dag.py
[2026-03-28T20:32:17.716+0000] {processor.py:208} INFO - Processing /home/ec2-user/environment/lab4_model_training/dags/train_model_dag.py took 1.378 seconds
[2026-03-28T20:32:47.840+0000] {processor.py:186} INFO - Started process (PID=17756) to work on /home/ec2-user/environment/lab4_model_training/dags/train_model_dag.py
[2026-03-28T20:32:47.841+0000] {processor.py:914} INFO - Processing file /home/ec2-user/environment/lab4_model_training/dags/train_model_dag.py for tasks to queue
[2026-03-28T20:32:47.843+0000] {logging_mixin.py:190} INFO - [2026-03-28T20:32:47.842+0000] {dagbag.py:588} INFO - Filling up the DagBag from /home/ec2-user/environment/lab4_model_training/dags/train_model_dag.py
[2026-03-28T20:32:49.226+0000] {logging_mixin.py:190} INFO - [ml_pipeline.model] Model accuracy: 1.0000
[2026-03-28T20:32:49.229+0000] {logging_mixin.py:190} INFO - [ml_pipeline.model] Saved model to models/breast_cancer_model.pkl
[2026-03-28T20:32:49.231+0000] {logging_mixin.py:190} INFO - [2026-03-28T20:32:49.229+0000] {dagbag.py:387} ERROR - Failed to import: /home/ec2-user/environment/lab4_model_training/dags/train_model_dag.py
Traceback (most recent call last):
  File "/home/ec2-user/environment/lab4_model_training/venv/lib64/python3.12/site-packages/airflow/models/dagbag.py", line 383, in parse
    loader.exec_module(new_module)
  File "<frozen importlib._bootstrap_external>", line 999, in exec_module
  File "<frozen importlib._bootstrap>", line 488, in _call_with_frames_removed
  File "/home/ec2-user/environment/lab4_model_training/dags/train_model_dag.py", line 35, in <module>
    train_task = PythonOperator(
                 ^^^^^^^^^^^^^^^
  File "/home/ec2-user/environment/lab4_model_training/venv/lib64/python3.12/site-packages/airflow/models/baseoperator.py", line 490, in apply_defaults
    result = func(self, **kwargs, default_args=default_args)
             ^^^^^^^^^^^^^^^^^^^^^^^^^^^^^^^^^^^^^^^^^^^^^^^
  File "/home/ec2-user/environment/lab4_model_training/venv/lib64/python3.12/site-packages/airflow/operators/python.py", line 224, in __init__
    raise AirflowException("`python_callable` param must be callable")
airflow.exceptions.AirflowException: `python_callable` param must be callable
[2026-03-28T20:32:49.232+0000] {processor.py:927} WARNING - No viable dags retrieved from /home/ec2-user/environment/lab4_model_training/dags/train_model_dag.py
[2026-03-28T20:32:49.248+0000] {processor.py:208} INFO - Processing /home/ec2-user/environment/lab4_model_training/dags/train_model_dag.py took 1.413 seconds
[2026-03-28T20:33:19.451+0000] {processor.py:186} INFO - Started process (PID=17797) to work on /home/ec2-user/environment/lab4_model_training/dags/train_model_dag.py
[2026-03-28T20:33:19.452+0000] {processor.py:914} INFO - Processing file /home/ec2-user/environment/lab4_model_training/dags/train_model_dag.py for tasks to queue
[2026-03-28T20:33:19.453+0000] {logging_mixin.py:190} INFO - [2026-03-28T20:33:19.453+0000] {dagbag.py:588} INFO - Filling up the DagBag from /home/ec2-user/environment/lab4_model_training/dags/train_model_dag.py
[2026-03-28T20:33:20.852+0000] {logging_mixin.py:190} INFO - [ml_pipeline.model] Model accuracy: 1.0000
[2026-03-28T20:33:20.854+0000] {logging_mixin.py:190} INFO - [ml_pipeline.model] Saved model to models/breast_cancer_model.pkl
[2026-03-28T20:33:20.857+0000] {logging_mixin.py:190} INFO - [2026-03-28T20:33:20.855+0000] {dagbag.py:387} ERROR - Failed to import: /home/ec2-user/environment/lab4_model_training/dags/train_model_dag.py
Traceback (most recent call last):
  File "/home/ec2-user/environment/lab4_model_training/venv/lib64/python3.12/site-packages/airflow/models/dagbag.py", line 383, in parse
    loader.exec_module(new_module)
  File "<frozen importlib._bootstrap_external>", line 999, in exec_module
  File "<frozen importlib._bootstrap>", line 488, in _call_with_frames_removed
  File "/home/ec2-user/environment/lab4_model_training/dags/train_model_dag.py", line 35, in <module>
    train_task = PythonOperator(
                 ^^^^^^^^^^^^^^^
  File "/home/ec2-user/environment/lab4_model_training/venv/lib64/python3.12/site-packages/airflow/models/baseoperator.py", line 490, in apply_defaults
    result = func(self, **kwargs, default_args=default_args)
             ^^^^^^^^^^^^^^^^^^^^^^^^^^^^^^^^^^^^^^^^^^^^^^^
  File "/home/ec2-user/environment/lab4_model_training/venv/lib64/python3.12/site-packages/airflow/operators/python.py", line 224, in __init__
    raise AirflowException("`python_callable` param must be callable")
airflow.exceptions.AirflowException: `python_callable` param must be callable
[2026-03-28T20:33:20.858+0000] {processor.py:927} WARNING - No viable dags retrieved from /home/ec2-user/environment/lab4_model_training/dags/train_model_dag.py
[2026-03-28T20:33:20.882+0000] {processor.py:208} INFO - Processing /home/ec2-user/environment/lab4_model_training/dags/train_model_dag.py took 1.437 seconds
[2026-03-28T20:33:51.058+0000] {processor.py:186} INFO - Started process (PID=17890) to work on /home/ec2-user/environment/lab4_model_training/dags/train_model_dag.py
[2026-03-28T20:33:51.059+0000] {processor.py:914} INFO - Processing file /home/ec2-user/environment/lab4_model_training/dags/train_model_dag.py for tasks to queue
[2026-03-28T20:33:51.060+0000] {logging_mixin.py:190} INFO - [2026-03-28T20:33:51.060+0000] {dagbag.py:588} INFO - Filling up the DagBag from /home/ec2-user/environment/lab4_model_training/dags/train_model_dag.py
[2026-03-28T20:33:52.476+0000] {logging_mixin.py:190} INFO - [ml_pipeline.model] Model accuracy: 1.0000
[2026-03-28T20:33:52.478+0000] {logging_mixin.py:190} INFO - [ml_pipeline.model] Saved model to models/breast_cancer_model.pkl
[2026-03-28T20:33:52.481+0000] {logging_mixin.py:190} INFO - [2026-03-28T20:33:52.479+0000] {dagbag.py:387} ERROR - Failed to import: /home/ec2-user/environment/lab4_model_training/dags/train_model_dag.py
Traceback (most recent call last):
  File "/home/ec2-user/environment/lab4_model_training/venv/lib64/python3.12/site-packages/airflow/models/dagbag.py", line 383, in parse
    loader.exec_module(new_module)
  File "<frozen importlib._bootstrap_external>", line 999, in exec_module
  File "<frozen importlib._bootstrap>", line 488, in _call_with_frames_removed
  File "/home/ec2-user/environment/lab4_model_training/dags/train_model_dag.py", line 35, in <module>
    train_task = PythonOperator(
                 ^^^^^^^^^^^^^^^
  File "/home/ec2-user/environment/lab4_model_training/venv/lib64/python3.12/site-packages/airflow/models/baseoperator.py", line 490, in apply_defaults
    result = func(self, **kwargs, default_args=default_args)
             ^^^^^^^^^^^^^^^^^^^^^^^^^^^^^^^^^^^^^^^^^^^^^^^
  File "/home/ec2-user/environment/lab4_model_training/venv/lib64/python3.12/site-packages/airflow/operators/python.py", line 224, in __init__
    raise AirflowException("`python_callable` param must be callable")
airflow.exceptions.AirflowException: `python_callable` param must be callable
[2026-03-28T20:33:52.482+0000] {processor.py:927} WARNING - No viable dags retrieved from /home/ec2-user/environment/lab4_model_training/dags/train_model_dag.py
[2026-03-28T20:33:52.498+0000] {processor.py:208} INFO - Processing /home/ec2-user/environment/lab4_model_training/dags/train_model_dag.py took 1.445 seconds
[2026-03-28T20:34:22.661+0000] {processor.py:186} INFO - Started process (PID=17917) to work on /home/ec2-user/environment/lab4_model_training/dags/train_model_dag.py
[2026-03-28T20:34:22.662+0000] {processor.py:914} INFO - Processing file /home/ec2-user/environment/lab4_model_training/dags/train_model_dag.py for tasks to queue
[2026-03-28T20:34:22.664+0000] {logging_mixin.py:190} INFO - [2026-03-28T20:34:22.663+0000] {dagbag.py:588} INFO - Filling up the DagBag from /home/ec2-user/environment/lab4_model_training/dags/train_model_dag.py
[2026-03-28T20:34:24.050+0000] {logging_mixin.py:190} INFO - [ml_pipeline.model] Model accuracy: 1.0000
[2026-03-28T20:34:24.052+0000] {logging_mixin.py:190} INFO - [ml_pipeline.model] Saved model to models/breast_cancer_model.pkl
[2026-03-28T20:34:24.055+0000] {logging_mixin.py:190} INFO - [2026-03-28T20:34:24.053+0000] {dagbag.py:387} ERROR - Failed to import: /home/ec2-user/environment/lab4_model_training/dags/train_model_dag.py
Traceback (most recent call last):
  File "/home/ec2-user/environment/lab4_model_training/venv/lib64/python3.12/site-packages/airflow/models/dagbag.py", line 383, in parse
    loader.exec_module(new_module)
  File "<frozen importlib._bootstrap_external>", line 999, in exec_module
  File "<frozen importlib._bootstrap>", line 488, in _call_with_frames_removed
  File "/home/ec2-user/environment/lab4_model_training/dags/train_model_dag.py", line 35, in <module>
    train_task = PythonOperator(
                 ^^^^^^^^^^^^^^^
  File "/home/ec2-user/environment/lab4_model_training/venv/lib64/python3.12/site-packages/airflow/models/baseoperator.py", line 490, in apply_defaults
    result = func(self, **kwargs, default_args=default_args)
             ^^^^^^^^^^^^^^^^^^^^^^^^^^^^^^^^^^^^^^^^^^^^^^^
  File "/home/ec2-user/environment/lab4_model_training/venv/lib64/python3.12/site-packages/airflow/operators/python.py", line 224, in __init__
    raise AirflowException("`python_callable` param must be callable")
airflow.exceptions.AirflowException: `python_callable` param must be callable
[2026-03-28T20:34:24.056+0000] {processor.py:927} WARNING - No viable dags retrieved from /home/ec2-user/environment/lab4_model_training/dags/train_model_dag.py
[2026-03-28T20:34:24.071+0000] {processor.py:208} INFO - Processing /home/ec2-user/environment/lab4_model_training/dags/train_model_dag.py took 1.416 seconds
[2026-03-28T20:34:54.269+0000] {processor.py:186} INFO - Started process (PID=17930) to work on /home/ec2-user/environment/lab4_model_training/dags/train_model_dag.py
[2026-03-28T20:34:54.270+0000] {processor.py:914} INFO - Processing file /home/ec2-user/environment/lab4_model_training/dags/train_model_dag.py for tasks to queue
[2026-03-28T20:34:54.272+0000] {logging_mixin.py:190} INFO - [2026-03-28T20:34:54.272+0000] {dagbag.py:588} INFO - Filling up the DagBag from /home/ec2-user/environment/lab4_model_training/dags/train_model_dag.py
[2026-03-28T20:34:55.640+0000] {logging_mixin.py:190} INFO - [ml_pipeline.model] Model accuracy: 1.0000
[2026-03-28T20:34:55.642+0000] {logging_mixin.py:190} INFO - [ml_pipeline.model] Saved model to models/breast_cancer_model.pkl
[2026-03-28T20:34:55.645+0000] {logging_mixin.py:190} INFO - [2026-03-28T20:34:55.643+0000] {dagbag.py:387} ERROR - Failed to import: /home/ec2-user/environment/lab4_model_training/dags/train_model_dag.py
Traceback (most recent call last):
  File "/home/ec2-user/environment/lab4_model_training/venv/lib64/python3.12/site-packages/airflow/models/dagbag.py", line 383, in parse
    loader.exec_module(new_module)
  File "<frozen importlib._bootstrap_external>", line 999, in exec_module
  File "<frozen importlib._bootstrap>", line 488, in _call_with_frames_removed
  File "/home/ec2-user/environment/lab4_model_training/dags/train_model_dag.py", line 35, in <module>
    train_task = PythonOperator(
                 ^^^^^^^^^^^^^^^
  File "/home/ec2-user/environment/lab4_model_training/venv/lib64/python3.12/site-packages/airflow/models/baseoperator.py", line 490, in apply_defaults
    result = func(self, **kwargs, default_args=default_args)
             ^^^^^^^^^^^^^^^^^^^^^^^^^^^^^^^^^^^^^^^^^^^^^^^
  File "/home/ec2-user/environment/lab4_model_training/venv/lib64/python3.12/site-packages/airflow/operators/python.py", line 224, in __init__
    raise AirflowException("`python_callable` param must be callable")
airflow.exceptions.AirflowException: `python_callable` param must be callable
[2026-03-28T20:34:55.646+0000] {processor.py:927} WARNING - No viable dags retrieved from /home/ec2-user/environment/lab4_model_training/dags/train_model_dag.py
[2026-03-28T20:34:55.661+0000] {processor.py:208} INFO - Processing /home/ec2-user/environment/lab4_model_training/dags/train_model_dag.py took 1.396 seconds
[2026-03-28T20:35:25.779+0000] {processor.py:186} INFO - Started process (PID=17954) to work on /home/ec2-user/environment/lab4_model_training/dags/train_model_dag.py
[2026-03-28T20:35:25.781+0000] {processor.py:914} INFO - Processing file /home/ec2-user/environment/lab4_model_training/dags/train_model_dag.py for tasks to queue
[2026-03-28T20:35:25.782+0000] {logging_mixin.py:190} INFO - [2026-03-28T20:35:25.781+0000] {dagbag.py:588} INFO - Filling up the DagBag from /home/ec2-user/environment/lab4_model_training/dags/train_model_dag.py
[2026-03-28T20:35:27.129+0000] {logging_mixin.py:190} INFO - [ml_pipeline.model] Model accuracy: 1.0000
[2026-03-28T20:35:27.132+0000] {logging_mixin.py:190} INFO - [ml_pipeline.model] Saved model to models/breast_cancer_model.pkl
[2026-03-28T20:35:27.134+0000] {logging_mixin.py:190} INFO - [2026-03-28T20:35:27.132+0000] {dagbag.py:387} ERROR - Failed to import: /home/ec2-user/environment/lab4_model_training/dags/train_model_dag.py
Traceback (most recent call last):
  File "/home/ec2-user/environment/lab4_model_training/venv/lib64/python3.12/site-packages/airflow/models/dagbag.py", line 383, in parse
    loader.exec_module(new_module)
  File "<frozen importlib._bootstrap_external>", line 999, in exec_module
  File "<frozen importlib._bootstrap>", line 488, in _call_with_frames_removed
  File "/home/ec2-user/environment/lab4_model_training/dags/train_model_dag.py", line 35, in <module>
    train_task = PythonOperator(
                 ^^^^^^^^^^^^^^^
  File "/home/ec2-user/environment/lab4_model_training/venv/lib64/python3.12/site-packages/airflow/models/baseoperator.py", line 490, in apply_defaults
    result = func(self, **kwargs, default_args=default_args)
             ^^^^^^^^^^^^^^^^^^^^^^^^^^^^^^^^^^^^^^^^^^^^^^^
  File "/home/ec2-user/environment/lab4_model_training/venv/lib64/python3.12/site-packages/airflow/operators/python.py", line 224, in __init__
    raise AirflowException("`python_callable` param must be callable")
airflow.exceptions.AirflowException: `python_callable` param must be callable
[2026-03-28T20:35:27.135+0000] {processor.py:927} WARNING - No viable dags retrieved from /home/ec2-user/environment/lab4_model_training/dags/train_model_dag.py
[2026-03-28T20:35:27.150+0000] {processor.py:208} INFO - Processing /home/ec2-user/environment/lab4_model_training/dags/train_model_dag.py took 1.376 seconds
[2026-03-28T20:35:57.274+0000] {processor.py:186} INFO - Started process (PID=18015) to work on /home/ec2-user/environment/lab4_model_training/dags/train_model_dag.py
[2026-03-28T20:35:57.276+0000] {processor.py:914} INFO - Processing file /home/ec2-user/environment/lab4_model_training/dags/train_model_dag.py for tasks to queue
[2026-03-28T20:35:57.277+0000] {logging_mixin.py:190} INFO - [2026-03-28T20:35:57.277+0000] {dagbag.py:588} INFO - Filling up the DagBag from /home/ec2-user/environment/lab4_model_training/dags/train_model_dag.py
[2026-03-28T20:35:58.599+0000] {logging_mixin.py:190} INFO - [ml_pipeline.model] Model accuracy: 1.0000
[2026-03-28T20:35:58.603+0000] {logging_mixin.py:190} INFO - [ml_pipeline.model] Saved model to models/breast_cancer_model.pkl
[2026-03-28T20:35:58.606+0000] {logging_mixin.py:190} INFO - [2026-03-28T20:35:58.603+0000] {dagbag.py:387} ERROR - Failed to import: /home/ec2-user/environment/lab4_model_training/dags/train_model_dag.py
Traceback (most recent call last):
  File "/home/ec2-user/environment/lab4_model_training/venv/lib64/python3.12/site-packages/airflow/models/dagbag.py", line 383, in parse
    loader.exec_module(new_module)
  File "<frozen importlib._bootstrap_external>", line 999, in exec_module
  File "<frozen importlib._bootstrap>", line 488, in _call_with_frames_removed
  File "/home/ec2-user/environment/lab4_model_training/dags/train_model_dag.py", line 35, in <module>
    train_task = PythonOperator(
                 ^^^^^^^^^^^^^^^
  File "/home/ec2-user/environment/lab4_model_training/venv/lib64/python3.12/site-packages/airflow/models/baseoperator.py", line 490, in apply_defaults
    result = func(self, **kwargs, default_args=default_args)
             ^^^^^^^^^^^^^^^^^^^^^^^^^^^^^^^^^^^^^^^^^^^^^^^
  File "/home/ec2-user/environment/lab4_model_training/venv/lib64/python3.12/site-packages/airflow/operators/python.py", line 224, in __init__
    raise AirflowException("`python_callable` param must be callable")
airflow.exceptions.AirflowException: `python_callable` param must be callable
[2026-03-28T20:35:58.606+0000] {processor.py:927} WARNING - No viable dags retrieved from /home/ec2-user/environment/lab4_model_training/dags/train_model_dag.py
[2026-03-28T20:35:58.620+0000] {processor.py:208} INFO - Processing /home/ec2-user/environment/lab4_model_training/dags/train_model_dag.py took 1.350 seconds
[2026-03-28T20:36:28.726+0000] {processor.py:186} INFO - Started process (PID=18043) to work on /home/ec2-user/environment/lab4_model_training/dags/train_model_dag.py
[2026-03-28T20:36:28.726+0000] {processor.py:914} INFO - Processing file /home/ec2-user/environment/lab4_model_training/dags/train_model_dag.py for tasks to queue
[2026-03-28T20:36:28.727+0000] {logging_mixin.py:190} INFO - [2026-03-28T20:36:28.727+0000] {dagbag.py:588} INFO - Filling up the DagBag from /home/ec2-user/environment/lab4_model_training/dags/train_model_dag.py
[2026-03-28T20:36:30.069+0000] {logging_mixin.py:190} INFO - [ml_pipeline.model] Model accuracy: 1.0000
[2026-03-28T20:36:30.071+0000] {logging_mixin.py:190} INFO - [ml_pipeline.model] Saved model to models/breast_cancer_model.pkl
[2026-03-28T20:36:30.074+0000] {logging_mixin.py:190} INFO - [2026-03-28T20:36:30.072+0000] {dagbag.py:387} ERROR - Failed to import: /home/ec2-user/environment/lab4_model_training/dags/train_model_dag.py
Traceback (most recent call last):
  File "/home/ec2-user/environment/lab4_model_training/venv/lib64/python3.12/site-packages/airflow/models/dagbag.py", line 383, in parse
    loader.exec_module(new_module)
  File "<frozen importlib._bootstrap_external>", line 999, in exec_module
  File "<frozen importlib._bootstrap>", line 488, in _call_with_frames_removed
  File "/home/ec2-user/environment/lab4_model_training/dags/train_model_dag.py", line 35, in <module>
    train_task = PythonOperator(
                 ^^^^^^^^^^^^^^^
  File "/home/ec2-user/environment/lab4_model_training/venv/lib64/python3.12/site-packages/airflow/models/baseoperator.py", line 490, in apply_defaults
    result = func(self, **kwargs, default_args=default_args)
             ^^^^^^^^^^^^^^^^^^^^^^^^^^^^^^^^^^^^^^^^^^^^^^^
  File "/home/ec2-user/environment/lab4_model_training/venv/lib64/python3.12/site-packages/airflow/operators/python.py", line 224, in __init__
    raise AirflowException("`python_callable` param must be callable")
airflow.exceptions.AirflowException: `python_callable` param must be callable
[2026-03-28T20:36:30.075+0000] {processor.py:927} WARNING - No viable dags retrieved from /home/ec2-user/environment/lab4_model_training/dags/train_model_dag.py
[2026-03-28T20:36:30.090+0000] {processor.py:208} INFO - Processing /home/ec2-user/environment/lab4_model_training/dags/train_model_dag.py took 1.369 seconds
[2026-03-28T20:37:00.223+0000] {processor.py:186} INFO - Started process (PID=18055) to work on /home/ec2-user/environment/lab4_model_training/dags/train_model_dag.py
[2026-03-28T20:37:00.223+0000] {processor.py:914} INFO - Processing file /home/ec2-user/environment/lab4_model_training/dags/train_model_dag.py for tasks to queue
[2026-03-28T20:37:00.224+0000] {logging_mixin.py:190} INFO - [2026-03-28T20:37:00.224+0000] {dagbag.py:588} INFO - Filling up the DagBag from /home/ec2-user/environment/lab4_model_training/dags/train_model_dag.py
[2026-03-28T20:37:01.535+0000] {logging_mixin.py:190} INFO - [ml_pipeline.model] Model accuracy: 1.0000
[2026-03-28T20:37:01.538+0000] {logging_mixin.py:190} INFO - [ml_pipeline.model] Saved model to models/breast_cancer_model.pkl
[2026-03-28T20:37:01.540+0000] {logging_mixin.py:190} INFO - [2026-03-28T20:37:01.538+0000] {dagbag.py:387} ERROR - Failed to import: /home/ec2-user/environment/lab4_model_training/dags/train_model_dag.py
Traceback (most recent call last):
  File "/home/ec2-user/environment/lab4_model_training/venv/lib64/python3.12/site-packages/airflow/models/dagbag.py", line 383, in parse
    loader.exec_module(new_module)
  File "<frozen importlib._bootstrap_external>", line 999, in exec_module
  File "<frozen importlib._bootstrap>", line 488, in _call_with_frames_removed
  File "/home/ec2-user/environment/lab4_model_training/dags/train_model_dag.py", line 35, in <module>
    train_task = PythonOperator(
                 ^^^^^^^^^^^^^^^
  File "/home/ec2-user/environment/lab4_model_training/venv/lib64/python3.12/site-packages/airflow/models/baseoperator.py", line 490, in apply_defaults
    result = func(self, **kwargs, default_args=default_args)
             ^^^^^^^^^^^^^^^^^^^^^^^^^^^^^^^^^^^^^^^^^^^^^^^
  File "/home/ec2-user/environment/lab4_model_training/venv/lib64/python3.12/site-packages/airflow/operators/python.py", line 224, in __init__
    raise AirflowException("`python_callable` param must be callable")
airflow.exceptions.AirflowException: `python_callable` param must be callable
[2026-03-28T20:37:01.541+0000] {processor.py:927} WARNING - No viable dags retrieved from /home/ec2-user/environment/lab4_model_training/dags/train_model_dag.py
[2026-03-28T20:37:01.556+0000] {processor.py:208} INFO - Processing /home/ec2-user/environment/lab4_model_training/dags/train_model_dag.py took 1.338 seconds
[2026-03-28T20:37:31.720+0000] {processor.py:186} INFO - Started process (PID=18079) to work on /home/ec2-user/environment/lab4_model_training/dags/train_model_dag.py
[2026-03-28T20:37:31.722+0000] {processor.py:914} INFO - Processing file /home/ec2-user/environment/lab4_model_training/dags/train_model_dag.py for tasks to queue
[2026-03-28T20:37:31.722+0000] {logging_mixin.py:190} INFO - [2026-03-28T20:37:31.722+0000] {dagbag.py:588} INFO - Filling up the DagBag from /home/ec2-user/environment/lab4_model_training/dags/train_model_dag.py
[2026-03-28T20:37:33.111+0000] {logging_mixin.py:190} INFO - [ml_pipeline.model] Model accuracy: 1.0000
[2026-03-28T20:37:33.113+0000] {logging_mixin.py:190} INFO - [ml_pipeline.model] Saved model to models/breast_cancer_model.pkl
[2026-03-28T20:37:33.116+0000] {logging_mixin.py:190} INFO - [2026-03-28T20:37:33.114+0000] {dagbag.py:387} ERROR - Failed to import: /home/ec2-user/environment/lab4_model_training/dags/train_model_dag.py
Traceback (most recent call last):
  File "/home/ec2-user/environment/lab4_model_training/venv/lib64/python3.12/site-packages/airflow/models/dagbag.py", line 383, in parse
    loader.exec_module(new_module)
  File "<frozen importlib._bootstrap_external>", line 999, in exec_module
  File "<frozen importlib._bootstrap>", line 488, in _call_with_frames_removed
  File "/home/ec2-user/environment/lab4_model_training/dags/train_model_dag.py", line 35, in <module>
    train_task = PythonOperator(
                 ^^^^^^^^^^^^^^^
  File "/home/ec2-user/environment/lab4_model_training/venv/lib64/python3.12/site-packages/airflow/models/baseoperator.py", line 490, in apply_defaults
    result = func(self, **kwargs, default_args=default_args)
             ^^^^^^^^^^^^^^^^^^^^^^^^^^^^^^^^^^^^^^^^^^^^^^^
  File "/home/ec2-user/environment/lab4_model_training/venv/lib64/python3.12/site-packages/airflow/operators/python.py", line 224, in __init__
    raise AirflowException("`python_callable` param must be callable")
airflow.exceptions.AirflowException: `python_callable` param must be callable
[2026-03-28T20:37:33.117+0000] {processor.py:927} WARNING - No viable dags retrieved from /home/ec2-user/environment/lab4_model_training/dags/train_model_dag.py
[2026-03-28T20:37:33.131+0000] {processor.py:208} INFO - Processing /home/ec2-user/environment/lab4_model_training/dags/train_model_dag.py took 1.417 seconds
[2026-03-28T20:38:03.316+0000] {processor.py:186} INFO - Started process (PID=18157) to work on /home/ec2-user/environment/lab4_model_training/dags/train_model_dag.py
[2026-03-28T20:38:03.316+0000] {processor.py:914} INFO - Processing file /home/ec2-user/environment/lab4_model_training/dags/train_model_dag.py for tasks to queue
[2026-03-28T20:38:03.318+0000] {logging_mixin.py:190} INFO - [2026-03-28T20:38:03.318+0000] {dagbag.py:588} INFO - Filling up the DagBag from /home/ec2-user/environment/lab4_model_training/dags/train_model_dag.py
[2026-03-28T20:38:04.657+0000] {logging_mixin.py:190} INFO - [ml_pipeline.model] Model accuracy: 1.0000
[2026-03-28T20:38:04.659+0000] {logging_mixin.py:190} INFO - [ml_pipeline.model] Saved model to models/breast_cancer_model.pkl
[2026-03-28T20:38:04.662+0000] {logging_mixin.py:190} INFO - [2026-03-28T20:38:04.660+0000] {dagbag.py:387} ERROR - Failed to import: /home/ec2-user/environment/lab4_model_training/dags/train_model_dag.py
Traceback (most recent call last):
  File "/home/ec2-user/environment/lab4_model_training/venv/lib64/python3.12/site-packages/airflow/models/dagbag.py", line 383, in parse
    loader.exec_module(new_module)
  File "<frozen importlib._bootstrap_external>", line 999, in exec_module
  File "<frozen importlib._bootstrap>", line 488, in _call_with_frames_removed
  File "/home/ec2-user/environment/lab4_model_training/dags/train_model_dag.py", line 35, in <module>
    train_task = PythonOperator(
                 ^^^^^^^^^^^^^^^
  File "/home/ec2-user/environment/lab4_model_training/venv/lib64/python3.12/site-packages/airflow/models/baseoperator.py", line 490, in apply_defaults
    result = func(self, **kwargs, default_args=default_args)
             ^^^^^^^^^^^^^^^^^^^^^^^^^^^^^^^^^^^^^^^^^^^^^^^
  File "/home/ec2-user/environment/lab4_model_training/venv/lib64/python3.12/site-packages/airflow/operators/python.py", line 224, in __init__
    raise AirflowException("`python_callable` param must be callable")
airflow.exceptions.AirflowException: `python_callable` param must be callable
[2026-03-28T20:38:04.663+0000] {processor.py:927} WARNING - No viable dags retrieved from /home/ec2-user/environment/lab4_model_training/dags/train_model_dag.py
[2026-03-28T20:38:04.677+0000] {processor.py:208} INFO - Processing /home/ec2-user/environment/lab4_model_training/dags/train_model_dag.py took 1.366 seconds
[2026-03-28T20:38:34.814+0000] {processor.py:186} INFO - Started process (PID=18170) to work on /home/ec2-user/environment/lab4_model_training/dags/train_model_dag.py
[2026-03-28T20:38:34.815+0000] {processor.py:914} INFO - Processing file /home/ec2-user/environment/lab4_model_training/dags/train_model_dag.py for tasks to queue
[2026-03-28T20:38:34.816+0000] {logging_mixin.py:190} INFO - [2026-03-28T20:38:34.815+0000] {dagbag.py:588} INFO - Filling up the DagBag from /home/ec2-user/environment/lab4_model_training/dags/train_model_dag.py
[2026-03-28T20:38:36.160+0000] {logging_mixin.py:190} INFO - [ml_pipeline.model] Model accuracy: 1.0000
[2026-03-28T20:38:36.162+0000] {logging_mixin.py:190} INFO - [ml_pipeline.model] Saved model to models/breast_cancer_model.pkl
[2026-03-28T20:38:36.165+0000] {logging_mixin.py:190} INFO - [2026-03-28T20:38:36.163+0000] {dagbag.py:387} ERROR - Failed to import: /home/ec2-user/environment/lab4_model_training/dags/train_model_dag.py
Traceback (most recent call last):
  File "/home/ec2-user/environment/lab4_model_training/venv/lib64/python3.12/site-packages/airflow/models/dagbag.py", line 383, in parse
    loader.exec_module(new_module)
  File "<frozen importlib._bootstrap_external>", line 999, in exec_module
  File "<frozen importlib._bootstrap>", line 488, in _call_with_frames_removed
  File "/home/ec2-user/environment/lab4_model_training/dags/train_model_dag.py", line 35, in <module>
    train_task = PythonOperator(
                 ^^^^^^^^^^^^^^^
  File "/home/ec2-user/environment/lab4_model_training/venv/lib64/python3.12/site-packages/airflow/models/baseoperator.py", line 490, in apply_defaults
    result = func(self, **kwargs, default_args=default_args)
             ^^^^^^^^^^^^^^^^^^^^^^^^^^^^^^^^^^^^^^^^^^^^^^^
  File "/home/ec2-user/environment/lab4_model_training/venv/lib64/python3.12/site-packages/airflow/operators/python.py", line 224, in __init__
    raise AirflowException("`python_callable` param must be callable")
airflow.exceptions.AirflowException: `python_callable` param must be callable
[2026-03-28T20:38:36.165+0000] {processor.py:927} WARNING - No viable dags retrieved from /home/ec2-user/environment/lab4_model_training/dags/train_model_dag.py
[2026-03-28T20:38:36.180+0000] {processor.py:208} INFO - Processing /home/ec2-user/environment/lab4_model_training/dags/train_model_dag.py took 1.372 seconds
[2026-03-28T20:39:06.310+0000] {processor.py:186} INFO - Started process (PID=18196) to work on /home/ec2-user/environment/lab4_model_training/dags/train_model_dag.py
[2026-03-28T20:39:06.312+0000] {processor.py:914} INFO - Processing file /home/ec2-user/environment/lab4_model_training/dags/train_model_dag.py for tasks to queue
[2026-03-28T20:39:06.313+0000] {logging_mixin.py:190} INFO - [2026-03-28T20:39:06.313+0000] {dagbag.py:588} INFO - Filling up the DagBag from /home/ec2-user/environment/lab4_model_training/dags/train_model_dag.py
[2026-03-28T20:39:07.638+0000] {logging_mixin.py:190} INFO - [ml_pipeline.model] Model accuracy: 1.0000
[2026-03-28T20:39:07.640+0000] {logging_mixin.py:190} INFO - [ml_pipeline.model] Saved model to models/breast_cancer_model.pkl
[2026-03-28T20:39:07.643+0000] {logging_mixin.py:190} INFO - [2026-03-28T20:39:07.641+0000] {dagbag.py:387} ERROR - Failed to import: /home/ec2-user/environment/lab4_model_training/dags/train_model_dag.py
Traceback (most recent call last):
  File "/home/ec2-user/environment/lab4_model_training/venv/lib64/python3.12/site-packages/airflow/models/dagbag.py", line 383, in parse
    loader.exec_module(new_module)
  File "<frozen importlib._bootstrap_external>", line 999, in exec_module
  File "<frozen importlib._bootstrap>", line 488, in _call_with_frames_removed
  File "/home/ec2-user/environment/lab4_model_training/dags/train_model_dag.py", line 35, in <module>
    train_task = PythonOperator(
                 ^^^^^^^^^^^^^^^
  File "/home/ec2-user/environment/lab4_model_training/venv/lib64/python3.12/site-packages/airflow/models/baseoperator.py", line 490, in apply_defaults
    result = func(self, **kwargs, default_args=default_args)
             ^^^^^^^^^^^^^^^^^^^^^^^^^^^^^^^^^^^^^^^^^^^^^^^
  File "/home/ec2-user/environment/lab4_model_training/venv/lib64/python3.12/site-packages/airflow/operators/python.py", line 224, in __init__
    raise AirflowException("`python_callable` param must be callable")
airflow.exceptions.AirflowException: `python_callable` param must be callable
[2026-03-28T20:39:07.644+0000] {processor.py:927} WARNING - No viable dags retrieved from /home/ec2-user/environment/lab4_model_training/dags/train_model_dag.py
[2026-03-28T20:39:07.659+0000] {processor.py:208} INFO - Processing /home/ec2-user/environment/lab4_model_training/dags/train_model_dag.py took 1.353 seconds
[2026-03-28T20:39:37.806+0000] {processor.py:186} INFO - Started process (PID=18262) to work on /home/ec2-user/environment/lab4_model_training/dags/train_model_dag.py
[2026-03-28T20:39:37.807+0000] {processor.py:914} INFO - Processing file /home/ec2-user/environment/lab4_model_training/dags/train_model_dag.py for tasks to queue
[2026-03-28T20:39:37.808+0000] {logging_mixin.py:190} INFO - [2026-03-28T20:39:37.807+0000] {dagbag.py:588} INFO - Filling up the DagBag from /home/ec2-user/environment/lab4_model_training/dags/train_model_dag.py
[2026-03-28T20:39:39.137+0000] {logging_mixin.py:190} INFO - [ml_pipeline.model] Model accuracy: 1.0000
[2026-03-28T20:39:39.139+0000] {logging_mixin.py:190} INFO - [ml_pipeline.model] Saved model to models/breast_cancer_model.pkl
[2026-03-28T20:39:39.142+0000] {logging_mixin.py:190} INFO - [2026-03-28T20:39:39.140+0000] {dagbag.py:387} ERROR - Failed to import: /home/ec2-user/environment/lab4_model_training/dags/train_model_dag.py
Traceback (most recent call last):
  File "/home/ec2-user/environment/lab4_model_training/venv/lib64/python3.12/site-packages/airflow/models/dagbag.py", line 383, in parse
    loader.exec_module(new_module)
  File "<frozen importlib._bootstrap_external>", line 999, in exec_module
  File "<frozen importlib._bootstrap>", line 488, in _call_with_frames_removed
  File "/home/ec2-user/environment/lab4_model_training/dags/train_model_dag.py", line 35, in <module>
    train_task = PythonOperator(
                 ^^^^^^^^^^^^^^^
  File "/home/ec2-user/environment/lab4_model_training/venv/lib64/python3.12/site-packages/airflow/models/baseoperator.py", line 490, in apply_defaults
    result = func(self, **kwargs, default_args=default_args)
             ^^^^^^^^^^^^^^^^^^^^^^^^^^^^^^^^^^^^^^^^^^^^^^^
  File "/home/ec2-user/environment/lab4_model_training/venv/lib64/python3.12/site-packages/airflow/operators/python.py", line 224, in __init__
    raise AirflowException("`python_callable` param must be callable")
airflow.exceptions.AirflowException: `python_callable` param must be callable
[2026-03-28T20:39:39.143+0000] {processor.py:927} WARNING - No viable dags retrieved from /home/ec2-user/environment/lab4_model_training/dags/train_model_dag.py
[2026-03-28T20:39:39.157+0000] {processor.py:208} INFO - Processing /home/ec2-user/environment/lab4_model_training/dags/train_model_dag.py took 1.357 seconds
[2026-03-28T20:40:09.300+0000] {processor.py:186} INFO - Started process (PID=18290) to work on /home/ec2-user/environment/lab4_model_training/dags/train_model_dag.py
[2026-03-28T20:40:09.301+0000] {processor.py:914} INFO - Processing file /home/ec2-user/environment/lab4_model_training/dags/train_model_dag.py for tasks to queue
[2026-03-28T20:40:09.303+0000] {logging_mixin.py:190} INFO - [2026-03-28T20:40:09.303+0000] {dagbag.py:588} INFO - Filling up the DagBag from /home/ec2-user/environment/lab4_model_training/dags/train_model_dag.py
[2026-03-28T20:40:10.551+0000] {logging_mixin.py:190} INFO - [ml_pipeline.model] Model accuracy: 1.0000
[2026-03-28T20:40:10.553+0000] {logging_mixin.py:190} INFO - [ml_pipeline.model] Saved model to models/breast_cancer_model.pkl
[2026-03-28T20:40:10.556+0000] {logging_mixin.py:190} INFO - [2026-03-28T20:40:10.554+0000] {dagbag.py:387} ERROR - Failed to import: /home/ec2-user/environment/lab4_model_training/dags/train_model_dag.py
Traceback (most recent call last):
  File "/home/ec2-user/environment/lab4_model_training/venv/lib64/python3.12/site-packages/airflow/models/dagbag.py", line 383, in parse
    loader.exec_module(new_module)
  File "<frozen importlib._bootstrap_external>", line 999, in exec_module
  File "<frozen importlib._bootstrap>", line 488, in _call_with_frames_removed
  File "/home/ec2-user/environment/lab4_model_training/dags/train_model_dag.py", line 35, in <module>
    train_task = PythonOperator(
                 ^^^^^^^^^^^^^^^
  File "/home/ec2-user/environment/lab4_model_training/venv/lib64/python3.12/site-packages/airflow/models/baseoperator.py", line 490, in apply_defaults
    result = func(self, **kwargs, default_args=default_args)
             ^^^^^^^^^^^^^^^^^^^^^^^^^^^^^^^^^^^^^^^^^^^^^^^
  File "/home/ec2-user/environment/lab4_model_training/venv/lib64/python3.12/site-packages/airflow/operators/python.py", line 224, in __init__
    raise AirflowException("`python_callable` param must be callable")
airflow.exceptions.AirflowException: `python_callable` param must be callable
[2026-03-28T20:40:10.557+0000] {processor.py:927} WARNING - No viable dags retrieved from /home/ec2-user/environment/lab4_model_training/dags/train_model_dag.py
[2026-03-28T20:40:10.571+0000] {processor.py:208} INFO - Processing /home/ec2-user/environment/lab4_model_training/dags/train_model_dag.py took 1.275 seconds
[2026-03-28T20:40:40.694+0000] {processor.py:186} INFO - Started process (PID=18350) to work on /home/ec2-user/environment/lab4_model_training/dags/train_model_dag.py
[2026-03-28T20:40:40.695+0000] {processor.py:914} INFO - Processing file /home/ec2-user/environment/lab4_model_training/dags/train_model_dag.py for tasks to queue
[2026-03-28T20:40:40.696+0000] {logging_mixin.py:190} INFO - [2026-03-28T20:40:40.696+0000] {dagbag.py:588} INFO - Filling up the DagBag from /home/ec2-user/environment/lab4_model_training/dags/train_model_dag.py
[2026-03-28T20:40:41.957+0000] {logging_mixin.py:190} INFO - [ml_pipeline.model] Model accuracy: 1.0000
[2026-03-28T20:40:41.959+0000] {logging_mixin.py:190} INFO - [ml_pipeline.model] Saved model to models/breast_cancer_model.pkl
[2026-03-28T20:40:41.962+0000] {logging_mixin.py:190} INFO - [2026-03-28T20:40:41.960+0000] {dagbag.py:387} ERROR - Failed to import: /home/ec2-user/environment/lab4_model_training/dags/train_model_dag.py
Traceback (most recent call last):
  File "/home/ec2-user/environment/lab4_model_training/venv/lib64/python3.12/site-packages/airflow/models/dagbag.py", line 383, in parse
    loader.exec_module(new_module)
  File "<frozen importlib._bootstrap_external>", line 999, in exec_module
  File "<frozen importlib._bootstrap>", line 488, in _call_with_frames_removed
  File "/home/ec2-user/environment/lab4_model_training/dags/train_model_dag.py", line 35, in <module>
    train_task = PythonOperator(
                 ^^^^^^^^^^^^^^^
  File "/home/ec2-user/environment/lab4_model_training/venv/lib64/python3.12/site-packages/airflow/models/baseoperator.py", line 490, in apply_defaults
    result = func(self, **kwargs, default_args=default_args)
             ^^^^^^^^^^^^^^^^^^^^^^^^^^^^^^^^^^^^^^^^^^^^^^^
  File "/home/ec2-user/environment/lab4_model_training/venv/lib64/python3.12/site-packages/airflow/operators/python.py", line 224, in __init__
    raise AirflowException("`python_callable` param must be callable")
airflow.exceptions.AirflowException: `python_callable` param must be callable
[2026-03-28T20:40:41.963+0000] {processor.py:927} WARNING - No viable dags retrieved from /home/ec2-user/environment/lab4_model_training/dags/train_model_dag.py
[2026-03-28T20:40:41.977+0000] {processor.py:208} INFO - Processing /home/ec2-user/environment/lab4_model_training/dags/train_model_dag.py took 1.287 seconds
[2026-03-28T20:41:12.048+0000] {processor.py:186} INFO - Started process (PID=18374) to work on /home/ec2-user/environment/lab4_model_training/dags/train_model_dag.py
[2026-03-28T20:41:12.049+0000] {processor.py:914} INFO - Processing file /home/ec2-user/environment/lab4_model_training/dags/train_model_dag.py for tasks to queue
[2026-03-28T20:41:12.050+0000] {logging_mixin.py:190} INFO - [2026-03-28T20:41:12.050+0000] {dagbag.py:588} INFO - Filling up the DagBag from /home/ec2-user/environment/lab4_model_training/dags/train_model_dag.py
[2026-03-28T20:41:13.301+0000] {logging_mixin.py:190} INFO - [ml_pipeline.model] Model accuracy: 1.0000
[2026-03-28T20:41:13.303+0000] {logging_mixin.py:190} INFO - [ml_pipeline.model] Saved model to models/breast_cancer_model.pkl
[2026-03-28T20:41:13.305+0000] {logging_mixin.py:190} INFO - [2026-03-28T20:41:13.303+0000] {dagbag.py:387} ERROR - Failed to import: /home/ec2-user/environment/lab4_model_training/dags/train_model_dag.py
Traceback (most recent call last):
  File "/home/ec2-user/environment/lab4_model_training/venv/lib64/python3.12/site-packages/airflow/models/dagbag.py", line 383, in parse
    loader.exec_module(new_module)
  File "<frozen importlib._bootstrap_external>", line 999, in exec_module
  File "<frozen importlib._bootstrap>", line 488, in _call_with_frames_removed
  File "/home/ec2-user/environment/lab4_model_training/dags/train_model_dag.py", line 35, in <module>
    train_task = PythonOperator(
                 ^^^^^^^^^^^^^^^
  File "/home/ec2-user/environment/lab4_model_training/venv/lib64/python3.12/site-packages/airflow/models/baseoperator.py", line 490, in apply_defaults
    result = func(self, **kwargs, default_args=default_args)
             ^^^^^^^^^^^^^^^^^^^^^^^^^^^^^^^^^^^^^^^^^^^^^^^
  File "/home/ec2-user/environment/lab4_model_training/venv/lib64/python3.12/site-packages/airflow/operators/python.py", line 224, in __init__
    raise AirflowException("`python_callable` param must be callable")
airflow.exceptions.AirflowException: `python_callable` param must be callable
[2026-03-28T20:41:13.306+0000] {processor.py:927} WARNING - No viable dags retrieved from /home/ec2-user/environment/lab4_model_training/dags/train_model_dag.py
[2026-03-28T20:41:13.320+0000] {processor.py:208} INFO - Processing /home/ec2-user/environment/lab4_model_training/dags/train_model_dag.py took 1.276 seconds
[2026-03-28T20:41:43.449+0000] {processor.py:186} INFO - Started process (PID=18390) to work on /home/ec2-user/environment/lab4_model_training/dags/train_model_dag.py
[2026-03-28T20:41:43.450+0000] {processor.py:914} INFO - Processing file /home/ec2-user/environment/lab4_model_training/dags/train_model_dag.py for tasks to queue
[2026-03-28T20:41:43.452+0000] {logging_mixin.py:190} INFO - [2026-03-28T20:41:43.452+0000] {dagbag.py:588} INFO - Filling up the DagBag from /home/ec2-user/environment/lab4_model_training/dags/train_model_dag.py
[2026-03-28T20:41:44.714+0000] {logging_mixin.py:190} INFO - [ml_pipeline.model] Model accuracy: 1.0000
[2026-03-28T20:41:44.716+0000] {logging_mixin.py:190} INFO - [ml_pipeline.model] Saved model to models/breast_cancer_model.pkl
[2026-03-28T20:41:44.718+0000] {logging_mixin.py:190} INFO - [2026-03-28T20:41:44.716+0000] {dagbag.py:387} ERROR - Failed to import: /home/ec2-user/environment/lab4_model_training/dags/train_model_dag.py
Traceback (most recent call last):
  File "/home/ec2-user/environment/lab4_model_training/venv/lib64/python3.12/site-packages/airflow/models/dagbag.py", line 383, in parse
    loader.exec_module(new_module)
  File "<frozen importlib._bootstrap_external>", line 999, in exec_module
  File "<frozen importlib._bootstrap>", line 488, in _call_with_frames_removed
  File "/home/ec2-user/environment/lab4_model_training/dags/train_model_dag.py", line 35, in <module>
    train_task = PythonOperator(
                 ^^^^^^^^^^^^^^^
  File "/home/ec2-user/environment/lab4_model_training/venv/lib64/python3.12/site-packages/airflow/models/baseoperator.py", line 490, in apply_defaults
    result = func(self, **kwargs, default_args=default_args)
             ^^^^^^^^^^^^^^^^^^^^^^^^^^^^^^^^^^^^^^^^^^^^^^^
  File "/home/ec2-user/environment/lab4_model_training/venv/lib64/python3.12/site-packages/airflow/operators/python.py", line 224, in __init__
    raise AirflowException("`python_callable` param must be callable")
airflow.exceptions.AirflowException: `python_callable` param must be callable
[2026-03-28T20:41:44.719+0000] {processor.py:927} WARNING - No viable dags retrieved from /home/ec2-user/environment/lab4_model_training/dags/train_model_dag.py
[2026-03-28T20:41:44.733+0000] {processor.py:208} INFO - Processing /home/ec2-user/environment/lab4_model_training/dags/train_model_dag.py took 1.288 seconds
[2026-03-28T20:42:14.843+0000] {processor.py:186} INFO - Started process (PID=18414) to work on /home/ec2-user/environment/lab4_model_training/dags/train_model_dag.py
[2026-03-28T20:42:14.844+0000] {processor.py:914} INFO - Processing file /home/ec2-user/environment/lab4_model_training/dags/train_model_dag.py for tasks to queue
[2026-03-28T20:42:14.845+0000] {logging_mixin.py:190} INFO - [2026-03-28T20:42:14.845+0000] {dagbag.py:588} INFO - Filling up the DagBag from /home/ec2-user/environment/lab4_model_training/dags/train_model_dag.py
[2026-03-28T20:42:16.094+0000] {logging_mixin.py:190} INFO - [ml_pipeline.model] Model accuracy: 1.0000
[2026-03-28T20:42:16.096+0000] {logging_mixin.py:190} INFO - [ml_pipeline.model] Saved model to models/breast_cancer_model.pkl
[2026-03-28T20:42:16.099+0000] {logging_mixin.py:190} INFO - [2026-03-28T20:42:16.097+0000] {dagbag.py:387} ERROR - Failed to import: /home/ec2-user/environment/lab4_model_training/dags/train_model_dag.py
Traceback (most recent call last):
  File "/home/ec2-user/environment/lab4_model_training/venv/lib64/python3.12/site-packages/airflow/models/dagbag.py", line 383, in parse
    loader.exec_module(new_module)
  File "<frozen importlib._bootstrap_external>", line 999, in exec_module
  File "<frozen importlib._bootstrap>", line 488, in _call_with_frames_removed
  File "/home/ec2-user/environment/lab4_model_training/dags/train_model_dag.py", line 35, in <module>
    train_task = PythonOperator(
                 ^^^^^^^^^^^^^^^
  File "/home/ec2-user/environment/lab4_model_training/venv/lib64/python3.12/site-packages/airflow/models/baseoperator.py", line 490, in apply_defaults
    result = func(self, **kwargs, default_args=default_args)
             ^^^^^^^^^^^^^^^^^^^^^^^^^^^^^^^^^^^^^^^^^^^^^^^
  File "/home/ec2-user/environment/lab4_model_training/venv/lib64/python3.12/site-packages/airflow/operators/python.py", line 224, in __init__
    raise AirflowException("`python_callable` param must be callable")
airflow.exceptions.AirflowException: `python_callable` param must be callable
[2026-03-28T20:42:16.100+0000] {processor.py:927} WARNING - No viable dags retrieved from /home/ec2-user/environment/lab4_model_training/dags/train_model_dag.py
[2026-03-28T20:42:16.113+0000] {processor.py:208} INFO - Processing /home/ec2-user/environment/lab4_model_training/dags/train_model_dag.py took 1.275 seconds
[2026-03-28T20:42:46.236+0000] {processor.py:186} INFO - Started process (PID=18474) to work on /home/ec2-user/environment/lab4_model_training/dags/train_model_dag.py
[2026-03-28T20:42:46.237+0000] {processor.py:914} INFO - Processing file /home/ec2-user/environment/lab4_model_training/dags/train_model_dag.py for tasks to queue
[2026-03-28T20:42:46.239+0000] {logging_mixin.py:190} INFO - [2026-03-28T20:42:46.239+0000] {dagbag.py:588} INFO - Filling up the DagBag from /home/ec2-user/environment/lab4_model_training/dags/train_model_dag.py
[2026-03-28T20:42:47.502+0000] {logging_mixin.py:190} INFO - [ml_pipeline.model] Model accuracy: 1.0000
[2026-03-28T20:42:47.504+0000] {logging_mixin.py:190} INFO - [ml_pipeline.model] Saved model to models/breast_cancer_model.pkl
[2026-03-28T20:42:47.507+0000] {logging_mixin.py:190} INFO - [2026-03-28T20:42:47.505+0000] {dagbag.py:387} ERROR - Failed to import: /home/ec2-user/environment/lab4_model_training/dags/train_model_dag.py
Traceback (most recent call last):
  File "/home/ec2-user/environment/lab4_model_training/venv/lib64/python3.12/site-packages/airflow/models/dagbag.py", line 383, in parse
    loader.exec_module(new_module)
  File "<frozen importlib._bootstrap_external>", line 999, in exec_module
  File "<frozen importlib._bootstrap>", line 488, in _call_with_frames_removed
  File "/home/ec2-user/environment/lab4_model_training/dags/train_model_dag.py", line 35, in <module>
    train_task = PythonOperator(
                 ^^^^^^^^^^^^^^^
  File "/home/ec2-user/environment/lab4_model_training/venv/lib64/python3.12/site-packages/airflow/models/baseoperator.py", line 490, in apply_defaults
    result = func(self, **kwargs, default_args=default_args)
             ^^^^^^^^^^^^^^^^^^^^^^^^^^^^^^^^^^^^^^^^^^^^^^^
  File "/home/ec2-user/environment/lab4_model_training/venv/lib64/python3.12/site-packages/airflow/operators/python.py", line 224, in __init__
    raise AirflowException("`python_callable` param must be callable")
airflow.exceptions.AirflowException: `python_callable` param must be callable
[2026-03-28T20:42:47.507+0000] {processor.py:927} WARNING - No viable dags retrieved from /home/ec2-user/environment/lab4_model_training/dags/train_model_dag.py
[2026-03-28T20:42:47.521+0000] {processor.py:208} INFO - Processing /home/ec2-user/environment/lab4_model_training/dags/train_model_dag.py took 1.289 seconds
[2026-03-28T20:43:17.635+0000] {processor.py:186} INFO - Started process (PID=18498) to work on /home/ec2-user/environment/lab4_model_training/dags/train_model_dag.py
[2026-03-28T20:43:17.635+0000] {processor.py:914} INFO - Processing file /home/ec2-user/environment/lab4_model_training/dags/train_model_dag.py for tasks to queue
[2026-03-28T20:43:17.636+0000] {logging_mixin.py:190} INFO - [2026-03-28T20:43:17.636+0000] {dagbag.py:588} INFO - Filling up the DagBag from /home/ec2-user/environment/lab4_model_training/dags/train_model_dag.py
[2026-03-28T20:43:18.886+0000] {logging_mixin.py:190} INFO - [ml_pipeline.model] Model accuracy: 1.0000
[2026-03-28T20:43:18.888+0000] {logging_mixin.py:190} INFO - [ml_pipeline.model] Saved model to models/breast_cancer_model.pkl
[2026-03-28T20:43:18.890+0000] {logging_mixin.py:190} INFO - [2026-03-28T20:43:18.888+0000] {dagbag.py:387} ERROR - Failed to import: /home/ec2-user/environment/lab4_model_training/dags/train_model_dag.py
Traceback (most recent call last):
  File "/home/ec2-user/environment/lab4_model_training/venv/lib64/python3.12/site-packages/airflow/models/dagbag.py", line 383, in parse
    loader.exec_module(new_module)
  File "<frozen importlib._bootstrap_external>", line 999, in exec_module
  File "<frozen importlib._bootstrap>", line 488, in _call_with_frames_removed
  File "/home/ec2-user/environment/lab4_model_training/dags/train_model_dag.py", line 35, in <module>
    train_task = PythonOperator(
                 ^^^^^^^^^^^^^^^
  File "/home/ec2-user/environment/lab4_model_training/venv/lib64/python3.12/site-packages/airflow/models/baseoperator.py", line 490, in apply_defaults
    result = func(self, **kwargs, default_args=default_args)
             ^^^^^^^^^^^^^^^^^^^^^^^^^^^^^^^^^^^^^^^^^^^^^^^
  File "/home/ec2-user/environment/lab4_model_training/venv/lib64/python3.12/site-packages/airflow/operators/python.py", line 224, in __init__
    raise AirflowException("`python_callable` param must be callable")
airflow.exceptions.AirflowException: `python_callable` param must be callable
[2026-03-28T20:43:18.891+0000] {processor.py:927} WARNING - No viable dags retrieved from /home/ec2-user/environment/lab4_model_training/dags/train_model_dag.py
[2026-03-28T20:43:18.904+0000] {processor.py:208} INFO - Processing /home/ec2-user/environment/lab4_model_training/dags/train_model_dag.py took 1.275 seconds
[2026-03-28T20:43:49.025+0000] {processor.py:186} INFO - Started process (PID=18514) to work on /home/ec2-user/environment/lab4_model_training/dags/train_model_dag.py
[2026-03-28T20:43:49.026+0000] {processor.py:914} INFO - Processing file /home/ec2-user/environment/lab4_model_training/dags/train_model_dag.py for tasks to queue
[2026-03-28T20:43:49.028+0000] {logging_mixin.py:190} INFO - [2026-03-28T20:43:49.027+0000] {dagbag.py:588} INFO - Filling up the DagBag from /home/ec2-user/environment/lab4_model_training/dags/train_model_dag.py
[2026-03-28T20:43:50.275+0000] {logging_mixin.py:190} INFO - [ml_pipeline.model] Model accuracy: 1.0000
[2026-03-28T20:43:50.277+0000] {logging_mixin.py:190} INFO - [ml_pipeline.model] Saved model to models/breast_cancer_model.pkl
[2026-03-28T20:43:50.280+0000] {logging_mixin.py:190} INFO - [2026-03-28T20:43:50.278+0000] {dagbag.py:387} ERROR - Failed to import: /home/ec2-user/environment/lab4_model_training/dags/train_model_dag.py
Traceback (most recent call last):
  File "/home/ec2-user/environment/lab4_model_training/venv/lib64/python3.12/site-packages/airflow/models/dagbag.py", line 383, in parse
    loader.exec_module(new_module)
  File "<frozen importlib._bootstrap_external>", line 999, in exec_module
  File "<frozen importlib._bootstrap>", line 488, in _call_with_frames_removed
  File "/home/ec2-user/environment/lab4_model_training/dags/train_model_dag.py", line 35, in <module>
    train_task = PythonOperator(
                 ^^^^^^^^^^^^^^^
  File "/home/ec2-user/environment/lab4_model_training/venv/lib64/python3.12/site-packages/airflow/models/baseoperator.py", line 490, in apply_defaults
    result = func(self, **kwargs, default_args=default_args)
             ^^^^^^^^^^^^^^^^^^^^^^^^^^^^^^^^^^^^^^^^^^^^^^^
  File "/home/ec2-user/environment/lab4_model_training/venv/lib64/python3.12/site-packages/airflow/operators/python.py", line 224, in __init__
    raise AirflowException("`python_callable` param must be callable")
airflow.exceptions.AirflowException: `python_callable` param must be callable
[2026-03-28T20:43:50.280+0000] {processor.py:927} WARNING - No viable dags retrieved from /home/ec2-user/environment/lab4_model_training/dags/train_model_dag.py
[2026-03-28T20:43:50.294+0000] {processor.py:208} INFO - Processing /home/ec2-user/environment/lab4_model_training/dags/train_model_dag.py took 1.274 seconds
[2026-03-28T20:44:20.417+0000] {processor.py:186} INFO - Started process (PID=18603) to work on /home/ec2-user/environment/lab4_model_training/dags/train_model_dag.py
[2026-03-28T20:44:20.418+0000] {processor.py:914} INFO - Processing file /home/ec2-user/environment/lab4_model_training/dags/train_model_dag.py for tasks to queue
[2026-03-28T20:44:20.419+0000] {logging_mixin.py:190} INFO - [2026-03-28T20:44:20.419+0000] {dagbag.py:588} INFO - Filling up the DagBag from /home/ec2-user/environment/lab4_model_training/dags/train_model_dag.py
[2026-03-28T20:44:21.680+0000] {logging_mixin.py:190} INFO - [ml_pipeline.model] Model accuracy: 1.0000
[2026-03-28T20:44:21.682+0000] {logging_mixin.py:190} INFO - [ml_pipeline.model] Saved model to models/breast_cancer_model.pkl
[2026-03-28T20:44:21.685+0000] {logging_mixin.py:190} INFO - [2026-03-28T20:44:21.683+0000] {dagbag.py:387} ERROR - Failed to import: /home/ec2-user/environment/lab4_model_training/dags/train_model_dag.py
Traceback (most recent call last):
  File "/home/ec2-user/environment/lab4_model_training/venv/lib64/python3.12/site-packages/airflow/models/dagbag.py", line 383, in parse
    loader.exec_module(new_module)
  File "<frozen importlib._bootstrap_external>", line 999, in exec_module
  File "<frozen importlib._bootstrap>", line 488, in _call_with_frames_removed
  File "/home/ec2-user/environment/lab4_model_training/dags/train_model_dag.py", line 35, in <module>
    train_task = PythonOperator(
                 ^^^^^^^^^^^^^^^
  File "/home/ec2-user/environment/lab4_model_training/venv/lib64/python3.12/site-packages/airflow/models/baseoperator.py", line 490, in apply_defaults
    result = func(self, **kwargs, default_args=default_args)
             ^^^^^^^^^^^^^^^^^^^^^^^^^^^^^^^^^^^^^^^^^^^^^^^
  File "/home/ec2-user/environment/lab4_model_training/venv/lib64/python3.12/site-packages/airflow/operators/python.py", line 224, in __init__
    raise AirflowException("`python_callable` param must be callable")
airflow.exceptions.AirflowException: `python_callable` param must be callable
[2026-03-28T20:44:21.686+0000] {processor.py:927} WARNING - No viable dags retrieved from /home/ec2-user/environment/lab4_model_training/dags/train_model_dag.py
[2026-03-28T20:44:21.699+0000] {processor.py:208} INFO - Processing /home/ec2-user/environment/lab4_model_training/dags/train_model_dag.py took 1.287 seconds
[2026-03-28T20:44:51.806+0000] {processor.py:186} INFO - Started process (PID=18616) to work on /home/ec2-user/environment/lab4_model_training/dags/train_model_dag.py
[2026-03-28T20:44:51.807+0000] {processor.py:914} INFO - Processing file /home/ec2-user/environment/lab4_model_training/dags/train_model_dag.py for tasks to queue
[2026-03-28T20:44:51.809+0000] {logging_mixin.py:190} INFO - [2026-03-28T20:44:51.809+0000] {dagbag.py:588} INFO - Filling up the DagBag from /home/ec2-user/environment/lab4_model_training/dags/train_model_dag.py
[2026-03-28T20:44:53.058+0000] {logging_mixin.py:190} INFO - [ml_pipeline.model] Model accuracy: 1.0000
[2026-03-28T20:44:53.059+0000] {logging_mixin.py:190} INFO - [ml_pipeline.model] Saved model to models/breast_cancer_model.pkl
[2026-03-28T20:44:53.062+0000] {logging_mixin.py:190} INFO - [2026-03-28T20:44:53.060+0000] {dagbag.py:387} ERROR - Failed to import: /home/ec2-user/environment/lab4_model_training/dags/train_model_dag.py
Traceback (most recent call last):
  File "/home/ec2-user/environment/lab4_model_training/venv/lib64/python3.12/site-packages/airflow/models/dagbag.py", line 383, in parse
    loader.exec_module(new_module)
  File "<frozen importlib._bootstrap_external>", line 999, in exec_module
  File "<frozen importlib._bootstrap>", line 488, in _call_with_frames_removed
  File "/home/ec2-user/environment/lab4_model_training/dags/train_model_dag.py", line 35, in <module>
    train_task = PythonOperator(
                 ^^^^^^^^^^^^^^^
  File "/home/ec2-user/environment/lab4_model_training/venv/lib64/python3.12/site-packages/airflow/models/baseoperator.py", line 490, in apply_defaults
    result = func(self, **kwargs, default_args=default_args)
             ^^^^^^^^^^^^^^^^^^^^^^^^^^^^^^^^^^^^^^^^^^^^^^^
  File "/home/ec2-user/environment/lab4_model_training/venv/lib64/python3.12/site-packages/airflow/operators/python.py", line 224, in __init__
    raise AirflowException("`python_callable` param must be callable")
airflow.exceptions.AirflowException: `python_callable` param must be callable
[2026-03-28T20:44:53.063+0000] {processor.py:927} WARNING - No viable dags retrieved from /home/ec2-user/environment/lab4_model_training/dags/train_model_dag.py
[2026-03-28T20:44:53.076+0000] {processor.py:208} INFO - Processing /home/ec2-user/environment/lab4_model_training/dags/train_model_dag.py took 1.275 seconds
[2026-03-28T20:45:23.133+0000] {processor.py:186} INFO - Started process (PID=18638) to work on /home/ec2-user/environment/lab4_model_training/dags/train_model_dag.py
[2026-03-28T20:45:23.133+0000] {processor.py:914} INFO - Processing file /home/ec2-user/environment/lab4_model_training/dags/train_model_dag.py for tasks to queue
[2026-03-28T20:45:23.134+0000] {logging_mixin.py:190} INFO - [2026-03-28T20:45:23.134+0000] {dagbag.py:588} INFO - Filling up the DagBag from /home/ec2-user/environment/lab4_model_training/dags/train_model_dag.py
[2026-03-28T20:45:24.369+0000] {logging_mixin.py:190} INFO - [ml_pipeline.model] Model accuracy: 1.0000
[2026-03-28T20:45:24.371+0000] {logging_mixin.py:190} INFO - [ml_pipeline.model] Saved model to models/breast_cancer_model.pkl
[2026-03-28T20:45:24.373+0000] {logging_mixin.py:190} INFO - [2026-03-28T20:45:24.371+0000] {dagbag.py:387} ERROR - Failed to import: /home/ec2-user/environment/lab4_model_training/dags/train_model_dag.py
Traceback (most recent call last):
  File "/home/ec2-user/environment/lab4_model_training/venv/lib64/python3.12/site-packages/airflow/models/dagbag.py", line 383, in parse
    loader.exec_module(new_module)
  File "<frozen importlib._bootstrap_external>", line 999, in exec_module
  File "<frozen importlib._bootstrap>", line 488, in _call_with_frames_removed
  File "/home/ec2-user/environment/lab4_model_training/dags/train_model_dag.py", line 35, in <module>
    train_task = PythonOperator(
                 ^^^^^^^^^^^^^^^
  File "/home/ec2-user/environment/lab4_model_training/venv/lib64/python3.12/site-packages/airflow/models/baseoperator.py", line 490, in apply_defaults
    result = func(self, **kwargs, default_args=default_args)
             ^^^^^^^^^^^^^^^^^^^^^^^^^^^^^^^^^^^^^^^^^^^^^^^
  File "/home/ec2-user/environment/lab4_model_training/venv/lib64/python3.12/site-packages/airflow/operators/python.py", line 224, in __init__
    raise AirflowException("`python_callable` param must be callable")
airflow.exceptions.AirflowException: `python_callable` param must be callable
[2026-03-28T20:45:24.374+0000] {processor.py:927} WARNING - No viable dags retrieved from /home/ec2-user/environment/lab4_model_training/dags/train_model_dag.py
[2026-03-28T20:45:24.387+0000] {processor.py:208} INFO - Processing /home/ec2-user/environment/lab4_model_training/dags/train_model_dag.py took 1.260 seconds
[2026-03-28T20:45:54.528+0000] {processor.py:186} INFO - Started process (PID=18698) to work on /home/ec2-user/environment/lab4_model_training/dags/train_model_dag.py
[2026-03-28T20:45:54.529+0000] {processor.py:914} INFO - Processing file /home/ec2-user/environment/lab4_model_training/dags/train_model_dag.py for tasks to queue
[2026-03-28T20:45:54.531+0000] {logging_mixin.py:190} INFO - [2026-03-28T20:45:54.531+0000] {dagbag.py:588} INFO - Filling up the DagBag from /home/ec2-user/environment/lab4_model_training/dags/train_model_dag.py
[2026-03-28T20:45:55.761+0000] {logging_mixin.py:190} INFO - [ml_pipeline.model] Model accuracy: 1.0000
[2026-03-28T20:45:55.762+0000] {logging_mixin.py:190} INFO - [ml_pipeline.model] Saved model to models/breast_cancer_model.pkl
[2026-03-28T20:45:55.765+0000] {logging_mixin.py:190} INFO - [2026-03-28T20:45:55.763+0000] {dagbag.py:387} ERROR - Failed to import: /home/ec2-user/environment/lab4_model_training/dags/train_model_dag.py
Traceback (most recent call last):
  File "/home/ec2-user/environment/lab4_model_training/venv/lib64/python3.12/site-packages/airflow/models/dagbag.py", line 383, in parse
    loader.exec_module(new_module)
  File "<frozen importlib._bootstrap_external>", line 999, in exec_module
  File "<frozen importlib._bootstrap>", line 488, in _call_with_frames_removed
  File "/home/ec2-user/environment/lab4_model_training/dags/train_model_dag.py", line 35, in <module>
    train_task = PythonOperator(
                 ^^^^^^^^^^^^^^^
  File "/home/ec2-user/environment/lab4_model_training/venv/lib64/python3.12/site-packages/airflow/models/baseoperator.py", line 490, in apply_defaults
    result = func(self, **kwargs, default_args=default_args)
             ^^^^^^^^^^^^^^^^^^^^^^^^^^^^^^^^^^^^^^^^^^^^^^^
  File "/home/ec2-user/environment/lab4_model_training/venv/lib64/python3.12/site-packages/airflow/operators/python.py", line 224, in __init__
    raise AirflowException("`python_callable` param must be callable")
airflow.exceptions.AirflowException: `python_callable` param must be callable
[2026-03-28T20:45:55.766+0000] {processor.py:927} WARNING - No viable dags retrieved from /home/ec2-user/environment/lab4_model_training/dags/train_model_dag.py
[2026-03-28T20:45:55.779+0000] {processor.py:208} INFO - Processing /home/ec2-user/environment/lab4_model_training/dags/train_model_dag.py took 1.257 seconds
[2026-03-28T20:46:25.930+0000] {processor.py:186} INFO - Started process (PID=18719) to work on /home/ec2-user/environment/lab4_model_training/dags/train_model_dag.py
[2026-03-28T20:46:25.931+0000] {processor.py:914} INFO - Processing file /home/ec2-user/environment/lab4_model_training/dags/train_model_dag.py for tasks to queue
[2026-03-28T20:46:25.932+0000] {logging_mixin.py:190} INFO - [2026-03-28T20:46:25.932+0000] {dagbag.py:588} INFO - Filling up the DagBag from /home/ec2-user/environment/lab4_model_training/dags/train_model_dag.py
[2026-03-28T20:46:27.183+0000] {logging_mixin.py:190} INFO - [ml_pipeline.model] Model accuracy: 1.0000
[2026-03-28T20:46:27.184+0000] {logging_mixin.py:190} INFO - [ml_pipeline.model] Saved model to models/breast_cancer_model.pkl
[2026-03-28T20:46:27.187+0000] {logging_mixin.py:190} INFO - [2026-03-28T20:46:27.185+0000] {dagbag.py:387} ERROR - Failed to import: /home/ec2-user/environment/lab4_model_training/dags/train_model_dag.py
Traceback (most recent call last):
  File "/home/ec2-user/environment/lab4_model_training/venv/lib64/python3.12/site-packages/airflow/models/dagbag.py", line 383, in parse
    loader.exec_module(new_module)
  File "<frozen importlib._bootstrap_external>", line 999, in exec_module
  File "<frozen importlib._bootstrap>", line 488, in _call_with_frames_removed
  File "/home/ec2-user/environment/lab4_model_training/dags/train_model_dag.py", line 35, in <module>
    train_task = PythonOperator(
                 ^^^^^^^^^^^^^^^
  File "/home/ec2-user/environment/lab4_model_training/venv/lib64/python3.12/site-packages/airflow/models/baseoperator.py", line 490, in apply_defaults
    result = func(self, **kwargs, default_args=default_args)
             ^^^^^^^^^^^^^^^^^^^^^^^^^^^^^^^^^^^^^^^^^^^^^^^
  File "/home/ec2-user/environment/lab4_model_training/venv/lib64/python3.12/site-packages/airflow/operators/python.py", line 224, in __init__
    raise AirflowException("`python_callable` param must be callable")
airflow.exceptions.AirflowException: `python_callable` param must be callable
[2026-03-28T20:46:27.188+0000] {processor.py:927} WARNING - No viable dags retrieved from /home/ec2-user/environment/lab4_model_training/dags/train_model_dag.py
[2026-03-28T20:46:27.202+0000] {processor.py:208} INFO - Processing /home/ec2-user/environment/lab4_model_training/dags/train_model_dag.py took 1.276 seconds
[2026-03-28T20:46:57.324+0000] {processor.py:186} INFO - Started process (PID=18731) to work on /home/ec2-user/environment/lab4_model_training/dags/train_model_dag.py
[2026-03-28T20:46:57.325+0000] {processor.py:914} INFO - Processing file /home/ec2-user/environment/lab4_model_training/dags/train_model_dag.py for tasks to queue
[2026-03-28T20:46:57.326+0000] {logging_mixin.py:190} INFO - [2026-03-28T20:46:57.326+0000] {dagbag.py:588} INFO - Filling up the DagBag from /home/ec2-user/environment/lab4_model_training/dags/train_model_dag.py
[2026-03-28T20:46:58.587+0000] {logging_mixin.py:190} INFO - [ml_pipeline.model] Model accuracy: 1.0000
[2026-03-28T20:46:58.589+0000] {logging_mixin.py:190} INFO - [ml_pipeline.model] Saved model to models/breast_cancer_model.pkl
[2026-03-28T20:46:58.591+0000] {logging_mixin.py:190} INFO - [2026-03-28T20:46:58.589+0000] {dagbag.py:387} ERROR - Failed to import: /home/ec2-user/environment/lab4_model_training/dags/train_model_dag.py
Traceback (most recent call last):
  File "/home/ec2-user/environment/lab4_model_training/venv/lib64/python3.12/site-packages/airflow/models/dagbag.py", line 383, in parse
    loader.exec_module(new_module)
  File "<frozen importlib._bootstrap_external>", line 999, in exec_module
  File "<frozen importlib._bootstrap>", line 488, in _call_with_frames_removed
  File "/home/ec2-user/environment/lab4_model_training/dags/train_model_dag.py", line 35, in <module>
    train_task = PythonOperator(
                 ^^^^^^^^^^^^^^^
  File "/home/ec2-user/environment/lab4_model_training/venv/lib64/python3.12/site-packages/airflow/models/baseoperator.py", line 490, in apply_defaults
    result = func(self, **kwargs, default_args=default_args)
             ^^^^^^^^^^^^^^^^^^^^^^^^^^^^^^^^^^^^^^^^^^^^^^^
  File "/home/ec2-user/environment/lab4_model_training/venv/lib64/python3.12/site-packages/airflow/operators/python.py", line 224, in __init__
    raise AirflowException("`python_callable` param must be callable")
airflow.exceptions.AirflowException: `python_callable` param must be callable
[2026-03-28T20:46:58.592+0000] {processor.py:927} WARNING - No viable dags retrieved from /home/ec2-user/environment/lab4_model_training/dags/train_model_dag.py
[2026-03-28T20:46:58.606+0000] {processor.py:208} INFO - Processing /home/ec2-user/environment/lab4_model_training/dags/train_model_dag.py took 1.286 seconds
[2026-03-28T20:47:28.719+0000] {processor.py:186} INFO - Started process (PID=18752) to work on /home/ec2-user/environment/lab4_model_training/dags/train_model_dag.py
[2026-03-28T20:47:28.720+0000] {processor.py:914} INFO - Processing file /home/ec2-user/environment/lab4_model_training/dags/train_model_dag.py for tasks to queue
[2026-03-28T20:47:28.721+0000] {logging_mixin.py:190} INFO - [2026-03-28T20:47:28.721+0000] {dagbag.py:588} INFO - Filling up the DagBag from /home/ec2-user/environment/lab4_model_training/dags/train_model_dag.py
[2026-03-28T20:47:29.988+0000] {logging_mixin.py:190} INFO - [ml_pipeline.model] Model accuracy: 1.0000
[2026-03-28T20:47:29.989+0000] {logging_mixin.py:190} INFO - [ml_pipeline.model] Saved model to models/breast_cancer_model.pkl
[2026-03-28T20:47:29.992+0000] {logging_mixin.py:190} INFO - [2026-03-28T20:47:29.990+0000] {dagbag.py:387} ERROR - Failed to import: /home/ec2-user/environment/lab4_model_training/dags/train_model_dag.py
Traceback (most recent call last):
  File "/home/ec2-user/environment/lab4_model_training/venv/lib64/python3.12/site-packages/airflow/models/dagbag.py", line 383, in parse
    loader.exec_module(new_module)
  File "<frozen importlib._bootstrap_external>", line 999, in exec_module
  File "<frozen importlib._bootstrap>", line 488, in _call_with_frames_removed
  File "/home/ec2-user/environment/lab4_model_training/dags/train_model_dag.py", line 35, in <module>
    train_task = PythonOperator(
                 ^^^^^^^^^^^^^^^
  File "/home/ec2-user/environment/lab4_model_training/venv/lib64/python3.12/site-packages/airflow/models/baseoperator.py", line 490, in apply_defaults
    result = func(self, **kwargs, default_args=default_args)
             ^^^^^^^^^^^^^^^^^^^^^^^^^^^^^^^^^^^^^^^^^^^^^^^
  File "/home/ec2-user/environment/lab4_model_training/venv/lib64/python3.12/site-packages/airflow/operators/python.py", line 224, in __init__
    raise AirflowException("`python_callable` param must be callable")
airflow.exceptions.AirflowException: `python_callable` param must be callable
[2026-03-28T20:47:29.993+0000] {processor.py:927} WARNING - No viable dags retrieved from /home/ec2-user/environment/lab4_model_training/dags/train_model_dag.py
[2026-03-28T20:47:30.006+0000] {processor.py:208} INFO - Processing /home/ec2-user/environment/lab4_model_training/dags/train_model_dag.py took 1.292 seconds
[2026-03-28T20:48:00.118+0000] {processor.py:186} INFO - Started process (PID=18812) to work on /home/ec2-user/environment/lab4_model_training/dags/train_model_dag.py
[2026-03-28T20:48:00.119+0000] {processor.py:914} INFO - Processing file /home/ec2-user/environment/lab4_model_training/dags/train_model_dag.py for tasks to queue
[2026-03-28T20:48:00.121+0000] {logging_mixin.py:190} INFO - [2026-03-28T20:48:00.121+0000] {dagbag.py:588} INFO - Filling up the DagBag from /home/ec2-user/environment/lab4_model_training/dags/train_model_dag.py
[2026-03-28T20:48:01.398+0000] {logging_mixin.py:190} INFO - [ml_pipeline.model] Model accuracy: 1.0000
[2026-03-28T20:48:01.400+0000] {logging_mixin.py:190} INFO - [ml_pipeline.model] Saved model to models/breast_cancer_model.pkl
[2026-03-28T20:48:01.403+0000] {logging_mixin.py:190} INFO - [2026-03-28T20:48:01.401+0000] {dagbag.py:387} ERROR - Failed to import: /home/ec2-user/environment/lab4_model_training/dags/train_model_dag.py
Traceback (most recent call last):
  File "/home/ec2-user/environment/lab4_model_training/venv/lib64/python3.12/site-packages/airflow/models/dagbag.py", line 383, in parse
    loader.exec_module(new_module)
  File "<frozen importlib._bootstrap_external>", line 999, in exec_module
  File "<frozen importlib._bootstrap>", line 488, in _call_with_frames_removed
  File "/home/ec2-user/environment/lab4_model_training/dags/train_model_dag.py", line 35, in <module>
    train_task = PythonOperator(
                 ^^^^^^^^^^^^^^^
  File "/home/ec2-user/environment/lab4_model_training/venv/lib64/python3.12/site-packages/airflow/models/baseoperator.py", line 490, in apply_defaults
    result = func(self, **kwargs, default_args=default_args)
             ^^^^^^^^^^^^^^^^^^^^^^^^^^^^^^^^^^^^^^^^^^^^^^^
  File "/home/ec2-user/environment/lab4_model_training/venv/lib64/python3.12/site-packages/airflow/operators/python.py", line 224, in __init__
    raise AirflowException("`python_callable` param must be callable")
airflow.exceptions.AirflowException: `python_callable` param must be callable
[2026-03-28T20:48:01.404+0000] {processor.py:927} WARNING - No viable dags retrieved from /home/ec2-user/environment/lab4_model_training/dags/train_model_dag.py
[2026-03-28T20:48:01.417+0000] {processor.py:208} INFO - Processing /home/ec2-user/environment/lab4_model_training/dags/train_model_dag.py took 1.304 seconds
[2026-03-28T20:48:31.613+0000] {processor.py:186} INFO - Started process (PID=18833) to work on /home/ec2-user/environment/lab4_model_training/dags/train_model_dag.py
[2026-03-28T20:48:31.614+0000] {processor.py:914} INFO - Processing file /home/ec2-user/environment/lab4_model_training/dags/train_model_dag.py for tasks to queue
[2026-03-28T20:48:31.615+0000] {logging_mixin.py:190} INFO - [2026-03-28T20:48:31.615+0000] {dagbag.py:588} INFO - Filling up the DagBag from /home/ec2-user/environment/lab4_model_training/dags/train_model_dag.py
[2026-03-28T20:48:32.879+0000] {logging_mixin.py:190} INFO - [ml_pipeline.model] Model accuracy: 1.0000
[2026-03-28T20:48:32.882+0000] {logging_mixin.py:190} INFO - [ml_pipeline.model] Saved model to models/breast_cancer_model.pkl
[2026-03-28T20:48:32.885+0000] {logging_mixin.py:190} INFO - [2026-03-28T20:48:32.883+0000] {dagbag.py:387} ERROR - Failed to import: /home/ec2-user/environment/lab4_model_training/dags/train_model_dag.py
Traceback (most recent call last):
  File "/home/ec2-user/environment/lab4_model_training/venv/lib64/python3.12/site-packages/airflow/models/dagbag.py", line 383, in parse
    loader.exec_module(new_module)
  File "<frozen importlib._bootstrap_external>", line 999, in exec_module
  File "<frozen importlib._bootstrap>", line 488, in _call_with_frames_removed
  File "/home/ec2-user/environment/lab4_model_training/dags/train_model_dag.py", line 35, in <module>
    train_task = PythonOperator(
                 ^^^^^^^^^^^^^^^
  File "/home/ec2-user/environment/lab4_model_training/venv/lib64/python3.12/site-packages/airflow/models/baseoperator.py", line 490, in apply_defaults
    result = func(self, **kwargs, default_args=default_args)
             ^^^^^^^^^^^^^^^^^^^^^^^^^^^^^^^^^^^^^^^^^^^^^^^
  File "/home/ec2-user/environment/lab4_model_training/venv/lib64/python3.12/site-packages/airflow/operators/python.py", line 224, in __init__
    raise AirflowException("`python_callable` param must be callable")
airflow.exceptions.AirflowException: `python_callable` param must be callable
[2026-03-28T20:48:32.885+0000] {processor.py:927} WARNING - No viable dags retrieved from /home/ec2-user/environment/lab4_model_training/dags/train_model_dag.py
[2026-03-28T20:48:32.899+0000] {processor.py:208} INFO - Processing /home/ec2-user/environment/lab4_model_training/dags/train_model_dag.py took 1.291 seconds
[2026-03-28T20:49:03.011+0000] {processor.py:186} INFO - Started process (PID=18855) to work on /home/ec2-user/environment/lab4_model_training/dags/train_model_dag.py
[2026-03-28T20:49:03.012+0000] {processor.py:914} INFO - Processing file /home/ec2-user/environment/lab4_model_training/dags/train_model_dag.py for tasks to queue
[2026-03-28T20:49:03.014+0000] {logging_mixin.py:190} INFO - [2026-03-28T20:49:03.014+0000] {dagbag.py:588} INFO - Filling up the DagBag from /home/ec2-user/environment/lab4_model_training/dags/train_model_dag.py
[2026-03-28T20:49:04.271+0000] {logging_mixin.py:190} INFO - [ml_pipeline.model] Model accuracy: 1.0000
[2026-03-28T20:49:04.273+0000] {logging_mixin.py:190} INFO - [ml_pipeline.model] Saved model to models/breast_cancer_model.pkl
[2026-03-28T20:49:04.276+0000] {logging_mixin.py:190} INFO - [2026-03-28T20:49:04.274+0000] {dagbag.py:387} ERROR - Failed to import: /home/ec2-user/environment/lab4_model_training/dags/train_model_dag.py
Traceback (most recent call last):
  File "/home/ec2-user/environment/lab4_model_training/venv/lib64/python3.12/site-packages/airflow/models/dagbag.py", line 383, in parse
    loader.exec_module(new_module)
  File "<frozen importlib._bootstrap_external>", line 999, in exec_module
  File "<frozen importlib._bootstrap>", line 488, in _call_with_frames_removed
  File "/home/ec2-user/environment/lab4_model_training/dags/train_model_dag.py", line 35, in <module>
    train_task = PythonOperator(
                 ^^^^^^^^^^^^^^^
  File "/home/ec2-user/environment/lab4_model_training/venv/lib64/python3.12/site-packages/airflow/models/baseoperator.py", line 490, in apply_defaults
    result = func(self, **kwargs, default_args=default_args)
             ^^^^^^^^^^^^^^^^^^^^^^^^^^^^^^^^^^^^^^^^^^^^^^^
  File "/home/ec2-user/environment/lab4_model_training/venv/lib64/python3.12/site-packages/airflow/operators/python.py", line 224, in __init__
    raise AirflowException("`python_callable` param must be callable")
airflow.exceptions.AirflowException: `python_callable` param must be callable
[2026-03-28T20:49:04.277+0000] {processor.py:927} WARNING - No viable dags retrieved from /home/ec2-user/environment/lab4_model_training/dags/train_model_dag.py
[2026-03-28T20:49:04.290+0000] {processor.py:208} INFO - Processing /home/ec2-user/environment/lab4_model_training/dags/train_model_dag.py took 1.283 seconds
[2026-03-28T20:49:34.353+0000] {processor.py:186} INFO - Started process (PID=18919) to work on /home/ec2-user/environment/lab4_model_training/dags/train_model_dag.py
[2026-03-28T20:49:34.354+0000] {processor.py:914} INFO - Processing file /home/ec2-user/environment/lab4_model_training/dags/train_model_dag.py for tasks to queue
[2026-03-28T20:49:34.355+0000] {logging_mixin.py:190} INFO - [2026-03-28T20:49:34.355+0000] {dagbag.py:588} INFO - Filling up the DagBag from /home/ec2-user/environment/lab4_model_training/dags/train_model_dag.py
[2026-03-28T20:49:35.607+0000] {logging_mixin.py:190} INFO - [ml_pipeline.model] Model accuracy: 1.0000
[2026-03-28T20:49:35.609+0000] {logging_mixin.py:190} INFO - [ml_pipeline.model] Saved model to models/breast_cancer_model.pkl
[2026-03-28T20:49:35.611+0000] {logging_mixin.py:190} INFO - [2026-03-28T20:49:35.609+0000] {dagbag.py:387} ERROR - Failed to import: /home/ec2-user/environment/lab4_model_training/dags/train_model_dag.py
Traceback (most recent call last):
  File "/home/ec2-user/environment/lab4_model_training/venv/lib64/python3.12/site-packages/airflow/models/dagbag.py", line 383, in parse
    loader.exec_module(new_module)
  File "<frozen importlib._bootstrap_external>", line 999, in exec_module
  File "<frozen importlib._bootstrap>", line 488, in _call_with_frames_removed
  File "/home/ec2-user/environment/lab4_model_training/dags/train_model_dag.py", line 35, in <module>
    train_task = PythonOperator(
                 ^^^^^^^^^^^^^^^
  File "/home/ec2-user/environment/lab4_model_training/venv/lib64/python3.12/site-packages/airflow/models/baseoperator.py", line 490, in apply_defaults
    result = func(self, **kwargs, default_args=default_args)
             ^^^^^^^^^^^^^^^^^^^^^^^^^^^^^^^^^^^^^^^^^^^^^^^
  File "/home/ec2-user/environment/lab4_model_training/venv/lib64/python3.12/site-packages/airflow/operators/python.py", line 224, in __init__
    raise AirflowException("`python_callable` param must be callable")
airflow.exceptions.AirflowException: `python_callable` param must be callable
[2026-03-28T20:49:35.612+0000] {processor.py:927} WARNING - No viable dags retrieved from /home/ec2-user/environment/lab4_model_training/dags/train_model_dag.py
[2026-03-28T20:49:35.626+0000] {processor.py:208} INFO - Processing /home/ec2-user/environment/lab4_model_training/dags/train_model_dag.py took 1.278 seconds
[2026-03-28T20:50:06.189+0000] {processor.py:186} INFO - Started process (PID=18941) to work on /home/ec2-user/environment/lab4_model_training/dags/train_model_dag.py
[2026-03-28T20:50:06.189+0000] {processor.py:914} INFO - Processing file /home/ec2-user/environment/lab4_model_training/dags/train_model_dag.py for tasks to queue
[2026-03-28T20:50:06.191+0000] {logging_mixin.py:190} INFO - [2026-03-28T20:50:06.191+0000] {dagbag.py:588} INFO - Filling up the DagBag from /home/ec2-user/environment/lab4_model_training/dags/train_model_dag.py
[2026-03-28T20:50:07.479+0000] {logging_mixin.py:190} INFO - [ml_pipeline.model] Model accuracy: 1.0000
[2026-03-28T20:50:07.480+0000] {logging_mixin.py:190} INFO - [ml_pipeline.model] Saved model to models/breast_cancer_model.pkl
[2026-03-28T20:50:07.483+0000] {logging_mixin.py:190} INFO - [2026-03-28T20:50:07.481+0000] {dagbag.py:387} ERROR - Failed to import: /home/ec2-user/environment/lab4_model_training/dags/train_model_dag.py
Traceback (most recent call last):
  File "/home/ec2-user/environment/lab4_model_training/venv/lib64/python3.12/site-packages/airflow/models/dagbag.py", line 383, in parse
    loader.exec_module(new_module)
  File "<frozen importlib._bootstrap_external>", line 999, in exec_module
  File "<frozen importlib._bootstrap>", line 488, in _call_with_frames_removed
  File "/home/ec2-user/environment/lab4_model_training/dags/train_model_dag.py", line 35, in <module>
    train_task = PythonOperator(
                 ^^^^^^^^^^^^^^^
  File "/home/ec2-user/environment/lab4_model_training/venv/lib64/python3.12/site-packages/airflow/models/baseoperator.py", line 490, in apply_defaults
    result = func(self, **kwargs, default_args=default_args)
             ^^^^^^^^^^^^^^^^^^^^^^^^^^^^^^^^^^^^^^^^^^^^^^^
  File "/home/ec2-user/environment/lab4_model_training/venv/lib64/python3.12/site-packages/airflow/operators/python.py", line 224, in __init__
    raise AirflowException("`python_callable` param must be callable")
airflow.exceptions.AirflowException: `python_callable` param must be callable
[2026-03-28T20:50:07.484+0000] {processor.py:927} WARNING - No viable dags retrieved from /home/ec2-user/environment/lab4_model_training/dags/train_model_dag.py
[2026-03-28T20:50:07.498+0000] {processor.py:208} INFO - Processing /home/ec2-user/environment/lab4_model_training/dags/train_model_dag.py took 1.314 seconds
[2026-03-28T20:50:37.951+0000] {processor.py:186} INFO - Started process (PID=18956) to work on /home/ec2-user/environment/lab4_model_training/dags/train_model_dag.py
[2026-03-28T20:50:37.952+0000] {processor.py:914} INFO - Processing file /home/ec2-user/environment/lab4_model_training/dags/train_model_dag.py for tasks to queue
[2026-03-28T20:50:37.953+0000] {logging_mixin.py:190} INFO - [2026-03-28T20:50:37.953+0000] {dagbag.py:588} INFO - Filling up the DagBag from /home/ec2-user/environment/lab4_model_training/dags/train_model_dag.py
[2026-03-28T20:50:39.211+0000] {logging_mixin.py:190} INFO - [ml_pipeline.model] Model accuracy: 1.0000
[2026-03-28T20:50:39.213+0000] {logging_mixin.py:190} INFO - [ml_pipeline.model] Saved model to models/breast_cancer_model.pkl
[2026-03-28T20:50:39.215+0000] {logging_mixin.py:190} INFO - [2026-03-28T20:50:39.213+0000] {dagbag.py:387} ERROR - Failed to import: /home/ec2-user/environment/lab4_model_training/dags/train_model_dag.py
Traceback (most recent call last):
  File "/home/ec2-user/environment/lab4_model_training/venv/lib64/python3.12/site-packages/airflow/models/dagbag.py", line 383, in parse
    loader.exec_module(new_module)
  File "<frozen importlib._bootstrap_external>", line 999, in exec_module
  File "<frozen importlib._bootstrap>", line 488, in _call_with_frames_removed
  File "/home/ec2-user/environment/lab4_model_training/dags/train_model_dag.py", line 35, in <module>
    train_task = PythonOperator(
                 ^^^^^^^^^^^^^^^
  File "/home/ec2-user/environment/lab4_model_training/venv/lib64/python3.12/site-packages/airflow/models/baseoperator.py", line 490, in apply_defaults
    result = func(self, **kwargs, default_args=default_args)
             ^^^^^^^^^^^^^^^^^^^^^^^^^^^^^^^^^^^^^^^^^^^^^^^
  File "/home/ec2-user/environment/lab4_model_training/venv/lib64/python3.12/site-packages/airflow/operators/python.py", line 224, in __init__
    raise AirflowException("`python_callable` param must be callable")
airflow.exceptions.AirflowException: `python_callable` param must be callable
[2026-03-28T20:50:39.216+0000] {processor.py:927} WARNING - No viable dags retrieved from /home/ec2-user/environment/lab4_model_training/dags/train_model_dag.py
[2026-03-28T20:50:39.230+0000] {processor.py:208} INFO - Processing /home/ec2-user/environment/lab4_model_training/dags/train_model_dag.py took 1.284 seconds
[2026-03-28T20:51:09.618+0000] {processor.py:186} INFO - Started process (PID=18977) to work on /home/ec2-user/environment/lab4_model_training/dags/train_model_dag.py
[2026-03-28T20:51:09.619+0000] {processor.py:914} INFO - Processing file /home/ec2-user/environment/lab4_model_training/dags/train_model_dag.py for tasks to queue
[2026-03-28T20:51:09.620+0000] {logging_mixin.py:190} INFO - [2026-03-28T20:51:09.619+0000] {dagbag.py:588} INFO - Filling up the DagBag from /home/ec2-user/environment/lab4_model_training/dags/train_model_dag.py
[2026-03-28T20:51:10.875+0000] {logging_mixin.py:190} INFO - [ml_pipeline.model] Model accuracy: 1.0000
[2026-03-28T20:51:10.877+0000] {logging_mixin.py:190} INFO - [ml_pipeline.model] Saved model to models/breast_cancer_model.pkl
[2026-03-28T20:51:10.880+0000] {logging_mixin.py:190} INFO - [2026-03-28T20:51:10.878+0000] {dagbag.py:387} ERROR - Failed to import: /home/ec2-user/environment/lab4_model_training/dags/train_model_dag.py
Traceback (most recent call last):
  File "/home/ec2-user/environment/lab4_model_training/venv/lib64/python3.12/site-packages/airflow/models/dagbag.py", line 383, in parse
    loader.exec_module(new_module)
  File "<frozen importlib._bootstrap_external>", line 999, in exec_module
  File "<frozen importlib._bootstrap>", line 488, in _call_with_frames_removed
  File "/home/ec2-user/environment/lab4_model_training/dags/train_model_dag.py", line 35, in <module>
    train_task = PythonOperator(
                 ^^^^^^^^^^^^^^^
  File "/home/ec2-user/environment/lab4_model_training/venv/lib64/python3.12/site-packages/airflow/models/baseoperator.py", line 490, in apply_defaults
    result = func(self, **kwargs, default_args=default_args)
             ^^^^^^^^^^^^^^^^^^^^^^^^^^^^^^^^^^^^^^^^^^^^^^^
  File "/home/ec2-user/environment/lab4_model_training/venv/lib64/python3.12/site-packages/airflow/operators/python.py", line 224, in __init__
    raise AirflowException("`python_callable` param must be callable")
airflow.exceptions.AirflowException: `python_callable` param must be callable
[2026-03-28T20:51:10.880+0000] {processor.py:927} WARNING - No viable dags retrieved from /home/ec2-user/environment/lab4_model_training/dags/train_model_dag.py
[2026-03-28T20:51:10.894+0000] {processor.py:208} INFO - Processing /home/ec2-user/environment/lab4_model_training/dags/train_model_dag.py took 1.282 seconds
[2026-03-28T20:51:41.303+0000] {processor.py:186} INFO - Started process (PID=19037) to work on /home/ec2-user/environment/lab4_model_training/dags/train_model_dag.py
[2026-03-28T20:51:41.304+0000] {processor.py:914} INFO - Processing file /home/ec2-user/environment/lab4_model_training/dags/train_model_dag.py for tasks to queue
[2026-03-28T20:51:41.304+0000] {logging_mixin.py:190} INFO - [2026-03-28T20:51:41.304+0000] {dagbag.py:588} INFO - Filling up the DagBag from /home/ec2-user/environment/lab4_model_training/dags/train_model_dag.py
[2026-03-28T20:51:42.573+0000] {logging_mixin.py:190} INFO - [ml_pipeline.model] Model accuracy: 1.0000
[2026-03-28T20:51:42.575+0000] {logging_mixin.py:190} INFO - [ml_pipeline.model] Saved model to models/breast_cancer_model.pkl
[2026-03-28T20:51:42.578+0000] {logging_mixin.py:190} INFO - [2026-03-28T20:51:42.576+0000] {dagbag.py:387} ERROR - Failed to import: /home/ec2-user/environment/lab4_model_training/dags/train_model_dag.py
Traceback (most recent call last):
  File "/home/ec2-user/environment/lab4_model_training/venv/lib64/python3.12/site-packages/airflow/models/dagbag.py", line 383, in parse
    loader.exec_module(new_module)
  File "<frozen importlib._bootstrap_external>", line 999, in exec_module
  File "<frozen importlib._bootstrap>", line 488, in _call_with_frames_removed
  File "/home/ec2-user/environment/lab4_model_training/dags/train_model_dag.py", line 35, in <module>
    train_task = PythonOperator(
                 ^^^^^^^^^^^^^^^
  File "/home/ec2-user/environment/lab4_model_training/venv/lib64/python3.12/site-packages/airflow/models/baseoperator.py", line 490, in apply_defaults
    result = func(self, **kwargs, default_args=default_args)
             ^^^^^^^^^^^^^^^^^^^^^^^^^^^^^^^^^^^^^^^^^^^^^^^
  File "/home/ec2-user/environment/lab4_model_training/venv/lib64/python3.12/site-packages/airflow/operators/python.py", line 224, in __init__
    raise AirflowException("`python_callable` param must be callable")
airflow.exceptions.AirflowException: `python_callable` param must be callable
[2026-03-28T20:51:42.578+0000] {processor.py:927} WARNING - No viable dags retrieved from /home/ec2-user/environment/lab4_model_training/dags/train_model_dag.py
[2026-03-28T20:51:42.592+0000] {processor.py:208} INFO - Processing /home/ec2-user/environment/lab4_model_training/dags/train_model_dag.py took 1.294 seconds
[2026-03-28T20:52:13.075+0000] {processor.py:186} INFO - Started process (PID=19058) to work on /home/ec2-user/environment/lab4_model_training/dags/train_model_dag.py
[2026-03-28T20:52:13.076+0000] {processor.py:914} INFO - Processing file /home/ec2-user/environment/lab4_model_training/dags/train_model_dag.py for tasks to queue
[2026-03-28T20:52:13.077+0000] {logging_mixin.py:190} INFO - [2026-03-28T20:52:13.077+0000] {dagbag.py:588} INFO - Filling up the DagBag from /home/ec2-user/environment/lab4_model_training/dags/train_model_dag.py
[2026-03-28T20:52:14.346+0000] {logging_mixin.py:190} INFO - [ml_pipeline.model] Model accuracy: 1.0000
[2026-03-28T20:52:14.348+0000] {logging_mixin.py:190} INFO - [ml_pipeline.model] Saved model to models/breast_cancer_model.pkl
[2026-03-28T20:52:14.350+0000] {logging_mixin.py:190} INFO - [2026-03-28T20:52:14.348+0000] {dagbag.py:387} ERROR - Failed to import: /home/ec2-user/environment/lab4_model_training/dags/train_model_dag.py
Traceback (most recent call last):
  File "/home/ec2-user/environment/lab4_model_training/venv/lib64/python3.12/site-packages/airflow/models/dagbag.py", line 383, in parse
    loader.exec_module(new_module)
  File "<frozen importlib._bootstrap_external>", line 999, in exec_module
  File "<frozen importlib._bootstrap>", line 488, in _call_with_frames_removed
  File "/home/ec2-user/environment/lab4_model_training/dags/train_model_dag.py", line 35, in <module>
    train_task = PythonOperator(
                 ^^^^^^^^^^^^^^^
  File "/home/ec2-user/environment/lab4_model_training/venv/lib64/python3.12/site-packages/airflow/models/baseoperator.py", line 490, in apply_defaults
    result = func(self, **kwargs, default_args=default_args)
             ^^^^^^^^^^^^^^^^^^^^^^^^^^^^^^^^^^^^^^^^^^^^^^^
  File "/home/ec2-user/environment/lab4_model_training/venv/lib64/python3.12/site-packages/airflow/operators/python.py", line 224, in __init__
    raise AirflowException("`python_callable` param must be callable")
airflow.exceptions.AirflowException: `python_callable` param must be callable
[2026-03-28T20:52:14.351+0000] {processor.py:927} WARNING - No viable dags retrieved from /home/ec2-user/environment/lab4_model_training/dags/train_model_dag.py
[2026-03-28T20:52:14.365+0000] {processor.py:208} INFO - Processing /home/ec2-user/environment/lab4_model_training/dags/train_model_dag.py took 1.295 seconds
[2026-03-28T20:52:44.856+0000] {processor.py:186} INFO - Started process (PID=19070) to work on /home/ec2-user/environment/lab4_model_training/dags/train_model_dag.py
[2026-03-28T20:52:44.857+0000] {processor.py:914} INFO - Processing file /home/ec2-user/environment/lab4_model_training/dags/train_model_dag.py for tasks to queue
[2026-03-28T20:52:44.858+0000] {logging_mixin.py:190} INFO - [2026-03-28T20:52:44.857+0000] {dagbag.py:588} INFO - Filling up the DagBag from /home/ec2-user/environment/lab4_model_training/dags/train_model_dag.py
[2026-03-28T20:52:46.127+0000] {logging_mixin.py:190} INFO - [ml_pipeline.model] Model accuracy: 1.0000
[2026-03-28T20:52:46.130+0000] {logging_mixin.py:190} INFO - [ml_pipeline.model] Saved model to models/breast_cancer_model.pkl
[2026-03-28T20:52:46.133+0000] {logging_mixin.py:190} INFO - [2026-03-28T20:52:46.131+0000] {dagbag.py:387} ERROR - Failed to import: /home/ec2-user/environment/lab4_model_training/dags/train_model_dag.py
Traceback (most recent call last):
  File "/home/ec2-user/environment/lab4_model_training/venv/lib64/python3.12/site-packages/airflow/models/dagbag.py", line 383, in parse
    loader.exec_module(new_module)
  File "<frozen importlib._bootstrap_external>", line 999, in exec_module
  File "<frozen importlib._bootstrap>", line 488, in _call_with_frames_removed
  File "/home/ec2-user/environment/lab4_model_training/dags/train_model_dag.py", line 35, in <module>
    train_task = PythonOperator(
                 ^^^^^^^^^^^^^^^
  File "/home/ec2-user/environment/lab4_model_training/venv/lib64/python3.12/site-packages/airflow/models/baseoperator.py", line 490, in apply_defaults
    result = func(self, **kwargs, default_args=default_args)
             ^^^^^^^^^^^^^^^^^^^^^^^^^^^^^^^^^^^^^^^^^^^^^^^
  File "/home/ec2-user/environment/lab4_model_training/venv/lib64/python3.12/site-packages/airflow/operators/python.py", line 224, in __init__
    raise AirflowException("`python_callable` param must be callable")
airflow.exceptions.AirflowException: `python_callable` param must be callable
[2026-03-28T20:52:46.133+0000] {processor.py:927} WARNING - No viable dags retrieved from /home/ec2-user/environment/lab4_model_training/dags/train_model_dag.py
[2026-03-28T20:52:46.147+0000] {processor.py:208} INFO - Processing /home/ec2-user/environment/lab4_model_training/dags/train_model_dag.py took 1.297 seconds
[2026-03-28T20:53:16.630+0000] {processor.py:186} INFO - Started process (PID=19092) to work on /home/ec2-user/environment/lab4_model_training/dags/train_model_dag.py
[2026-03-28T20:53:16.631+0000] {processor.py:914} INFO - Processing file /home/ec2-user/environment/lab4_model_training/dags/train_model_dag.py for tasks to queue
[2026-03-28T20:53:16.632+0000] {logging_mixin.py:190} INFO - [2026-03-28T20:53:16.632+0000] {dagbag.py:588} INFO - Filling up the DagBag from /home/ec2-user/environment/lab4_model_training/dags/train_model_dag.py
[2026-03-28T20:53:17.913+0000] {logging_mixin.py:190} INFO - [ml_pipeline.model] Model accuracy: 1.0000
[2026-03-28T20:53:17.915+0000] {logging_mixin.py:190} INFO - [ml_pipeline.model] Saved model to models/breast_cancer_model.pkl
[2026-03-28T20:53:17.918+0000] {logging_mixin.py:190} INFO - [2026-03-28T20:53:17.916+0000] {dagbag.py:387} ERROR - Failed to import: /home/ec2-user/environment/lab4_model_training/dags/train_model_dag.py
Traceback (most recent call last):
  File "/home/ec2-user/environment/lab4_model_training/venv/lib64/python3.12/site-packages/airflow/models/dagbag.py", line 383, in parse
    loader.exec_module(new_module)
  File "<frozen importlib._bootstrap_external>", line 999, in exec_module
  File "<frozen importlib._bootstrap>", line 488, in _call_with_frames_removed
  File "/home/ec2-user/environment/lab4_model_training/dags/train_model_dag.py", line 35, in <module>
    train_task = PythonOperator(
                 ^^^^^^^^^^^^^^^
  File "/home/ec2-user/environment/lab4_model_training/venv/lib64/python3.12/site-packages/airflow/models/baseoperator.py", line 490, in apply_defaults
    result = func(self, **kwargs, default_args=default_args)
             ^^^^^^^^^^^^^^^^^^^^^^^^^^^^^^^^^^^^^^^^^^^^^^^
  File "/home/ec2-user/environment/lab4_model_training/venv/lib64/python3.12/site-packages/airflow/operators/python.py", line 224, in __init__
    raise AirflowException("`python_callable` param must be callable")
airflow.exceptions.AirflowException: `python_callable` param must be callable
[2026-03-28T20:53:17.918+0000] {processor.py:927} WARNING - No viable dags retrieved from /home/ec2-user/environment/lab4_model_training/dags/train_model_dag.py
[2026-03-28T20:53:17.932+0000] {processor.py:208} INFO - Processing /home/ec2-user/environment/lab4_model_training/dags/train_model_dag.py took 1.307 seconds
[2026-03-28T20:53:48.781+0000] {processor.py:186} INFO - Started process (PID=19152) to work on /home/ec2-user/environment/lab4_model_training/dags/train_model_dag.py
[2026-03-28T20:53:48.782+0000] {processor.py:914} INFO - Processing file /home/ec2-user/environment/lab4_model_training/dags/train_model_dag.py for tasks to queue
[2026-03-28T20:53:48.783+0000] {logging_mixin.py:190} INFO - [2026-03-28T20:53:48.783+0000] {dagbag.py:588} INFO - Filling up the DagBag from /home/ec2-user/environment/lab4_model_training/dags/train_model_dag.py
[2026-03-28T20:53:50.050+0000] {logging_mixin.py:190} INFO - [ml_pipeline.model] Model accuracy: 1.0000
[2026-03-28T20:53:50.052+0000] {logging_mixin.py:190} INFO - [ml_pipeline.model] Saved model to models/breast_cancer_model.pkl
[2026-03-28T20:53:50.055+0000] {logging_mixin.py:190} INFO - [2026-03-28T20:53:50.053+0000] {dagbag.py:387} ERROR - Failed to import: /home/ec2-user/environment/lab4_model_training/dags/train_model_dag.py
Traceback (most recent call last):
  File "/home/ec2-user/environment/lab4_model_training/venv/lib64/python3.12/site-packages/airflow/models/dagbag.py", line 383, in parse
    loader.exec_module(new_module)
  File "<frozen importlib._bootstrap_external>", line 999, in exec_module
  File "<frozen importlib._bootstrap>", line 488, in _call_with_frames_removed
  File "/home/ec2-user/environment/lab4_model_training/dags/train_model_dag.py", line 35, in <module>
    train_task = PythonOperator(
                 ^^^^^^^^^^^^^^^
  File "/home/ec2-user/environment/lab4_model_training/venv/lib64/python3.12/site-packages/airflow/models/baseoperator.py", line 490, in apply_defaults
    result = func(self, **kwargs, default_args=default_args)
             ^^^^^^^^^^^^^^^^^^^^^^^^^^^^^^^^^^^^^^^^^^^^^^^
  File "/home/ec2-user/environment/lab4_model_training/venv/lib64/python3.12/site-packages/airflow/operators/python.py", line 224, in __init__
    raise AirflowException("`python_callable` param must be callable")
airflow.exceptions.AirflowException: `python_callable` param must be callable
[2026-03-28T20:53:50.056+0000] {processor.py:927} WARNING - No viable dags retrieved from /home/ec2-user/environment/lab4_model_training/dags/train_model_dag.py
[2026-03-28T20:53:50.069+0000] {processor.py:208} INFO - Processing /home/ec2-user/environment/lab4_model_training/dags/train_model_dag.py took 1.293 seconds
[2026-03-28T20:54:20.647+0000] {processor.py:186} INFO - Started process (PID=19174) to work on /home/ec2-user/environment/lab4_model_training/dags/train_model_dag.py
[2026-03-28T20:54:20.648+0000] {processor.py:914} INFO - Processing file /home/ec2-user/environment/lab4_model_training/dags/train_model_dag.py for tasks to queue
[2026-03-28T20:54:20.649+0000] {logging_mixin.py:190} INFO - [2026-03-28T20:54:20.649+0000] {dagbag.py:588} INFO - Filling up the DagBag from /home/ec2-user/environment/lab4_model_training/dags/train_model_dag.py
[2026-03-28T20:54:21.908+0000] {logging_mixin.py:190} INFO - [ml_pipeline.model] Model accuracy: 1.0000
[2026-03-28T20:54:21.910+0000] {logging_mixin.py:190} INFO - [ml_pipeline.model] Saved model to models/breast_cancer_model.pkl
[2026-03-28T20:54:21.913+0000] {logging_mixin.py:190} INFO - [2026-03-28T20:54:21.911+0000] {dagbag.py:387} ERROR - Failed to import: /home/ec2-user/environment/lab4_model_training/dags/train_model_dag.py
Traceback (most recent call last):
  File "/home/ec2-user/environment/lab4_model_training/venv/lib64/python3.12/site-packages/airflow/models/dagbag.py", line 383, in parse
    loader.exec_module(new_module)
  File "<frozen importlib._bootstrap_external>", line 999, in exec_module
  File "<frozen importlib._bootstrap>", line 488, in _call_with_frames_removed
  File "/home/ec2-user/environment/lab4_model_training/dags/train_model_dag.py", line 35, in <module>
    train_task = PythonOperator(
                 ^^^^^^^^^^^^^^^
  File "/home/ec2-user/environment/lab4_model_training/venv/lib64/python3.12/site-packages/airflow/models/baseoperator.py", line 490, in apply_defaults
    result = func(self, **kwargs, default_args=default_args)
             ^^^^^^^^^^^^^^^^^^^^^^^^^^^^^^^^^^^^^^^^^^^^^^^
  File "/home/ec2-user/environment/lab4_model_training/venv/lib64/python3.12/site-packages/airflow/operators/python.py", line 224, in __init__
    raise AirflowException("`python_callable` param must be callable")
airflow.exceptions.AirflowException: `python_callable` param must be callable
[2026-03-28T20:54:21.914+0000] {processor.py:927} WARNING - No viable dags retrieved from /home/ec2-user/environment/lab4_model_training/dags/train_model_dag.py
[2026-03-28T20:54:21.927+0000] {processor.py:208} INFO - Processing /home/ec2-user/environment/lab4_model_training/dags/train_model_dag.py took 1.286 seconds
[2026-03-28T20:54:52.322+0000] {processor.py:186} INFO - Started process (PID=19189) to work on /home/ec2-user/environment/lab4_model_training/dags/train_model_dag.py
[2026-03-28T20:54:52.323+0000] {processor.py:914} INFO - Processing file /home/ec2-user/environment/lab4_model_training/dags/train_model_dag.py for tasks to queue
[2026-03-28T20:54:52.325+0000] {logging_mixin.py:190} INFO - [2026-03-28T20:54:52.324+0000] {dagbag.py:588} INFO - Filling up the DagBag from /home/ec2-user/environment/lab4_model_training/dags/train_model_dag.py
[2026-03-28T20:54:53.616+0000] {logging_mixin.py:190} INFO - [ml_pipeline.model] Model accuracy: 1.0000
[2026-03-28T20:54:53.618+0000] {logging_mixin.py:190} INFO - [ml_pipeline.model] Saved model to models/breast_cancer_model.pkl
[2026-03-28T20:54:53.620+0000] {logging_mixin.py:190} INFO - [2026-03-28T20:54:53.618+0000] {dagbag.py:387} ERROR - Failed to import: /home/ec2-user/environment/lab4_model_training/dags/train_model_dag.py
Traceback (most recent call last):
  File "/home/ec2-user/environment/lab4_model_training/venv/lib64/python3.12/site-packages/airflow/models/dagbag.py", line 383, in parse
    loader.exec_module(new_module)
  File "<frozen importlib._bootstrap_external>", line 999, in exec_module
  File "<frozen importlib._bootstrap>", line 488, in _call_with_frames_removed
  File "/home/ec2-user/environment/lab4_model_training/dags/train_model_dag.py", line 35, in <module>
    train_task = PythonOperator(
                 ^^^^^^^^^^^^^^^
  File "/home/ec2-user/environment/lab4_model_training/venv/lib64/python3.12/site-packages/airflow/models/baseoperator.py", line 490, in apply_defaults
    result = func(self, **kwargs, default_args=default_args)
             ^^^^^^^^^^^^^^^^^^^^^^^^^^^^^^^^^^^^^^^^^^^^^^^
  File "/home/ec2-user/environment/lab4_model_training/venv/lib64/python3.12/site-packages/airflow/operators/python.py", line 224, in __init__
    raise AirflowException("`python_callable` param must be callable")
airflow.exceptions.AirflowException: `python_callable` param must be callable
[2026-03-28T20:54:53.621+0000] {processor.py:927} WARNING - No viable dags retrieved from /home/ec2-user/environment/lab4_model_training/dags/train_model_dag.py
[2026-03-28T20:54:53.635+0000] {processor.py:208} INFO - Processing /home/ec2-user/environment/lab4_model_training/dags/train_model_dag.py took 1.318 seconds
[2026-03-28T20:55:24.183+0000] {processor.py:186} INFO - Started process (PID=19211) to work on /home/ec2-user/environment/lab4_model_training/dags/train_model_dag.py
[2026-03-28T20:55:24.184+0000] {processor.py:914} INFO - Processing file /home/ec2-user/environment/lab4_model_training/dags/train_model_dag.py for tasks to queue
[2026-03-28T20:55:24.185+0000] {logging_mixin.py:190} INFO - [2026-03-28T20:55:24.185+0000] {dagbag.py:588} INFO - Filling up the DagBag from /home/ec2-user/environment/lab4_model_training/dags/train_model_dag.py
[2026-03-28T20:55:25.457+0000] {logging_mixin.py:190} INFO - [ml_pipeline.model] Model accuracy: 1.0000
[2026-03-28T20:55:25.459+0000] {logging_mixin.py:190} INFO - [ml_pipeline.model] Saved model to models/breast_cancer_model.pkl
[2026-03-28T20:55:25.461+0000] {logging_mixin.py:190} INFO - [2026-03-28T20:55:25.459+0000] {dagbag.py:387} ERROR - Failed to import: /home/ec2-user/environment/lab4_model_training/dags/train_model_dag.py
Traceback (most recent call last):
  File "/home/ec2-user/environment/lab4_model_training/venv/lib64/python3.12/site-packages/airflow/models/dagbag.py", line 383, in parse
    loader.exec_module(new_module)
  File "<frozen importlib._bootstrap_external>", line 999, in exec_module
  File "<frozen importlib._bootstrap>", line 488, in _call_with_frames_removed
  File "/home/ec2-user/environment/lab4_model_training/dags/train_model_dag.py", line 35, in <module>
    train_task = PythonOperator(
                 ^^^^^^^^^^^^^^^
  File "/home/ec2-user/environment/lab4_model_training/venv/lib64/python3.12/site-packages/airflow/models/baseoperator.py", line 490, in apply_defaults
    result = func(self, **kwargs, default_args=default_args)
             ^^^^^^^^^^^^^^^^^^^^^^^^^^^^^^^^^^^^^^^^^^^^^^^
  File "/home/ec2-user/environment/lab4_model_training/venv/lib64/python3.12/site-packages/airflow/operators/python.py", line 224, in __init__
    raise AirflowException("`python_callable` param must be callable")
airflow.exceptions.AirflowException: `python_callable` param must be callable
[2026-03-28T20:55:25.462+0000] {processor.py:927} WARNING - No viable dags retrieved from /home/ec2-user/environment/lab4_model_training/dags/train_model_dag.py
[2026-03-28T20:55:25.476+0000] {processor.py:208} INFO - Processing /home/ec2-user/environment/lab4_model_training/dags/train_model_dag.py took 1.298 seconds
[2026-03-28T20:55:56.040+0000] {processor.py:186} INFO - Started process (PID=19272) to work on /home/ec2-user/environment/lab4_model_training/dags/train_model_dag.py
[2026-03-28T20:55:56.041+0000] {processor.py:914} INFO - Processing file /home/ec2-user/environment/lab4_model_training/dags/train_model_dag.py for tasks to queue
[2026-03-28T20:55:56.042+0000] {logging_mixin.py:190} INFO - [2026-03-28T20:55:56.041+0000] {dagbag.py:588} INFO - Filling up the DagBag from /home/ec2-user/environment/lab4_model_training/dags/train_model_dag.py
[2026-03-28T20:55:57.302+0000] {logging_mixin.py:190} INFO - [ml_pipeline.model] Model accuracy: 1.0000
[2026-03-28T20:55:57.304+0000] {logging_mixin.py:190} INFO - [ml_pipeline.model] Saved model to models/breast_cancer_model.pkl
[2026-03-28T20:55:57.307+0000] {logging_mixin.py:190} INFO - [2026-03-28T20:55:57.305+0000] {dagbag.py:387} ERROR - Failed to import: /home/ec2-user/environment/lab4_model_training/dags/train_model_dag.py
Traceback (most recent call last):
  File "/home/ec2-user/environment/lab4_model_training/venv/lib64/python3.12/site-packages/airflow/models/dagbag.py", line 383, in parse
    loader.exec_module(new_module)
  File "<frozen importlib._bootstrap_external>", line 999, in exec_module
  File "<frozen importlib._bootstrap>", line 488, in _call_with_frames_removed
  File "/home/ec2-user/environment/lab4_model_training/dags/train_model_dag.py", line 35, in <module>
    train_task = PythonOperator(
                 ^^^^^^^^^^^^^^^
  File "/home/ec2-user/environment/lab4_model_training/venv/lib64/python3.12/site-packages/airflow/models/baseoperator.py", line 490, in apply_defaults
    result = func(self, **kwargs, default_args=default_args)
             ^^^^^^^^^^^^^^^^^^^^^^^^^^^^^^^^^^^^^^^^^^^^^^^
  File "/home/ec2-user/environment/lab4_model_training/venv/lib64/python3.12/site-packages/airflow/operators/python.py", line 224, in __init__
    raise AirflowException("`python_callable` param must be callable")
airflow.exceptions.AirflowException: `python_callable` param must be callable
[2026-03-28T20:55:57.307+0000] {processor.py:927} WARNING - No viable dags retrieved from /home/ec2-user/environment/lab4_model_training/dags/train_model_dag.py
[2026-03-28T20:55:57.321+0000] {processor.py:208} INFO - Processing /home/ec2-user/environment/lab4_model_training/dags/train_model_dag.py took 1.285 seconds
[2026-03-28T20:56:27.697+0000] {processor.py:186} INFO - Started process (PID=19293) to work on /home/ec2-user/environment/lab4_model_training/dags/train_model_dag.py
[2026-03-28T20:56:27.698+0000] {processor.py:914} INFO - Processing file /home/ec2-user/environment/lab4_model_training/dags/train_model_dag.py for tasks to queue
[2026-03-28T20:56:27.700+0000] {logging_mixin.py:190} INFO - [2026-03-28T20:56:27.699+0000] {dagbag.py:588} INFO - Filling up the DagBag from /home/ec2-user/environment/lab4_model_training/dags/train_model_dag.py
[2026-03-28T20:56:28.956+0000] {logging_mixin.py:190} INFO - [ml_pipeline.model] Model accuracy: 1.0000
[2026-03-28T20:56:28.958+0000] {logging_mixin.py:190} INFO - [ml_pipeline.model] Saved model to models/breast_cancer_model.pkl
[2026-03-28T20:56:28.960+0000] {logging_mixin.py:190} INFO - [2026-03-28T20:56:28.958+0000] {dagbag.py:387} ERROR - Failed to import: /home/ec2-user/environment/lab4_model_training/dags/train_model_dag.py
Traceback (most recent call last):
  File "/home/ec2-user/environment/lab4_model_training/venv/lib64/python3.12/site-packages/airflow/models/dagbag.py", line 383, in parse
    loader.exec_module(new_module)
  File "<frozen importlib._bootstrap_external>", line 999, in exec_module
  File "<frozen importlib._bootstrap>", line 488, in _call_with_frames_removed
  File "/home/ec2-user/environment/lab4_model_training/dags/train_model_dag.py", line 35, in <module>
    train_task = PythonOperator(
                 ^^^^^^^^^^^^^^^
  File "/home/ec2-user/environment/lab4_model_training/venv/lib64/python3.12/site-packages/airflow/models/baseoperator.py", line 490, in apply_defaults
    result = func(self, **kwargs, default_args=default_args)
             ^^^^^^^^^^^^^^^^^^^^^^^^^^^^^^^^^^^^^^^^^^^^^^^
  File "/home/ec2-user/environment/lab4_model_training/venv/lib64/python3.12/site-packages/airflow/operators/python.py", line 224, in __init__
    raise AirflowException("`python_callable` param must be callable")
airflow.exceptions.AirflowException: `python_callable` param must be callable
[2026-03-28T20:56:28.961+0000] {processor.py:927} WARNING - No viable dags retrieved from /home/ec2-user/environment/lab4_model_training/dags/train_model_dag.py
[2026-03-28T20:56:28.975+0000] {processor.py:208} INFO - Processing /home/ec2-user/environment/lab4_model_training/dags/train_model_dag.py took 1.282 seconds
[2026-03-28T20:56:59.357+0000] {processor.py:186} INFO - Started process (PID=19305) to work on /home/ec2-user/environment/lab4_model_training/dags/train_model_dag.py
[2026-03-28T20:56:59.359+0000] {processor.py:914} INFO - Processing file /home/ec2-user/environment/lab4_model_training/dags/train_model_dag.py for tasks to queue
[2026-03-28T20:56:59.360+0000] {logging_mixin.py:190} INFO - [2026-03-28T20:56:59.360+0000] {dagbag.py:588} INFO - Filling up the DagBag from /home/ec2-user/environment/lab4_model_training/dags/train_model_dag.py
[2026-03-28T20:57:00.603+0000] {logging_mixin.py:190} INFO - [ml_pipeline.model] Model accuracy: 1.0000
[2026-03-28T20:57:00.606+0000] {logging_mixin.py:190} INFO - [ml_pipeline.model] Saved model to models/breast_cancer_model.pkl
[2026-03-28T20:57:00.609+0000] {logging_mixin.py:190} INFO - [2026-03-28T20:57:00.607+0000] {dagbag.py:387} ERROR - Failed to import: /home/ec2-user/environment/lab4_model_training/dags/train_model_dag.py
Traceback (most recent call last):
  File "/home/ec2-user/environment/lab4_model_training/venv/lib64/python3.12/site-packages/airflow/models/dagbag.py", line 383, in parse
    loader.exec_module(new_module)
  File "<frozen importlib._bootstrap_external>", line 999, in exec_module
  File "<frozen importlib._bootstrap>", line 488, in _call_with_frames_removed
  File "/home/ec2-user/environment/lab4_model_training/dags/train_model_dag.py", line 35, in <module>
    train_task = PythonOperator(
                 ^^^^^^^^^^^^^^^
  File "/home/ec2-user/environment/lab4_model_training/venv/lib64/python3.12/site-packages/airflow/models/baseoperator.py", line 490, in apply_defaults
    result = func(self, **kwargs, default_args=default_args)
             ^^^^^^^^^^^^^^^^^^^^^^^^^^^^^^^^^^^^^^^^^^^^^^^
  File "/home/ec2-user/environment/lab4_model_training/venv/lib64/python3.12/site-packages/airflow/operators/python.py", line 224, in __init__
    raise AirflowException("`python_callable` param must be callable")
airflow.exceptions.AirflowException: `python_callable` param must be callable
[2026-03-28T20:57:00.609+0000] {processor.py:927} WARNING - No viable dags retrieved from /home/ec2-user/environment/lab4_model_training/dags/train_model_dag.py
[2026-03-28T20:57:00.623+0000] {processor.py:208} INFO - Processing /home/ec2-user/environment/lab4_model_training/dags/train_model_dag.py took 1.270 seconds
[2026-03-28T20:57:31.014+0000] {processor.py:186} INFO - Started process (PID=19326) to work on /home/ec2-user/environment/lab4_model_training/dags/train_model_dag.py
[2026-03-28T20:57:31.016+0000] {processor.py:914} INFO - Processing file /home/ec2-user/environment/lab4_model_training/dags/train_model_dag.py for tasks to queue
[2026-03-28T20:57:31.016+0000] {logging_mixin.py:190} INFO - [2026-03-28T20:57:31.016+0000] {dagbag.py:588} INFO - Filling up the DagBag from /home/ec2-user/environment/lab4_model_training/dags/train_model_dag.py
[2026-03-28T20:57:32.269+0000] {logging_mixin.py:190} INFO - [ml_pipeline.model] Model accuracy: 1.0000
[2026-03-28T20:57:32.271+0000] {logging_mixin.py:190} INFO - [ml_pipeline.model] Saved model to models/breast_cancer_model.pkl
[2026-03-28T20:57:32.274+0000] {logging_mixin.py:190} INFO - [2026-03-28T20:57:32.272+0000] {dagbag.py:387} ERROR - Failed to import: /home/ec2-user/environment/lab4_model_training/dags/train_model_dag.py
Traceback (most recent call last):
  File "/home/ec2-user/environment/lab4_model_training/venv/lib64/python3.12/site-packages/airflow/models/dagbag.py", line 383, in parse
    loader.exec_module(new_module)
  File "<frozen importlib._bootstrap_external>", line 999, in exec_module
  File "<frozen importlib._bootstrap>", line 488, in _call_with_frames_removed
  File "/home/ec2-user/environment/lab4_model_training/dags/train_model_dag.py", line 35, in <module>
    train_task = PythonOperator(
                 ^^^^^^^^^^^^^^^
  File "/home/ec2-user/environment/lab4_model_training/venv/lib64/python3.12/site-packages/airflow/models/baseoperator.py", line 490, in apply_defaults
    result = func(self, **kwargs, default_args=default_args)
             ^^^^^^^^^^^^^^^^^^^^^^^^^^^^^^^^^^^^^^^^^^^^^^^
  File "/home/ec2-user/environment/lab4_model_training/venv/lib64/python3.12/site-packages/airflow/operators/python.py", line 224, in __init__
    raise AirflowException("`python_callable` param must be callable")
airflow.exceptions.AirflowException: `python_callable` param must be callable
[2026-03-28T20:57:32.275+0000] {processor.py:927} WARNING - No viable dags retrieved from /home/ec2-user/environment/lab4_model_training/dags/train_model_dag.py
[2026-03-28T20:57:32.288+0000] {processor.py:208} INFO - Processing /home/ec2-user/environment/lab4_model_training/dags/train_model_dag.py took 1.279 seconds
[2026-03-28T20:58:02.332+0000] {processor.py:186} INFO - Started process (PID=19396) to work on /home/ec2-user/environment/lab4_model_training/dags/train_model_dag.py
[2026-03-28T20:58:02.332+0000] {processor.py:914} INFO - Processing file /home/ec2-user/environment/lab4_model_training/dags/train_model_dag.py for tasks to queue
[2026-03-28T20:58:02.333+0000] {logging_mixin.py:190} INFO - [2026-03-28T20:58:02.333+0000] {dagbag.py:588} INFO - Filling up the DagBag from /home/ec2-user/environment/lab4_model_training/dags/train_model_dag.py
[2026-03-28T20:58:03.593+0000] {logging_mixin.py:190} INFO - [ml_pipeline.model] Model accuracy: 1.0000
[2026-03-28T20:58:03.595+0000] {logging_mixin.py:190} INFO - [ml_pipeline.model] Saved model to models/breast_cancer_model.pkl
[2026-03-28T20:58:03.598+0000] {logging_mixin.py:190} INFO - [2026-03-28T20:58:03.596+0000] {dagbag.py:387} ERROR - Failed to import: /home/ec2-user/environment/lab4_model_training/dags/train_model_dag.py
Traceback (most recent call last):
  File "/home/ec2-user/environment/lab4_model_training/venv/lib64/python3.12/site-packages/airflow/models/dagbag.py", line 383, in parse
    loader.exec_module(new_module)
  File "<frozen importlib._bootstrap_external>", line 999, in exec_module
  File "<frozen importlib._bootstrap>", line 488, in _call_with_frames_removed
  File "/home/ec2-user/environment/lab4_model_training/dags/train_model_dag.py", line 35, in <module>
    train_task = PythonOperator(
                 ^^^^^^^^^^^^^^^
  File "/home/ec2-user/environment/lab4_model_training/venv/lib64/python3.12/site-packages/airflow/models/baseoperator.py", line 490, in apply_defaults
    result = func(self, **kwargs, default_args=default_args)
             ^^^^^^^^^^^^^^^^^^^^^^^^^^^^^^^^^^^^^^^^^^^^^^^
  File "/home/ec2-user/environment/lab4_model_training/venv/lib64/python3.12/site-packages/airflow/operators/python.py", line 224, in __init__
    raise AirflowException("`python_callable` param must be callable")
airflow.exceptions.AirflowException: `python_callable` param must be callable
[2026-03-28T20:58:03.599+0000] {processor.py:927} WARNING - No viable dags retrieved from /home/ec2-user/environment/lab4_model_training/dags/train_model_dag.py
[2026-03-28T20:58:03.612+0000] {processor.py:208} INFO - Processing /home/ec2-user/environment/lab4_model_training/dags/train_model_dag.py took 1.285 seconds
[2026-03-28T20:58:33.988+0000] {processor.py:186} INFO - Started process (PID=19409) to work on /home/ec2-user/environment/lab4_model_training/dags/train_model_dag.py
[2026-03-28T20:58:33.990+0000] {processor.py:914} INFO - Processing file /home/ec2-user/environment/lab4_model_training/dags/train_model_dag.py for tasks to queue
[2026-03-28T20:58:33.991+0000] {logging_mixin.py:190} INFO - [2026-03-28T20:58:33.991+0000] {dagbag.py:588} INFO - Filling up the DagBag from /home/ec2-user/environment/lab4_model_training/dags/train_model_dag.py
[2026-03-28T20:58:35.240+0000] {logging_mixin.py:190} INFO - [ml_pipeline.model] Model accuracy: 1.0000
[2026-03-28T20:58:35.242+0000] {logging_mixin.py:190} INFO - [ml_pipeline.model] Saved model to models/breast_cancer_model.pkl
[2026-03-28T20:58:35.244+0000] {logging_mixin.py:190} INFO - [2026-03-28T20:58:35.242+0000] {dagbag.py:387} ERROR - Failed to import: /home/ec2-user/environment/lab4_model_training/dags/train_model_dag.py
Traceback (most recent call last):
  File "/home/ec2-user/environment/lab4_model_training/venv/lib64/python3.12/site-packages/airflow/models/dagbag.py", line 383, in parse
    loader.exec_module(new_module)
  File "<frozen importlib._bootstrap_external>", line 999, in exec_module
  File "<frozen importlib._bootstrap>", line 488, in _call_with_frames_removed
  File "/home/ec2-user/environment/lab4_model_training/dags/train_model_dag.py", line 35, in <module>
    train_task = PythonOperator(
                 ^^^^^^^^^^^^^^^
  File "/home/ec2-user/environment/lab4_model_training/venv/lib64/python3.12/site-packages/airflow/models/baseoperator.py", line 490, in apply_defaults
    result = func(self, **kwargs, default_args=default_args)
             ^^^^^^^^^^^^^^^^^^^^^^^^^^^^^^^^^^^^^^^^^^^^^^^
  File "/home/ec2-user/environment/lab4_model_training/venv/lib64/python3.12/site-packages/airflow/operators/python.py", line 224, in __init__
    raise AirflowException("`python_callable` param must be callable")
airflow.exceptions.AirflowException: `python_callable` param must be callable
[2026-03-28T20:58:35.245+0000] {processor.py:927} WARNING - No viable dags retrieved from /home/ec2-user/environment/lab4_model_training/dags/train_model_dag.py
[2026-03-28T20:58:35.259+0000] {processor.py:208} INFO - Processing /home/ec2-user/environment/lab4_model_training/dags/train_model_dag.py took 1.275 seconds
[2026-03-28T20:59:05.731+0000] {processor.py:186} INFO - Started process (PID=19431) to work on /home/ec2-user/environment/lab4_model_training/dags/train_model_dag.py
[2026-03-28T20:59:05.732+0000] {processor.py:914} INFO - Processing file /home/ec2-user/environment/lab4_model_training/dags/train_model_dag.py for tasks to queue
[2026-03-28T20:59:05.733+0000] {logging_mixin.py:190} INFO - [2026-03-28T20:59:05.733+0000] {dagbag.py:588} INFO - Filling up the DagBag from /home/ec2-user/environment/lab4_model_training/dags/train_model_dag.py
[2026-03-28T20:59:06.980+0000] {logging_mixin.py:190} INFO - [ml_pipeline.model] Model accuracy: 1.0000
[2026-03-28T20:59:06.981+0000] {logging_mixin.py:190} INFO - [ml_pipeline.model] Saved model to models/breast_cancer_model.pkl
[2026-03-28T20:59:06.984+0000] {logging_mixin.py:190} INFO - [2026-03-28T20:59:06.982+0000] {dagbag.py:387} ERROR - Failed to import: /home/ec2-user/environment/lab4_model_training/dags/train_model_dag.py
Traceback (most recent call last):
  File "/home/ec2-user/environment/lab4_model_training/venv/lib64/python3.12/site-packages/airflow/models/dagbag.py", line 383, in parse
    loader.exec_module(new_module)
  File "<frozen importlib._bootstrap_external>", line 999, in exec_module
  File "<frozen importlib._bootstrap>", line 488, in _call_with_frames_removed
  File "/home/ec2-user/environment/lab4_model_training/dags/train_model_dag.py", line 35, in <module>
    train_task = PythonOperator(
                 ^^^^^^^^^^^^^^^
  File "/home/ec2-user/environment/lab4_model_training/venv/lib64/python3.12/site-packages/airflow/models/baseoperator.py", line 490, in apply_defaults
    result = func(self, **kwargs, default_args=default_args)
             ^^^^^^^^^^^^^^^^^^^^^^^^^^^^^^^^^^^^^^^^^^^^^^^
  File "/home/ec2-user/environment/lab4_model_training/venv/lib64/python3.12/site-packages/airflow/operators/python.py", line 224, in __init__
    raise AirflowException("`python_callable` param must be callable")
airflow.exceptions.AirflowException: `python_callable` param must be callable
[2026-03-28T20:59:06.985+0000] {processor.py:927} WARNING - No viable dags retrieved from /home/ec2-user/environment/lab4_model_training/dags/train_model_dag.py
[2026-03-28T20:59:06.999+0000] {processor.py:208} INFO - Processing /home/ec2-user/environment/lab4_model_training/dags/train_model_dag.py took 1.273 seconds
[2026-03-28T20:59:37.841+0000] {processor.py:186} INFO - Started process (PID=19491) to work on /home/ec2-user/environment/lab4_model_training/dags/train_model_dag.py
[2026-03-28T20:59:37.842+0000] {processor.py:914} INFO - Processing file /home/ec2-user/environment/lab4_model_training/dags/train_model_dag.py for tasks to queue
[2026-03-28T20:59:37.843+0000] {logging_mixin.py:190} INFO - [2026-03-28T20:59:37.843+0000] {dagbag.py:588} INFO - Filling up the DagBag from /home/ec2-user/environment/lab4_model_training/dags/train_model_dag.py
[2026-03-28T20:59:39.098+0000] {logging_mixin.py:190} INFO - [ml_pipeline.model] Model accuracy: 1.0000
[2026-03-28T20:59:39.099+0000] {logging_mixin.py:190} INFO - [ml_pipeline.model] Saved model to models/breast_cancer_model.pkl
[2026-03-28T20:59:39.102+0000] {logging_mixin.py:190} INFO - [2026-03-28T20:59:39.100+0000] {dagbag.py:387} ERROR - Failed to import: /home/ec2-user/environment/lab4_model_training/dags/train_model_dag.py
Traceback (most recent call last):
  File "/home/ec2-user/environment/lab4_model_training/venv/lib64/python3.12/site-packages/airflow/models/dagbag.py", line 383, in parse
    loader.exec_module(new_module)
  File "<frozen importlib._bootstrap_external>", line 999, in exec_module
  File "<frozen importlib._bootstrap>", line 488, in _call_with_frames_removed
  File "/home/ec2-user/environment/lab4_model_training/dags/train_model_dag.py", line 35, in <module>
    train_task = PythonOperator(
                 ^^^^^^^^^^^^^^^
  File "/home/ec2-user/environment/lab4_model_training/venv/lib64/python3.12/site-packages/airflow/models/baseoperator.py", line 490, in apply_defaults
    result = func(self, **kwargs, default_args=default_args)
             ^^^^^^^^^^^^^^^^^^^^^^^^^^^^^^^^^^^^^^^^^^^^^^^
  File "/home/ec2-user/environment/lab4_model_training/venv/lib64/python3.12/site-packages/airflow/operators/python.py", line 224, in __init__
    raise AirflowException("`python_callable` param must be callable")
airflow.exceptions.AirflowException: `python_callable` param must be callable
[2026-03-28T20:59:39.103+0000] {processor.py:927} WARNING - No viable dags retrieved from /home/ec2-user/environment/lab4_model_training/dags/train_model_dag.py
[2026-03-28T20:59:39.117+0000] {processor.py:208} INFO - Processing /home/ec2-user/environment/lab4_model_training/dags/train_model_dag.py took 1.280 seconds
[2026-03-28T21:00:09.578+0000] {processor.py:186} INFO - Started process (PID=19516) to work on /home/ec2-user/environment/lab4_model_training/dags/train_model_dag.py
[2026-03-28T21:00:09.579+0000] {processor.py:914} INFO - Processing file /home/ec2-user/environment/lab4_model_training/dags/train_model_dag.py for tasks to queue
[2026-03-28T21:00:09.581+0000] {logging_mixin.py:190} INFO - [2026-03-28T21:00:09.581+0000] {dagbag.py:588} INFO - Filling up the DagBag from /home/ec2-user/environment/lab4_model_training/dags/train_model_dag.py
[2026-03-28T21:00:10.827+0000] {logging_mixin.py:190} INFO - [ml_pipeline.model] Model accuracy: 1.0000
[2026-03-28T21:00:10.828+0000] {logging_mixin.py:190} INFO - [ml_pipeline.model] Saved model to models/breast_cancer_model.pkl
[2026-03-28T21:00:10.831+0000] {logging_mixin.py:190} INFO - [2026-03-28T21:00:10.829+0000] {dagbag.py:387} ERROR - Failed to import: /home/ec2-user/environment/lab4_model_training/dags/train_model_dag.py
Traceback (most recent call last):
  File "/home/ec2-user/environment/lab4_model_training/venv/lib64/python3.12/site-packages/airflow/models/dagbag.py", line 383, in parse
    loader.exec_module(new_module)
  File "<frozen importlib._bootstrap_external>", line 999, in exec_module
  File "<frozen importlib._bootstrap>", line 488, in _call_with_frames_removed
  File "/home/ec2-user/environment/lab4_model_training/dags/train_model_dag.py", line 35, in <module>
    train_task = PythonOperator(
                 ^^^^^^^^^^^^^^^
  File "/home/ec2-user/environment/lab4_model_training/venv/lib64/python3.12/site-packages/airflow/models/baseoperator.py", line 490, in apply_defaults
    result = func(self, **kwargs, default_args=default_args)
             ^^^^^^^^^^^^^^^^^^^^^^^^^^^^^^^^^^^^^^^^^^^^^^^
  File "/home/ec2-user/environment/lab4_model_training/venv/lib64/python3.12/site-packages/airflow/operators/python.py", line 224, in __init__
    raise AirflowException("`python_callable` param must be callable")
airflow.exceptions.AirflowException: `python_callable` param must be callable
[2026-03-28T21:00:10.832+0000] {processor.py:927} WARNING - No viable dags retrieved from /home/ec2-user/environment/lab4_model_training/dags/train_model_dag.py
[2026-03-28T21:00:10.846+0000] {processor.py:208} INFO - Processing /home/ec2-user/environment/lab4_model_training/dags/train_model_dag.py took 1.272 seconds
[2026-03-28T21:00:41.240+0000] {processor.py:186} INFO - Started process (PID=19529) to work on /home/ec2-user/environment/lab4_model_training/dags/train_model_dag.py
[2026-03-28T21:00:41.242+0000] {processor.py:914} INFO - Processing file /home/ec2-user/environment/lab4_model_training/dags/train_model_dag.py for tasks to queue
[2026-03-28T21:00:41.242+0000] {logging_mixin.py:190} INFO - [2026-03-28T21:00:41.242+0000] {dagbag.py:588} INFO - Filling up the DagBag from /home/ec2-user/environment/lab4_model_training/dags/train_model_dag.py
[2026-03-28T21:00:42.500+0000] {logging_mixin.py:190} INFO - [ml_pipeline.model] Model accuracy: 1.0000
[2026-03-28T21:00:42.501+0000] {logging_mixin.py:190} INFO - [ml_pipeline.model] Saved model to models/breast_cancer_model.pkl
[2026-03-28T21:00:42.504+0000] {logging_mixin.py:190} INFO - [2026-03-28T21:00:42.502+0000] {dagbag.py:387} ERROR - Failed to import: /home/ec2-user/environment/lab4_model_training/dags/train_model_dag.py
Traceback (most recent call last):
  File "/home/ec2-user/environment/lab4_model_training/venv/lib64/python3.12/site-packages/airflow/models/dagbag.py", line 383, in parse
    loader.exec_module(new_module)
  File "<frozen importlib._bootstrap_external>", line 999, in exec_module
  File "<frozen importlib._bootstrap>", line 488, in _call_with_frames_removed
  File "/home/ec2-user/environment/lab4_model_training/dags/train_model_dag.py", line 35, in <module>
    train_task = PythonOperator(
                 ^^^^^^^^^^^^^^^
  File "/home/ec2-user/environment/lab4_model_training/venv/lib64/python3.12/site-packages/airflow/models/baseoperator.py", line 490, in apply_defaults
    result = func(self, **kwargs, default_args=default_args)
             ^^^^^^^^^^^^^^^^^^^^^^^^^^^^^^^^^^^^^^^^^^^^^^^
  File "/home/ec2-user/environment/lab4_model_training/venv/lib64/python3.12/site-packages/airflow/operators/python.py", line 224, in __init__
    raise AirflowException("`python_callable` param must be callable")
airflow.exceptions.AirflowException: `python_callable` param must be callable
[2026-03-28T21:00:42.505+0000] {processor.py:927} WARNING - No viable dags retrieved from /home/ec2-user/environment/lab4_model_training/dags/train_model_dag.py
[2026-03-28T21:00:42.519+0000] {processor.py:208} INFO - Processing /home/ec2-user/environment/lab4_model_training/dags/train_model_dag.py took 1.284 seconds
[2026-03-28T21:01:12.905+0000] {processor.py:186} INFO - Started process (PID=19561) to work on /home/ec2-user/environment/lab4_model_training/dags/train_model_dag.py
[2026-03-28T21:01:12.906+0000] {processor.py:914} INFO - Processing file /home/ec2-user/environment/lab4_model_training/dags/train_model_dag.py for tasks to queue
[2026-03-28T21:01:12.907+0000] {logging_mixin.py:190} INFO - [2026-03-28T21:01:12.907+0000] {dagbag.py:588} INFO - Filling up the DagBag from /home/ec2-user/environment/lab4_model_training/dags/train_model_dag.py
[2026-03-28T21:01:14.151+0000] {logging_mixin.py:190} INFO - [ml_pipeline.model] Model accuracy: 1.0000
[2026-03-28T21:01:14.153+0000] {logging_mixin.py:190} INFO - [ml_pipeline.model] Saved model to models/breast_cancer_model.pkl
[2026-03-28T21:01:14.156+0000] {logging_mixin.py:190} INFO - [2026-03-28T21:01:14.154+0000] {dagbag.py:387} ERROR - Failed to import: /home/ec2-user/environment/lab4_model_training/dags/train_model_dag.py
Traceback (most recent call last):
  File "/home/ec2-user/environment/lab4_model_training/venv/lib64/python3.12/site-packages/airflow/models/dagbag.py", line 383, in parse
    loader.exec_module(new_module)
  File "<frozen importlib._bootstrap_external>", line 999, in exec_module
  File "<frozen importlib._bootstrap>", line 488, in _call_with_frames_removed
  File "/home/ec2-user/environment/lab4_model_training/dags/train_model_dag.py", line 35, in <module>
    train_task = PythonOperator(
                 ^^^^^^^^^^^^^^^
  File "/home/ec2-user/environment/lab4_model_training/venv/lib64/python3.12/site-packages/airflow/models/baseoperator.py", line 490, in apply_defaults
    result = func(self, **kwargs, default_args=default_args)
             ^^^^^^^^^^^^^^^^^^^^^^^^^^^^^^^^^^^^^^^^^^^^^^^
  File "/home/ec2-user/environment/lab4_model_training/venv/lib64/python3.12/site-packages/airflow/operators/python.py", line 224, in __init__
    raise AirflowException("`python_callable` param must be callable")
airflow.exceptions.AirflowException: `python_callable` param must be callable
[2026-03-28T21:01:14.156+0000] {processor.py:927} WARNING - No viable dags retrieved from /home/ec2-user/environment/lab4_model_training/dags/train_model_dag.py
[2026-03-28T21:01:14.170+0000] {processor.py:208} INFO - Processing /home/ec2-user/environment/lab4_model_training/dags/train_model_dag.py took 1.270 seconds
[2026-03-28T21:01:44.723+0000] {processor.py:186} INFO - Started process (PID=19622) to work on /home/ec2-user/environment/lab4_model_training/dags/train_model_dag.py
[2026-03-28T21:01:44.724+0000] {processor.py:914} INFO - Processing file /home/ec2-user/environment/lab4_model_training/dags/train_model_dag.py for tasks to queue
[2026-03-28T21:01:44.725+0000] {logging_mixin.py:190} INFO - [2026-03-28T21:01:44.725+0000] {dagbag.py:588} INFO - Filling up the DagBag from /home/ec2-user/environment/lab4_model_training/dags/train_model_dag.py
[2026-03-28T21:01:45.969+0000] {logging_mixin.py:190} INFO - [ml_pipeline.model] Model accuracy: 1.0000
[2026-03-28T21:01:45.972+0000] {logging_mixin.py:190} INFO - [ml_pipeline.model] Saved model to models/breast_cancer_model.pkl
[2026-03-28T21:01:45.974+0000] {logging_mixin.py:190} INFO - [2026-03-28T21:01:45.972+0000] {dagbag.py:387} ERROR - Failed to import: /home/ec2-user/environment/lab4_model_training/dags/train_model_dag.py
Traceback (most recent call last):
  File "/home/ec2-user/environment/lab4_model_training/venv/lib64/python3.12/site-packages/airflow/models/dagbag.py", line 383, in parse
    loader.exec_module(new_module)
  File "<frozen importlib._bootstrap_external>", line 999, in exec_module
  File "<frozen importlib._bootstrap>", line 488, in _call_with_frames_removed
  File "/home/ec2-user/environment/lab4_model_training/dags/train_model_dag.py", line 35, in <module>
    train_task = PythonOperator(
                 ^^^^^^^^^^^^^^^
  File "/home/ec2-user/environment/lab4_model_training/venv/lib64/python3.12/site-packages/airflow/models/baseoperator.py", line 490, in apply_defaults
    result = func(self, **kwargs, default_args=default_args)
             ^^^^^^^^^^^^^^^^^^^^^^^^^^^^^^^^^^^^^^^^^^^^^^^
  File "/home/ec2-user/environment/lab4_model_training/venv/lib64/python3.12/site-packages/airflow/operators/python.py", line 224, in __init__
    raise AirflowException("`python_callable` param must be callable")
airflow.exceptions.AirflowException: `python_callable` param must be callable
[2026-03-28T21:01:45.975+0000] {processor.py:927} WARNING - No viable dags retrieved from /home/ec2-user/environment/lab4_model_training/dags/train_model_dag.py
[2026-03-28T21:01:45.989+0000] {processor.py:208} INFO - Processing /home/ec2-user/environment/lab4_model_training/dags/train_model_dag.py took 1.271 seconds
[2026-03-28T21:02:16.583+0000] {processor.py:186} INFO - Started process (PID=19643) to work on /home/ec2-user/environment/lab4_model_training/dags/train_model_dag.py
[2026-03-28T21:02:16.584+0000] {processor.py:914} INFO - Processing file /home/ec2-user/environment/lab4_model_training/dags/train_model_dag.py for tasks to queue
[2026-03-28T21:02:16.585+0000] {logging_mixin.py:190} INFO - [2026-03-28T21:02:16.585+0000] {dagbag.py:588} INFO - Filling up the DagBag from /home/ec2-user/environment/lab4_model_training/dags/train_model_dag.py
[2026-03-28T21:02:17.863+0000] {logging_mixin.py:190} INFO - [ml_pipeline.model] Model accuracy: 1.0000
[2026-03-28T21:02:17.865+0000] {logging_mixin.py:190} INFO - [ml_pipeline.model] Saved model to models/breast_cancer_model.pkl
[2026-03-28T21:02:17.868+0000] {logging_mixin.py:190} INFO - [2026-03-28T21:02:17.866+0000] {dagbag.py:387} ERROR - Failed to import: /home/ec2-user/environment/lab4_model_training/dags/train_model_dag.py
Traceback (most recent call last):
  File "/home/ec2-user/environment/lab4_model_training/venv/lib64/python3.12/site-packages/airflow/models/dagbag.py", line 383, in parse
    loader.exec_module(new_module)
  File "<frozen importlib._bootstrap_external>", line 999, in exec_module
  File "<frozen importlib._bootstrap>", line 488, in _call_with_frames_removed
  File "/home/ec2-user/environment/lab4_model_training/dags/train_model_dag.py", line 35, in <module>
    train_task = PythonOperator(
                 ^^^^^^^^^^^^^^^
  File "/home/ec2-user/environment/lab4_model_training/venv/lib64/python3.12/site-packages/airflow/models/baseoperator.py", line 490, in apply_defaults
    result = func(self, **kwargs, default_args=default_args)
             ^^^^^^^^^^^^^^^^^^^^^^^^^^^^^^^^^^^^^^^^^^^^^^^
  File "/home/ec2-user/environment/lab4_model_training/venv/lib64/python3.12/site-packages/airflow/operators/python.py", line 224, in __init__
    raise AirflowException("`python_callable` param must be callable")
airflow.exceptions.AirflowException: `python_callable` param must be callable
[2026-03-28T21:02:17.869+0000] {processor.py:927} WARNING - No viable dags retrieved from /home/ec2-user/environment/lab4_model_training/dags/train_model_dag.py
[2026-03-28T21:02:17.882+0000] {processor.py:208} INFO - Processing /home/ec2-user/environment/lab4_model_training/dags/train_model_dag.py took 1.304 seconds
[2026-03-28T21:02:48.546+0000] {processor.py:186} INFO - Started process (PID=19655) to work on /home/ec2-user/environment/lab4_model_training/dags/train_model_dag.py
[2026-03-28T21:02:48.547+0000] {processor.py:914} INFO - Processing file /home/ec2-user/environment/lab4_model_training/dags/train_model_dag.py for tasks to queue
[2026-03-28T21:02:48.548+0000] {logging_mixin.py:190} INFO - [2026-03-28T21:02:48.547+0000] {dagbag.py:588} INFO - Filling up the DagBag from /home/ec2-user/environment/lab4_model_training/dags/train_model_dag.py
[2026-03-28T21:02:49.808+0000] {logging_mixin.py:190} INFO - [ml_pipeline.model] Model accuracy: 1.0000
[2026-03-28T21:02:49.810+0000] {logging_mixin.py:190} INFO - [ml_pipeline.model] Saved model to models/breast_cancer_model.pkl
[2026-03-28T21:02:49.813+0000] {logging_mixin.py:190} INFO - [2026-03-28T21:02:49.811+0000] {dagbag.py:387} ERROR - Failed to import: /home/ec2-user/environment/lab4_model_training/dags/train_model_dag.py
Traceback (most recent call last):
  File "/home/ec2-user/environment/lab4_model_training/venv/lib64/python3.12/site-packages/airflow/models/dagbag.py", line 383, in parse
    loader.exec_module(new_module)
  File "<frozen importlib._bootstrap_external>", line 999, in exec_module
  File "<frozen importlib._bootstrap>", line 488, in _call_with_frames_removed
  File "/home/ec2-user/environment/lab4_model_training/dags/train_model_dag.py", line 35, in <module>
    train_task = PythonOperator(
                 ^^^^^^^^^^^^^^^
  File "/home/ec2-user/environment/lab4_model_training/venv/lib64/python3.12/site-packages/airflow/models/baseoperator.py", line 490, in apply_defaults
    result = func(self, **kwargs, default_args=default_args)
             ^^^^^^^^^^^^^^^^^^^^^^^^^^^^^^^^^^^^^^^^^^^^^^^
  File "/home/ec2-user/environment/lab4_model_training/venv/lib64/python3.12/site-packages/airflow/operators/python.py", line 224, in __init__
    raise AirflowException("`python_callable` param must be callable")
airflow.exceptions.AirflowException: `python_callable` param must be callable
[2026-03-28T21:02:49.813+0000] {processor.py:927} WARNING - No viable dags retrieved from /home/ec2-user/environment/lab4_model_training/dags/train_model_dag.py
[2026-03-28T21:02:49.827+0000] {processor.py:208} INFO - Processing /home/ec2-user/environment/lab4_model_training/dags/train_model_dag.py took 1.287 seconds
[2026-03-28T21:03:20.211+0000] {processor.py:186} INFO - Started process (PID=19676) to work on /home/ec2-user/environment/lab4_model_training/dags/train_model_dag.py
[2026-03-28T21:03:20.212+0000] {processor.py:914} INFO - Processing file /home/ec2-user/environment/lab4_model_training/dags/train_model_dag.py for tasks to queue
[2026-03-28T21:03:20.213+0000] {logging_mixin.py:190} INFO - [2026-03-28T21:03:20.213+0000] {dagbag.py:588} INFO - Filling up the DagBag from /home/ec2-user/environment/lab4_model_training/dags/train_model_dag.py
[2026-03-28T21:03:21.505+0000] {logging_mixin.py:190} INFO - [ml_pipeline.model] Model accuracy: 1.0000
[2026-03-28T21:03:21.507+0000] {logging_mixin.py:190} INFO - [ml_pipeline.model] Saved model to models/breast_cancer_model.pkl
[2026-03-28T21:03:21.510+0000] {logging_mixin.py:190} INFO - [2026-03-28T21:03:21.508+0000] {dagbag.py:387} ERROR - Failed to import: /home/ec2-user/environment/lab4_model_training/dags/train_model_dag.py
Traceback (most recent call last):
  File "/home/ec2-user/environment/lab4_model_training/venv/lib64/python3.12/site-packages/airflow/models/dagbag.py", line 383, in parse
    loader.exec_module(new_module)
  File "<frozen importlib._bootstrap_external>", line 999, in exec_module
  File "<frozen importlib._bootstrap>", line 488, in _call_with_frames_removed
  File "/home/ec2-user/environment/lab4_model_training/dags/train_model_dag.py", line 35, in <module>
    train_task = PythonOperator(
                 ^^^^^^^^^^^^^^^
  File "/home/ec2-user/environment/lab4_model_training/venv/lib64/python3.12/site-packages/airflow/models/baseoperator.py", line 490, in apply_defaults
    result = func(self, **kwargs, default_args=default_args)
             ^^^^^^^^^^^^^^^^^^^^^^^^^^^^^^^^^^^^^^^^^^^^^^^
  File "/home/ec2-user/environment/lab4_model_training/venv/lib64/python3.12/site-packages/airflow/operators/python.py", line 224, in __init__
    raise AirflowException("`python_callable` param must be callable")
airflow.exceptions.AirflowException: `python_callable` param must be callable
[2026-03-28T21:03:21.511+0000] {processor.py:927} WARNING - No viable dags retrieved from /home/ec2-user/environment/lab4_model_training/dags/train_model_dag.py
[2026-03-28T21:03:21.525+0000] {processor.py:208} INFO - Processing /home/ec2-user/environment/lab4_model_training/dags/train_model_dag.py took 1.319 seconds
[2026-03-28T21:03:52.067+0000] {processor.py:186} INFO - Started process (PID=19737) to work on /home/ec2-user/environment/lab4_model_training/dags/train_model_dag.py
[2026-03-28T21:03:52.068+0000] {processor.py:914} INFO - Processing file /home/ec2-user/environment/lab4_model_training/dags/train_model_dag.py for tasks to queue
[2026-03-28T21:03:52.070+0000] {logging_mixin.py:190} INFO - [2026-03-28T21:03:52.069+0000] {dagbag.py:588} INFO - Filling up the DagBag from /home/ec2-user/environment/lab4_model_training/dags/train_model_dag.py
[2026-03-28T21:03:53.353+0000] {logging_mixin.py:190} INFO - [ml_pipeline.model] Model accuracy: 1.0000
[2026-03-28T21:03:53.354+0000] {logging_mixin.py:190} INFO - [ml_pipeline.model] Saved model to models/breast_cancer_model.pkl
[2026-03-28T21:03:53.357+0000] {logging_mixin.py:190} INFO - [2026-03-28T21:03:53.355+0000] {dagbag.py:387} ERROR - Failed to import: /home/ec2-user/environment/lab4_model_training/dags/train_model_dag.py
Traceback (most recent call last):
  File "/home/ec2-user/environment/lab4_model_training/venv/lib64/python3.12/site-packages/airflow/models/dagbag.py", line 383, in parse
    loader.exec_module(new_module)
  File "<frozen importlib._bootstrap_external>", line 999, in exec_module
  File "<frozen importlib._bootstrap>", line 488, in _call_with_frames_removed
  File "/home/ec2-user/environment/lab4_model_training/dags/train_model_dag.py", line 35, in <module>
    train_task = PythonOperator(
                 ^^^^^^^^^^^^^^^
  File "/home/ec2-user/environment/lab4_model_training/venv/lib64/python3.12/site-packages/airflow/models/baseoperator.py", line 490, in apply_defaults
    result = func(self, **kwargs, default_args=default_args)
             ^^^^^^^^^^^^^^^^^^^^^^^^^^^^^^^^^^^^^^^^^^^^^^^
  File "/home/ec2-user/environment/lab4_model_training/venv/lib64/python3.12/site-packages/airflow/operators/python.py", line 224, in __init__
    raise AirflowException("`python_callable` param must be callable")
airflow.exceptions.AirflowException: `python_callable` param must be callable
[2026-03-28T21:03:53.358+0000] {processor.py:927} WARNING - No viable dags retrieved from /home/ec2-user/environment/lab4_model_training/dags/train_model_dag.py
[2026-03-28T21:03:53.372+0000] {processor.py:208} INFO - Processing /home/ec2-user/environment/lab4_model_training/dags/train_model_dag.py took 1.309 seconds
[2026-03-28T21:04:23.928+0000] {processor.py:186} INFO - Started process (PID=19759) to work on /home/ec2-user/environment/lab4_model_training/dags/train_model_dag.py
[2026-03-28T21:04:23.930+0000] {processor.py:914} INFO - Processing file /home/ec2-user/environment/lab4_model_training/dags/train_model_dag.py for tasks to queue
[2026-03-28T21:04:23.931+0000] {logging_mixin.py:190} INFO - [2026-03-28T21:04:23.930+0000] {dagbag.py:588} INFO - Filling up the DagBag from /home/ec2-user/environment/lab4_model_training/dags/train_model_dag.py
[2026-03-28T21:04:25.203+0000] {logging_mixin.py:190} INFO - [ml_pipeline.model] Model accuracy: 1.0000
[2026-03-28T21:04:25.204+0000] {logging_mixin.py:190} INFO - [ml_pipeline.model] Saved model to models/breast_cancer_model.pkl
[2026-03-28T21:04:25.207+0000] {logging_mixin.py:190} INFO - [2026-03-28T21:04:25.205+0000] {dagbag.py:387} ERROR - Failed to import: /home/ec2-user/environment/lab4_model_training/dags/train_model_dag.py
Traceback (most recent call last):
  File "/home/ec2-user/environment/lab4_model_training/venv/lib64/python3.12/site-packages/airflow/models/dagbag.py", line 383, in parse
    loader.exec_module(new_module)
  File "<frozen importlib._bootstrap_external>", line 999, in exec_module
  File "<frozen importlib._bootstrap>", line 488, in _call_with_frames_removed
  File "/home/ec2-user/environment/lab4_model_training/dags/train_model_dag.py", line 35, in <module>
    train_task = PythonOperator(
                 ^^^^^^^^^^^^^^^
  File "/home/ec2-user/environment/lab4_model_training/venv/lib64/python3.12/site-packages/airflow/models/baseoperator.py", line 490, in apply_defaults
    result = func(self, **kwargs, default_args=default_args)
             ^^^^^^^^^^^^^^^^^^^^^^^^^^^^^^^^^^^^^^^^^^^^^^^
  File "/home/ec2-user/environment/lab4_model_training/venv/lib64/python3.12/site-packages/airflow/operators/python.py", line 224, in __init__
    raise AirflowException("`python_callable` param must be callable")
airflow.exceptions.AirflowException: `python_callable` param must be callable
[2026-03-28T21:04:25.208+0000] {processor.py:927} WARNING - No viable dags retrieved from /home/ec2-user/environment/lab4_model_training/dags/train_model_dag.py
[2026-03-28T21:04:25.222+0000] {processor.py:208} INFO - Processing /home/ec2-user/environment/lab4_model_training/dags/train_model_dag.py took 1.299 seconds
[2026-03-28T21:04:55.705+0000] {processor.py:186} INFO - Started process (PID=19772) to work on /home/ec2-user/environment/lab4_model_training/dags/train_model_dag.py
[2026-03-28T21:04:55.706+0000] {processor.py:914} INFO - Processing file /home/ec2-user/environment/lab4_model_training/dags/train_model_dag.py for tasks to queue
[2026-03-28T21:04:55.707+0000] {logging_mixin.py:190} INFO - [2026-03-28T21:04:55.707+0000] {dagbag.py:588} INFO - Filling up the DagBag from /home/ec2-user/environment/lab4_model_training/dags/train_model_dag.py
[2026-03-28T21:04:56.976+0000] {logging_mixin.py:190} INFO - [ml_pipeline.model] Model accuracy: 1.0000
[2026-03-28T21:04:56.977+0000] {logging_mixin.py:190} INFO - [ml_pipeline.model] Saved model to models/breast_cancer_model.pkl
[2026-03-28T21:04:56.980+0000] {logging_mixin.py:190} INFO - [2026-03-28T21:04:56.978+0000] {dagbag.py:387} ERROR - Failed to import: /home/ec2-user/environment/lab4_model_training/dags/train_model_dag.py
Traceback (most recent call last):
  File "/home/ec2-user/environment/lab4_model_training/venv/lib64/python3.12/site-packages/airflow/models/dagbag.py", line 383, in parse
    loader.exec_module(new_module)
  File "<frozen importlib._bootstrap_external>", line 999, in exec_module
  File "<frozen importlib._bootstrap>", line 488, in _call_with_frames_removed
  File "/home/ec2-user/environment/lab4_model_training/dags/train_model_dag.py", line 35, in <module>
    train_task = PythonOperator(
                 ^^^^^^^^^^^^^^^
  File "/home/ec2-user/environment/lab4_model_training/venv/lib64/python3.12/site-packages/airflow/models/baseoperator.py", line 490, in apply_defaults
    result = func(self, **kwargs, default_args=default_args)
             ^^^^^^^^^^^^^^^^^^^^^^^^^^^^^^^^^^^^^^^^^^^^^^^
  File "/home/ec2-user/environment/lab4_model_training/venv/lib64/python3.12/site-packages/airflow/operators/python.py", line 224, in __init__
    raise AirflowException("`python_callable` param must be callable")
airflow.exceptions.AirflowException: `python_callable` param must be callable
[2026-03-28T21:04:56.981+0000] {processor.py:927} WARNING - No viable dags retrieved from /home/ec2-user/environment/lab4_model_training/dags/train_model_dag.py
[2026-03-28T21:04:56.994+0000] {processor.py:208} INFO - Processing /home/ec2-user/environment/lab4_model_training/dags/train_model_dag.py took 1.294 seconds
[2026-03-28T21:05:27.573+0000] {processor.py:186} INFO - Started process (PID=19795) to work on /home/ec2-user/environment/lab4_model_training/dags/train_model_dag.py
[2026-03-28T21:05:27.574+0000] {processor.py:914} INFO - Processing file /home/ec2-user/environment/lab4_model_training/dags/train_model_dag.py for tasks to queue
[2026-03-28T21:05:27.575+0000] {logging_mixin.py:190} INFO - [2026-03-28T21:05:27.575+0000] {dagbag.py:588} INFO - Filling up the DagBag from /home/ec2-user/environment/lab4_model_training/dags/train_model_dag.py
[2026-03-28T21:05:28.849+0000] {logging_mixin.py:190} INFO - [ml_pipeline.model] Model accuracy: 1.0000
[2026-03-28T21:05:28.851+0000] {logging_mixin.py:190} INFO - [ml_pipeline.model] Saved model to models/breast_cancer_model.pkl
[2026-03-28T21:05:28.853+0000] {logging_mixin.py:190} INFO - [2026-03-28T21:05:28.851+0000] {dagbag.py:387} ERROR - Failed to import: /home/ec2-user/environment/lab4_model_training/dags/train_model_dag.py
Traceback (most recent call last):
  File "/home/ec2-user/environment/lab4_model_training/venv/lib64/python3.12/site-packages/airflow/models/dagbag.py", line 383, in parse
    loader.exec_module(new_module)
  File "<frozen importlib._bootstrap_external>", line 999, in exec_module
  File "<frozen importlib._bootstrap>", line 488, in _call_with_frames_removed
  File "/home/ec2-user/environment/lab4_model_training/dags/train_model_dag.py", line 35, in <module>
    train_task = PythonOperator(
                 ^^^^^^^^^^^^^^^
  File "/home/ec2-user/environment/lab4_model_training/venv/lib64/python3.12/site-packages/airflow/models/baseoperator.py", line 490, in apply_defaults
    result = func(self, **kwargs, default_args=default_args)
             ^^^^^^^^^^^^^^^^^^^^^^^^^^^^^^^^^^^^^^^^^^^^^^^
  File "/home/ec2-user/environment/lab4_model_training/venv/lib64/python3.12/site-packages/airflow/operators/python.py", line 224, in __init__
    raise AirflowException("`python_callable` param must be callable")
airflow.exceptions.AirflowException: `python_callable` param must be callable
[2026-03-28T21:05:28.854+0000] {processor.py:927} WARNING - No viable dags retrieved from /home/ec2-user/environment/lab4_model_training/dags/train_model_dag.py
[2026-03-28T21:05:28.868+0000] {processor.py:208} INFO - Processing /home/ec2-user/environment/lab4_model_training/dags/train_model_dag.py took 1.300 seconds
[2026-03-28T21:05:59.512+0000] {processor.py:186} INFO - Started process (PID=19856) to work on /home/ec2-user/environment/lab4_model_training/dags/train_model_dag.py
[2026-03-28T21:05:59.512+0000] {processor.py:914} INFO - Processing file /home/ec2-user/environment/lab4_model_training/dags/train_model_dag.py for tasks to queue
[2026-03-28T21:05:59.513+0000] {logging_mixin.py:190} INFO - [2026-03-28T21:05:59.513+0000] {dagbag.py:588} INFO - Filling up the DagBag from /home/ec2-user/environment/lab4_model_training/dags/train_model_dag.py
[2026-03-28T21:06:00.768+0000] {logging_mixin.py:190} INFO - [ml_pipeline.model] Model accuracy: 1.0000
[2026-03-28T21:06:00.770+0000] {logging_mixin.py:190} INFO - [ml_pipeline.model] Saved model to models/breast_cancer_model.pkl
[2026-03-28T21:06:00.772+0000] {logging_mixin.py:190} INFO - [2026-03-28T21:06:00.770+0000] {dagbag.py:387} ERROR - Failed to import: /home/ec2-user/environment/lab4_model_training/dags/train_model_dag.py
Traceback (most recent call last):
  File "/home/ec2-user/environment/lab4_model_training/venv/lib64/python3.12/site-packages/airflow/models/dagbag.py", line 383, in parse
    loader.exec_module(new_module)
  File "<frozen importlib._bootstrap_external>", line 999, in exec_module
  File "<frozen importlib._bootstrap>", line 488, in _call_with_frames_removed
  File "/home/ec2-user/environment/lab4_model_training/dags/train_model_dag.py", line 35, in <module>
    train_task = PythonOperator(
                 ^^^^^^^^^^^^^^^
  File "/home/ec2-user/environment/lab4_model_training/venv/lib64/python3.12/site-packages/airflow/models/baseoperator.py", line 490, in apply_defaults
    result = func(self, **kwargs, default_args=default_args)
             ^^^^^^^^^^^^^^^^^^^^^^^^^^^^^^^^^^^^^^^^^^^^^^^
  File "/home/ec2-user/environment/lab4_model_training/venv/lib64/python3.12/site-packages/airflow/operators/python.py", line 224, in __init__
    raise AirflowException("`python_callable` param must be callable")
airflow.exceptions.AirflowException: `python_callable` param must be callable
[2026-03-28T21:06:00.773+0000] {processor.py:927} WARNING - No viable dags retrieved from /home/ec2-user/environment/lab4_model_training/dags/train_model_dag.py
[2026-03-28T21:06:00.787+0000] {processor.py:208} INFO - Processing /home/ec2-user/environment/lab4_model_training/dags/train_model_dag.py took 1.280 seconds
[2026-03-28T21:06:31.446+0000] {processor.py:186} INFO - Started process (PID=19877) to work on /home/ec2-user/environment/lab4_model_training/dags/train_model_dag.py
[2026-03-28T21:06:31.447+0000] {processor.py:914} INFO - Processing file /home/ec2-user/environment/lab4_model_training/dags/train_model_dag.py for tasks to queue
[2026-03-28T21:06:31.448+0000] {logging_mixin.py:190} INFO - [2026-03-28T21:06:31.448+0000] {dagbag.py:588} INFO - Filling up the DagBag from /home/ec2-user/environment/lab4_model_training/dags/train_model_dag.py
[2026-03-28T21:06:32.708+0000] {logging_mixin.py:190} INFO - [ml_pipeline.model] Model accuracy: 1.0000
[2026-03-28T21:06:32.709+0000] {logging_mixin.py:190} INFO - [ml_pipeline.model] Saved model to models/breast_cancer_model.pkl
[2026-03-28T21:06:32.712+0000] {logging_mixin.py:190} INFO - [2026-03-28T21:06:32.710+0000] {dagbag.py:387} ERROR - Failed to import: /home/ec2-user/environment/lab4_model_training/dags/train_model_dag.py
Traceback (most recent call last):
  File "/home/ec2-user/environment/lab4_model_training/venv/lib64/python3.12/site-packages/airflow/models/dagbag.py", line 383, in parse
    loader.exec_module(new_module)
  File "<frozen importlib._bootstrap_external>", line 999, in exec_module
  File "<frozen importlib._bootstrap>", line 488, in _call_with_frames_removed
  File "/home/ec2-user/environment/lab4_model_training/dags/train_model_dag.py", line 35, in <module>
    train_task = PythonOperator(
                 ^^^^^^^^^^^^^^^
  File "/home/ec2-user/environment/lab4_model_training/venv/lib64/python3.12/site-packages/airflow/models/baseoperator.py", line 490, in apply_defaults
    result = func(self, **kwargs, default_args=default_args)
             ^^^^^^^^^^^^^^^^^^^^^^^^^^^^^^^^^^^^^^^^^^^^^^^
  File "/home/ec2-user/environment/lab4_model_training/venv/lib64/python3.12/site-packages/airflow/operators/python.py", line 224, in __init__
    raise AirflowException("`python_callable` param must be callable")
airflow.exceptions.AirflowException: `python_callable` param must be callable
[2026-03-28T21:06:32.713+0000] {processor.py:927} WARNING - No viable dags retrieved from /home/ec2-user/environment/lab4_model_training/dags/train_model_dag.py
[2026-03-28T21:06:32.726+0000] {processor.py:208} INFO - Processing /home/ec2-user/environment/lab4_model_training/dags/train_model_dag.py took 1.286 seconds
[2026-03-28T21:07:03.113+0000] {processor.py:186} INFO - Started process (PID=19898) to work on /home/ec2-user/environment/lab4_model_training/dags/train_model_dag.py
[2026-03-28T21:07:03.114+0000] {processor.py:914} INFO - Processing file /home/ec2-user/environment/lab4_model_training/dags/train_model_dag.py for tasks to queue
[2026-03-28T21:07:03.115+0000] {logging_mixin.py:190} INFO - [2026-03-28T21:07:03.115+0000] {dagbag.py:588} INFO - Filling up the DagBag from /home/ec2-user/environment/lab4_model_training/dags/train_model_dag.py
[2026-03-28T21:07:04.420+0000] {logging_mixin.py:190} INFO - [ml_pipeline.model] Model accuracy: 1.0000
[2026-03-28T21:07:04.422+0000] {logging_mixin.py:190} INFO - [ml_pipeline.model] Saved model to models/breast_cancer_model.pkl
[2026-03-28T21:07:04.424+0000] {logging_mixin.py:190} INFO - [2026-03-28T21:07:04.422+0000] {dagbag.py:387} ERROR - Failed to import: /home/ec2-user/environment/lab4_model_training/dags/train_model_dag.py
Traceback (most recent call last):
  File "/home/ec2-user/environment/lab4_model_training/venv/lib64/python3.12/site-packages/airflow/models/dagbag.py", line 383, in parse
    loader.exec_module(new_module)
  File "<frozen importlib._bootstrap_external>", line 999, in exec_module
  File "<frozen importlib._bootstrap>", line 488, in _call_with_frames_removed
  File "/home/ec2-user/environment/lab4_model_training/dags/train_model_dag.py", line 35, in <module>
    train_task = PythonOperator(
                 ^^^^^^^^^^^^^^^
  File "/home/ec2-user/environment/lab4_model_training/venv/lib64/python3.12/site-packages/airflow/models/baseoperator.py", line 490, in apply_defaults
    result = func(self, **kwargs, default_args=default_args)
             ^^^^^^^^^^^^^^^^^^^^^^^^^^^^^^^^^^^^^^^^^^^^^^^
  File "/home/ec2-user/environment/lab4_model_training/venv/lib64/python3.12/site-packages/airflow/operators/python.py", line 224, in __init__
    raise AirflowException("`python_callable` param must be callable")
airflow.exceptions.AirflowException: `python_callable` param must be callable
[2026-03-28T21:07:04.425+0000] {processor.py:927} WARNING - No viable dags retrieved from /home/ec2-user/environment/lab4_model_training/dags/train_model_dag.py
[2026-03-28T21:07:04.439+0000] {processor.py:208} INFO - Processing /home/ec2-user/environment/lab4_model_training/dags/train_model_dag.py took 1.332 seconds
[2026-03-28T21:07:34.885+0000] {processor.py:186} INFO - Started process (PID=19958) to work on /home/ec2-user/environment/lab4_model_training/dags/train_model_dag.py
[2026-03-28T21:07:34.886+0000] {processor.py:914} INFO - Processing file /home/ec2-user/environment/lab4_model_training/dags/train_model_dag.py for tasks to queue
[2026-03-28T21:07:34.887+0000] {logging_mixin.py:190} INFO - [2026-03-28T21:07:34.887+0000] {dagbag.py:588} INFO - Filling up the DagBag from /home/ec2-user/environment/lab4_model_training/dags/train_model_dag.py
[2026-03-28T21:07:36.159+0000] {logging_mixin.py:190} INFO - [ml_pipeline.model] Model accuracy: 1.0000
[2026-03-28T21:07:36.161+0000] {logging_mixin.py:190} INFO - [ml_pipeline.model] Saved model to models/breast_cancer_model.pkl
[2026-03-28T21:07:36.163+0000] {logging_mixin.py:190} INFO - [2026-03-28T21:07:36.161+0000] {dagbag.py:387} ERROR - Failed to import: /home/ec2-user/environment/lab4_model_training/dags/train_model_dag.py
Traceback (most recent call last):
  File "/home/ec2-user/environment/lab4_model_training/venv/lib64/python3.12/site-packages/airflow/models/dagbag.py", line 383, in parse
    loader.exec_module(new_module)
  File "<frozen importlib._bootstrap_external>", line 999, in exec_module
  File "<frozen importlib._bootstrap>", line 488, in _call_with_frames_removed
  File "/home/ec2-user/environment/lab4_model_training/dags/train_model_dag.py", line 35, in <module>
    train_task = PythonOperator(
                 ^^^^^^^^^^^^^^^
  File "/home/ec2-user/environment/lab4_model_training/venv/lib64/python3.12/site-packages/airflow/models/baseoperator.py", line 490, in apply_defaults
    result = func(self, **kwargs, default_args=default_args)
             ^^^^^^^^^^^^^^^^^^^^^^^^^^^^^^^^^^^^^^^^^^^^^^^
  File "/home/ec2-user/environment/lab4_model_training/venv/lib64/python3.12/site-packages/airflow/operators/python.py", line 224, in __init__
    raise AirflowException("`python_callable` param must be callable")
airflow.exceptions.AirflowException: `python_callable` param must be callable
[2026-03-28T21:07:36.164+0000] {processor.py:927} WARNING - No viable dags retrieved from /home/ec2-user/environment/lab4_model_training/dags/train_model_dag.py
[2026-03-28T21:07:36.178+0000] {processor.py:208} INFO - Processing /home/ec2-user/environment/lab4_model_training/dags/train_model_dag.py took 1.298 seconds
[2026-03-28T21:08:06.743+0000] {processor.py:186} INFO - Started process (PID=19979) to work on /home/ec2-user/environment/lab4_model_training/dags/train_model_dag.py
[2026-03-28T21:08:06.744+0000] {processor.py:914} INFO - Processing file /home/ec2-user/environment/lab4_model_training/dags/train_model_dag.py for tasks to queue
[2026-03-28T21:08:06.746+0000] {logging_mixin.py:190} INFO - [2026-03-28T21:08:06.745+0000] {dagbag.py:588} INFO - Filling up the DagBag from /home/ec2-user/environment/lab4_model_training/dags/train_model_dag.py
[2026-03-28T21:08:08.021+0000] {logging_mixin.py:190} INFO - [ml_pipeline.model] Model accuracy: 1.0000
[2026-03-28T21:08:08.023+0000] {logging_mixin.py:190} INFO - [ml_pipeline.model] Saved model to models/breast_cancer_model.pkl
[2026-03-28T21:08:08.026+0000] {logging_mixin.py:190} INFO - [2026-03-28T21:08:08.024+0000] {dagbag.py:387} ERROR - Failed to import: /home/ec2-user/environment/lab4_model_training/dags/train_model_dag.py
Traceback (most recent call last):
  File "/home/ec2-user/environment/lab4_model_training/venv/lib64/python3.12/site-packages/airflow/models/dagbag.py", line 383, in parse
    loader.exec_module(new_module)
  File "<frozen importlib._bootstrap_external>", line 999, in exec_module
  File "<frozen importlib._bootstrap>", line 488, in _call_with_frames_removed
  File "/home/ec2-user/environment/lab4_model_training/dags/train_model_dag.py", line 35, in <module>
    train_task = PythonOperator(
                 ^^^^^^^^^^^^^^^
  File "/home/ec2-user/environment/lab4_model_training/venv/lib64/python3.12/site-packages/airflow/models/baseoperator.py", line 490, in apply_defaults
    result = func(self, **kwargs, default_args=default_args)
             ^^^^^^^^^^^^^^^^^^^^^^^^^^^^^^^^^^^^^^^^^^^^^^^
  File "/home/ec2-user/environment/lab4_model_training/venv/lib64/python3.12/site-packages/airflow/operators/python.py", line 224, in __init__
    raise AirflowException("`python_callable` param must be callable")
airflow.exceptions.AirflowException: `python_callable` param must be callable
[2026-03-28T21:08:08.026+0000] {processor.py:927} WARNING - No viable dags retrieved from /home/ec2-user/environment/lab4_model_training/dags/train_model_dag.py
[2026-03-28T21:08:08.039+0000] {processor.py:208} INFO - Processing /home/ec2-user/environment/lab4_model_training/dags/train_model_dag.py took 1.300 seconds
[2026-03-28T21:08:38.593+0000] {processor.py:186} INFO - Started process (PID=19991) to work on /home/ec2-user/environment/lab4_model_training/dags/train_model_dag.py
[2026-03-28T21:08:38.594+0000] {processor.py:914} INFO - Processing file /home/ec2-user/environment/lab4_model_training/dags/train_model_dag.py for tasks to queue
[2026-03-28T21:08:38.595+0000] {logging_mixin.py:190} INFO - [2026-03-28T21:08:38.594+0000] {dagbag.py:588} INFO - Filling up the DagBag from /home/ec2-user/environment/lab4_model_training/dags/train_model_dag.py
[2026-03-28T21:08:39.857+0000] {logging_mixin.py:190} INFO - [ml_pipeline.model] Model accuracy: 1.0000
[2026-03-28T21:08:39.859+0000] {logging_mixin.py:190} INFO - [ml_pipeline.model] Saved model to models/breast_cancer_model.pkl
[2026-03-28T21:08:39.861+0000] {logging_mixin.py:190} INFO - [2026-03-28T21:08:39.859+0000] {dagbag.py:387} ERROR - Failed to import: /home/ec2-user/environment/lab4_model_training/dags/train_model_dag.py
Traceback (most recent call last):
  File "/home/ec2-user/environment/lab4_model_training/venv/lib64/python3.12/site-packages/airflow/models/dagbag.py", line 383, in parse
    loader.exec_module(new_module)
  File "<frozen importlib._bootstrap_external>", line 999, in exec_module
  File "<frozen importlib._bootstrap>", line 488, in _call_with_frames_removed
  File "/home/ec2-user/environment/lab4_model_training/dags/train_model_dag.py", line 35, in <module>
    train_task = PythonOperator(
                 ^^^^^^^^^^^^^^^
  File "/home/ec2-user/environment/lab4_model_training/venv/lib64/python3.12/site-packages/airflow/models/baseoperator.py", line 490, in apply_defaults
    result = func(self, **kwargs, default_args=default_args)
             ^^^^^^^^^^^^^^^^^^^^^^^^^^^^^^^^^^^^^^^^^^^^^^^
  File "/home/ec2-user/environment/lab4_model_training/venv/lib64/python3.12/site-packages/airflow/operators/python.py", line 224, in __init__
    raise AirflowException("`python_callable` param must be callable")
airflow.exceptions.AirflowException: `python_callable` param must be callable
[2026-03-28T21:08:39.862+0000] {processor.py:927} WARNING - No viable dags retrieved from /home/ec2-user/environment/lab4_model_training/dags/train_model_dag.py
[2026-03-28T21:08:39.875+0000] {processor.py:208} INFO - Processing /home/ec2-user/environment/lab4_model_training/dags/train_model_dag.py took 1.288 seconds
[2026-03-28T21:09:10.260+0000] {processor.py:186} INFO - Started process (PID=20012) to work on /home/ec2-user/environment/lab4_model_training/dags/train_model_dag.py
[2026-03-28T21:09:10.262+0000] {processor.py:914} INFO - Processing file /home/ec2-user/environment/lab4_model_training/dags/train_model_dag.py for tasks to queue
[2026-03-28T21:09:10.263+0000] {logging_mixin.py:190} INFO - [2026-03-28T21:09:10.262+0000] {dagbag.py:588} INFO - Filling up the DagBag from /home/ec2-user/environment/lab4_model_training/dags/train_model_dag.py
[2026-03-28T21:09:11.523+0000] {logging_mixin.py:190} INFO - [ml_pipeline.model] Model accuracy: 1.0000
[2026-03-28T21:09:11.525+0000] {logging_mixin.py:190} INFO - [ml_pipeline.model] Saved model to models/breast_cancer_model.pkl
[2026-03-28T21:09:11.527+0000] {logging_mixin.py:190} INFO - [2026-03-28T21:09:11.526+0000] {dagbag.py:387} ERROR - Failed to import: /home/ec2-user/environment/lab4_model_training/dags/train_model_dag.py
Traceback (most recent call last):
  File "/home/ec2-user/environment/lab4_model_training/venv/lib64/python3.12/site-packages/airflow/models/dagbag.py", line 383, in parse
    loader.exec_module(new_module)
  File "<frozen importlib._bootstrap_external>", line 999, in exec_module
  File "<frozen importlib._bootstrap>", line 488, in _call_with_frames_removed
  File "/home/ec2-user/environment/lab4_model_training/dags/train_model_dag.py", line 35, in <module>
    train_task = PythonOperator(
                 ^^^^^^^^^^^^^^^
  File "/home/ec2-user/environment/lab4_model_training/venv/lib64/python3.12/site-packages/airflow/models/baseoperator.py", line 490, in apply_defaults
    result = func(self, **kwargs, default_args=default_args)
             ^^^^^^^^^^^^^^^^^^^^^^^^^^^^^^^^^^^^^^^^^^^^^^^
  File "/home/ec2-user/environment/lab4_model_training/venv/lib64/python3.12/site-packages/airflow/operators/python.py", line 224, in __init__
    raise AirflowException("`python_callable` param must be callable")
airflow.exceptions.AirflowException: `python_callable` param must be callable
[2026-03-28T21:09:11.528+0000] {processor.py:927} WARNING - No viable dags retrieved from /home/ec2-user/environment/lab4_model_training/dags/train_model_dag.py
[2026-03-28T21:09:11.542+0000] {processor.py:208} INFO - Processing /home/ec2-user/environment/lab4_model_training/dags/train_model_dag.py took 1.287 seconds
[2026-03-28T21:09:41.996+0000] {processor.py:186} INFO - Started process (PID=20074) to work on /home/ec2-user/environment/lab4_model_training/dags/train_model_dag.py
[2026-03-28T21:09:41.997+0000] {processor.py:914} INFO - Processing file /home/ec2-user/environment/lab4_model_training/dags/train_model_dag.py for tasks to queue
[2026-03-28T21:09:41.999+0000] {logging_mixin.py:190} INFO - [2026-03-28T21:09:41.999+0000] {dagbag.py:588} INFO - Filling up the DagBag from /home/ec2-user/environment/lab4_model_training/dags/train_model_dag.py
[2026-03-28T21:09:43.274+0000] {logging_mixin.py:190} INFO - [ml_pipeline.model] Model accuracy: 1.0000
[2026-03-28T21:09:43.276+0000] {logging_mixin.py:190} INFO - [ml_pipeline.model] Saved model to models/breast_cancer_model.pkl
[2026-03-28T21:09:43.278+0000] {logging_mixin.py:190} INFO - [2026-03-28T21:09:43.276+0000] {dagbag.py:387} ERROR - Failed to import: /home/ec2-user/environment/lab4_model_training/dags/train_model_dag.py
Traceback (most recent call last):
  File "/home/ec2-user/environment/lab4_model_training/venv/lib64/python3.12/site-packages/airflow/models/dagbag.py", line 383, in parse
    loader.exec_module(new_module)
  File "<frozen importlib._bootstrap_external>", line 999, in exec_module
  File "<frozen importlib._bootstrap>", line 488, in _call_with_frames_removed
  File "/home/ec2-user/environment/lab4_model_training/dags/train_model_dag.py", line 35, in <module>
    train_task = PythonOperator(
                 ^^^^^^^^^^^^^^^
  File "/home/ec2-user/environment/lab4_model_training/venv/lib64/python3.12/site-packages/airflow/models/baseoperator.py", line 490, in apply_defaults
    result = func(self, **kwargs, default_args=default_args)
             ^^^^^^^^^^^^^^^^^^^^^^^^^^^^^^^^^^^^^^^^^^^^^^^
  File "/home/ec2-user/environment/lab4_model_training/venv/lib64/python3.12/site-packages/airflow/operators/python.py", line 224, in __init__
    raise AirflowException("`python_callable` param must be callable")
airflow.exceptions.AirflowException: `python_callable` param must be callable
[2026-03-28T21:09:43.279+0000] {processor.py:927} WARNING - No viable dags retrieved from /home/ec2-user/environment/lab4_model_training/dags/train_model_dag.py
[2026-03-28T21:09:43.293+0000] {processor.py:208} INFO - Processing /home/ec2-user/environment/lab4_model_training/dags/train_model_dag.py took 1.301 seconds
[2026-03-28T21:10:13.779+0000] {processor.py:186} INFO - Started process (PID=20099) to work on /home/ec2-user/environment/lab4_model_training/dags/train_model_dag.py
[2026-03-28T21:10:13.780+0000] {processor.py:914} INFO - Processing file /home/ec2-user/environment/lab4_model_training/dags/train_model_dag.py for tasks to queue
[2026-03-28T21:10:13.781+0000] {logging_mixin.py:190} INFO - [2026-03-28T21:10:13.781+0000] {dagbag.py:588} INFO - Filling up the DagBag from /home/ec2-user/environment/lab4_model_training/dags/train_model_dag.py
[2026-03-28T21:10:15.035+0000] {logging_mixin.py:190} INFO - [ml_pipeline.model] Model accuracy: 1.0000
[2026-03-28T21:10:15.037+0000] {logging_mixin.py:190} INFO - [ml_pipeline.model] Saved model to models/breast_cancer_model.pkl
[2026-03-28T21:10:15.040+0000] {logging_mixin.py:190} INFO - [2026-03-28T21:10:15.038+0000] {dagbag.py:387} ERROR - Failed to import: /home/ec2-user/environment/lab4_model_training/dags/train_model_dag.py
Traceback (most recent call last):
  File "/home/ec2-user/environment/lab4_model_training/venv/lib64/python3.12/site-packages/airflow/models/dagbag.py", line 383, in parse
    loader.exec_module(new_module)
  File "<frozen importlib._bootstrap_external>", line 999, in exec_module
  File "<frozen importlib._bootstrap>", line 488, in _call_with_frames_removed
  File "/home/ec2-user/environment/lab4_model_training/dags/train_model_dag.py", line 35, in <module>
    train_task = PythonOperator(
                 ^^^^^^^^^^^^^^^
  File "/home/ec2-user/environment/lab4_model_training/venv/lib64/python3.12/site-packages/airflow/models/baseoperator.py", line 490, in apply_defaults
    result = func(self, **kwargs, default_args=default_args)
             ^^^^^^^^^^^^^^^^^^^^^^^^^^^^^^^^^^^^^^^^^^^^^^^
  File "/home/ec2-user/environment/lab4_model_training/venv/lib64/python3.12/site-packages/airflow/operators/python.py", line 224, in __init__
    raise AirflowException("`python_callable` param must be callable")
airflow.exceptions.AirflowException: `python_callable` param must be callable
[2026-03-28T21:10:15.041+0000] {processor.py:927} WARNING - No viable dags retrieved from /home/ec2-user/environment/lab4_model_training/dags/train_model_dag.py
[2026-03-28T21:10:15.054+0000] {processor.py:208} INFO - Processing /home/ec2-user/environment/lab4_model_training/dags/train_model_dag.py took 1.281 seconds
[2026-03-28T21:10:45.548+0000] {processor.py:186} INFO - Started process (PID=20113) to work on /home/ec2-user/environment/lab4_model_training/dags/train_model_dag.py
[2026-03-28T21:10:45.549+0000] {processor.py:914} INFO - Processing file /home/ec2-user/environment/lab4_model_training/dags/train_model_dag.py for tasks to queue
[2026-03-28T21:10:45.550+0000] {logging_mixin.py:190} INFO - [2026-03-28T21:10:45.549+0000] {dagbag.py:588} INFO - Filling up the DagBag from /home/ec2-user/environment/lab4_model_training/dags/train_model_dag.py
[2026-03-28T21:10:46.830+0000] {logging_mixin.py:190} INFO - [ml_pipeline.model] Model accuracy: 1.0000
[2026-03-28T21:10:46.833+0000] {logging_mixin.py:190} INFO - [ml_pipeline.model] Saved model to models/breast_cancer_model.pkl
[2026-03-28T21:10:46.836+0000] {logging_mixin.py:190} INFO - [2026-03-28T21:10:46.834+0000] {dagbag.py:387} ERROR - Failed to import: /home/ec2-user/environment/lab4_model_training/dags/train_model_dag.py
Traceback (most recent call last):
  File "/home/ec2-user/environment/lab4_model_training/venv/lib64/python3.12/site-packages/airflow/models/dagbag.py", line 383, in parse
    loader.exec_module(new_module)
  File "<frozen importlib._bootstrap_external>", line 999, in exec_module
  File "<frozen importlib._bootstrap>", line 488, in _call_with_frames_removed
  File "/home/ec2-user/environment/lab4_model_training/dags/train_model_dag.py", line 35, in <module>
    train_task = PythonOperator(
                 ^^^^^^^^^^^^^^^
  File "/home/ec2-user/environment/lab4_model_training/venv/lib64/python3.12/site-packages/airflow/models/baseoperator.py", line 490, in apply_defaults
    result = func(self, **kwargs, default_args=default_args)
             ^^^^^^^^^^^^^^^^^^^^^^^^^^^^^^^^^^^^^^^^^^^^^^^
  File "/home/ec2-user/environment/lab4_model_training/venv/lib64/python3.12/site-packages/airflow/operators/python.py", line 224, in __init__
    raise AirflowException("`python_callable` param must be callable")
airflow.exceptions.AirflowException: `python_callable` param must be callable
[2026-03-28T21:10:46.837+0000] {processor.py:927} WARNING - No viable dags retrieved from /home/ec2-user/environment/lab4_model_training/dags/train_model_dag.py
[2026-03-28T21:10:46.851+0000] {processor.py:208} INFO - Processing /home/ec2-user/environment/lab4_model_training/dags/train_model_dag.py took 1.308 seconds
[2026-03-28T21:11:17.301+0000] {processor.py:186} INFO - Started process (PID=20134) to work on /home/ec2-user/environment/lab4_model_training/dags/train_model_dag.py
[2026-03-28T21:11:17.301+0000] {processor.py:914} INFO - Processing file /home/ec2-user/environment/lab4_model_training/dags/train_model_dag.py for tasks to queue
[2026-03-28T21:11:17.303+0000] {logging_mixin.py:190} INFO - [2026-03-28T21:11:17.302+0000] {dagbag.py:588} INFO - Filling up the DagBag from /home/ec2-user/environment/lab4_model_training/dags/train_model_dag.py
[2026-03-28T21:11:18.557+0000] {logging_mixin.py:190} INFO - [ml_pipeline.model] Model accuracy: 1.0000
[2026-03-28T21:11:18.559+0000] {logging_mixin.py:190} INFO - [ml_pipeline.model] Saved model to models/breast_cancer_model.pkl
[2026-03-28T21:11:18.561+0000] {logging_mixin.py:190} INFO - [2026-03-28T21:11:18.559+0000] {dagbag.py:387} ERROR - Failed to import: /home/ec2-user/environment/lab4_model_training/dags/train_model_dag.py
Traceback (most recent call last):
  File "/home/ec2-user/environment/lab4_model_training/venv/lib64/python3.12/site-packages/airflow/models/dagbag.py", line 383, in parse
    loader.exec_module(new_module)
  File "<frozen importlib._bootstrap_external>", line 999, in exec_module
  File "<frozen importlib._bootstrap>", line 488, in _call_with_frames_removed
  File "/home/ec2-user/environment/lab4_model_training/dags/train_model_dag.py", line 35, in <module>
    train_task = PythonOperator(
                 ^^^^^^^^^^^^^^^
  File "/home/ec2-user/environment/lab4_model_training/venv/lib64/python3.12/site-packages/airflow/models/baseoperator.py", line 490, in apply_defaults
    result = func(self, **kwargs, default_args=default_args)
             ^^^^^^^^^^^^^^^^^^^^^^^^^^^^^^^^^^^^^^^^^^^^^^^
  File "/home/ec2-user/environment/lab4_model_training/venv/lib64/python3.12/site-packages/airflow/operators/python.py", line 224, in __init__
    raise AirflowException("`python_callable` param must be callable")
airflow.exceptions.AirflowException: `python_callable` param must be callable
[2026-03-28T21:11:18.562+0000] {processor.py:927} WARNING - No viable dags retrieved from /home/ec2-user/environment/lab4_model_training/dags/train_model_dag.py
[2026-03-28T21:11:18.576+0000] {processor.py:208} INFO - Processing /home/ec2-user/environment/lab4_model_training/dags/train_model_dag.py took 1.280 seconds
[2026-03-28T21:11:49.079+0000] {processor.py:186} INFO - Started process (PID=20194) to work on /home/ec2-user/environment/lab4_model_training/dags/train_model_dag.py
[2026-03-28T21:11:49.080+0000] {processor.py:914} INFO - Processing file /home/ec2-user/environment/lab4_model_training/dags/train_model_dag.py for tasks to queue
[2026-03-28T21:11:49.081+0000] {logging_mixin.py:190} INFO - [2026-03-28T21:11:49.081+0000] {dagbag.py:588} INFO - Filling up the DagBag from /home/ec2-user/environment/lab4_model_training/dags/train_model_dag.py
[2026-03-28T21:11:50.347+0000] {logging_mixin.py:190} INFO - [ml_pipeline.model] Model accuracy: 1.0000
[2026-03-28T21:11:50.348+0000] {logging_mixin.py:190} INFO - [ml_pipeline.model] Saved model to models/breast_cancer_model.pkl
[2026-03-28T21:11:50.351+0000] {logging_mixin.py:190} INFO - [2026-03-28T21:11:50.349+0000] {dagbag.py:387} ERROR - Failed to import: /home/ec2-user/environment/lab4_model_training/dags/train_model_dag.py
Traceback (most recent call last):
  File "/home/ec2-user/environment/lab4_model_training/venv/lib64/python3.12/site-packages/airflow/models/dagbag.py", line 383, in parse
    loader.exec_module(new_module)
  File "<frozen importlib._bootstrap_external>", line 999, in exec_module
  File "<frozen importlib._bootstrap>", line 488, in _call_with_frames_removed
  File "/home/ec2-user/environment/lab4_model_training/dags/train_model_dag.py", line 35, in <module>
    train_task = PythonOperator(
                 ^^^^^^^^^^^^^^^
  File "/home/ec2-user/environment/lab4_model_training/venv/lib64/python3.12/site-packages/airflow/models/baseoperator.py", line 490, in apply_defaults
    result = func(self, **kwargs, default_args=default_args)
             ^^^^^^^^^^^^^^^^^^^^^^^^^^^^^^^^^^^^^^^^^^^^^^^
  File "/home/ec2-user/environment/lab4_model_training/venv/lib64/python3.12/site-packages/airflow/operators/python.py", line 224, in __init__
    raise AirflowException("`python_callable` param must be callable")
airflow.exceptions.AirflowException: `python_callable` param must be callable
[2026-03-28T21:11:50.352+0000] {processor.py:927} WARNING - No viable dags retrieved from /home/ec2-user/environment/lab4_model_training/dags/train_model_dag.py
[2026-03-28T21:11:50.366+0000] {processor.py:208} INFO - Processing /home/ec2-user/environment/lab4_model_training/dags/train_model_dag.py took 1.291 seconds
[2026-03-28T21:12:20.753+0000] {processor.py:186} INFO - Started process (PID=20215) to work on /home/ec2-user/environment/lab4_model_training/dags/train_model_dag.py
[2026-03-28T21:12:20.753+0000] {processor.py:914} INFO - Processing file /home/ec2-user/environment/lab4_model_training/dags/train_model_dag.py for tasks to queue
[2026-03-28T21:12:20.755+0000] {logging_mixin.py:190} INFO - [2026-03-28T21:12:20.755+0000] {dagbag.py:588} INFO - Filling up the DagBag from /home/ec2-user/environment/lab4_model_training/dags/train_model_dag.py
[2026-03-28T21:12:22.022+0000] {logging_mixin.py:190} INFO - [ml_pipeline.model] Model accuracy: 1.0000
[2026-03-28T21:12:22.024+0000] {logging_mixin.py:190} INFO - [ml_pipeline.model] Saved model to models/breast_cancer_model.pkl
[2026-03-28T21:12:22.026+0000] {logging_mixin.py:190} INFO - [2026-03-28T21:12:22.024+0000] {dagbag.py:387} ERROR - Failed to import: /home/ec2-user/environment/lab4_model_training/dags/train_model_dag.py
Traceback (most recent call last):
  File "/home/ec2-user/environment/lab4_model_training/venv/lib64/python3.12/site-packages/airflow/models/dagbag.py", line 383, in parse
    loader.exec_module(new_module)
  File "<frozen importlib._bootstrap_external>", line 999, in exec_module
  File "<frozen importlib._bootstrap>", line 488, in _call_with_frames_removed
  File "/home/ec2-user/environment/lab4_model_training/dags/train_model_dag.py", line 35, in <module>
    train_task = PythonOperator(
                 ^^^^^^^^^^^^^^^
  File "/home/ec2-user/environment/lab4_model_training/venv/lib64/python3.12/site-packages/airflow/models/baseoperator.py", line 490, in apply_defaults
    result = func(self, **kwargs, default_args=default_args)
             ^^^^^^^^^^^^^^^^^^^^^^^^^^^^^^^^^^^^^^^^^^^^^^^
  File "/home/ec2-user/environment/lab4_model_training/venv/lib64/python3.12/site-packages/airflow/operators/python.py", line 224, in __init__
    raise AirflowException("`python_callable` param must be callable")
airflow.exceptions.AirflowException: `python_callable` param must be callable
[2026-03-28T21:12:22.027+0000] {processor.py:927} WARNING - No viable dags retrieved from /home/ec2-user/environment/lab4_model_training/dags/train_model_dag.py
[2026-03-28T21:12:22.041+0000] {processor.py:208} INFO - Processing /home/ec2-user/environment/lab4_model_training/dags/train_model_dag.py took 1.293 seconds
[2026-03-28T21:12:52.933+0000] {processor.py:186} INFO - Started process (PID=20227) to work on /home/ec2-user/environment/lab4_model_training/dags/train_model_dag.py
[2026-03-28T21:12:52.934+0000] {processor.py:914} INFO - Processing file /home/ec2-user/environment/lab4_model_training/dags/train_model_dag.py for tasks to queue
[2026-03-28T21:12:52.935+0000] {logging_mixin.py:190} INFO - [2026-03-28T21:12:52.935+0000] {dagbag.py:588} INFO - Filling up the DagBag from /home/ec2-user/environment/lab4_model_training/dags/train_model_dag.py
[2026-03-28T21:12:54.188+0000] {logging_mixin.py:190} INFO - [ml_pipeline.model] Model accuracy: 1.0000
[2026-03-28T21:12:54.190+0000] {logging_mixin.py:190} INFO - [ml_pipeline.model] Saved model to models/breast_cancer_model.pkl
[2026-03-28T21:12:54.192+0000] {logging_mixin.py:190} INFO - [2026-03-28T21:12:54.190+0000] {dagbag.py:387} ERROR - Failed to import: /home/ec2-user/environment/lab4_model_training/dags/train_model_dag.py
Traceback (most recent call last):
  File "/home/ec2-user/environment/lab4_model_training/venv/lib64/python3.12/site-packages/airflow/models/dagbag.py", line 383, in parse
    loader.exec_module(new_module)
  File "<frozen importlib._bootstrap_external>", line 999, in exec_module
  File "<frozen importlib._bootstrap>", line 488, in _call_with_frames_removed
  File "/home/ec2-user/environment/lab4_model_training/dags/train_model_dag.py", line 35, in <module>
    train_task = PythonOperator(
                 ^^^^^^^^^^^^^^^
  File "/home/ec2-user/environment/lab4_model_training/venv/lib64/python3.12/site-packages/airflow/models/baseoperator.py", line 490, in apply_defaults
    result = func(self, **kwargs, default_args=default_args)
             ^^^^^^^^^^^^^^^^^^^^^^^^^^^^^^^^^^^^^^^^^^^^^^^
  File "/home/ec2-user/environment/lab4_model_training/venv/lib64/python3.12/site-packages/airflow/operators/python.py", line 224, in __init__
    raise AirflowException("`python_callable` param must be callable")
airflow.exceptions.AirflowException: `python_callable` param must be callable
[2026-03-28T21:12:54.193+0000] {processor.py:927} WARNING - No viable dags retrieved from /home/ec2-user/environment/lab4_model_training/dags/train_model_dag.py
[2026-03-28T21:12:54.207+0000] {processor.py:208} INFO - Processing /home/ec2-user/environment/lab4_model_training/dags/train_model_dag.py took 1.279 seconds
[2026-03-28T21:13:24.692+0000] {processor.py:186} INFO - Started process (PID=20248) to work on /home/ec2-user/environment/lab4_model_training/dags/train_model_dag.py
[2026-03-28T21:13:24.693+0000] {processor.py:914} INFO - Processing file /home/ec2-user/environment/lab4_model_training/dags/train_model_dag.py for tasks to queue
[2026-03-28T21:13:24.694+0000] {logging_mixin.py:190} INFO - [2026-03-28T21:13:24.694+0000] {dagbag.py:588} INFO - Filling up the DagBag from /home/ec2-user/environment/lab4_model_training/dags/train_model_dag.py
[2026-03-28T21:13:25.952+0000] {logging_mixin.py:190} INFO - [ml_pipeline.model] Model accuracy: 1.0000
[2026-03-28T21:13:25.953+0000] {logging_mixin.py:190} INFO - [ml_pipeline.model] Saved model to models/breast_cancer_model.pkl
[2026-03-28T21:13:25.956+0000] {logging_mixin.py:190} INFO - [2026-03-28T21:13:25.954+0000] {dagbag.py:387} ERROR - Failed to import: /home/ec2-user/environment/lab4_model_training/dags/train_model_dag.py
Traceback (most recent call last):
  File "/home/ec2-user/environment/lab4_model_training/venv/lib64/python3.12/site-packages/airflow/models/dagbag.py", line 383, in parse
    loader.exec_module(new_module)
  File "<frozen importlib._bootstrap_external>", line 999, in exec_module
  File "<frozen importlib._bootstrap>", line 488, in _call_with_frames_removed
  File "/home/ec2-user/environment/lab4_model_training/dags/train_model_dag.py", line 35, in <module>
    train_task = PythonOperator(
                 ^^^^^^^^^^^^^^^
  File "/home/ec2-user/environment/lab4_model_training/venv/lib64/python3.12/site-packages/airflow/models/baseoperator.py", line 490, in apply_defaults
    result = func(self, **kwargs, default_args=default_args)
             ^^^^^^^^^^^^^^^^^^^^^^^^^^^^^^^^^^^^^^^^^^^^^^^
  File "/home/ec2-user/environment/lab4_model_training/venv/lib64/python3.12/site-packages/airflow/operators/python.py", line 224, in __init__
    raise AirflowException("`python_callable` param must be callable")
airflow.exceptions.AirflowException: `python_callable` param must be callable
[2026-03-28T21:13:25.957+0000] {processor.py:927} WARNING - No viable dags retrieved from /home/ec2-user/environment/lab4_model_training/dags/train_model_dag.py
[2026-03-28T21:13:25.970+0000] {processor.py:208} INFO - Processing /home/ec2-user/environment/lab4_model_training/dags/train_model_dag.py took 1.283 seconds
[2026-03-28T21:13:56.520+0000] {processor.py:186} INFO - Started process (PID=20308) to work on /home/ec2-user/environment/lab4_model_training/dags/train_model_dag.py
[2026-03-28T21:13:56.521+0000] {processor.py:914} INFO - Processing file /home/ec2-user/environment/lab4_model_training/dags/train_model_dag.py for tasks to queue
[2026-03-28T21:13:56.522+0000] {logging_mixin.py:190} INFO - [2026-03-28T21:13:56.522+0000] {dagbag.py:588} INFO - Filling up the DagBag from /home/ec2-user/environment/lab4_model_training/dags/train_model_dag.py
[2026-03-28T21:13:57.790+0000] {logging_mixin.py:190} INFO - [ml_pipeline.model] Model accuracy: 1.0000
[2026-03-28T21:13:57.792+0000] {logging_mixin.py:190} INFO - [ml_pipeline.model] Saved model to models/breast_cancer_model.pkl
[2026-03-28T21:13:57.794+0000] {logging_mixin.py:190} INFO - [2026-03-28T21:13:57.792+0000] {dagbag.py:387} ERROR - Failed to import: /home/ec2-user/environment/lab4_model_training/dags/train_model_dag.py
Traceback (most recent call last):
  File "/home/ec2-user/environment/lab4_model_training/venv/lib64/python3.12/site-packages/airflow/models/dagbag.py", line 383, in parse
    loader.exec_module(new_module)
  File "<frozen importlib._bootstrap_external>", line 999, in exec_module
  File "<frozen importlib._bootstrap>", line 488, in _call_with_frames_removed
  File "/home/ec2-user/environment/lab4_model_training/dags/train_model_dag.py", line 35, in <module>
    train_task = PythonOperator(
                 ^^^^^^^^^^^^^^^
  File "/home/ec2-user/environment/lab4_model_training/venv/lib64/python3.12/site-packages/airflow/models/baseoperator.py", line 490, in apply_defaults
    result = func(self, **kwargs, default_args=default_args)
             ^^^^^^^^^^^^^^^^^^^^^^^^^^^^^^^^^^^^^^^^^^^^^^^
  File "/home/ec2-user/environment/lab4_model_training/venv/lib64/python3.12/site-packages/airflow/operators/python.py", line 224, in __init__
    raise AirflowException("`python_callable` param must be callable")
airflow.exceptions.AirflowException: `python_callable` param must be callable
[2026-03-28T21:13:57.795+0000] {processor.py:927} WARNING - No viable dags retrieved from /home/ec2-user/environment/lab4_model_training/dags/train_model_dag.py
[2026-03-28T21:13:57.809+0000] {processor.py:208} INFO - Processing /home/ec2-user/environment/lab4_model_training/dags/train_model_dag.py took 1.293 seconds
