[2026-03-29T19:53:32.350+0000] {processor.py:186} INFO - Started process (PID=4397) to work on /home/ec2-user/environment/lab4_model_training/dags/generate_data_dag.py
[2026-03-29T19:53:32.350+0000] {processor.py:914} INFO - Processing file /home/ec2-user/environment/lab4_model_training/dags/generate_data_dag.py for tasks to queue
[2026-03-29T19:53:32.352+0000] {logging_mixin.py:190} INFO - [2026-03-29T19:53:32.352+0000] {dagbag.py:588} INFO - Filling up the DagBag from /home/ec2-user/environment/lab4_model_training/dags/generate_data_dag.py
[2026-03-29T19:53:33.814+0000] {processor.py:925} INFO - DAG(s) 'generate_data_only' retrieved from /home/ec2-user/environment/lab4_model_training/dags/generate_data_dag.py
[2026-03-29T19:53:33.828+0000] {logging_mixin.py:190} INFO - [2026-03-29T19:53:33.828+0000] {dag.py:3239} INFO - Sync 1 DAGs
[2026-03-29T19:53:33.838+0000] {logging_mixin.py:190} INFO - [2026-03-29T19:53:33.838+0000] {dag.py:4180} INFO - Setting next_dagrun for generate_data_only to None, run_after=None
[2026-03-29T19:53:33.861+0000] {processor.py:208} INFO - Processing /home/ec2-user/environment/lab4_model_training/dags/generate_data_dag.py took 1.516 seconds
[2026-03-29T19:54:04.550+0000] {processor.py:186} INFO - Started process (PID=4642) to work on /home/ec2-user/environment/lab4_model_training/dags/generate_data_dag.py
[2026-03-29T19:54:04.551+0000] {processor.py:914} INFO - Processing file /home/ec2-user/environment/lab4_model_training/dags/generate_data_dag.py for tasks to queue
[2026-03-29T19:54:04.552+0000] {logging_mixin.py:190} INFO - [2026-03-29T19:54:04.552+0000] {dagbag.py:588} INFO - Filling up the DagBag from /home/ec2-user/environment/lab4_model_training/dags/generate_data_dag.py
[2026-03-29T19:54:05.958+0000] {processor.py:925} INFO - DAG(s) 'generate_data_only' retrieved from /home/ec2-user/environment/lab4_model_training/dags/generate_data_dag.py
[2026-03-29T19:54:05.971+0000] {logging_mixin.py:190} INFO - [2026-03-29T19:54:05.971+0000] {dag.py:3239} INFO - Sync 1 DAGs
[2026-03-29T19:54:05.987+0000] {logging_mixin.py:190} INFO - [2026-03-29T19:54:05.987+0000] {dag.py:4180} INFO - Setting next_dagrun for generate_data_only to None, run_after=None
[2026-03-29T19:54:06.007+0000] {processor.py:208} INFO - Processing /home/ec2-user/environment/lab4_model_training/dags/generate_data_dag.py took 1.462 seconds
[2026-03-29T19:54:42.392+0000] {processor.py:186} INFO - Started process (PID=4892) to work on /home/ec2-user/environment/lab4_model_training/dags/generate_data_dag.py
[2026-03-29T19:54:42.394+0000] {processor.py:914} INFO - Processing file /home/ec2-user/environment/lab4_model_training/dags/generate_data_dag.py for tasks to queue
[2026-03-29T19:54:42.395+0000] {logging_mixin.py:190} INFO - [2026-03-29T19:54:42.395+0000] {dagbag.py:588} INFO - Filling up the DagBag from /home/ec2-user/environment/lab4_model_training/dags/generate_data_dag.py
[2026-03-29T19:54:43.795+0000] {processor.py:925} INFO - DAG(s) 'generate_data_only' retrieved from /home/ec2-user/environment/lab4_model_training/dags/generate_data_dag.py
[2026-03-29T19:54:43.809+0000] {logging_mixin.py:190} INFO - [2026-03-29T19:54:43.809+0000] {dag.py:3239} INFO - Sync 1 DAGs
[2026-03-29T19:54:43.819+0000] {logging_mixin.py:190} INFO - [2026-03-29T19:54:43.819+0000] {dag.py:4180} INFO - Setting next_dagrun for generate_data_only to None, run_after=None
[2026-03-29T19:54:43.837+0000] {processor.py:208} INFO - Processing /home/ec2-user/environment/lab4_model_training/dags/generate_data_dag.py took 1.449 seconds
[2026-03-29T19:55:13.981+0000] {processor.py:186} INFO - Started process (PID=5100) to work on /home/ec2-user/environment/lab4_model_training/dags/generate_data_dag.py
[2026-03-29T19:55:13.982+0000] {processor.py:914} INFO - Processing file /home/ec2-user/environment/lab4_model_training/dags/generate_data_dag.py for tasks to queue
[2026-03-29T19:55:13.983+0000] {logging_mixin.py:190} INFO - [2026-03-29T19:55:13.983+0000] {dagbag.py:588} INFO - Filling up the DagBag from /home/ec2-user/environment/lab4_model_training/dags/generate_data_dag.py
[2026-03-29T19:55:15.485+0000] {processor.py:925} INFO - DAG(s) 'generate_data_only' retrieved from /home/ec2-user/environment/lab4_model_training/dags/generate_data_dag.py
[2026-03-29T19:55:15.499+0000] {logging_mixin.py:190} INFO - [2026-03-29T19:55:15.499+0000] {dag.py:3239} INFO - Sync 1 DAGs
[2026-03-29T19:55:15.509+0000] {logging_mixin.py:190} INFO - [2026-03-29T19:55:15.509+0000] {dag.py:4180} INFO - Setting next_dagrun for generate_data_only to None, run_after=None
[2026-03-29T19:55:15.527+0000] {processor.py:208} INFO - Processing /home/ec2-user/environment/lab4_model_training/dags/generate_data_dag.py took 1.551 seconds
[2026-03-29T19:55:45.688+0000] {processor.py:186} INFO - Started process (PID=5342) to work on /home/ec2-user/environment/lab4_model_training/dags/generate_data_dag.py
[2026-03-29T19:55:45.689+0000] {processor.py:914} INFO - Processing file /home/ec2-user/environment/lab4_model_training/dags/generate_data_dag.py for tasks to queue
[2026-03-29T19:55:45.690+0000] {logging_mixin.py:190} INFO - [2026-03-29T19:55:45.690+0000] {dagbag.py:588} INFO - Filling up the DagBag from /home/ec2-user/environment/lab4_model_training/dags/generate_data_dag.py
[2026-03-29T19:55:47.224+0000] {processor.py:925} INFO - DAG(s) 'generate_data_only' retrieved from /home/ec2-user/environment/lab4_model_training/dags/generate_data_dag.py
[2026-03-29T19:55:47.238+0000] {logging_mixin.py:190} INFO - [2026-03-29T19:55:47.238+0000] {dag.py:3239} INFO - Sync 1 DAGs
[2026-03-29T19:55:47.248+0000] {logging_mixin.py:190} INFO - [2026-03-29T19:55:47.248+0000] {dag.py:4180} INFO - Setting next_dagrun for generate_data_only to None, run_after=None
[2026-03-29T19:55:47.266+0000] {processor.py:208} INFO - Processing /home/ec2-user/environment/lab4_model_training/dags/generate_data_dag.py took 1.584 seconds
[2026-03-29T19:56:17.390+0000] {processor.py:186} INFO - Started process (PID=5575) to work on /home/ec2-user/environment/lab4_model_training/dags/generate_data_dag.py
[2026-03-29T19:56:17.391+0000] {processor.py:914} INFO - Processing file /home/ec2-user/environment/lab4_model_training/dags/generate_data_dag.py for tasks to queue
[2026-03-29T19:56:17.392+0000] {logging_mixin.py:190} INFO - [2026-03-29T19:56:17.392+0000] {dagbag.py:588} INFO - Filling up the DagBag from /home/ec2-user/environment/lab4_model_training/dags/generate_data_dag.py
[2026-03-29T19:56:18.844+0000] {processor.py:925} INFO - DAG(s) 'generate_data_only' retrieved from /home/ec2-user/environment/lab4_model_training/dags/generate_data_dag.py
[2026-03-29T19:56:18.858+0000] {logging_mixin.py:190} INFO - [2026-03-29T19:56:18.857+0000] {dag.py:3239} INFO - Sync 1 DAGs
[2026-03-29T19:56:18.867+0000] {logging_mixin.py:190} INFO - [2026-03-29T19:56:18.867+0000] {dag.py:4180} INFO - Setting next_dagrun for generate_data_only to None, run_after=None
[2026-03-29T19:56:18.886+0000] {processor.py:208} INFO - Processing /home/ec2-user/environment/lab4_model_training/dags/generate_data_dag.py took 1.502 seconds
[2026-03-29T19:56:49.083+0000] {processor.py:186} INFO - Started process (PID=5770) to work on /home/ec2-user/environment/lab4_model_training/dags/generate_data_dag.py
[2026-03-29T19:56:49.083+0000] {processor.py:914} INFO - Processing file /home/ec2-user/environment/lab4_model_training/dags/generate_data_dag.py for tasks to queue
[2026-03-29T19:56:49.084+0000] {logging_mixin.py:190} INFO - [2026-03-29T19:56:49.084+0000] {dagbag.py:588} INFO - Filling up the DagBag from /home/ec2-user/environment/lab4_model_training/dags/generate_data_dag.py
[2026-03-29T19:56:50.474+0000] {processor.py:925} INFO - DAG(s) 'generate_data_only' retrieved from /home/ec2-user/environment/lab4_model_training/dags/generate_data_dag.py
[2026-03-29T19:56:50.491+0000] {logging_mixin.py:190} INFO - [2026-03-29T19:56:50.490+0000] {dag.py:3239} INFO - Sync 1 DAGs
[2026-03-29T19:56:50.504+0000] {logging_mixin.py:190} INFO - [2026-03-29T19:56:50.504+0000] {dag.py:4180} INFO - Setting next_dagrun for generate_data_only to None, run_after=None
[2026-03-29T19:56:50.524+0000] {processor.py:208} INFO - Processing /home/ec2-user/environment/lab4_model_training/dags/generate_data_dag.py took 1.446 seconds
[2026-03-29T19:57:20.681+0000] {processor.py:186} INFO - Started process (PID=6024) to work on /home/ec2-user/environment/lab4_model_training/dags/generate_data_dag.py
[2026-03-29T19:57:20.682+0000] {processor.py:914} INFO - Processing file /home/ec2-user/environment/lab4_model_training/dags/generate_data_dag.py for tasks to queue
[2026-03-29T19:57:20.683+0000] {logging_mixin.py:190} INFO - [2026-03-29T19:57:20.683+0000] {dagbag.py:588} INFO - Filling up the DagBag from /home/ec2-user/environment/lab4_model_training/dags/generate_data_dag.py
[2026-03-29T19:57:22.041+0000] {processor.py:925} INFO - DAG(s) 'generate_data_only' retrieved from /home/ec2-user/environment/lab4_model_training/dags/generate_data_dag.py
[2026-03-29T19:57:22.054+0000] {logging_mixin.py:190} INFO - [2026-03-29T19:57:22.053+0000] {dag.py:3239} INFO - Sync 1 DAGs
[2026-03-29T19:57:22.063+0000] {logging_mixin.py:190} INFO - [2026-03-29T19:57:22.063+0000] {dag.py:4180} INFO - Setting next_dagrun for generate_data_only to None, run_after=None
[2026-03-29T19:57:22.082+0000] {processor.py:208} INFO - Processing /home/ec2-user/environment/lab4_model_training/dags/generate_data_dag.py took 1.406 seconds
[2026-03-29T19:57:52.284+0000] {processor.py:186} INFO - Started process (PID=6222) to work on /home/ec2-user/environment/lab4_model_training/dags/generate_data_dag.py
[2026-03-29T19:57:52.284+0000] {processor.py:914} INFO - Processing file /home/ec2-user/environment/lab4_model_training/dags/generate_data_dag.py for tasks to queue
[2026-03-29T19:57:52.286+0000] {logging_mixin.py:190} INFO - [2026-03-29T19:57:52.285+0000] {dagbag.py:588} INFO - Filling up the DagBag from /home/ec2-user/environment/lab4_model_training/dags/generate_data_dag.py
[2026-03-29T19:57:53.708+0000] {processor.py:925} INFO - DAG(s) 'generate_data_only' retrieved from /home/ec2-user/environment/lab4_model_training/dags/generate_data_dag.py
[2026-03-29T19:57:53.721+0000] {logging_mixin.py:190} INFO - [2026-03-29T19:57:53.721+0000] {dag.py:3239} INFO - Sync 1 DAGs
[2026-03-29T19:57:53.731+0000] {logging_mixin.py:190} INFO - [2026-03-29T19:57:53.731+0000] {dag.py:4180} INFO - Setting next_dagrun for generate_data_only to None, run_after=None
[2026-03-29T19:57:53.748+0000] {processor.py:208} INFO - Processing /home/ec2-user/environment/lab4_model_training/dags/generate_data_dag.py took 1.470 seconds
[2026-03-29T19:58:23.886+0000] {processor.py:186} INFO - Started process (PID=6430) to work on /home/ec2-user/environment/lab4_model_training/dags/generate_data_dag.py
[2026-03-29T19:58:23.887+0000] {processor.py:914} INFO - Processing file /home/ec2-user/environment/lab4_model_training/dags/generate_data_dag.py for tasks to queue
[2026-03-29T19:58:23.888+0000] {logging_mixin.py:190} INFO - [2026-03-29T19:58:23.888+0000] {dagbag.py:588} INFO - Filling up the DagBag from /home/ec2-user/environment/lab4_model_training/dags/generate_data_dag.py
[2026-03-29T19:58:25.204+0000] {processor.py:925} INFO - DAG(s) 'generate_data_only' retrieved from /home/ec2-user/environment/lab4_model_training/dags/generate_data_dag.py
[2026-03-29T19:58:25.218+0000] {logging_mixin.py:190} INFO - [2026-03-29T19:58:25.217+0000] {dag.py:3239} INFO - Sync 1 DAGs
[2026-03-29T19:58:25.228+0000] {logging_mixin.py:190} INFO - [2026-03-29T19:58:25.228+0000] {dag.py:4180} INFO - Setting next_dagrun for generate_data_only to None, run_after=None
[2026-03-29T19:58:25.247+0000] {processor.py:208} INFO - Processing /home/ec2-user/environment/lab4_model_training/dags/generate_data_dag.py took 1.365 seconds
[2026-03-29T19:58:55.391+0000] {processor.py:186} INFO - Started process (PID=6567) to work on /home/ec2-user/environment/lab4_model_training/dags/generate_data_dag.py
[2026-03-29T19:58:55.392+0000] {processor.py:914} INFO - Processing file /home/ec2-user/environment/lab4_model_training/dags/generate_data_dag.py for tasks to queue
[2026-03-29T19:58:55.394+0000] {logging_mixin.py:190} INFO - [2026-03-29T19:58:55.393+0000] {dagbag.py:588} INFO - Filling up the DagBag from /home/ec2-user/environment/lab4_model_training/dags/generate_data_dag.py
[2026-03-29T19:58:56.776+0000] {processor.py:925} INFO - DAG(s) 'generate_data_only' retrieved from /home/ec2-user/environment/lab4_model_training/dags/generate_data_dag.py
[2026-03-29T19:58:56.790+0000] {logging_mixin.py:190} INFO - [2026-03-29T19:58:56.790+0000] {dag.py:3239} INFO - Sync 1 DAGs
[2026-03-29T19:58:56.799+0000] {logging_mixin.py:190} INFO - [2026-03-29T19:58:56.799+0000] {dag.py:4180} INFO - Setting next_dagrun for generate_data_only to None, run_after=None
[2026-03-29T19:58:56.818+0000] {processor.py:208} INFO - Processing /home/ec2-user/environment/lab4_model_training/dags/generate_data_dag.py took 1.431 seconds
[2026-03-29T19:59:26.985+0000] {processor.py:186} INFO - Started process (PID=6657) to work on /home/ec2-user/environment/lab4_model_training/dags/generate_data_dag.py
[2026-03-29T19:59:26.987+0000] {processor.py:914} INFO - Processing file /home/ec2-user/environment/lab4_model_training/dags/generate_data_dag.py for tasks to queue
[2026-03-29T19:59:26.988+0000] {logging_mixin.py:190} INFO - [2026-03-29T19:59:26.988+0000] {dagbag.py:588} INFO - Filling up the DagBag from /home/ec2-user/environment/lab4_model_training/dags/generate_data_dag.py
[2026-03-29T19:59:28.379+0000] {processor.py:925} INFO - DAG(s) 'generate_data_only' retrieved from /home/ec2-user/environment/lab4_model_training/dags/generate_data_dag.py
[2026-03-29T19:59:28.394+0000] {logging_mixin.py:190} INFO - [2026-03-29T19:59:28.393+0000] {dag.py:3239} INFO - Sync 1 DAGs
[2026-03-29T19:59:28.403+0000] {logging_mixin.py:190} INFO - [2026-03-29T19:59:28.403+0000] {dag.py:4180} INFO - Setting next_dagrun for generate_data_only to None, run_after=None
[2026-03-29T19:59:28.421+0000] {processor.py:208} INFO - Processing /home/ec2-user/environment/lab4_model_training/dags/generate_data_dag.py took 1.440 seconds
[2026-03-29T19:59:58.585+0000] {processor.py:186} INFO - Started process (PID=6683) to work on /home/ec2-user/environment/lab4_model_training/dags/generate_data_dag.py
[2026-03-29T19:59:58.585+0000] {processor.py:914} INFO - Processing file /home/ec2-user/environment/lab4_model_training/dags/generate_data_dag.py for tasks to queue
[2026-03-29T19:59:58.586+0000] {logging_mixin.py:190} INFO - [2026-03-29T19:59:58.586+0000] {dagbag.py:588} INFO - Filling up the DagBag from /home/ec2-user/environment/lab4_model_training/dags/generate_data_dag.py
[2026-03-29T19:59:59.958+0000] {processor.py:925} INFO - DAG(s) 'generate_data_only' retrieved from /home/ec2-user/environment/lab4_model_training/dags/generate_data_dag.py
[2026-03-29T19:59:59.971+0000] {logging_mixin.py:190} INFO - [2026-03-29T19:59:59.971+0000] {dag.py:3239} INFO - Sync 1 DAGs
[2026-03-29T19:59:59.981+0000] {logging_mixin.py:190} INFO - [2026-03-29T19:59:59.981+0000] {dag.py:4180} INFO - Setting next_dagrun for generate_data_only to None, run_after=None
[2026-03-29T20:00:00.001+0000] {processor.py:208} INFO - Processing /home/ec2-user/environment/lab4_model_training/dags/generate_data_dag.py took 1.421 seconds
[2026-03-29T20:00:31.647+0000] {processor.py:186} INFO - Started process (PID=6771) to work on /home/ec2-user/environment/lab4_model_training/dags/generate_data_dag.py
[2026-03-29T20:00:31.649+0000] {processor.py:914} INFO - Processing file /home/ec2-user/environment/lab4_model_training/dags/generate_data_dag.py for tasks to queue
[2026-03-29T20:00:31.650+0000] {logging_mixin.py:190} INFO - [2026-03-29T20:00:31.650+0000] {dagbag.py:588} INFO - Filling up the DagBag from /home/ec2-user/environment/lab4_model_training/dags/generate_data_dag.py
[2026-03-29T20:00:33.027+0000] {processor.py:925} INFO - DAG(s) 'generate_data_only' retrieved from /home/ec2-user/environment/lab4_model_training/dags/generate_data_dag.py
[2026-03-29T20:00:33.039+0000] {logging_mixin.py:190} INFO - [2026-03-29T20:00:33.039+0000] {dag.py:3239} INFO - Sync 1 DAGs
[2026-03-29T20:00:33.048+0000] {logging_mixin.py:190} INFO - [2026-03-29T20:00:33.048+0000] {dag.py:4180} INFO - Setting next_dagrun for generate_data_only to None, run_after=None
[2026-03-29T20:00:33.065+0000] {processor.py:208} INFO - Processing /home/ec2-user/environment/lab4_model_training/dags/generate_data_dag.py took 1.422 seconds
[2026-03-29T20:01:03.242+0000] {processor.py:186} INFO - Started process (PID=6851) to work on /home/ec2-user/environment/lab4_model_training/dags/generate_data_dag.py
[2026-03-29T20:01:03.243+0000] {processor.py:914} INFO - Processing file /home/ec2-user/environment/lab4_model_training/dags/generate_data_dag.py for tasks to queue
[2026-03-29T20:01:03.244+0000] {logging_mixin.py:190} INFO - [2026-03-29T20:01:03.244+0000] {dagbag.py:588} INFO - Filling up the DagBag from /home/ec2-user/environment/lab4_model_training/dags/generate_data_dag.py
[2026-03-29T20:01:04.509+0000] {processor.py:925} INFO - DAG(s) 'generate_data_only' retrieved from /home/ec2-user/environment/lab4_model_training/dags/generate_data_dag.py
[2026-03-29T20:01:04.525+0000] {logging_mixin.py:190} INFO - [2026-03-29T20:01:04.525+0000] {dag.py:3239} INFO - Sync 1 DAGs
[2026-03-29T20:01:04.534+0000] {logging_mixin.py:190} INFO - [2026-03-29T20:01:04.534+0000] {dag.py:4180} INFO - Setting next_dagrun for generate_data_only to None, run_after=None
[2026-03-29T20:01:04.551+0000] {processor.py:208} INFO - Processing /home/ec2-user/environment/lab4_model_training/dags/generate_data_dag.py took 1.313 seconds
[2026-03-29T20:01:34.747+0000] {processor.py:186} INFO - Started process (PID=6863) to work on /home/ec2-user/environment/lab4_model_training/dags/generate_data_dag.py
[2026-03-29T20:01:34.748+0000] {processor.py:914} INFO - Processing file /home/ec2-user/environment/lab4_model_training/dags/generate_data_dag.py for tasks to queue
[2026-03-29T20:01:34.749+0000] {logging_mixin.py:190} INFO - [2026-03-29T20:01:34.749+0000] {dagbag.py:588} INFO - Filling up the DagBag from /home/ec2-user/environment/lab4_model_training/dags/generate_data_dag.py
[2026-03-29T20:01:36.002+0000] {processor.py:925} INFO - DAG(s) 'generate_data_only' retrieved from /home/ec2-user/environment/lab4_model_training/dags/generate_data_dag.py
[2026-03-29T20:01:36.015+0000] {logging_mixin.py:190} INFO - [2026-03-29T20:01:36.014+0000] {dag.py:3239} INFO - Sync 1 DAGs
[2026-03-29T20:01:36.024+0000] {logging_mixin.py:190} INFO - [2026-03-29T20:01:36.023+0000] {dag.py:4180} INFO - Setting next_dagrun for generate_data_only to None, run_after=None
[2026-03-29T20:01:36.040+0000] {processor.py:208} INFO - Processing /home/ec2-user/environment/lab4_model_training/dags/generate_data_dag.py took 1.298 seconds
[2026-03-29T20:02:06.242+0000] {processor.py:186} INFO - Started process (PID=6887) to work on /home/ec2-user/environment/lab4_model_training/dags/generate_data_dag.py
[2026-03-29T20:02:06.243+0000] {processor.py:914} INFO - Processing file /home/ec2-user/environment/lab4_model_training/dags/generate_data_dag.py for tasks to queue
[2026-03-29T20:02:06.245+0000] {logging_mixin.py:190} INFO - [2026-03-29T20:02:06.244+0000] {dagbag.py:588} INFO - Filling up the DagBag from /home/ec2-user/environment/lab4_model_training/dags/generate_data_dag.py
[2026-03-29T20:02:07.437+0000] {processor.py:925} INFO - DAG(s) 'generate_data_only' retrieved from /home/ec2-user/environment/lab4_model_training/dags/generate_data_dag.py
[2026-03-29T20:02:07.449+0000] {logging_mixin.py:190} INFO - [2026-03-29T20:02:07.449+0000] {dag.py:3239} INFO - Sync 1 DAGs
[2026-03-29T20:02:07.458+0000] {logging_mixin.py:190} INFO - [2026-03-29T20:02:07.458+0000] {dag.py:4180} INFO - Setting next_dagrun for generate_data_only to None, run_after=None
[2026-03-29T20:02:07.476+0000] {processor.py:208} INFO - Processing /home/ec2-user/environment/lab4_model_training/dags/generate_data_dag.py took 1.238 seconds
[2026-03-29T20:02:37.639+0000] {processor.py:186} INFO - Started process (PID=6947) to work on /home/ec2-user/environment/lab4_model_training/dags/generate_data_dag.py
[2026-03-29T20:02:37.640+0000] {processor.py:914} INFO - Processing file /home/ec2-user/environment/lab4_model_training/dags/generate_data_dag.py for tasks to queue
[2026-03-29T20:02:37.642+0000] {logging_mixin.py:190} INFO - [2026-03-29T20:02:37.641+0000] {dagbag.py:588} INFO - Filling up the DagBag from /home/ec2-user/environment/lab4_model_training/dags/generate_data_dag.py
[2026-03-29T20:02:38.835+0000] {processor.py:925} INFO - DAG(s) 'generate_data_only' retrieved from /home/ec2-user/environment/lab4_model_training/dags/generate_data_dag.py
[2026-03-29T20:02:38.848+0000] {logging_mixin.py:190} INFO - [2026-03-29T20:02:38.848+0000] {dag.py:3239} INFO - Sync 1 DAGs
[2026-03-29T20:02:38.857+0000] {logging_mixin.py:190} INFO - [2026-03-29T20:02:38.857+0000] {dag.py:4180} INFO - Setting next_dagrun for generate_data_only to None, run_after=None
[2026-03-29T20:02:38.874+0000] {processor.py:208} INFO - Processing /home/ec2-user/environment/lab4_model_training/dags/generate_data_dag.py took 1.240 seconds
[2026-03-29T20:03:09.034+0000] {processor.py:186} INFO - Started process (PID=6996) to work on /home/ec2-user/environment/lab4_model_training/dags/generate_data_dag.py
[2026-03-29T20:03:09.035+0000] {processor.py:914} INFO - Processing file /home/ec2-user/environment/lab4_model_training/dags/generate_data_dag.py for tasks to queue
[2026-03-29T20:03:09.036+0000] {logging_mixin.py:190} INFO - [2026-03-29T20:03:09.036+0000] {dagbag.py:588} INFO - Filling up the DagBag from /home/ec2-user/environment/lab4_model_training/dags/generate_data_dag.py
[2026-03-29T20:03:10.200+0000] {processor.py:925} INFO - DAG(s) 'generate_data_only' retrieved from /home/ec2-user/environment/lab4_model_training/dags/generate_data_dag.py
[2026-03-29T20:03:10.213+0000] {logging_mixin.py:190} INFO - [2026-03-29T20:03:10.213+0000] {dag.py:3239} INFO - Sync 1 DAGs
[2026-03-29T20:03:10.222+0000] {logging_mixin.py:190} INFO - [2026-03-29T20:03:10.222+0000] {dag.py:4180} INFO - Setting next_dagrun for generate_data_only to None, run_after=None
[2026-03-29T20:03:10.238+0000] {processor.py:208} INFO - Processing /home/ec2-user/environment/lab4_model_training/dags/generate_data_dag.py took 1.209 seconds
[2026-03-29T20:03:40.429+0000] {processor.py:186} INFO - Started process (PID=7008) to work on /home/ec2-user/environment/lab4_model_training/dags/generate_data_dag.py
[2026-03-29T20:03:40.430+0000] {processor.py:914} INFO - Processing file /home/ec2-user/environment/lab4_model_training/dags/generate_data_dag.py for tasks to queue
[2026-03-29T20:03:40.431+0000] {logging_mixin.py:190} INFO - [2026-03-29T20:03:40.431+0000] {dagbag.py:588} INFO - Filling up the DagBag from /home/ec2-user/environment/lab4_model_training/dags/generate_data_dag.py
[2026-03-29T20:03:41.616+0000] {processor.py:925} INFO - DAG(s) 'generate_data_only' retrieved from /home/ec2-user/environment/lab4_model_training/dags/generate_data_dag.py
[2026-03-29T20:03:41.629+0000] {logging_mixin.py:190} INFO - [2026-03-29T20:03:41.629+0000] {dag.py:3239} INFO - Sync 1 DAGs
[2026-03-29T20:03:41.638+0000] {logging_mixin.py:190} INFO - [2026-03-29T20:03:41.638+0000] {dag.py:4180} INFO - Setting next_dagrun for generate_data_only to None, run_after=None
[2026-03-29T20:03:41.654+0000] {processor.py:208} INFO - Processing /home/ec2-user/environment/lab4_model_training/dags/generate_data_dag.py took 1.230 seconds
[2026-03-29T20:04:11.821+0000] {processor.py:186} INFO - Started process (PID=7033) to work on /home/ec2-user/environment/lab4_model_training/dags/generate_data_dag.py
[2026-03-29T20:04:11.822+0000] {processor.py:914} INFO - Processing file /home/ec2-user/environment/lab4_model_training/dags/generate_data_dag.py for tasks to queue
[2026-03-29T20:04:11.824+0000] {logging_mixin.py:190} INFO - [2026-03-29T20:04:11.823+0000] {dagbag.py:588} INFO - Filling up the DagBag from /home/ec2-user/environment/lab4_model_training/dags/generate_data_dag.py
[2026-03-29T20:04:13.006+0000] {processor.py:925} INFO - DAG(s) 'generate_data_only' retrieved from /home/ec2-user/environment/lab4_model_training/dags/generate_data_dag.py
[2026-03-29T20:04:13.019+0000] {logging_mixin.py:190} INFO - [2026-03-29T20:04:13.018+0000] {dag.py:3239} INFO - Sync 1 DAGs
[2026-03-29T20:04:13.027+0000] {logging_mixin.py:190} INFO - [2026-03-29T20:04:13.027+0000] {dag.py:4180} INFO - Setting next_dagrun for generate_data_only to None, run_after=None
[2026-03-29T20:04:13.045+0000] {processor.py:208} INFO - Processing /home/ec2-user/environment/lab4_model_training/dags/generate_data_dag.py took 1.229 seconds
[2026-03-29T20:04:43.215+0000] {processor.py:186} INFO - Started process (PID=7100) to work on /home/ec2-user/environment/lab4_model_training/dags/generate_data_dag.py
[2026-03-29T20:04:43.216+0000] {processor.py:914} INFO - Processing file /home/ec2-user/environment/lab4_model_training/dags/generate_data_dag.py for tasks to queue
[2026-03-29T20:04:43.218+0000] {logging_mixin.py:190} INFO - [2026-03-29T20:04:43.217+0000] {dagbag.py:588} INFO - Filling up the DagBag from /home/ec2-user/environment/lab4_model_training/dags/generate_data_dag.py
[2026-03-29T20:04:44.395+0000] {processor.py:925} INFO - DAG(s) 'generate_data_only' retrieved from /home/ec2-user/environment/lab4_model_training/dags/generate_data_dag.py
[2026-03-29T20:04:44.406+0000] {logging_mixin.py:190} INFO - [2026-03-29T20:04:44.406+0000] {dag.py:3239} INFO - Sync 1 DAGs
[2026-03-29T20:04:44.415+0000] {logging_mixin.py:190} INFO - [2026-03-29T20:04:44.415+0000] {dag.py:4180} INFO - Setting next_dagrun for generate_data_only to None, run_after=None
[2026-03-29T20:04:44.432+0000] {processor.py:208} INFO - Processing /home/ec2-user/environment/lab4_model_training/dags/generate_data_dag.py took 1.221 seconds
[2026-03-29T20:05:14.606+0000] {processor.py:186} INFO - Started process (PID=7124) to work on /home/ec2-user/environment/lab4_model_training/dags/generate_data_dag.py
[2026-03-29T20:05:14.608+0000] {processor.py:914} INFO - Processing file /home/ec2-user/environment/lab4_model_training/dags/generate_data_dag.py for tasks to queue
[2026-03-29T20:05:14.609+0000] {logging_mixin.py:190} INFO - [2026-03-29T20:05:14.609+0000] {dagbag.py:588} INFO - Filling up the DagBag from /home/ec2-user/environment/lab4_model_training/dags/generate_data_dag.py
[2026-03-29T20:05:15.773+0000] {processor.py:925} INFO - DAG(s) 'generate_data_only' retrieved from /home/ec2-user/environment/lab4_model_training/dags/generate_data_dag.py
[2026-03-29T20:05:15.785+0000] {logging_mixin.py:190} INFO - [2026-03-29T20:05:15.785+0000] {dag.py:3239} INFO - Sync 1 DAGs
[2026-03-29T20:05:15.794+0000] {logging_mixin.py:190} INFO - [2026-03-29T20:05:15.793+0000] {dag.py:4180} INFO - Setting next_dagrun for generate_data_only to None, run_after=None
[2026-03-29T20:05:15.810+0000] {processor.py:208} INFO - Processing /home/ec2-user/environment/lab4_model_training/dags/generate_data_dag.py took 1.208 seconds
[2026-03-29T20:05:45.997+0000] {processor.py:186} INFO - Started process (PID=7136) to work on /home/ec2-user/environment/lab4_model_training/dags/generate_data_dag.py
[2026-03-29T20:05:45.998+0000] {processor.py:914} INFO - Processing file /home/ec2-user/environment/lab4_model_training/dags/generate_data_dag.py for tasks to queue
[2026-03-29T20:05:45.999+0000] {logging_mixin.py:190} INFO - [2026-03-29T20:05:45.998+0000] {dagbag.py:588} INFO - Filling up the DagBag from /home/ec2-user/environment/lab4_model_training/dags/generate_data_dag.py
[2026-03-29T20:05:47.178+0000] {processor.py:925} INFO - DAG(s) 'generate_data_only' retrieved from /home/ec2-user/environment/lab4_model_training/dags/generate_data_dag.py
[2026-03-29T20:05:47.190+0000] {logging_mixin.py:190} INFO - [2026-03-29T20:05:47.190+0000] {dag.py:3239} INFO - Sync 1 DAGs
[2026-03-29T20:05:47.199+0000] {logging_mixin.py:190} INFO - [2026-03-29T20:05:47.199+0000] {dag.py:4180} INFO - Setting next_dagrun for generate_data_only to None, run_after=None
[2026-03-29T20:05:47.215+0000] {processor.py:208} INFO - Processing /home/ec2-user/environment/lab4_model_training/dags/generate_data_dag.py took 1.223 seconds
[2026-03-29T20:06:17.831+0000] {processor.py:186} INFO - Started process (PID=7160) to work on /home/ec2-user/environment/lab4_model_training/dags/generate_data_dag.py
[2026-03-29T20:06:17.832+0000] {processor.py:914} INFO - Processing file /home/ec2-user/environment/lab4_model_training/dags/generate_data_dag.py for tasks to queue
[2026-03-29T20:06:17.834+0000] {logging_mixin.py:190} INFO - [2026-03-29T20:06:17.833+0000] {dagbag.py:588} INFO - Filling up the DagBag from /home/ec2-user/environment/lab4_model_training/dags/generate_data_dag.py
[2026-03-29T20:06:19.044+0000] {processor.py:925} INFO - DAG(s) 'generate_data_only' retrieved from /home/ec2-user/environment/lab4_model_training/dags/generate_data_dag.py
[2026-03-29T20:06:19.056+0000] {logging_mixin.py:190} INFO - [2026-03-29T20:06:19.056+0000] {dag.py:3239} INFO - Sync 1 DAGs
[2026-03-29T20:06:19.065+0000] {logging_mixin.py:190} INFO - [2026-03-29T20:06:19.065+0000] {dag.py:4180} INFO - Setting next_dagrun for generate_data_only to None, run_after=None
[2026-03-29T20:06:19.082+0000] {processor.py:208} INFO - Processing /home/ec2-user/environment/lab4_model_training/dags/generate_data_dag.py took 1.256 seconds
[2026-03-29T20:06:49.258+0000] {processor.py:186} INFO - Started process (PID=7220) to work on /home/ec2-user/environment/lab4_model_training/dags/generate_data_dag.py
[2026-03-29T20:06:49.260+0000] {processor.py:914} INFO - Processing file /home/ec2-user/environment/lab4_model_training/dags/generate_data_dag.py for tasks to queue
[2026-03-29T20:06:49.261+0000] {logging_mixin.py:190} INFO - [2026-03-29T20:06:49.261+0000] {dagbag.py:588} INFO - Filling up the DagBag from /home/ec2-user/environment/lab4_model_training/dags/generate_data_dag.py
[2026-03-29T20:06:50.421+0000] {processor.py:925} INFO - DAG(s) 'generate_data_only' retrieved from /home/ec2-user/environment/lab4_model_training/dags/generate_data_dag.py
[2026-03-29T20:06:50.433+0000] {logging_mixin.py:190} INFO - [2026-03-29T20:06:50.432+0000] {dag.py:3239} INFO - Sync 1 DAGs
[2026-03-29T20:06:50.442+0000] {logging_mixin.py:190} INFO - [2026-03-29T20:06:50.442+0000] {dag.py:4180} INFO - Setting next_dagrun for generate_data_only to None, run_after=None
[2026-03-29T20:06:50.458+0000] {processor.py:208} INFO - Processing /home/ec2-user/environment/lab4_model_training/dags/generate_data_dag.py took 1.205 seconds
[2026-03-29T20:07:20.620+0000] {processor.py:186} INFO - Started process (PID=7244) to work on /home/ec2-user/environment/lab4_model_training/dags/generate_data_dag.py
[2026-03-29T20:07:20.620+0000] {processor.py:914} INFO - Processing file /home/ec2-user/environment/lab4_model_training/dags/generate_data_dag.py for tasks to queue
[2026-03-29T20:07:20.622+0000] {logging_mixin.py:190} INFO - [2026-03-29T20:07:20.621+0000] {dagbag.py:588} INFO - Filling up the DagBag from /home/ec2-user/environment/lab4_model_training/dags/generate_data_dag.py
[2026-03-29T20:07:21.790+0000] {processor.py:925} INFO - DAG(s) 'generate_data_only' retrieved from /home/ec2-user/environment/lab4_model_training/dags/generate_data_dag.py
[2026-03-29T20:07:21.801+0000] {logging_mixin.py:190} INFO - [2026-03-29T20:07:21.801+0000] {dag.py:3239} INFO - Sync 1 DAGs
[2026-03-29T20:07:21.811+0000] {logging_mixin.py:190} INFO - [2026-03-29T20:07:21.811+0000] {dag.py:4180} INFO - Setting next_dagrun for generate_data_only to None, run_after=None
[2026-03-29T20:07:21.828+0000] {processor.py:208} INFO - Processing /home/ec2-user/environment/lab4_model_training/dags/generate_data_dag.py took 1.213 seconds
[2026-03-29T20:07:51.993+0000] {processor.py:186} INFO - Started process (PID=7256) to work on /home/ec2-user/environment/lab4_model_training/dags/generate_data_dag.py
[2026-03-29T20:07:51.994+0000] {processor.py:914} INFO - Processing file /home/ec2-user/environment/lab4_model_training/dags/generate_data_dag.py for tasks to queue
[2026-03-29T20:07:51.996+0000] {logging_mixin.py:190} INFO - [2026-03-29T20:07:51.995+0000] {dagbag.py:588} INFO - Filling up the DagBag from /home/ec2-user/environment/lab4_model_training/dags/generate_data_dag.py
[2026-03-29T20:07:53.162+0000] {processor.py:925} INFO - DAG(s) 'generate_data_only' retrieved from /home/ec2-user/environment/lab4_model_training/dags/generate_data_dag.py
[2026-03-29T20:07:53.174+0000] {logging_mixin.py:190} INFO - [2026-03-29T20:07:53.174+0000] {dag.py:3239} INFO - Sync 1 DAGs
[2026-03-29T20:07:53.183+0000] {logging_mixin.py:190} INFO - [2026-03-29T20:07:53.183+0000] {dag.py:4180} INFO - Setting next_dagrun for generate_data_only to None, run_after=None
[2026-03-29T20:07:53.199+0000] {processor.py:208} INFO - Processing /home/ec2-user/environment/lab4_model_training/dags/generate_data_dag.py took 1.211 seconds
[2026-03-29T20:08:23.453+0000] {processor.py:186} INFO - Started process (PID=7329) to work on /home/ec2-user/environment/lab4_model_training/dags/generate_data_dag.py
[2026-03-29T20:08:23.454+0000] {processor.py:914} INFO - Processing file /home/ec2-user/environment/lab4_model_training/dags/generate_data_dag.py for tasks to queue
[2026-03-29T20:08:23.455+0000] {logging_mixin.py:190} INFO - [2026-03-29T20:08:23.455+0000] {dagbag.py:588} INFO - Filling up the DagBag from /home/ec2-user/environment/lab4_model_training/dags/generate_data_dag.py
[2026-03-29T20:08:24.614+0000] {processor.py:925} INFO - DAG(s) 'generate_data_only' retrieved from /home/ec2-user/environment/lab4_model_training/dags/generate_data_dag.py
[2026-03-29T20:08:24.627+0000] {logging_mixin.py:190} INFO - [2026-03-29T20:08:24.626+0000] {dag.py:3239} INFO - Sync 1 DAGs
[2026-03-29T20:08:24.635+0000] {logging_mixin.py:190} INFO - [2026-03-29T20:08:24.635+0000] {dag.py:4180} INFO - Setting next_dagrun for generate_data_only to None, run_after=None
[2026-03-29T20:08:24.651+0000] {processor.py:208} INFO - Processing /home/ec2-user/environment/lab4_model_training/dags/generate_data_dag.py took 1.204 seconds
[2026-03-29T20:08:54.889+0000] {processor.py:186} INFO - Started process (PID=7341) to work on /home/ec2-user/environment/lab4_model_training/dags/generate_data_dag.py
[2026-03-29T20:08:54.890+0000] {processor.py:914} INFO - Processing file /home/ec2-user/environment/lab4_model_training/dags/generate_data_dag.py for tasks to queue
[2026-03-29T20:08:54.891+0000] {logging_mixin.py:190} INFO - [2026-03-29T20:08:54.891+0000] {dagbag.py:588} INFO - Filling up the DagBag from /home/ec2-user/environment/lab4_model_training/dags/generate_data_dag.py
[2026-03-29T20:08:56.074+0000] {processor.py:925} INFO - DAG(s) 'generate_data_only' retrieved from /home/ec2-user/environment/lab4_model_training/dags/generate_data_dag.py
[2026-03-29T20:08:56.086+0000] {logging_mixin.py:190} INFO - [2026-03-29T20:08:56.086+0000] {dag.py:3239} INFO - Sync 1 DAGs
[2026-03-29T20:08:56.095+0000] {logging_mixin.py:190} INFO - [2026-03-29T20:08:56.095+0000] {dag.py:4180} INFO - Setting next_dagrun for generate_data_only to None, run_after=None
[2026-03-29T20:08:56.111+0000] {processor.py:208} INFO - Processing /home/ec2-user/environment/lab4_model_training/dags/generate_data_dag.py took 1.227 seconds
[2026-03-29T20:09:26.287+0000] {processor.py:186} INFO - Started process (PID=7408) to work on /home/ec2-user/environment/lab4_model_training/dags/generate_data_dag.py
[2026-03-29T20:09:26.288+0000] {processor.py:914} INFO - Processing file /home/ec2-user/environment/lab4_model_training/dags/generate_data_dag.py for tasks to queue
[2026-03-29T20:09:26.289+0000] {logging_mixin.py:190} INFO - [2026-03-29T20:09:26.288+0000] {dagbag.py:588} INFO - Filling up the DagBag from /home/ec2-user/environment/lab4_model_training/dags/generate_data_dag.py
[2026-03-29T20:09:27.465+0000] {processor.py:925} INFO - DAG(s) 'generate_data_only' retrieved from /home/ec2-user/environment/lab4_model_training/dags/generate_data_dag.py
[2026-03-29T20:09:27.477+0000] {logging_mixin.py:190} INFO - [2026-03-29T20:09:27.476+0000] {dag.py:3239} INFO - Sync 1 DAGs
[2026-03-29T20:09:27.485+0000] {logging_mixin.py:190} INFO - [2026-03-29T20:09:27.485+0000] {dag.py:4180} INFO - Setting next_dagrun for generate_data_only to None, run_after=None
[2026-03-29T20:09:27.500+0000] {processor.py:208} INFO - Processing /home/ec2-user/environment/lab4_model_training/dags/generate_data_dag.py took 1.217 seconds
[2026-03-29T20:09:57.684+0000] {processor.py:186} INFO - Started process (PID=7423) to work on /home/ec2-user/environment/lab4_model_training/dags/generate_data_dag.py
[2026-03-29T20:09:57.686+0000] {processor.py:914} INFO - Processing file /home/ec2-user/environment/lab4_model_training/dags/generate_data_dag.py for tasks to queue
[2026-03-29T20:09:57.686+0000] {logging_mixin.py:190} INFO - [2026-03-29T20:09:57.686+0000] {dagbag.py:588} INFO - Filling up the DagBag from /home/ec2-user/environment/lab4_model_training/dags/generate_data_dag.py
[2026-03-29T20:09:58.845+0000] {processor.py:925} INFO - DAG(s) 'generate_data_only' retrieved from /home/ec2-user/environment/lab4_model_training/dags/generate_data_dag.py
[2026-03-29T20:09:58.857+0000] {logging_mixin.py:190} INFO - [2026-03-29T20:09:58.856+0000] {dag.py:3239} INFO - Sync 1 DAGs
[2026-03-29T20:09:58.865+0000] {logging_mixin.py:190} INFO - [2026-03-29T20:09:58.865+0000] {dag.py:4180} INFO - Setting next_dagrun for generate_data_only to None, run_after=None
[2026-03-29T20:09:58.879+0000] {processor.py:208} INFO - Processing /home/ec2-user/environment/lab4_model_training/dags/generate_data_dag.py took 1.200 seconds
[2026-03-29T20:10:29.386+0000] {processor.py:186} INFO - Started process (PID=7493) to work on /home/ec2-user/environment/lab4_model_training/dags/generate_data_dag.py
[2026-03-29T20:10:29.387+0000] {processor.py:914} INFO - Processing file /home/ec2-user/environment/lab4_model_training/dags/generate_data_dag.py for tasks to queue
[2026-03-29T20:10:29.388+0000] {logging_mixin.py:190} INFO - [2026-03-29T20:10:29.387+0000] {dagbag.py:588} INFO - Filling up the DagBag from /home/ec2-user/environment/lab4_model_training/dags/generate_data_dag.py
[2026-03-29T20:10:30.546+0000] {processor.py:925} INFO - DAG(s) 'generate_data_only' retrieved from /home/ec2-user/environment/lab4_model_training/dags/generate_data_dag.py
[2026-03-29T20:10:30.558+0000] {logging_mixin.py:190} INFO - [2026-03-29T20:10:30.557+0000] {dag.py:3239} INFO - Sync 1 DAGs
[2026-03-29T20:10:30.566+0000] {logging_mixin.py:190} INFO - [2026-03-29T20:10:30.566+0000] {dag.py:4180} INFO - Setting next_dagrun for generate_data_only to None, run_after=None
[2026-03-29T20:10:30.581+0000] {processor.py:208} INFO - Processing /home/ec2-user/environment/lab4_model_training/dags/generate_data_dag.py took 1.201 seconds
[2026-03-29T20:11:01.525+0000] {processor.py:186} INFO - Started process (PID=7505) to work on /home/ec2-user/environment/lab4_model_training/dags/generate_data_dag.py
[2026-03-29T20:11:01.526+0000] {processor.py:914} INFO - Processing file /home/ec2-user/environment/lab4_model_training/dags/generate_data_dag.py for tasks to queue
[2026-03-29T20:11:01.527+0000] {logging_mixin.py:190} INFO - [2026-03-29T20:11:01.526+0000] {dagbag.py:588} INFO - Filling up the DagBag from /home/ec2-user/environment/lab4_model_training/dags/generate_data_dag.py
[2026-03-29T20:11:02.694+0000] {processor.py:925} INFO - DAG(s) 'generate_data_only' retrieved from /home/ec2-user/environment/lab4_model_training/dags/generate_data_dag.py
[2026-03-29T20:11:02.705+0000] {logging_mixin.py:190} INFO - [2026-03-29T20:11:02.705+0000] {dag.py:3239} INFO - Sync 1 DAGs
[2026-03-29T20:11:02.714+0000] {logging_mixin.py:190} INFO - [2026-03-29T20:11:02.714+0000] {dag.py:4180} INFO - Setting next_dagrun for generate_data_only to None, run_after=None
[2026-03-29T20:11:02.729+0000] {processor.py:208} INFO - Processing /home/ec2-user/environment/lab4_model_training/dags/generate_data_dag.py took 1.209 seconds
[2026-03-29T20:11:32.926+0000] {processor.py:186} INFO - Started process (PID=7526) to work on /home/ec2-user/environment/lab4_model_training/dags/generate_data_dag.py
[2026-03-29T20:11:32.928+0000] {processor.py:914} INFO - Processing file /home/ec2-user/environment/lab4_model_training/dags/generate_data_dag.py for tasks to queue
[2026-03-29T20:11:32.929+0000] {logging_mixin.py:190} INFO - [2026-03-29T20:11:32.929+0000] {dagbag.py:588} INFO - Filling up the DagBag from /home/ec2-user/environment/lab4_model_training/dags/generate_data_dag.py
[2026-03-29T20:11:34.106+0000] {processor.py:925} INFO - DAG(s) 'generate_data_only' retrieved from /home/ec2-user/environment/lab4_model_training/dags/generate_data_dag.py
[2026-03-29T20:11:34.117+0000] {logging_mixin.py:190} INFO - [2026-03-29T20:11:34.117+0000] {dag.py:3239} INFO - Sync 1 DAGs
[2026-03-29T20:11:34.126+0000] {logging_mixin.py:190} INFO - [2026-03-29T20:11:34.126+0000] {dag.py:4180} INFO - Setting next_dagrun for generate_data_only to None, run_after=None
[2026-03-29T20:11:34.141+0000] {processor.py:208} INFO - Processing /home/ec2-user/environment/lab4_model_training/dags/generate_data_dag.py took 1.219 seconds
[2026-03-29T20:12:05.064+0000] {processor.py:186} INFO - Started process (PID=7547) to work on /home/ec2-user/environment/lab4_model_training/dags/generate_data_dag.py
[2026-03-29T20:12:05.065+0000] {processor.py:914} INFO - Processing file /home/ec2-user/environment/lab4_model_training/dags/generate_data_dag.py for tasks to queue
[2026-03-29T20:12:05.066+0000] {logging_mixin.py:190} INFO - [2026-03-29T20:12:05.065+0000] {dagbag.py:588} INFO - Filling up the DagBag from /home/ec2-user/environment/lab4_model_training/dags/generate_data_dag.py
[2026-03-29T20:12:06.253+0000] {processor.py:925} INFO - DAG(s) 'generate_data_only' retrieved from /home/ec2-user/environment/lab4_model_training/dags/generate_data_dag.py
[2026-03-29T20:12:06.265+0000] {logging_mixin.py:190} INFO - [2026-03-29T20:12:06.265+0000] {dag.py:3239} INFO - Sync 1 DAGs
[2026-03-29T20:12:06.273+0000] {logging_mixin.py:190} INFO - [2026-03-29T20:12:06.273+0000] {dag.py:4180} INFO - Setting next_dagrun for generate_data_only to None, run_after=None
[2026-03-29T20:12:06.288+0000] {processor.py:208} INFO - Processing /home/ec2-user/environment/lab4_model_training/dags/generate_data_dag.py took 1.229 seconds
[2026-03-29T20:12:36.428+0000] {processor.py:186} INFO - Started process (PID=7607) to work on /home/ec2-user/environment/lab4_model_training/dags/generate_data_dag.py
[2026-03-29T20:12:36.429+0000] {processor.py:914} INFO - Processing file /home/ec2-user/environment/lab4_model_training/dags/generate_data_dag.py for tasks to queue
[2026-03-29T20:12:36.430+0000] {logging_mixin.py:190} INFO - [2026-03-29T20:12:36.430+0000] {dagbag.py:588} INFO - Filling up the DagBag from /home/ec2-user/environment/lab4_model_training/dags/generate_data_dag.py
[2026-03-29T20:12:37.591+0000] {processor.py:925} INFO - DAG(s) 'generate_data_only' retrieved from /home/ec2-user/environment/lab4_model_training/dags/generate_data_dag.py
[2026-03-29T20:12:37.604+0000] {logging_mixin.py:190} INFO - [2026-03-29T20:12:37.603+0000] {dag.py:3239} INFO - Sync 1 DAGs
[2026-03-29T20:12:37.612+0000] {logging_mixin.py:190} INFO - [2026-03-29T20:12:37.611+0000] {dag.py:4180} INFO - Setting next_dagrun for generate_data_only to None, run_after=None
[2026-03-29T20:12:37.627+0000] {processor.py:208} INFO - Processing /home/ec2-user/environment/lab4_model_training/dags/generate_data_dag.py took 1.203 seconds
[2026-03-29T20:13:07.791+0000] {processor.py:186} INFO - Started process (PID=7628) to work on /home/ec2-user/environment/lab4_model_training/dags/generate_data_dag.py
[2026-03-29T20:13:07.792+0000] {processor.py:914} INFO - Processing file /home/ec2-user/environment/lab4_model_training/dags/generate_data_dag.py for tasks to queue
[2026-03-29T20:13:07.793+0000] {logging_mixin.py:190} INFO - [2026-03-29T20:13:07.793+0000] {dagbag.py:588} INFO - Filling up the DagBag from /home/ec2-user/environment/lab4_model_training/dags/generate_data_dag.py
[2026-03-29T20:13:08.976+0000] {processor.py:925} INFO - DAG(s) 'generate_data_only' retrieved from /home/ec2-user/environment/lab4_model_training/dags/generate_data_dag.py
[2026-03-29T20:13:08.988+0000] {logging_mixin.py:190} INFO - [2026-03-29T20:13:08.988+0000] {dag.py:3239} INFO - Sync 1 DAGs
[2026-03-29T20:13:08.996+0000] {logging_mixin.py:190} INFO - [2026-03-29T20:13:08.996+0000] {dag.py:4180} INFO - Setting next_dagrun for generate_data_only to None, run_after=None
[2026-03-29T20:13:09.011+0000] {processor.py:208} INFO - Processing /home/ec2-user/environment/lab4_model_training/dags/generate_data_dag.py took 1.225 seconds
[2026-03-29T20:13:39.163+0000] {processor.py:186} INFO - Started process (PID=7640) to work on /home/ec2-user/environment/lab4_model_training/dags/generate_data_dag.py
[2026-03-29T20:13:39.163+0000] {processor.py:914} INFO - Processing file /home/ec2-user/environment/lab4_model_training/dags/generate_data_dag.py for tasks to queue
[2026-03-29T20:13:39.164+0000] {logging_mixin.py:190} INFO - [2026-03-29T20:13:39.164+0000] {dagbag.py:588} INFO - Filling up the DagBag from /home/ec2-user/environment/lab4_model_training/dags/generate_data_dag.py
[2026-03-29T20:13:40.337+0000] {processor.py:925} INFO - DAG(s) 'generate_data_only' retrieved from /home/ec2-user/environment/lab4_model_training/dags/generate_data_dag.py
[2026-03-29T20:13:40.349+0000] {logging_mixin.py:190} INFO - [2026-03-29T20:13:40.348+0000] {dag.py:3239} INFO - Sync 1 DAGs
[2026-03-29T20:13:40.357+0000] {logging_mixin.py:190} INFO - [2026-03-29T20:13:40.357+0000] {dag.py:4180} INFO - Setting next_dagrun for generate_data_only to None, run_after=None
[2026-03-29T20:13:40.372+0000] {processor.py:208} INFO - Processing /home/ec2-user/environment/lab4_model_training/dags/generate_data_dag.py took 1.214 seconds
[2026-03-29T20:14:10.520+0000] {processor.py:186} INFO - Started process (PID=7945) to work on /home/ec2-user/environment/lab4_model_training/dags/generate_data_dag.py
[2026-03-29T20:14:10.522+0000] {processor.py:914} INFO - Processing file /home/ec2-user/environment/lab4_model_training/dags/generate_data_dag.py for tasks to queue
[2026-03-29T20:14:10.523+0000] {logging_mixin.py:190} INFO - [2026-03-29T20:14:10.522+0000] {dagbag.py:588} INFO - Filling up the DagBag from /home/ec2-user/environment/lab4_model_training/dags/generate_data_dag.py
[2026-03-29T20:14:11.698+0000] {processor.py:925} INFO - DAG(s) 'generate_data_only' retrieved from /home/ec2-user/environment/lab4_model_training/dags/generate_data_dag.py
[2026-03-29T20:14:11.710+0000] {logging_mixin.py:190} INFO - [2026-03-29T20:14:11.710+0000] {dag.py:3239} INFO - Sync 1 DAGs
[2026-03-29T20:14:11.718+0000] {logging_mixin.py:190} INFO - [2026-03-29T20:14:11.718+0000] {dag.py:4180} INFO - Setting next_dagrun for generate_data_only to None, run_after=None
[2026-03-29T20:14:11.734+0000] {processor.py:208} INFO - Processing /home/ec2-user/environment/lab4_model_training/dags/generate_data_dag.py took 1.218 seconds
[2026-03-29T20:14:42.538+0000] {processor.py:186} INFO - Started process (PID=7983) to work on /home/ec2-user/environment/lab4_model_training/dags/generate_data_dag.py
[2026-03-29T20:14:42.540+0000] {processor.py:914} INFO - Processing file /home/ec2-user/environment/lab4_model_training/dags/generate_data_dag.py for tasks to queue
[2026-03-29T20:14:42.541+0000] {logging_mixin.py:190} INFO - [2026-03-29T20:14:42.540+0000] {dagbag.py:588} INFO - Filling up the DagBag from /home/ec2-user/environment/lab4_model_training/dags/generate_data_dag.py
[2026-03-29T20:14:43.728+0000] {processor.py:925} INFO - DAG(s) 'generate_data_only' retrieved from /home/ec2-user/environment/lab4_model_training/dags/generate_data_dag.py
[2026-03-29T20:14:43.740+0000] {logging_mixin.py:190} INFO - [2026-03-29T20:14:43.740+0000] {dag.py:3239} INFO - Sync 1 DAGs
[2026-03-29T20:14:43.748+0000] {logging_mixin.py:190} INFO - [2026-03-29T20:14:43.748+0000] {dag.py:4180} INFO - Setting next_dagrun for generate_data_only to None, run_after=None
[2026-03-29T20:14:43.765+0000] {processor.py:208} INFO - Processing /home/ec2-user/environment/lab4_model_training/dags/generate_data_dag.py took 1.231 seconds
[2026-03-29T20:15:14.528+0000] {processor.py:186} INFO - Started process (PID=8026) to work on /home/ec2-user/environment/lab4_model_training/dags/generate_data_dag.py
[2026-03-29T20:15:14.529+0000] {processor.py:914} INFO - Processing file /home/ec2-user/environment/lab4_model_training/dags/generate_data_dag.py for tasks to queue
[2026-03-29T20:15:14.530+0000] {logging_mixin.py:190} INFO - [2026-03-29T20:15:14.529+0000] {dagbag.py:588} INFO - Filling up the DagBag from /home/ec2-user/environment/lab4_model_training/dags/generate_data_dag.py
[2026-03-29T20:15:15.712+0000] {processor.py:925} INFO - DAG(s) 'generate_data_only' retrieved from /home/ec2-user/environment/lab4_model_training/dags/generate_data_dag.py
[2026-03-29T20:15:15.723+0000] {logging_mixin.py:190} INFO - [2026-03-29T20:15:15.723+0000] {dag.py:3239} INFO - Sync 1 DAGs
[2026-03-29T20:15:15.732+0000] {logging_mixin.py:190} INFO - [2026-03-29T20:15:15.732+0000] {dag.py:4180} INFO - Setting next_dagrun for generate_data_only to None, run_after=None
[2026-03-29T20:15:15.748+0000] {processor.py:208} INFO - Processing /home/ec2-user/environment/lab4_model_training/dags/generate_data_dag.py took 1.225 seconds
[2026-03-29T20:15:46.808+0000] {processor.py:186} INFO - Started process (PID=8104) to work on /home/ec2-user/environment/lab4_model_training/dags/generate_data_dag.py
[2026-03-29T20:15:46.809+0000] {processor.py:914} INFO - Processing file /home/ec2-user/environment/lab4_model_training/dags/generate_data_dag.py for tasks to queue
[2026-03-29T20:15:46.810+0000] {logging_mixin.py:190} INFO - [2026-03-29T20:15:46.810+0000] {dagbag.py:588} INFO - Filling up the DagBag from /home/ec2-user/environment/lab4_model_training/dags/generate_data_dag.py
[2026-03-29T20:15:47.986+0000] {processor.py:925} INFO - DAG(s) 'generate_data_only' retrieved from /home/ec2-user/environment/lab4_model_training/dags/generate_data_dag.py
[2026-03-29T20:15:47.998+0000] {logging_mixin.py:190} INFO - [2026-03-29T20:15:47.998+0000] {dag.py:3239} INFO - Sync 1 DAGs
[2026-03-29T20:15:48.007+0000] {logging_mixin.py:190} INFO - [2026-03-29T20:15:48.007+0000] {dag.py:4180} INFO - Setting next_dagrun for generate_data_only to None, run_after=None
[2026-03-29T20:15:48.023+0000] {processor.py:208} INFO - Processing /home/ec2-user/environment/lab4_model_training/dags/generate_data_dag.py took 1.220 seconds
[2026-03-29T20:16:18.281+0000] {processor.py:186} INFO - Started process (PID=8148) to work on /home/ec2-user/environment/lab4_model_training/dags/generate_data_dag.py
[2026-03-29T20:16:18.282+0000] {processor.py:914} INFO - Processing file /home/ec2-user/environment/lab4_model_training/dags/generate_data_dag.py for tasks to queue
[2026-03-29T20:16:18.283+0000] {logging_mixin.py:190} INFO - [2026-03-29T20:16:18.283+0000] {dagbag.py:588} INFO - Filling up the DagBag from /home/ec2-user/environment/lab4_model_training/dags/generate_data_dag.py
[2026-03-29T20:16:19.466+0000] {processor.py:925} INFO - DAG(s) 'generate_data_only' retrieved from /home/ec2-user/environment/lab4_model_training/dags/generate_data_dag.py
[2026-03-29T20:16:19.478+0000] {logging_mixin.py:190} INFO - [2026-03-29T20:16:19.478+0000] {dag.py:3239} INFO - Sync 1 DAGs
[2026-03-29T20:16:19.486+0000] {logging_mixin.py:190} INFO - [2026-03-29T20:16:19.486+0000] {dag.py:4180} INFO - Setting next_dagrun for generate_data_only to None, run_after=None
[2026-03-29T20:16:19.501+0000] {processor.py:208} INFO - Processing /home/ec2-user/environment/lab4_model_training/dags/generate_data_dag.py took 1.225 seconds
[2026-03-29T20:16:49.687+0000] {processor.py:186} INFO - Started process (PID=8175) to work on /home/ec2-user/environment/lab4_model_training/dags/generate_data_dag.py
[2026-03-29T20:16:49.688+0000] {processor.py:914} INFO - Processing file /home/ec2-user/environment/lab4_model_training/dags/generate_data_dag.py for tasks to queue
[2026-03-29T20:16:49.689+0000] {logging_mixin.py:190} INFO - [2026-03-29T20:16:49.689+0000] {dagbag.py:588} INFO - Filling up the DagBag from /home/ec2-user/environment/lab4_model_training/dags/generate_data_dag.py
[2026-03-29T20:16:50.848+0000] {processor.py:925} INFO - DAG(s) 'generate_data_only' retrieved from /home/ec2-user/environment/lab4_model_training/dags/generate_data_dag.py
[2026-03-29T20:16:50.860+0000] {logging_mixin.py:190} INFO - [2026-03-29T20:16:50.859+0000] {dag.py:3239} INFO - Sync 1 DAGs
[2026-03-29T20:16:50.868+0000] {logging_mixin.py:190} INFO - [2026-03-29T20:16:50.868+0000] {dag.py:4180} INFO - Setting next_dagrun for generate_data_only to None, run_after=None
[2026-03-29T20:16:50.883+0000] {processor.py:208} INFO - Processing /home/ec2-user/environment/lab4_model_training/dags/generate_data_dag.py took 1.201 seconds
[2026-03-29T20:17:21.088+0000] {processor.py:186} INFO - Started process (PID=8261) to work on /home/ec2-user/environment/lab4_model_training/dags/generate_data_dag.py
[2026-03-29T20:17:21.088+0000] {processor.py:914} INFO - Processing file /home/ec2-user/environment/lab4_model_training/dags/generate_data_dag.py for tasks to queue
[2026-03-29T20:17:21.089+0000] {logging_mixin.py:190} INFO - [2026-03-29T20:17:21.089+0000] {dagbag.py:588} INFO - Filling up the DagBag from /home/ec2-user/environment/lab4_model_training/dags/generate_data_dag.py
[2026-03-29T20:17:22.249+0000] {processor.py:925} INFO - DAG(s) 'generate_data_only' retrieved from /home/ec2-user/environment/lab4_model_training/dags/generate_data_dag.py
[2026-03-29T20:17:22.260+0000] {logging_mixin.py:190} INFO - [2026-03-29T20:17:22.260+0000] {dag.py:3239} INFO - Sync 1 DAGs
[2026-03-29T20:17:22.268+0000] {logging_mixin.py:190} INFO - [2026-03-29T20:17:22.268+0000] {dag.py:4180} INFO - Setting next_dagrun for generate_data_only to None, run_after=None
[2026-03-29T20:17:22.283+0000] {processor.py:208} INFO - Processing /home/ec2-user/environment/lab4_model_training/dags/generate_data_dag.py took 1.201 seconds
[2026-03-29T20:17:52.498+0000] {processor.py:186} INFO - Started process (PID=8299) to work on /home/ec2-user/environment/lab4_model_training/dags/generate_data_dag.py
[2026-03-29T20:17:52.500+0000] {processor.py:914} INFO - Processing file /home/ec2-user/environment/lab4_model_training/dags/generate_data_dag.py for tasks to queue
[2026-03-29T20:17:52.501+0000] {logging_mixin.py:190} INFO - [2026-03-29T20:17:52.501+0000] {dagbag.py:588} INFO - Filling up the DagBag from /home/ec2-user/environment/lab4_model_training/dags/generate_data_dag.py
[2026-03-29T20:17:54.048+0000] {processor.py:925} INFO - DAG(s) 'generate_data_only' retrieved from /home/ec2-user/environment/lab4_model_training/dags/generate_data_dag.py
[2026-03-29T20:17:54.060+0000] {logging_mixin.py:190} INFO - [2026-03-29T20:17:54.059+0000] {dag.py:3239} INFO - Sync 1 DAGs
[2026-03-29T20:17:54.068+0000] {logging_mixin.py:190} INFO - [2026-03-29T20:17:54.067+0000] {dag.py:4180} INFO - Setting next_dagrun for generate_data_only to None, run_after=None
[2026-03-29T20:17:54.084+0000] {processor.py:208} INFO - Processing /home/ec2-user/environment/lab4_model_training/dags/generate_data_dag.py took 1.592 seconds
[2026-03-29T20:18:24.741+0000] {processor.py:186} INFO - Started process (PID=8361) to work on /home/ec2-user/environment/lab4_model_training/dags/generate_data_dag.py
[2026-03-29T20:18:24.741+0000] {processor.py:914} INFO - Processing file /home/ec2-user/environment/lab4_model_training/dags/generate_data_dag.py for tasks to queue
[2026-03-29T20:18:24.742+0000] {logging_mixin.py:190} INFO - [2026-03-29T20:18:24.742+0000] {dagbag.py:588} INFO - Filling up the DagBag from /home/ec2-user/environment/lab4_model_training/dags/generate_data_dag.py
[2026-03-29T20:18:25.899+0000] {processor.py:925} INFO - DAG(s) 'generate_data_only' retrieved from /home/ec2-user/environment/lab4_model_training/dags/generate_data_dag.py
[2026-03-29T20:18:25.910+0000] {logging_mixin.py:190} INFO - [2026-03-29T20:18:25.910+0000] {dag.py:3239} INFO - Sync 1 DAGs
[2026-03-29T20:18:25.918+0000] {logging_mixin.py:190} INFO - [2026-03-29T20:18:25.918+0000] {dag.py:4180} INFO - Setting next_dagrun for generate_data_only to None, run_after=None
[2026-03-29T20:18:25.934+0000] {processor.py:208} INFO - Processing /home/ec2-user/environment/lab4_model_training/dags/generate_data_dag.py took 1.199 seconds
[2026-03-29T20:18:56.849+0000] {processor.py:186} INFO - Started process (PID=8393) to work on /home/ec2-user/environment/lab4_model_training/dags/generate_data_dag.py
[2026-03-29T20:18:56.850+0000] {processor.py:914} INFO - Processing file /home/ec2-user/environment/lab4_model_training/dags/generate_data_dag.py for tasks to queue
[2026-03-29T20:18:56.851+0000] {logging_mixin.py:190} INFO - [2026-03-29T20:18:56.851+0000] {dagbag.py:588} INFO - Filling up the DagBag from /home/ec2-user/environment/lab4_model_training/dags/generate_data_dag.py
[2026-03-29T20:18:58.031+0000] {processor.py:925} INFO - DAG(s) 'generate_data_only' retrieved from /home/ec2-user/environment/lab4_model_training/dags/generate_data_dag.py
[2026-03-29T20:18:58.043+0000] {logging_mixin.py:190} INFO - [2026-03-29T20:18:58.043+0000] {dag.py:3239} INFO - Sync 1 DAGs
[2026-03-29T20:18:58.052+0000] {logging_mixin.py:190} INFO - [2026-03-29T20:18:58.052+0000] {dag.py:4180} INFO - Setting next_dagrun for generate_data_only to None, run_after=None
[2026-03-29T20:18:58.068+0000] {processor.py:208} INFO - Processing /home/ec2-user/environment/lab4_model_training/dags/generate_data_dag.py took 1.223 seconds
[2026-03-29T20:19:28.932+0000] {processor.py:186} INFO - Started process (PID=8482) to work on /home/ec2-user/environment/lab4_model_training/dags/generate_data_dag.py
[2026-03-29T20:19:28.933+0000] {processor.py:914} INFO - Processing file /home/ec2-user/environment/lab4_model_training/dags/generate_data_dag.py for tasks to queue
[2026-03-29T20:19:28.935+0000] {logging_mixin.py:190} INFO - [2026-03-29T20:19:28.935+0000] {dagbag.py:588} INFO - Filling up the DagBag from /home/ec2-user/environment/lab4_model_training/dags/generate_data_dag.py
[2026-03-29T20:19:30.111+0000] {processor.py:925} INFO - DAG(s) 'generate_data_only' retrieved from /home/ec2-user/environment/lab4_model_training/dags/generate_data_dag.py
[2026-03-29T20:19:30.124+0000] {logging_mixin.py:190} INFO - [2026-03-29T20:19:30.123+0000] {dag.py:3239} INFO - Sync 1 DAGs
[2026-03-29T20:19:30.132+0000] {logging_mixin.py:190} INFO - [2026-03-29T20:19:30.132+0000] {dag.py:4180} INFO - Setting next_dagrun for generate_data_only to None, run_after=None
[2026-03-29T20:19:30.147+0000] {processor.py:208} INFO - Processing /home/ec2-user/environment/lab4_model_training/dags/generate_data_dag.py took 1.219 seconds
[2026-03-29T20:20:00.329+0000] {processor.py:186} INFO - Started process (PID=8511) to work on /home/ec2-user/environment/lab4_model_training/dags/generate_data_dag.py
[2026-03-29T20:20:00.330+0000] {processor.py:914} INFO - Processing file /home/ec2-user/environment/lab4_model_training/dags/generate_data_dag.py for tasks to queue
[2026-03-29T20:20:00.331+0000] {logging_mixin.py:190} INFO - [2026-03-29T20:20:00.330+0000] {dagbag.py:588} INFO - Filling up the DagBag from /home/ec2-user/environment/lab4_model_training/dags/generate_data_dag.py
[2026-03-29T20:20:01.524+0000] {processor.py:925} INFO - DAG(s) 'generate_data_only' retrieved from /home/ec2-user/environment/lab4_model_training/dags/generate_data_dag.py
[2026-03-29T20:20:01.536+0000] {logging_mixin.py:190} INFO - [2026-03-29T20:20:01.536+0000] {dag.py:3239} INFO - Sync 1 DAGs
[2026-03-29T20:20:01.544+0000] {logging_mixin.py:190} INFO - [2026-03-29T20:20:01.544+0000] {dag.py:4180} INFO - Setting next_dagrun for generate_data_only to None, run_after=None
[2026-03-29T20:20:01.561+0000] {processor.py:208} INFO - Processing /home/ec2-user/environment/lab4_model_training/dags/generate_data_dag.py took 1.238 seconds
[2026-03-29T20:20:32.322+0000] {processor.py:186} INFO - Started process (PID=8601) to work on /home/ec2-user/environment/lab4_model_training/dags/generate_data_dag.py
[2026-03-29T20:20:32.323+0000] {processor.py:914} INFO - Processing file /home/ec2-user/environment/lab4_model_training/dags/generate_data_dag.py for tasks to queue
[2026-03-29T20:20:32.324+0000] {logging_mixin.py:190} INFO - [2026-03-29T20:20:32.324+0000] {dagbag.py:588} INFO - Filling up the DagBag from /home/ec2-user/environment/lab4_model_training/dags/generate_data_dag.py
[2026-03-29T20:20:33.501+0000] {processor.py:925} INFO - DAG(s) 'generate_data_only' retrieved from /home/ec2-user/environment/lab4_model_training/dags/generate_data_dag.py
[2026-03-29T20:20:33.513+0000] {logging_mixin.py:190} INFO - [2026-03-29T20:20:33.513+0000] {dag.py:3239} INFO - Sync 1 DAGs
[2026-03-29T20:20:33.522+0000] {logging_mixin.py:190} INFO - [2026-03-29T20:20:33.521+0000] {dag.py:4180} INFO - Setting next_dagrun for generate_data_only to None, run_after=None
[2026-03-29T20:20:33.537+0000] {processor.py:208} INFO - Processing /home/ec2-user/environment/lab4_model_training/dags/generate_data_dag.py took 1.219 seconds
[2026-03-29T20:21:04.091+0000] {processor.py:186} INFO - Started process (PID=8643) to work on /home/ec2-user/environment/lab4_model_training/dags/generate_data_dag.py
[2026-03-29T20:21:04.092+0000] {processor.py:914} INFO - Processing file /home/ec2-user/environment/lab4_model_training/dags/generate_data_dag.py for tasks to queue
[2026-03-29T20:21:04.093+0000] {logging_mixin.py:190} INFO - [2026-03-29T20:21:04.093+0000] {dagbag.py:588} INFO - Filling up the DagBag from /home/ec2-user/environment/lab4_model_training/dags/generate_data_dag.py
[2026-03-29T20:21:05.255+0000] {processor.py:925} INFO - DAG(s) 'generate_data_only' retrieved from /home/ec2-user/environment/lab4_model_training/dags/generate_data_dag.py
[2026-03-29T20:21:05.268+0000] {logging_mixin.py:190} INFO - [2026-03-29T20:21:05.267+0000] {dag.py:3239} INFO - Sync 1 DAGs
[2026-03-29T20:21:05.276+0000] {logging_mixin.py:190} INFO - [2026-03-29T20:21:05.276+0000] {dag.py:4180} INFO - Setting next_dagrun for generate_data_only to None, run_after=None
[2026-03-29T20:21:05.291+0000] {processor.py:208} INFO - Processing /home/ec2-user/environment/lab4_model_training/dags/generate_data_dag.py took 1.205 seconds
[2026-03-29T20:21:35.728+0000] {processor.py:186} INFO - Started process (PID=8691) to work on /home/ec2-user/environment/lab4_model_training/dags/generate_data_dag.py
[2026-03-29T20:21:35.729+0000] {processor.py:914} INFO - Processing file /home/ec2-user/environment/lab4_model_training/dags/generate_data_dag.py for tasks to queue
[2026-03-29T20:21:35.730+0000] {logging_mixin.py:190} INFO - [2026-03-29T20:21:35.730+0000] {dagbag.py:588} INFO - Filling up the DagBag from /home/ec2-user/environment/lab4_model_training/dags/generate_data_dag.py
[2026-03-29T20:21:36.889+0000] {processor.py:925} INFO - DAG(s) 'generate_data_only' retrieved from /home/ec2-user/environment/lab4_model_training/dags/generate_data_dag.py
[2026-03-29T20:21:36.901+0000] {logging_mixin.py:190} INFO - [2026-03-29T20:21:36.900+0000] {dag.py:3239} INFO - Sync 1 DAGs
[2026-03-29T20:21:36.909+0000] {logging_mixin.py:190} INFO - [2026-03-29T20:21:36.909+0000] {dag.py:4180} INFO - Setting next_dagrun for generate_data_only to None, run_after=None
[2026-03-29T20:21:36.924+0000] {processor.py:208} INFO - Processing /home/ec2-user/environment/lab4_model_training/dags/generate_data_dag.py took 1.202 seconds
[2026-03-29T20:22:07.602+0000] {processor.py:186} INFO - Started process (PID=8729) to work on /home/ec2-user/environment/lab4_model_training/dags/generate_data_dag.py
[2026-03-29T20:22:07.603+0000] {processor.py:914} INFO - Processing file /home/ec2-user/environment/lab4_model_training/dags/generate_data_dag.py for tasks to queue
[2026-03-29T20:22:07.604+0000] {logging_mixin.py:190} INFO - [2026-03-29T20:22:07.603+0000] {dagbag.py:588} INFO - Filling up the DagBag from /home/ec2-user/environment/lab4_model_training/dags/generate_data_dag.py
[2026-03-29T20:22:08.766+0000] {processor.py:925} INFO - DAG(s) 'generate_data_only' retrieved from /home/ec2-user/environment/lab4_model_training/dags/generate_data_dag.py
[2026-03-29T20:22:08.777+0000] {logging_mixin.py:190} INFO - [2026-03-29T20:22:08.777+0000] {dag.py:3239} INFO - Sync 1 DAGs
[2026-03-29T20:22:08.785+0000] {logging_mixin.py:190} INFO - [2026-03-29T20:22:08.785+0000] {dag.py:4180} INFO - Setting next_dagrun for generate_data_only to None, run_after=None
[2026-03-29T20:22:08.800+0000] {processor.py:208} INFO - Processing /home/ec2-user/environment/lab4_model_training/dags/generate_data_dag.py took 1.204 seconds
[2026-03-29T20:22:39.475+0000] {processor.py:186} INFO - Started process (PID=8803) to work on /home/ec2-user/environment/lab4_model_training/dags/generate_data_dag.py
[2026-03-29T20:22:39.476+0000] {processor.py:914} INFO - Processing file /home/ec2-user/environment/lab4_model_training/dags/generate_data_dag.py for tasks to queue
[2026-03-29T20:22:39.478+0000] {logging_mixin.py:190} INFO - [2026-03-29T20:22:39.477+0000] {dagbag.py:588} INFO - Filling up the DagBag from /home/ec2-user/environment/lab4_model_training/dags/generate_data_dag.py
[2026-03-29T20:22:40.634+0000] {processor.py:925} INFO - DAG(s) 'generate_data_only' retrieved from /home/ec2-user/environment/lab4_model_training/dags/generate_data_dag.py
[2026-03-29T20:22:40.646+0000] {logging_mixin.py:190} INFO - [2026-03-29T20:22:40.645+0000] {dag.py:3239} INFO - Sync 1 DAGs
[2026-03-29T20:22:40.654+0000] {logging_mixin.py:190} INFO - [2026-03-29T20:22:40.654+0000] {dag.py:4180} INFO - Setting next_dagrun for generate_data_only to None, run_after=None
[2026-03-29T20:22:40.670+0000] {processor.py:208} INFO - Processing /home/ec2-user/environment/lab4_model_training/dags/generate_data_dag.py took 1.200 seconds
[2026-03-29T20:23:11.350+0000] {processor.py:186} INFO - Started process (PID=8845) to work on /home/ec2-user/environment/lab4_model_training/dags/generate_data_dag.py
[2026-03-29T20:23:11.351+0000] {processor.py:914} INFO - Processing file /home/ec2-user/environment/lab4_model_training/dags/generate_data_dag.py for tasks to queue
[2026-03-29T20:23:11.352+0000] {logging_mixin.py:190} INFO - [2026-03-29T20:23:11.352+0000] {dagbag.py:588} INFO - Filling up the DagBag from /home/ec2-user/environment/lab4_model_training/dags/generate_data_dag.py
[2026-03-29T20:23:12.507+0000] {processor.py:925} INFO - DAG(s) 'generate_data_only' retrieved from /home/ec2-user/environment/lab4_model_training/dags/generate_data_dag.py
[2026-03-29T20:23:12.519+0000] {logging_mixin.py:190} INFO - [2026-03-29T20:23:12.518+0000] {dag.py:3239} INFO - Sync 1 DAGs
[2026-03-29T20:23:12.527+0000] {logging_mixin.py:190} INFO - [2026-03-29T20:23:12.526+0000] {dag.py:4180} INFO - Setting next_dagrun for generate_data_only to None, run_after=None
[2026-03-29T20:23:12.542+0000] {processor.py:208} INFO - Processing /home/ec2-user/environment/lab4_model_training/dags/generate_data_dag.py took 1.198 seconds
[2026-03-29T20:23:43.231+0000] {processor.py:186} INFO - Started process (PID=8871) to work on /home/ec2-user/environment/lab4_model_training/dags/generate_data_dag.py
[2026-03-29T20:23:43.231+0000] {processor.py:914} INFO - Processing file /home/ec2-user/environment/lab4_model_training/dags/generate_data_dag.py for tasks to queue
[2026-03-29T20:23:43.232+0000] {logging_mixin.py:190} INFO - [2026-03-29T20:23:43.232+0000] {dagbag.py:588} INFO - Filling up the DagBag from /home/ec2-user/environment/lab4_model_training/dags/generate_data_dag.py
[2026-03-29T20:23:44.388+0000] {processor.py:925} INFO - DAG(s) 'generate_data_only' retrieved from /home/ec2-user/environment/lab4_model_training/dags/generate_data_dag.py
[2026-03-29T20:23:44.399+0000] {logging_mixin.py:190} INFO - [2026-03-29T20:23:44.399+0000] {dag.py:3239} INFO - Sync 1 DAGs
[2026-03-29T20:23:44.408+0000] {logging_mixin.py:190} INFO - [2026-03-29T20:23:44.408+0000] {dag.py:4180} INFO - Setting next_dagrun for generate_data_only to None, run_after=None
[2026-03-29T20:23:44.423+0000] {processor.py:208} INFO - Processing /home/ec2-user/environment/lab4_model_training/dags/generate_data_dag.py took 1.198 seconds
[2026-03-29T20:24:15.173+0000] {processor.py:186} INFO - Started process (PID=8922) to work on /home/ec2-user/environment/lab4_model_training/dags/generate_data_dag.py
[2026-03-29T20:24:15.174+0000] {processor.py:914} INFO - Processing file /home/ec2-user/environment/lab4_model_training/dags/generate_data_dag.py for tasks to queue
[2026-03-29T20:24:15.175+0000] {logging_mixin.py:190} INFO - [2026-03-29T20:24:15.175+0000] {dagbag.py:588} INFO - Filling up the DagBag from /home/ec2-user/environment/lab4_model_training/dags/generate_data_dag.py
[2026-03-29T20:24:16.331+0000] {processor.py:925} INFO - DAG(s) 'generate_data_only' retrieved from /home/ec2-user/environment/lab4_model_training/dags/generate_data_dag.py
[2026-03-29T20:24:16.343+0000] {logging_mixin.py:190} INFO - [2026-03-29T20:24:16.343+0000] {dag.py:3239} INFO - Sync 1 DAGs
[2026-03-29T20:24:16.351+0000] {logging_mixin.py:190} INFO - [2026-03-29T20:24:16.351+0000] {dag.py:4180} INFO - Setting next_dagrun for generate_data_only to None, run_after=None
[2026-03-29T20:24:16.366+0000] {processor.py:208} INFO - Processing /home/ec2-user/environment/lab4_model_training/dags/generate_data_dag.py took 1.198 seconds
[2026-03-29T20:24:46.559+0000] {processor.py:186} INFO - Started process (PID=9030) to work on /home/ec2-user/environment/lab4_model_training/dags/generate_data_dag.py
[2026-03-29T20:24:46.559+0000] {processor.py:914} INFO - Processing file /home/ec2-user/environment/lab4_model_training/dags/generate_data_dag.py for tasks to queue
[2026-03-29T20:24:46.560+0000] {logging_mixin.py:190} INFO - [2026-03-29T20:24:46.560+0000] {dagbag.py:588} INFO - Filling up the DagBag from /home/ec2-user/environment/lab4_model_training/dags/generate_data_dag.py
[2026-03-29T20:24:47.716+0000] {processor.py:925} INFO - DAG(s) 'generate_data_only' retrieved from /home/ec2-user/environment/lab4_model_training/dags/generate_data_dag.py
[2026-03-29T20:24:47.728+0000] {logging_mixin.py:190} INFO - [2026-03-29T20:24:47.728+0000] {dag.py:3239} INFO - Sync 1 DAGs
[2026-03-29T20:24:47.736+0000] {logging_mixin.py:190} INFO - [2026-03-29T20:24:47.736+0000] {dag.py:4180} INFO - Setting next_dagrun for generate_data_only to None, run_after=None
[2026-03-29T20:24:47.751+0000] {processor.py:208} INFO - Processing /home/ec2-user/environment/lab4_model_training/dags/generate_data_dag.py took 1.197 seconds
[2026-03-29T20:25:18.013+0000] {processor.py:186} INFO - Started process (PID=9074) to work on /home/ec2-user/environment/lab4_model_training/dags/generate_data_dag.py
[2026-03-29T20:25:18.014+0000] {processor.py:914} INFO - Processing file /home/ec2-user/environment/lab4_model_training/dags/generate_data_dag.py for tasks to queue
[2026-03-29T20:25:18.015+0000] {logging_mixin.py:190} INFO - [2026-03-29T20:25:18.015+0000] {dagbag.py:588} INFO - Filling up the DagBag from /home/ec2-user/environment/lab4_model_training/dags/generate_data_dag.py
[2026-03-29T20:25:19.191+0000] {processor.py:925} INFO - DAG(s) 'generate_data_only' retrieved from /home/ec2-user/environment/lab4_model_training/dags/generate_data_dag.py
[2026-03-29T20:25:19.203+0000] {logging_mixin.py:190} INFO - [2026-03-29T20:25:19.203+0000] {dag.py:3239} INFO - Sync 1 DAGs
[2026-03-29T20:25:19.211+0000] {logging_mixin.py:190} INFO - [2026-03-29T20:25:19.211+0000] {dag.py:4180} INFO - Setting next_dagrun for generate_data_only to None, run_after=None
[2026-03-29T20:25:19.226+0000] {processor.py:208} INFO - Processing /home/ec2-user/environment/lab4_model_training/dags/generate_data_dag.py took 1.218 seconds
[2026-03-29T20:25:49.417+0000] {processor.py:186} INFO - Started process (PID=9100) to work on /home/ec2-user/environment/lab4_model_training/dags/generate_data_dag.py
[2026-03-29T20:25:49.417+0000] {processor.py:914} INFO - Processing file /home/ec2-user/environment/lab4_model_training/dags/generate_data_dag.py for tasks to queue
[2026-03-29T20:25:49.419+0000] {logging_mixin.py:190} INFO - [2026-03-29T20:25:49.418+0000] {dagbag.py:588} INFO - Filling up the DagBag from /home/ec2-user/environment/lab4_model_training/dags/generate_data_dag.py
[2026-03-29T20:25:50.580+0000] {processor.py:925} INFO - DAG(s) 'generate_data_only' retrieved from /home/ec2-user/environment/lab4_model_training/dags/generate_data_dag.py
[2026-03-29T20:25:50.591+0000] {logging_mixin.py:190} INFO - [2026-03-29T20:25:50.591+0000] {dag.py:3239} INFO - Sync 1 DAGs
[2026-03-29T20:25:50.599+0000] {logging_mixin.py:190} INFO - [2026-03-29T20:25:50.599+0000] {dag.py:4180} INFO - Setting next_dagrun for generate_data_only to None, run_after=None
[2026-03-29T20:25:50.614+0000] {processor.py:208} INFO - Processing /home/ec2-user/environment/lab4_model_training/dags/generate_data_dag.py took 1.202 seconds
[2026-03-29T20:26:20.811+0000] {processor.py:186} INFO - Started process (PID=9187) to work on /home/ec2-user/environment/lab4_model_training/dags/generate_data_dag.py
[2026-03-29T20:26:20.812+0000] {processor.py:914} INFO - Processing file /home/ec2-user/environment/lab4_model_training/dags/generate_data_dag.py for tasks to queue
[2026-03-29T20:26:20.813+0000] {logging_mixin.py:190} INFO - [2026-03-29T20:26:20.812+0000] {dagbag.py:588} INFO - Filling up the DagBag from /home/ec2-user/environment/lab4_model_training/dags/generate_data_dag.py
[2026-03-29T20:26:21.996+0000] {processor.py:925} INFO - DAG(s) 'generate_data_only' retrieved from /home/ec2-user/environment/lab4_model_training/dags/generate_data_dag.py
[2026-03-29T20:26:22.007+0000] {logging_mixin.py:190} INFO - [2026-03-29T20:26:22.007+0000] {dag.py:3239} INFO - Sync 1 DAGs
[2026-03-29T20:26:22.015+0000] {logging_mixin.py:190} INFO - [2026-03-29T20:26:22.015+0000] {dag.py:4180} INFO - Setting next_dagrun for generate_data_only to None, run_after=None
[2026-03-29T20:26:22.031+0000] {processor.py:208} INFO - Processing /home/ec2-user/environment/lab4_model_training/dags/generate_data_dag.py took 1.225 seconds
[2026-03-29T20:26:52.211+0000] {processor.py:186} INFO - Started process (PID=9215) to work on /home/ec2-user/environment/lab4_model_training/dags/generate_data_dag.py
[2026-03-29T20:26:52.212+0000] {processor.py:914} INFO - Processing file /home/ec2-user/environment/lab4_model_training/dags/generate_data_dag.py for tasks to queue
[2026-03-29T20:26:52.213+0000] {logging_mixin.py:190} INFO - [2026-03-29T20:26:52.213+0000] {dagbag.py:588} INFO - Filling up the DagBag from /home/ec2-user/environment/lab4_model_training/dags/generate_data_dag.py
[2026-03-29T20:26:53.391+0000] {processor.py:925} INFO - DAG(s) 'generate_data_only' retrieved from /home/ec2-user/environment/lab4_model_training/dags/generate_data_dag.py
[2026-03-29T20:26:53.403+0000] {logging_mixin.py:190} INFO - [2026-03-29T20:26:53.402+0000] {dag.py:3239} INFO - Sync 1 DAGs
[2026-03-29T20:26:53.411+0000] {logging_mixin.py:190} INFO - [2026-03-29T20:26:53.411+0000] {dag.py:4180} INFO - Setting next_dagrun for generate_data_only to None, run_after=None
[2026-03-29T20:26:53.427+0000] {processor.py:208} INFO - Processing /home/ec2-user/environment/lab4_model_training/dags/generate_data_dag.py took 1.220 seconds
[2026-03-29T20:27:23.612+0000] {processor.py:186} INFO - Started process (PID=9253) to work on /home/ec2-user/environment/lab4_model_training/dags/generate_data_dag.py
[2026-03-29T20:27:23.613+0000] {processor.py:914} INFO - Processing file /home/ec2-user/environment/lab4_model_training/dags/generate_data_dag.py for tasks to queue
[2026-03-29T20:27:23.614+0000] {logging_mixin.py:190} INFO - [2026-03-29T20:27:23.614+0000] {dagbag.py:588} INFO - Filling up the DagBag from /home/ec2-user/environment/lab4_model_training/dags/generate_data_dag.py
[2026-03-29T20:27:24.816+0000] {processor.py:925} INFO - DAG(s) 'generate_data_only' retrieved from /home/ec2-user/environment/lab4_model_training/dags/generate_data_dag.py
[2026-03-29T20:27:24.828+0000] {logging_mixin.py:190} INFO - [2026-03-29T20:27:24.827+0000] {dag.py:3239} INFO - Sync 1 DAGs
[2026-03-29T20:27:24.836+0000] {logging_mixin.py:190} INFO - [2026-03-29T20:27:24.836+0000] {dag.py:4180} INFO - Setting next_dagrun for generate_data_only to None, run_after=None
[2026-03-29T20:27:24.852+0000] {processor.py:208} INFO - Processing /home/ec2-user/environment/lab4_model_training/dags/generate_data_dag.py took 1.244 seconds
[2026-03-29T20:27:55.014+0000] {processor.py:186} INFO - Started process (PID=9279) to work on /home/ec2-user/environment/lab4_model_training/dags/generate_data_dag.py
[2026-03-29T20:27:55.014+0000] {processor.py:914} INFO - Processing file /home/ec2-user/environment/lab4_model_training/dags/generate_data_dag.py for tasks to queue
[2026-03-29T20:27:55.015+0000] {logging_mixin.py:190} INFO - [2026-03-29T20:27:55.015+0000] {dagbag.py:588} INFO - Filling up the DagBag from /home/ec2-user/environment/lab4_model_training/dags/generate_data_dag.py
[2026-03-29T20:27:56.204+0000] {processor.py:925} INFO - DAG(s) 'generate_data_only' retrieved from /home/ec2-user/environment/lab4_model_training/dags/generate_data_dag.py
[2026-03-29T20:27:56.216+0000] {logging_mixin.py:190} INFO - [2026-03-29T20:27:56.215+0000] {dag.py:3239} INFO - Sync 1 DAGs
[2026-03-29T20:27:56.224+0000] {logging_mixin.py:190} INFO - [2026-03-29T20:27:56.224+0000] {dag.py:4180} INFO - Setting next_dagrun for generate_data_only to None, run_after=None
[2026-03-29T20:27:56.239+0000] {processor.py:208} INFO - Processing /home/ec2-user/environment/lab4_model_training/dags/generate_data_dag.py took 1.229 seconds
[2026-03-29T20:28:26.435+0000] {processor.py:186} INFO - Started process (PID=9371) to work on /home/ec2-user/environment/lab4_model_training/dags/generate_data_dag.py
[2026-03-29T20:28:26.436+0000] {processor.py:914} INFO - Processing file /home/ec2-user/environment/lab4_model_training/dags/generate_data_dag.py for tasks to queue
[2026-03-29T20:28:26.437+0000] {logging_mixin.py:190} INFO - [2026-03-29T20:28:26.437+0000] {dagbag.py:588} INFO - Filling up the DagBag from /home/ec2-user/environment/lab4_model_training/dags/generate_data_dag.py
[2026-03-29T20:28:27.615+0000] {processor.py:925} INFO - DAG(s) 'generate_data_only' retrieved from /home/ec2-user/environment/lab4_model_training/dags/generate_data_dag.py
[2026-03-29T20:28:27.627+0000] {logging_mixin.py:190} INFO - [2026-03-29T20:28:27.627+0000] {dag.py:3239} INFO - Sync 1 DAGs
[2026-03-29T20:28:27.635+0000] {logging_mixin.py:190} INFO - [2026-03-29T20:28:27.635+0000] {dag.py:4180} INFO - Setting next_dagrun for generate_data_only to None, run_after=None
[2026-03-29T20:28:27.650+0000] {processor.py:208} INFO - Processing /home/ec2-user/environment/lab4_model_training/dags/generate_data_dag.py took 1.220 seconds
[2026-03-29T20:28:58.022+0000] {processor.py:186} INFO - Started process (PID=9420) to work on /home/ec2-user/environment/lab4_model_training/dags/generate_data_dag.py
[2026-03-29T20:28:58.023+0000] {processor.py:914} INFO - Processing file /home/ec2-user/environment/lab4_model_training/dags/generate_data_dag.py for tasks to queue
[2026-03-29T20:28:58.024+0000] {logging_mixin.py:190} INFO - [2026-03-29T20:28:58.023+0000] {dagbag.py:588} INFO - Filling up the DagBag from /home/ec2-user/environment/lab4_model_training/dags/generate_data_dag.py
[2026-03-29T20:28:59.233+0000] {processor.py:925} INFO - DAG(s) 'generate_data_only' retrieved from /home/ec2-user/environment/lab4_model_training/dags/generate_data_dag.py
[2026-03-29T20:28:59.245+0000] {logging_mixin.py:190} INFO - [2026-03-29T20:28:59.244+0000] {dag.py:3239} INFO - Sync 1 DAGs
[2026-03-29T20:28:59.253+0000] {logging_mixin.py:190} INFO - [2026-03-29T20:28:59.253+0000] {dag.py:4180} INFO - Setting next_dagrun for generate_data_only to None, run_after=None
[2026-03-29T20:28:59.268+0000] {processor.py:208} INFO - Processing /home/ec2-user/environment/lab4_model_training/dags/generate_data_dag.py took 1.251 seconds
[2026-03-29T20:29:29.914+0000] {processor.py:186} INFO - Started process (PID=9464) to work on /home/ec2-user/environment/lab4_model_training/dags/generate_data_dag.py
[2026-03-29T20:29:29.914+0000] {processor.py:914} INFO - Processing file /home/ec2-user/environment/lab4_model_training/dags/generate_data_dag.py for tasks to queue
[2026-03-29T20:29:29.915+0000] {logging_mixin.py:190} INFO - [2026-03-29T20:29:29.915+0000] {dagbag.py:588} INFO - Filling up the DagBag from /home/ec2-user/environment/lab4_model_training/dags/generate_data_dag.py
[2026-03-29T20:29:31.098+0000] {processor.py:925} INFO - DAG(s) 'generate_data_only' retrieved from /home/ec2-user/environment/lab4_model_training/dags/generate_data_dag.py
[2026-03-29T20:29:31.109+0000] {logging_mixin.py:190} INFO - [2026-03-29T20:29:31.109+0000] {dag.py:3239} INFO - Sync 1 DAGs
[2026-03-29T20:29:31.117+0000] {logging_mixin.py:190} INFO - [2026-03-29T20:29:31.117+0000] {dag.py:4180} INFO - Setting next_dagrun for generate_data_only to None, run_after=None
[2026-03-29T20:29:31.132+0000] {processor.py:208} INFO - Processing /home/ec2-user/environment/lab4_model_training/dags/generate_data_dag.py took 1.224 seconds
[2026-03-29T20:30:01.697+0000] {processor.py:186} INFO - Started process (PID=9491) to work on /home/ec2-user/environment/lab4_model_training/dags/generate_data_dag.py
[2026-03-29T20:30:01.698+0000] {processor.py:914} INFO - Processing file /home/ec2-user/environment/lab4_model_training/dags/generate_data_dag.py for tasks to queue
[2026-03-29T20:30:01.699+0000] {logging_mixin.py:190} INFO - [2026-03-29T20:30:01.698+0000] {dagbag.py:588} INFO - Filling up the DagBag from /home/ec2-user/environment/lab4_model_training/dags/generate_data_dag.py
[2026-03-29T20:30:02.888+0000] {processor.py:925} INFO - DAG(s) 'generate_data_only' retrieved from /home/ec2-user/environment/lab4_model_training/dags/generate_data_dag.py
[2026-03-29T20:30:02.899+0000] {logging_mixin.py:190} INFO - [2026-03-29T20:30:02.899+0000] {dag.py:3239} INFO - Sync 1 DAGs
[2026-03-29T20:30:02.907+0000] {logging_mixin.py:190} INFO - [2026-03-29T20:30:02.907+0000] {dag.py:4180} INFO - Setting next_dagrun for generate_data_only to None, run_after=None
[2026-03-29T20:30:02.923+0000] {processor.py:208} INFO - Processing /home/ec2-user/environment/lab4_model_training/dags/generate_data_dag.py took 1.231 seconds
[2026-03-29T20:30:33.528+0000] {processor.py:186} INFO - Started process (PID=9683) to work on /home/ec2-user/environment/lab4_model_training/dags/generate_data_dag.py
[2026-03-29T20:30:33.528+0000] {processor.py:914} INFO - Processing file /home/ec2-user/environment/lab4_model_training/dags/generate_data_dag.py for tasks to queue
[2026-03-29T20:30:33.529+0000] {logging_mixin.py:190} INFO - [2026-03-29T20:30:33.529+0000] {dagbag.py:588} INFO - Filling up the DagBag from /home/ec2-user/environment/lab4_model_training/dags/generate_data_dag.py
[2026-03-29T20:30:34.711+0000] {processor.py:925} INFO - DAG(s) 'generate_data_only' retrieved from /home/ec2-user/environment/lab4_model_training/dags/generate_data_dag.py
[2026-03-29T20:30:34.722+0000] {logging_mixin.py:190} INFO - [2026-03-29T20:30:34.722+0000] {dag.py:3239} INFO - Sync 1 DAGs
[2026-03-29T20:30:34.731+0000] {logging_mixin.py:190} INFO - [2026-03-29T20:30:34.731+0000] {dag.py:4180} INFO - Setting next_dagrun for generate_data_only to None, run_after=None
[2026-03-29T20:30:34.747+0000] {processor.py:208} INFO - Processing /home/ec2-user/environment/lab4_model_training/dags/generate_data_dag.py took 1.225 seconds
[2026-03-29T20:31:05.357+0000] {processor.py:186} INFO - Started process (PID=9721) to work on /home/ec2-user/environment/lab4_model_training/dags/generate_data_dag.py
[2026-03-29T20:31:05.358+0000] {processor.py:914} INFO - Processing file /home/ec2-user/environment/lab4_model_training/dags/generate_data_dag.py for tasks to queue
[2026-03-29T20:31:05.359+0000] {logging_mixin.py:190} INFO - [2026-03-29T20:31:05.358+0000] {dagbag.py:588} INFO - Filling up the DagBag from /home/ec2-user/environment/lab4_model_training/dags/generate_data_dag.py
[2026-03-29T20:31:06.535+0000] {processor.py:925} INFO - DAG(s) 'generate_data_only' retrieved from /home/ec2-user/environment/lab4_model_training/dags/generate_data_dag.py
[2026-03-29T20:31:06.547+0000] {logging_mixin.py:190} INFO - [2026-03-29T20:31:06.547+0000] {dag.py:3239} INFO - Sync 1 DAGs
[2026-03-29T20:31:06.556+0000] {logging_mixin.py:190} INFO - [2026-03-29T20:31:06.556+0000] {dag.py:4180} INFO - Setting next_dagrun for generate_data_only to None, run_after=None
[2026-03-29T20:31:06.571+0000] {processor.py:208} INFO - Processing /home/ec2-user/environment/lab4_model_training/dags/generate_data_dag.py took 1.219 seconds
[2026-03-29T20:31:36.928+0000] {processor.py:186} INFO - Started process (PID=9747) to work on /home/ec2-user/environment/lab4_model_training/dags/generate_data_dag.py
[2026-03-29T20:31:36.929+0000] {processor.py:914} INFO - Processing file /home/ec2-user/environment/lab4_model_training/dags/generate_data_dag.py for tasks to queue
[2026-03-29T20:31:36.930+0000] {logging_mixin.py:190} INFO - [2026-03-29T20:31:36.930+0000] {dagbag.py:588} INFO - Filling up the DagBag from /home/ec2-user/environment/lab4_model_training/dags/generate_data_dag.py
[2026-03-29T20:31:38.115+0000] {processor.py:925} INFO - DAG(s) 'generate_data_only' retrieved from /home/ec2-user/environment/lab4_model_training/dags/generate_data_dag.py
[2026-03-29T20:31:38.126+0000] {logging_mixin.py:190} INFO - [2026-03-29T20:31:38.126+0000] {dag.py:3239} INFO - Sync 1 DAGs
[2026-03-29T20:31:38.135+0000] {logging_mixin.py:190} INFO - [2026-03-29T20:31:38.135+0000] {dag.py:4180} INFO - Setting next_dagrun for generate_data_only to None, run_after=None
[2026-03-29T20:31:38.150+0000] {processor.py:208} INFO - Processing /home/ec2-user/environment/lab4_model_training/dags/generate_data_dag.py took 1.228 seconds
[2026-03-29T20:32:08.761+0000] {processor.py:186} INFO - Started process (PID=9785) to work on /home/ec2-user/environment/lab4_model_training/dags/generate_data_dag.py
[2026-03-29T20:32:08.763+0000] {processor.py:914} INFO - Processing file /home/ec2-user/environment/lab4_model_training/dags/generate_data_dag.py for tasks to queue
[2026-03-29T20:32:08.764+0000] {logging_mixin.py:190} INFO - [2026-03-29T20:32:08.763+0000] {dagbag.py:588} INFO - Filling up the DagBag from /home/ec2-user/environment/lab4_model_training/dags/generate_data_dag.py
[2026-03-29T20:32:09.920+0000] {processor.py:925} INFO - DAG(s) 'generate_data_only' retrieved from /home/ec2-user/environment/lab4_model_training/dags/generate_data_dag.py
[2026-03-29T20:32:09.932+0000] {logging_mixin.py:190} INFO - [2026-03-29T20:32:09.932+0000] {dag.py:3239} INFO - Sync 1 DAGs
[2026-03-29T20:32:09.940+0000] {logging_mixin.py:190} INFO - [2026-03-29T20:32:09.940+0000] {dag.py:4180} INFO - Setting next_dagrun for generate_data_only to None, run_after=None
[2026-03-29T20:32:09.955+0000] {processor.py:208} INFO - Processing /home/ec2-user/environment/lab4_model_training/dags/generate_data_dag.py took 1.198 seconds
[2026-03-29T20:32:40.603+0000] {processor.py:186} INFO - Started process (PID=9860) to work on /home/ec2-user/environment/lab4_model_training/dags/generate_data_dag.py
[2026-03-29T20:32:40.604+0000] {processor.py:914} INFO - Processing file /home/ec2-user/environment/lab4_model_training/dags/generate_data_dag.py for tasks to queue
[2026-03-29T20:32:40.605+0000] {logging_mixin.py:190} INFO - [2026-03-29T20:32:40.604+0000] {dagbag.py:588} INFO - Filling up the DagBag from /home/ec2-user/environment/lab4_model_training/dags/generate_data_dag.py
[2026-03-29T20:32:41.766+0000] {processor.py:925} INFO - DAG(s) 'generate_data_only' retrieved from /home/ec2-user/environment/lab4_model_training/dags/generate_data_dag.py
[2026-03-29T20:32:41.778+0000] {logging_mixin.py:190} INFO - [2026-03-29T20:32:41.778+0000] {dag.py:3239} INFO - Sync 1 DAGs
[2026-03-29T20:32:41.786+0000] {logging_mixin.py:190} INFO - [2026-03-29T20:32:41.786+0000] {dag.py:4180} INFO - Setting next_dagrun for generate_data_only to None, run_after=None
[2026-03-29T20:32:41.802+0000] {processor.py:208} INFO - Processing /home/ec2-user/environment/lab4_model_training/dags/generate_data_dag.py took 1.205 seconds
[2026-03-29T20:33:12.430+0000] {processor.py:186} INFO - Started process (PID=9898) to work on /home/ec2-user/environment/lab4_model_training/dags/generate_data_dag.py
[2026-03-29T20:33:12.431+0000] {processor.py:914} INFO - Processing file /home/ec2-user/environment/lab4_model_training/dags/generate_data_dag.py for tasks to queue
[2026-03-29T20:33:12.432+0000] {logging_mixin.py:190} INFO - [2026-03-29T20:33:12.432+0000] {dagbag.py:588} INFO - Filling up the DagBag from /home/ec2-user/environment/lab4_model_training/dags/generate_data_dag.py
[2026-03-29T20:33:13.593+0000] {processor.py:925} INFO - DAG(s) 'generate_data_only' retrieved from /home/ec2-user/environment/lab4_model_training/dags/generate_data_dag.py
[2026-03-29T20:33:13.604+0000] {logging_mixin.py:190} INFO - [2026-03-29T20:33:13.604+0000] {dag.py:3239} INFO - Sync 1 DAGs
[2026-03-29T20:33:13.612+0000] {logging_mixin.py:190} INFO - [2026-03-29T20:33:13.612+0000] {dag.py:4180} INFO - Setting next_dagrun for generate_data_only to None, run_after=None
[2026-03-29T20:33:13.627+0000] {processor.py:208} INFO - Processing /home/ec2-user/environment/lab4_model_training/dags/generate_data_dag.py took 1.202 seconds
[2026-03-29T20:33:44.257+0000] {processor.py:186} INFO - Started process (PID=9924) to work on /home/ec2-user/environment/lab4_model_training/dags/generate_data_dag.py
[2026-03-29T20:33:44.258+0000] {processor.py:914} INFO - Processing file /home/ec2-user/environment/lab4_model_training/dags/generate_data_dag.py for tasks to queue
[2026-03-29T20:33:44.259+0000] {logging_mixin.py:190} INFO - [2026-03-29T20:33:44.259+0000] {dagbag.py:588} INFO - Filling up the DagBag from /home/ec2-user/environment/lab4_model_training/dags/generate_data_dag.py
[2026-03-29T20:33:45.413+0000] {processor.py:925} INFO - DAG(s) 'generate_data_only' retrieved from /home/ec2-user/environment/lab4_model_training/dags/generate_data_dag.py
[2026-03-29T20:33:45.424+0000] {logging_mixin.py:190} INFO - [2026-03-29T20:33:45.424+0000] {dag.py:3239} INFO - Sync 1 DAGs
[2026-03-29T20:33:45.432+0000] {logging_mixin.py:190} INFO - [2026-03-29T20:33:45.432+0000] {dag.py:4180} INFO - Setting next_dagrun for generate_data_only to None, run_after=None
[2026-03-29T20:33:45.447+0000] {processor.py:208} INFO - Processing /home/ec2-user/environment/lab4_model_training/dags/generate_data_dag.py took 1.194 seconds
[2026-03-29T20:34:16.091+0000] {processor.py:186} INFO - Started process (PID=9948) to work on /home/ec2-user/environment/lab4_model_training/dags/generate_data_dag.py
[2026-03-29T20:34:16.092+0000] {processor.py:914} INFO - Processing file /home/ec2-user/environment/lab4_model_training/dags/generate_data_dag.py for tasks to queue
[2026-03-29T20:34:16.093+0000] {logging_mixin.py:190} INFO - [2026-03-29T20:34:16.093+0000] {dagbag.py:588} INFO - Filling up the DagBag from /home/ec2-user/environment/lab4_model_training/dags/generate_data_dag.py
[2026-03-29T20:34:17.279+0000] {processor.py:925} INFO - DAG(s) 'generate_data_only' retrieved from /home/ec2-user/environment/lab4_model_training/dags/generate_data_dag.py
[2026-03-29T20:34:17.291+0000] {logging_mixin.py:190} INFO - [2026-03-29T20:34:17.291+0000] {dag.py:3239} INFO - Sync 1 DAGs
[2026-03-29T20:34:17.299+0000] {logging_mixin.py:190} INFO - [2026-03-29T20:34:17.299+0000] {dag.py:4180} INFO - Setting next_dagrun for generate_data_only to None, run_after=None
[2026-03-29T20:34:17.316+0000] {processor.py:208} INFO - Processing /home/ec2-user/environment/lab4_model_training/dags/generate_data_dag.py took 1.229 seconds
[2026-03-29T20:34:47.924+0000] {processor.py:186} INFO - Started process (PID=10009) to work on /home/ec2-user/environment/lab4_model_training/dags/generate_data_dag.py
[2026-03-29T20:34:47.925+0000] {processor.py:914} INFO - Processing file /home/ec2-user/environment/lab4_model_training/dags/generate_data_dag.py for tasks to queue
[2026-03-29T20:34:47.926+0000] {logging_mixin.py:190} INFO - [2026-03-29T20:34:47.925+0000] {dagbag.py:588} INFO - Filling up the DagBag from /home/ec2-user/environment/lab4_model_training/dags/generate_data_dag.py
[2026-03-29T20:34:49.082+0000] {processor.py:925} INFO - DAG(s) 'generate_data_only' retrieved from /home/ec2-user/environment/lab4_model_training/dags/generate_data_dag.py
[2026-03-29T20:34:49.094+0000] {logging_mixin.py:190} INFO - [2026-03-29T20:34:49.094+0000] {dag.py:3239} INFO - Sync 1 DAGs
[2026-03-29T20:34:49.102+0000] {logging_mixin.py:190} INFO - [2026-03-29T20:34:49.102+0000] {dag.py:4180} INFO - Setting next_dagrun for generate_data_only to None, run_after=None
[2026-03-29T20:34:49.118+0000] {processor.py:208} INFO - Processing /home/ec2-user/environment/lab4_model_training/dags/generate_data_dag.py took 1.200 seconds
[2026-03-29T20:35:19.756+0000] {processor.py:186} INFO - Started process (PID=10040) to work on /home/ec2-user/environment/lab4_model_training/dags/generate_data_dag.py
[2026-03-29T20:35:19.758+0000] {processor.py:914} INFO - Processing file /home/ec2-user/environment/lab4_model_training/dags/generate_data_dag.py for tasks to queue
[2026-03-29T20:35:19.759+0000] {logging_mixin.py:190} INFO - [2026-03-29T20:35:19.758+0000] {dagbag.py:588} INFO - Filling up the DagBag from /home/ec2-user/environment/lab4_model_training/dags/generate_data_dag.py
[2026-03-29T20:35:20.918+0000] {processor.py:925} INFO - DAG(s) 'generate_data_only' retrieved from /home/ec2-user/environment/lab4_model_training/dags/generate_data_dag.py
[2026-03-29T20:35:20.929+0000] {logging_mixin.py:190} INFO - [2026-03-29T20:35:20.929+0000] {dag.py:3239} INFO - Sync 1 DAGs
[2026-03-29T20:35:20.938+0000] {logging_mixin.py:190} INFO - [2026-03-29T20:35:20.938+0000] {dag.py:4180} INFO - Setting next_dagrun for generate_data_only to None, run_after=None
[2026-03-29T20:35:20.953+0000] {processor.py:208} INFO - Processing /home/ec2-user/environment/lab4_model_training/dags/generate_data_dag.py took 1.202 seconds
[2026-03-29T20:35:51.588+0000] {processor.py:186} INFO - Started process (PID=10053) to work on /home/ec2-user/environment/lab4_model_training/dags/generate_data_dag.py
[2026-03-29T20:35:51.589+0000] {processor.py:914} INFO - Processing file /home/ec2-user/environment/lab4_model_training/dags/generate_data_dag.py for tasks to queue
[2026-03-29T20:35:51.590+0000] {logging_mixin.py:190} INFO - [2026-03-29T20:35:51.589+0000] {dagbag.py:588} INFO - Filling up the DagBag from /home/ec2-user/environment/lab4_model_training/dags/generate_data_dag.py
[2026-03-29T20:35:52.749+0000] {processor.py:925} INFO - DAG(s) 'generate_data_only' retrieved from /home/ec2-user/environment/lab4_model_training/dags/generate_data_dag.py
[2026-03-29T20:35:52.760+0000] {logging_mixin.py:190} INFO - [2026-03-29T20:35:52.760+0000] {dag.py:3239} INFO - Sync 1 DAGs
[2026-03-29T20:35:52.769+0000] {logging_mixin.py:190} INFO - [2026-03-29T20:35:52.769+0000] {dag.py:4180} INFO - Setting next_dagrun for generate_data_only to None, run_after=None
[2026-03-29T20:35:52.784+0000] {processor.py:208} INFO - Processing /home/ec2-user/environment/lab4_model_training/dags/generate_data_dag.py took 1.202 seconds
[2026-03-29T20:36:23.421+0000] {processor.py:186} INFO - Started process (PID=10146) to work on /home/ec2-user/environment/lab4_model_training/dags/generate_data_dag.py
[2026-03-29T20:36:23.422+0000] {processor.py:914} INFO - Processing file /home/ec2-user/environment/lab4_model_training/dags/generate_data_dag.py for tasks to queue
[2026-03-29T20:36:23.423+0000] {logging_mixin.py:190} INFO - [2026-03-29T20:36:23.423+0000] {dagbag.py:588} INFO - Filling up the DagBag from /home/ec2-user/environment/lab4_model_training/dags/generate_data_dag.py
[2026-03-29T20:36:24.610+0000] {processor.py:925} INFO - DAG(s) 'generate_data_only' retrieved from /home/ec2-user/environment/lab4_model_training/dags/generate_data_dag.py
[2026-03-29T20:36:24.622+0000] {logging_mixin.py:190} INFO - [2026-03-29T20:36:24.622+0000] {dag.py:3239} INFO - Sync 1 DAGs
[2026-03-29T20:36:24.630+0000] {logging_mixin.py:190} INFO - [2026-03-29T20:36:24.630+0000] {dag.py:4180} INFO - Setting next_dagrun for generate_data_only to None, run_after=None
[2026-03-29T20:36:24.645+0000] {processor.py:208} INFO - Processing /home/ec2-user/environment/lab4_model_training/dags/generate_data_dag.py took 1.229 seconds
[2026-03-29T20:36:55.270+0000] {processor.py:186} INFO - Started process (PID=10390) to work on /home/ec2-user/environment/lab4_model_training/dags/generate_data_dag.py
[2026-03-29T20:36:55.270+0000] {processor.py:914} INFO - Processing file /home/ec2-user/environment/lab4_model_training/dags/generate_data_dag.py for tasks to queue
[2026-03-29T20:36:55.271+0000] {logging_mixin.py:190} INFO - [2026-03-29T20:36:55.271+0000] {dagbag.py:588} INFO - Filling up the DagBag from /home/ec2-user/environment/lab4_model_training/dags/generate_data_dag.py
[2026-03-29T20:36:56.449+0000] {processor.py:925} INFO - DAG(s) 'generate_data_only' retrieved from /home/ec2-user/environment/lab4_model_training/dags/generate_data_dag.py
[2026-03-29T20:36:56.462+0000] {logging_mixin.py:190} INFO - [2026-03-29T20:36:56.461+0000] {dag.py:3239} INFO - Sync 1 DAGs
[2026-03-29T20:36:56.470+0000] {logging_mixin.py:190} INFO - [2026-03-29T20:36:56.470+0000] {dag.py:4180} INFO - Setting next_dagrun for generate_data_only to None, run_after=None
[2026-03-29T20:36:56.485+0000] {processor.py:208} INFO - Processing /home/ec2-user/environment/lab4_model_training/dags/generate_data_dag.py took 1.221 seconds
[2026-03-29T20:37:26.649+0000] {processor.py:186} INFO - Started process (PID=10494) to work on /home/ec2-user/environment/lab4_model_training/dags/generate_data_dag.py
[2026-03-29T20:37:26.650+0000] {processor.py:914} INFO - Processing file /home/ec2-user/environment/lab4_model_training/dags/generate_data_dag.py for tasks to queue
[2026-03-29T20:37:26.651+0000] {logging_mixin.py:190} INFO - [2026-03-29T20:37:26.651+0000] {dagbag.py:588} INFO - Filling up the DagBag from /home/ec2-user/environment/lab4_model_training/dags/generate_data_dag.py
[2026-03-29T20:37:27.830+0000] {processor.py:925} INFO - DAG(s) 'generate_data_only' retrieved from /home/ec2-user/environment/lab4_model_training/dags/generate_data_dag.py
[2026-03-29T20:37:27.842+0000] {logging_mixin.py:190} INFO - [2026-03-29T20:37:27.842+0000] {dag.py:3239} INFO - Sync 1 DAGs
[2026-03-29T20:37:27.850+0000] {logging_mixin.py:190} INFO - [2026-03-29T20:37:27.850+0000] {dag.py:4180} INFO - Setting next_dagrun for generate_data_only to None, run_after=None
[2026-03-29T20:37:27.866+0000] {processor.py:208} INFO - Processing /home/ec2-user/environment/lab4_model_training/dags/generate_data_dag.py took 1.221 seconds
[2026-03-29T20:37:58.017+0000] {processor.py:186} INFO - Started process (PID=10522) to work on /home/ec2-user/environment/lab4_model_training/dags/generate_data_dag.py
[2026-03-29T20:37:58.018+0000] {processor.py:914} INFO - Processing file /home/ec2-user/environment/lab4_model_training/dags/generate_data_dag.py for tasks to queue
[2026-03-29T20:37:58.019+0000] {logging_mixin.py:190} INFO - [2026-03-29T20:37:58.018+0000] {dagbag.py:588} INFO - Filling up the DagBag from /home/ec2-user/environment/lab4_model_training/dags/generate_data_dag.py
[2026-03-29T20:37:59.182+0000] {processor.py:925} INFO - DAG(s) 'generate_data_only' retrieved from /home/ec2-user/environment/lab4_model_training/dags/generate_data_dag.py
[2026-03-29T20:37:59.194+0000] {logging_mixin.py:190} INFO - [2026-03-29T20:37:59.194+0000] {dag.py:3239} INFO - Sync 1 DAGs
[2026-03-29T20:37:59.202+0000] {logging_mixin.py:190} INFO - [2026-03-29T20:37:59.202+0000] {dag.py:4180} INFO - Setting next_dagrun for generate_data_only to None, run_after=None
[2026-03-29T20:37:59.218+0000] {processor.py:208} INFO - Processing /home/ec2-user/environment/lab4_model_training/dags/generate_data_dag.py took 1.205 seconds
[2026-03-29T20:38:29.383+0000] {processor.py:186} INFO - Started process (PID=10618) to work on /home/ec2-user/environment/lab4_model_training/dags/generate_data_dag.py
[2026-03-29T20:38:29.384+0000] {processor.py:914} INFO - Processing file /home/ec2-user/environment/lab4_model_training/dags/generate_data_dag.py for tasks to queue
[2026-03-29T20:38:29.385+0000] {logging_mixin.py:190} INFO - [2026-03-29T20:38:29.384+0000] {dagbag.py:588} INFO - Filling up the DagBag from /home/ec2-user/environment/lab4_model_training/dags/generate_data_dag.py
[2026-03-29T20:38:30.542+0000] {processor.py:925} INFO - DAG(s) 'generate_data_only' retrieved from /home/ec2-user/environment/lab4_model_training/dags/generate_data_dag.py
[2026-03-29T20:38:30.553+0000] {logging_mixin.py:190} INFO - [2026-03-29T20:38:30.553+0000] {dag.py:3239} INFO - Sync 1 DAGs
[2026-03-29T20:38:30.561+0000] {logging_mixin.py:190} INFO - [2026-03-29T20:38:30.561+0000] {dag.py:4180} INFO - Setting next_dagrun for generate_data_only to None, run_after=None
[2026-03-29T20:38:30.577+0000] {processor.py:208} INFO - Processing /home/ec2-user/environment/lab4_model_training/dags/generate_data_dag.py took 1.199 seconds
[2026-03-29T20:39:03.289+0000] {processor.py:186} INFO - Started process (PID=10674) to work on /home/ec2-user/environment/lab4_model_training/dags/generate_data_dag.py
[2026-03-29T20:39:03.291+0000] {processor.py:914} INFO - Processing file /home/ec2-user/environment/lab4_model_training/dags/generate_data_dag.py for tasks to queue
[2026-03-29T20:39:03.292+0000] {logging_mixin.py:190} INFO - [2026-03-29T20:39:03.292+0000] {dagbag.py:588} INFO - Filling up the DagBag from /home/ec2-user/environment/lab4_model_training/dags/generate_data_dag.py
[2026-03-29T20:39:04.448+0000] {processor.py:925} INFO - DAG(s) 'generate_data_only' retrieved from /home/ec2-user/environment/lab4_model_training/dags/generate_data_dag.py
[2026-03-29T20:39:04.460+0000] {logging_mixin.py:190} INFO - [2026-03-29T20:39:04.459+0000] {dag.py:3239} INFO - Sync 1 DAGs
[2026-03-29T20:39:04.469+0000] {logging_mixin.py:190} INFO - [2026-03-29T20:39:04.468+0000] {dag.py:4180} INFO - Setting next_dagrun for generate_data_only to None, run_after=None
[2026-03-29T20:39:04.485+0000] {processor.py:208} INFO - Processing /home/ec2-user/environment/lab4_model_training/dags/generate_data_dag.py took 1.201 seconds
[2026-03-29T20:39:34.908+0000] {processor.py:186} INFO - Started process (PID=10708) to work on /home/ec2-user/environment/lab4_model_training/dags/generate_data_dag.py
[2026-03-29T20:39:34.909+0000] {processor.py:914} INFO - Processing file /home/ec2-user/environment/lab4_model_training/dags/generate_data_dag.py for tasks to queue
[2026-03-29T20:39:34.911+0000] {logging_mixin.py:190} INFO - [2026-03-29T20:39:34.910+0000] {dagbag.py:588} INFO - Filling up the DagBag from /home/ec2-user/environment/lab4_model_training/dags/generate_data_dag.py
[2026-03-29T20:39:36.068+0000] {processor.py:925} INFO - DAG(s) 'generate_data_only' retrieved from /home/ec2-user/environment/lab4_model_training/dags/generate_data_dag.py
[2026-03-29T20:39:36.082+0000] {logging_mixin.py:190} INFO - [2026-03-29T20:39:36.081+0000] {dag.py:3239} INFO - Sync 1 DAGs
[2026-03-29T20:39:36.091+0000] {logging_mixin.py:190} INFO - [2026-03-29T20:39:36.091+0000] {dag.py:4180} INFO - Setting next_dagrun for generate_data_only to None, run_after=None
[2026-03-29T20:39:36.106+0000] {processor.py:208} INFO - Processing /home/ec2-user/environment/lab4_model_training/dags/generate_data_dag.py took 1.203 seconds
[2026-03-29T20:40:06.334+0000] {processor.py:186} INFO - Started process (PID=10752) to work on /home/ec2-user/environment/lab4_model_training/dags/generate_data_dag.py
[2026-03-29T20:40:06.335+0000] {processor.py:914} INFO - Processing file /home/ec2-user/environment/lab4_model_training/dags/generate_data_dag.py for tasks to queue
[2026-03-29T20:40:06.336+0000] {logging_mixin.py:190} INFO - [2026-03-29T20:40:06.335+0000] {dagbag.py:588} INFO - Filling up the DagBag from /home/ec2-user/environment/lab4_model_training/dags/generate_data_dag.py
[2026-03-29T20:40:07.494+0000] {processor.py:925} INFO - DAG(s) 'generate_data_only' retrieved from /home/ec2-user/environment/lab4_model_training/dags/generate_data_dag.py
[2026-03-29T20:40:07.506+0000] {logging_mixin.py:190} INFO - [2026-03-29T20:40:07.506+0000] {dag.py:3239} INFO - Sync 1 DAGs
[2026-03-29T20:40:07.514+0000] {logging_mixin.py:190} INFO - [2026-03-29T20:40:07.514+0000] {dag.py:4180} INFO - Setting next_dagrun for generate_data_only to None, run_after=None
[2026-03-29T20:40:07.529+0000] {processor.py:208} INFO - Processing /home/ec2-user/environment/lab4_model_training/dags/generate_data_dag.py took 1.201 seconds
[2026-03-29T20:40:38.304+0000] {processor.py:186} INFO - Started process (PID=10833) to work on /home/ec2-user/environment/lab4_model_training/dags/generate_data_dag.py
[2026-03-29T20:40:38.306+0000] {processor.py:914} INFO - Processing file /home/ec2-user/environment/lab4_model_training/dags/generate_data_dag.py for tasks to queue
[2026-03-29T20:40:38.307+0000] {logging_mixin.py:190} INFO - [2026-03-29T20:40:38.306+0000] {dagbag.py:588} INFO - Filling up the DagBag from /home/ec2-user/environment/lab4_model_training/dags/generate_data_dag.py
[2026-03-29T20:40:39.465+0000] {processor.py:925} INFO - DAG(s) 'generate_data_only' retrieved from /home/ec2-user/environment/lab4_model_training/dags/generate_data_dag.py
[2026-03-29T20:40:39.476+0000] {logging_mixin.py:190} INFO - [2026-03-29T20:40:39.476+0000] {dag.py:3239} INFO - Sync 1 DAGs
[2026-03-29T20:40:39.486+0000] {logging_mixin.py:190} INFO - [2026-03-29T20:40:39.486+0000] {dag.py:4180} INFO - Setting next_dagrun for generate_data_only to None, run_after=None
[2026-03-29T20:40:39.502+0000] {processor.py:208} INFO - Processing /home/ec2-user/environment/lab4_model_training/dags/generate_data_dag.py took 1.203 seconds
[2026-03-29T20:41:09.922+0000] {processor.py:186} INFO - Started process (PID=10874) to work on /home/ec2-user/environment/lab4_model_training/dags/generate_data_dag.py
[2026-03-29T20:41:09.924+0000] {processor.py:914} INFO - Processing file /home/ec2-user/environment/lab4_model_training/dags/generate_data_dag.py for tasks to queue
[2026-03-29T20:41:09.925+0000] {logging_mixin.py:190} INFO - [2026-03-29T20:41:09.925+0000] {dagbag.py:588} INFO - Filling up the DagBag from /home/ec2-user/environment/lab4_model_training/dags/generate_data_dag.py
[2026-03-29T20:41:11.110+0000] {processor.py:925} INFO - DAG(s) 'generate_data_only' retrieved from /home/ec2-user/environment/lab4_model_training/dags/generate_data_dag.py
[2026-03-29T20:41:11.122+0000] {logging_mixin.py:190} INFO - [2026-03-29T20:41:11.122+0000] {dag.py:3239} INFO - Sync 1 DAGs
[2026-03-29T20:41:11.130+0000] {logging_mixin.py:190} INFO - [2026-03-29T20:41:11.130+0000] {dag.py:4180} INFO - Setting next_dagrun for generate_data_only to None, run_after=None
[2026-03-29T20:41:11.146+0000] {processor.py:208} INFO - Processing /home/ec2-user/environment/lab4_model_training/dags/generate_data_dag.py took 1.228 seconds
[2026-03-29T20:41:41.693+0000] {processor.py:186} INFO - Started process (PID=10900) to work on /home/ec2-user/environment/lab4_model_training/dags/generate_data_dag.py
[2026-03-29T20:41:41.694+0000] {processor.py:914} INFO - Processing file /home/ec2-user/environment/lab4_model_training/dags/generate_data_dag.py for tasks to queue
[2026-03-29T20:41:41.695+0000] {logging_mixin.py:190} INFO - [2026-03-29T20:41:41.694+0000] {dagbag.py:588} INFO - Filling up the DagBag from /home/ec2-user/environment/lab4_model_training/dags/generate_data_dag.py
[2026-03-29T20:41:42.881+0000] {processor.py:925} INFO - DAG(s) 'generate_data_only' retrieved from /home/ec2-user/environment/lab4_model_training/dags/generate_data_dag.py
[2026-03-29T20:41:42.893+0000] {logging_mixin.py:190} INFO - [2026-03-29T20:41:42.893+0000] {dag.py:3239} INFO - Sync 1 DAGs
[2026-03-29T20:41:42.901+0000] {logging_mixin.py:190} INFO - [2026-03-29T20:41:42.901+0000] {dag.py:4180} INFO - Setting next_dagrun for generate_data_only to None, run_after=None
[2026-03-29T20:41:42.917+0000] {processor.py:208} INFO - Processing /home/ec2-user/environment/lab4_model_training/dags/generate_data_dag.py took 1.229 seconds
[2026-03-29T20:42:13.566+0000] {processor.py:186} INFO - Started process (PID=10938) to work on /home/ec2-user/environment/lab4_model_training/dags/generate_data_dag.py
[2026-03-29T20:42:13.566+0000] {processor.py:914} INFO - Processing file /home/ec2-user/environment/lab4_model_training/dags/generate_data_dag.py for tasks to queue
[2026-03-29T20:42:13.567+0000] {logging_mixin.py:190} INFO - [2026-03-29T20:42:13.567+0000] {dagbag.py:588} INFO - Filling up the DagBag from /home/ec2-user/environment/lab4_model_training/dags/generate_data_dag.py
[2026-03-29T20:42:14.723+0000] {processor.py:925} INFO - DAG(s) 'generate_data_only' retrieved from /home/ec2-user/environment/lab4_model_training/dags/generate_data_dag.py
[2026-03-29T20:42:14.734+0000] {logging_mixin.py:190} INFO - [2026-03-29T20:42:14.734+0000] {dag.py:3239} INFO - Sync 1 DAGs
[2026-03-29T20:42:14.743+0000] {logging_mixin.py:190} INFO - [2026-03-29T20:42:14.743+0000] {dag.py:4180} INFO - Setting next_dagrun for generate_data_only to None, run_after=None
[2026-03-29T20:42:14.758+0000] {processor.py:208} INFO - Processing /home/ec2-user/environment/lab4_model_training/dags/generate_data_dag.py took 1.197 seconds
[2026-03-29T20:42:45.498+0000] {processor.py:186} INFO - Started process (PID=11017) to work on /home/ec2-user/environment/lab4_model_training/dags/generate_data_dag.py
[2026-03-29T20:42:45.499+0000] {processor.py:914} INFO - Processing file /home/ec2-user/environment/lab4_model_training/dags/generate_data_dag.py for tasks to queue
[2026-03-29T20:42:45.500+0000] {logging_mixin.py:190} INFO - [2026-03-29T20:42:45.500+0000] {dagbag.py:588} INFO - Filling up the DagBag from /home/ec2-user/environment/lab4_model_training/dags/generate_data_dag.py
[2026-03-29T20:42:46.661+0000] {processor.py:925} INFO - DAG(s) 'generate_data_only' retrieved from /home/ec2-user/environment/lab4_model_training/dags/generate_data_dag.py
[2026-03-29T20:42:46.673+0000] {logging_mixin.py:190} INFO - [2026-03-29T20:42:46.673+0000] {dag.py:3239} INFO - Sync 1 DAGs
[2026-03-29T20:42:46.681+0000] {logging_mixin.py:190} INFO - [2026-03-29T20:42:46.681+0000] {dag.py:4180} INFO - Setting next_dagrun for generate_data_only to None, run_after=None
[2026-03-29T20:42:46.696+0000] {processor.py:208} INFO - Processing /home/ec2-user/environment/lab4_model_training/dags/generate_data_dag.py took 1.204 seconds
[2026-03-29T20:43:16.937+0000] {processor.py:186} INFO - Started process (PID=11057) to work on /home/ec2-user/environment/lab4_model_training/dags/generate_data_dag.py
[2026-03-29T20:43:16.938+0000] {processor.py:914} INFO - Processing file /home/ec2-user/environment/lab4_model_training/dags/generate_data_dag.py for tasks to queue
[2026-03-29T20:43:16.939+0000] {logging_mixin.py:190} INFO - [2026-03-29T20:43:16.939+0000] {dagbag.py:588} INFO - Filling up the DagBag from /home/ec2-user/environment/lab4_model_training/dags/generate_data_dag.py
[2026-03-29T20:43:18.100+0000] {processor.py:925} INFO - DAG(s) 'generate_data_only' retrieved from /home/ec2-user/environment/lab4_model_training/dags/generate_data_dag.py
[2026-03-29T20:43:18.112+0000] {logging_mixin.py:190} INFO - [2026-03-29T20:43:18.112+0000] {dag.py:3239} INFO - Sync 1 DAGs
[2026-03-29T20:43:18.125+0000] {logging_mixin.py:190} INFO - [2026-03-29T20:43:18.124+0000] {dag.py:4180} INFO - Setting next_dagrun for generate_data_only to None, run_after=None
[2026-03-29T20:43:18.140+0000] {processor.py:208} INFO - Processing /home/ec2-user/environment/lab4_model_training/dags/generate_data_dag.py took 1.210 seconds
[2026-03-29T20:43:48.337+0000] {processor.py:186} INFO - Started process (PID=11091) to work on /home/ec2-user/environment/lab4_model_training/dags/generate_data_dag.py
[2026-03-29T20:43:48.338+0000] {processor.py:914} INFO - Processing file /home/ec2-user/environment/lab4_model_training/dags/generate_data_dag.py for tasks to queue
[2026-03-29T20:43:48.339+0000] {logging_mixin.py:190} INFO - [2026-03-29T20:43:48.338+0000] {dagbag.py:588} INFO - Filling up the DagBag from /home/ec2-user/environment/lab4_model_training/dags/generate_data_dag.py
[2026-03-29T20:43:49.497+0000] {processor.py:925} INFO - DAG(s) 'generate_data_only' retrieved from /home/ec2-user/environment/lab4_model_training/dags/generate_data_dag.py
[2026-03-29T20:43:49.509+0000] {logging_mixin.py:190} INFO - [2026-03-29T20:43:49.508+0000] {dag.py:3239} INFO - Sync 1 DAGs
[2026-03-29T20:43:49.517+0000] {logging_mixin.py:190} INFO - [2026-03-29T20:43:49.516+0000] {dag.py:4180} INFO - Setting next_dagrun for generate_data_only to None, run_after=None
[2026-03-29T20:43:49.532+0000] {processor.py:208} INFO - Processing /home/ec2-user/environment/lab4_model_training/dags/generate_data_dag.py took 1.200 seconds
[2026-03-29T20:44:19.732+0000] {processor.py:186} INFO - Started process (PID=11203) to work on /home/ec2-user/environment/lab4_model_training/dags/generate_data_dag.py
[2026-03-29T20:44:19.733+0000] {processor.py:914} INFO - Processing file /home/ec2-user/environment/lab4_model_training/dags/generate_data_dag.py for tasks to queue
[2026-03-29T20:44:19.734+0000] {logging_mixin.py:190} INFO - [2026-03-29T20:44:19.734+0000] {dagbag.py:588} INFO - Filling up the DagBag from /home/ec2-user/environment/lab4_model_training/dags/generate_data_dag.py
[2026-03-29T20:44:20.908+0000] {processor.py:925} INFO - DAG(s) 'generate_data_only' retrieved from /home/ec2-user/environment/lab4_model_training/dags/generate_data_dag.py
[2026-03-29T20:44:20.920+0000] {logging_mixin.py:190} INFO - [2026-03-29T20:44:20.919+0000] {dag.py:3239} INFO - Sync 1 DAGs
[2026-03-29T20:44:20.928+0000] {logging_mixin.py:190} INFO - [2026-03-29T20:44:20.927+0000] {dag.py:4180} INFO - Setting next_dagrun for generate_data_only to None, run_after=None
[2026-03-29T20:44:20.943+0000] {processor.py:208} INFO - Processing /home/ec2-user/environment/lab4_model_training/dags/generate_data_dag.py took 1.216 seconds
[2026-03-29T20:44:51.143+0000] {processor.py:186} INFO - Started process (PID=11236) to work on /home/ec2-user/environment/lab4_model_training/dags/generate_data_dag.py
[2026-03-29T20:44:51.144+0000] {processor.py:914} INFO - Processing file /home/ec2-user/environment/lab4_model_training/dags/generate_data_dag.py for tasks to queue
[2026-03-29T20:44:51.145+0000] {logging_mixin.py:190} INFO - [2026-03-29T20:44:51.145+0000] {dagbag.py:588} INFO - Filling up the DagBag from /home/ec2-user/environment/lab4_model_training/dags/generate_data_dag.py
[2026-03-29T20:44:52.304+0000] {processor.py:925} INFO - DAG(s) 'generate_data_only' retrieved from /home/ec2-user/environment/lab4_model_training/dags/generate_data_dag.py
[2026-03-29T20:44:52.315+0000] {logging_mixin.py:190} INFO - [2026-03-29T20:44:52.315+0000] {dag.py:3239} INFO - Sync 1 DAGs
[2026-03-29T20:44:52.324+0000] {logging_mixin.py:190} INFO - [2026-03-29T20:44:52.324+0000] {dag.py:4180} INFO - Setting next_dagrun for generate_data_only to None, run_after=None
[2026-03-29T20:44:52.339+0000] {processor.py:208} INFO - Processing /home/ec2-user/environment/lab4_model_training/dags/generate_data_dag.py took 1.201 seconds
[2026-03-29T20:45:22.770+0000] {processor.py:186} INFO - Started process (PID=11333) to work on /home/ec2-user/environment/lab4_model_training/dags/generate_data_dag.py
[2026-03-29T20:45:22.770+0000] {processor.py:914} INFO - Processing file /home/ec2-user/environment/lab4_model_training/dags/generate_data_dag.py for tasks to queue
[2026-03-29T20:45:22.771+0000] {logging_mixin.py:190} INFO - [2026-03-29T20:45:22.771+0000] {dagbag.py:588} INFO - Filling up the DagBag from /home/ec2-user/environment/lab4_model_training/dags/generate_data_dag.py
[2026-03-29T20:45:23.931+0000] {processor.py:925} INFO - DAG(s) 'generate_data_only' retrieved from /home/ec2-user/environment/lab4_model_training/dags/generate_data_dag.py
[2026-03-29T20:45:23.943+0000] {logging_mixin.py:190} INFO - [2026-03-29T20:45:23.942+0000] {dag.py:3239} INFO - Sync 1 DAGs
[2026-03-29T20:45:23.952+0000] {logging_mixin.py:190} INFO - [2026-03-29T20:45:23.951+0000] {dag.py:4180} INFO - Setting next_dagrun for generate_data_only to None, run_after=None
[2026-03-29T20:45:23.967+0000] {processor.py:208} INFO - Processing /home/ec2-user/environment/lab4_model_training/dags/generate_data_dag.py took 1.202 seconds
[2026-03-29T20:45:54.170+0000] {processor.py:186} INFO - Started process (PID=11373) to work on /home/ec2-user/environment/lab4_model_training/dags/generate_data_dag.py
[2026-03-29T20:45:54.171+0000] {processor.py:914} INFO - Processing file /home/ec2-user/environment/lab4_model_training/dags/generate_data_dag.py for tasks to queue
[2026-03-29T20:45:54.173+0000] {logging_mixin.py:190} INFO - [2026-03-29T20:45:54.172+0000] {dagbag.py:588} INFO - Filling up the DagBag from /home/ec2-user/environment/lab4_model_training/dags/generate_data_dag.py
[2026-03-29T20:45:55.329+0000] {processor.py:925} INFO - DAG(s) 'generate_data_only' retrieved from /home/ec2-user/environment/lab4_model_training/dags/generate_data_dag.py
[2026-03-29T20:45:55.342+0000] {logging_mixin.py:190} INFO - [2026-03-29T20:45:55.341+0000] {dag.py:3239} INFO - Sync 1 DAGs
[2026-03-29T20:45:55.350+0000] {logging_mixin.py:190} INFO - [2026-03-29T20:45:55.349+0000] {dag.py:4180} INFO - Setting next_dagrun for generate_data_only to None, run_after=None
[2026-03-29T20:45:55.365+0000] {processor.py:208} INFO - Processing /home/ec2-user/environment/lab4_model_training/dags/generate_data_dag.py took 1.200 seconds
[2026-03-29T20:46:25.891+0000] {processor.py:186} INFO - Started process (PID=11418) to work on /home/ec2-user/environment/lab4_model_training/dags/generate_data_dag.py
[2026-03-29T20:46:25.892+0000] {processor.py:914} INFO - Processing file /home/ec2-user/environment/lab4_model_training/dags/generate_data_dag.py for tasks to queue
[2026-03-29T20:46:25.893+0000] {logging_mixin.py:190} INFO - [2026-03-29T20:46:25.892+0000] {dagbag.py:588} INFO - Filling up the DagBag from /home/ec2-user/environment/lab4_model_training/dags/generate_data_dag.py
[2026-03-29T20:46:27.071+0000] {processor.py:925} INFO - DAG(s) 'generate_data_only' retrieved from /home/ec2-user/environment/lab4_model_training/dags/generate_data_dag.py
[2026-03-29T20:46:27.084+0000] {logging_mixin.py:190} INFO - [2026-03-29T20:46:27.083+0000] {dag.py:3239} INFO - Sync 1 DAGs
[2026-03-29T20:46:27.092+0000] {logging_mixin.py:190} INFO - [2026-03-29T20:46:27.092+0000] {dag.py:4180} INFO - Setting next_dagrun for generate_data_only to None, run_after=None
[2026-03-29T20:46:27.108+0000] {processor.py:208} INFO - Processing /home/ec2-user/environment/lab4_model_training/dags/generate_data_dag.py took 1.222 seconds
[2026-03-29T20:46:57.287+0000] {processor.py:186} INFO - Started process (PID=11446) to work on /home/ec2-user/environment/lab4_model_training/dags/generate_data_dag.py
[2026-03-29T20:46:57.289+0000] {processor.py:914} INFO - Processing file /home/ec2-user/environment/lab4_model_training/dags/generate_data_dag.py for tasks to queue
[2026-03-29T20:46:57.290+0000] {logging_mixin.py:190} INFO - [2026-03-29T20:46:57.289+0000] {dagbag.py:588} INFO - Filling up the DagBag from /home/ec2-user/environment/lab4_model_training/dags/generate_data_dag.py
[2026-03-29T20:46:58.447+0000] {processor.py:925} INFO - DAG(s) 'generate_data_only' retrieved from /home/ec2-user/environment/lab4_model_training/dags/generate_data_dag.py
[2026-03-29T20:46:58.459+0000] {logging_mixin.py:190} INFO - [2026-03-29T20:46:58.459+0000] {dag.py:3239} INFO - Sync 1 DAGs
[2026-03-29T20:46:58.467+0000] {logging_mixin.py:190} INFO - [2026-03-29T20:46:58.467+0000] {dag.py:4180} INFO - Setting next_dagrun for generate_data_only to None, run_after=None
[2026-03-29T20:46:58.482+0000] {processor.py:208} INFO - Processing /home/ec2-user/environment/lab4_model_training/dags/generate_data_dag.py took 1.199 seconds
[2026-03-29T20:47:28.644+0000] {processor.py:186} INFO - Started process (PID=11542) to work on /home/ec2-user/environment/lab4_model_training/dags/generate_data_dag.py
[2026-03-29T20:47:28.645+0000] {processor.py:914} INFO - Processing file /home/ec2-user/environment/lab4_model_training/dags/generate_data_dag.py for tasks to queue
[2026-03-29T20:47:28.646+0000] {logging_mixin.py:190} INFO - [2026-03-29T20:47:28.646+0000] {dagbag.py:588} INFO - Filling up the DagBag from /home/ec2-user/environment/lab4_model_training/dags/generate_data_dag.py
[2026-03-29T20:47:29.802+0000] {processor.py:925} INFO - DAG(s) 'generate_data_only' retrieved from /home/ec2-user/environment/lab4_model_training/dags/generate_data_dag.py
[2026-03-29T20:47:29.814+0000] {logging_mixin.py:190} INFO - [2026-03-29T20:47:29.813+0000] {dag.py:3239} INFO - Sync 1 DAGs
[2026-03-29T20:47:29.821+0000] {logging_mixin.py:190} INFO - [2026-03-29T20:47:29.821+0000] {dag.py:4180} INFO - Setting next_dagrun for generate_data_only to None, run_after=None
[2026-03-29T20:47:29.837+0000] {processor.py:208} INFO - Processing /home/ec2-user/environment/lab4_model_training/dags/generate_data_dag.py took 1.198 seconds
[2026-03-29T20:48:00.009+0000] {processor.py:186} INFO - Started process (PID=11572) to work on /home/ec2-user/environment/lab4_model_training/dags/generate_data_dag.py
[2026-03-29T20:48:00.009+0000] {processor.py:914} INFO - Processing file /home/ec2-user/environment/lab4_model_training/dags/generate_data_dag.py for tasks to queue
[2026-03-29T20:48:00.010+0000] {logging_mixin.py:190} INFO - [2026-03-29T20:48:00.010+0000] {dagbag.py:588} INFO - Filling up the DagBag from /home/ec2-user/environment/lab4_model_training/dags/generate_data_dag.py
[2026-03-29T20:48:01.175+0000] {processor.py:925} INFO - DAG(s) 'generate_data_only' retrieved from /home/ec2-user/environment/lab4_model_training/dags/generate_data_dag.py
[2026-03-29T20:48:01.186+0000] {logging_mixin.py:190} INFO - [2026-03-29T20:48:01.186+0000] {dag.py:3239} INFO - Sync 1 DAGs
[2026-03-29T20:48:01.195+0000] {logging_mixin.py:190} INFO - [2026-03-29T20:48:01.195+0000] {dag.py:4180} INFO - Setting next_dagrun for generate_data_only to None, run_after=None
[2026-03-29T20:48:01.210+0000] {processor.py:208} INFO - Processing /home/ec2-user/environment/lab4_model_training/dags/generate_data_dag.py took 1.206 seconds
[2026-03-29T20:48:31.779+0000] {processor.py:186} INFO - Started process (PID=11615) to work on /home/ec2-user/environment/lab4_model_training/dags/generate_data_dag.py
[2026-03-29T20:48:31.781+0000] {processor.py:914} INFO - Processing file /home/ec2-user/environment/lab4_model_training/dags/generate_data_dag.py for tasks to queue
[2026-03-29T20:48:31.782+0000] {logging_mixin.py:190} INFO - [2026-03-29T20:48:31.781+0000] {dagbag.py:588} INFO - Filling up the DagBag from /home/ec2-user/environment/lab4_model_training/dags/generate_data_dag.py
[2026-03-29T20:48:32.976+0000] {processor.py:925} INFO - DAG(s) 'generate_data_only' retrieved from /home/ec2-user/environment/lab4_model_training/dags/generate_data_dag.py
[2026-03-29T20:48:32.988+0000] {logging_mixin.py:190} INFO - [2026-03-29T20:48:32.987+0000] {dag.py:3239} INFO - Sync 1 DAGs
[2026-03-29T20:48:32.996+0000] {logging_mixin.py:190} INFO - [2026-03-29T20:48:32.996+0000] {dag.py:4180} INFO - Setting next_dagrun for generate_data_only to None, run_after=None
[2026-03-29T20:48:33.012+0000] {processor.py:208} INFO - Processing /home/ec2-user/environment/lab4_model_training/dags/generate_data_dag.py took 1.237 seconds
[2026-03-29T20:49:06.764+0000] {processor.py:186} INFO - Started process (PID=11688) to work on /home/ec2-user/environment/lab4_model_training/dags/generate_data_dag.py
[2026-03-29T20:49:06.765+0000] {processor.py:914} INFO - Processing file /home/ec2-user/environment/lab4_model_training/dags/generate_data_dag.py for tasks to queue
[2026-03-29T20:49:06.766+0000] {logging_mixin.py:190} INFO - [2026-03-29T20:49:06.766+0000] {dagbag.py:588} INFO - Filling up the DagBag from /home/ec2-user/environment/lab4_model_training/dags/generate_data_dag.py
[2026-03-29T20:49:07.944+0000] {processor.py:925} INFO - DAG(s) 'generate_data_only' retrieved from /home/ec2-user/environment/lab4_model_training/dags/generate_data_dag.py
[2026-03-29T20:49:07.957+0000] {logging_mixin.py:190} INFO - [2026-03-29T20:49:07.956+0000] {dag.py:3239} INFO - Sync 1 DAGs
[2026-03-29T20:49:07.965+0000] {logging_mixin.py:190} INFO - [2026-03-29T20:49:07.965+0000] {dag.py:4180} INFO - Setting next_dagrun for generate_data_only to None, run_after=None
[2026-03-29T20:49:07.980+0000] {processor.py:208} INFO - Processing /home/ec2-user/environment/lab4_model_training/dags/generate_data_dag.py took 1.221 seconds
[2026-03-29T20:49:38.413+0000] {processor.py:186} INFO - Started process (PID=11764) to work on /home/ec2-user/environment/lab4_model_training/dags/generate_data_dag.py
[2026-03-29T20:49:38.414+0000] {processor.py:914} INFO - Processing file /home/ec2-user/environment/lab4_model_training/dags/generate_data_dag.py for tasks to queue
[2026-03-29T20:49:38.415+0000] {logging_mixin.py:190} INFO - [2026-03-29T20:49:38.415+0000] {dagbag.py:588} INFO - Filling up the DagBag from /home/ec2-user/environment/lab4_model_training/dags/generate_data_dag.py
[2026-03-29T20:49:39.603+0000] {processor.py:925} INFO - DAG(s) 'generate_data_only' retrieved from /home/ec2-user/environment/lab4_model_training/dags/generate_data_dag.py
[2026-03-29T20:49:39.615+0000] {logging_mixin.py:190} INFO - [2026-03-29T20:49:39.614+0000] {dag.py:3239} INFO - Sync 1 DAGs
[2026-03-29T20:49:39.623+0000] {logging_mixin.py:190} INFO - [2026-03-29T20:49:39.623+0000] {dag.py:4180} INFO - Setting next_dagrun for generate_data_only to None, run_after=None
[2026-03-29T20:49:39.638+0000] {processor.py:208} INFO - Processing /home/ec2-user/environment/lab4_model_training/dags/generate_data_dag.py took 1.229 seconds
[2026-03-29T20:50:10.419+0000] {processor.py:186} INFO - Started process (PID=11802) to work on /home/ec2-user/environment/lab4_model_training/dags/generate_data_dag.py
[2026-03-29T20:50:10.420+0000] {processor.py:914} INFO - Processing file /home/ec2-user/environment/lab4_model_training/dags/generate_data_dag.py for tasks to queue
[2026-03-29T20:50:10.421+0000] {logging_mixin.py:190} INFO - [2026-03-29T20:50:10.420+0000] {dagbag.py:588} INFO - Filling up the DagBag from /home/ec2-user/environment/lab4_model_training/dags/generate_data_dag.py
[2026-03-29T20:50:11.604+0000] {processor.py:925} INFO - DAG(s) 'generate_data_only' retrieved from /home/ec2-user/environment/lab4_model_training/dags/generate_data_dag.py
[2026-03-29T20:50:11.615+0000] {logging_mixin.py:190} INFO - [2026-03-29T20:50:11.615+0000] {dag.py:3239} INFO - Sync 1 DAGs
[2026-03-29T20:50:11.623+0000] {logging_mixin.py:190} INFO - [2026-03-29T20:50:11.623+0000] {dag.py:4180} INFO - Setting next_dagrun for generate_data_only to None, run_after=None
[2026-03-29T20:50:11.639+0000] {processor.py:208} INFO - Processing /home/ec2-user/environment/lab4_model_training/dags/generate_data_dag.py took 1.225 seconds
[2026-03-29T20:50:42.137+0000] {processor.py:186} INFO - Started process (PID=11881) to work on /home/ec2-user/environment/lab4_model_training/dags/generate_data_dag.py
[2026-03-29T20:50:42.137+0000] {processor.py:914} INFO - Processing file /home/ec2-user/environment/lab4_model_training/dags/generate_data_dag.py for tasks to queue
[2026-03-29T20:50:42.138+0000] {logging_mixin.py:190} INFO - [2026-03-29T20:50:42.138+0000] {dagbag.py:588} INFO - Filling up the DagBag from /home/ec2-user/environment/lab4_model_training/dags/generate_data_dag.py
[2026-03-29T20:50:43.320+0000] {processor.py:925} INFO - DAG(s) 'generate_data_only' retrieved from /home/ec2-user/environment/lab4_model_training/dags/generate_data_dag.py
[2026-03-29T20:50:43.332+0000] {logging_mixin.py:190} INFO - [2026-03-29T20:50:43.331+0000] {dag.py:3239} INFO - Sync 1 DAGs
[2026-03-29T20:50:43.340+0000] {logging_mixin.py:190} INFO - [2026-03-29T20:50:43.340+0000] {dag.py:4180} INFO - Setting next_dagrun for generate_data_only to None, run_after=None
[2026-03-29T20:50:43.356+0000] {processor.py:208} INFO - Processing /home/ec2-user/environment/lab4_model_training/dags/generate_data_dag.py took 1.224 seconds
[2026-03-29T20:51:13.596+0000] {processor.py:186} INFO - Started process (PID=11920) to work on /home/ec2-user/environment/lab4_model_training/dags/generate_data_dag.py
[2026-03-29T20:51:13.597+0000] {processor.py:914} INFO - Processing file /home/ec2-user/environment/lab4_model_training/dags/generate_data_dag.py for tasks to queue
[2026-03-29T20:51:13.598+0000] {logging_mixin.py:190} INFO - [2026-03-29T20:51:13.598+0000] {dagbag.py:588} INFO - Filling up the DagBag from /home/ec2-user/environment/lab4_model_training/dags/generate_data_dag.py
[2026-03-29T20:51:14.777+0000] {processor.py:925} INFO - DAG(s) 'generate_data_only' retrieved from /home/ec2-user/environment/lab4_model_training/dags/generate_data_dag.py
[2026-03-29T20:51:14.789+0000] {logging_mixin.py:190} INFO - [2026-03-29T20:51:14.789+0000] {dag.py:3239} INFO - Sync 1 DAGs
[2026-03-29T20:51:14.798+0000] {logging_mixin.py:190} INFO - [2026-03-29T20:51:14.798+0000] {dag.py:4180} INFO - Setting next_dagrun for generate_data_only to None, run_after=None
[2026-03-29T20:51:14.813+0000] {processor.py:208} INFO - Processing /home/ec2-user/environment/lab4_model_training/dags/generate_data_dag.py took 1.222 seconds
[2026-03-29T20:51:45.599+0000] {processor.py:186} INFO - Started process (PID=11972) to work on /home/ec2-user/environment/lab4_model_training/dags/generate_data_dag.py
[2026-03-29T20:51:45.600+0000] {processor.py:914} INFO - Processing file /home/ec2-user/environment/lab4_model_training/dags/generate_data_dag.py for tasks to queue
[2026-03-29T20:51:45.601+0000] {logging_mixin.py:190} INFO - [2026-03-29T20:51:45.600+0000] {dagbag.py:588} INFO - Filling up the DagBag from /home/ec2-user/environment/lab4_model_training/dags/generate_data_dag.py
[2026-03-29T20:51:46.789+0000] {processor.py:925} INFO - DAG(s) 'generate_data_only' retrieved from /home/ec2-user/environment/lab4_model_training/dags/generate_data_dag.py
[2026-03-29T20:51:46.801+0000] {logging_mixin.py:190} INFO - [2026-03-29T20:51:46.800+0000] {dag.py:3239} INFO - Sync 1 DAGs
[2026-03-29T20:51:46.810+0000] {logging_mixin.py:190} INFO - [2026-03-29T20:51:46.809+0000] {dag.py:4180} INFO - Setting next_dagrun for generate_data_only to None, run_after=None
[2026-03-29T20:51:46.825+0000] {processor.py:208} INFO - Processing /home/ec2-user/environment/lab4_model_training/dags/generate_data_dag.py took 1.231 seconds
[2026-03-29T20:52:17.349+0000] {processor.py:186} INFO - Started process (PID=12011) to work on /home/ec2-user/environment/lab4_model_training/dags/generate_data_dag.py
[2026-03-29T20:52:17.351+0000] {processor.py:914} INFO - Processing file /home/ec2-user/environment/lab4_model_training/dags/generate_data_dag.py for tasks to queue
[2026-03-29T20:52:17.351+0000] {logging_mixin.py:190} INFO - [2026-03-29T20:52:17.351+0000] {dagbag.py:588} INFO - Filling up the DagBag from /home/ec2-user/environment/lab4_model_training/dags/generate_data_dag.py
[2026-03-29T20:52:18.558+0000] {processor.py:925} INFO - DAG(s) 'generate_data_only' retrieved from /home/ec2-user/environment/lab4_model_training/dags/generate_data_dag.py
[2026-03-29T20:52:18.570+0000] {logging_mixin.py:190} INFO - [2026-03-29T20:52:18.570+0000] {dag.py:3239} INFO - Sync 1 DAGs
[2026-03-29T20:52:18.578+0000] {logging_mixin.py:190} INFO - [2026-03-29T20:52:18.578+0000] {dag.py:4180} INFO - Setting next_dagrun for generate_data_only to None, run_after=None
[2026-03-29T20:52:18.593+0000] {processor.py:208} INFO - Processing /home/ec2-user/environment/lab4_model_training/dags/generate_data_dag.py took 1.248 seconds
[2026-03-29T20:52:49.255+0000] {processor.py:186} INFO - Started process (PID=12085) to work on /home/ec2-user/environment/lab4_model_training/dags/generate_data_dag.py
[2026-03-29T20:52:49.256+0000] {processor.py:914} INFO - Processing file /home/ec2-user/environment/lab4_model_training/dags/generate_data_dag.py for tasks to queue
[2026-03-29T20:52:49.257+0000] {logging_mixin.py:190} INFO - [2026-03-29T20:52:49.257+0000] {dagbag.py:588} INFO - Filling up the DagBag from /home/ec2-user/environment/lab4_model_training/dags/generate_data_dag.py
[2026-03-29T20:52:50.421+0000] {processor.py:925} INFO - DAG(s) 'generate_data_only' retrieved from /home/ec2-user/environment/lab4_model_training/dags/generate_data_dag.py
[2026-03-29T20:52:50.432+0000] {logging_mixin.py:190} INFO - [2026-03-29T20:52:50.432+0000] {dag.py:3239} INFO - Sync 1 DAGs
[2026-03-29T20:52:50.440+0000] {logging_mixin.py:190} INFO - [2026-03-29T20:52:50.440+0000] {dag.py:4180} INFO - Setting next_dagrun for generate_data_only to None, run_after=None
[2026-03-29T20:52:50.455+0000] {processor.py:208} INFO - Processing /home/ec2-user/environment/lab4_model_training/dags/generate_data_dag.py took 1.205 seconds
[2026-03-29T20:53:21.257+0000] {processor.py:186} INFO - Started process (PID=12127) to work on /home/ec2-user/environment/lab4_model_training/dags/generate_data_dag.py
[2026-03-29T20:53:21.257+0000] {processor.py:914} INFO - Processing file /home/ec2-user/environment/lab4_model_training/dags/generate_data_dag.py for tasks to queue
[2026-03-29T20:53:21.258+0000] {logging_mixin.py:190} INFO - [2026-03-29T20:53:21.258+0000] {dagbag.py:588} INFO - Filling up the DagBag from /home/ec2-user/environment/lab4_model_training/dags/generate_data_dag.py
[2026-03-29T20:53:22.434+0000] {processor.py:925} INFO - DAG(s) 'generate_data_only' retrieved from /home/ec2-user/environment/lab4_model_training/dags/generate_data_dag.py
[2026-03-29T20:53:22.445+0000] {logging_mixin.py:190} INFO - [2026-03-29T20:53:22.445+0000] {dag.py:3239} INFO - Sync 1 DAGs
[2026-03-29T20:53:22.454+0000] {logging_mixin.py:190} INFO - [2026-03-29T20:53:22.453+0000] {dag.py:4180} INFO - Setting next_dagrun for generate_data_only to None, run_after=None
[2026-03-29T20:53:22.469+0000] {processor.py:208} INFO - Processing /home/ec2-user/environment/lab4_model_training/dags/generate_data_dag.py took 1.217 seconds
[2026-03-29T20:53:52.627+0000] {processor.py:186} INFO - Started process (PID=12153) to work on /home/ec2-user/environment/lab4_model_training/dags/generate_data_dag.py
[2026-03-29T20:53:52.628+0000] {processor.py:914} INFO - Processing file /home/ec2-user/environment/lab4_model_training/dags/generate_data_dag.py for tasks to queue
[2026-03-29T20:53:52.629+0000] {logging_mixin.py:190} INFO - [2026-03-29T20:53:52.629+0000] {dagbag.py:588} INFO - Filling up the DagBag from /home/ec2-user/environment/lab4_model_training/dags/generate_data_dag.py
[2026-03-29T20:53:53.818+0000] {processor.py:925} INFO - DAG(s) 'generate_data_only' retrieved from /home/ec2-user/environment/lab4_model_training/dags/generate_data_dag.py
[2026-03-29T20:53:53.830+0000] {logging_mixin.py:190} INFO - [2026-03-29T20:53:53.830+0000] {dag.py:3239} INFO - Sync 1 DAGs
[2026-03-29T20:53:53.838+0000] {logging_mixin.py:190} INFO - [2026-03-29T20:53:53.838+0000] {dag.py:4180} INFO - Setting next_dagrun for generate_data_only to None, run_after=None
[2026-03-29T20:53:53.854+0000] {processor.py:208} INFO - Processing /home/ec2-user/environment/lab4_model_training/dags/generate_data_dag.py took 1.231 seconds
[2026-03-29T20:54:23.992+0000] {processor.py:186} INFO - Started process (PID=12244) to work on /home/ec2-user/environment/lab4_model_training/dags/generate_data_dag.py
[2026-03-29T20:54:23.994+0000] {processor.py:914} INFO - Processing file /home/ec2-user/environment/lab4_model_training/dags/generate_data_dag.py for tasks to queue
[2026-03-29T20:54:23.995+0000] {logging_mixin.py:190} INFO - [2026-03-29T20:54:23.994+0000] {dagbag.py:588} INFO - Filling up the DagBag from /home/ec2-user/environment/lab4_model_training/dags/generate_data_dag.py
[2026-03-29T20:54:25.182+0000] {processor.py:925} INFO - DAG(s) 'generate_data_only' retrieved from /home/ec2-user/environment/lab4_model_training/dags/generate_data_dag.py
[2026-03-29T20:54:25.193+0000] {logging_mixin.py:190} INFO - [2026-03-29T20:54:25.193+0000] {dag.py:3239} INFO - Sync 1 DAGs
[2026-03-29T20:54:25.202+0000] {logging_mixin.py:190} INFO - [2026-03-29T20:54:25.202+0000] {dag.py:4180} INFO - Setting next_dagrun for generate_data_only to None, run_after=None
[2026-03-29T20:54:25.217+0000] {processor.py:208} INFO - Processing /home/ec2-user/environment/lab4_model_training/dags/generate_data_dag.py took 1.230 seconds
[2026-03-29T20:54:55.355+0000] {processor.py:186} INFO - Started process (PID=12270) to work on /home/ec2-user/environment/lab4_model_training/dags/generate_data_dag.py
[2026-03-29T20:54:55.356+0000] {processor.py:914} INFO - Processing file /home/ec2-user/environment/lab4_model_training/dags/generate_data_dag.py for tasks to queue
[2026-03-29T20:54:55.357+0000] {logging_mixin.py:190} INFO - [2026-03-29T20:54:55.356+0000] {dagbag.py:588} INFO - Filling up the DagBag from /home/ec2-user/environment/lab4_model_training/dags/generate_data_dag.py
[2026-03-29T20:54:56.521+0000] {processor.py:925} INFO - DAG(s) 'generate_data_only' retrieved from /home/ec2-user/environment/lab4_model_training/dags/generate_data_dag.py
[2026-03-29T20:54:56.533+0000] {logging_mixin.py:190} INFO - [2026-03-29T20:54:56.532+0000] {dag.py:3239} INFO - Sync 1 DAGs
[2026-03-29T20:54:56.542+0000] {logging_mixin.py:190} INFO - [2026-03-29T20:54:56.542+0000] {dag.py:4180} INFO - Setting next_dagrun for generate_data_only to None, run_after=None
[2026-03-29T20:54:56.557+0000] {processor.py:208} INFO - Processing /home/ec2-user/environment/lab4_model_training/dags/generate_data_dag.py took 1.207 seconds
[2026-03-29T20:55:26.721+0000] {processor.py:186} INFO - Started process (PID=12309) to work on /home/ec2-user/environment/lab4_model_training/dags/generate_data_dag.py
[2026-03-29T20:55:26.721+0000] {processor.py:914} INFO - Processing file /home/ec2-user/environment/lab4_model_training/dags/generate_data_dag.py for tasks to queue
[2026-03-29T20:55:26.722+0000] {logging_mixin.py:190} INFO - [2026-03-29T20:55:26.722+0000] {dagbag.py:588} INFO - Filling up the DagBag from /home/ec2-user/environment/lab4_model_training/dags/generate_data_dag.py
[2026-03-29T20:55:27.913+0000] {processor.py:925} INFO - DAG(s) 'generate_data_only' retrieved from /home/ec2-user/environment/lab4_model_training/dags/generate_data_dag.py
[2026-03-29T20:55:27.926+0000] {logging_mixin.py:190} INFO - [2026-03-29T20:55:27.925+0000] {dag.py:3239} INFO - Sync 1 DAGs
[2026-03-29T20:55:27.934+0000] {logging_mixin.py:190} INFO - [2026-03-29T20:55:27.934+0000] {dag.py:4180} INFO - Setting next_dagrun for generate_data_only to None, run_after=None
[2026-03-29T20:55:27.949+0000] {processor.py:208} INFO - Processing /home/ec2-user/environment/lab4_model_training/dags/generate_data_dag.py took 1.233 seconds
[2026-03-29T20:55:58.084+0000] {processor.py:186} INFO - Started process (PID=12339) to work on /home/ec2-user/environment/lab4_model_training/dags/generate_data_dag.py
[2026-03-29T20:55:58.086+0000] {processor.py:914} INFO - Processing file /home/ec2-user/environment/lab4_model_training/dags/generate_data_dag.py for tasks to queue
[2026-03-29T20:55:58.087+0000] {logging_mixin.py:190} INFO - [2026-03-29T20:55:58.086+0000] {dagbag.py:588} INFO - Filling up the DagBag from /home/ec2-user/environment/lab4_model_training/dags/generate_data_dag.py
[2026-03-29T20:55:59.263+0000] {processor.py:925} INFO - DAG(s) 'generate_data_only' retrieved from /home/ec2-user/environment/lab4_model_training/dags/generate_data_dag.py
[2026-03-29T20:55:59.274+0000] {logging_mixin.py:190} INFO - [2026-03-29T20:55:59.274+0000] {dag.py:3239} INFO - Sync 1 DAGs
[2026-03-29T20:55:59.282+0000] {logging_mixin.py:190} INFO - [2026-03-29T20:55:59.282+0000] {dag.py:4180} INFO - Setting next_dagrun for generate_data_only to None, run_after=None
[2026-03-29T20:55:59.298+0000] {processor.py:208} INFO - Processing /home/ec2-user/environment/lab4_model_training/dags/generate_data_dag.py took 1.218 seconds
[2026-03-29T20:56:29.451+0000] {processor.py:186} INFO - Started process (PID=12426) to work on /home/ec2-user/environment/lab4_model_training/dags/generate_data_dag.py
[2026-03-29T20:56:29.452+0000] {processor.py:914} INFO - Processing file /home/ec2-user/environment/lab4_model_training/dags/generate_data_dag.py for tasks to queue
[2026-03-29T20:56:29.453+0000] {logging_mixin.py:190} INFO - [2026-03-29T20:56:29.453+0000] {dagbag.py:588} INFO - Filling up the DagBag from /home/ec2-user/environment/lab4_model_training/dags/generate_data_dag.py
[2026-03-29T20:56:30.629+0000] {processor.py:925} INFO - DAG(s) 'generate_data_only' retrieved from /home/ec2-user/environment/lab4_model_training/dags/generate_data_dag.py
[2026-03-29T20:56:30.640+0000] {logging_mixin.py:190} INFO - [2026-03-29T20:56:30.640+0000] {dag.py:3239} INFO - Sync 1 DAGs
[2026-03-29T20:56:30.648+0000] {logging_mixin.py:190} INFO - [2026-03-29T20:56:30.648+0000] {dag.py:4180} INFO - Setting next_dagrun for generate_data_only to None, run_after=None
[2026-03-29T20:56:30.663+0000] {processor.py:208} INFO - Processing /home/ec2-user/environment/lab4_model_training/dags/generate_data_dag.py took 1.217 seconds
[2026-03-29T20:57:00.811+0000] {processor.py:186} INFO - Started process (PID=12454) to work on /home/ec2-user/environment/lab4_model_training/dags/generate_data_dag.py
[2026-03-29T20:57:00.812+0000] {processor.py:914} INFO - Processing file /home/ec2-user/environment/lab4_model_training/dags/generate_data_dag.py for tasks to queue
[2026-03-29T20:57:00.813+0000] {logging_mixin.py:190} INFO - [2026-03-29T20:57:00.813+0000] {dagbag.py:588} INFO - Filling up the DagBag from /home/ec2-user/environment/lab4_model_training/dags/generate_data_dag.py
[2026-03-29T20:57:02.024+0000] {processor.py:925} INFO - DAG(s) 'generate_data_only' retrieved from /home/ec2-user/environment/lab4_model_training/dags/generate_data_dag.py
[2026-03-29T20:57:02.036+0000] {logging_mixin.py:190} INFO - [2026-03-29T20:57:02.035+0000] {dag.py:3239} INFO - Sync 1 DAGs
[2026-03-29T20:57:02.044+0000] {logging_mixin.py:190} INFO - [2026-03-29T20:57:02.044+0000] {dag.py:4180} INFO - Setting next_dagrun for generate_data_only to None, run_after=None
[2026-03-29T20:57:02.060+0000] {processor.py:208} INFO - Processing /home/ec2-user/environment/lab4_model_training/dags/generate_data_dag.py took 1.254 seconds
[2026-03-29T20:57:32.174+0000] {processor.py:186} INFO - Started process (PID=12492) to work on /home/ec2-user/environment/lab4_model_training/dags/generate_data_dag.py
[2026-03-29T20:57:32.175+0000] {processor.py:914} INFO - Processing file /home/ec2-user/environment/lab4_model_training/dags/generate_data_dag.py for tasks to queue
[2026-03-29T20:57:32.176+0000] {logging_mixin.py:190} INFO - [2026-03-29T20:57:32.176+0000] {dagbag.py:588} INFO - Filling up the DagBag from /home/ec2-user/environment/lab4_model_training/dags/generate_data_dag.py
[2026-03-29T20:57:33.332+0000] {processor.py:925} INFO - DAG(s) 'generate_data_only' retrieved from /home/ec2-user/environment/lab4_model_training/dags/generate_data_dag.py
[2026-03-29T20:57:33.343+0000] {logging_mixin.py:190} INFO - [2026-03-29T20:57:33.343+0000] {dag.py:3239} INFO - Sync 1 DAGs
[2026-03-29T20:57:33.352+0000] {logging_mixin.py:190} INFO - [2026-03-29T20:57:33.352+0000] {dag.py:4180} INFO - Setting next_dagrun for generate_data_only to None, run_after=None
[2026-03-29T20:57:33.367+0000] {processor.py:208} INFO - Processing /home/ec2-user/environment/lab4_model_training/dags/generate_data_dag.py took 1.198 seconds
[2026-03-29T20:58:03.447+0000] {processor.py:186} INFO - Started process (PID=12530) to work on /home/ec2-user/environment/lab4_model_training/dags/generate_data_dag.py
[2026-03-29T20:58:03.448+0000] {processor.py:914} INFO - Processing file /home/ec2-user/environment/lab4_model_training/dags/generate_data_dag.py for tasks to queue
[2026-03-29T20:58:03.449+0000] {logging_mixin.py:190} INFO - [2026-03-29T20:58:03.448+0000] {dagbag.py:588} INFO - Filling up the DagBag from /home/ec2-user/environment/lab4_model_training/dags/generate_data_dag.py
[2026-03-29T20:58:04.607+0000] {processor.py:925} INFO - DAG(s) 'generate_data_only' retrieved from /home/ec2-user/environment/lab4_model_training/dags/generate_data_dag.py
[2026-03-29T20:58:04.618+0000] {logging_mixin.py:190} INFO - [2026-03-29T20:58:04.618+0000] {dag.py:3239} INFO - Sync 1 DAGs
[2026-03-29T20:58:04.627+0000] {logging_mixin.py:190} INFO - [2026-03-29T20:58:04.627+0000] {dag.py:4180} INFO - Setting next_dagrun for generate_data_only to None, run_after=None
[2026-03-29T20:58:04.642+0000] {processor.py:208} INFO - Processing /home/ec2-user/environment/lab4_model_training/dags/generate_data_dag.py took 1.200 seconds
[2026-03-29T20:58:34.809+0000] {processor.py:186} INFO - Started process (PID=12605) to work on /home/ec2-user/environment/lab4_model_training/dags/generate_data_dag.py
[2026-03-29T20:58:34.810+0000] {processor.py:914} INFO - Processing file /home/ec2-user/environment/lab4_model_training/dags/generate_data_dag.py for tasks to queue
[2026-03-29T20:58:34.811+0000] {logging_mixin.py:190} INFO - [2026-03-29T20:58:34.811+0000] {dagbag.py:588} INFO - Filling up the DagBag from /home/ec2-user/environment/lab4_model_training/dags/generate_data_dag.py
[2026-03-29T20:58:35.984+0000] {processor.py:925} INFO - DAG(s) 'generate_data_only' retrieved from /home/ec2-user/environment/lab4_model_training/dags/generate_data_dag.py
[2026-03-29T20:58:35.996+0000] {logging_mixin.py:190} INFO - [2026-03-29T20:58:35.996+0000] {dag.py:3239} INFO - Sync 1 DAGs
[2026-03-29T20:58:36.004+0000] {logging_mixin.py:190} INFO - [2026-03-29T20:58:36.004+0000] {dag.py:4180} INFO - Setting next_dagrun for generate_data_only to None, run_after=None
[2026-03-29T20:58:36.019+0000] {processor.py:208} INFO - Processing /home/ec2-user/environment/lab4_model_training/dags/generate_data_dag.py took 1.215 seconds
[2026-03-29T20:59:06.123+0000] {processor.py:186} INFO - Started process (PID=12671) to work on /home/ec2-user/environment/lab4_model_training/dags/generate_data_dag.py
[2026-03-29T20:59:06.124+0000] {processor.py:914} INFO - Processing file /home/ec2-user/environment/lab4_model_training/dags/generate_data_dag.py for tasks to queue
[2026-03-29T20:59:06.125+0000] {logging_mixin.py:190} INFO - [2026-03-29T20:59:06.124+0000] {dagbag.py:588} INFO - Filling up the DagBag from /home/ec2-user/environment/lab4_model_training/dags/generate_data_dag.py
[2026-03-29T20:59:07.284+0000] {processor.py:925} INFO - DAG(s) 'generate_data_only' retrieved from /home/ec2-user/environment/lab4_model_training/dags/generate_data_dag.py
[2026-03-29T20:59:07.296+0000] {logging_mixin.py:190} INFO - [2026-03-29T20:59:07.296+0000] {dag.py:3239} INFO - Sync 1 DAGs
[2026-03-29T20:59:07.304+0000] {logging_mixin.py:190} INFO - [2026-03-29T20:59:07.304+0000] {dag.py:4180} INFO - Setting next_dagrun for generate_data_only to None, run_after=None
[2026-03-29T20:59:07.319+0000] {processor.py:208} INFO - Processing /home/ec2-user/environment/lab4_model_training/dags/generate_data_dag.py took 1.200 seconds
[2026-03-29T20:59:37.474+0000] {processor.py:186} INFO - Started process (PID=12698) to work on /home/ec2-user/environment/lab4_model_training/dags/generate_data_dag.py
[2026-03-29T20:59:37.475+0000] {processor.py:914} INFO - Processing file /home/ec2-user/environment/lab4_model_training/dags/generate_data_dag.py for tasks to queue
[2026-03-29T20:59:37.476+0000] {logging_mixin.py:190} INFO - [2026-03-29T20:59:37.476+0000] {dagbag.py:588} INFO - Filling up the DagBag from /home/ec2-user/environment/lab4_model_training/dags/generate_data_dag.py
[2026-03-29T20:59:38.637+0000] {processor.py:925} INFO - DAG(s) 'generate_data_only' retrieved from /home/ec2-user/environment/lab4_model_training/dags/generate_data_dag.py
[2026-03-29T20:59:38.648+0000] {logging_mixin.py:190} INFO - [2026-03-29T20:59:38.648+0000] {dag.py:3239} INFO - Sync 1 DAGs
[2026-03-29T20:59:38.656+0000] {logging_mixin.py:190} INFO - [2026-03-29T20:59:38.656+0000] {dag.py:4180} INFO - Setting next_dagrun for generate_data_only to None, run_after=None
[2026-03-29T20:59:38.671+0000] {processor.py:208} INFO - Processing /home/ec2-user/environment/lab4_model_training/dags/generate_data_dag.py took 1.202 seconds
[2026-03-29T21:00:08.840+0000] {processor.py:186} INFO - Started process (PID=12736) to work on /home/ec2-user/environment/lab4_model_training/dags/generate_data_dag.py
[2026-03-29T21:00:08.841+0000] {processor.py:914} INFO - Processing file /home/ec2-user/environment/lab4_model_training/dags/generate_data_dag.py for tasks to queue
[2026-03-29T21:00:08.842+0000] {logging_mixin.py:190} INFO - [2026-03-29T21:00:08.842+0000] {dagbag.py:588} INFO - Filling up the DagBag from /home/ec2-user/environment/lab4_model_training/dags/generate_data_dag.py
[2026-03-29T21:00:10.035+0000] {processor.py:925} INFO - DAG(s) 'generate_data_only' retrieved from /home/ec2-user/environment/lab4_model_training/dags/generate_data_dag.py
[2026-03-29T21:00:10.046+0000] {logging_mixin.py:190} INFO - [2026-03-29T21:00:10.046+0000] {dag.py:3239} INFO - Sync 1 DAGs
[2026-03-29T21:00:10.055+0000] {logging_mixin.py:190} INFO - [2026-03-29T21:00:10.054+0000] {dag.py:4180} INFO - Setting next_dagrun for generate_data_only to None, run_after=None
[2026-03-29T21:00:10.071+0000] {processor.py:208} INFO - Processing /home/ec2-user/environment/lab4_model_training/dags/generate_data_dag.py took 1.236 seconds
[2026-03-29T21:00:40.206+0000] {processor.py:186} INFO - Started process (PID=12814) to work on /home/ec2-user/environment/lab4_model_training/dags/generate_data_dag.py
[2026-03-29T21:00:40.207+0000] {processor.py:914} INFO - Processing file /home/ec2-user/environment/lab4_model_training/dags/generate_data_dag.py for tasks to queue
[2026-03-29T21:00:40.208+0000] {logging_mixin.py:190} INFO - [2026-03-29T21:00:40.207+0000] {dagbag.py:588} INFO - Filling up the DagBag from /home/ec2-user/environment/lab4_model_training/dags/generate_data_dag.py
[2026-03-29T21:00:41.390+0000] {processor.py:925} INFO - DAG(s) 'generate_data_only' retrieved from /home/ec2-user/environment/lab4_model_training/dags/generate_data_dag.py
[2026-03-29T21:00:41.401+0000] {logging_mixin.py:190} INFO - [2026-03-29T21:00:41.401+0000] {dag.py:3239} INFO - Sync 1 DAGs
[2026-03-29T21:00:41.410+0000] {logging_mixin.py:190} INFO - [2026-03-29T21:00:41.410+0000] {dag.py:4180} INFO - Setting next_dagrun for generate_data_only to None, run_after=None
[2026-03-29T21:00:41.426+0000] {processor.py:208} INFO - Processing /home/ec2-user/environment/lab4_model_training/dags/generate_data_dag.py took 1.224 seconds
[2026-03-29T21:01:12.598+0000] {processor.py:186} INFO - Started process (PID=12870) to work on /home/ec2-user/environment/lab4_model_training/dags/generate_data_dag.py
[2026-03-29T21:01:12.599+0000] {processor.py:914} INFO - Processing file /home/ec2-user/environment/lab4_model_training/dags/generate_data_dag.py for tasks to queue
[2026-03-29T21:01:12.600+0000] {logging_mixin.py:190} INFO - [2026-03-29T21:01:12.600+0000] {dagbag.py:588} INFO - Filling up the DagBag from /home/ec2-user/environment/lab4_model_training/dags/generate_data_dag.py
[2026-03-29T21:01:13.781+0000] {processor.py:925} INFO - DAG(s) 'generate_data_only' retrieved from /home/ec2-user/environment/lab4_model_training/dags/generate_data_dag.py
[2026-03-29T21:01:13.792+0000] {logging_mixin.py:190} INFO - [2026-03-29T21:01:13.792+0000] {dag.py:3239} INFO - Sync 1 DAGs
[2026-03-29T21:01:13.801+0000] {logging_mixin.py:190} INFO - [2026-03-29T21:01:13.801+0000] {dag.py:4180} INFO - Setting next_dagrun for generate_data_only to None, run_after=None
[2026-03-29T21:01:13.817+0000] {processor.py:208} INFO - Processing /home/ec2-user/environment/lab4_model_training/dags/generate_data_dag.py took 1.223 seconds
[2026-03-29T21:01:43.979+0000] {processor.py:186} INFO - Started process (PID=12897) to work on /home/ec2-user/environment/lab4_model_training/dags/generate_data_dag.py
[2026-03-29T21:01:43.980+0000] {processor.py:914} INFO - Processing file /home/ec2-user/environment/lab4_model_training/dags/generate_data_dag.py for tasks to queue
[2026-03-29T21:01:43.981+0000] {logging_mixin.py:190} INFO - [2026-03-29T21:01:43.980+0000] {dagbag.py:588} INFO - Filling up the DagBag from /home/ec2-user/environment/lab4_model_training/dags/generate_data_dag.py
[2026-03-29T21:01:45.152+0000] {processor.py:925} INFO - DAG(s) 'generate_data_only' retrieved from /home/ec2-user/environment/lab4_model_training/dags/generate_data_dag.py
[2026-03-29T21:01:45.164+0000] {logging_mixin.py:190} INFO - [2026-03-29T21:01:45.164+0000] {dag.py:3239} INFO - Sync 1 DAGs
[2026-03-29T21:01:45.172+0000] {logging_mixin.py:190} INFO - [2026-03-29T21:01:45.172+0000] {dag.py:4180} INFO - Setting next_dagrun for generate_data_only to None, run_after=None
[2026-03-29T21:01:45.188+0000] {processor.py:208} INFO - Processing /home/ec2-user/environment/lab4_model_training/dags/generate_data_dag.py took 1.214 seconds
[2026-03-29T21:02:15.454+0000] {processor.py:186} INFO - Started process (PID=12935) to work on /home/ec2-user/environment/lab4_model_training/dags/generate_data_dag.py
[2026-03-29T21:02:15.454+0000] {processor.py:914} INFO - Processing file /home/ec2-user/environment/lab4_model_training/dags/generate_data_dag.py for tasks to queue
[2026-03-29T21:02:15.455+0000] {logging_mixin.py:190} INFO - [2026-03-29T21:02:15.455+0000] {dagbag.py:588} INFO - Filling up the DagBag from /home/ec2-user/environment/lab4_model_training/dags/generate_data_dag.py
[2026-03-29T21:02:16.626+0000] {processor.py:925} INFO - DAG(s) 'generate_data_only' retrieved from /home/ec2-user/environment/lab4_model_training/dags/generate_data_dag.py
[2026-03-29T21:02:16.637+0000] {logging_mixin.py:190} INFO - [2026-03-29T21:02:16.637+0000] {dag.py:3239} INFO - Sync 1 DAGs
[2026-03-29T21:02:16.649+0000] {logging_mixin.py:190} INFO - [2026-03-29T21:02:16.649+0000] {dag.py:4180} INFO - Setting next_dagrun for generate_data_only to None, run_after=None
[2026-03-29T21:02:16.664+0000] {processor.py:208} INFO - Processing /home/ec2-user/environment/lab4_model_training/dags/generate_data_dag.py took 1.215 seconds
[2026-03-29T21:02:46.926+0000] {processor.py:186} INFO - Started process (PID=13009) to work on /home/ec2-user/environment/lab4_model_training/dags/generate_data_dag.py
[2026-03-29T21:02:46.927+0000] {processor.py:914} INFO - Processing file /home/ec2-user/environment/lab4_model_training/dags/generate_data_dag.py for tasks to queue
[2026-03-29T21:02:46.928+0000] {logging_mixin.py:190} INFO - [2026-03-29T21:02:46.927+0000] {dagbag.py:588} INFO - Filling up the DagBag from /home/ec2-user/environment/lab4_model_training/dags/generate_data_dag.py
[2026-03-29T21:02:48.133+0000] {processor.py:925} INFO - DAG(s) 'generate_data_only' retrieved from /home/ec2-user/environment/lab4_model_training/dags/generate_data_dag.py
[2026-03-29T21:02:48.146+0000] {logging_mixin.py:190} INFO - [2026-03-29T21:02:48.145+0000] {dag.py:3239} INFO - Sync 1 DAGs
[2026-03-29T21:02:48.154+0000] {logging_mixin.py:190} INFO - [2026-03-29T21:02:48.154+0000] {dag.py:4180} INFO - Setting next_dagrun for generate_data_only to None, run_after=None
[2026-03-29T21:02:48.170+0000] {processor.py:208} INFO - Processing /home/ec2-user/environment/lab4_model_training/dags/generate_data_dag.py took 1.249 seconds
[2026-03-29T21:03:18.398+0000] {processor.py:186} INFO - Started process (PID=13047) to work on /home/ec2-user/environment/lab4_model_training/dags/generate_data_dag.py
[2026-03-29T21:03:18.399+0000] {processor.py:914} INFO - Processing file /home/ec2-user/environment/lab4_model_training/dags/generate_data_dag.py for tasks to queue
[2026-03-29T21:03:18.400+0000] {logging_mixin.py:190} INFO - [2026-03-29T21:03:18.400+0000] {dagbag.py:588} INFO - Filling up the DagBag from /home/ec2-user/environment/lab4_model_training/dags/generate_data_dag.py
[2026-03-29T21:03:19.574+0000] {processor.py:925} INFO - DAG(s) 'generate_data_only' retrieved from /home/ec2-user/environment/lab4_model_training/dags/generate_data_dag.py
[2026-03-29T21:03:19.586+0000] {logging_mixin.py:190} INFO - [2026-03-29T21:03:19.586+0000] {dag.py:3239} INFO - Sync 1 DAGs
[2026-03-29T21:03:19.594+0000] {logging_mixin.py:190} INFO - [2026-03-29T21:03:19.594+0000] {dag.py:4180} INFO - Setting next_dagrun for generate_data_only to None, run_after=None
[2026-03-29T21:03:19.611+0000] {processor.py:208} INFO - Processing /home/ec2-user/environment/lab4_model_training/dags/generate_data_dag.py took 1.218 seconds
[2026-03-29T21:03:49.871+0000] {processor.py:186} INFO - Started process (PID=13073) to work on /home/ec2-user/environment/lab4_model_training/dags/generate_data_dag.py
[2026-03-29T21:03:49.872+0000] {processor.py:914} INFO - Processing file /home/ec2-user/environment/lab4_model_training/dags/generate_data_dag.py for tasks to queue
[2026-03-29T21:03:49.873+0000] {logging_mixin.py:190} INFO - [2026-03-29T21:03:49.873+0000] {dagbag.py:588} INFO - Filling up the DagBag from /home/ec2-user/environment/lab4_model_training/dags/generate_data_dag.py
[2026-03-29T21:03:51.058+0000] {processor.py:925} INFO - DAG(s) 'generate_data_only' retrieved from /home/ec2-user/environment/lab4_model_training/dags/generate_data_dag.py
[2026-03-29T21:03:51.069+0000] {logging_mixin.py:190} INFO - [2026-03-29T21:03:51.069+0000] {dag.py:3239} INFO - Sync 1 DAGs
[2026-03-29T21:03:51.079+0000] {logging_mixin.py:190} INFO - [2026-03-29T21:03:51.079+0000] {dag.py:4180} INFO - Setting next_dagrun for generate_data_only to None, run_after=None
[2026-03-29T21:03:51.094+0000] {processor.py:208} INFO - Processing /home/ec2-user/environment/lab4_model_training/dags/generate_data_dag.py took 1.228 seconds
[2026-03-29T21:04:21.344+0000] {processor.py:186} INFO - Started process (PID=13159) to work on /home/ec2-user/environment/lab4_model_training/dags/generate_data_dag.py
[2026-03-29T21:04:21.345+0000] {processor.py:914} INFO - Processing file /home/ec2-user/environment/lab4_model_training/dags/generate_data_dag.py for tasks to queue
[2026-03-29T21:04:21.346+0000] {logging_mixin.py:190} INFO - [2026-03-29T21:04:21.345+0000] {dagbag.py:588} INFO - Filling up the DagBag from /home/ec2-user/environment/lab4_model_training/dags/generate_data_dag.py
[2026-03-29T21:04:22.555+0000] {processor.py:925} INFO - DAG(s) 'generate_data_only' retrieved from /home/ec2-user/environment/lab4_model_training/dags/generate_data_dag.py
[2026-03-29T21:04:22.567+0000] {logging_mixin.py:190} INFO - [2026-03-29T21:04:22.566+0000] {dag.py:3239} INFO - Sync 1 DAGs
[2026-03-29T21:04:22.576+0000] {logging_mixin.py:190} INFO - [2026-03-29T21:04:22.576+0000] {dag.py:4180} INFO - Setting next_dagrun for generate_data_only to None, run_after=None
[2026-03-29T21:04:22.592+0000] {processor.py:208} INFO - Processing /home/ec2-user/environment/lab4_model_training/dags/generate_data_dag.py took 1.253 seconds
[2026-03-29T21:04:52.818+0000] {processor.py:186} INFO - Started process (PID=13185) to work on /home/ec2-user/environment/lab4_model_training/dags/generate_data_dag.py
[2026-03-29T21:04:52.819+0000] {processor.py:914} INFO - Processing file /home/ec2-user/environment/lab4_model_training/dags/generate_data_dag.py for tasks to queue
[2026-03-29T21:04:52.820+0000] {logging_mixin.py:190} INFO - [2026-03-29T21:04:52.820+0000] {dagbag.py:588} INFO - Filling up the DagBag from /home/ec2-user/environment/lab4_model_training/dags/generate_data_dag.py
[2026-03-29T21:04:54.038+0000] {processor.py:925} INFO - DAG(s) 'generate_data_only' retrieved from /home/ec2-user/environment/lab4_model_training/dags/generate_data_dag.py
[2026-03-29T21:04:54.051+0000] {logging_mixin.py:190} INFO - [2026-03-29T21:04:54.050+0000] {dag.py:3239} INFO - Sync 1 DAGs
[2026-03-29T21:04:54.059+0000] {logging_mixin.py:190} INFO - [2026-03-29T21:04:54.059+0000] {dag.py:4180} INFO - Setting next_dagrun for generate_data_only to None, run_after=None
[2026-03-29T21:04:54.075+0000] {processor.py:208} INFO - Processing /home/ec2-user/environment/lab4_model_training/dags/generate_data_dag.py took 1.262 seconds
[2026-03-29T21:05:24.192+0000] {processor.py:186} INFO - Started process (PID=13223) to work on /home/ec2-user/environment/lab4_model_training/dags/generate_data_dag.py
[2026-03-29T21:05:24.194+0000] {processor.py:914} INFO - Processing file /home/ec2-user/environment/lab4_model_training/dags/generate_data_dag.py for tasks to queue
[2026-03-29T21:05:24.195+0000] {logging_mixin.py:190} INFO - [2026-03-29T21:05:24.194+0000] {dagbag.py:588} INFO - Filling up the DagBag from /home/ec2-user/environment/lab4_model_training/dags/generate_data_dag.py
[2026-03-29T21:05:25.348+0000] {processor.py:925} INFO - DAG(s) 'generate_data_only' retrieved from /home/ec2-user/environment/lab4_model_training/dags/generate_data_dag.py
[2026-03-29T21:05:25.360+0000] {logging_mixin.py:190} INFO - [2026-03-29T21:05:25.360+0000] {dag.py:3239} INFO - Sync 1 DAGs
[2026-03-29T21:05:25.368+0000] {logging_mixin.py:190} INFO - [2026-03-29T21:05:25.368+0000] {dag.py:4180} INFO - Setting next_dagrun for generate_data_only to None, run_after=None
[2026-03-29T21:05:25.383+0000] {processor.py:208} INFO - Processing /home/ec2-user/environment/lab4_model_training/dags/generate_data_dag.py took 1.196 seconds
[2026-03-29T21:05:55.566+0000] {processor.py:186} INFO - Started process (PID=13251) to work on /home/ec2-user/environment/lab4_model_training/dags/generate_data_dag.py
[2026-03-29T21:05:55.567+0000] {processor.py:914} INFO - Processing file /home/ec2-user/environment/lab4_model_training/dags/generate_data_dag.py for tasks to queue
[2026-03-29T21:05:55.568+0000] {logging_mixin.py:190} INFO - [2026-03-29T21:05:55.567+0000] {dagbag.py:588} INFO - Filling up the DagBag from /home/ec2-user/environment/lab4_model_training/dags/generate_data_dag.py
[2026-03-29T21:05:56.720+0000] {processor.py:925} INFO - DAG(s) 'generate_data_only' retrieved from /home/ec2-user/environment/lab4_model_training/dags/generate_data_dag.py
[2026-03-29T21:05:56.731+0000] {logging_mixin.py:190} INFO - [2026-03-29T21:05:56.731+0000] {dag.py:3239} INFO - Sync 1 DAGs
[2026-03-29T21:05:56.740+0000] {logging_mixin.py:190} INFO - [2026-03-29T21:05:56.739+0000] {dag.py:4180} INFO - Setting next_dagrun for generate_data_only to None, run_after=None
[2026-03-29T21:05:56.755+0000] {processor.py:208} INFO - Processing /home/ec2-user/environment/lab4_model_training/dags/generate_data_dag.py took 1.194 seconds
[2026-03-29T21:06:27.040+0000] {processor.py:186} INFO - Started process (PID=13340) to work on /home/ec2-user/environment/lab4_model_training/dags/generate_data_dag.py
[2026-03-29T21:06:27.041+0000] {processor.py:914} INFO - Processing file /home/ec2-user/environment/lab4_model_training/dags/generate_data_dag.py for tasks to queue
[2026-03-29T21:06:27.042+0000] {logging_mixin.py:190} INFO - [2026-03-29T21:06:27.042+0000] {dagbag.py:588} INFO - Filling up the DagBag from /home/ec2-user/environment/lab4_model_training/dags/generate_data_dag.py
[2026-03-29T21:06:28.201+0000] {processor.py:925} INFO - DAG(s) 'generate_data_only' retrieved from /home/ec2-user/environment/lab4_model_training/dags/generate_data_dag.py
[2026-03-29T21:06:28.212+0000] {logging_mixin.py:190} INFO - [2026-03-29T21:06:28.212+0000] {dag.py:3239} INFO - Sync 1 DAGs
[2026-03-29T21:06:28.220+0000] {logging_mixin.py:190} INFO - [2026-03-29T21:06:28.220+0000] {dag.py:4180} INFO - Setting next_dagrun for generate_data_only to None, run_after=None
[2026-03-29T21:06:28.238+0000] {processor.py:208} INFO - Processing /home/ec2-user/environment/lab4_model_training/dags/generate_data_dag.py took 1.203 seconds
[2026-03-29T21:06:58.488+0000] {processor.py:186} INFO - Started process (PID=13388) to work on /home/ec2-user/environment/lab4_model_training/dags/generate_data_dag.py
[2026-03-29T21:06:58.488+0000] {processor.py:914} INFO - Processing file /home/ec2-user/environment/lab4_model_training/dags/generate_data_dag.py for tasks to queue
[2026-03-29T21:06:58.489+0000] {logging_mixin.py:190} INFO - [2026-03-29T21:06:58.489+0000] {dagbag.py:588} INFO - Filling up the DagBag from /home/ec2-user/environment/lab4_model_training/dags/generate_data_dag.py
[2026-03-29T21:06:59.666+0000] {processor.py:925} INFO - DAG(s) 'generate_data_only' retrieved from /home/ec2-user/environment/lab4_model_training/dags/generate_data_dag.py
[2026-03-29T21:06:59.678+0000] {logging_mixin.py:190} INFO - [2026-03-29T21:06:59.677+0000] {dag.py:3239} INFO - Sync 1 DAGs
[2026-03-29T21:06:59.687+0000] {logging_mixin.py:190} INFO - [2026-03-29T21:06:59.687+0000] {dag.py:4180} INFO - Setting next_dagrun for generate_data_only to None, run_after=None
[2026-03-29T21:06:59.702+0000] {processor.py:208} INFO - Processing /home/ec2-user/environment/lab4_model_training/dags/generate_data_dag.py took 1.219 seconds
[2026-03-29T21:07:29.960+0000] {processor.py:186} INFO - Started process (PID=13413) to work on /home/ec2-user/environment/lab4_model_training/dags/generate_data_dag.py
[2026-03-29T21:07:29.960+0000] {processor.py:914} INFO - Processing file /home/ec2-user/environment/lab4_model_training/dags/generate_data_dag.py for tasks to queue
[2026-03-29T21:07:29.961+0000] {logging_mixin.py:190} INFO - [2026-03-29T21:07:29.961+0000] {dagbag.py:588} INFO - Filling up the DagBag from /home/ec2-user/environment/lab4_model_training/dags/generate_data_dag.py
[2026-03-29T21:07:31.151+0000] {processor.py:925} INFO - DAG(s) 'generate_data_only' retrieved from /home/ec2-user/environment/lab4_model_training/dags/generate_data_dag.py
[2026-03-29T21:07:31.163+0000] {logging_mixin.py:190} INFO - [2026-03-29T21:07:31.162+0000] {dag.py:3239} INFO - Sync 1 DAGs
[2026-03-29T21:07:31.172+0000] {logging_mixin.py:190} INFO - [2026-03-29T21:07:31.172+0000] {dag.py:4180} INFO - Setting next_dagrun for generate_data_only to None, run_after=None
[2026-03-29T21:07:31.188+0000] {processor.py:208} INFO - Processing /home/ec2-user/environment/lab4_model_training/dags/generate_data_dag.py took 1.232 seconds
[2026-03-29T21:08:01.338+0000] {processor.py:186} INFO - Started process (PID=13425) to work on /home/ec2-user/environment/lab4_model_training/dags/generate_data_dag.py
[2026-03-29T21:08:01.339+0000] {processor.py:914} INFO - Processing file /home/ec2-user/environment/lab4_model_training/dags/generate_data_dag.py for tasks to queue
[2026-03-29T21:08:01.340+0000] {logging_mixin.py:190} INFO - [2026-03-29T21:08:01.340+0000] {dagbag.py:588} INFO - Filling up the DagBag from /home/ec2-user/environment/lab4_model_training/dags/generate_data_dag.py
[2026-03-29T21:08:02.537+0000] {processor.py:925} INFO - DAG(s) 'generate_data_only' retrieved from /home/ec2-user/environment/lab4_model_training/dags/generate_data_dag.py
[2026-03-29T21:08:02.549+0000] {logging_mixin.py:190} INFO - [2026-03-29T21:08:02.549+0000] {dag.py:3239} INFO - Sync 1 DAGs
[2026-03-29T21:08:02.557+0000] {logging_mixin.py:190} INFO - [2026-03-29T21:08:02.557+0000] {dag.py:4180} INFO - Setting next_dagrun for generate_data_only to None, run_after=None
[2026-03-29T21:08:02.572+0000] {processor.py:208} INFO - Processing /home/ec2-user/environment/lab4_model_training/dags/generate_data_dag.py took 1.239 seconds
[2026-03-29T21:08:32.714+0000] {processor.py:186} INFO - Started process (PID=13501) to work on /home/ec2-user/environment/lab4_model_training/dags/generate_data_dag.py
[2026-03-29T21:08:32.715+0000] {processor.py:914} INFO - Processing file /home/ec2-user/environment/lab4_model_training/dags/generate_data_dag.py for tasks to queue
[2026-03-29T21:08:32.716+0000] {logging_mixin.py:190} INFO - [2026-03-29T21:08:32.716+0000] {dagbag.py:588} INFO - Filling up the DagBag from /home/ec2-user/environment/lab4_model_training/dags/generate_data_dag.py
[2026-03-29T21:08:33.870+0000] {processor.py:925} INFO - DAG(s) 'generate_data_only' retrieved from /home/ec2-user/environment/lab4_model_training/dags/generate_data_dag.py
[2026-03-29T21:08:33.881+0000] {logging_mixin.py:190} INFO - [2026-03-29T21:08:33.881+0000] {dag.py:3239} INFO - Sync 1 DAGs
[2026-03-29T21:08:33.889+0000] {logging_mixin.py:190} INFO - [2026-03-29T21:08:33.889+0000] {dag.py:4180} INFO - Setting next_dagrun for generate_data_only to None, run_after=None
[2026-03-29T21:08:33.904+0000] {processor.py:208} INFO - Processing /home/ec2-user/environment/lab4_model_training/dags/generate_data_dag.py took 1.196 seconds
[2026-03-29T21:09:04.081+0000] {processor.py:186} INFO - Started process (PID=13525) to work on /home/ec2-user/environment/lab4_model_training/dags/generate_data_dag.py
[2026-03-29T21:09:04.082+0000] {processor.py:914} INFO - Processing file /home/ec2-user/environment/lab4_model_training/dags/generate_data_dag.py for tasks to queue
[2026-03-29T21:09:04.083+0000] {logging_mixin.py:190} INFO - [2026-03-29T21:09:04.083+0000] {dagbag.py:588} INFO - Filling up the DagBag from /home/ec2-user/environment/lab4_model_training/dags/generate_data_dag.py
[2026-03-29T21:09:05.244+0000] {processor.py:925} INFO - DAG(s) 'generate_data_only' retrieved from /home/ec2-user/environment/lab4_model_training/dags/generate_data_dag.py
[2026-03-29T21:09:05.256+0000] {logging_mixin.py:190} INFO - [2026-03-29T21:09:05.255+0000] {dag.py:3239} INFO - Sync 1 DAGs
[2026-03-29T21:09:05.264+0000] {logging_mixin.py:190} INFO - [2026-03-29T21:09:05.263+0000] {dag.py:4180} INFO - Setting next_dagrun for generate_data_only to None, run_after=None
[2026-03-29T21:09:05.279+0000] {processor.py:208} INFO - Processing /home/ec2-user/environment/lab4_model_training/dags/generate_data_dag.py took 1.203 seconds
[2026-03-29T21:09:35.453+0000] {processor.py:186} INFO - Started process (PID=13538) to work on /home/ec2-user/environment/lab4_model_training/dags/generate_data_dag.py
[2026-03-29T21:09:35.455+0000] {processor.py:914} INFO - Processing file /home/ec2-user/environment/lab4_model_training/dags/generate_data_dag.py for tasks to queue
[2026-03-29T21:09:35.456+0000] {logging_mixin.py:190} INFO - [2026-03-29T21:09:35.455+0000] {dagbag.py:588} INFO - Filling up the DagBag from /home/ec2-user/environment/lab4_model_training/dags/generate_data_dag.py
[2026-03-29T21:09:36.616+0000] {processor.py:925} INFO - DAG(s) 'generate_data_only' retrieved from /home/ec2-user/environment/lab4_model_training/dags/generate_data_dag.py
[2026-03-29T21:09:36.628+0000] {logging_mixin.py:190} INFO - [2026-03-29T21:09:36.627+0000] {dag.py:3239} INFO - Sync 1 DAGs
[2026-03-29T21:09:36.636+0000] {logging_mixin.py:190} INFO - [2026-03-29T21:09:36.636+0000] {dag.py:4180} INFO - Setting next_dagrun for generate_data_only to None, run_after=None
[2026-03-29T21:09:36.652+0000] {processor.py:208} INFO - Processing /home/ec2-user/environment/lab4_model_training/dags/generate_data_dag.py took 1.203 seconds
[2026-03-29T21:10:06.823+0000] {processor.py:186} INFO - Started process (PID=13562) to work on /home/ec2-user/environment/lab4_model_training/dags/generate_data_dag.py
[2026-03-29T21:10:06.825+0000] {processor.py:914} INFO - Processing file /home/ec2-user/environment/lab4_model_training/dags/generate_data_dag.py for tasks to queue
[2026-03-29T21:10:06.825+0000] {logging_mixin.py:190} INFO - [2026-03-29T21:10:06.825+0000] {dagbag.py:588} INFO - Filling up the DagBag from /home/ec2-user/environment/lab4_model_training/dags/generate_data_dag.py
[2026-03-29T21:10:07.984+0000] {processor.py:925} INFO - DAG(s) 'generate_data_only' retrieved from /home/ec2-user/environment/lab4_model_training/dags/generate_data_dag.py
[2026-03-29T21:10:07.996+0000] {logging_mixin.py:190} INFO - [2026-03-29T21:10:07.995+0000] {dag.py:3239} INFO - Sync 1 DAGs
[2026-03-29T21:10:08.005+0000] {logging_mixin.py:190} INFO - [2026-03-29T21:10:08.004+0000] {dag.py:4180} INFO - Setting next_dagrun for generate_data_only to None, run_after=None
[2026-03-29T21:10:08.019+0000] {processor.py:208} INFO - Processing /home/ec2-user/environment/lab4_model_training/dags/generate_data_dag.py took 1.201 seconds
[2026-03-29T21:10:38.198+0000] {processor.py:186} INFO - Started process (PID=13630) to work on /home/ec2-user/environment/lab4_model_training/dags/generate_data_dag.py
[2026-03-29T21:10:38.199+0000] {processor.py:914} INFO - Processing file /home/ec2-user/environment/lab4_model_training/dags/generate_data_dag.py for tasks to queue
[2026-03-29T21:10:38.200+0000] {logging_mixin.py:190} INFO - [2026-03-29T21:10:38.200+0000] {dagbag.py:588} INFO - Filling up the DagBag from /home/ec2-user/environment/lab4_model_training/dags/generate_data_dag.py
[2026-03-29T21:10:39.335+0000] {processor.py:925} INFO - DAG(s) 'generate_data_only' retrieved from /home/ec2-user/environment/lab4_model_training/dags/generate_data_dag.py
[2026-03-29T21:10:39.346+0000] {logging_mixin.py:190} INFO - [2026-03-29T21:10:39.346+0000] {dag.py:3239} INFO - Sync 1 DAGs
[2026-03-29T21:10:39.355+0000] {logging_mixin.py:190} INFO - [2026-03-29T21:10:39.354+0000] {dag.py:4180} INFO - Setting next_dagrun for generate_data_only to None, run_after=None
[2026-03-29T21:10:39.370+0000] {processor.py:208} INFO - Processing /home/ec2-user/environment/lab4_model_training/dags/generate_data_dag.py took 1.176 seconds
[2026-03-29T21:11:09.567+0000] {processor.py:186} INFO - Started process (PID=13671) to work on /home/ec2-user/environment/lab4_model_training/dags/generate_data_dag.py
[2026-03-29T21:11:09.567+0000] {processor.py:914} INFO - Processing file /home/ec2-user/environment/lab4_model_training/dags/generate_data_dag.py for tasks to queue
[2026-03-29T21:11:09.569+0000] {logging_mixin.py:190} INFO - [2026-03-29T21:11:09.568+0000] {dagbag.py:588} INFO - Filling up the DagBag from /home/ec2-user/environment/lab4_model_training/dags/generate_data_dag.py
[2026-03-29T21:11:10.705+0000] {processor.py:925} INFO - DAG(s) 'generate_data_only' retrieved from /home/ec2-user/environment/lab4_model_training/dags/generate_data_dag.py
[2026-03-29T21:11:10.717+0000] {logging_mixin.py:190} INFO - [2026-03-29T21:11:10.717+0000] {dag.py:3239} INFO - Sync 1 DAGs
[2026-03-29T21:11:10.725+0000] {logging_mixin.py:190} INFO - [2026-03-29T21:11:10.725+0000] {dag.py:4180} INFO - Setting next_dagrun for generate_data_only to None, run_after=None
[2026-03-29T21:11:10.740+0000] {processor.py:208} INFO - Processing /home/ec2-user/environment/lab4_model_training/dags/generate_data_dag.py took 1.178 seconds
[2026-03-29T21:11:40.940+0000] {processor.py:186} INFO - Started process (PID=13685) to work on /home/ec2-user/environment/lab4_model_training/dags/generate_data_dag.py
[2026-03-29T21:11:40.941+0000] {processor.py:914} INFO - Processing file /home/ec2-user/environment/lab4_model_training/dags/generate_data_dag.py for tasks to queue
[2026-03-29T21:11:40.942+0000] {logging_mixin.py:190} INFO - [2026-03-29T21:11:40.941+0000] {dagbag.py:588} INFO - Filling up the DagBag from /home/ec2-user/environment/lab4_model_training/dags/generate_data_dag.py
[2026-03-29T21:11:42.081+0000] {processor.py:925} INFO - DAG(s) 'generate_data_only' retrieved from /home/ec2-user/environment/lab4_model_training/dags/generate_data_dag.py
[2026-03-29T21:11:42.093+0000] {logging_mixin.py:190} INFO - [2026-03-29T21:11:42.092+0000] {dag.py:3239} INFO - Sync 1 DAGs
[2026-03-29T21:11:42.100+0000] {logging_mixin.py:190} INFO - [2026-03-29T21:11:42.100+0000] {dag.py:4180} INFO - Setting next_dagrun for generate_data_only to None, run_after=None
[2026-03-29T21:11:42.117+0000] {processor.py:208} INFO - Processing /home/ec2-user/environment/lab4_model_training/dags/generate_data_dag.py took 1.182 seconds
[2026-03-29T21:12:12.412+0000] {processor.py:186} INFO - Started process (PID=13706) to work on /home/ec2-user/environment/lab4_model_training/dags/generate_data_dag.py
[2026-03-29T21:12:12.412+0000] {processor.py:914} INFO - Processing file /home/ec2-user/environment/lab4_model_training/dags/generate_data_dag.py for tasks to queue
[2026-03-29T21:12:12.413+0000] {logging_mixin.py:190} INFO - [2026-03-29T21:12:12.413+0000] {dagbag.py:588} INFO - Filling up the DagBag from /home/ec2-user/environment/lab4_model_training/dags/generate_data_dag.py
[2026-03-29T21:12:13.593+0000] {processor.py:925} INFO - DAG(s) 'generate_data_only' retrieved from /home/ec2-user/environment/lab4_model_training/dags/generate_data_dag.py
[2026-03-29T21:12:13.605+0000] {logging_mixin.py:190} INFO - [2026-03-29T21:12:13.605+0000] {dag.py:3239} INFO - Sync 1 DAGs
[2026-03-29T21:12:13.613+0000] {logging_mixin.py:190} INFO - [2026-03-29T21:12:13.613+0000] {dag.py:4180} INFO - Setting next_dagrun for generate_data_only to None, run_after=None
[2026-03-29T21:12:13.629+0000] {processor.py:208} INFO - Processing /home/ec2-user/environment/lab4_model_training/dags/generate_data_dag.py took 1.222 seconds
[2026-03-29T21:12:43.885+0000] {processor.py:186} INFO - Started process (PID=13767) to work on /home/ec2-user/environment/lab4_model_training/dags/generate_data_dag.py
[2026-03-29T21:12:43.887+0000] {processor.py:914} INFO - Processing file /home/ec2-user/environment/lab4_model_training/dags/generate_data_dag.py for tasks to queue
[2026-03-29T21:12:43.888+0000] {logging_mixin.py:190} INFO - [2026-03-29T21:12:43.887+0000] {dagbag.py:588} INFO - Filling up the DagBag from /home/ec2-user/environment/lab4_model_training/dags/generate_data_dag.py
[2026-03-29T21:12:45.083+0000] {processor.py:925} INFO - DAG(s) 'generate_data_only' retrieved from /home/ec2-user/environment/lab4_model_training/dags/generate_data_dag.py
[2026-03-29T21:12:45.095+0000] {logging_mixin.py:190} INFO - [2026-03-29T21:12:45.094+0000] {dag.py:3239} INFO - Sync 1 DAGs
[2026-03-29T21:12:45.103+0000] {logging_mixin.py:190} INFO - [2026-03-29T21:12:45.103+0000] {dag.py:4180} INFO - Setting next_dagrun for generate_data_only to None, run_after=None
[2026-03-29T21:12:45.119+0000] {processor.py:208} INFO - Processing /home/ec2-user/environment/lab4_model_training/dags/generate_data_dag.py took 1.238 seconds
[2026-03-29T21:13:15.358+0000] {processor.py:186} INFO - Started process (PID=13788) to work on /home/ec2-user/environment/lab4_model_training/dags/generate_data_dag.py
[2026-03-29T21:13:15.359+0000] {processor.py:914} INFO - Processing file /home/ec2-user/environment/lab4_model_training/dags/generate_data_dag.py for tasks to queue
[2026-03-29T21:13:15.360+0000] {logging_mixin.py:190} INFO - [2026-03-29T21:13:15.360+0000] {dagbag.py:588} INFO - Filling up the DagBag from /home/ec2-user/environment/lab4_model_training/dags/generate_data_dag.py
[2026-03-29T21:13:16.532+0000] {processor.py:925} INFO - DAG(s) 'generate_data_only' retrieved from /home/ec2-user/environment/lab4_model_training/dags/generate_data_dag.py
[2026-03-29T21:13:16.543+0000] {logging_mixin.py:190} INFO - [2026-03-29T21:13:16.543+0000] {dag.py:3239} INFO - Sync 1 DAGs
[2026-03-29T21:13:16.552+0000] {logging_mixin.py:190} INFO - [2026-03-29T21:13:16.552+0000] {dag.py:4180} INFO - Setting next_dagrun for generate_data_only to None, run_after=None
[2026-03-29T21:13:16.567+0000] {processor.py:208} INFO - Processing /home/ec2-user/environment/lab4_model_training/dags/generate_data_dag.py took 1.214 seconds
[2026-03-29T21:13:46.831+0000] {processor.py:186} INFO - Started process (PID=13800) to work on /home/ec2-user/environment/lab4_model_training/dags/generate_data_dag.py
[2026-03-29T21:13:46.832+0000] {processor.py:914} INFO - Processing file /home/ec2-user/environment/lab4_model_training/dags/generate_data_dag.py for tasks to queue
[2026-03-29T21:13:46.833+0000] {logging_mixin.py:190} INFO - [2026-03-29T21:13:46.833+0000] {dagbag.py:588} INFO - Filling up the DagBag from /home/ec2-user/environment/lab4_model_training/dags/generate_data_dag.py
[2026-03-29T21:13:48.012+0000] {processor.py:925} INFO - DAG(s) 'generate_data_only' retrieved from /home/ec2-user/environment/lab4_model_training/dags/generate_data_dag.py
[2026-03-29T21:13:48.024+0000] {logging_mixin.py:190} INFO - [2026-03-29T21:13:48.023+0000] {dag.py:3239} INFO - Sync 1 DAGs
[2026-03-29T21:13:48.033+0000] {logging_mixin.py:190} INFO - [2026-03-29T21:13:48.032+0000] {dag.py:4180} INFO - Setting next_dagrun for generate_data_only to None, run_after=None
[2026-03-29T21:13:48.048+0000] {processor.py:208} INFO - Processing /home/ec2-user/environment/lab4_model_training/dags/generate_data_dag.py took 1.221 seconds
[2026-03-29T21:14:18.304+0000] {processor.py:186} INFO - Started process (PID=13869) to work on /home/ec2-user/environment/lab4_model_training/dags/generate_data_dag.py
[2026-03-29T21:14:18.305+0000] {processor.py:914} INFO - Processing file /home/ec2-user/environment/lab4_model_training/dags/generate_data_dag.py for tasks to queue
[2026-03-29T21:14:18.306+0000] {logging_mixin.py:190} INFO - [2026-03-29T21:14:18.306+0000] {dagbag.py:588} INFO - Filling up the DagBag from /home/ec2-user/environment/lab4_model_training/dags/generate_data_dag.py
[2026-03-29T21:14:19.493+0000] {processor.py:925} INFO - DAG(s) 'generate_data_only' retrieved from /home/ec2-user/environment/lab4_model_training/dags/generate_data_dag.py
[2026-03-29T21:14:19.505+0000] {logging_mixin.py:190} INFO - [2026-03-29T21:14:19.505+0000] {dag.py:3239} INFO - Sync 1 DAGs
[2026-03-29T21:14:19.514+0000] {logging_mixin.py:190} INFO - [2026-03-29T21:14:19.513+0000] {dag.py:4180} INFO - Setting next_dagrun for generate_data_only to None, run_after=None
[2026-03-29T21:14:19.529+0000] {processor.py:208} INFO - Processing /home/ec2-user/environment/lab4_model_training/dags/generate_data_dag.py took 1.229 seconds
[2026-03-29T21:14:49.681+0000] {processor.py:186} INFO - Started process (PID=13881) to work on /home/ec2-user/environment/lab4_model_training/dags/generate_data_dag.py
[2026-03-29T21:14:49.682+0000] {processor.py:914} INFO - Processing file /home/ec2-user/environment/lab4_model_training/dags/generate_data_dag.py for tasks to queue
[2026-03-29T21:14:49.683+0000] {logging_mixin.py:190} INFO - [2026-03-29T21:14:49.683+0000] {dagbag.py:588} INFO - Filling up the DagBag from /home/ec2-user/environment/lab4_model_training/dags/generate_data_dag.py
[2026-03-29T21:14:50.825+0000] {processor.py:925} INFO - DAG(s) 'generate_data_only' retrieved from /home/ec2-user/environment/lab4_model_training/dags/generate_data_dag.py
[2026-03-29T21:14:50.837+0000] {logging_mixin.py:190} INFO - [2026-03-29T21:14:50.836+0000] {dag.py:3239} INFO - Sync 1 DAGs
[2026-03-29T21:14:50.845+0000] {logging_mixin.py:190} INFO - [2026-03-29T21:14:50.844+0000] {dag.py:4180} INFO - Setting next_dagrun for generate_data_only to None, run_after=None
[2026-03-29T21:14:50.860+0000] {processor.py:208} INFO - Processing /home/ec2-user/environment/lab4_model_training/dags/generate_data_dag.py took 1.184 seconds
[2026-03-29T21:15:21.152+0000] {processor.py:186} INFO - Started process (PID=13902) to work on /home/ec2-user/environment/lab4_model_training/dags/generate_data_dag.py
[2026-03-29T21:15:21.153+0000] {processor.py:914} INFO - Processing file /home/ec2-user/environment/lab4_model_training/dags/generate_data_dag.py for tasks to queue
[2026-03-29T21:15:21.155+0000] {logging_mixin.py:190} INFO - [2026-03-29T21:15:21.154+0000] {dagbag.py:588} INFO - Filling up the DagBag from /home/ec2-user/environment/lab4_model_training/dags/generate_data_dag.py
[2026-03-29T21:15:22.297+0000] {processor.py:925} INFO - DAG(s) 'generate_data_only' retrieved from /home/ec2-user/environment/lab4_model_training/dags/generate_data_dag.py
[2026-03-29T21:15:22.308+0000] {logging_mixin.py:190} INFO - [2026-03-29T21:15:22.307+0000] {dag.py:3239} INFO - Sync 1 DAGs
[2026-03-29T21:15:22.316+0000] {logging_mixin.py:190} INFO - [2026-03-29T21:15:22.316+0000] {dag.py:4180} INFO - Setting next_dagrun for generate_data_only to None, run_after=None
[2026-03-29T21:15:22.330+0000] {processor.py:208} INFO - Processing /home/ec2-user/environment/lab4_model_training/dags/generate_data_dag.py took 1.183 seconds
[2026-03-29T21:15:52.526+0000] {processor.py:186} INFO - Started process (PID=13914) to work on /home/ec2-user/environment/lab4_model_training/dags/generate_data_dag.py
[2026-03-29T21:15:52.527+0000] {processor.py:914} INFO - Processing file /home/ec2-user/environment/lab4_model_training/dags/generate_data_dag.py for tasks to queue
[2026-03-29T21:15:52.528+0000] {logging_mixin.py:190} INFO - [2026-03-29T21:15:52.528+0000] {dagbag.py:588} INFO - Filling up the DagBag from /home/ec2-user/environment/lab4_model_training/dags/generate_data_dag.py
[2026-03-29T21:15:53.677+0000] {processor.py:925} INFO - DAG(s) 'generate_data_only' retrieved from /home/ec2-user/environment/lab4_model_training/dags/generate_data_dag.py
[2026-03-29T21:15:53.688+0000] {logging_mixin.py:190} INFO - [2026-03-29T21:15:53.688+0000] {dag.py:3239} INFO - Sync 1 DAGs
[2026-03-29T21:15:53.696+0000] {logging_mixin.py:190} INFO - [2026-03-29T21:15:53.696+0000] {dag.py:4180} INFO - Setting next_dagrun for generate_data_only to None, run_after=None
[2026-03-29T21:15:53.712+0000] {processor.py:208} INFO - Processing /home/ec2-user/environment/lab4_model_training/dags/generate_data_dag.py took 1.191 seconds
[2026-03-29T21:16:23.897+0000] {processor.py:186} INFO - Started process (PID=13987) to work on /home/ec2-user/environment/lab4_model_training/dags/generate_data_dag.py
[2026-03-29T21:16:23.899+0000] {processor.py:914} INFO - Processing file /home/ec2-user/environment/lab4_model_training/dags/generate_data_dag.py for tasks to queue
[2026-03-29T21:16:23.900+0000] {logging_mixin.py:190} INFO - [2026-03-29T21:16:23.899+0000] {dagbag.py:588} INFO - Filling up the DagBag from /home/ec2-user/environment/lab4_model_training/dags/generate_data_dag.py
[2026-03-29T21:16:25.039+0000] {processor.py:925} INFO - DAG(s) 'generate_data_only' retrieved from /home/ec2-user/environment/lab4_model_training/dags/generate_data_dag.py
[2026-03-29T21:16:25.050+0000] {logging_mixin.py:190} INFO - [2026-03-29T21:16:25.050+0000] {dag.py:3239} INFO - Sync 1 DAGs
[2026-03-29T21:16:25.059+0000] {logging_mixin.py:190} INFO - [2026-03-29T21:16:25.059+0000] {dag.py:4180} INFO - Setting next_dagrun for generate_data_only to None, run_after=None
[2026-03-29T21:16:25.074+0000] {processor.py:208} INFO - Processing /home/ec2-user/environment/lab4_model_training/dags/generate_data_dag.py took 1.181 seconds
[2026-03-29T21:16:55.280+0000] {processor.py:186} INFO - Started process (PID=14188) to work on /home/ec2-user/environment/lab4_model_training/dags/generate_data_dag.py
[2026-03-29T21:16:55.281+0000] {processor.py:914} INFO - Processing file /home/ec2-user/environment/lab4_model_training/dags/generate_data_dag.py for tasks to queue
[2026-03-29T21:16:55.282+0000] {logging_mixin.py:190} INFO - [2026-03-29T21:16:55.282+0000] {dagbag.py:588} INFO - Filling up the DagBag from /home/ec2-user/environment/lab4_model_training/dags/generate_data_dag.py
[2026-03-29T21:16:56.426+0000] {processor.py:925} INFO - DAG(s) 'generate_data_only' retrieved from /home/ec2-user/environment/lab4_model_training/dags/generate_data_dag.py
[2026-03-29T21:16:56.438+0000] {logging_mixin.py:190} INFO - [2026-03-29T21:16:56.437+0000] {dag.py:3239} INFO - Sync 1 DAGs
[2026-03-29T21:16:56.446+0000] {logging_mixin.py:190} INFO - [2026-03-29T21:16:56.446+0000] {dag.py:4180} INFO - Setting next_dagrun for generate_data_only to None, run_after=None
[2026-03-29T21:16:56.462+0000] {processor.py:208} INFO - Processing /home/ec2-user/environment/lab4_model_training/dags/generate_data_dag.py took 1.187 seconds
[2026-03-29T21:17:26.754+0000] {processor.py:186} INFO - Started process (PID=14245) to work on /home/ec2-user/environment/lab4_model_training/dags/generate_data_dag.py
[2026-03-29T21:17:26.755+0000] {processor.py:914} INFO - Processing file /home/ec2-user/environment/lab4_model_training/dags/generate_data_dag.py for tasks to queue
[2026-03-29T21:17:26.756+0000] {logging_mixin.py:190} INFO - [2026-03-29T21:17:26.755+0000] {dagbag.py:588} INFO - Filling up the DagBag from /home/ec2-user/environment/lab4_model_training/dags/generate_data_dag.py
[2026-03-29T21:17:27.942+0000] {processor.py:925} INFO - DAG(s) 'generate_data_only' retrieved from /home/ec2-user/environment/lab4_model_training/dags/generate_data_dag.py
[2026-03-29T21:17:27.955+0000] {logging_mixin.py:190} INFO - [2026-03-29T21:17:27.954+0000] {dag.py:3239} INFO - Sync 1 DAGs
[2026-03-29T21:17:27.963+0000] {logging_mixin.py:190} INFO - [2026-03-29T21:17:27.963+0000] {dag.py:4180} INFO - Setting next_dagrun for generate_data_only to None, run_after=None
[2026-03-29T21:17:27.979+0000] {processor.py:208} INFO - Processing /home/ec2-user/environment/lab4_model_training/dags/generate_data_dag.py took 1.229 seconds
[2026-03-29T21:17:58.228+0000] {processor.py:186} INFO - Started process (PID=14274) to work on /home/ec2-user/environment/lab4_model_training/dags/generate_data_dag.py
[2026-03-29T21:17:58.229+0000] {processor.py:914} INFO - Processing file /home/ec2-user/environment/lab4_model_training/dags/generate_data_dag.py for tasks to queue
[2026-03-29T21:17:58.230+0000] {logging_mixin.py:190} INFO - [2026-03-29T21:17:58.230+0000] {dagbag.py:588} INFO - Filling up the DagBag from /home/ec2-user/environment/lab4_model_training/dags/generate_data_dag.py
[2026-03-29T21:17:59.443+0000] {processor.py:925} INFO - DAG(s) 'generate_data_only' retrieved from /home/ec2-user/environment/lab4_model_training/dags/generate_data_dag.py
[2026-03-29T21:17:59.455+0000] {logging_mixin.py:190} INFO - [2026-03-29T21:17:59.454+0000] {dag.py:3239} INFO - Sync 1 DAGs
[2026-03-29T21:17:59.463+0000] {logging_mixin.py:190} INFO - [2026-03-29T21:17:59.463+0000] {dag.py:4180} INFO - Setting next_dagrun for generate_data_only to None, run_after=None
[2026-03-29T21:17:59.479+0000] {processor.py:208} INFO - Processing /home/ec2-user/environment/lab4_model_training/dags/generate_data_dag.py took 1.255 seconds
[2026-03-29T21:18:29.803+0000] {processor.py:186} INFO - Started process (PID=14368) to work on /home/ec2-user/environment/lab4_model_training/dags/generate_data_dag.py
[2026-03-29T21:18:29.805+0000] {processor.py:914} INFO - Processing file /home/ec2-user/environment/lab4_model_training/dags/generate_data_dag.py for tasks to queue
[2026-03-29T21:18:29.806+0000] {logging_mixin.py:190} INFO - [2026-03-29T21:18:29.805+0000] {dagbag.py:588} INFO - Filling up the DagBag from /home/ec2-user/environment/lab4_model_training/dags/generate_data_dag.py
[2026-03-29T21:18:31.011+0000] {processor.py:925} INFO - DAG(s) 'generate_data_only' retrieved from /home/ec2-user/environment/lab4_model_training/dags/generate_data_dag.py
[2026-03-29T21:18:31.023+0000] {logging_mixin.py:190} INFO - [2026-03-29T21:18:31.023+0000] {dag.py:3239} INFO - Sync 1 DAGs
[2026-03-29T21:18:31.032+0000] {logging_mixin.py:190} INFO - [2026-03-29T21:18:31.031+0000] {dag.py:4180} INFO - Setting next_dagrun for generate_data_only to None, run_after=None
[2026-03-29T21:18:31.047+0000] {processor.py:208} INFO - Processing /home/ec2-user/environment/lab4_model_training/dags/generate_data_dag.py took 1.249 seconds
[2026-03-29T21:19:01.377+0000] {processor.py:186} INFO - Started process (PID=14396) to work on /home/ec2-user/environment/lab4_model_training/dags/generate_data_dag.py
[2026-03-29T21:19:01.377+0000] {processor.py:914} INFO - Processing file /home/ec2-user/environment/lab4_model_training/dags/generate_data_dag.py for tasks to queue
[2026-03-29T21:19:01.378+0000] {logging_mixin.py:190} INFO - [2026-03-29T21:19:01.378+0000] {dagbag.py:588} INFO - Filling up the DagBag from /home/ec2-user/environment/lab4_model_training/dags/generate_data_dag.py
[2026-03-29T21:19:02.586+0000] {processor.py:925} INFO - DAG(s) 'generate_data_only' retrieved from /home/ec2-user/environment/lab4_model_training/dags/generate_data_dag.py
[2026-03-29T21:19:02.597+0000] {logging_mixin.py:190} INFO - [2026-03-29T21:19:02.597+0000] {dag.py:3239} INFO - Sync 1 DAGs
[2026-03-29T21:19:02.605+0000] {logging_mixin.py:190} INFO - [2026-03-29T21:19:02.605+0000] {dag.py:4180} INFO - Setting next_dagrun for generate_data_only to None, run_after=None
[2026-03-29T21:19:02.621+0000] {processor.py:208} INFO - Processing /home/ec2-user/environment/lab4_model_training/dags/generate_data_dag.py took 1.249 seconds
[2026-03-29T21:19:32.951+0000] {processor.py:186} INFO - Started process (PID=14446) to work on /home/ec2-user/environment/lab4_model_training/dags/generate_data_dag.py
[2026-03-29T21:19:32.952+0000] {processor.py:914} INFO - Processing file /home/ec2-user/environment/lab4_model_training/dags/generate_data_dag.py for tasks to queue
[2026-03-29T21:19:32.953+0000] {logging_mixin.py:190} INFO - [2026-03-29T21:19:32.953+0000] {dagbag.py:588} INFO - Filling up the DagBag from /home/ec2-user/environment/lab4_model_training/dags/generate_data_dag.py
[2026-03-29T21:19:34.118+0000] {processor.py:925} INFO - DAG(s) 'generate_data_only' retrieved from /home/ec2-user/environment/lab4_model_training/dags/generate_data_dag.py
[2026-03-29T21:19:34.130+0000] {logging_mixin.py:190} INFO - [2026-03-29T21:19:34.129+0000] {dag.py:3239} INFO - Sync 1 DAGs
[2026-03-29T21:19:34.139+0000] {logging_mixin.py:190} INFO - [2026-03-29T21:19:34.138+0000] {dag.py:4180} INFO - Setting next_dagrun for generate_data_only to None, run_after=None
[2026-03-29T21:19:34.154+0000] {processor.py:208} INFO - Processing /home/ec2-user/environment/lab4_model_training/dags/generate_data_dag.py took 1.207 seconds
[2026-03-29T21:20:04.527+0000] {processor.py:186} INFO - Started process (PID=14488) to work on /home/ec2-user/environment/lab4_model_training/dags/generate_data_dag.py
[2026-03-29T21:20:04.528+0000] {processor.py:914} INFO - Processing file /home/ec2-user/environment/lab4_model_training/dags/generate_data_dag.py for tasks to queue
[2026-03-29T21:20:04.529+0000] {logging_mixin.py:190} INFO - [2026-03-29T21:20:04.528+0000] {dagbag.py:588} INFO - Filling up the DagBag from /home/ec2-user/environment/lab4_model_training/dags/generate_data_dag.py
[2026-03-29T21:20:05.697+0000] {processor.py:925} INFO - DAG(s) 'generate_data_only' retrieved from /home/ec2-user/environment/lab4_model_training/dags/generate_data_dag.py
[2026-03-29T21:20:05.709+0000] {logging_mixin.py:190} INFO - [2026-03-29T21:20:05.708+0000] {dag.py:3239} INFO - Sync 1 DAGs
[2026-03-29T21:20:05.718+0000] {logging_mixin.py:190} INFO - [2026-03-29T21:20:05.718+0000] {dag.py:4180} INFO - Setting next_dagrun for generate_data_only to None, run_after=None
[2026-03-29T21:20:05.733+0000] {processor.py:208} INFO - Processing /home/ec2-user/environment/lab4_model_training/dags/generate_data_dag.py took 1.211 seconds
[2026-03-29T21:20:36.002+0000] {processor.py:186} INFO - Started process (PID=14568) to work on /home/ec2-user/environment/lab4_model_training/dags/generate_data_dag.py
[2026-03-29T21:20:36.002+0000] {processor.py:914} INFO - Processing file /home/ec2-user/environment/lab4_model_training/dags/generate_data_dag.py for tasks to queue
[2026-03-29T21:20:36.003+0000] {logging_mixin.py:190} INFO - [2026-03-29T21:20:36.003+0000] {dagbag.py:588} INFO - Filling up the DagBag from /home/ec2-user/environment/lab4_model_training/dags/generate_data_dag.py
[2026-03-29T21:20:37.175+0000] {processor.py:925} INFO - DAG(s) 'generate_data_only' retrieved from /home/ec2-user/environment/lab4_model_training/dags/generate_data_dag.py
[2026-03-29T21:20:37.188+0000] {logging_mixin.py:190} INFO - [2026-03-29T21:20:37.187+0000] {dag.py:3239} INFO - Sync 1 DAGs
[2026-03-29T21:20:37.196+0000] {logging_mixin.py:190} INFO - [2026-03-29T21:20:37.196+0000] {dag.py:4180} INFO - Setting next_dagrun for generate_data_only to None, run_after=None
[2026-03-29T21:20:37.211+0000] {processor.py:208} INFO - Processing /home/ec2-user/environment/lab4_model_training/dags/generate_data_dag.py took 1.214 seconds
[2026-03-29T21:21:07.375+0000] {processor.py:186} INFO - Started process (PID=14613) to work on /home/ec2-user/environment/lab4_model_training/dags/generate_data_dag.py
[2026-03-29T21:21:07.376+0000] {processor.py:914} INFO - Processing file /home/ec2-user/environment/lab4_model_training/dags/generate_data_dag.py for tasks to queue
[2026-03-29T21:21:07.377+0000] {logging_mixin.py:190} INFO - [2026-03-29T21:21:07.377+0000] {dagbag.py:588} INFO - Filling up the DagBag from /home/ec2-user/environment/lab4_model_training/dags/generate_data_dag.py
[2026-03-29T21:21:08.537+0000] {processor.py:925} INFO - DAG(s) 'generate_data_only' retrieved from /home/ec2-user/environment/lab4_model_training/dags/generate_data_dag.py
[2026-03-29T21:21:08.551+0000] {logging_mixin.py:190} INFO - [2026-03-29T21:21:08.550+0000] {dag.py:3239} INFO - Sync 1 DAGs
[2026-03-29T21:21:08.559+0000] {logging_mixin.py:190} INFO - [2026-03-29T21:21:08.559+0000] {dag.py:4180} INFO - Setting next_dagrun for generate_data_only to None, run_after=None
[2026-03-29T21:21:08.574+0000] {processor.py:208} INFO - Processing /home/ec2-user/environment/lab4_model_training/dags/generate_data_dag.py took 1.204 seconds
[2026-03-29T21:21:39.221+0000] {processor.py:186} INFO - Started process (PID=14644) to work on /home/ec2-user/environment/lab4_model_training/dags/generate_data_dag.py
[2026-03-29T21:21:39.222+0000] {processor.py:914} INFO - Processing file /home/ec2-user/environment/lab4_model_training/dags/generate_data_dag.py for tasks to queue
[2026-03-29T21:21:39.223+0000] {logging_mixin.py:190} INFO - [2026-03-29T21:21:39.223+0000] {dagbag.py:588} INFO - Filling up the DagBag from /home/ec2-user/environment/lab4_model_training/dags/generate_data_dag.py
[2026-03-29T21:21:40.383+0000] {processor.py:925} INFO - DAG(s) 'generate_data_only' retrieved from /home/ec2-user/environment/lab4_model_training/dags/generate_data_dag.py
[2026-03-29T21:21:40.395+0000] {logging_mixin.py:190} INFO - [2026-03-29T21:21:40.395+0000] {dag.py:3239} INFO - Sync 1 DAGs
[2026-03-29T21:21:40.403+0000] {logging_mixin.py:190} INFO - [2026-03-29T21:21:40.403+0000] {dag.py:4180} INFO - Setting next_dagrun for generate_data_only to None, run_after=None
[2026-03-29T21:21:40.418+0000] {processor.py:208} INFO - Processing /home/ec2-user/environment/lab4_model_training/dags/generate_data_dag.py took 1.201 seconds
[2026-03-29T21:22:17.686+0000] {processor.py:186} INFO - Started process (PID=14709) to work on /home/ec2-user/environment/lab4_model_training/dags/generate_data_dag.py
[2026-03-29T21:22:17.687+0000] {processor.py:914} INFO - Processing file /home/ec2-user/environment/lab4_model_training/dags/generate_data_dag.py for tasks to queue
[2026-03-29T21:22:17.688+0000] {logging_mixin.py:190} INFO - [2026-03-29T21:22:17.687+0000] {dagbag.py:588} INFO - Filling up the DagBag from /home/ec2-user/environment/lab4_model_training/dags/generate_data_dag.py
[2026-03-29T21:22:18.902+0000] {processor.py:925} INFO - DAG(s) 'generate_data_only' retrieved from /home/ec2-user/environment/lab4_model_training/dags/generate_data_dag.py
[2026-03-29T21:22:18.913+0000] {logging_mixin.py:190} INFO - [2026-03-29T21:22:18.913+0000] {dag.py:3239} INFO - Sync 1 DAGs
[2026-03-29T21:22:18.921+0000] {logging_mixin.py:190} INFO - [2026-03-29T21:22:18.921+0000] {dag.py:4180} INFO - Setting next_dagrun for generate_data_only to None, run_after=None
[2026-03-29T21:22:18.938+0000] {processor.py:208} INFO - Processing /home/ec2-user/environment/lab4_model_training/dags/generate_data_dag.py took 1.257 seconds
[2026-03-29T21:22:49.913+0000] {processor.py:186} INFO - Started process (PID=14793) to work on /home/ec2-user/environment/lab4_model_training/dags/generate_data_dag.py
[2026-03-29T21:22:49.913+0000] {processor.py:914} INFO - Processing file /home/ec2-user/environment/lab4_model_training/dags/generate_data_dag.py for tasks to queue
[2026-03-29T21:22:49.914+0000] {logging_mixin.py:190} INFO - [2026-03-29T21:22:49.914+0000] {dagbag.py:588} INFO - Filling up the DagBag from /home/ec2-user/environment/lab4_model_training/dags/generate_data_dag.py
[2026-03-29T21:22:51.078+0000] {processor.py:925} INFO - DAG(s) 'generate_data_only' retrieved from /home/ec2-user/environment/lab4_model_training/dags/generate_data_dag.py
[2026-03-29T21:22:51.090+0000] {logging_mixin.py:190} INFO - [2026-03-29T21:22:51.089+0000] {dag.py:3239} INFO - Sync 1 DAGs
[2026-03-29T21:22:51.099+0000] {logging_mixin.py:190} INFO - [2026-03-29T21:22:51.098+0000] {dag.py:4180} INFO - Setting next_dagrun for generate_data_only to None, run_after=None
[2026-03-29T21:22:51.114+0000] {processor.py:208} INFO - Processing /home/ec2-user/environment/lab4_model_training/dags/generate_data_dag.py took 1.206 seconds
[2026-03-29T21:23:21.823+0000] {processor.py:186} INFO - Started process (PID=14831) to work on /home/ec2-user/environment/lab4_model_training/dags/generate_data_dag.py
[2026-03-29T21:23:21.824+0000] {processor.py:914} INFO - Processing file /home/ec2-user/environment/lab4_model_training/dags/generate_data_dag.py for tasks to queue
[2026-03-29T21:23:21.825+0000] {logging_mixin.py:190} INFO - [2026-03-29T21:23:21.825+0000] {dagbag.py:588} INFO - Filling up the DagBag from /home/ec2-user/environment/lab4_model_training/dags/generate_data_dag.py
[2026-03-29T21:23:22.962+0000] {processor.py:925} INFO - DAG(s) 'generate_data_only' retrieved from /home/ec2-user/environment/lab4_model_training/dags/generate_data_dag.py
[2026-03-29T21:23:22.973+0000] {logging_mixin.py:190} INFO - [2026-03-29T21:23:22.973+0000] {dag.py:3239} INFO - Sync 1 DAGs
[2026-03-29T21:23:22.982+0000] {logging_mixin.py:190} INFO - [2026-03-29T21:23:22.982+0000] {dag.py:4180} INFO - Setting next_dagrun for generate_data_only to None, run_after=None
[2026-03-29T21:23:22.997+0000] {processor.py:208} INFO - Processing /home/ec2-user/environment/lab4_model_training/dags/generate_data_dag.py took 1.178 seconds
[2026-03-29T21:23:53.341+0000] {processor.py:186} INFO - Started process (PID=14857) to work on /home/ec2-user/environment/lab4_model_training/dags/generate_data_dag.py
[2026-03-29T21:23:53.342+0000] {processor.py:914} INFO - Processing file /home/ec2-user/environment/lab4_model_training/dags/generate_data_dag.py for tasks to queue
[2026-03-29T21:23:53.343+0000] {logging_mixin.py:190} INFO - [2026-03-29T21:23:53.343+0000] {dagbag.py:588} INFO - Filling up the DagBag from /home/ec2-user/environment/lab4_model_training/dags/generate_data_dag.py
[2026-03-29T21:23:54.505+0000] {processor.py:925} INFO - DAG(s) 'generate_data_only' retrieved from /home/ec2-user/environment/lab4_model_training/dags/generate_data_dag.py
[2026-03-29T21:23:54.517+0000] {logging_mixin.py:190} INFO - [2026-03-29T21:23:54.517+0000] {dag.py:3239} INFO - Sync 1 DAGs
[2026-03-29T21:23:54.525+0000] {logging_mixin.py:190} INFO - [2026-03-29T21:23:54.525+0000] {dag.py:4180} INFO - Setting next_dagrun for generate_data_only to None, run_after=None
[2026-03-29T21:23:54.540+0000] {processor.py:208} INFO - Processing /home/ec2-user/environment/lab4_model_training/dags/generate_data_dag.py took 1.204 seconds
[2026-03-29T21:24:24.874+0000] {processor.py:186} INFO - Started process (PID=14971) to work on /home/ec2-user/environment/lab4_model_training/dags/generate_data_dag.py
[2026-03-29T21:24:24.875+0000] {processor.py:914} INFO - Processing file /home/ec2-user/environment/lab4_model_training/dags/generate_data_dag.py for tasks to queue
[2026-03-29T21:24:24.876+0000] {logging_mixin.py:190} INFO - [2026-03-29T21:24:24.876+0000] {dagbag.py:588} INFO - Filling up the DagBag from /home/ec2-user/environment/lab4_model_training/dags/generate_data_dag.py
[2026-03-29T21:24:26.037+0000] {processor.py:925} INFO - DAG(s) 'generate_data_only' retrieved from /home/ec2-user/environment/lab4_model_training/dags/generate_data_dag.py
[2026-03-29T21:24:26.049+0000] {logging_mixin.py:190} INFO - [2026-03-29T21:24:26.048+0000] {dag.py:3239} INFO - Sync 1 DAGs
[2026-03-29T21:24:26.057+0000] {logging_mixin.py:190} INFO - [2026-03-29T21:24:26.057+0000] {dag.py:4180} INFO - Setting next_dagrun for generate_data_only to None, run_after=None
[2026-03-29T21:24:26.072+0000] {processor.py:208} INFO - Processing /home/ec2-user/environment/lab4_model_training/dags/generate_data_dag.py took 1.203 seconds
[2026-03-29T21:24:56.397+0000] {processor.py:186} INFO - Started process (PID=15010) to work on /home/ec2-user/environment/lab4_model_training/dags/generate_data_dag.py
[2026-03-29T21:24:56.398+0000] {processor.py:914} INFO - Processing file /home/ec2-user/environment/lab4_model_training/dags/generate_data_dag.py for tasks to queue
[2026-03-29T21:24:56.399+0000] {logging_mixin.py:190} INFO - [2026-03-29T21:24:56.398+0000] {dagbag.py:588} INFO - Filling up the DagBag from /home/ec2-user/environment/lab4_model_training/dags/generate_data_dag.py
[2026-03-29T21:24:57.536+0000] {processor.py:925} INFO - DAG(s) 'generate_data_only' retrieved from /home/ec2-user/environment/lab4_model_training/dags/generate_data_dag.py
[2026-03-29T21:24:57.548+0000] {logging_mixin.py:190} INFO - [2026-03-29T21:24:57.547+0000] {dag.py:3239} INFO - Sync 1 DAGs
[2026-03-29T21:24:57.556+0000] {logging_mixin.py:190} INFO - [2026-03-29T21:24:57.556+0000] {dag.py:4180} INFO - Setting next_dagrun for generate_data_only to None, run_after=None
[2026-03-29T21:24:57.571+0000] {processor.py:208} INFO - Processing /home/ec2-user/environment/lab4_model_training/dags/generate_data_dag.py took 1.179 seconds
[2026-03-29T21:25:28.020+0000] {processor.py:186} INFO - Started process (PID=15096) to work on /home/ec2-user/environment/lab4_model_training/dags/generate_data_dag.py
[2026-03-29T21:25:28.020+0000] {processor.py:914} INFO - Processing file /home/ec2-user/environment/lab4_model_training/dags/generate_data_dag.py for tasks to queue
[2026-03-29T21:25:28.021+0000] {logging_mixin.py:190} INFO - [2026-03-29T21:25:28.021+0000] {dagbag.py:588} INFO - Filling up the DagBag from /home/ec2-user/environment/lab4_model_training/dags/generate_data_dag.py
[2026-03-29T21:25:29.160+0000] {processor.py:925} INFO - DAG(s) 'generate_data_only' retrieved from /home/ec2-user/environment/lab4_model_training/dags/generate_data_dag.py
[2026-03-29T21:25:29.171+0000] {logging_mixin.py:190} INFO - [2026-03-29T21:25:29.171+0000] {dag.py:3239} INFO - Sync 1 DAGs
[2026-03-29T21:25:29.179+0000] {logging_mixin.py:190} INFO - [2026-03-29T21:25:29.179+0000] {dag.py:4180} INFO - Setting next_dagrun for generate_data_only to None, run_after=None
[2026-03-29T21:25:29.195+0000] {processor.py:208} INFO - Processing /home/ec2-user/environment/lab4_model_training/dags/generate_data_dag.py took 1.180 seconds
[2026-03-29T21:25:59.531+0000] {processor.py:186} INFO - Started process (PID=15122) to work on /home/ec2-user/environment/lab4_model_training/dags/generate_data_dag.py
[2026-03-29T21:25:59.532+0000] {processor.py:914} INFO - Processing file /home/ec2-user/environment/lab4_model_training/dags/generate_data_dag.py for tasks to queue
[2026-03-29T21:25:59.533+0000] {logging_mixin.py:190} INFO - [2026-03-29T21:25:59.533+0000] {dagbag.py:588} INFO - Filling up the DagBag from /home/ec2-user/environment/lab4_model_training/dags/generate_data_dag.py
[2026-03-29T21:26:00.674+0000] {processor.py:925} INFO - DAG(s) 'generate_data_only' retrieved from /home/ec2-user/environment/lab4_model_training/dags/generate_data_dag.py
[2026-03-29T21:26:00.685+0000] {logging_mixin.py:190} INFO - [2026-03-29T21:26:00.685+0000] {dag.py:3239} INFO - Sync 1 DAGs
[2026-03-29T21:26:00.694+0000] {logging_mixin.py:190} INFO - [2026-03-29T21:26:00.694+0000] {dag.py:4180} INFO - Setting next_dagrun for generate_data_only to None, run_after=None
[2026-03-29T21:26:00.709+0000] {processor.py:208} INFO - Processing /home/ec2-user/environment/lab4_model_training/dags/generate_data_dag.py took 1.183 seconds
[2026-03-29T21:26:31.050+0000] {processor.py:186} INFO - Started process (PID=15166) to work on /home/ec2-user/environment/lab4_model_training/dags/generate_data_dag.py
[2026-03-29T21:26:31.051+0000] {processor.py:914} INFO - Processing file /home/ec2-user/environment/lab4_model_training/dags/generate_data_dag.py for tasks to queue
[2026-03-29T21:26:31.052+0000] {logging_mixin.py:190} INFO - [2026-03-29T21:26:31.052+0000] {dagbag.py:588} INFO - Filling up the DagBag from /home/ec2-user/environment/lab4_model_training/dags/generate_data_dag.py
[2026-03-29T21:26:32.209+0000] {processor.py:925} INFO - DAG(s) 'generate_data_only' retrieved from /home/ec2-user/environment/lab4_model_training/dags/generate_data_dag.py
[2026-03-29T21:26:32.221+0000] {logging_mixin.py:190} INFO - [2026-03-29T21:26:32.221+0000] {dag.py:3239} INFO - Sync 1 DAGs
[2026-03-29T21:26:32.230+0000] {logging_mixin.py:190} INFO - [2026-03-29T21:26:32.229+0000] {dag.py:4180} INFO - Setting next_dagrun for generate_data_only to None, run_after=None
[2026-03-29T21:26:32.245+0000] {processor.py:208} INFO - Processing /home/ec2-user/environment/lab4_model_training/dags/generate_data_dag.py took 1.201 seconds
[2026-03-29T21:27:02.567+0000] {processor.py:186} INFO - Started process (PID=15207) to work on /home/ec2-user/environment/lab4_model_training/dags/generate_data_dag.py
[2026-03-29T21:27:02.568+0000] {processor.py:914} INFO - Processing file /home/ec2-user/environment/lab4_model_training/dags/generate_data_dag.py for tasks to queue
[2026-03-29T21:27:02.569+0000] {logging_mixin.py:190} INFO - [2026-03-29T21:27:02.568+0000] {dagbag.py:588} INFO - Filling up the DagBag from /home/ec2-user/environment/lab4_model_training/dags/generate_data_dag.py
[2026-03-29T21:27:03.752+0000] {processor.py:925} INFO - DAG(s) 'generate_data_only' retrieved from /home/ec2-user/environment/lab4_model_training/dags/generate_data_dag.py
[2026-03-29T21:27:03.764+0000] {logging_mixin.py:190} INFO - [2026-03-29T21:27:03.764+0000] {dag.py:3239} INFO - Sync 1 DAGs
[2026-03-29T21:27:03.772+0000] {logging_mixin.py:190} INFO - [2026-03-29T21:27:03.772+0000] {dag.py:4180} INFO - Setting next_dagrun for generate_data_only to None, run_after=None
[2026-03-29T21:27:03.788+0000] {processor.py:208} INFO - Processing /home/ec2-user/environment/lab4_model_training/dags/generate_data_dag.py took 1.225 seconds
[2026-03-29T21:27:34.093+0000] {processor.py:186} INFO - Started process (PID=15288) to work on /home/ec2-user/environment/lab4_model_training/dags/generate_data_dag.py
[2026-03-29T21:27:34.094+0000] {processor.py:914} INFO - Processing file /home/ec2-user/environment/lab4_model_training/dags/generate_data_dag.py for tasks to queue
[2026-03-29T21:27:34.095+0000] {logging_mixin.py:190} INFO - [2026-03-29T21:27:34.095+0000] {dagbag.py:588} INFO - Filling up the DagBag from /home/ec2-user/environment/lab4_model_training/dags/generate_data_dag.py
[2026-03-29T21:27:35.253+0000] {processor.py:925} INFO - DAG(s) 'generate_data_only' retrieved from /home/ec2-user/environment/lab4_model_training/dags/generate_data_dag.py
[2026-03-29T21:27:35.265+0000] {logging_mixin.py:190} INFO - [2026-03-29T21:27:35.265+0000] {dag.py:3239} INFO - Sync 1 DAGs
[2026-03-29T21:27:35.273+0000] {logging_mixin.py:190} INFO - [2026-03-29T21:27:35.273+0000] {dag.py:4180} INFO - Setting next_dagrun for generate_data_only to None, run_after=None
[2026-03-29T21:27:35.288+0000] {processor.py:208} INFO - Processing /home/ec2-user/environment/lab4_model_training/dags/generate_data_dag.py took 1.199 seconds
[2026-03-29T21:28:05.678+0000] {processor.py:186} INFO - Started process (PID=15331) to work on /home/ec2-user/environment/lab4_model_training/dags/generate_data_dag.py
[2026-03-29T21:28:05.679+0000] {processor.py:914} INFO - Processing file /home/ec2-user/environment/lab4_model_training/dags/generate_data_dag.py for tasks to queue
[2026-03-29T21:28:05.680+0000] {logging_mixin.py:190} INFO - [2026-03-29T21:28:05.680+0000] {dagbag.py:588} INFO - Filling up the DagBag from /home/ec2-user/environment/lab4_model_training/dags/generate_data_dag.py
[2026-03-29T21:28:06.859+0000] {processor.py:925} INFO - DAG(s) 'generate_data_only' retrieved from /home/ec2-user/environment/lab4_model_training/dags/generate_data_dag.py
[2026-03-29T21:28:06.871+0000] {logging_mixin.py:190} INFO - [2026-03-29T21:28:06.870+0000] {dag.py:3239} INFO - Sync 1 DAGs
[2026-03-29T21:28:06.879+0000] {logging_mixin.py:190} INFO - [2026-03-29T21:28:06.879+0000] {dag.py:4180} INFO - Setting next_dagrun for generate_data_only to None, run_after=None
[2026-03-29T21:28:06.894+0000] {processor.py:208} INFO - Processing /home/ec2-user/environment/lab4_model_training/dags/generate_data_dag.py took 1.221 seconds
[2026-03-29T21:28:37.311+0000] {processor.py:186} INFO - Started process (PID=15357) to work on /home/ec2-user/environment/lab4_model_training/dags/generate_data_dag.py
[2026-03-29T21:28:37.312+0000] {processor.py:914} INFO - Processing file /home/ec2-user/environment/lab4_model_training/dags/generate_data_dag.py for tasks to queue
[2026-03-29T21:28:37.313+0000] {logging_mixin.py:190} INFO - [2026-03-29T21:28:37.313+0000] {dagbag.py:588} INFO - Filling up the DagBag from /home/ec2-user/environment/lab4_model_training/dags/generate_data_dag.py
[2026-03-29T21:28:38.501+0000] {processor.py:925} INFO - DAG(s) 'generate_data_only' retrieved from /home/ec2-user/environment/lab4_model_training/dags/generate_data_dag.py
[2026-03-29T21:28:38.513+0000] {logging_mixin.py:190} INFO - [2026-03-29T21:28:38.512+0000] {dag.py:3239} INFO - Sync 1 DAGs
[2026-03-29T21:28:38.521+0000] {logging_mixin.py:190} INFO - [2026-03-29T21:28:38.520+0000] {dag.py:4180} INFO - Setting next_dagrun for generate_data_only to None, run_after=None
[2026-03-29T21:28:38.537+0000] {processor.py:208} INFO - Processing /home/ec2-user/environment/lab4_model_training/dags/generate_data_dag.py took 1.230 seconds
[2026-03-29T21:29:08.905+0000] {processor.py:186} INFO - Started process (PID=15395) to work on /home/ec2-user/environment/lab4_model_training/dags/generate_data_dag.py
[2026-03-29T21:29:08.906+0000] {processor.py:914} INFO - Processing file /home/ec2-user/environment/lab4_model_training/dags/generate_data_dag.py for tasks to queue
[2026-03-29T21:29:08.906+0000] {logging_mixin.py:190} INFO - [2026-03-29T21:29:08.906+0000] {dagbag.py:588} INFO - Filling up the DagBag from /home/ec2-user/environment/lab4_model_training/dags/generate_data_dag.py
[2026-03-29T21:29:10.088+0000] {processor.py:925} INFO - DAG(s) 'generate_data_only' retrieved from /home/ec2-user/environment/lab4_model_training/dags/generate_data_dag.py
[2026-03-29T21:29:10.100+0000] {logging_mixin.py:190} INFO - [2026-03-29T21:29:10.100+0000] {dag.py:3239} INFO - Sync 1 DAGs
[2026-03-29T21:29:10.109+0000] {logging_mixin.py:190} INFO - [2026-03-29T21:29:10.109+0000] {dag.py:4180} INFO - Setting next_dagrun for generate_data_only to None, run_after=None
[2026-03-29T21:29:10.125+0000] {processor.py:208} INFO - Processing /home/ec2-user/environment/lab4_model_training/dags/generate_data_dag.py took 1.224 seconds
[2026-03-29T21:29:40.703+0000] {processor.py:186} INFO - Started process (PID=15470) to work on /home/ec2-user/environment/lab4_model_training/dags/generate_data_dag.py
[2026-03-29T21:29:40.703+0000] {processor.py:914} INFO - Processing file /home/ec2-user/environment/lab4_model_training/dags/generate_data_dag.py for tasks to queue
[2026-03-29T21:29:40.704+0000] {logging_mixin.py:190} INFO - [2026-03-29T21:29:40.704+0000] {dagbag.py:588} INFO - Filling up the DagBag from /home/ec2-user/environment/lab4_model_training/dags/generate_data_dag.py
[2026-03-29T21:29:41.895+0000] {processor.py:925} INFO - DAG(s) 'generate_data_only' retrieved from /home/ec2-user/environment/lab4_model_training/dags/generate_data_dag.py
[2026-03-29T21:29:41.906+0000] {logging_mixin.py:190} INFO - [2026-03-29T21:29:41.906+0000] {dag.py:3239} INFO - Sync 1 DAGs
[2026-03-29T21:29:41.915+0000] {logging_mixin.py:190} INFO - [2026-03-29T21:29:41.915+0000] {dag.py:4180} INFO - Setting next_dagrun for generate_data_only to None, run_after=None
[2026-03-29T21:29:41.930+0000] {processor.py:208} INFO - Processing /home/ec2-user/environment/lab4_model_training/dags/generate_data_dag.py took 1.232 seconds
[2026-03-29T21:30:12.380+0000] {processor.py:186} INFO - Started process (PID=15509) to work on /home/ec2-user/environment/lab4_model_training/dags/generate_data_dag.py
[2026-03-29T21:30:12.381+0000] {processor.py:914} INFO - Processing file /home/ec2-user/environment/lab4_model_training/dags/generate_data_dag.py for tasks to queue
[2026-03-29T21:30:12.382+0000] {logging_mixin.py:190} INFO - [2026-03-29T21:30:12.382+0000] {dagbag.py:588} INFO - Filling up the DagBag from /home/ec2-user/environment/lab4_model_training/dags/generate_data_dag.py
[2026-03-29T21:30:13.560+0000] {processor.py:925} INFO - DAG(s) 'generate_data_only' retrieved from /home/ec2-user/environment/lab4_model_training/dags/generate_data_dag.py
[2026-03-29T21:30:13.572+0000] {logging_mixin.py:190} INFO - [2026-03-29T21:30:13.572+0000] {dag.py:3239} INFO - Sync 1 DAGs
[2026-03-29T21:30:13.580+0000] {logging_mixin.py:190} INFO - [2026-03-29T21:30:13.580+0000] {dag.py:4180} INFO - Setting next_dagrun for generate_data_only to None, run_after=None
[2026-03-29T21:30:13.596+0000] {processor.py:208} INFO - Processing /home/ec2-user/environment/lab4_model_training/dags/generate_data_dag.py took 1.220 seconds
[2026-03-29T21:30:44.072+0000] {processor.py:186} INFO - Started process (PID=15695) to work on /home/ec2-user/environment/lab4_model_training/dags/generate_data_dag.py
[2026-03-29T21:30:44.073+0000] {processor.py:914} INFO - Processing file /home/ec2-user/environment/lab4_model_training/dags/generate_data_dag.py for tasks to queue
[2026-03-29T21:30:44.074+0000] {logging_mixin.py:190} INFO - [2026-03-29T21:30:44.074+0000] {dagbag.py:588} INFO - Filling up the DagBag from /home/ec2-user/environment/lab4_model_training/dags/generate_data_dag.py
[2026-03-29T21:30:45.238+0000] {processor.py:925} INFO - DAG(s) 'generate_data_only' retrieved from /home/ec2-user/environment/lab4_model_training/dags/generate_data_dag.py
[2026-03-29T21:30:45.250+0000] {logging_mixin.py:190} INFO - [2026-03-29T21:30:45.250+0000] {dag.py:3239} INFO - Sync 1 DAGs
[2026-03-29T21:30:45.258+0000] {logging_mixin.py:190} INFO - [2026-03-29T21:30:45.258+0000] {dag.py:4180} INFO - Setting next_dagrun for generate_data_only to None, run_after=None
[2026-03-29T21:30:45.273+0000] {processor.py:208} INFO - Processing /home/ec2-user/environment/lab4_model_training/dags/generate_data_dag.py took 1.206 seconds
[2026-03-29T21:31:15.562+0000] {processor.py:186} INFO - Started process (PID=15790) to work on /home/ec2-user/environment/lab4_model_training/dags/generate_data_dag.py
[2026-03-29T21:31:15.563+0000] {processor.py:914} INFO - Processing file /home/ec2-user/environment/lab4_model_training/dags/generate_data_dag.py for tasks to queue
[2026-03-29T21:31:15.564+0000] {logging_mixin.py:190} INFO - [2026-03-29T21:31:15.563+0000] {dagbag.py:588} INFO - Filling up the DagBag from /home/ec2-user/environment/lab4_model_training/dags/generate_data_dag.py
[2026-03-29T21:31:16.750+0000] {processor.py:925} INFO - DAG(s) 'generate_data_only' retrieved from /home/ec2-user/environment/lab4_model_training/dags/generate_data_dag.py
[2026-03-29T21:31:16.762+0000] {logging_mixin.py:190} INFO - [2026-03-29T21:31:16.761+0000] {dag.py:3239} INFO - Sync 1 DAGs
[2026-03-29T21:31:16.770+0000] {logging_mixin.py:190} INFO - [2026-03-29T21:31:16.769+0000] {dag.py:4180} INFO - Setting next_dagrun for generate_data_only to None, run_after=None
[2026-03-29T21:31:16.785+0000] {processor.py:208} INFO - Processing /home/ec2-user/environment/lab4_model_training/dags/generate_data_dag.py took 1.228 seconds
[2026-03-29T21:31:47.253+0000] {processor.py:186} INFO - Started process (PID=15889) to work on /home/ec2-user/environment/lab4_model_training/dags/generate_data_dag.py
[2026-03-29T21:31:47.255+0000] {processor.py:914} INFO - Processing file /home/ec2-user/environment/lab4_model_training/dags/generate_data_dag.py for tasks to queue
[2026-03-29T21:31:47.256+0000] {logging_mixin.py:190} INFO - [2026-03-29T21:31:47.255+0000] {dagbag.py:588} INFO - Filling up the DagBag from /home/ec2-user/environment/lab4_model_training/dags/generate_data_dag.py
[2026-03-29T21:31:48.441+0000] {processor.py:925} INFO - DAG(s) 'generate_data_only' retrieved from /home/ec2-user/environment/lab4_model_training/dags/generate_data_dag.py
[2026-03-29T21:31:48.453+0000] {logging_mixin.py:190} INFO - [2026-03-29T21:31:48.453+0000] {dag.py:3239} INFO - Sync 1 DAGs
[2026-03-29T21:31:48.461+0000] {logging_mixin.py:190} INFO - [2026-03-29T21:31:48.461+0000] {dag.py:4180} INFO - Setting next_dagrun for generate_data_only to None, run_after=None
[2026-03-29T21:31:48.477+0000] {processor.py:208} INFO - Processing /home/ec2-user/environment/lab4_model_training/dags/generate_data_dag.py took 1.229 seconds
[2026-03-29T21:32:18.631+0000] {processor.py:186} INFO - Started process (PID=15929) to work on /home/ec2-user/environment/lab4_model_training/dags/generate_data_dag.py
[2026-03-29T21:32:18.631+0000] {processor.py:914} INFO - Processing file /home/ec2-user/environment/lab4_model_training/dags/generate_data_dag.py for tasks to queue
[2026-03-29T21:32:18.632+0000] {logging_mixin.py:190} INFO - [2026-03-29T21:32:18.632+0000] {dagbag.py:588} INFO - Filling up the DagBag from /home/ec2-user/environment/lab4_model_training/dags/generate_data_dag.py
[2026-03-29T21:32:19.807+0000] {processor.py:925} INFO - DAG(s) 'generate_data_only' retrieved from /home/ec2-user/environment/lab4_model_training/dags/generate_data_dag.py
[2026-03-29T21:32:19.819+0000] {logging_mixin.py:190} INFO - [2026-03-29T21:32:19.818+0000] {dag.py:3239} INFO - Sync 1 DAGs
[2026-03-29T21:32:19.828+0000] {logging_mixin.py:190} INFO - [2026-03-29T21:32:19.828+0000] {dag.py:4180} INFO - Setting next_dagrun for generate_data_only to None, run_after=None
[2026-03-29T21:32:19.843+0000] {processor.py:208} INFO - Processing /home/ec2-user/environment/lab4_model_training/dags/generate_data_dag.py took 1.217 seconds
[2026-03-29T21:32:50.417+0000] {processor.py:186} INFO - Started process (PID=15956) to work on /home/ec2-user/environment/lab4_model_training/dags/generate_data_dag.py
[2026-03-29T21:32:50.418+0000] {processor.py:914} INFO - Processing file /home/ec2-user/environment/lab4_model_training/dags/generate_data_dag.py for tasks to queue
[2026-03-29T21:32:50.419+0000] {logging_mixin.py:190} INFO - [2026-03-29T21:32:50.419+0000] {dagbag.py:588} INFO - Filling up the DagBag from /home/ec2-user/environment/lab4_model_training/dags/generate_data_dag.py
[2026-03-29T21:32:51.622+0000] {processor.py:925} INFO - DAG(s) 'generate_data_only' retrieved from /home/ec2-user/environment/lab4_model_training/dags/generate_data_dag.py
[2026-03-29T21:32:51.634+0000] {logging_mixin.py:190} INFO - [2026-03-29T21:32:51.633+0000] {dag.py:3239} INFO - Sync 1 DAGs
[2026-03-29T21:32:51.642+0000] {logging_mixin.py:190} INFO - [2026-03-29T21:32:51.642+0000] {dag.py:4180} INFO - Setting next_dagrun for generate_data_only to None, run_after=None
[2026-03-29T21:32:51.658+0000] {processor.py:208} INFO - Processing /home/ec2-user/environment/lab4_model_training/dags/generate_data_dag.py took 1.245 seconds
[2026-03-29T21:33:21.879+0000] {processor.py:186} INFO - Started process (PID=16044) to work on /home/ec2-user/environment/lab4_model_training/dags/generate_data_dag.py
[2026-03-29T21:33:21.880+0000] {processor.py:914} INFO - Processing file /home/ec2-user/environment/lab4_model_training/dags/generate_data_dag.py for tasks to queue
[2026-03-29T21:33:21.881+0000] {logging_mixin.py:190} INFO - [2026-03-29T21:33:21.880+0000] {dagbag.py:588} INFO - Filling up the DagBag from /home/ec2-user/environment/lab4_model_training/dags/generate_data_dag.py
[2026-03-29T21:33:23.078+0000] {processor.py:925} INFO - DAG(s) 'generate_data_only' retrieved from /home/ec2-user/environment/lab4_model_training/dags/generate_data_dag.py
[2026-03-29T21:33:23.091+0000] {logging_mixin.py:190} INFO - [2026-03-29T21:33:23.090+0000] {dag.py:3239} INFO - Sync 1 DAGs
[2026-03-29T21:33:23.099+0000] {logging_mixin.py:190} INFO - [2026-03-29T21:33:23.099+0000] {dag.py:4180} INFO - Setting next_dagrun for generate_data_only to None, run_after=None
[2026-03-29T21:33:23.114+0000] {processor.py:208} INFO - Processing /home/ec2-user/environment/lab4_model_training/dags/generate_data_dag.py took 1.240 seconds
[2026-03-29T21:33:53.419+0000] {processor.py:186} INFO - Started process (PID=16070) to work on /home/ec2-user/environment/lab4_model_training/dags/generate_data_dag.py
[2026-03-29T21:33:53.420+0000] {processor.py:914} INFO - Processing file /home/ec2-user/environment/lab4_model_training/dags/generate_data_dag.py for tasks to queue
[2026-03-29T21:33:53.421+0000] {logging_mixin.py:190} INFO - [2026-03-29T21:33:53.421+0000] {dagbag.py:588} INFO - Filling up the DagBag from /home/ec2-user/environment/lab4_model_training/dags/generate_data_dag.py
[2026-03-29T21:33:54.608+0000] {processor.py:925} INFO - DAG(s) 'generate_data_only' retrieved from /home/ec2-user/environment/lab4_model_training/dags/generate_data_dag.py
[2026-03-29T21:33:54.621+0000] {logging_mixin.py:190} INFO - [2026-03-29T21:33:54.621+0000] {dag.py:3239} INFO - Sync 1 DAGs
[2026-03-29T21:33:54.629+0000] {logging_mixin.py:190} INFO - [2026-03-29T21:33:54.629+0000] {dag.py:4180} INFO - Setting next_dagrun for generate_data_only to None, run_after=None
[2026-03-29T21:33:54.645+0000] {processor.py:208} INFO - Processing /home/ec2-user/environment/lab4_model_training/dags/generate_data_dag.py took 1.230 seconds
[2026-03-29T21:34:25.063+0000] {processor.py:186} INFO - Started process (PID=16108) to work on /home/ec2-user/environment/lab4_model_training/dags/generate_data_dag.py
[2026-03-29T21:34:25.063+0000] {processor.py:914} INFO - Processing file /home/ec2-user/environment/lab4_model_training/dags/generate_data_dag.py for tasks to queue
[2026-03-29T21:34:25.064+0000] {logging_mixin.py:190} INFO - [2026-03-29T21:34:25.064+0000] {dagbag.py:588} INFO - Filling up the DagBag from /home/ec2-user/environment/lab4_model_training/dags/generate_data_dag.py
[2026-03-29T21:34:26.250+0000] {processor.py:925} INFO - DAG(s) 'generate_data_only' retrieved from /home/ec2-user/environment/lab4_model_training/dags/generate_data_dag.py
[2026-03-29T21:34:26.262+0000] {logging_mixin.py:190} INFO - [2026-03-29T21:34:26.262+0000] {dag.py:3239} INFO - Sync 1 DAGs
[2026-03-29T21:34:26.270+0000] {logging_mixin.py:190} INFO - [2026-03-29T21:34:26.270+0000] {dag.py:4180} INFO - Setting next_dagrun for generate_data_only to None, run_after=None
[2026-03-29T21:34:26.285+0000] {processor.py:208} INFO - Processing /home/ec2-user/environment/lab4_model_training/dags/generate_data_dag.py took 1.227 seconds
[2026-03-29T21:34:56.814+0000] {processor.py:186} INFO - Started process (PID=16134) to work on /home/ec2-user/environment/lab4_model_training/dags/generate_data_dag.py
[2026-03-29T21:34:56.815+0000] {processor.py:914} INFO - Processing file /home/ec2-user/environment/lab4_model_training/dags/generate_data_dag.py for tasks to queue
[2026-03-29T21:34:56.816+0000] {logging_mixin.py:190} INFO - [2026-03-29T21:34:56.816+0000] {dagbag.py:588} INFO - Filling up the DagBag from /home/ec2-user/environment/lab4_model_training/dags/generate_data_dag.py
[2026-03-29T21:34:57.980+0000] {processor.py:925} INFO - DAG(s) 'generate_data_only' retrieved from /home/ec2-user/environment/lab4_model_training/dags/generate_data_dag.py
[2026-03-29T21:34:57.992+0000] {logging_mixin.py:190} INFO - [2026-03-29T21:34:57.991+0000] {dag.py:3239} INFO - Sync 1 DAGs
[2026-03-29T21:34:58.000+0000] {logging_mixin.py:190} INFO - [2026-03-29T21:34:58.000+0000] {dag.py:4180} INFO - Setting next_dagrun for generate_data_only to None, run_after=None
[2026-03-29T21:34:58.016+0000] {processor.py:208} INFO - Processing /home/ec2-user/environment/lab4_model_training/dags/generate_data_dag.py took 1.208 seconds
[2026-03-29T21:35:29.127+0000] {processor.py:186} INFO - Started process (PID=16225) to work on /home/ec2-user/environment/lab4_model_training/dags/generate_data_dag.py
[2026-03-29T21:35:29.129+0000] {processor.py:914} INFO - Processing file /home/ec2-user/environment/lab4_model_training/dags/generate_data_dag.py for tasks to queue
[2026-03-29T21:35:29.130+0000] {logging_mixin.py:190} INFO - [2026-03-29T21:35:29.129+0000] {dagbag.py:588} INFO - Filling up the DagBag from /home/ec2-user/environment/lab4_model_training/dags/generate_data_dag.py
[2026-03-29T21:35:30.293+0000] {processor.py:925} INFO - DAG(s) 'generate_data_only' retrieved from /home/ec2-user/environment/lab4_model_training/dags/generate_data_dag.py
[2026-03-29T21:35:30.304+0000] {logging_mixin.py:190} INFO - [2026-03-29T21:35:30.304+0000] {dag.py:3239} INFO - Sync 1 DAGs
[2026-03-29T21:35:30.313+0000] {logging_mixin.py:190} INFO - [2026-03-29T21:35:30.313+0000] {dag.py:4180} INFO - Setting next_dagrun for generate_data_only to None, run_after=None
[2026-03-29T21:35:30.329+0000] {processor.py:208} INFO - Processing /home/ec2-user/environment/lab4_model_training/dags/generate_data_dag.py took 1.207 seconds
[2026-03-29T21:36:00.819+0000] {processor.py:186} INFO - Started process (PID=16251) to work on /home/ec2-user/environment/lab4_model_training/dags/generate_data_dag.py
[2026-03-29T21:36:00.819+0000] {processor.py:914} INFO - Processing file /home/ec2-user/environment/lab4_model_training/dags/generate_data_dag.py for tasks to queue
[2026-03-29T21:36:00.820+0000] {logging_mixin.py:190} INFO - [2026-03-29T21:36:00.820+0000] {dagbag.py:588} INFO - Filling up the DagBag from /home/ec2-user/environment/lab4_model_training/dags/generate_data_dag.py
[2026-03-29T21:36:02.012+0000] {processor.py:925} INFO - DAG(s) 'generate_data_only' retrieved from /home/ec2-user/environment/lab4_model_training/dags/generate_data_dag.py
[2026-03-29T21:36:02.024+0000] {logging_mixin.py:190} INFO - [2026-03-29T21:36:02.024+0000] {dag.py:3239} INFO - Sync 1 DAGs
[2026-03-29T21:36:02.033+0000] {logging_mixin.py:190} INFO - [2026-03-29T21:36:02.032+0000] {dag.py:4180} INFO - Setting next_dagrun for generate_data_only to None, run_after=None
[2026-03-29T21:36:02.048+0000] {processor.py:208} INFO - Processing /home/ec2-user/environment/lab4_model_training/dags/generate_data_dag.py took 1.234 seconds
[2026-03-29T21:36:32.307+0000] {processor.py:186} INFO - Started process (PID=16289) to work on /home/ec2-user/environment/lab4_model_training/dags/generate_data_dag.py
[2026-03-29T21:36:32.309+0000] {processor.py:914} INFO - Processing file /home/ec2-user/environment/lab4_model_training/dags/generate_data_dag.py for tasks to queue
[2026-03-29T21:36:32.310+0000] {logging_mixin.py:190} INFO - [2026-03-29T21:36:32.309+0000] {dagbag.py:588} INFO - Filling up the DagBag from /home/ec2-user/environment/lab4_model_training/dags/generate_data_dag.py
[2026-03-29T21:36:33.467+0000] {processor.py:925} INFO - DAG(s) 'generate_data_only' retrieved from /home/ec2-user/environment/lab4_model_training/dags/generate_data_dag.py
[2026-03-29T21:36:33.479+0000] {logging_mixin.py:190} INFO - [2026-03-29T21:36:33.479+0000] {dag.py:3239} INFO - Sync 1 DAGs
[2026-03-29T21:36:33.487+0000] {logging_mixin.py:190} INFO - [2026-03-29T21:36:33.487+0000] {dag.py:4180} INFO - Setting next_dagrun for generate_data_only to None, run_after=None
[2026-03-29T21:36:33.503+0000] {processor.py:208} INFO - Processing /home/ec2-user/environment/lab4_model_training/dags/generate_data_dag.py took 1.201 seconds
[2026-03-29T21:37:03.899+0000] {processor.py:186} INFO - Started process (PID=16353) to work on /home/ec2-user/environment/lab4_model_training/dags/generate_data_dag.py
[2026-03-29T21:37:03.900+0000] {processor.py:914} INFO - Processing file /home/ec2-user/environment/lab4_model_training/dags/generate_data_dag.py for tasks to queue
[2026-03-29T21:37:03.901+0000] {logging_mixin.py:190} INFO - [2026-03-29T21:37:03.901+0000] {dagbag.py:588} INFO - Filling up the DagBag from /home/ec2-user/environment/lab4_model_training/dags/generate_data_dag.py
[2026-03-29T21:37:05.083+0000] {processor.py:925} INFO - DAG(s) 'generate_data_only' retrieved from /home/ec2-user/environment/lab4_model_training/dags/generate_data_dag.py
[2026-03-29T21:37:05.094+0000] {logging_mixin.py:190} INFO - [2026-03-29T21:37:05.094+0000] {dag.py:3239} INFO - Sync 1 DAGs
[2026-03-29T21:37:05.102+0000] {logging_mixin.py:190} INFO - [2026-03-29T21:37:05.102+0000] {dag.py:4180} INFO - Setting next_dagrun for generate_data_only to None, run_after=None
[2026-03-29T21:37:05.117+0000] {processor.py:208} INFO - Processing /home/ec2-user/environment/lab4_model_training/dags/generate_data_dag.py took 1.223 seconds
[2026-03-29T21:37:35.510+0000] {processor.py:186} INFO - Started process (PID=16432) to work on /home/ec2-user/environment/lab4_model_training/dags/generate_data_dag.py
[2026-03-29T21:37:35.511+0000] {processor.py:914} INFO - Processing file /home/ec2-user/environment/lab4_model_training/dags/generate_data_dag.py for tasks to queue
[2026-03-29T21:37:35.512+0000] {logging_mixin.py:190} INFO - [2026-03-29T21:37:35.511+0000] {dagbag.py:588} INFO - Filling up the DagBag from /home/ec2-user/environment/lab4_model_training/dags/generate_data_dag.py
[2026-03-29T21:37:36.780+0000] {processor.py:925} INFO - DAG(s) 'generate_data_only' retrieved from /home/ec2-user/environment/lab4_model_training/dags/generate_data_dag.py
[2026-03-29T21:37:36.792+0000] {logging_mixin.py:190} INFO - [2026-03-29T21:37:36.792+0000] {dag.py:3239} INFO - Sync 1 DAGs
[2026-03-29T21:37:36.800+0000] {logging_mixin.py:190} INFO - [2026-03-29T21:37:36.800+0000] {dag.py:4180} INFO - Setting next_dagrun for generate_data_only to None, run_after=None
[2026-03-29T21:37:36.815+0000] {processor.py:208} INFO - Processing /home/ec2-user/environment/lab4_model_training/dags/generate_data_dag.py took 1.310 seconds
[2026-03-29T21:38:07.096+0000] {processor.py:186} INFO - Started process (PID=16479) to work on /home/ec2-user/environment/lab4_model_training/dags/generate_data_dag.py
[2026-03-29T21:38:07.096+0000] {processor.py:914} INFO - Processing file /home/ec2-user/environment/lab4_model_training/dags/generate_data_dag.py for tasks to queue
[2026-03-29T21:38:07.097+0000] {logging_mixin.py:190} INFO - [2026-03-29T21:38:07.097+0000] {dagbag.py:588} INFO - Filling up the DagBag from /home/ec2-user/environment/lab4_model_training/dags/generate_data_dag.py
[2026-03-29T21:38:08.283+0000] {processor.py:925} INFO - DAG(s) 'generate_data_only' retrieved from /home/ec2-user/environment/lab4_model_training/dags/generate_data_dag.py
[2026-03-29T21:38:08.295+0000] {logging_mixin.py:190} INFO - [2026-03-29T21:38:08.294+0000] {dag.py:3239} INFO - Sync 1 DAGs
[2026-03-29T21:38:08.303+0000] {logging_mixin.py:190} INFO - [2026-03-29T21:38:08.303+0000] {dag.py:4180} INFO - Setting next_dagrun for generate_data_only to None, run_after=None
[2026-03-29T21:38:08.319+0000] {processor.py:208} INFO - Processing /home/ec2-user/environment/lab4_model_training/dags/generate_data_dag.py took 1.228 seconds
[2026-03-29T21:38:38.701+0000] {processor.py:186} INFO - Started process (PID=16507) to work on /home/ec2-user/environment/lab4_model_training/dags/generate_data_dag.py
[2026-03-29T21:38:38.702+0000] {processor.py:914} INFO - Processing file /home/ec2-user/environment/lab4_model_training/dags/generate_data_dag.py for tasks to queue
[2026-03-29T21:38:38.703+0000] {logging_mixin.py:190} INFO - [2026-03-29T21:38:38.703+0000] {dagbag.py:588} INFO - Filling up the DagBag from /home/ec2-user/environment/lab4_model_training/dags/generate_data_dag.py
[2026-03-29T21:38:39.878+0000] {processor.py:925} INFO - DAG(s) 'generate_data_only' retrieved from /home/ec2-user/environment/lab4_model_training/dags/generate_data_dag.py
[2026-03-29T21:38:39.889+0000] {logging_mixin.py:190} INFO - [2026-03-29T21:38:39.889+0000] {dag.py:3239} INFO - Sync 1 DAGs
[2026-03-29T21:38:39.900+0000] {logging_mixin.py:190} INFO - [2026-03-29T21:38:39.900+0000] {dag.py:4180} INFO - Setting next_dagrun for generate_data_only to None, run_after=None
[2026-03-29T21:38:39.917+0000] {processor.py:208} INFO - Processing /home/ec2-user/environment/lab4_model_training/dags/generate_data_dag.py took 1.221 seconds
[2026-03-29T21:39:10.303+0000] {processor.py:186} INFO - Started process (PID=16612) to work on /home/ec2-user/environment/lab4_model_training/dags/generate_data_dag.py
[2026-03-29T21:39:10.303+0000] {processor.py:914} INFO - Processing file /home/ec2-user/environment/lab4_model_training/dags/generate_data_dag.py for tasks to queue
[2026-03-29T21:39:10.305+0000] {logging_mixin.py:190} INFO - [2026-03-29T21:39:10.304+0000] {dagbag.py:588} INFO - Filling up the DagBag from /home/ec2-user/environment/lab4_model_training/dags/generate_data_dag.py
[2026-03-29T21:39:11.531+0000] {processor.py:925} INFO - DAG(s) 'generate_data_only' retrieved from /home/ec2-user/environment/lab4_model_training/dags/generate_data_dag.py
[2026-03-29T21:39:11.542+0000] {logging_mixin.py:190} INFO - [2026-03-29T21:39:11.542+0000] {dag.py:3239} INFO - Sync 1 DAGs
[2026-03-29T21:39:11.551+0000] {logging_mixin.py:190} INFO - [2026-03-29T21:39:11.551+0000] {dag.py:4180} INFO - Setting next_dagrun for generate_data_only to None, run_after=None
[2026-03-29T21:39:11.566+0000] {processor.py:208} INFO - Processing /home/ec2-user/environment/lab4_model_training/dags/generate_data_dag.py took 1.271 seconds
[2026-03-29T21:39:41.795+0000] {processor.py:186} INFO - Started process (PID=16657) to work on /home/ec2-user/environment/lab4_model_training/dags/generate_data_dag.py
[2026-03-29T21:39:41.796+0000] {processor.py:914} INFO - Processing file /home/ec2-user/environment/lab4_model_training/dags/generate_data_dag.py for tasks to queue
[2026-03-29T21:39:41.797+0000] {logging_mixin.py:190} INFO - [2026-03-29T21:39:41.797+0000] {dagbag.py:588} INFO - Filling up the DagBag from /home/ec2-user/environment/lab4_model_training/dags/generate_data_dag.py
[2026-03-29T21:39:42.955+0000] {processor.py:925} INFO - DAG(s) 'generate_data_only' retrieved from /home/ec2-user/environment/lab4_model_training/dags/generate_data_dag.py
[2026-03-29T21:39:42.967+0000] {logging_mixin.py:190} INFO - [2026-03-29T21:39:42.967+0000] {dag.py:3239} INFO - Sync 1 DAGs
[2026-03-29T21:39:42.975+0000] {logging_mixin.py:190} INFO - [2026-03-29T21:39:42.975+0000] {dag.py:4180} INFO - Setting next_dagrun for generate_data_only to None, run_after=None
[2026-03-29T21:39:42.990+0000] {processor.py:208} INFO - Processing /home/ec2-user/environment/lab4_model_training/dags/generate_data_dag.py took 1.201 seconds
[2026-03-29T21:40:13.401+0000] {processor.py:186} INFO - Started process (PID=16712) to work on /home/ec2-user/environment/lab4_model_training/dags/generate_data_dag.py
[2026-03-29T21:40:13.402+0000] {processor.py:914} INFO - Processing file /home/ec2-user/environment/lab4_model_training/dags/generate_data_dag.py for tasks to queue
[2026-03-29T21:40:13.403+0000] {logging_mixin.py:190} INFO - [2026-03-29T21:40:13.403+0000] {dagbag.py:588} INFO - Filling up the DagBag from /home/ec2-user/environment/lab4_model_training/dags/generate_data_dag.py
[2026-03-29T21:40:14.565+0000] {processor.py:925} INFO - DAG(s) 'generate_data_only' retrieved from /home/ec2-user/environment/lab4_model_training/dags/generate_data_dag.py
[2026-03-29T21:40:14.576+0000] {logging_mixin.py:190} INFO - [2026-03-29T21:40:14.576+0000] {dag.py:3239} INFO - Sync 1 DAGs
[2026-03-29T21:40:14.584+0000] {logging_mixin.py:190} INFO - [2026-03-29T21:40:14.584+0000] {dag.py:4180} INFO - Setting next_dagrun for generate_data_only to None, run_after=None
[2026-03-29T21:40:14.600+0000] {processor.py:208} INFO - Processing /home/ec2-user/environment/lab4_model_training/dags/generate_data_dag.py took 1.206 seconds
[2026-03-29T21:40:45.189+0000] {processor.py:186} INFO - Started process (PID=16798) to work on /home/ec2-user/environment/lab4_model_training/dags/generate_data_dag.py
[2026-03-29T21:40:45.190+0000] {processor.py:914} INFO - Processing file /home/ec2-user/environment/lab4_model_training/dags/generate_data_dag.py for tasks to queue
[2026-03-29T21:40:45.191+0000] {logging_mixin.py:190} INFO - [2026-03-29T21:40:45.191+0000] {dagbag.py:588} INFO - Filling up the DagBag from /home/ec2-user/environment/lab4_model_training/dags/generate_data_dag.py
[2026-03-29T21:40:46.350+0000] {processor.py:925} INFO - DAG(s) 'generate_data_only' retrieved from /home/ec2-user/environment/lab4_model_training/dags/generate_data_dag.py
[2026-03-29T21:40:46.362+0000] {logging_mixin.py:190} INFO - [2026-03-29T21:40:46.361+0000] {dag.py:3239} INFO - Sync 1 DAGs
[2026-03-29T21:40:46.370+0000] {logging_mixin.py:190} INFO - [2026-03-29T21:40:46.369+0000] {dag.py:4180} INFO - Setting next_dagrun for generate_data_only to None, run_after=None
[2026-03-29T21:40:46.385+0000] {processor.py:208} INFO - Processing /home/ec2-user/environment/lab4_model_training/dags/generate_data_dag.py took 1.201 seconds
[2026-03-29T21:41:16.593+0000] {processor.py:186} INFO - Started process (PID=16844) to work on /home/ec2-user/environment/lab4_model_training/dags/generate_data_dag.py
[2026-03-29T21:41:16.594+0000] {processor.py:914} INFO - Processing file /home/ec2-user/environment/lab4_model_training/dags/generate_data_dag.py for tasks to queue
[2026-03-29T21:41:16.595+0000] {logging_mixin.py:190} INFO - [2026-03-29T21:41:16.595+0000] {dagbag.py:588} INFO - Filling up the DagBag from /home/ec2-user/environment/lab4_model_training/dags/generate_data_dag.py
[2026-03-29T21:41:17.824+0000] {processor.py:925} INFO - DAG(s) 'generate_data_only' retrieved from /home/ec2-user/environment/lab4_model_training/dags/generate_data_dag.py
[2026-03-29T21:41:17.838+0000] {logging_mixin.py:190} INFO - [2026-03-29T21:41:17.838+0000] {dag.py:3239} INFO - Sync 1 DAGs
[2026-03-29T21:41:17.846+0000] {logging_mixin.py:190} INFO - [2026-03-29T21:41:17.846+0000] {dag.py:4180} INFO - Setting next_dagrun for generate_data_only to None, run_after=None
[2026-03-29T21:41:17.862+0000] {processor.py:208} INFO - Processing /home/ec2-user/environment/lab4_model_training/dags/generate_data_dag.py took 1.274 seconds
[2026-03-29T21:41:48.140+0000] {processor.py:186} INFO - Started process (PID=16873) to work on /home/ec2-user/environment/lab4_model_training/dags/generate_data_dag.py
[2026-03-29T21:41:48.141+0000] {processor.py:914} INFO - Processing file /home/ec2-user/environment/lab4_model_training/dags/generate_data_dag.py for tasks to queue
[2026-03-29T21:41:48.142+0000] {logging_mixin.py:190} INFO - [2026-03-29T21:41:48.142+0000] {dagbag.py:588} INFO - Filling up the DagBag from /home/ec2-user/environment/lab4_model_training/dags/generate_data_dag.py
[2026-03-29T21:41:49.325+0000] {processor.py:925} INFO - DAG(s) 'generate_data_only' retrieved from /home/ec2-user/environment/lab4_model_training/dags/generate_data_dag.py
[2026-03-29T21:41:49.336+0000] {logging_mixin.py:190} INFO - [2026-03-29T21:41:49.336+0000] {dag.py:3239} INFO - Sync 1 DAGs
[2026-03-29T21:41:49.345+0000] {logging_mixin.py:190} INFO - [2026-03-29T21:41:49.345+0000] {dag.py:4180} INFO - Setting next_dagrun for generate_data_only to None, run_after=None
[2026-03-29T21:41:49.360+0000] {processor.py:208} INFO - Processing /home/ec2-user/environment/lab4_model_training/dags/generate_data_dag.py took 1.225 seconds
[2026-03-29T21:42:19.790+0000] {processor.py:186} INFO - Started process (PID=16982) to work on /home/ec2-user/environment/lab4_model_training/dags/generate_data_dag.py
[2026-03-29T21:42:19.790+0000] {processor.py:914} INFO - Processing file /home/ec2-user/environment/lab4_model_training/dags/generate_data_dag.py for tasks to queue
[2026-03-29T21:42:19.791+0000] {logging_mixin.py:190} INFO - [2026-03-29T21:42:19.791+0000] {dagbag.py:588} INFO - Filling up the DagBag from /home/ec2-user/environment/lab4_model_training/dags/generate_data_dag.py
[2026-03-29T21:42:20.975+0000] {processor.py:925} INFO - DAG(s) 'generate_data_only' retrieved from /home/ec2-user/environment/lab4_model_training/dags/generate_data_dag.py
[2026-03-29T21:42:20.986+0000] {logging_mixin.py:190} INFO - [2026-03-29T21:42:20.986+0000] {dag.py:3239} INFO - Sync 1 DAGs
[2026-03-29T21:42:20.995+0000] {logging_mixin.py:190} INFO - [2026-03-29T21:42:20.995+0000] {dag.py:4180} INFO - Setting next_dagrun for generate_data_only to None, run_after=None
[2026-03-29T21:42:21.010+0000] {processor.py:208} INFO - Processing /home/ec2-user/environment/lab4_model_training/dags/generate_data_dag.py took 1.225 seconds
[2026-03-29T21:42:51.274+0000] {processor.py:186} INFO - Started process (PID=17010) to work on /home/ec2-user/environment/lab4_model_training/dags/generate_data_dag.py
[2026-03-29T21:42:51.275+0000] {processor.py:914} INFO - Processing file /home/ec2-user/environment/lab4_model_training/dags/generate_data_dag.py for tasks to queue
[2026-03-29T21:42:51.276+0000] {logging_mixin.py:190} INFO - [2026-03-29T21:42:51.276+0000] {dagbag.py:588} INFO - Filling up the DagBag from /home/ec2-user/environment/lab4_model_training/dags/generate_data_dag.py
[2026-03-29T21:42:52.460+0000] {processor.py:925} INFO - DAG(s) 'generate_data_only' retrieved from /home/ec2-user/environment/lab4_model_training/dags/generate_data_dag.py
[2026-03-29T21:42:52.473+0000] {logging_mixin.py:190} INFO - [2026-03-29T21:42:52.473+0000] {dag.py:3239} INFO - Sync 1 DAGs
[2026-03-29T21:42:52.481+0000] {logging_mixin.py:190} INFO - [2026-03-29T21:42:52.481+0000] {dag.py:4180} INFO - Setting next_dagrun for generate_data_only to None, run_after=None
[2026-03-29T21:42:52.496+0000] {processor.py:208} INFO - Processing /home/ec2-user/environment/lab4_model_training/dags/generate_data_dag.py took 1.227 seconds
[2026-03-29T21:43:22.892+0000] {processor.py:186} INFO - Started process (PID=17068) to work on /home/ec2-user/environment/lab4_model_training/dags/generate_data_dag.py
[2026-03-29T21:43:22.894+0000] {processor.py:914} INFO - Processing file /home/ec2-user/environment/lab4_model_training/dags/generate_data_dag.py for tasks to queue
[2026-03-29T21:43:22.895+0000] {logging_mixin.py:190} INFO - [2026-03-29T21:43:22.895+0000] {dagbag.py:588} INFO - Filling up the DagBag from /home/ec2-user/environment/lab4_model_training/dags/generate_data_dag.py
[2026-03-29T21:43:24.206+0000] {processor.py:925} INFO - DAG(s) 'generate_data_only' retrieved from /home/ec2-user/environment/lab4_model_training/dags/generate_data_dag.py
[2026-03-29T21:43:24.218+0000] {logging_mixin.py:190} INFO - [2026-03-29T21:43:24.218+0000] {dag.py:3239} INFO - Sync 1 DAGs
[2026-03-29T21:43:24.226+0000] {logging_mixin.py:190} INFO - [2026-03-29T21:43:24.226+0000] {dag.py:4180} INFO - Setting next_dagrun for generate_data_only to None, run_after=None
[2026-03-29T21:43:24.241+0000] {processor.py:208} INFO - Processing /home/ec2-user/environment/lab4_model_training/dags/generate_data_dag.py took 1.355 seconds
[2026-03-29T21:43:54.538+0000] {processor.py:186} INFO - Started process (PID=17113) to work on /home/ec2-user/environment/lab4_model_training/dags/generate_data_dag.py
[2026-03-29T21:43:54.538+0000] {processor.py:914} INFO - Processing file /home/ec2-user/environment/lab4_model_training/dags/generate_data_dag.py for tasks to queue
[2026-03-29T21:43:54.539+0000] {logging_mixin.py:190} INFO - [2026-03-29T21:43:54.539+0000] {dagbag.py:588} INFO - Filling up the DagBag from /home/ec2-user/environment/lab4_model_training/dags/generate_data_dag.py
[2026-03-29T21:43:55.721+0000] {processor.py:925} INFO - DAG(s) 'generate_data_only' retrieved from /home/ec2-user/environment/lab4_model_training/dags/generate_data_dag.py
[2026-03-29T21:43:55.733+0000] {logging_mixin.py:190} INFO - [2026-03-29T21:43:55.733+0000] {dag.py:3239} INFO - Sync 1 DAGs
[2026-03-29T21:43:55.741+0000] {logging_mixin.py:190} INFO - [2026-03-29T21:43:55.741+0000] {dag.py:4180} INFO - Setting next_dagrun for generate_data_only to None, run_after=None
[2026-03-29T21:43:55.757+0000] {processor.py:208} INFO - Processing /home/ec2-user/environment/lab4_model_training/dags/generate_data_dag.py took 1.224 seconds
[2026-03-29T21:44:26.223+0000] {processor.py:186} INFO - Started process (PID=17202) to work on /home/ec2-user/environment/lab4_model_training/dags/generate_data_dag.py
[2026-03-29T21:44:26.224+0000] {processor.py:914} INFO - Processing file /home/ec2-user/environment/lab4_model_training/dags/generate_data_dag.py for tasks to queue
[2026-03-29T21:44:26.225+0000] {logging_mixin.py:190} INFO - [2026-03-29T21:44:26.225+0000] {dagbag.py:588} INFO - Filling up the DagBag from /home/ec2-user/environment/lab4_model_training/dags/generate_data_dag.py
[2026-03-29T21:44:27.411+0000] {processor.py:925} INFO - DAG(s) 'generate_data_only' retrieved from /home/ec2-user/environment/lab4_model_training/dags/generate_data_dag.py
[2026-03-29T21:44:27.423+0000] {logging_mixin.py:190} INFO - [2026-03-29T21:44:27.423+0000] {dag.py:3239} INFO - Sync 1 DAGs
[2026-03-29T21:44:27.431+0000] {logging_mixin.py:190} INFO - [2026-03-29T21:44:27.431+0000] {dag.py:4180} INFO - Setting next_dagrun for generate_data_only to None, run_after=None
[2026-03-29T21:44:27.447+0000] {processor.py:208} INFO - Processing /home/ec2-user/environment/lab4_model_training/dags/generate_data_dag.py took 1.229 seconds
[2026-03-29T21:44:57.775+0000] {processor.py:186} INFO - Started process (PID=17234) to work on /home/ec2-user/environment/lab4_model_training/dags/generate_data_dag.py
[2026-03-29T21:44:57.777+0000] {processor.py:914} INFO - Processing file /home/ec2-user/environment/lab4_model_training/dags/generate_data_dag.py for tasks to queue
[2026-03-29T21:44:57.778+0000] {logging_mixin.py:190} INFO - [2026-03-29T21:44:57.777+0000] {dagbag.py:588} INFO - Filling up the DagBag from /home/ec2-user/environment/lab4_model_training/dags/generate_data_dag.py
[2026-03-29T21:44:58.948+0000] {processor.py:925} INFO - DAG(s) 'generate_data_only' retrieved from /home/ec2-user/environment/lab4_model_training/dags/generate_data_dag.py
[2026-03-29T21:44:58.959+0000] {logging_mixin.py:190} INFO - [2026-03-29T21:44:58.959+0000] {dag.py:3239} INFO - Sync 1 DAGs
[2026-03-29T21:44:58.968+0000] {logging_mixin.py:190} INFO - [2026-03-29T21:44:58.968+0000] {dag.py:4180} INFO - Setting next_dagrun for generate_data_only to None, run_after=None
[2026-03-29T21:44:58.984+0000] {processor.py:208} INFO - Processing /home/ec2-user/environment/lab4_model_training/dags/generate_data_dag.py took 1.213 seconds
[2026-03-29T21:45:29.313+0000] {processor.py:186} INFO - Started process (PID=17287) to work on /home/ec2-user/environment/lab4_model_training/dags/generate_data_dag.py
[2026-03-29T21:45:29.313+0000] {processor.py:914} INFO - Processing file /home/ec2-user/environment/lab4_model_training/dags/generate_data_dag.py for tasks to queue
[2026-03-29T21:45:29.314+0000] {logging_mixin.py:190} INFO - [2026-03-29T21:45:29.314+0000] {dagbag.py:588} INFO - Filling up the DagBag from /home/ec2-user/environment/lab4_model_training/dags/generate_data_dag.py
[2026-03-29T21:45:30.495+0000] {processor.py:925} INFO - DAG(s) 'generate_data_only' retrieved from /home/ec2-user/environment/lab4_model_training/dags/generate_data_dag.py
[2026-03-29T21:45:30.506+0000] {logging_mixin.py:190} INFO - [2026-03-29T21:45:30.506+0000] {dag.py:3239} INFO - Sync 1 DAGs
[2026-03-29T21:45:30.515+0000] {logging_mixin.py:190} INFO - [2026-03-29T21:45:30.515+0000] {dag.py:4180} INFO - Setting next_dagrun for generate_data_only to None, run_after=None
[2026-03-29T21:45:30.530+0000] {processor.py:208} INFO - Processing /home/ec2-user/environment/lab4_model_training/dags/generate_data_dag.py took 1.222 seconds
[2026-03-29T21:46:00.762+0000] {processor.py:186} INFO - Started process (PID=17315) to work on /home/ec2-user/environment/lab4_model_training/dags/generate_data_dag.py
[2026-03-29T21:46:00.764+0000] {processor.py:914} INFO - Processing file /home/ec2-user/environment/lab4_model_training/dags/generate_data_dag.py for tasks to queue
[2026-03-29T21:46:00.765+0000] {logging_mixin.py:190} INFO - [2026-03-29T21:46:00.764+0000] {dagbag.py:588} INFO - Filling up the DagBag from /home/ec2-user/environment/lab4_model_training/dags/generate_data_dag.py
[2026-03-29T21:46:01.955+0000] {processor.py:925} INFO - DAG(s) 'generate_data_only' retrieved from /home/ec2-user/environment/lab4_model_training/dags/generate_data_dag.py
[2026-03-29T21:46:01.967+0000] {logging_mixin.py:190} INFO - [2026-03-29T21:46:01.967+0000] {dag.py:3239} INFO - Sync 1 DAGs
[2026-03-29T21:46:01.976+0000] {logging_mixin.py:190} INFO - [2026-03-29T21:46:01.976+0000] {dag.py:4180} INFO - Setting next_dagrun for generate_data_only to None, run_after=None
[2026-03-29T21:46:01.991+0000] {processor.py:208} INFO - Processing /home/ec2-user/environment/lab4_model_training/dags/generate_data_dag.py took 1.234 seconds
[2026-03-29T21:46:32.216+0000] {processor.py:186} INFO - Started process (PID=17402) to work on /home/ec2-user/environment/lab4_model_training/dags/generate_data_dag.py
[2026-03-29T21:46:32.217+0000] {processor.py:914} INFO - Processing file /home/ec2-user/environment/lab4_model_training/dags/generate_data_dag.py for tasks to queue
[2026-03-29T21:46:32.218+0000] {logging_mixin.py:190} INFO - [2026-03-29T21:46:32.217+0000] {dagbag.py:588} INFO - Filling up the DagBag from /home/ec2-user/environment/lab4_model_training/dags/generate_data_dag.py
[2026-03-29T21:46:33.394+0000] {processor.py:925} INFO - DAG(s) 'generate_data_only' retrieved from /home/ec2-user/environment/lab4_model_training/dags/generate_data_dag.py
[2026-03-29T21:46:33.406+0000] {logging_mixin.py:190} INFO - [2026-03-29T21:46:33.406+0000] {dag.py:3239} INFO - Sync 1 DAGs
[2026-03-29T21:46:33.414+0000] {logging_mixin.py:190} INFO - [2026-03-29T21:46:33.414+0000] {dag.py:4180} INFO - Setting next_dagrun for generate_data_only to None, run_after=None
[2026-03-29T21:46:33.429+0000] {processor.py:208} INFO - Processing /home/ec2-user/environment/lab4_model_training/dags/generate_data_dag.py took 1.218 seconds
[2026-03-29T21:47:04.195+0000] {processor.py:186} INFO - Started process (PID=17471) to work on /home/ec2-user/environment/lab4_model_training/dags/generate_data_dag.py
[2026-03-29T21:47:04.196+0000] {processor.py:914} INFO - Processing file /home/ec2-user/environment/lab4_model_training/dags/generate_data_dag.py for tasks to queue
[2026-03-29T21:47:04.197+0000] {logging_mixin.py:190} INFO - [2026-03-29T21:47:04.197+0000] {dagbag.py:588} INFO - Filling up the DagBag from /home/ec2-user/environment/lab4_model_training/dags/generate_data_dag.py
[2026-03-29T21:47:05.370+0000] {processor.py:925} INFO - DAG(s) 'generate_data_only' retrieved from /home/ec2-user/environment/lab4_model_training/dags/generate_data_dag.py
[2026-03-29T21:47:05.382+0000] {logging_mixin.py:190} INFO - [2026-03-29T21:47:05.382+0000] {dag.py:3239} INFO - Sync 1 DAGs
[2026-03-29T21:47:05.390+0000] {logging_mixin.py:190} INFO - [2026-03-29T21:47:05.390+0000] {dag.py:4180} INFO - Setting next_dagrun for generate_data_only to None, run_after=None
[2026-03-29T21:47:05.406+0000] {processor.py:208} INFO - Processing /home/ec2-user/environment/lab4_model_training/dags/generate_data_dag.py took 1.216 seconds
[2026-03-29T21:47:35.699+0000] {processor.py:186} INFO - Started process (PID=17502) to work on /home/ec2-user/environment/lab4_model_training/dags/generate_data_dag.py
[2026-03-29T21:47:35.700+0000] {processor.py:914} INFO - Processing file /home/ec2-user/environment/lab4_model_training/dags/generate_data_dag.py for tasks to queue
[2026-03-29T21:47:35.701+0000] {logging_mixin.py:190} INFO - [2026-03-29T21:47:35.700+0000] {dagbag.py:588} INFO - Filling up the DagBag from /home/ec2-user/environment/lab4_model_training/dags/generate_data_dag.py
[2026-03-29T21:47:36.872+0000] {processor.py:925} INFO - DAG(s) 'generate_data_only' retrieved from /home/ec2-user/environment/lab4_model_training/dags/generate_data_dag.py
[2026-03-29T21:47:36.884+0000] {logging_mixin.py:190} INFO - [2026-03-29T21:47:36.884+0000] {dag.py:3239} INFO - Sync 1 DAGs
[2026-03-29T21:47:36.892+0000] {logging_mixin.py:190} INFO - [2026-03-29T21:47:36.892+0000] {dag.py:4180} INFO - Setting next_dagrun for generate_data_only to None, run_after=None
[2026-03-29T21:47:36.908+0000] {processor.py:208} INFO - Processing /home/ec2-user/environment/lab4_model_training/dags/generate_data_dag.py took 1.214 seconds
[2026-03-29T21:48:07.301+0000] {processor.py:186} INFO - Started process (PID=17550) to work on /home/ec2-user/environment/lab4_model_training/dags/generate_data_dag.py
[2026-03-29T21:48:07.301+0000] {processor.py:914} INFO - Processing file /home/ec2-user/environment/lab4_model_training/dags/generate_data_dag.py for tasks to queue
[2026-03-29T21:48:07.302+0000] {logging_mixin.py:190} INFO - [2026-03-29T21:48:07.302+0000] {dagbag.py:588} INFO - Filling up the DagBag from /home/ec2-user/environment/lab4_model_training/dags/generate_data_dag.py
[2026-03-29T21:48:08.482+0000] {processor.py:925} INFO - DAG(s) 'generate_data_only' retrieved from /home/ec2-user/environment/lab4_model_training/dags/generate_data_dag.py
[2026-03-29T21:48:08.493+0000] {logging_mixin.py:190} INFO - [2026-03-29T21:48:08.493+0000] {dag.py:3239} INFO - Sync 1 DAGs
[2026-03-29T21:48:08.503+0000] {logging_mixin.py:190} INFO - [2026-03-29T21:48:08.502+0000] {dag.py:4180} INFO - Setting next_dagrun for generate_data_only to None, run_after=None
[2026-03-29T21:48:08.616+0000] {processor.py:208} INFO - Processing /home/ec2-user/environment/lab4_model_training/dags/generate_data_dag.py took 1.319 seconds
[2026-03-29T21:48:16.842+0000] {processor.py:186} INFO - Started process (PID=17571) to work on /home/ec2-user/environment/lab4_model_training/dags/generate_data_dag.py
[2026-03-29T21:48:16.843+0000] {processor.py:914} INFO - Processing file /home/ec2-user/environment/lab4_model_training/dags/generate_data_dag.py for tasks to queue
[2026-03-29T21:48:16.844+0000] {logging_mixin.py:190} INFO - [2026-03-29T21:48:16.844+0000] {dagbag.py:588} INFO - Filling up the DagBag from /home/ec2-user/environment/lab4_model_training/dags/generate_data_dag.py
[2026-03-29T21:48:18.980+0000] {logging_mixin.py:190} INFO - [2026-03-29T21:48:18.973+0000] {dagbag.py:387} ERROR - Failed to import: /home/ec2-user/environment/lab4_model_training/dags/generate_data_dag.py
Traceback (most recent call last):
  File "/home/ec2-user/environment/lab4_model_training/venv/lib64/python3.12/site-packages/airflow/models/dagbag.py", line 383, in parse
    loader.exec_module(new_module)
  File "<frozen importlib._bootstrap_external>", line 999, in exec_module
  File "<frozen importlib._bootstrap>", line 488, in _call_with_frames_removed
  File "/home/ec2-user/environment/lab4_model_training/dags/generate_data_dag.py", line 22, in <module>
    python_callable=cancer_data,
                    ^^^^^^^^^^^
NameError: name 'cancer_data' is not defined
[2026-03-29T21:48:18.986+0000] {processor.py:927} WARNING - No viable dags retrieved from /home/ec2-user/environment/lab4_model_training/dags/generate_data_dag.py
[2026-03-29T21:48:19.000+0000] {processor.py:208} INFO - Processing /home/ec2-user/environment/lab4_model_training/dags/generate_data_dag.py took 2.164 seconds
[2026-03-29T21:48:49.271+0000] {processor.py:186} INFO - Started process (PID=17674) to work on /home/ec2-user/environment/lab4_model_training/dags/generate_data_dag.py
[2026-03-29T21:48:49.272+0000] {processor.py:914} INFO - Processing file /home/ec2-user/environment/lab4_model_training/dags/generate_data_dag.py for tasks to queue
[2026-03-29T21:48:49.273+0000] {logging_mixin.py:190} INFO - [2026-03-29T21:48:49.273+0000] {dagbag.py:588} INFO - Filling up the DagBag from /home/ec2-user/environment/lab4_model_training/dags/generate_data_dag.py
[2026-03-29T21:48:50.432+0000] {logging_mixin.py:190} INFO - [2026-03-29T21:48:50.428+0000] {dagbag.py:387} ERROR - Failed to import: /home/ec2-user/environment/lab4_model_training/dags/generate_data_dag.py
Traceback (most recent call last):
  File "/home/ec2-user/environment/lab4_model_training/venv/lib64/python3.12/site-packages/airflow/models/dagbag.py", line 383, in parse
    loader.exec_module(new_module)
  File "<frozen importlib._bootstrap_external>", line 999, in exec_module
  File "<frozen importlib._bootstrap>", line 488, in _call_with_frames_removed
  File "/home/ec2-user/environment/lab4_model_training/dags/generate_data_dag.py", line 22, in <module>
    python_callable=cancer_data,
                    ^^^^^^^^^^^
NameError: name 'cancer_data' is not defined
[2026-03-29T21:48:50.435+0000] {processor.py:927} WARNING - No viable dags retrieved from /home/ec2-user/environment/lab4_model_training/dags/generate_data_dag.py
[2026-03-29T21:48:50.446+0000] {processor.py:208} INFO - Processing /home/ec2-user/environment/lab4_model_training/dags/generate_data_dag.py took 1.182 seconds
[2026-03-29T21:48:54.863+0000] {processor.py:186} INFO - Started process (PID=17682) to work on /home/ec2-user/environment/lab4_model_training/dags/generate_data_dag.py
[2026-03-29T21:48:54.864+0000] {processor.py:914} INFO - Processing file /home/ec2-user/environment/lab4_model_training/dags/generate_data_dag.py for tasks to queue
[2026-03-29T21:48:54.865+0000] {logging_mixin.py:190} INFO - [2026-03-29T21:48:54.864+0000] {dagbag.py:588} INFO - Filling up the DagBag from /home/ec2-user/environment/lab4_model_training/dags/generate_data_dag.py
[2026-03-29T21:48:56.081+0000] {logging_mixin.py:190} INFO - [2026-03-29T21:48:56.077+0000] {dagbag.py:387} ERROR - Failed to import: /home/ec2-user/environment/lab4_model_training/dags/generate_data_dag.py
Traceback (most recent call last):
  File "/home/ec2-user/environment/lab4_model_training/venv/lib64/python3.12/site-packages/airflow/models/dagbag.py", line 383, in parse
    loader.exec_module(new_module)
  File "<frozen importlib._bootstrap_external>", line 999, in exec_module
  File "<frozen importlib._bootstrap>", line 488, in _call_with_frames_removed
  File "/home/ec2-user/environment/lab4_model_training/dags/generate_data_dag.py", line 22, in <module>
    python_callable=cancer_data,
                    ^^^^^^^^^^^
NameError: name 'cancer_data' is not defined
[2026-03-29T21:48:56.084+0000] {processor.py:927} WARNING - No viable dags retrieved from /home/ec2-user/environment/lab4_model_training/dags/generate_data_dag.py
[2026-03-29T21:48:56.095+0000] {processor.py:208} INFO - Processing /home/ec2-user/environment/lab4_model_training/dags/generate_data_dag.py took 1.237 seconds
[2026-03-29T21:49:26.387+0000] {processor.py:186} INFO - Started process (PID=17722) to work on /home/ec2-user/environment/lab4_model_training/dags/generate_data_dag.py
[2026-03-29T21:49:26.388+0000] {processor.py:914} INFO - Processing file /home/ec2-user/environment/lab4_model_training/dags/generate_data_dag.py for tasks to queue
[2026-03-29T21:49:26.389+0000] {logging_mixin.py:190} INFO - [2026-03-29T21:49:26.389+0000] {dagbag.py:588} INFO - Filling up the DagBag from /home/ec2-user/environment/lab4_model_training/dags/generate_data_dag.py
[2026-03-29T21:49:27.552+0000] {logging_mixin.py:190} INFO - [2026-03-29T21:49:27.548+0000] {dagbag.py:387} ERROR - Failed to import: /home/ec2-user/environment/lab4_model_training/dags/generate_data_dag.py
Traceback (most recent call last):
  File "/home/ec2-user/environment/lab4_model_training/venv/lib64/python3.12/site-packages/airflow/models/dagbag.py", line 383, in parse
    loader.exec_module(new_module)
  File "<frozen importlib._bootstrap_external>", line 999, in exec_module
  File "<frozen importlib._bootstrap>", line 488, in _call_with_frames_removed
  File "/home/ec2-user/environment/lab4_model_training/dags/generate_data_dag.py", line 22, in <module>
    python_callable=cancer_data,
                    ^^^^^^^^^^^
NameError: name 'cancer_data' is not defined
[2026-03-29T21:49:27.555+0000] {processor.py:927} WARNING - No viable dags retrieved from /home/ec2-user/environment/lab4_model_training/dags/generate_data_dag.py
[2026-03-29T21:49:27.566+0000] {processor.py:208} INFO - Processing /home/ec2-user/environment/lab4_model_training/dags/generate_data_dag.py took 1.185 seconds
[2026-03-29T21:49:51.860+0000] {processor.py:186} INFO - Started process (PID=17759) to work on /home/ec2-user/environment/lab4_model_training/dags/generate_data_dag.py
[2026-03-29T21:49:51.861+0000] {processor.py:914} INFO - Processing file /home/ec2-user/environment/lab4_model_training/dags/generate_data_dag.py for tasks to queue
[2026-03-29T21:49:51.863+0000] {logging_mixin.py:190} INFO - [2026-03-29T21:49:51.863+0000] {dagbag.py:588} INFO - Filling up the DagBag from /home/ec2-user/environment/lab4_model_training/dags/generate_data_dag.py
[2026-03-29T21:49:53.315+0000] {processor.py:925} INFO - DAG(s) 'generate_data_only' retrieved from /home/ec2-user/environment/lab4_model_training/dags/generate_data_dag.py
[2026-03-29T21:49:53.392+0000] {logging_mixin.py:190} INFO - [2026-03-29T21:49:53.392+0000] {dag.py:3239} INFO - Sync 1 DAGs
[2026-03-29T21:49:53.399+0000] {logging_mixin.py:190} INFO - [2026-03-29T21:49:53.399+0000] {dag.py:4180} INFO - Setting next_dagrun for generate_data_only to None, run_after=None
[2026-03-29T21:49:53.420+0000] {processor.py:208} INFO - Processing /home/ec2-user/environment/lab4_model_training/dags/generate_data_dag.py took 1.566 seconds
[2026-03-29T21:49:54.506+0000] {processor.py:186} INFO - Started process (PID=17768) to work on /home/ec2-user/environment/lab4_model_training/dags/generate_data_dag.py
[2026-03-29T21:49:54.506+0000] {processor.py:914} INFO - Processing file /home/ec2-user/environment/lab4_model_training/dags/generate_data_dag.py for tasks to queue
[2026-03-29T21:49:54.508+0000] {logging_mixin.py:190} INFO - [2026-03-29T21:49:54.508+0000] {dagbag.py:588} INFO - Filling up the DagBag from /home/ec2-user/environment/lab4_model_training/dags/generate_data_dag.py
[2026-03-29T21:49:55.690+0000] {processor.py:925} INFO - DAG(s) 'generate_data_only' retrieved from /home/ec2-user/environment/lab4_model_training/dags/generate_data_dag.py
[2026-03-29T21:49:55.694+0000] {logging_mixin.py:190} INFO - [2026-03-29T21:49:55.694+0000] {dag.py:3239} INFO - Sync 1 DAGs
[2026-03-29T21:49:55.702+0000] {logging_mixin.py:190} INFO - [2026-03-29T21:49:55.702+0000] {dag.py:4180} INFO - Setting next_dagrun for generate_data_only to None, run_after=None
[2026-03-29T21:49:55.717+0000] {processor.py:208} INFO - Processing /home/ec2-user/environment/lab4_model_training/dags/generate_data_dag.py took 1.217 seconds
[2026-03-29T21:50:26.634+0000] {processor.py:186} INFO - Started process (PID=17870) to work on /home/ec2-user/environment/lab4_model_training/dags/generate_data_dag.py
[2026-03-29T21:50:26.635+0000] {processor.py:914} INFO - Processing file /home/ec2-user/environment/lab4_model_training/dags/generate_data_dag.py for tasks to queue
[2026-03-29T21:50:26.636+0000] {logging_mixin.py:190} INFO - [2026-03-29T21:50:26.636+0000] {dagbag.py:588} INFO - Filling up the DagBag from /home/ec2-user/environment/lab4_model_training/dags/generate_data_dag.py
[2026-03-29T21:50:27.816+0000] {processor.py:925} INFO - DAG(s) 'generate_data_only' retrieved from /home/ec2-user/environment/lab4_model_training/dags/generate_data_dag.py
[2026-03-29T21:50:27.828+0000] {logging_mixin.py:190} INFO - [2026-03-29T21:50:27.828+0000] {dag.py:3239} INFO - Sync 1 DAGs
[2026-03-29T21:50:27.836+0000] {logging_mixin.py:190} INFO - [2026-03-29T21:50:27.836+0000] {dag.py:4180} INFO - Setting next_dagrun for generate_data_only to None, run_after=None
[2026-03-29T21:50:27.851+0000] {processor.py:208} INFO - Processing /home/ec2-user/environment/lab4_model_training/dags/generate_data_dag.py took 1.222 seconds
[2026-03-29T21:50:58.396+0000] {processor.py:186} INFO - Started process (PID=17929) to work on /home/ec2-user/environment/lab4_model_training/dags/generate_data_dag.py
[2026-03-29T21:50:58.396+0000] {processor.py:914} INFO - Processing file /home/ec2-user/environment/lab4_model_training/dags/generate_data_dag.py for tasks to queue
[2026-03-29T21:50:58.398+0000] {logging_mixin.py:190} INFO - [2026-03-29T21:50:58.398+0000] {dagbag.py:588} INFO - Filling up the DagBag from /home/ec2-user/environment/lab4_model_training/dags/generate_data_dag.py
[2026-03-29T21:50:59.574+0000] {processor.py:925} INFO - DAG(s) 'generate_data_only' retrieved from /home/ec2-user/environment/lab4_model_training/dags/generate_data_dag.py
[2026-03-29T21:50:59.586+0000] {logging_mixin.py:190} INFO - [2026-03-29T21:50:59.585+0000] {dag.py:3239} INFO - Sync 1 DAGs
[2026-03-29T21:50:59.594+0000] {logging_mixin.py:190} INFO - [2026-03-29T21:50:59.594+0000] {dag.py:4180} INFO - Setting next_dagrun for generate_data_only to None, run_after=None
[2026-03-29T21:50:59.610+0000] {processor.py:208} INFO - Processing /home/ec2-user/environment/lab4_model_training/dags/generate_data_dag.py took 1.219 seconds
[2026-03-29T21:51:30.679+0000] {processor.py:186} INFO - Started process (PID=17987) to work on /home/ec2-user/environment/lab4_model_training/dags/generate_data_dag.py
[2026-03-29T21:51:30.680+0000] {processor.py:914} INFO - Processing file /home/ec2-user/environment/lab4_model_training/dags/generate_data_dag.py for tasks to queue
[2026-03-29T21:51:30.681+0000] {logging_mixin.py:190} INFO - [2026-03-29T21:51:30.681+0000] {dagbag.py:588} INFO - Filling up the DagBag from /home/ec2-user/environment/lab4_model_training/dags/generate_data_dag.py
[2026-03-29T21:51:31.853+0000] {processor.py:925} INFO - DAG(s) 'generate_data_only' retrieved from /home/ec2-user/environment/lab4_model_training/dags/generate_data_dag.py
[2026-03-29T21:51:31.865+0000] {logging_mixin.py:190} INFO - [2026-03-29T21:51:31.864+0000] {dag.py:3239} INFO - Sync 1 DAGs
[2026-03-29T21:51:31.873+0000] {logging_mixin.py:190} INFO - [2026-03-29T21:51:31.873+0000] {dag.py:4180} INFO - Setting next_dagrun for generate_data_only to None, run_after=None
[2026-03-29T21:51:31.988+0000] {processor.py:208} INFO - Processing /home/ec2-user/environment/lab4_model_training/dags/generate_data_dag.py took 1.315 seconds
[2026-03-29T21:52:03.281+0000] {processor.py:186} INFO - Started process (PID=18055) to work on /home/ec2-user/environment/lab4_model_training/dags/generate_data_dag.py
[2026-03-29T21:52:03.282+0000] {processor.py:914} INFO - Processing file /home/ec2-user/environment/lab4_model_training/dags/generate_data_dag.py for tasks to queue
[2026-03-29T21:52:03.283+0000] {logging_mixin.py:190} INFO - [2026-03-29T21:52:03.283+0000] {dagbag.py:588} INFO - Filling up the DagBag from /home/ec2-user/environment/lab4_model_training/dags/generate_data_dag.py
[2026-03-29T21:52:04.477+0000] {processor.py:925} INFO - DAG(s) 'generate_data_only' retrieved from /home/ec2-user/environment/lab4_model_training/dags/generate_data_dag.py
[2026-03-29T21:52:04.489+0000] {logging_mixin.py:190} INFO - [2026-03-29T21:52:04.489+0000] {dag.py:3239} INFO - Sync 1 DAGs
[2026-03-29T21:52:04.598+0000] {logging_mixin.py:190} INFO - [2026-03-29T21:52:04.598+0000] {dag.py:4180} INFO - Setting next_dagrun for generate_data_only to None, run_after=None
[2026-03-29T21:52:04.613+0000] {processor.py:208} INFO - Processing /home/ec2-user/environment/lab4_model_training/dags/generate_data_dag.py took 1.337 seconds
[2026-03-29T21:52:35.710+0000] {processor.py:186} INFO - Started process (PID=18153) to work on /home/ec2-user/environment/lab4_model_training/dags/generate_data_dag.py
[2026-03-29T21:52:35.711+0000] {processor.py:914} INFO - Processing file /home/ec2-user/environment/lab4_model_training/dags/generate_data_dag.py for tasks to queue
[2026-03-29T21:52:35.712+0000] {logging_mixin.py:190} INFO - [2026-03-29T21:52:35.711+0000] {dagbag.py:588} INFO - Filling up the DagBag from /home/ec2-user/environment/lab4_model_training/dags/generate_data_dag.py
[2026-03-29T21:52:36.892+0000] {processor.py:925} INFO - DAG(s) 'generate_data_only' retrieved from /home/ec2-user/environment/lab4_model_training/dags/generate_data_dag.py
[2026-03-29T21:52:36.904+0000] {logging_mixin.py:190} INFO - [2026-03-29T21:52:36.904+0000] {dag.py:3239} INFO - Sync 1 DAGs
[2026-03-29T21:52:37.008+0000] {logging_mixin.py:190} INFO - [2026-03-29T21:52:37.008+0000] {dag.py:4180} INFO - Setting next_dagrun for generate_data_only to None, run_after=None
[2026-03-29T21:52:37.024+0000] {processor.py:208} INFO - Processing /home/ec2-user/environment/lab4_model_training/dags/generate_data_dag.py took 1.319 seconds
[2026-03-29T21:53:07.434+0000] {processor.py:186} INFO - Started process (PID=18201) to work on /home/ec2-user/environment/lab4_model_training/dags/generate_data_dag.py
[2026-03-29T21:53:07.435+0000] {processor.py:914} INFO - Processing file /home/ec2-user/environment/lab4_model_training/dags/generate_data_dag.py for tasks to queue
[2026-03-29T21:53:07.436+0000] {logging_mixin.py:190} INFO - [2026-03-29T21:53:07.436+0000] {dagbag.py:588} INFO - Filling up the DagBag from /home/ec2-user/environment/lab4_model_training/dags/generate_data_dag.py
[2026-03-29T21:53:08.605+0000] {processor.py:925} INFO - DAG(s) 'generate_data_only' retrieved from /home/ec2-user/environment/lab4_model_training/dags/generate_data_dag.py
[2026-03-29T21:53:08.617+0000] {logging_mixin.py:190} INFO - [2026-03-29T21:53:08.617+0000] {dag.py:3239} INFO - Sync 1 DAGs
[2026-03-29T21:53:08.625+0000] {logging_mixin.py:190} INFO - [2026-03-29T21:53:08.625+0000] {dag.py:4180} INFO - Setting next_dagrun for generate_data_only to None, run_after=None
[2026-03-29T21:53:08.640+0000] {processor.py:208} INFO - Processing /home/ec2-user/environment/lab4_model_training/dags/generate_data_dag.py took 1.211 seconds
[2026-03-29T21:53:38.826+0000] {processor.py:186} INFO - Started process (PID=18230) to work on /home/ec2-user/environment/lab4_model_training/dags/generate_data_dag.py
[2026-03-29T21:53:38.827+0000] {processor.py:914} INFO - Processing file /home/ec2-user/environment/lab4_model_training/dags/generate_data_dag.py for tasks to queue
[2026-03-29T21:53:38.829+0000] {logging_mixin.py:190} INFO - [2026-03-29T21:53:38.829+0000] {dagbag.py:588} INFO - Filling up the DagBag from /home/ec2-user/environment/lab4_model_training/dags/generate_data_dag.py
[2026-03-29T21:53:39.985+0000] {processor.py:925} INFO - DAG(s) 'generate_data_only' retrieved from /home/ec2-user/environment/lab4_model_training/dags/generate_data_dag.py
[2026-03-29T21:53:39.997+0000] {logging_mixin.py:190} INFO - [2026-03-29T21:53:39.997+0000] {dag.py:3239} INFO - Sync 1 DAGs
[2026-03-29T21:53:40.005+0000] {logging_mixin.py:190} INFO - [2026-03-29T21:53:40.005+0000] {dag.py:4180} INFO - Setting next_dagrun for generate_data_only to None, run_after=None
[2026-03-29T21:53:40.020+0000] {processor.py:208} INFO - Processing /home/ec2-user/environment/lab4_model_training/dags/generate_data_dag.py took 1.199 seconds
[2026-03-29T21:54:10.686+0000] {processor.py:186} INFO - Started process (PID=18332) to work on /home/ec2-user/environment/lab4_model_training/dags/generate_data_dag.py
[2026-03-29T21:54:10.687+0000] {processor.py:914} INFO - Processing file /home/ec2-user/environment/lab4_model_training/dags/generate_data_dag.py for tasks to queue
[2026-03-29T21:54:10.688+0000] {logging_mixin.py:190} INFO - [2026-03-29T21:54:10.688+0000] {dagbag.py:588} INFO - Filling up the DagBag from /home/ec2-user/environment/lab4_model_training/dags/generate_data_dag.py
[2026-03-29T21:54:11.882+0000] {processor.py:925} INFO - DAG(s) 'generate_data_only' retrieved from /home/ec2-user/environment/lab4_model_training/dags/generate_data_dag.py
[2026-03-29T21:54:11.894+0000] {logging_mixin.py:190} INFO - [2026-03-29T21:54:11.893+0000] {dag.py:3239} INFO - Sync 1 DAGs
[2026-03-29T21:54:11.902+0000] {logging_mixin.py:190} INFO - [2026-03-29T21:54:11.902+0000] {dag.py:4180} INFO - Setting next_dagrun for generate_data_only to None, run_after=None
[2026-03-29T21:54:11.917+0000] {processor.py:208} INFO - Processing /home/ec2-user/environment/lab4_model_training/dags/generate_data_dag.py took 1.236 seconds
[2026-03-29T22:47:58.562+0000] {processor.py:186} INFO - Started process (PID=8636) to work on /home/ec2-user/environment/lab4_model_training/dags/generate_data_dag.py
[2026-03-29T22:47:58.564+0000] {processor.py:914} INFO - Processing file /home/ec2-user/environment/lab4_model_training/dags/generate_data_dag.py for tasks to queue
[2026-03-29T22:47:58.565+0000] {logging_mixin.py:190} INFO - [2026-03-29T22:47:58.565+0000] {dagbag.py:588} INFO - Filling up the DagBag from /home/ec2-user/environment/lab4_model_training/dags/generate_data_dag.py
[2026-03-29T22:47:59.941+0000] {processor.py:925} INFO - DAG(s) 'generate_data_only' retrieved from /home/ec2-user/environment/lab4_model_training/dags/generate_data_dag.py
[2026-03-29T22:47:59.958+0000] {logging_mixin.py:190} INFO - [2026-03-29T22:47:59.958+0000] {dag.py:3239} INFO - Sync 1 DAGs
[2026-03-29T22:47:59.973+0000] {logging_mixin.py:190} INFO - [2026-03-29T22:47:59.973+0000] {dag.py:4180} INFO - Setting next_dagrun for generate_data_only to None, run_after=None
[2026-03-29T22:47:59.999+0000] {processor.py:208} INFO - Processing /home/ec2-user/environment/lab4_model_training/dags/generate_data_dag.py took 1.441 seconds
[2026-03-29T22:48:30.245+0000] {processor.py:186} INFO - Started process (PID=8902) to work on /home/ec2-user/environment/lab4_model_training/dags/generate_data_dag.py
[2026-03-29T22:48:30.245+0000] {processor.py:914} INFO - Processing file /home/ec2-user/environment/lab4_model_training/dags/generate_data_dag.py for tasks to queue
[2026-03-29T22:48:30.247+0000] {logging_mixin.py:190} INFO - [2026-03-29T22:48:30.247+0000] {dagbag.py:588} INFO - Filling up the DagBag from /home/ec2-user/environment/lab4_model_training/dags/generate_data_dag.py
[2026-03-29T22:48:32.077+0000] {processor.py:925} INFO - DAG(s) 'generate_data_only' retrieved from /home/ec2-user/environment/lab4_model_training/dags/generate_data_dag.py
[2026-03-29T22:48:32.094+0000] {logging_mixin.py:190} INFO - [2026-03-29T22:48:32.094+0000] {dag.py:3239} INFO - Sync 1 DAGs
[2026-03-29T22:48:32.109+0000] {logging_mixin.py:190} INFO - [2026-03-29T22:48:32.108+0000] {dag.py:4180} INFO - Setting next_dagrun for generate_data_only to None, run_after=None
[2026-03-29T22:48:32.141+0000] {processor.py:208} INFO - Processing /home/ec2-user/environment/lab4_model_training/dags/generate_data_dag.py took 1.901 seconds
[2026-03-29T22:49:02.825+0000] {processor.py:186} INFO - Started process (PID=9151) to work on /home/ec2-user/environment/lab4_model_training/dags/generate_data_dag.py
[2026-03-29T22:49:02.826+0000] {processor.py:914} INFO - Processing file /home/ec2-user/environment/lab4_model_training/dags/generate_data_dag.py for tasks to queue
[2026-03-29T22:49:02.827+0000] {logging_mixin.py:190} INFO - [2026-03-29T22:49:02.826+0000] {dagbag.py:588} INFO - Filling up the DagBag from /home/ec2-user/environment/lab4_model_training/dags/generate_data_dag.py
[2026-03-29T22:49:04.060+0000] {processor.py:925} INFO - DAG(s) 'generate_data_only' retrieved from /home/ec2-user/environment/lab4_model_training/dags/generate_data_dag.py
[2026-03-29T22:49:04.073+0000] {logging_mixin.py:190} INFO - [2026-03-29T22:49:04.072+0000] {dag.py:3239} INFO - Sync 1 DAGs
[2026-03-29T22:49:04.081+0000] {logging_mixin.py:190} INFO - [2026-03-29T22:49:04.081+0000] {dag.py:4180} INFO - Setting next_dagrun for generate_data_only to None, run_after=None
[2026-03-29T22:49:04.098+0000] {processor.py:208} INFO - Processing /home/ec2-user/environment/lab4_model_training/dags/generate_data_dag.py took 1.277 seconds
[2026-03-29T22:49:34.737+0000] {processor.py:186} INFO - Started process (PID=9351) to work on /home/ec2-user/environment/lab4_model_training/dags/generate_data_dag.py
[2026-03-29T22:49:34.739+0000] {processor.py:914} INFO - Processing file /home/ec2-user/environment/lab4_model_training/dags/generate_data_dag.py for tasks to queue
[2026-03-29T22:49:34.740+0000] {logging_mixin.py:190} INFO - [2026-03-29T22:49:34.739+0000] {dagbag.py:588} INFO - Filling up the DagBag from /home/ec2-user/environment/lab4_model_training/dags/generate_data_dag.py
[2026-03-29T22:49:36.103+0000] {processor.py:925} INFO - DAG(s) 'generate_data_only' retrieved from /home/ec2-user/environment/lab4_model_training/dags/generate_data_dag.py
[2026-03-29T22:49:36.116+0000] {logging_mixin.py:190} INFO - [2026-03-29T22:49:36.116+0000] {dag.py:3239} INFO - Sync 1 DAGs
[2026-03-29T22:49:36.125+0000] {logging_mixin.py:190} INFO - [2026-03-29T22:49:36.125+0000] {dag.py:4180} INFO - Setting next_dagrun for generate_data_only to None, run_after=None
[2026-03-29T22:49:36.142+0000] {processor.py:208} INFO - Processing /home/ec2-user/environment/lab4_model_training/dags/generate_data_dag.py took 1.409 seconds
[2026-03-29T22:50:06.472+0000] {processor.py:186} INFO - Started process (PID=9530) to work on /home/ec2-user/environment/lab4_model_training/dags/generate_data_dag.py
[2026-03-29T22:50:06.474+0000] {processor.py:914} INFO - Processing file /home/ec2-user/environment/lab4_model_training/dags/generate_data_dag.py for tasks to queue
[2026-03-29T22:50:06.475+0000] {logging_mixin.py:190} INFO - [2026-03-29T22:50:06.474+0000] {dagbag.py:588} INFO - Filling up the DagBag from /home/ec2-user/environment/lab4_model_training/dags/generate_data_dag.py
[2026-03-29T22:50:07.739+0000] {processor.py:925} INFO - DAG(s) 'generate_data_only' retrieved from /home/ec2-user/environment/lab4_model_training/dags/generate_data_dag.py
[2026-03-29T22:50:07.751+0000] {logging_mixin.py:190} INFO - [2026-03-29T22:50:07.751+0000] {dag.py:3239} INFO - Sync 1 DAGs
[2026-03-29T22:50:07.760+0000] {logging_mixin.py:190} INFO - [2026-03-29T22:50:07.760+0000] {dag.py:4180} INFO - Setting next_dagrun for generate_data_only to None, run_after=None
[2026-03-29T22:50:07.779+0000] {processor.py:208} INFO - Processing /home/ec2-user/environment/lab4_model_training/dags/generate_data_dag.py took 1.311 seconds
[2026-03-29T22:50:38.041+0000] {processor.py:186} INFO - Started process (PID=9784) to work on /home/ec2-user/environment/lab4_model_training/dags/generate_data_dag.py
[2026-03-29T22:50:38.041+0000] {processor.py:914} INFO - Processing file /home/ec2-user/environment/lab4_model_training/dags/generate_data_dag.py for tasks to queue
[2026-03-29T22:50:38.043+0000] {logging_mixin.py:190} INFO - [2026-03-29T22:50:38.042+0000] {dagbag.py:588} INFO - Filling up the DagBag from /home/ec2-user/environment/lab4_model_training/dags/generate_data_dag.py
[2026-03-29T22:50:39.502+0000] {processor.py:925} INFO - DAG(s) 'generate_data_only' retrieved from /home/ec2-user/environment/lab4_model_training/dags/generate_data_dag.py
[2026-03-29T22:50:39.520+0000] {logging_mixin.py:190} INFO - [2026-03-29T22:50:39.519+0000] {dag.py:3239} INFO - Sync 1 DAGs
[2026-03-29T22:50:39.541+0000] {logging_mixin.py:190} INFO - [2026-03-29T22:50:39.541+0000] {dag.py:4180} INFO - Setting next_dagrun for generate_data_only to None, run_after=None
[2026-03-29T22:50:39.567+0000] {processor.py:208} INFO - Processing /home/ec2-user/environment/lab4_model_training/dags/generate_data_dag.py took 1.530 seconds
[2026-03-29T22:51:10.431+0000] {processor.py:186} INFO - Started process (PID=10000) to work on /home/ec2-user/environment/lab4_model_training/dags/generate_data_dag.py
[2026-03-29T22:51:10.432+0000] {processor.py:914} INFO - Processing file /home/ec2-user/environment/lab4_model_training/dags/generate_data_dag.py for tasks to queue
[2026-03-29T22:51:10.433+0000] {logging_mixin.py:190} INFO - [2026-03-29T22:51:10.433+0000] {dagbag.py:588} INFO - Filling up the DagBag from /home/ec2-user/environment/lab4_model_training/dags/generate_data_dag.py
[2026-03-29T22:51:11.691+0000] {processor.py:925} INFO - DAG(s) 'generate_data_only' retrieved from /home/ec2-user/environment/lab4_model_training/dags/generate_data_dag.py
[2026-03-29T22:51:11.703+0000] {logging_mixin.py:190} INFO - [2026-03-29T22:51:11.703+0000] {dag.py:3239} INFO - Sync 1 DAGs
[2026-03-29T22:51:11.713+0000] {logging_mixin.py:190} INFO - [2026-03-29T22:51:11.712+0000] {dag.py:4180} INFO - Setting next_dagrun for generate_data_only to None, run_after=None
[2026-03-29T22:51:11.729+0000] {processor.py:208} INFO - Processing /home/ec2-user/environment/lab4_model_training/dags/generate_data_dag.py took 1.303 seconds
[2026-03-29T22:51:42.048+0000] {processor.py:186} INFO - Started process (PID=10195) to work on /home/ec2-user/environment/lab4_model_training/dags/generate_data_dag.py
[2026-03-29T22:51:42.049+0000] {processor.py:914} INFO - Processing file /home/ec2-user/environment/lab4_model_training/dags/generate_data_dag.py for tasks to queue
[2026-03-29T22:51:42.051+0000] {logging_mixin.py:190} INFO - [2026-03-29T22:51:42.050+0000] {dagbag.py:588} INFO - Filling up the DagBag from /home/ec2-user/environment/lab4_model_training/dags/generate_data_dag.py
[2026-03-29T22:51:43.316+0000] {processor.py:925} INFO - DAG(s) 'generate_data_only' retrieved from /home/ec2-user/environment/lab4_model_training/dags/generate_data_dag.py
[2026-03-29T22:51:43.329+0000] {logging_mixin.py:190} INFO - [2026-03-29T22:51:43.328+0000] {dag.py:3239} INFO - Sync 1 DAGs
[2026-03-29T22:51:43.338+0000] {logging_mixin.py:190} INFO - [2026-03-29T22:51:43.338+0000] {dag.py:4180} INFO - Setting next_dagrun for generate_data_only to None, run_after=None
[2026-03-29T22:51:43.355+0000] {processor.py:208} INFO - Processing /home/ec2-user/environment/lab4_model_training/dags/generate_data_dag.py took 1.311 seconds
[2026-03-29T22:52:14.515+0000] {processor.py:186} INFO - Started process (PID=10466) to work on /home/ec2-user/environment/lab4_model_training/dags/generate_data_dag.py
[2026-03-29T22:52:14.516+0000] {processor.py:914} INFO - Processing file /home/ec2-user/environment/lab4_model_training/dags/generate_data_dag.py for tasks to queue
[2026-03-29T22:52:14.518+0000] {logging_mixin.py:190} INFO - [2026-03-29T22:52:14.517+0000] {dagbag.py:588} INFO - Filling up the DagBag from /home/ec2-user/environment/lab4_model_training/dags/generate_data_dag.py
[2026-03-29T22:52:15.929+0000] {processor.py:925} INFO - DAG(s) 'generate_data_only' retrieved from /home/ec2-user/environment/lab4_model_training/dags/generate_data_dag.py
[2026-03-29T22:52:15.942+0000] {logging_mixin.py:190} INFO - [2026-03-29T22:52:15.942+0000] {dag.py:3239} INFO - Sync 1 DAGs
[2026-03-29T22:52:15.951+0000] {logging_mixin.py:190} INFO - [2026-03-29T22:52:15.951+0000] {dag.py:4180} INFO - Setting next_dagrun for generate_data_only to None, run_after=None
[2026-03-29T22:52:15.967+0000] {processor.py:208} INFO - Processing /home/ec2-user/environment/lab4_model_training/dags/generate_data_dag.py took 1.457 seconds
[2026-03-29T22:52:46.417+0000] {processor.py:186} INFO - Started process (PID=10715) to work on /home/ec2-user/environment/lab4_model_training/dags/generate_data_dag.py
[2026-03-29T22:52:46.421+0000] {processor.py:914} INFO - Processing file /home/ec2-user/environment/lab4_model_training/dags/generate_data_dag.py for tasks to queue
[2026-03-29T22:52:46.426+0000] {logging_mixin.py:190} INFO - [2026-03-29T22:52:46.422+0000] {dagbag.py:588} INFO - Filling up the DagBag from /home/ec2-user/environment/lab4_model_training/dags/generate_data_dag.py
[2026-03-29T22:52:47.730+0000] {processor.py:925} INFO - DAG(s) 'generate_data_only' retrieved from /home/ec2-user/environment/lab4_model_training/dags/generate_data_dag.py
[2026-03-29T22:52:47.742+0000] {logging_mixin.py:190} INFO - [2026-03-29T22:52:47.742+0000] {dag.py:3239} INFO - Sync 1 DAGs
[2026-03-29T22:52:47.751+0000] {logging_mixin.py:190} INFO - [2026-03-29T22:52:47.751+0000] {dag.py:4180} INFO - Setting next_dagrun for generate_data_only to None, run_after=None
[2026-03-29T22:52:47.768+0000] {processor.py:208} INFO - Processing /home/ec2-user/environment/lab4_model_training/dags/generate_data_dag.py took 1.356 seconds
[2026-03-29T22:53:18.110+0000] {processor.py:186} INFO - Started process (PID=10926) to work on /home/ec2-user/environment/lab4_model_training/dags/generate_data_dag.py
[2026-03-29T22:53:18.112+0000] {processor.py:914} INFO - Processing file /home/ec2-user/environment/lab4_model_training/dags/generate_data_dag.py for tasks to queue
[2026-03-29T22:53:18.113+0000] {logging_mixin.py:190} INFO - [2026-03-29T22:53:18.112+0000] {dagbag.py:588} INFO - Filling up the DagBag from /home/ec2-user/environment/lab4_model_training/dags/generate_data_dag.py
[2026-03-29T22:53:19.351+0000] {processor.py:925} INFO - DAG(s) 'generate_data_only' retrieved from /home/ec2-user/environment/lab4_model_training/dags/generate_data_dag.py
[2026-03-29T22:53:19.363+0000] {logging_mixin.py:190} INFO - [2026-03-29T22:53:19.363+0000] {dag.py:3239} INFO - Sync 1 DAGs
[2026-03-29T22:53:19.372+0000] {logging_mixin.py:190} INFO - [2026-03-29T22:53:19.371+0000] {dag.py:4180} INFO - Setting next_dagrun for generate_data_only to None, run_after=None
[2026-03-29T22:53:19.388+0000] {processor.py:208} INFO - Processing /home/ec2-user/environment/lab4_model_training/dags/generate_data_dag.py took 1.282 seconds
[2026-03-29T22:53:49.596+0000] {processor.py:186} INFO - Started process (PID=11120) to work on /home/ec2-user/environment/lab4_model_training/dags/generate_data_dag.py
[2026-03-29T22:53:49.597+0000] {processor.py:914} INFO - Processing file /home/ec2-user/environment/lab4_model_training/dags/generate_data_dag.py for tasks to queue
[2026-03-29T22:53:49.598+0000] {logging_mixin.py:190} INFO - [2026-03-29T22:53:49.598+0000] {dagbag.py:588} INFO - Filling up the DagBag from /home/ec2-user/environment/lab4_model_training/dags/generate_data_dag.py
[2026-03-29T22:53:50.842+0000] {processor.py:925} INFO - DAG(s) 'generate_data_only' retrieved from /home/ec2-user/environment/lab4_model_training/dags/generate_data_dag.py
[2026-03-29T22:53:50.854+0000] {logging_mixin.py:190} INFO - [2026-03-29T22:53:50.854+0000] {dag.py:3239} INFO - Sync 1 DAGs
[2026-03-29T22:53:50.863+0000] {logging_mixin.py:190} INFO - [2026-03-29T22:53:50.863+0000] {dag.py:4180} INFO - Setting next_dagrun for generate_data_only to None, run_after=None
[2026-03-29T22:53:50.880+0000] {processor.py:208} INFO - Processing /home/ec2-user/environment/lab4_model_training/dags/generate_data_dag.py took 1.288 seconds
[2026-03-29T22:54:21.248+0000] {processor.py:186} INFO - Started process (PID=11385) to work on /home/ec2-user/environment/lab4_model_training/dags/generate_data_dag.py
[2026-03-29T22:54:21.248+0000] {processor.py:914} INFO - Processing file /home/ec2-user/environment/lab4_model_training/dags/generate_data_dag.py for tasks to queue
[2026-03-29T22:54:21.249+0000] {logging_mixin.py:190} INFO - [2026-03-29T22:54:21.249+0000] {dagbag.py:588} INFO - Filling up the DagBag from /home/ec2-user/environment/lab4_model_training/dags/generate_data_dag.py
[2026-03-29T22:54:22.409+0000] {processor.py:925} INFO - DAG(s) 'generate_data_only' retrieved from /home/ec2-user/environment/lab4_model_training/dags/generate_data_dag.py
[2026-03-29T22:54:22.421+0000] {logging_mixin.py:190} INFO - [2026-03-29T22:54:22.421+0000] {dag.py:3239} INFO - Sync 1 DAGs
[2026-03-29T22:54:22.431+0000] {logging_mixin.py:190} INFO - [2026-03-29T22:54:22.431+0000] {dag.py:4180} INFO - Setting next_dagrun for generate_data_only to None, run_after=None
[2026-03-29T22:54:22.447+0000] {processor.py:208} INFO - Processing /home/ec2-user/environment/lab4_model_training/dags/generate_data_dag.py took 1.205 seconds
[2026-03-29T22:54:52.758+0000] {processor.py:186} INFO - Started process (PID=11580) to work on /home/ec2-user/environment/lab4_model_training/dags/generate_data_dag.py
[2026-03-29T22:54:52.759+0000] {processor.py:914} INFO - Processing file /home/ec2-user/environment/lab4_model_training/dags/generate_data_dag.py for tasks to queue
[2026-03-29T22:54:52.760+0000] {logging_mixin.py:190} INFO - [2026-03-29T22:54:52.760+0000] {dagbag.py:588} INFO - Filling up the DagBag from /home/ec2-user/environment/lab4_model_training/dags/generate_data_dag.py
[2026-03-29T22:54:53.928+0000] {processor.py:925} INFO - DAG(s) 'generate_data_only' retrieved from /home/ec2-user/environment/lab4_model_training/dags/generate_data_dag.py
[2026-03-29T22:54:53.941+0000] {logging_mixin.py:190} INFO - [2026-03-29T22:54:53.940+0000] {dag.py:3239} INFO - Sync 1 DAGs
[2026-03-29T22:54:53.949+0000] {logging_mixin.py:190} INFO - [2026-03-29T22:54:53.949+0000] {dag.py:4180} INFO - Setting next_dagrun for generate_data_only to None, run_after=None
[2026-03-29T22:54:53.966+0000] {processor.py:208} INFO - Processing /home/ec2-user/environment/lab4_model_training/dags/generate_data_dag.py took 1.214 seconds
[2026-03-29T22:55:24.134+0000] {processor.py:186} INFO - Started process (PID=11786) to work on /home/ec2-user/environment/lab4_model_training/dags/generate_data_dag.py
[2026-03-29T22:55:24.135+0000] {processor.py:914} INFO - Processing file /home/ec2-user/environment/lab4_model_training/dags/generate_data_dag.py for tasks to queue
[2026-03-29T22:55:24.137+0000] {logging_mixin.py:190} INFO - [2026-03-29T22:55:24.137+0000] {dagbag.py:588} INFO - Filling up the DagBag from /home/ec2-user/environment/lab4_model_training/dags/generate_data_dag.py
[2026-03-29T22:55:25.326+0000] {processor.py:925} INFO - DAG(s) 'generate_data_only' retrieved from /home/ec2-user/environment/lab4_model_training/dags/generate_data_dag.py
[2026-03-29T22:55:25.339+0000] {logging_mixin.py:190} INFO - [2026-03-29T22:55:25.339+0000] {dag.py:3239} INFO - Sync 1 DAGs
[2026-03-29T22:55:25.348+0000] {logging_mixin.py:190} INFO - [2026-03-29T22:55:25.348+0000] {dag.py:4180} INFO - Setting next_dagrun for generate_data_only to None, run_after=None
[2026-03-29T22:55:25.364+0000] {processor.py:208} INFO - Processing /home/ec2-user/environment/lab4_model_training/dags/generate_data_dag.py took 1.235 seconds
[2026-03-29T22:55:56.250+0000] {processor.py:186} INFO - Started process (PID=12028) to work on /home/ec2-user/environment/lab4_model_training/dags/generate_data_dag.py
[2026-03-29T22:55:56.251+0000] {processor.py:914} INFO - Processing file /home/ec2-user/environment/lab4_model_training/dags/generate_data_dag.py for tasks to queue
[2026-03-29T22:55:56.252+0000] {logging_mixin.py:190} INFO - [2026-03-29T22:55:56.252+0000] {dagbag.py:588} INFO - Filling up the DagBag from /home/ec2-user/environment/lab4_model_training/dags/generate_data_dag.py
[2026-03-29T22:55:57.567+0000] {processor.py:925} INFO - DAG(s) 'generate_data_only' retrieved from /home/ec2-user/environment/lab4_model_training/dags/generate_data_dag.py
[2026-03-29T22:55:57.579+0000] {logging_mixin.py:190} INFO - [2026-03-29T22:55:57.578+0000] {dag.py:3239} INFO - Sync 1 DAGs
[2026-03-29T22:55:57.588+0000] {logging_mixin.py:190} INFO - [2026-03-29T22:55:57.587+0000] {dag.py:4180} INFO - Setting next_dagrun for generate_data_only to None, run_after=None
[2026-03-29T22:55:57.604+0000] {processor.py:208} INFO - Processing /home/ec2-user/environment/lab4_model_training/dags/generate_data_dag.py took 1.359 seconds
[2026-03-29T22:56:28.265+0000] {processor.py:186} INFO - Started process (PID=12262) to work on /home/ec2-user/environment/lab4_model_training/dags/generate_data_dag.py
[2026-03-29T22:56:28.265+0000] {processor.py:914} INFO - Processing file /home/ec2-user/environment/lab4_model_training/dags/generate_data_dag.py for tasks to queue
[2026-03-29T22:56:28.267+0000] {logging_mixin.py:190} INFO - [2026-03-29T22:56:28.266+0000] {dagbag.py:588} INFO - Filling up the DagBag from /home/ec2-user/environment/lab4_model_training/dags/generate_data_dag.py
[2026-03-29T22:56:29.426+0000] {processor.py:925} INFO - DAG(s) 'generate_data_only' retrieved from /home/ec2-user/environment/lab4_model_training/dags/generate_data_dag.py
[2026-03-29T22:56:29.438+0000] {logging_mixin.py:190} INFO - [2026-03-29T22:56:29.438+0000] {dag.py:3239} INFO - Sync 1 DAGs
[2026-03-29T22:56:29.450+0000] {logging_mixin.py:190} INFO - [2026-03-29T22:56:29.450+0000] {dag.py:4180} INFO - Setting next_dagrun for generate_data_only to None, run_after=None
[2026-03-29T22:56:29.467+0000] {processor.py:208} INFO - Processing /home/ec2-user/environment/lab4_model_training/dags/generate_data_dag.py took 1.208 seconds
[2026-03-29T22:56:59.884+0000] {processor.py:186} INFO - Started process (PID=12482) to work on /home/ec2-user/environment/lab4_model_training/dags/generate_data_dag.py
[2026-03-29T22:56:59.885+0000] {processor.py:914} INFO - Processing file /home/ec2-user/environment/lab4_model_training/dags/generate_data_dag.py for tasks to queue
[2026-03-29T22:56:59.887+0000] {logging_mixin.py:190} INFO - [2026-03-29T22:56:59.886+0000] {dagbag.py:588} INFO - Filling up the DagBag from /home/ec2-user/environment/lab4_model_training/dags/generate_data_dag.py
[2026-03-29T22:57:01.050+0000] {processor.py:925} INFO - DAG(s) 'generate_data_only' retrieved from /home/ec2-user/environment/lab4_model_training/dags/generate_data_dag.py
[2026-03-29T22:57:01.062+0000] {logging_mixin.py:190} INFO - [2026-03-29T22:57:01.061+0000] {dag.py:3239} INFO - Sync 1 DAGs
[2026-03-29T22:57:01.070+0000] {logging_mixin.py:190} INFO - [2026-03-29T22:57:01.070+0000] {dag.py:4180} INFO - Setting next_dagrun for generate_data_only to None, run_after=None
[2026-03-29T22:57:01.087+0000] {processor.py:208} INFO - Processing /home/ec2-user/environment/lab4_model_training/dags/generate_data_dag.py took 1.208 seconds
[2026-03-29T22:57:31.799+0000] {processor.py:186} INFO - Started process (PID=12690) to work on /home/ec2-user/environment/lab4_model_training/dags/generate_data_dag.py
[2026-03-29T22:57:31.801+0000] {processor.py:914} INFO - Processing file /home/ec2-user/environment/lab4_model_training/dags/generate_data_dag.py for tasks to queue
[2026-03-29T22:57:31.802+0000] {logging_mixin.py:190} INFO - [2026-03-29T22:57:31.801+0000] {dagbag.py:588} INFO - Filling up the DagBag from /home/ec2-user/environment/lab4_model_training/dags/generate_data_dag.py
[2026-03-29T22:57:32.966+0000] {processor.py:925} INFO - DAG(s) 'generate_data_only' retrieved from /home/ec2-user/environment/lab4_model_training/dags/generate_data_dag.py
[2026-03-29T22:57:32.979+0000] {logging_mixin.py:190} INFO - [2026-03-29T22:57:32.978+0000] {dag.py:3239} INFO - Sync 1 DAGs
[2026-03-29T22:57:32.987+0000] {logging_mixin.py:190} INFO - [2026-03-29T22:57:32.987+0000] {dag.py:4180} INFO - Setting next_dagrun for generate_data_only to None, run_after=None
[2026-03-29T22:57:33.005+0000] {processor.py:208} INFO - Processing /home/ec2-user/environment/lab4_model_training/dags/generate_data_dag.py took 1.210 seconds
[2026-03-29T22:58:03.722+0000] {processor.py:186} INFO - Started process (PID=12948) to work on /home/ec2-user/environment/lab4_model_training/dags/generate_data_dag.py
[2026-03-29T22:58:03.722+0000] {processor.py:914} INFO - Processing file /home/ec2-user/environment/lab4_model_training/dags/generate_data_dag.py for tasks to queue
[2026-03-29T22:58:03.724+0000] {logging_mixin.py:190} INFO - [2026-03-29T22:58:03.724+0000] {dagbag.py:588} INFO - Filling up the DagBag from /home/ec2-user/environment/lab4_model_training/dags/generate_data_dag.py
[2026-03-29T22:58:04.886+0000] {processor.py:925} INFO - DAG(s) 'generate_data_only' retrieved from /home/ec2-user/environment/lab4_model_training/dags/generate_data_dag.py
[2026-03-29T22:58:04.898+0000] {logging_mixin.py:190} INFO - [2026-03-29T22:58:04.898+0000] {dag.py:3239} INFO - Sync 1 DAGs
[2026-03-29T22:58:04.908+0000] {logging_mixin.py:190} INFO - [2026-03-29T22:58:04.907+0000] {dag.py:4180} INFO - Setting next_dagrun for generate_data_only to None, run_after=None
[2026-03-29T22:58:04.924+0000] {processor.py:208} INFO - Processing /home/ec2-user/environment/lab4_model_training/dags/generate_data_dag.py took 1.208 seconds
[2026-03-29T22:58:35.831+0000] {processor.py:186} INFO - Started process (PID=13142) to work on /home/ec2-user/environment/lab4_model_training/dags/generate_data_dag.py
[2026-03-29T22:58:35.833+0000] {processor.py:914} INFO - Processing file /home/ec2-user/environment/lab4_model_training/dags/generate_data_dag.py for tasks to queue
[2026-03-29T22:58:35.834+0000] {logging_mixin.py:190} INFO - [2026-03-29T22:58:35.834+0000] {dagbag.py:588} INFO - Filling up the DagBag from /home/ec2-user/environment/lab4_model_training/dags/generate_data_dag.py
[2026-03-29T22:58:37.146+0000] {processor.py:925} INFO - DAG(s) 'generate_data_only' retrieved from /home/ec2-user/environment/lab4_model_training/dags/generate_data_dag.py
[2026-03-29T22:58:37.159+0000] {logging_mixin.py:190} INFO - [2026-03-29T22:58:37.159+0000] {dag.py:3239} INFO - Sync 1 DAGs
[2026-03-29T22:58:37.168+0000] {logging_mixin.py:190} INFO - [2026-03-29T22:58:37.168+0000] {dag.py:4180} INFO - Setting next_dagrun for generate_data_only to None, run_after=None
[2026-03-29T22:58:37.184+0000] {processor.py:208} INFO - Processing /home/ec2-user/environment/lab4_model_training/dags/generate_data_dag.py took 1.358 seconds
