[2026-03-29T19:53:34.989+0000] {processor.py:186} INFO - Started process (PID=4405) to work on /home/ec2-user/environment/lab4_model_training/dags/ml_pipeline_dag.py
[2026-03-29T19:53:34.989+0000] {processor.py:914} INFO - Processing file /home/ec2-user/environment/lab4_model_training/dags/ml_pipeline_dag.py for tasks to queue
[2026-03-29T19:53:34.991+0000] {logging_mixin.py:190} INFO - [2026-03-29T19:53:34.991+0000] {dagbag.py:588} INFO - Filling up the DagBag from /home/ec2-user/environment/lab4_model_training/dags/ml_pipeline_dag.py
[2026-03-29T19:53:36.446+0000] {processor.py:925} INFO - DAG(s) 'ml_pipeline' retrieved from /home/ec2-user/environment/lab4_model_training/dags/ml_pipeline_dag.py
[2026-03-29T19:53:36.462+0000] {logging_mixin.py:190} INFO - [2026-03-29T19:53:36.462+0000] {dag.py:3239} INFO - Sync 1 DAGs
[2026-03-29T19:53:36.473+0000] {logging_mixin.py:190} INFO - [2026-03-29T19:53:36.472+0000] {dag.py:4180} INFO - Setting next_dagrun for ml_pipeline to None, run_after=None
[2026-03-29T19:53:36.496+0000] {processor.py:208} INFO - Processing /home/ec2-user/environment/lab4_model_training/dags/ml_pipeline_dag.py took 1.512 seconds
[2026-03-29T19:54:06.705+0000] {processor.py:186} INFO - Started process (PID=4645) to work on /home/ec2-user/environment/lab4_model_training/dags/ml_pipeline_dag.py
[2026-03-29T19:54:06.706+0000] {processor.py:914} INFO - Processing file /home/ec2-user/environment/lab4_model_training/dags/ml_pipeline_dag.py for tasks to queue
[2026-03-29T19:54:06.708+0000] {logging_mixin.py:190} INFO - [2026-03-29T19:54:06.707+0000] {dagbag.py:588} INFO - Filling up the DagBag from /home/ec2-user/environment/lab4_model_training/dags/ml_pipeline_dag.py
[2026-03-29T19:54:08.334+0000] {processor.py:925} INFO - DAG(s) 'ml_pipeline' retrieved from /home/ec2-user/environment/lab4_model_training/dags/ml_pipeline_dag.py
[2026-03-29T19:54:08.347+0000] {logging_mixin.py:190} INFO - [2026-03-29T19:54:08.347+0000] {dag.py:3239} INFO - Sync 1 DAGs
[2026-03-29T19:54:08.357+0000] {logging_mixin.py:190} INFO - [2026-03-29T19:54:08.357+0000] {dag.py:4180} INFO - Setting next_dagrun for ml_pipeline to None, run_after=None
[2026-03-29T19:54:08.374+0000] {processor.py:208} INFO - Processing /home/ec2-user/environment/lab4_model_training/dags/ml_pipeline_dag.py took 1.673 seconds
[2026-03-29T19:54:44.743+0000] {processor.py:186} INFO - Started process (PID=4921) to work on /home/ec2-user/environment/lab4_model_training/dags/ml_pipeline_dag.py
[2026-03-29T19:54:44.744+0000] {processor.py:914} INFO - Processing file /home/ec2-user/environment/lab4_model_training/dags/ml_pipeline_dag.py for tasks to queue
[2026-03-29T19:54:44.745+0000] {logging_mixin.py:190} INFO - [2026-03-29T19:54:44.745+0000] {dagbag.py:588} INFO - Filling up the DagBag from /home/ec2-user/environment/lab4_model_training/dags/ml_pipeline_dag.py
[2026-03-29T19:54:46.217+0000] {processor.py:925} INFO - DAG(s) 'ml_pipeline' retrieved from /home/ec2-user/environment/lab4_model_training/dags/ml_pipeline_dag.py
[2026-03-29T19:54:46.230+0000] {logging_mixin.py:190} INFO - [2026-03-29T19:54:46.230+0000] {dag.py:3239} INFO - Sync 1 DAGs
[2026-03-29T19:54:46.239+0000] {logging_mixin.py:190} INFO - [2026-03-29T19:54:46.239+0000] {dag.py:4180} INFO - Setting next_dagrun for ml_pipeline to None, run_after=None
[2026-03-29T19:54:46.257+0000] {processor.py:208} INFO - Processing /home/ec2-user/environment/lab4_model_training/dags/ml_pipeline_dag.py took 1.519 seconds
[2026-03-29T19:55:16.620+0000] {processor.py:186} INFO - Started process (PID=5131) to work on /home/ec2-user/environment/lab4_model_training/dags/ml_pipeline_dag.py
[2026-03-29T19:55:16.620+0000] {processor.py:914} INFO - Processing file /home/ec2-user/environment/lab4_model_training/dags/ml_pipeline_dag.py for tasks to queue
[2026-03-29T19:55:16.621+0000] {logging_mixin.py:190} INFO - [2026-03-29T19:55:16.621+0000] {dagbag.py:588} INFO - Filling up the DagBag from /home/ec2-user/environment/lab4_model_training/dags/ml_pipeline_dag.py
[2026-03-29T19:55:18.125+0000] {processor.py:925} INFO - DAG(s) 'ml_pipeline' retrieved from /home/ec2-user/environment/lab4_model_training/dags/ml_pipeline_dag.py
[2026-03-29T19:55:18.142+0000] {logging_mixin.py:190} INFO - [2026-03-29T19:55:18.142+0000] {dag.py:3239} INFO - Sync 1 DAGs
[2026-03-29T19:55:18.151+0000] {logging_mixin.py:190} INFO - [2026-03-29T19:55:18.151+0000] {dag.py:4180} INFO - Setting next_dagrun for ml_pipeline to None, run_after=None
[2026-03-29T19:55:18.173+0000] {processor.py:208} INFO - Processing /home/ec2-user/environment/lab4_model_training/dags/ml_pipeline_dag.py took 1.558 seconds
[2026-03-29T19:55:48.326+0000] {processor.py:186} INFO - Started process (PID=5373) to work on /home/ec2-user/environment/lab4_model_training/dags/ml_pipeline_dag.py
[2026-03-29T19:55:48.327+0000] {processor.py:914} INFO - Processing file /home/ec2-user/environment/lab4_model_training/dags/ml_pipeline_dag.py for tasks to queue
[2026-03-29T19:55:48.328+0000] {logging_mixin.py:190} INFO - [2026-03-29T19:55:48.328+0000] {dagbag.py:588} INFO - Filling up the DagBag from /home/ec2-user/environment/lab4_model_training/dags/ml_pipeline_dag.py
[2026-03-29T19:55:49.775+0000] {processor.py:925} INFO - DAG(s) 'ml_pipeline' retrieved from /home/ec2-user/environment/lab4_model_training/dags/ml_pipeline_dag.py
[2026-03-29T19:55:49.788+0000] {logging_mixin.py:190} INFO - [2026-03-29T19:55:49.788+0000] {dag.py:3239} INFO - Sync 1 DAGs
[2026-03-29T19:55:49.800+0000] {logging_mixin.py:190} INFO - [2026-03-29T19:55:49.800+0000] {dag.py:4180} INFO - Setting next_dagrun for ml_pipeline to None, run_after=None
[2026-03-29T19:55:49.826+0000] {processor.py:208} INFO - Processing /home/ec2-user/environment/lab4_model_training/dags/ml_pipeline_dag.py took 1.504 seconds
[2026-03-29T19:56:20.026+0000] {processor.py:186} INFO - Started process (PID=5579) to work on /home/ec2-user/environment/lab4_model_training/dags/ml_pipeline_dag.py
[2026-03-29T19:56:20.027+0000] {processor.py:914} INFO - Processing file /home/ec2-user/environment/lab4_model_training/dags/ml_pipeline_dag.py for tasks to queue
[2026-03-29T19:56:20.029+0000] {logging_mixin.py:190} INFO - [2026-03-29T19:56:20.028+0000] {dagbag.py:588} INFO - Filling up the DagBag from /home/ec2-user/environment/lab4_model_training/dags/ml_pipeline_dag.py
[2026-03-29T19:56:21.515+0000] {processor.py:925} INFO - DAG(s) 'ml_pipeline' retrieved from /home/ec2-user/environment/lab4_model_training/dags/ml_pipeline_dag.py
[2026-03-29T19:56:21.529+0000] {logging_mixin.py:190} INFO - [2026-03-29T19:56:21.529+0000] {dag.py:3239} INFO - Sync 1 DAGs
[2026-03-29T19:56:21.541+0000] {logging_mixin.py:190} INFO - [2026-03-29T19:56:21.540+0000] {dag.py:4180} INFO - Setting next_dagrun for ml_pipeline to None, run_after=None
[2026-03-29T19:56:21.560+0000] {processor.py:208} INFO - Processing /home/ec2-user/environment/lab4_model_training/dags/ml_pipeline_dag.py took 1.539 seconds
[2026-03-29T19:56:52.650+0000] {processor.py:186} INFO - Started process (PID=5777) to work on /home/ec2-user/environment/lab4_model_training/dags/ml_pipeline_dag.py
[2026-03-29T19:56:52.651+0000] {processor.py:914} INFO - Processing file /home/ec2-user/environment/lab4_model_training/dags/ml_pipeline_dag.py for tasks to queue
[2026-03-29T19:56:52.652+0000] {logging_mixin.py:190} INFO - [2026-03-29T19:56:52.652+0000] {dagbag.py:588} INFO - Filling up the DagBag from /home/ec2-user/environment/lab4_model_training/dags/ml_pipeline_dag.py
[2026-03-29T19:56:54.210+0000] {processor.py:925} INFO - DAG(s) 'ml_pipeline' retrieved from /home/ec2-user/environment/lab4_model_training/dags/ml_pipeline_dag.py
[2026-03-29T19:56:54.223+0000] {logging_mixin.py:190} INFO - [2026-03-29T19:56:54.223+0000] {dag.py:3239} INFO - Sync 1 DAGs
[2026-03-29T19:56:54.234+0000] {logging_mixin.py:190} INFO - [2026-03-29T19:56:54.234+0000] {dag.py:4180} INFO - Setting next_dagrun for ml_pipeline to None, run_after=None
[2026-03-29T19:56:54.252+0000] {processor.py:208} INFO - Processing /home/ec2-user/environment/lab4_model_training/dags/ml_pipeline_dag.py took 1.606 seconds
[2026-03-29T19:57:25.278+0000] {processor.py:186} INFO - Started process (PID=6059) to work on /home/ec2-user/environment/lab4_model_training/dags/ml_pipeline_dag.py
[2026-03-29T19:57:25.279+0000] {processor.py:914} INFO - Processing file /home/ec2-user/environment/lab4_model_training/dags/ml_pipeline_dag.py for tasks to queue
[2026-03-29T19:57:25.280+0000] {logging_mixin.py:190} INFO - [2026-03-29T19:57:25.280+0000] {dagbag.py:588} INFO - Filling up the DagBag from /home/ec2-user/environment/lab4_model_training/dags/ml_pipeline_dag.py
[2026-03-29T19:57:26.699+0000] {processor.py:925} INFO - DAG(s) 'ml_pipeline' retrieved from /home/ec2-user/environment/lab4_model_training/dags/ml_pipeline_dag.py
[2026-03-29T19:57:26.714+0000] {logging_mixin.py:190} INFO - [2026-03-29T19:57:26.714+0000] {dag.py:3239} INFO - Sync 1 DAGs
[2026-03-29T19:57:26.724+0000] {logging_mixin.py:190} INFO - [2026-03-29T19:57:26.724+0000] {dag.py:4180} INFO - Setting next_dagrun for ml_pipeline to None, run_after=None
[2026-03-29T19:57:26.742+0000] {processor.py:208} INFO - Processing /home/ec2-user/environment/lab4_model_training/dags/ml_pipeline_dag.py took 1.468 seconds
[2026-03-29T19:57:56.894+0000] {processor.py:186} INFO - Started process (PID=6253) to work on /home/ec2-user/environment/lab4_model_training/dags/ml_pipeline_dag.py
[2026-03-29T19:57:56.896+0000] {processor.py:914} INFO - Processing file /home/ec2-user/environment/lab4_model_training/dags/ml_pipeline_dag.py for tasks to queue
[2026-03-29T19:57:56.897+0000] {logging_mixin.py:190} INFO - [2026-03-29T19:57:56.896+0000] {dagbag.py:588} INFO - Filling up the DagBag from /home/ec2-user/environment/lab4_model_training/dags/ml_pipeline_dag.py
[2026-03-29T19:57:58.256+0000] {processor.py:925} INFO - DAG(s) 'ml_pipeline' retrieved from /home/ec2-user/environment/lab4_model_training/dags/ml_pipeline_dag.py
[2026-03-29T19:57:58.270+0000] {logging_mixin.py:190} INFO - [2026-03-29T19:57:58.269+0000] {dag.py:3239} INFO - Sync 1 DAGs
[2026-03-29T19:57:58.279+0000] {logging_mixin.py:190} INFO - [2026-03-29T19:57:58.279+0000] {dag.py:4180} INFO - Setting next_dagrun for ml_pipeline to None, run_after=None
[2026-03-29T19:57:58.296+0000] {processor.py:208} INFO - Processing /home/ec2-user/environment/lab4_model_training/dags/ml_pipeline_dag.py took 1.406 seconds
[2026-03-29T19:58:28.885+0000] {processor.py:186} INFO - Started process (PID=6461) to work on /home/ec2-user/environment/lab4_model_training/dags/ml_pipeline_dag.py
[2026-03-29T19:58:28.887+0000] {processor.py:914} INFO - Processing file /home/ec2-user/environment/lab4_model_training/dags/ml_pipeline_dag.py for tasks to queue
[2026-03-29T19:58:28.888+0000] {logging_mixin.py:190} INFO - [2026-03-29T19:58:28.887+0000] {dagbag.py:588} INFO - Filling up the DagBag from /home/ec2-user/environment/lab4_model_training/dags/ml_pipeline_dag.py
[2026-03-29T19:58:30.230+0000] {processor.py:925} INFO - DAG(s) 'ml_pipeline' retrieved from /home/ec2-user/environment/lab4_model_training/dags/ml_pipeline_dag.py
[2026-03-29T19:58:30.243+0000] {logging_mixin.py:190} INFO - [2026-03-29T19:58:30.243+0000] {dag.py:3239} INFO - Sync 1 DAGs
[2026-03-29T19:58:30.252+0000] {logging_mixin.py:190} INFO - [2026-03-29T19:58:30.251+0000] {dag.py:4180} INFO - Setting next_dagrun for ml_pipeline to None, run_after=None
[2026-03-29T19:58:30.268+0000] {processor.py:208} INFO - Processing /home/ec2-user/environment/lab4_model_training/dags/ml_pipeline_dag.py took 1.388 seconds
[2026-03-29T19:59:01.147+0000] {processor.py:186} INFO - Started process (PID=6570) to work on /home/ec2-user/environment/lab4_model_training/dags/ml_pipeline_dag.py
[2026-03-29T19:59:01.148+0000] {processor.py:914} INFO - Processing file /home/ec2-user/environment/lab4_model_training/dags/ml_pipeline_dag.py for tasks to queue
[2026-03-29T19:59:01.149+0000] {logging_mixin.py:190} INFO - [2026-03-29T19:59:01.149+0000] {dagbag.py:588} INFO - Filling up the DagBag from /home/ec2-user/environment/lab4_model_training/dags/ml_pipeline_dag.py
[2026-03-29T19:59:02.588+0000] {processor.py:925} INFO - DAG(s) 'ml_pipeline' retrieved from /home/ec2-user/environment/lab4_model_training/dags/ml_pipeline_dag.py
[2026-03-29T19:59:02.601+0000] {logging_mixin.py:190} INFO - [2026-03-29T19:59:02.601+0000] {dag.py:3239} INFO - Sync 1 DAGs
[2026-03-29T19:59:02.610+0000] {logging_mixin.py:190} INFO - [2026-03-29T19:59:02.610+0000] {dag.py:4180} INFO - Setting next_dagrun for ml_pipeline to None, run_after=None
[2026-03-29T19:59:02.628+0000] {processor.py:208} INFO - Processing /home/ec2-user/environment/lab4_model_training/dags/ml_pipeline_dag.py took 1.486 seconds
[2026-03-29T19:59:33.494+0000] {processor.py:186} INFO - Started process (PID=6666) to work on /home/ec2-user/environment/lab4_model_training/dags/ml_pipeline_dag.py
[2026-03-29T19:59:33.495+0000] {processor.py:914} INFO - Processing file /home/ec2-user/environment/lab4_model_training/dags/ml_pipeline_dag.py for tasks to queue
[2026-03-29T19:59:33.497+0000] {logging_mixin.py:190} INFO - [2026-03-29T19:59:33.496+0000] {dagbag.py:588} INFO - Filling up the DagBag from /home/ec2-user/environment/lab4_model_training/dags/ml_pipeline_dag.py
[2026-03-29T19:59:34.966+0000] {processor.py:925} INFO - DAG(s) 'ml_pipeline' retrieved from /home/ec2-user/environment/lab4_model_training/dags/ml_pipeline_dag.py
[2026-03-29T19:59:34.980+0000] {logging_mixin.py:190} INFO - [2026-03-29T19:59:34.980+0000] {dag.py:3239} INFO - Sync 1 DAGs
[2026-03-29T19:59:34.990+0000] {logging_mixin.py:190} INFO - [2026-03-29T19:59:34.990+0000] {dag.py:4180} INFO - Setting next_dagrun for ml_pipeline to None, run_after=None
[2026-03-29T19:59:35.011+0000] {processor.py:208} INFO - Processing /home/ec2-user/environment/lab4_model_training/dags/ml_pipeline_dag.py took 1.522 seconds
[2026-03-29T20:00:05.922+0000] {processor.py:186} INFO - Started process (PID=6704) to work on /home/ec2-user/environment/lab4_model_training/dags/ml_pipeline_dag.py
[2026-03-29T20:00:05.923+0000] {processor.py:914} INFO - Processing file /home/ec2-user/environment/lab4_model_training/dags/ml_pipeline_dag.py for tasks to queue
[2026-03-29T20:00:05.924+0000] {logging_mixin.py:190} INFO - [2026-03-29T20:00:05.924+0000] {dagbag.py:588} INFO - Filling up the DagBag from /home/ec2-user/environment/lab4_model_training/dags/ml_pipeline_dag.py
[2026-03-29T20:00:07.244+0000] {processor.py:925} INFO - DAG(s) 'ml_pipeline' retrieved from /home/ec2-user/environment/lab4_model_training/dags/ml_pipeline_dag.py
[2026-03-29T20:00:07.257+0000] {logging_mixin.py:190} INFO - [2026-03-29T20:00:07.257+0000] {dag.py:3239} INFO - Sync 1 DAGs
[2026-03-29T20:00:07.267+0000] {logging_mixin.py:190} INFO - [2026-03-29T20:00:07.266+0000] {dag.py:4180} INFO - Setting next_dagrun for ml_pipeline to None, run_after=None
[2026-03-29T20:00:07.286+0000] {processor.py:208} INFO - Processing /home/ec2-user/environment/lab4_model_training/dags/ml_pipeline_dag.py took 1.369 seconds
[2026-03-29T20:00:38.190+0000] {processor.py:186} INFO - Started process (PID=6780) to work on /home/ec2-user/environment/lab4_model_training/dags/ml_pipeline_dag.py
[2026-03-29T20:00:38.192+0000] {processor.py:914} INFO - Processing file /home/ec2-user/environment/lab4_model_training/dags/ml_pipeline_dag.py for tasks to queue
[2026-03-29T20:00:38.193+0000] {logging_mixin.py:190} INFO - [2026-03-29T20:00:38.192+0000] {dagbag.py:588} INFO - Filling up the DagBag from /home/ec2-user/environment/lab4_model_training/dags/ml_pipeline_dag.py
[2026-03-29T20:00:39.614+0000] {processor.py:925} INFO - DAG(s) 'ml_pipeline' retrieved from /home/ec2-user/environment/lab4_model_training/dags/ml_pipeline_dag.py
[2026-03-29T20:00:39.627+0000] {logging_mixin.py:190} INFO - [2026-03-29T20:00:39.627+0000] {dag.py:3239} INFO - Sync 1 DAGs
[2026-03-29T20:00:39.638+0000] {logging_mixin.py:190} INFO - [2026-03-29T20:00:39.638+0000] {dag.py:4180} INFO - Setting next_dagrun for ml_pipeline to None, run_after=None
[2026-03-29T20:00:39.655+0000] {processor.py:208} INFO - Processing /home/ec2-user/environment/lab4_model_training/dags/ml_pipeline_dag.py took 1.469 seconds
[2026-03-29T20:01:09.896+0000] {processor.py:186} INFO - Started process (PID=6854) to work on /home/ec2-user/environment/lab4_model_training/dags/ml_pipeline_dag.py
[2026-03-29T20:01:09.897+0000] {processor.py:914} INFO - Processing file /home/ec2-user/environment/lab4_model_training/dags/ml_pipeline_dag.py for tasks to queue
[2026-03-29T20:01:09.898+0000] {logging_mixin.py:190} INFO - [2026-03-29T20:01:09.898+0000] {dagbag.py:588} INFO - Filling up the DagBag from /home/ec2-user/environment/lab4_model_training/dags/ml_pipeline_dag.py
[2026-03-29T20:01:11.231+0000] {processor.py:925} INFO - DAG(s) 'ml_pipeline' retrieved from /home/ec2-user/environment/lab4_model_training/dags/ml_pipeline_dag.py
[2026-03-29T20:01:11.244+0000] {logging_mixin.py:190} INFO - [2026-03-29T20:01:11.244+0000] {dag.py:3239} INFO - Sync 1 DAGs
[2026-03-29T20:01:11.254+0000] {logging_mixin.py:190} INFO - [2026-03-29T20:01:11.254+0000] {dag.py:4180} INFO - Setting next_dagrun for ml_pipeline to None, run_after=None
[2026-03-29T20:01:11.271+0000] {processor.py:208} INFO - Processing /home/ec2-user/environment/lab4_model_training/dags/ml_pipeline_dag.py took 1.379 seconds
[2026-03-29T20:01:41.489+0000] {processor.py:186} INFO - Started process (PID=6866) to work on /home/ec2-user/environment/lab4_model_training/dags/ml_pipeline_dag.py
[2026-03-29T20:01:41.490+0000] {processor.py:914} INFO - Processing file /home/ec2-user/environment/lab4_model_training/dags/ml_pipeline_dag.py for tasks to queue
[2026-03-29T20:01:41.588+0000] {logging_mixin.py:190} INFO - [2026-03-29T20:01:41.588+0000] {dagbag.py:588} INFO - Filling up the DagBag from /home/ec2-user/environment/lab4_model_training/dags/ml_pipeline_dag.py
[2026-03-29T20:01:42.789+0000] {processor.py:925} INFO - DAG(s) 'ml_pipeline' retrieved from /home/ec2-user/environment/lab4_model_training/dags/ml_pipeline_dag.py
[2026-03-29T20:01:42.802+0000] {logging_mixin.py:190} INFO - [2026-03-29T20:01:42.802+0000] {dag.py:3239} INFO - Sync 1 DAGs
[2026-03-29T20:01:42.811+0000] {logging_mixin.py:190} INFO - [2026-03-29T20:01:42.811+0000] {dag.py:4180} INFO - Setting next_dagrun for ml_pipeline to None, run_after=None
[2026-03-29T20:01:42.828+0000] {processor.py:208} INFO - Processing /home/ec2-user/environment/lab4_model_training/dags/ml_pipeline_dag.py took 1.343 seconds
[2026-03-29T20:02:13.114+0000] {processor.py:186} INFO - Started process (PID=6890) to work on /home/ec2-user/environment/lab4_model_training/dags/ml_pipeline_dag.py
[2026-03-29T20:02:13.115+0000] {processor.py:914} INFO - Processing file /home/ec2-user/environment/lab4_model_training/dags/ml_pipeline_dag.py for tasks to queue
[2026-03-29T20:02:13.116+0000] {logging_mixin.py:190} INFO - [2026-03-29T20:02:13.116+0000] {dagbag.py:588} INFO - Filling up the DagBag from /home/ec2-user/environment/lab4_model_training/dags/ml_pipeline_dag.py
[2026-03-29T20:02:14.354+0000] {processor.py:925} INFO - DAG(s) 'ml_pipeline' retrieved from /home/ec2-user/environment/lab4_model_training/dags/ml_pipeline_dag.py
[2026-03-29T20:02:14.368+0000] {logging_mixin.py:190} INFO - [2026-03-29T20:02:14.368+0000] {dag.py:3239} INFO - Sync 1 DAGs
[2026-03-29T20:02:14.376+0000] {logging_mixin.py:190} INFO - [2026-03-29T20:02:14.376+0000] {dag.py:4180} INFO - Setting next_dagrun for ml_pipeline to None, run_after=None
[2026-03-29T20:02:14.393+0000] {processor.py:208} INFO - Processing /home/ec2-user/environment/lab4_model_training/dags/ml_pipeline_dag.py took 1.284 seconds
[2026-03-29T20:02:44.641+0000] {processor.py:186} INFO - Started process (PID=6950) to work on /home/ec2-user/environment/lab4_model_training/dags/ml_pipeline_dag.py
[2026-03-29T20:02:44.643+0000] {processor.py:914} INFO - Processing file /home/ec2-user/environment/lab4_model_training/dags/ml_pipeline_dag.py for tasks to queue
[2026-03-29T20:02:44.644+0000] {logging_mixin.py:190} INFO - [2026-03-29T20:02:44.644+0000] {dagbag.py:588} INFO - Filling up the DagBag from /home/ec2-user/environment/lab4_model_training/dags/ml_pipeline_dag.py
[2026-03-29T20:02:45.896+0000] {processor.py:925} INFO - DAG(s) 'ml_pipeline' retrieved from /home/ec2-user/environment/lab4_model_training/dags/ml_pipeline_dag.py
[2026-03-29T20:02:45.908+0000] {logging_mixin.py:190} INFO - [2026-03-29T20:02:45.908+0000] {dag.py:3239} INFO - Sync 1 DAGs
[2026-03-29T20:02:45.917+0000] {logging_mixin.py:190} INFO - [2026-03-29T20:02:45.917+0000] {dag.py:4180} INFO - Setting next_dagrun for ml_pipeline to None, run_after=None
[2026-03-29T20:02:45.934+0000] {processor.py:208} INFO - Processing /home/ec2-user/environment/lab4_model_training/dags/ml_pipeline_dag.py took 1.297 seconds
[2026-03-29T20:03:16.174+0000] {processor.py:186} INFO - Started process (PID=6999) to work on /home/ec2-user/environment/lab4_model_training/dags/ml_pipeline_dag.py
[2026-03-29T20:03:16.176+0000] {processor.py:914} INFO - Processing file /home/ec2-user/environment/lab4_model_training/dags/ml_pipeline_dag.py for tasks to queue
[2026-03-29T20:03:16.177+0000] {logging_mixin.py:190} INFO - [2026-03-29T20:03:16.177+0000] {dagbag.py:588} INFO - Filling up the DagBag from /home/ec2-user/environment/lab4_model_training/dags/ml_pipeline_dag.py
[2026-03-29T20:03:17.381+0000] {processor.py:925} INFO - DAG(s) 'ml_pipeline' retrieved from /home/ec2-user/environment/lab4_model_training/dags/ml_pipeline_dag.py
[2026-03-29T20:03:17.394+0000] {logging_mixin.py:190} INFO - [2026-03-29T20:03:17.393+0000] {dag.py:3239} INFO - Sync 1 DAGs
[2026-03-29T20:03:17.402+0000] {logging_mixin.py:190} INFO - [2026-03-29T20:03:17.402+0000] {dag.py:4180} INFO - Setting next_dagrun for ml_pipeline to None, run_after=None
[2026-03-29T20:03:17.418+0000] {processor.py:208} INFO - Processing /home/ec2-user/environment/lab4_model_training/dags/ml_pipeline_dag.py took 1.249 seconds
[2026-03-29T20:03:47.697+0000] {processor.py:186} INFO - Started process (PID=7011) to work on /home/ec2-user/environment/lab4_model_training/dags/ml_pipeline_dag.py
[2026-03-29T20:03:47.698+0000] {processor.py:914} INFO - Processing file /home/ec2-user/environment/lab4_model_training/dags/ml_pipeline_dag.py for tasks to queue
[2026-03-29T20:03:47.700+0000] {logging_mixin.py:190} INFO - [2026-03-29T20:03:47.699+0000] {dagbag.py:588} INFO - Filling up the DagBag from /home/ec2-user/environment/lab4_model_training/dags/ml_pipeline_dag.py
[2026-03-29T20:03:48.906+0000] {processor.py:925} INFO - DAG(s) 'ml_pipeline' retrieved from /home/ec2-user/environment/lab4_model_training/dags/ml_pipeline_dag.py
[2026-03-29T20:03:48.919+0000] {logging_mixin.py:190} INFO - [2026-03-29T20:03:48.918+0000] {dag.py:3239} INFO - Sync 1 DAGs
[2026-03-29T20:03:48.927+0000] {logging_mixin.py:190} INFO - [2026-03-29T20:03:48.927+0000] {dag.py:4180} INFO - Setting next_dagrun for ml_pipeline to None, run_after=None
[2026-03-29T20:03:48.945+0000] {processor.py:208} INFO - Processing /home/ec2-user/environment/lab4_model_training/dags/ml_pipeline_dag.py took 1.252 seconds
[2026-03-29T20:04:19.199+0000] {processor.py:186} INFO - Started process (PID=7085) to work on /home/ec2-user/environment/lab4_model_training/dags/ml_pipeline_dag.py
[2026-03-29T20:04:19.200+0000] {processor.py:914} INFO - Processing file /home/ec2-user/environment/lab4_model_training/dags/ml_pipeline_dag.py for tasks to queue
[2026-03-29T20:04:19.202+0000] {logging_mixin.py:190} INFO - [2026-03-29T20:04:19.201+0000] {dagbag.py:588} INFO - Filling up the DagBag from /home/ec2-user/environment/lab4_model_training/dags/ml_pipeline_dag.py
[2026-03-29T20:04:20.411+0000] {processor.py:925} INFO - DAG(s) 'ml_pipeline' retrieved from /home/ec2-user/environment/lab4_model_training/dags/ml_pipeline_dag.py
[2026-03-29T20:04:20.423+0000] {logging_mixin.py:190} INFO - [2026-03-29T20:04:20.423+0000] {dag.py:3239} INFO - Sync 1 DAGs
[2026-03-29T20:04:20.433+0000] {logging_mixin.py:190} INFO - [2026-03-29T20:04:20.432+0000] {dag.py:4180} INFO - Setting next_dagrun for ml_pipeline to None, run_after=None
[2026-03-29T20:04:20.449+0000] {processor.py:208} INFO - Processing /home/ec2-user/environment/lab4_model_training/dags/ml_pipeline_dag.py took 1.255 seconds
[2026-03-29T20:04:50.719+0000] {processor.py:186} INFO - Started process (PID=7103) to work on /home/ec2-user/environment/lab4_model_training/dags/ml_pipeline_dag.py
[2026-03-29T20:04:50.720+0000] {processor.py:914} INFO - Processing file /home/ec2-user/environment/lab4_model_training/dags/ml_pipeline_dag.py for tasks to queue
[2026-03-29T20:04:50.722+0000] {logging_mixin.py:190} INFO - [2026-03-29T20:04:50.721+0000] {dagbag.py:588} INFO - Filling up the DagBag from /home/ec2-user/environment/lab4_model_training/dags/ml_pipeline_dag.py
[2026-03-29T20:04:51.929+0000] {processor.py:925} INFO - DAG(s) 'ml_pipeline' retrieved from /home/ec2-user/environment/lab4_model_training/dags/ml_pipeline_dag.py
[2026-03-29T20:04:51.942+0000] {logging_mixin.py:190} INFO - [2026-03-29T20:04:51.941+0000] {dag.py:3239} INFO - Sync 1 DAGs
[2026-03-29T20:04:51.951+0000] {logging_mixin.py:190} INFO - [2026-03-29T20:04:51.951+0000] {dag.py:4180} INFO - Setting next_dagrun for ml_pipeline to None, run_after=None
[2026-03-29T20:04:51.969+0000] {processor.py:208} INFO - Processing /home/ec2-user/environment/lab4_model_training/dags/ml_pipeline_dag.py took 1.255 seconds
[2026-03-29T20:05:22.238+0000] {processor.py:186} INFO - Started process (PID=7127) to work on /home/ec2-user/environment/lab4_model_training/dags/ml_pipeline_dag.py
[2026-03-29T20:05:22.240+0000] {processor.py:914} INFO - Processing file /home/ec2-user/environment/lab4_model_training/dags/ml_pipeline_dag.py for tasks to queue
[2026-03-29T20:05:22.241+0000] {logging_mixin.py:190} INFO - [2026-03-29T20:05:22.241+0000] {dagbag.py:588} INFO - Filling up the DagBag from /home/ec2-user/environment/lab4_model_training/dags/ml_pipeline_dag.py
[2026-03-29T20:05:23.446+0000] {processor.py:925} INFO - DAG(s) 'ml_pipeline' retrieved from /home/ec2-user/environment/lab4_model_training/dags/ml_pipeline_dag.py
[2026-03-29T20:05:23.459+0000] {logging_mixin.py:190} INFO - [2026-03-29T20:05:23.458+0000] {dag.py:3239} INFO - Sync 1 DAGs
[2026-03-29T20:05:23.468+0000] {logging_mixin.py:190} INFO - [2026-03-29T20:05:23.468+0000] {dag.py:4180} INFO - Setting next_dagrun for ml_pipeline to None, run_after=None
[2026-03-29T20:05:23.484+0000] {processor.py:208} INFO - Processing /home/ec2-user/environment/lab4_model_training/dags/ml_pipeline_dag.py took 1.252 seconds
[2026-03-29T20:05:54.115+0000] {processor.py:186} INFO - Started process (PID=7139) to work on /home/ec2-user/environment/lab4_model_training/dags/ml_pipeline_dag.py
[2026-03-29T20:05:54.116+0000] {processor.py:914} INFO - Processing file /home/ec2-user/environment/lab4_model_training/dags/ml_pipeline_dag.py for tasks to queue
[2026-03-29T20:05:54.118+0000] {logging_mixin.py:190} INFO - [2026-03-29T20:05:54.117+0000] {dagbag.py:588} INFO - Filling up the DagBag from /home/ec2-user/environment/lab4_model_training/dags/ml_pipeline_dag.py
[2026-03-29T20:05:55.322+0000] {processor.py:925} INFO - DAG(s) 'ml_pipeline' retrieved from /home/ec2-user/environment/lab4_model_training/dags/ml_pipeline_dag.py
[2026-03-29T20:05:55.336+0000] {logging_mixin.py:190} INFO - [2026-03-29T20:05:55.335+0000] {dag.py:3239} INFO - Sync 1 DAGs
[2026-03-29T20:05:55.344+0000] {logging_mixin.py:190} INFO - [2026-03-29T20:05:55.344+0000] {dag.py:4180} INFO - Setting next_dagrun for ml_pipeline to None, run_after=None
[2026-03-29T20:05:55.364+0000] {processor.py:208} INFO - Processing /home/ec2-user/environment/lab4_model_training/dags/ml_pipeline_dag.py took 1.254 seconds
[2026-03-29T20:06:25.951+0000] {processor.py:186} INFO - Started process (PID=7211) to work on /home/ec2-user/environment/lab4_model_training/dags/ml_pipeline_dag.py
[2026-03-29T20:06:25.952+0000] {processor.py:914} INFO - Processing file /home/ec2-user/environment/lab4_model_training/dags/ml_pipeline_dag.py for tasks to queue
[2026-03-29T20:06:25.955+0000] {logging_mixin.py:190} INFO - [2026-03-29T20:06:25.954+0000] {dagbag.py:588} INFO - Filling up the DagBag from /home/ec2-user/environment/lab4_model_training/dags/ml_pipeline_dag.py
[2026-03-29T20:06:27.182+0000] {processor.py:925} INFO - DAG(s) 'ml_pipeline' retrieved from /home/ec2-user/environment/lab4_model_training/dags/ml_pipeline_dag.py
[2026-03-29T20:06:27.196+0000] {logging_mixin.py:190} INFO - [2026-03-29T20:06:27.195+0000] {dag.py:3239} INFO - Sync 1 DAGs
[2026-03-29T20:06:27.204+0000] {logging_mixin.py:190} INFO - [2026-03-29T20:06:27.204+0000] {dag.py:4180} INFO - Setting next_dagrun for ml_pipeline to None, run_after=None
[2026-03-29T20:06:27.220+0000] {processor.py:208} INFO - Processing /home/ec2-user/environment/lab4_model_training/dags/ml_pipeline_dag.py took 1.274 seconds
[2026-03-29T20:06:57.374+0000] {processor.py:186} INFO - Started process (PID=7223) to work on /home/ec2-user/environment/lab4_model_training/dags/ml_pipeline_dag.py
[2026-03-29T20:06:57.376+0000] {processor.py:914} INFO - Processing file /home/ec2-user/environment/lab4_model_training/dags/ml_pipeline_dag.py for tasks to queue
[2026-03-29T20:06:57.377+0000] {logging_mixin.py:190} INFO - [2026-03-29T20:06:57.377+0000] {dagbag.py:588} INFO - Filling up the DagBag from /home/ec2-user/environment/lab4_model_training/dags/ml_pipeline_dag.py
[2026-03-29T20:06:58.582+0000] {processor.py:925} INFO - DAG(s) 'ml_pipeline' retrieved from /home/ec2-user/environment/lab4_model_training/dags/ml_pipeline_dag.py
[2026-03-29T20:06:58.594+0000] {logging_mixin.py:190} INFO - [2026-03-29T20:06:58.594+0000] {dag.py:3239} INFO - Sync 1 DAGs
[2026-03-29T20:06:58.602+0000] {logging_mixin.py:190} INFO - [2026-03-29T20:06:58.602+0000] {dag.py:4180} INFO - Setting next_dagrun for ml_pipeline to None, run_after=None
[2026-03-29T20:06:58.618+0000] {processor.py:208} INFO - Processing /home/ec2-user/environment/lab4_model_training/dags/ml_pipeline_dag.py took 1.249 seconds
[2026-03-29T20:07:29.300+0000] {processor.py:186} INFO - Started process (PID=7247) to work on /home/ec2-user/environment/lab4_model_training/dags/ml_pipeline_dag.py
[2026-03-29T20:07:29.301+0000] {processor.py:914} INFO - Processing file /home/ec2-user/environment/lab4_model_training/dags/ml_pipeline_dag.py for tasks to queue
[2026-03-29T20:07:29.303+0000] {logging_mixin.py:190} INFO - [2026-03-29T20:07:29.302+0000] {dagbag.py:588} INFO - Filling up the DagBag from /home/ec2-user/environment/lab4_model_training/dags/ml_pipeline_dag.py
[2026-03-29T20:07:30.505+0000] {processor.py:925} INFO - DAG(s) 'ml_pipeline' retrieved from /home/ec2-user/environment/lab4_model_training/dags/ml_pipeline_dag.py
[2026-03-29T20:07:30.518+0000] {logging_mixin.py:190} INFO - [2026-03-29T20:07:30.517+0000] {dag.py:3239} INFO - Sync 1 DAGs
[2026-03-29T20:07:30.526+0000] {logging_mixin.py:190} INFO - [2026-03-29T20:07:30.526+0000] {dag.py:4180} INFO - Setting next_dagrun for ml_pipeline to None, run_after=None
[2026-03-29T20:07:30.542+0000] {processor.py:208} INFO - Processing /home/ec2-user/environment/lab4_model_training/dags/ml_pipeline_dag.py took 1.247 seconds
[2026-03-29T20:08:00.990+0000] {processor.py:186} INFO - Started process (PID=7259) to work on /home/ec2-user/environment/lab4_model_training/dags/ml_pipeline_dag.py
[2026-03-29T20:08:00.991+0000] {processor.py:914} INFO - Processing file /home/ec2-user/environment/lab4_model_training/dags/ml_pipeline_dag.py for tasks to queue
[2026-03-29T20:08:00.992+0000] {logging_mixin.py:190} INFO - [2026-03-29T20:08:00.992+0000] {dagbag.py:588} INFO - Filling up the DagBag from /home/ec2-user/environment/lab4_model_training/dags/ml_pipeline_dag.py
[2026-03-29T20:08:02.224+0000] {processor.py:925} INFO - DAG(s) 'ml_pipeline' retrieved from /home/ec2-user/environment/lab4_model_training/dags/ml_pipeline_dag.py
[2026-03-29T20:08:02.236+0000] {logging_mixin.py:190} INFO - [2026-03-29T20:08:02.236+0000] {dag.py:3239} INFO - Sync 1 DAGs
[2026-03-29T20:08:02.244+0000] {logging_mixin.py:190} INFO - [2026-03-29T20:08:02.244+0000] {dag.py:4180} INFO - Setting next_dagrun for ml_pipeline to None, run_after=None
[2026-03-29T20:08:02.261+0000] {processor.py:208} INFO - Processing /home/ec2-user/environment/lab4_model_training/dags/ml_pipeline_dag.py took 1.276 seconds
[2026-03-29T20:08:32.405+0000] {processor.py:186} INFO - Started process (PID=7332) to work on /home/ec2-user/environment/lab4_model_training/dags/ml_pipeline_dag.py
[2026-03-29T20:08:32.406+0000] {processor.py:914} INFO - Processing file /home/ec2-user/environment/lab4_model_training/dags/ml_pipeline_dag.py for tasks to queue
[2026-03-29T20:08:32.407+0000] {logging_mixin.py:190} INFO - [2026-03-29T20:08:32.407+0000] {dagbag.py:588} INFO - Filling up the DagBag from /home/ec2-user/environment/lab4_model_training/dags/ml_pipeline_dag.py
[2026-03-29T20:08:33.626+0000] {processor.py:925} INFO - DAG(s) 'ml_pipeline' retrieved from /home/ec2-user/environment/lab4_model_training/dags/ml_pipeline_dag.py
[2026-03-29T20:08:33.638+0000] {logging_mixin.py:190} INFO - [2026-03-29T20:08:33.638+0000] {dag.py:3239} INFO - Sync 1 DAGs
[2026-03-29T20:08:33.647+0000] {logging_mixin.py:190} INFO - [2026-03-29T20:08:33.647+0000] {dag.py:4180} INFO - Setting next_dagrun for ml_pipeline to None, run_after=None
[2026-03-29T20:08:33.667+0000] {processor.py:208} INFO - Processing /home/ec2-user/environment/lab4_model_training/dags/ml_pipeline_dag.py took 1.267 seconds
[2026-03-29T20:09:03.808+0000] {processor.py:186} INFO - Started process (PID=7397) to work on /home/ec2-user/environment/lab4_model_training/dags/ml_pipeline_dag.py
[2026-03-29T20:09:03.810+0000] {processor.py:914} INFO - Processing file /home/ec2-user/environment/lab4_model_training/dags/ml_pipeline_dag.py for tasks to queue
[2026-03-29T20:09:03.811+0000] {logging_mixin.py:190} INFO - [2026-03-29T20:09:03.811+0000] {dagbag.py:588} INFO - Filling up the DagBag from /home/ec2-user/environment/lab4_model_training/dags/ml_pipeline_dag.py
[2026-03-29T20:09:05.012+0000] {processor.py:925} INFO - DAG(s) 'ml_pipeline' retrieved from /home/ec2-user/environment/lab4_model_training/dags/ml_pipeline_dag.py
[2026-03-29T20:09:05.024+0000] {logging_mixin.py:190} INFO - [2026-03-29T20:09:05.024+0000] {dag.py:3239} INFO - Sync 1 DAGs
[2026-03-29T20:09:05.033+0000] {logging_mixin.py:190} INFO - [2026-03-29T20:09:05.033+0000] {dag.py:4180} INFO - Setting next_dagrun for ml_pipeline to None, run_after=None
[2026-03-29T20:09:05.048+0000] {processor.py:208} INFO - Processing /home/ec2-user/environment/lab4_model_training/dags/ml_pipeline_dag.py took 1.245 seconds
[2026-03-29T20:09:35.208+0000] {processor.py:186} INFO - Started process (PID=7413) to work on /home/ec2-user/environment/lab4_model_training/dags/ml_pipeline_dag.py
[2026-03-29T20:09:35.210+0000] {processor.py:914} INFO - Processing file /home/ec2-user/environment/lab4_model_training/dags/ml_pipeline_dag.py for tasks to queue
[2026-03-29T20:09:35.211+0000] {logging_mixin.py:190} INFO - [2026-03-29T20:09:35.210+0000] {dagbag.py:588} INFO - Filling up the DagBag from /home/ec2-user/environment/lab4_model_training/dags/ml_pipeline_dag.py
[2026-03-29T20:09:36.410+0000] {processor.py:925} INFO - DAG(s) 'ml_pipeline' retrieved from /home/ec2-user/environment/lab4_model_training/dags/ml_pipeline_dag.py
[2026-03-29T20:09:36.422+0000] {logging_mixin.py:190} INFO - [2026-03-29T20:09:36.421+0000] {dag.py:3239} INFO - Sync 1 DAGs
[2026-03-29T20:09:36.431+0000] {logging_mixin.py:190} INFO - [2026-03-29T20:09:36.431+0000] {dag.py:4180} INFO - Setting next_dagrun for ml_pipeline to None, run_after=None
[2026-03-29T20:09:36.446+0000] {processor.py:208} INFO - Processing /home/ec2-user/environment/lab4_model_training/dags/ml_pipeline_dag.py took 1.243 seconds
[2026-03-29T20:10:06.607+0000] {processor.py:186} INFO - Started process (PID=7435) to work on /home/ec2-user/environment/lab4_model_training/dags/ml_pipeline_dag.py
[2026-03-29T20:10:06.608+0000] {processor.py:914} INFO - Processing file /home/ec2-user/environment/lab4_model_training/dags/ml_pipeline_dag.py for tasks to queue
[2026-03-29T20:10:06.609+0000] {logging_mixin.py:190} INFO - [2026-03-29T20:10:06.609+0000] {dagbag.py:588} INFO - Filling up the DagBag from /home/ec2-user/environment/lab4_model_training/dags/ml_pipeline_dag.py
[2026-03-29T20:10:07.820+0000] {processor.py:925} INFO - DAG(s) 'ml_pipeline' retrieved from /home/ec2-user/environment/lab4_model_training/dags/ml_pipeline_dag.py
[2026-03-29T20:10:07.833+0000] {logging_mixin.py:190} INFO - [2026-03-29T20:10:07.833+0000] {dag.py:3239} INFO - Sync 1 DAGs
[2026-03-29T20:10:07.841+0000] {logging_mixin.py:190} INFO - [2026-03-29T20:10:07.841+0000] {dag.py:4180} INFO - Setting next_dagrun for ml_pipeline to None, run_after=None
[2026-03-29T20:10:07.856+0000] {processor.py:208} INFO - Processing /home/ec2-user/environment/lab4_model_training/dags/ml_pipeline_dag.py took 1.254 seconds
[2026-03-29T20:10:38.023+0000] {processor.py:186} INFO - Started process (PID=7496) to work on /home/ec2-user/environment/lab4_model_training/dags/ml_pipeline_dag.py
[2026-03-29T20:10:38.024+0000] {processor.py:914} INFO - Processing file /home/ec2-user/environment/lab4_model_training/dags/ml_pipeline_dag.py for tasks to queue
[2026-03-29T20:10:38.025+0000] {logging_mixin.py:190} INFO - [2026-03-29T20:10:38.025+0000] {dagbag.py:588} INFO - Filling up the DagBag from /home/ec2-user/environment/lab4_model_training/dags/ml_pipeline_dag.py
[2026-03-29T20:10:39.232+0000] {processor.py:925} INFO - DAG(s) 'ml_pipeline' retrieved from /home/ec2-user/environment/lab4_model_training/dags/ml_pipeline_dag.py
[2026-03-29T20:10:39.245+0000] {logging_mixin.py:190} INFO - [2026-03-29T20:10:39.244+0000] {dag.py:3239} INFO - Sync 1 DAGs
[2026-03-29T20:10:39.253+0000] {logging_mixin.py:190} INFO - [2026-03-29T20:10:39.253+0000] {dag.py:4180} INFO - Setting next_dagrun for ml_pipeline to None, run_after=None
[2026-03-29T20:10:39.268+0000] {processor.py:208} INFO - Processing /home/ec2-user/environment/lab4_model_training/dags/ml_pipeline_dag.py took 1.251 seconds
[2026-03-29T20:11:09.422+0000] {processor.py:186} INFO - Started process (PID=7517) to work on /home/ec2-user/environment/lab4_model_training/dags/ml_pipeline_dag.py
[2026-03-29T20:11:09.423+0000] {processor.py:914} INFO - Processing file /home/ec2-user/environment/lab4_model_training/dags/ml_pipeline_dag.py for tasks to queue
[2026-03-29T20:11:09.424+0000] {logging_mixin.py:190} INFO - [2026-03-29T20:11:09.424+0000] {dagbag.py:588} INFO - Filling up the DagBag from /home/ec2-user/environment/lab4_model_training/dags/ml_pipeline_dag.py
[2026-03-29T20:11:10.625+0000] {processor.py:925} INFO - DAG(s) 'ml_pipeline' retrieved from /home/ec2-user/environment/lab4_model_training/dags/ml_pipeline_dag.py
[2026-03-29T20:11:10.637+0000] {logging_mixin.py:190} INFO - [2026-03-29T20:11:10.636+0000] {dag.py:3239} INFO - Sync 1 DAGs
[2026-03-29T20:11:10.645+0000] {logging_mixin.py:190} INFO - [2026-03-29T20:11:10.644+0000] {dag.py:4180} INFO - Setting next_dagrun for ml_pipeline to None, run_after=None
[2026-03-29T20:11:10.660+0000] {processor.py:208} INFO - Processing /home/ec2-user/environment/lab4_model_training/dags/ml_pipeline_dag.py took 1.242 seconds
[2026-03-29T20:11:40.824+0000] {processor.py:186} INFO - Started process (PID=7529) to work on /home/ec2-user/environment/lab4_model_training/dags/ml_pipeline_dag.py
[2026-03-29T20:11:40.825+0000] {processor.py:914} INFO - Processing file /home/ec2-user/environment/lab4_model_training/dags/ml_pipeline_dag.py for tasks to queue
[2026-03-29T20:11:40.826+0000] {logging_mixin.py:190} INFO - [2026-03-29T20:11:40.826+0000] {dagbag.py:588} INFO - Filling up the DagBag from /home/ec2-user/environment/lab4_model_training/dags/ml_pipeline_dag.py
[2026-03-29T20:11:42.028+0000] {processor.py:925} INFO - DAG(s) 'ml_pipeline' retrieved from /home/ec2-user/environment/lab4_model_training/dags/ml_pipeline_dag.py
[2026-03-29T20:11:42.039+0000] {logging_mixin.py:190} INFO - [2026-03-29T20:11:42.039+0000] {dag.py:3239} INFO - Sync 1 DAGs
[2026-03-29T20:11:42.048+0000] {logging_mixin.py:190} INFO - [2026-03-29T20:11:42.047+0000] {dag.py:4180} INFO - Setting next_dagrun for ml_pipeline to None, run_after=None
[2026-03-29T20:11:42.063+0000] {processor.py:208} INFO - Processing /home/ec2-user/environment/lab4_model_training/dags/ml_pipeline_dag.py took 1.245 seconds
[2026-03-29T20:12:12.148+0000] {processor.py:186} INFO - Started process (PID=7550) to work on /home/ec2-user/environment/lab4_model_training/dags/ml_pipeline_dag.py
[2026-03-29T20:12:12.149+0000] {processor.py:914} INFO - Processing file /home/ec2-user/environment/lab4_model_training/dags/ml_pipeline_dag.py for tasks to queue
[2026-03-29T20:12:12.150+0000] {logging_mixin.py:190} INFO - [2026-03-29T20:12:12.149+0000] {dagbag.py:588} INFO - Filling up the DagBag from /home/ec2-user/environment/lab4_model_training/dags/ml_pipeline_dag.py
[2026-03-29T20:12:13.369+0000] {processor.py:925} INFO - DAG(s) 'ml_pipeline' retrieved from /home/ec2-user/environment/lab4_model_training/dags/ml_pipeline_dag.py
[2026-03-29T20:12:13.381+0000] {logging_mixin.py:190} INFO - [2026-03-29T20:12:13.380+0000] {dag.py:3239} INFO - Sync 1 DAGs
[2026-03-29T20:12:13.389+0000] {logging_mixin.py:190} INFO - [2026-03-29T20:12:13.389+0000] {dag.py:4180} INFO - Setting next_dagrun for ml_pipeline to None, run_after=None
[2026-03-29T20:12:13.404+0000] {processor.py:208} INFO - Processing /home/ec2-user/environment/lab4_model_training/dags/ml_pipeline_dag.py took 1.261 seconds
[2026-03-29T20:12:43.521+0000] {processor.py:186} INFO - Started process (PID=7610) to work on /home/ec2-user/environment/lab4_model_training/dags/ml_pipeline_dag.py
[2026-03-29T20:12:43.523+0000] {processor.py:914} INFO - Processing file /home/ec2-user/environment/lab4_model_training/dags/ml_pipeline_dag.py for tasks to queue
[2026-03-29T20:12:43.524+0000] {logging_mixin.py:190} INFO - [2026-03-29T20:12:43.523+0000] {dagbag.py:588} INFO - Filling up the DagBag from /home/ec2-user/environment/lab4_model_training/dags/ml_pipeline_dag.py
[2026-03-29T20:12:44.726+0000] {processor.py:925} INFO - DAG(s) 'ml_pipeline' retrieved from /home/ec2-user/environment/lab4_model_training/dags/ml_pipeline_dag.py
[2026-03-29T20:12:44.738+0000] {logging_mixin.py:190} INFO - [2026-03-29T20:12:44.737+0000] {dag.py:3239} INFO - Sync 1 DAGs
[2026-03-29T20:12:44.746+0000] {logging_mixin.py:190} INFO - [2026-03-29T20:12:44.746+0000] {dag.py:4180} INFO - Setting next_dagrun for ml_pipeline to None, run_after=None
[2026-03-29T20:12:44.762+0000] {processor.py:208} INFO - Processing /home/ec2-user/environment/lab4_model_training/dags/ml_pipeline_dag.py took 1.246 seconds
[2026-03-29T20:13:14.876+0000] {processor.py:186} INFO - Started process (PID=7631) to work on /home/ec2-user/environment/lab4_model_training/dags/ml_pipeline_dag.py
[2026-03-29T20:13:14.877+0000] {processor.py:914} INFO - Processing file /home/ec2-user/environment/lab4_model_training/dags/ml_pipeline_dag.py for tasks to queue
[2026-03-29T20:13:14.878+0000] {logging_mixin.py:190} INFO - [2026-03-29T20:13:14.878+0000] {dagbag.py:588} INFO - Filling up the DagBag from /home/ec2-user/environment/lab4_model_training/dags/ml_pipeline_dag.py
[2026-03-29T20:13:16.107+0000] {processor.py:925} INFO - DAG(s) 'ml_pipeline' retrieved from /home/ec2-user/environment/lab4_model_training/dags/ml_pipeline_dag.py
[2026-03-29T20:13:16.119+0000] {logging_mixin.py:190} INFO - [2026-03-29T20:13:16.119+0000] {dag.py:3239} INFO - Sync 1 DAGs
[2026-03-29T20:13:16.128+0000] {logging_mixin.py:190} INFO - [2026-03-29T20:13:16.128+0000] {dag.py:4180} INFO - Setting next_dagrun for ml_pipeline to None, run_after=None
[2026-03-29T20:13:16.143+0000] {processor.py:208} INFO - Processing /home/ec2-user/environment/lab4_model_training/dags/ml_pipeline_dag.py took 1.272 seconds
[2026-03-29T20:13:46.246+0000] {processor.py:186} INFO - Started process (PID=7643) to work on /home/ec2-user/environment/lab4_model_training/dags/ml_pipeline_dag.py
[2026-03-29T20:13:46.247+0000] {processor.py:914} INFO - Processing file /home/ec2-user/environment/lab4_model_training/dags/ml_pipeline_dag.py for tasks to queue
[2026-03-29T20:13:46.248+0000] {logging_mixin.py:190} INFO - [2026-03-29T20:13:46.248+0000] {dagbag.py:588} INFO - Filling up the DagBag from /home/ec2-user/environment/lab4_model_training/dags/ml_pipeline_dag.py
[2026-03-29T20:13:47.467+0000] {processor.py:925} INFO - DAG(s) 'ml_pipeline' retrieved from /home/ec2-user/environment/lab4_model_training/dags/ml_pipeline_dag.py
[2026-03-29T20:13:47.479+0000] {logging_mixin.py:190} INFO - [2026-03-29T20:13:47.479+0000] {dag.py:3239} INFO - Sync 1 DAGs
[2026-03-29T20:13:47.487+0000] {logging_mixin.py:190} INFO - [2026-03-29T20:13:47.487+0000] {dag.py:4180} INFO - Setting next_dagrun for ml_pipeline to None, run_after=None
[2026-03-29T20:13:47.503+0000] {processor.py:208} INFO - Processing /home/ec2-user/environment/lab4_model_training/dags/ml_pipeline_dag.py took 1.261 seconds
[2026-03-29T20:14:17.612+0000] {processor.py:186} INFO - Started process (PID=7950) to work on /home/ec2-user/environment/lab4_model_training/dags/ml_pipeline_dag.py
[2026-03-29T20:14:17.613+0000] {processor.py:914} INFO - Processing file /home/ec2-user/environment/lab4_model_training/dags/ml_pipeline_dag.py for tasks to queue
[2026-03-29T20:14:17.615+0000] {logging_mixin.py:190} INFO - [2026-03-29T20:14:17.615+0000] {dagbag.py:588} INFO - Filling up the DagBag from /home/ec2-user/environment/lab4_model_training/dags/ml_pipeline_dag.py
[2026-03-29T20:14:18.908+0000] {processor.py:925} INFO - DAG(s) 'ml_pipeline' retrieved from /home/ec2-user/environment/lab4_model_training/dags/ml_pipeline_dag.py
[2026-03-29T20:14:18.928+0000] {logging_mixin.py:190} INFO - [2026-03-29T20:14:18.927+0000] {dag.py:3239} INFO - Sync 1 DAGs
[2026-03-29T20:14:18.941+0000] {logging_mixin.py:190} INFO - [2026-03-29T20:14:18.941+0000] {dag.py:4180} INFO - Setting next_dagrun for ml_pipeline to None, run_after=None
[2026-03-29T20:14:18.962+0000] {processor.py:208} INFO - Processing /home/ec2-user/environment/lab4_model_training/dags/ml_pipeline_dag.py took 1.356 seconds
[2026-03-29T20:14:49.629+0000] {processor.py:186} INFO - Started process (PID=7986) to work on /home/ec2-user/environment/lab4_model_training/dags/ml_pipeline_dag.py
[2026-03-29T20:14:49.630+0000] {processor.py:914} INFO - Processing file /home/ec2-user/environment/lab4_model_training/dags/ml_pipeline_dag.py for tasks to queue
[2026-03-29T20:14:49.631+0000] {logging_mixin.py:190} INFO - [2026-03-29T20:14:49.630+0000] {dagbag.py:588} INFO - Filling up the DagBag from /home/ec2-user/environment/lab4_model_training/dags/ml_pipeline_dag.py
[2026-03-29T20:14:50.856+0000] {processor.py:925} INFO - DAG(s) 'ml_pipeline' retrieved from /home/ec2-user/environment/lab4_model_training/dags/ml_pipeline_dag.py
[2026-03-29T20:14:50.869+0000] {logging_mixin.py:190} INFO - [2026-03-29T20:14:50.868+0000] {dag.py:3239} INFO - Sync 1 DAGs
[2026-03-29T20:14:50.877+0000] {logging_mixin.py:190} INFO - [2026-03-29T20:14:50.877+0000] {dag.py:4180} INFO - Setting next_dagrun for ml_pipeline to None, run_after=None
[2026-03-29T20:14:50.892+0000] {processor.py:208} INFO - Processing /home/ec2-user/environment/lab4_model_training/dags/ml_pipeline_dag.py took 1.268 seconds
[2026-03-29T20:15:21.001+0000] {processor.py:186} INFO - Started process (PID=8077) to work on /home/ec2-user/environment/lab4_model_training/dags/ml_pipeline_dag.py
[2026-03-29T20:15:21.002+0000] {processor.py:914} INFO - Processing file /home/ec2-user/environment/lab4_model_training/dags/ml_pipeline_dag.py for tasks to queue
[2026-03-29T20:15:21.003+0000] {logging_mixin.py:190} INFO - [2026-03-29T20:15:21.003+0000] {dagbag.py:588} INFO - Filling up the DagBag from /home/ec2-user/environment/lab4_model_training/dags/ml_pipeline_dag.py
[2026-03-29T20:15:22.232+0000] {processor.py:925} INFO - DAG(s) 'ml_pipeline' retrieved from /home/ec2-user/environment/lab4_model_training/dags/ml_pipeline_dag.py
[2026-03-29T20:15:22.244+0000] {logging_mixin.py:190} INFO - [2026-03-29T20:15:22.244+0000] {dag.py:3239} INFO - Sync 1 DAGs
[2026-03-29T20:15:22.252+0000] {logging_mixin.py:190} INFO - [2026-03-29T20:15:22.252+0000] {dag.py:4180} INFO - Setting next_dagrun for ml_pipeline to None, run_after=None
[2026-03-29T20:15:22.268+0000] {processor.py:208} INFO - Processing /home/ec2-user/environment/lab4_model_training/dags/ml_pipeline_dag.py took 1.271 seconds
[2026-03-29T20:15:52.376+0000] {processor.py:186} INFO - Started process (PID=8111) to work on /home/ec2-user/environment/lab4_model_training/dags/ml_pipeline_dag.py
[2026-03-29T20:15:52.377+0000] {processor.py:914} INFO - Processing file /home/ec2-user/environment/lab4_model_training/dags/ml_pipeline_dag.py for tasks to queue
[2026-03-29T20:15:52.378+0000] {logging_mixin.py:190} INFO - [2026-03-29T20:15:52.378+0000] {dagbag.py:588} INFO - Filling up the DagBag from /home/ec2-user/environment/lab4_model_training/dags/ml_pipeline_dag.py
[2026-03-29T20:15:53.652+0000] {processor.py:925} INFO - DAG(s) 'ml_pipeline' retrieved from /home/ec2-user/environment/lab4_model_training/dags/ml_pipeline_dag.py
[2026-03-29T20:15:53.664+0000] {logging_mixin.py:190} INFO - [2026-03-29T20:15:53.663+0000] {dag.py:3239} INFO - Sync 1 DAGs
[2026-03-29T20:15:53.672+0000] {logging_mixin.py:190} INFO - [2026-03-29T20:15:53.672+0000] {dag.py:4180} INFO - Setting next_dagrun for ml_pipeline to None, run_after=None
[2026-03-29T20:15:53.687+0000] {processor.py:208} INFO - Processing /home/ec2-user/environment/lab4_model_training/dags/ml_pipeline_dag.py took 1.317 seconds
[2026-03-29T20:16:23.845+0000] {processor.py:186} INFO - Started process (PID=8161) to work on /home/ec2-user/environment/lab4_model_training/dags/ml_pipeline_dag.py
[2026-03-29T20:16:23.847+0000] {processor.py:914} INFO - Processing file /home/ec2-user/environment/lab4_model_training/dags/ml_pipeline_dag.py for tasks to queue
[2026-03-29T20:16:23.848+0000] {logging_mixin.py:190} INFO - [2026-03-29T20:16:23.847+0000] {dagbag.py:588} INFO - Filling up the DagBag from /home/ec2-user/environment/lab4_model_training/dags/ml_pipeline_dag.py
[2026-03-29T20:16:25.056+0000] {processor.py:925} INFO - DAG(s) 'ml_pipeline' retrieved from /home/ec2-user/environment/lab4_model_training/dags/ml_pipeline_dag.py
[2026-03-29T20:16:25.068+0000] {logging_mixin.py:190} INFO - [2026-03-29T20:16:25.068+0000] {dag.py:3239} INFO - Sync 1 DAGs
[2026-03-29T20:16:25.076+0000] {logging_mixin.py:190} INFO - [2026-03-29T20:16:25.076+0000] {dag.py:4180} INFO - Setting next_dagrun for ml_pipeline to None, run_after=None
[2026-03-29T20:16:25.092+0000] {processor.py:208} INFO - Processing /home/ec2-user/environment/lab4_model_training/dags/ml_pipeline_dag.py took 1.252 seconds
[2026-03-29T20:16:55.208+0000] {processor.py:186} INFO - Started process (PID=8188) to work on /home/ec2-user/environment/lab4_model_training/dags/ml_pipeline_dag.py
[2026-03-29T20:16:55.209+0000] {processor.py:914} INFO - Processing file /home/ec2-user/environment/lab4_model_training/dags/ml_pipeline_dag.py for tasks to queue
[2026-03-29T20:16:55.210+0000] {logging_mixin.py:190} INFO - [2026-03-29T20:16:55.210+0000] {dagbag.py:588} INFO - Filling up the DagBag from /home/ec2-user/environment/lab4_model_training/dags/ml_pipeline_dag.py
[2026-03-29T20:16:56.437+0000] {processor.py:925} INFO - DAG(s) 'ml_pipeline' retrieved from /home/ec2-user/environment/lab4_model_training/dags/ml_pipeline_dag.py
[2026-03-29T20:16:56.449+0000] {logging_mixin.py:190} INFO - [2026-03-29T20:16:56.448+0000] {dag.py:3239} INFO - Sync 1 DAGs
[2026-03-29T20:16:56.457+0000] {logging_mixin.py:190} INFO - [2026-03-29T20:16:56.457+0000] {dag.py:4180} INFO - Setting next_dagrun for ml_pipeline to None, run_after=None
[2026-03-29T20:16:56.473+0000] {processor.py:208} INFO - Processing /home/ec2-user/environment/lab4_model_training/dags/ml_pipeline_dag.py took 1.271 seconds
[2026-03-29T20:17:26.572+0000] {processor.py:186} INFO - Started process (PID=8276) to work on /home/ec2-user/environment/lab4_model_training/dags/ml_pipeline_dag.py
[2026-03-29T20:17:26.572+0000] {processor.py:914} INFO - Processing file /home/ec2-user/environment/lab4_model_training/dags/ml_pipeline_dag.py for tasks to queue
[2026-03-29T20:17:26.574+0000] {logging_mixin.py:190} INFO - [2026-03-29T20:17:26.573+0000] {dagbag.py:588} INFO - Filling up the DagBag from /home/ec2-user/environment/lab4_model_training/dags/ml_pipeline_dag.py
[2026-03-29T20:17:27.773+0000] {processor.py:925} INFO - DAG(s) 'ml_pipeline' retrieved from /home/ec2-user/environment/lab4_model_training/dags/ml_pipeline_dag.py
[2026-03-29T20:17:27.784+0000] {logging_mixin.py:190} INFO - [2026-03-29T20:17:27.784+0000] {dag.py:3239} INFO - Sync 1 DAGs
[2026-03-29T20:17:27.793+0000] {logging_mixin.py:190} INFO - [2026-03-29T20:17:27.793+0000] {dag.py:4180} INFO - Setting next_dagrun for ml_pipeline to None, run_after=None
[2026-03-29T20:17:27.809+0000] {processor.py:208} INFO - Processing /home/ec2-user/environment/lab4_model_training/dags/ml_pipeline_dag.py took 1.244 seconds
[2026-03-29T20:17:57.933+0000] {processor.py:186} INFO - Started process (PID=8313) to work on /home/ec2-user/environment/lab4_model_training/dags/ml_pipeline_dag.py
[2026-03-29T20:17:57.934+0000] {processor.py:914} INFO - Processing file /home/ec2-user/environment/lab4_model_training/dags/ml_pipeline_dag.py for tasks to queue
[2026-03-29T20:17:57.935+0000] {logging_mixin.py:190} INFO - [2026-03-29T20:17:57.935+0000] {dagbag.py:588} INFO - Filling up the DagBag from /home/ec2-user/environment/lab4_model_training/dags/ml_pipeline_dag.py
[2026-03-29T20:17:59.135+0000] {processor.py:925} INFO - DAG(s) 'ml_pipeline' retrieved from /home/ec2-user/environment/lab4_model_training/dags/ml_pipeline_dag.py
[2026-03-29T20:17:59.148+0000] {logging_mixin.py:190} INFO - [2026-03-29T20:17:59.147+0000] {dag.py:3239} INFO - Sync 1 DAGs
[2026-03-29T20:17:59.156+0000] {logging_mixin.py:190} INFO - [2026-03-29T20:17:59.155+0000] {dag.py:4180} INFO - Setting next_dagrun for ml_pipeline to None, run_after=None
[2026-03-29T20:17:59.171+0000] {processor.py:208} INFO - Processing /home/ec2-user/environment/lab4_model_training/dags/ml_pipeline_dag.py took 1.243 seconds
[2026-03-29T20:18:29.406+0000] {processor.py:186} INFO - Started process (PID=8370) to work on /home/ec2-user/environment/lab4_model_training/dags/ml_pipeline_dag.py
[2026-03-29T20:18:29.407+0000] {processor.py:914} INFO - Processing file /home/ec2-user/environment/lab4_model_training/dags/ml_pipeline_dag.py for tasks to queue
[2026-03-29T20:18:29.408+0000] {logging_mixin.py:190} INFO - [2026-03-29T20:18:29.408+0000] {dagbag.py:588} INFO - Filling up the DagBag from /home/ec2-user/environment/lab4_model_training/dags/ml_pipeline_dag.py
[2026-03-29T20:18:30.616+0000] {processor.py:925} INFO - DAG(s) 'ml_pipeline' retrieved from /home/ec2-user/environment/lab4_model_training/dags/ml_pipeline_dag.py
[2026-03-29T20:18:30.628+0000] {logging_mixin.py:190} INFO - [2026-03-29T20:18:30.628+0000] {dag.py:3239} INFO - Sync 1 DAGs
[2026-03-29T20:18:30.636+0000] {logging_mixin.py:190} INFO - [2026-03-29T20:18:30.636+0000] {dag.py:4180} INFO - Setting next_dagrun for ml_pipeline to None, run_after=None
[2026-03-29T20:18:30.651+0000] {processor.py:208} INFO - Processing /home/ec2-user/environment/lab4_model_training/dags/ml_pipeline_dag.py took 1.249 seconds
[2026-03-29T20:19:01.479+0000] {processor.py:186} INFO - Started process (PID=8409) to work on /home/ec2-user/environment/lab4_model_training/dags/ml_pipeline_dag.py
[2026-03-29T20:19:01.479+0000] {processor.py:914} INFO - Processing file /home/ec2-user/environment/lab4_model_training/dags/ml_pipeline_dag.py for tasks to queue
[2026-03-29T20:19:01.480+0000] {logging_mixin.py:190} INFO - [2026-03-29T20:19:01.480+0000] {dagbag.py:588} INFO - Filling up the DagBag from /home/ec2-user/environment/lab4_model_training/dags/ml_pipeline_dag.py
[2026-03-29T20:19:02.686+0000] {processor.py:925} INFO - DAG(s) 'ml_pipeline' retrieved from /home/ec2-user/environment/lab4_model_training/dags/ml_pipeline_dag.py
[2026-03-29T20:19:02.698+0000] {logging_mixin.py:190} INFO - [2026-03-29T20:19:02.698+0000] {dag.py:3239} INFO - Sync 1 DAGs
[2026-03-29T20:19:02.706+0000] {logging_mixin.py:190} INFO - [2026-03-29T20:19:02.706+0000] {dag.py:4180} INFO - Setting next_dagrun for ml_pipeline to None, run_after=None
[2026-03-29T20:19:02.721+0000] {processor.py:208} INFO - Processing /home/ec2-user/environment/lab4_model_training/dags/ml_pipeline_dag.py took 1.248 seconds
[2026-03-29T20:19:33.511+0000] {processor.py:186} INFO - Started process (PID=8485) to work on /home/ec2-user/environment/lab4_model_training/dags/ml_pipeline_dag.py
[2026-03-29T20:19:33.512+0000] {processor.py:914} INFO - Processing file /home/ec2-user/environment/lab4_model_training/dags/ml_pipeline_dag.py for tasks to queue
[2026-03-29T20:19:33.513+0000] {logging_mixin.py:190} INFO - [2026-03-29T20:19:33.513+0000] {dagbag.py:588} INFO - Filling up the DagBag from /home/ec2-user/environment/lab4_model_training/dags/ml_pipeline_dag.py
[2026-03-29T20:19:34.721+0000] {processor.py:925} INFO - DAG(s) 'ml_pipeline' retrieved from /home/ec2-user/environment/lab4_model_training/dags/ml_pipeline_dag.py
[2026-03-29T20:19:34.733+0000] {logging_mixin.py:190} INFO - [2026-03-29T20:19:34.733+0000] {dag.py:3239} INFO - Sync 1 DAGs
[2026-03-29T20:19:34.741+0000] {logging_mixin.py:190} INFO - [2026-03-29T20:19:34.741+0000] {dag.py:4180} INFO - Setting next_dagrun for ml_pipeline to None, run_after=None
[2026-03-29T20:19:34.756+0000] {processor.py:208} INFO - Processing /home/ec2-user/environment/lab4_model_training/dags/ml_pipeline_dag.py took 1.250 seconds
[2026-03-29T20:20:05.368+0000] {processor.py:186} INFO - Started process (PID=8526) to work on /home/ec2-user/environment/lab4_model_training/dags/ml_pipeline_dag.py
[2026-03-29T20:20:05.369+0000] {processor.py:914} INFO - Processing file /home/ec2-user/environment/lab4_model_training/dags/ml_pipeline_dag.py for tasks to queue
[2026-03-29T20:20:05.370+0000] {logging_mixin.py:190} INFO - [2026-03-29T20:20:05.370+0000] {dagbag.py:588} INFO - Filling up the DagBag from /home/ec2-user/environment/lab4_model_training/dags/ml_pipeline_dag.py
[2026-03-29T20:20:06.601+0000] {processor.py:925} INFO - DAG(s) 'ml_pipeline' retrieved from /home/ec2-user/environment/lab4_model_training/dags/ml_pipeline_dag.py
[2026-03-29T20:20:06.613+0000] {logging_mixin.py:190} INFO - [2026-03-29T20:20:06.613+0000] {dag.py:3239} INFO - Sync 1 DAGs
[2026-03-29T20:20:06.621+0000] {logging_mixin.py:190} INFO - [2026-03-29T20:20:06.621+0000] {dag.py:4180} INFO - Setting next_dagrun for ml_pipeline to None, run_after=None
[2026-03-29T20:20:06.636+0000] {processor.py:208} INFO - Processing /home/ec2-user/environment/lab4_model_training/dags/ml_pipeline_dag.py took 1.273 seconds
[2026-03-29T20:20:37.243+0000] {processor.py:186} INFO - Started process (PID=8604) to work on /home/ec2-user/environment/lab4_model_training/dags/ml_pipeline_dag.py
[2026-03-29T20:20:37.244+0000] {processor.py:914} INFO - Processing file /home/ec2-user/environment/lab4_model_training/dags/ml_pipeline_dag.py for tasks to queue
[2026-03-29T20:20:37.245+0000] {logging_mixin.py:190} INFO - [2026-03-29T20:20:37.245+0000] {dagbag.py:588} INFO - Filling up the DagBag from /home/ec2-user/environment/lab4_model_training/dags/ml_pipeline_dag.py
[2026-03-29T20:20:38.465+0000] {processor.py:925} INFO - DAG(s) 'ml_pipeline' retrieved from /home/ec2-user/environment/lab4_model_training/dags/ml_pipeline_dag.py
[2026-03-29T20:20:38.477+0000] {logging_mixin.py:190} INFO - [2026-03-29T20:20:38.477+0000] {dag.py:3239} INFO - Sync 1 DAGs
[2026-03-29T20:20:38.485+0000] {logging_mixin.py:190} INFO - [2026-03-29T20:20:38.485+0000] {dag.py:4180} INFO - Setting next_dagrun for ml_pipeline to None, run_after=None
[2026-03-29T20:20:38.502+0000] {processor.py:208} INFO - Processing /home/ec2-user/environment/lab4_model_training/dags/ml_pipeline_dag.py took 1.264 seconds
[2026-03-29T20:21:09.118+0000] {processor.py:186} INFO - Started process (PID=8646) to work on /home/ec2-user/environment/lab4_model_training/dags/ml_pipeline_dag.py
[2026-03-29T20:21:09.119+0000] {processor.py:914} INFO - Processing file /home/ec2-user/environment/lab4_model_training/dags/ml_pipeline_dag.py for tasks to queue
[2026-03-29T20:21:09.120+0000] {logging_mixin.py:190} INFO - [2026-03-29T20:21:09.120+0000] {dagbag.py:588} INFO - Filling up the DagBag from /home/ec2-user/environment/lab4_model_training/dags/ml_pipeline_dag.py
[2026-03-29T20:21:10.323+0000] {processor.py:925} INFO - DAG(s) 'ml_pipeline' retrieved from /home/ec2-user/environment/lab4_model_training/dags/ml_pipeline_dag.py
[2026-03-29T20:21:10.335+0000] {logging_mixin.py:190} INFO - [2026-03-29T20:21:10.335+0000] {dag.py:3239} INFO - Sync 1 DAGs
[2026-03-29T20:21:10.343+0000] {logging_mixin.py:190} INFO - [2026-03-29T20:21:10.343+0000] {dag.py:4180} INFO - Setting next_dagrun for ml_pipeline to None, run_after=None
[2026-03-29T20:21:10.359+0000] {processor.py:208} INFO - Processing /home/ec2-user/environment/lab4_model_training/dags/ml_pipeline_dag.py took 1.246 seconds
[2026-03-29T20:21:40.764+0000] {processor.py:186} INFO - Started process (PID=8694) to work on /home/ec2-user/environment/lab4_model_training/dags/ml_pipeline_dag.py
[2026-03-29T20:21:40.765+0000] {processor.py:914} INFO - Processing file /home/ec2-user/environment/lab4_model_training/dags/ml_pipeline_dag.py for tasks to queue
[2026-03-29T20:21:40.766+0000] {logging_mixin.py:190} INFO - [2026-03-29T20:21:40.766+0000] {dagbag.py:588} INFO - Filling up the DagBag from /home/ec2-user/environment/lab4_model_training/dags/ml_pipeline_dag.py
[2026-03-29T20:21:41.977+0000] {processor.py:925} INFO - DAG(s) 'ml_pipeline' retrieved from /home/ec2-user/environment/lab4_model_training/dags/ml_pipeline_dag.py
[2026-03-29T20:21:41.989+0000] {logging_mixin.py:190} INFO - [2026-03-29T20:21:41.988+0000] {dag.py:3239} INFO - Sync 1 DAGs
[2026-03-29T20:21:41.998+0000] {logging_mixin.py:190} INFO - [2026-03-29T20:21:41.998+0000] {dag.py:4180} INFO - Setting next_dagrun for ml_pipeline to None, run_after=None
[2026-03-29T20:21:42.013+0000] {processor.py:208} INFO - Processing /home/ec2-user/environment/lab4_model_training/dags/ml_pipeline_dag.py took 1.255 seconds
[2026-03-29T20:22:12.638+0000] {processor.py:186} INFO - Started process (PID=8736) to work on /home/ec2-user/environment/lab4_model_training/dags/ml_pipeline_dag.py
[2026-03-29T20:22:12.639+0000] {processor.py:914} INFO - Processing file /home/ec2-user/environment/lab4_model_training/dags/ml_pipeline_dag.py for tasks to queue
[2026-03-29T20:22:12.640+0000] {logging_mixin.py:190} INFO - [2026-03-29T20:22:12.639+0000] {dagbag.py:588} INFO - Filling up the DagBag from /home/ec2-user/environment/lab4_model_training/dags/ml_pipeline_dag.py
[2026-03-29T20:22:13.852+0000] {processor.py:925} INFO - DAG(s) 'ml_pipeline' retrieved from /home/ec2-user/environment/lab4_model_training/dags/ml_pipeline_dag.py
[2026-03-29T20:22:13.865+0000] {logging_mixin.py:190} INFO - [2026-03-29T20:22:13.865+0000] {dag.py:3239} INFO - Sync 1 DAGs
[2026-03-29T20:22:13.873+0000] {logging_mixin.py:190} INFO - [2026-03-29T20:22:13.873+0000] {dag.py:4180} INFO - Setting next_dagrun for ml_pipeline to None, run_after=None
[2026-03-29T20:22:13.889+0000] {processor.py:208} INFO - Processing /home/ec2-user/environment/lab4_model_training/dags/ml_pipeline_dag.py took 1.256 seconds
[2026-03-29T20:22:44.514+0000] {processor.py:186} INFO - Started process (PID=8810) to work on /home/ec2-user/environment/lab4_model_training/dags/ml_pipeline_dag.py
[2026-03-29T20:22:44.515+0000] {processor.py:914} INFO - Processing file /home/ec2-user/environment/lab4_model_training/dags/ml_pipeline_dag.py for tasks to queue
[2026-03-29T20:22:44.516+0000] {logging_mixin.py:190} INFO - [2026-03-29T20:22:44.516+0000] {dagbag.py:588} INFO - Filling up the DagBag from /home/ec2-user/environment/lab4_model_training/dags/ml_pipeline_dag.py
[2026-03-29T20:22:45.724+0000] {processor.py:925} INFO - DAG(s) 'ml_pipeline' retrieved from /home/ec2-user/environment/lab4_model_training/dags/ml_pipeline_dag.py
[2026-03-29T20:22:45.736+0000] {logging_mixin.py:190} INFO - [2026-03-29T20:22:45.736+0000] {dag.py:3239} INFO - Sync 1 DAGs
[2026-03-29T20:22:45.744+0000] {logging_mixin.py:190} INFO - [2026-03-29T20:22:45.744+0000] {dag.py:4180} INFO - Setting next_dagrun for ml_pipeline to None, run_after=None
[2026-03-29T20:22:45.759+0000] {processor.py:208} INFO - Processing /home/ec2-user/environment/lab4_model_training/dags/ml_pipeline_dag.py took 1.251 seconds
[2026-03-29T20:23:16.388+0000] {processor.py:186} INFO - Started process (PID=8848) to work on /home/ec2-user/environment/lab4_model_training/dags/ml_pipeline_dag.py
[2026-03-29T20:23:16.389+0000] {processor.py:914} INFO - Processing file /home/ec2-user/environment/lab4_model_training/dags/ml_pipeline_dag.py for tasks to queue
[2026-03-29T20:23:16.390+0000] {logging_mixin.py:190} INFO - [2026-03-29T20:23:16.390+0000] {dagbag.py:588} INFO - Filling up the DagBag from /home/ec2-user/environment/lab4_model_training/dags/ml_pipeline_dag.py
[2026-03-29T20:23:17.597+0000] {processor.py:925} INFO - DAG(s) 'ml_pipeline' retrieved from /home/ec2-user/environment/lab4_model_training/dags/ml_pipeline_dag.py
[2026-03-29T20:23:17.609+0000] {logging_mixin.py:190} INFO - [2026-03-29T20:23:17.609+0000] {dag.py:3239} INFO - Sync 1 DAGs
[2026-03-29T20:23:17.617+0000] {logging_mixin.py:190} INFO - [2026-03-29T20:23:17.617+0000] {dag.py:4180} INFO - Setting next_dagrun for ml_pipeline to None, run_after=None
[2026-03-29T20:23:17.633+0000] {processor.py:208} INFO - Processing /home/ec2-user/environment/lab4_model_training/dags/ml_pipeline_dag.py took 1.250 seconds
[2026-03-29T20:23:48.266+0000] {processor.py:186} INFO - Started process (PID=8874) to work on /home/ec2-user/environment/lab4_model_training/dags/ml_pipeline_dag.py
[2026-03-29T20:23:48.267+0000] {processor.py:914} INFO - Processing file /home/ec2-user/environment/lab4_model_training/dags/ml_pipeline_dag.py for tasks to queue
[2026-03-29T20:23:48.268+0000] {logging_mixin.py:190} INFO - [2026-03-29T20:23:48.267+0000] {dagbag.py:588} INFO - Filling up the DagBag from /home/ec2-user/environment/lab4_model_training/dags/ml_pipeline_dag.py
[2026-03-29T20:23:49.485+0000] {processor.py:925} INFO - DAG(s) 'ml_pipeline' retrieved from /home/ec2-user/environment/lab4_model_training/dags/ml_pipeline_dag.py
[2026-03-29T20:23:49.497+0000] {logging_mixin.py:190} INFO - [2026-03-29T20:23:49.497+0000] {dag.py:3239} INFO - Sync 1 DAGs
[2026-03-29T20:23:49.506+0000] {logging_mixin.py:190} INFO - [2026-03-29T20:23:49.506+0000] {dag.py:4180} INFO - Setting next_dagrun for ml_pipeline to None, run_after=None
[2026-03-29T20:23:49.521+0000] {processor.py:208} INFO - Processing /home/ec2-user/environment/lab4_model_training/dags/ml_pipeline_dag.py took 1.260 seconds
[2026-03-29T20:24:19.848+0000] {processor.py:186} INFO - Started process (PID=8981) to work on /home/ec2-user/environment/lab4_model_training/dags/ml_pipeline_dag.py
[2026-03-29T20:24:19.849+0000] {processor.py:914} INFO - Processing file /home/ec2-user/environment/lab4_model_training/dags/ml_pipeline_dag.py for tasks to queue
[2026-03-29T20:24:19.850+0000] {logging_mixin.py:190} INFO - [2026-03-29T20:24:19.849+0000] {dagbag.py:588} INFO - Filling up the DagBag from /home/ec2-user/environment/lab4_model_training/dags/ml_pipeline_dag.py
[2026-03-29T20:24:21.055+0000] {processor.py:925} INFO - DAG(s) 'ml_pipeline' retrieved from /home/ec2-user/environment/lab4_model_training/dags/ml_pipeline_dag.py
[2026-03-29T20:24:21.067+0000] {logging_mixin.py:190} INFO - [2026-03-29T20:24:21.066+0000] {dag.py:3239} INFO - Sync 1 DAGs
[2026-03-29T20:24:21.075+0000] {logging_mixin.py:190} INFO - [2026-03-29T20:24:21.075+0000] {dag.py:4180} INFO - Setting next_dagrun for ml_pipeline to None, run_after=None
[2026-03-29T20:24:21.090+0000] {processor.py:208} INFO - Processing /home/ec2-user/environment/lab4_model_training/dags/ml_pipeline_dag.py took 1.247 seconds
[2026-03-29T20:24:51.930+0000] {processor.py:186} INFO - Started process (PID=9037) to work on /home/ec2-user/environment/lab4_model_training/dags/ml_pipeline_dag.py
[2026-03-29T20:24:51.931+0000] {processor.py:914} INFO - Processing file /home/ec2-user/environment/lab4_model_training/dags/ml_pipeline_dag.py for tasks to queue
[2026-03-29T20:24:51.932+0000] {logging_mixin.py:190} INFO - [2026-03-29T20:24:51.932+0000] {dagbag.py:588} INFO - Filling up the DagBag from /home/ec2-user/environment/lab4_model_training/dags/ml_pipeline_dag.py
[2026-03-29T20:24:53.129+0000] {processor.py:925} INFO - DAG(s) 'ml_pipeline' retrieved from /home/ec2-user/environment/lab4_model_training/dags/ml_pipeline_dag.py
[2026-03-29T20:24:53.141+0000] {logging_mixin.py:190} INFO - [2026-03-29T20:24:53.141+0000] {dag.py:3239} INFO - Sync 1 DAGs
[2026-03-29T20:24:53.149+0000] {logging_mixin.py:190} INFO - [2026-03-29T20:24:53.149+0000] {dag.py:4180} INFO - Setting next_dagrun for ml_pipeline to None, run_after=None
[2026-03-29T20:24:53.165+0000] {processor.py:208} INFO - Processing /home/ec2-user/environment/lab4_model_training/dags/ml_pipeline_dag.py took 1.240 seconds
[2026-03-29T20:25:24.075+0000] {processor.py:186} INFO - Started process (PID=9077) to work on /home/ec2-user/environment/lab4_model_training/dags/ml_pipeline_dag.py
[2026-03-29T20:25:24.076+0000] {processor.py:914} INFO - Processing file /home/ec2-user/environment/lab4_model_training/dags/ml_pipeline_dag.py for tasks to queue
[2026-03-29T20:25:24.077+0000] {logging_mixin.py:190} INFO - [2026-03-29T20:25:24.077+0000] {dagbag.py:588} INFO - Filling up the DagBag from /home/ec2-user/environment/lab4_model_training/dags/ml_pipeline_dag.py
[2026-03-29T20:25:25.287+0000] {processor.py:925} INFO - DAG(s) 'ml_pipeline' retrieved from /home/ec2-user/environment/lab4_model_training/dags/ml_pipeline_dag.py
[2026-03-29T20:25:25.298+0000] {logging_mixin.py:190} INFO - [2026-03-29T20:25:25.298+0000] {dag.py:3239} INFO - Sync 1 DAGs
[2026-03-29T20:25:25.306+0000] {logging_mixin.py:190} INFO - [2026-03-29T20:25:25.306+0000] {dag.py:4180} INFO - Setting next_dagrun for ml_pipeline to None, run_after=None
[2026-03-29T20:25:25.323+0000] {processor.py:208} INFO - Processing /home/ec2-user/environment/lab4_model_training/dags/ml_pipeline_dag.py took 1.253 seconds
[2026-03-29T20:25:55.472+0000] {processor.py:186} INFO - Started process (PID=9109) to work on /home/ec2-user/environment/lab4_model_training/dags/ml_pipeline_dag.py
[2026-03-29T20:25:55.472+0000] {processor.py:914} INFO - Processing file /home/ec2-user/environment/lab4_model_training/dags/ml_pipeline_dag.py for tasks to queue
[2026-03-29T20:25:55.473+0000] {logging_mixin.py:190} INFO - [2026-03-29T20:25:55.473+0000] {dagbag.py:588} INFO - Filling up the DagBag from /home/ec2-user/environment/lab4_model_training/dags/ml_pipeline_dag.py
[2026-03-29T20:25:56.696+0000] {processor.py:925} INFO - DAG(s) 'ml_pipeline' retrieved from /home/ec2-user/environment/lab4_model_training/dags/ml_pipeline_dag.py
[2026-03-29T20:25:56.708+0000] {logging_mixin.py:190} INFO - [2026-03-29T20:25:56.708+0000] {dag.py:3239} INFO - Sync 1 DAGs
[2026-03-29T20:25:56.717+0000] {logging_mixin.py:190} INFO - [2026-03-29T20:25:56.717+0000] {dag.py:4180} INFO - Setting next_dagrun for ml_pipeline to None, run_after=None
[2026-03-29T20:25:56.733+0000] {processor.py:208} INFO - Processing /home/ec2-user/environment/lab4_model_training/dags/ml_pipeline_dag.py took 1.266 seconds
[2026-03-29T20:26:26.870+0000] {processor.py:186} INFO - Started process (PID=9196) to work on /home/ec2-user/environment/lab4_model_training/dags/ml_pipeline_dag.py
[2026-03-29T20:26:26.871+0000] {processor.py:914} INFO - Processing file /home/ec2-user/environment/lab4_model_training/dags/ml_pipeline_dag.py for tasks to queue
[2026-03-29T20:26:26.872+0000] {logging_mixin.py:190} INFO - [2026-03-29T20:26:26.871+0000] {dagbag.py:588} INFO - Filling up the DagBag from /home/ec2-user/environment/lab4_model_training/dags/ml_pipeline_dag.py
[2026-03-29T20:26:28.107+0000] {processor.py:925} INFO - DAG(s) 'ml_pipeline' retrieved from /home/ec2-user/environment/lab4_model_training/dags/ml_pipeline_dag.py
[2026-03-29T20:26:28.120+0000] {logging_mixin.py:190} INFO - [2026-03-29T20:26:28.120+0000] {dag.py:3239} INFO - Sync 1 DAGs
[2026-03-29T20:26:28.128+0000] {logging_mixin.py:190} INFO - [2026-03-29T20:26:28.128+0000] {dag.py:4180} INFO - Setting next_dagrun for ml_pipeline to None, run_after=None
[2026-03-29T20:26:28.144+0000] {processor.py:208} INFO - Processing /home/ec2-user/environment/lab4_model_training/dags/ml_pipeline_dag.py took 1.279 seconds
[2026-03-29T20:26:58.270+0000] {processor.py:186} INFO - Started process (PID=9228) to work on /home/ec2-user/environment/lab4_model_training/dags/ml_pipeline_dag.py
[2026-03-29T20:26:58.271+0000] {processor.py:914} INFO - Processing file /home/ec2-user/environment/lab4_model_training/dags/ml_pipeline_dag.py for tasks to queue
[2026-03-29T20:26:58.272+0000] {logging_mixin.py:190} INFO - [2026-03-29T20:26:58.272+0000] {dagbag.py:588} INFO - Filling up the DagBag from /home/ec2-user/environment/lab4_model_training/dags/ml_pipeline_dag.py
[2026-03-29T20:26:59.495+0000] {processor.py:925} INFO - DAG(s) 'ml_pipeline' retrieved from /home/ec2-user/environment/lab4_model_training/dags/ml_pipeline_dag.py
[2026-03-29T20:26:59.508+0000] {logging_mixin.py:190} INFO - [2026-03-29T20:26:59.507+0000] {dag.py:3239} INFO - Sync 1 DAGs
[2026-03-29T20:26:59.516+0000] {logging_mixin.py:190} INFO - [2026-03-29T20:26:59.516+0000] {dag.py:4180} INFO - Setting next_dagrun for ml_pipeline to None, run_after=None
[2026-03-29T20:26:59.531+0000] {processor.py:208} INFO - Processing /home/ec2-user/environment/lab4_model_training/dags/ml_pipeline_dag.py took 1.266 seconds
[2026-03-29T20:27:29.887+0000] {processor.py:186} INFO - Started process (PID=9266) to work on /home/ec2-user/environment/lab4_model_training/dags/ml_pipeline_dag.py
[2026-03-29T20:27:29.888+0000] {processor.py:914} INFO - Processing file /home/ec2-user/environment/lab4_model_training/dags/ml_pipeline_dag.py for tasks to queue
[2026-03-29T20:27:29.889+0000] {logging_mixin.py:190} INFO - [2026-03-29T20:27:29.889+0000] {dagbag.py:588} INFO - Filling up the DagBag from /home/ec2-user/environment/lab4_model_training/dags/ml_pipeline_dag.py
[2026-03-29T20:27:31.128+0000] {processor.py:925} INFO - DAG(s) 'ml_pipeline' retrieved from /home/ec2-user/environment/lab4_model_training/dags/ml_pipeline_dag.py
[2026-03-29T20:27:31.140+0000] {logging_mixin.py:190} INFO - [2026-03-29T20:27:31.140+0000] {dag.py:3239} INFO - Sync 1 DAGs
[2026-03-29T20:27:31.148+0000] {logging_mixin.py:190} INFO - [2026-03-29T20:27:31.148+0000] {dag.py:4180} INFO - Setting next_dagrun for ml_pipeline to None, run_after=None
[2026-03-29T20:27:31.164+0000] {processor.py:208} INFO - Processing /home/ec2-user/environment/lab4_model_training/dags/ml_pipeline_dag.py took 1.283 seconds
[2026-03-29T20:28:02.109+0000] {processor.py:186} INFO - Started process (PID=9304) to work on /home/ec2-user/environment/lab4_model_training/dags/ml_pipeline_dag.py
[2026-03-29T20:28:02.110+0000] {processor.py:914} INFO - Processing file /home/ec2-user/environment/lab4_model_training/dags/ml_pipeline_dag.py for tasks to queue
[2026-03-29T20:28:02.111+0000] {logging_mixin.py:190} INFO - [2026-03-29T20:28:02.111+0000] {dagbag.py:588} INFO - Filling up the DagBag from /home/ec2-user/environment/lab4_model_training/dags/ml_pipeline_dag.py
[2026-03-29T20:28:03.353+0000] {processor.py:925} INFO - DAG(s) 'ml_pipeline' retrieved from /home/ec2-user/environment/lab4_model_training/dags/ml_pipeline_dag.py
[2026-03-29T20:28:03.365+0000] {logging_mixin.py:190} INFO - [2026-03-29T20:28:03.365+0000] {dag.py:3239} INFO - Sync 1 DAGs
[2026-03-29T20:28:03.373+0000] {logging_mixin.py:190} INFO - [2026-03-29T20:28:03.373+0000] {dag.py:4180} INFO - Setting next_dagrun for ml_pipeline to None, run_after=None
[2026-03-29T20:28:03.389+0000] {processor.py:208} INFO - Processing /home/ec2-user/environment/lab4_model_training/dags/ml_pipeline_dag.py took 1.284 seconds
[2026-03-29T20:28:34.302+0000] {processor.py:186} INFO - Started process (PID=9378) to work on /home/ec2-user/environment/lab4_model_training/dags/ml_pipeline_dag.py
[2026-03-29T20:28:34.303+0000] {processor.py:914} INFO - Processing file /home/ec2-user/environment/lab4_model_training/dags/ml_pipeline_dag.py for tasks to queue
[2026-03-29T20:28:34.304+0000] {logging_mixin.py:190} INFO - [2026-03-29T20:28:34.304+0000] {dagbag.py:588} INFO - Filling up the DagBag from /home/ec2-user/environment/lab4_model_training/dags/ml_pipeline_dag.py
[2026-03-29T20:28:35.552+0000] {processor.py:925} INFO - DAG(s) 'ml_pipeline' retrieved from /home/ec2-user/environment/lab4_model_training/dags/ml_pipeline_dag.py
[2026-03-29T20:28:35.564+0000] {logging_mixin.py:190} INFO - [2026-03-29T20:28:35.564+0000] {dag.py:3239} INFO - Sync 1 DAGs
[2026-03-29T20:28:35.572+0000] {logging_mixin.py:190} INFO - [2026-03-29T20:28:35.572+0000] {dag.py:4180} INFO - Setting next_dagrun for ml_pipeline to None, run_after=None
[2026-03-29T20:28:35.588+0000] {processor.py:208} INFO - Processing /home/ec2-user/environment/lab4_model_training/dags/ml_pipeline_dag.py took 1.291 seconds
[2026-03-29T20:29:06.145+0000] {processor.py:186} INFO - Started process (PID=9439) to work on /home/ec2-user/environment/lab4_model_training/dags/ml_pipeline_dag.py
[2026-03-29T20:29:06.145+0000] {processor.py:914} INFO - Processing file /home/ec2-user/environment/lab4_model_training/dags/ml_pipeline_dag.py for tasks to queue
[2026-03-29T20:29:06.146+0000] {logging_mixin.py:190} INFO - [2026-03-29T20:29:06.146+0000] {dagbag.py:588} INFO - Filling up the DagBag from /home/ec2-user/environment/lab4_model_training/dags/ml_pipeline_dag.py
[2026-03-29T20:29:07.400+0000] {processor.py:925} INFO - DAG(s) 'ml_pipeline' retrieved from /home/ec2-user/environment/lab4_model_training/dags/ml_pipeline_dag.py
[2026-03-29T20:29:07.412+0000] {logging_mixin.py:190} INFO - [2026-03-29T20:29:07.412+0000] {dag.py:3239} INFO - Sync 1 DAGs
[2026-03-29T20:29:07.421+0000] {logging_mixin.py:190} INFO - [2026-03-29T20:29:07.421+0000] {dag.py:4180} INFO - Setting next_dagrun for ml_pipeline to None, run_after=None
[2026-03-29T20:29:07.437+0000] {processor.py:208} INFO - Processing /home/ec2-user/environment/lab4_model_training/dags/ml_pipeline_dag.py took 1.297 seconds
[2026-03-29T20:29:37.981+0000] {processor.py:186} INFO - Started process (PID=9467) to work on /home/ec2-user/environment/lab4_model_training/dags/ml_pipeline_dag.py
[2026-03-29T20:29:37.982+0000] {processor.py:914} INFO - Processing file /home/ec2-user/environment/lab4_model_training/dags/ml_pipeline_dag.py for tasks to queue
[2026-03-29T20:29:37.983+0000] {logging_mixin.py:190} INFO - [2026-03-29T20:29:37.983+0000] {dagbag.py:588} INFO - Filling up the DagBag from /home/ec2-user/environment/lab4_model_training/dags/ml_pipeline_dag.py
[2026-03-29T20:29:39.220+0000] {processor.py:925} INFO - DAG(s) 'ml_pipeline' retrieved from /home/ec2-user/environment/lab4_model_training/dags/ml_pipeline_dag.py
[2026-03-29T20:29:39.233+0000] {logging_mixin.py:190} INFO - [2026-03-29T20:29:39.233+0000] {dag.py:3239} INFO - Sync 1 DAGs
[2026-03-29T20:29:39.241+0000] {logging_mixin.py:190} INFO - [2026-03-29T20:29:39.241+0000] {dag.py:4180} INFO - Setting next_dagrun for ml_pipeline to None, run_after=None
[2026-03-29T20:29:39.257+0000] {processor.py:208} INFO - Processing /home/ec2-user/environment/lab4_model_training/dags/ml_pipeline_dag.py took 1.280 seconds
[2026-03-29T20:30:09.808+0000] {processor.py:186} INFO - Started process (PID=9507) to work on /home/ec2-user/environment/lab4_model_training/dags/ml_pipeline_dag.py
[2026-03-29T20:30:09.810+0000] {processor.py:914} INFO - Processing file /home/ec2-user/environment/lab4_model_training/dags/ml_pipeline_dag.py for tasks to queue
[2026-03-29T20:30:09.810+0000] {logging_mixin.py:190} INFO - [2026-03-29T20:30:09.810+0000] {dagbag.py:588} INFO - Filling up the DagBag from /home/ec2-user/environment/lab4_model_training/dags/ml_pipeline_dag.py
[2026-03-29T20:30:11.038+0000] {processor.py:925} INFO - DAG(s) 'ml_pipeline' retrieved from /home/ec2-user/environment/lab4_model_training/dags/ml_pipeline_dag.py
[2026-03-29T20:30:11.051+0000] {logging_mixin.py:190} INFO - [2026-03-29T20:30:11.051+0000] {dag.py:3239} INFO - Sync 1 DAGs
[2026-03-29T20:30:11.059+0000] {logging_mixin.py:190} INFO - [2026-03-29T20:30:11.059+0000] {dag.py:4180} INFO - Setting next_dagrun for ml_pipeline to None, run_after=None
[2026-03-29T20:30:11.074+0000] {processor.py:208} INFO - Processing /home/ec2-user/environment/lab4_model_training/dags/ml_pipeline_dag.py took 1.271 seconds
[2026-03-29T20:30:41.640+0000] {processor.py:186} INFO - Started process (PID=9686) to work on /home/ec2-user/environment/lab4_model_training/dags/ml_pipeline_dag.py
[2026-03-29T20:30:41.641+0000] {processor.py:914} INFO - Processing file /home/ec2-user/environment/lab4_model_training/dags/ml_pipeline_dag.py for tasks to queue
[2026-03-29T20:30:41.641+0000] {logging_mixin.py:190} INFO - [2026-03-29T20:30:41.641+0000] {dagbag.py:588} INFO - Filling up the DagBag from /home/ec2-user/environment/lab4_model_training/dags/ml_pipeline_dag.py
[2026-03-29T20:30:42.874+0000] {processor.py:925} INFO - DAG(s) 'ml_pipeline' retrieved from /home/ec2-user/environment/lab4_model_training/dags/ml_pipeline_dag.py
[2026-03-29T20:30:42.886+0000] {logging_mixin.py:190} INFO - [2026-03-29T20:30:42.886+0000] {dag.py:3239} INFO - Sync 1 DAGs
[2026-03-29T20:30:42.894+0000] {logging_mixin.py:190} INFO - [2026-03-29T20:30:42.894+0000] {dag.py:4180} INFO - Setting next_dagrun for ml_pipeline to None, run_after=None
[2026-03-29T20:30:42.910+0000] {processor.py:208} INFO - Processing /home/ec2-user/environment/lab4_model_training/dags/ml_pipeline_dag.py took 1.274 seconds
[2026-03-29T20:31:13.468+0000] {processor.py:186} INFO - Started process (PID=9724) to work on /home/ec2-user/environment/lab4_model_training/dags/ml_pipeline_dag.py
[2026-03-29T20:31:13.470+0000] {processor.py:914} INFO - Processing file /home/ec2-user/environment/lab4_model_training/dags/ml_pipeline_dag.py for tasks to queue
[2026-03-29T20:31:13.470+0000] {logging_mixin.py:190} INFO - [2026-03-29T20:31:13.470+0000] {dagbag.py:588} INFO - Filling up the DagBag from /home/ec2-user/environment/lab4_model_training/dags/ml_pipeline_dag.py
[2026-03-29T20:31:14.700+0000] {processor.py:925} INFO - DAG(s) 'ml_pipeline' retrieved from /home/ec2-user/environment/lab4_model_training/dags/ml_pipeline_dag.py
[2026-03-29T20:31:14.712+0000] {logging_mixin.py:190} INFO - [2026-03-29T20:31:14.711+0000] {dag.py:3239} INFO - Sync 1 DAGs
[2026-03-29T20:31:14.720+0000] {logging_mixin.py:190} INFO - [2026-03-29T20:31:14.720+0000] {dag.py:4180} INFO - Setting next_dagrun for ml_pipeline to None, run_after=None
[2026-03-29T20:31:14.735+0000] {processor.py:208} INFO - Processing /home/ec2-user/environment/lab4_model_training/dags/ml_pipeline_dag.py took 1.272 seconds
[2026-03-29T20:31:45.038+0000] {processor.py:186} INFO - Started process (PID=9750) to work on /home/ec2-user/environment/lab4_model_training/dags/ml_pipeline_dag.py
[2026-03-29T20:31:45.040+0000] {processor.py:914} INFO - Processing file /home/ec2-user/environment/lab4_model_training/dags/ml_pipeline_dag.py for tasks to queue
[2026-03-29T20:31:45.041+0000] {logging_mixin.py:190} INFO - [2026-03-29T20:31:45.040+0000] {dagbag.py:588} INFO - Filling up the DagBag from /home/ec2-user/environment/lab4_model_training/dags/ml_pipeline_dag.py
[2026-03-29T20:31:46.280+0000] {processor.py:925} INFO - DAG(s) 'ml_pipeline' retrieved from /home/ec2-user/environment/lab4_model_training/dags/ml_pipeline_dag.py
[2026-03-29T20:31:46.292+0000] {logging_mixin.py:190} INFO - [2026-03-29T20:31:46.292+0000] {dag.py:3239} INFO - Sync 1 DAGs
[2026-03-29T20:31:46.300+0000] {logging_mixin.py:190} INFO - [2026-03-29T20:31:46.300+0000] {dag.py:4180} INFO - Setting next_dagrun for ml_pipeline to None, run_after=None
[2026-03-29T20:31:46.315+0000] {processor.py:208} INFO - Processing /home/ec2-user/environment/lab4_model_training/dags/ml_pipeline_dag.py took 1.282 seconds
[2026-03-29T20:32:16.876+0000] {processor.py:186} INFO - Started process (PID=9792) to work on /home/ec2-user/environment/lab4_model_training/dags/ml_pipeline_dag.py
[2026-03-29T20:32:16.877+0000] {processor.py:914} INFO - Processing file /home/ec2-user/environment/lab4_model_training/dags/ml_pipeline_dag.py for tasks to queue
[2026-03-29T20:32:16.878+0000] {logging_mixin.py:190} INFO - [2026-03-29T20:32:16.878+0000] {dagbag.py:588} INFO - Filling up the DagBag from /home/ec2-user/environment/lab4_model_training/dags/ml_pipeline_dag.py
[2026-03-29T20:32:18.134+0000] {processor.py:925} INFO - DAG(s) 'ml_pipeline' retrieved from /home/ec2-user/environment/lab4_model_training/dags/ml_pipeline_dag.py
[2026-03-29T20:32:18.146+0000] {logging_mixin.py:190} INFO - [2026-03-29T20:32:18.146+0000] {dag.py:3239} INFO - Sync 1 DAGs
[2026-03-29T20:32:18.155+0000] {logging_mixin.py:190} INFO - [2026-03-29T20:32:18.154+0000] {dag.py:4180} INFO - Setting next_dagrun for ml_pipeline to None, run_after=None
[2026-03-29T20:32:18.170+0000] {processor.py:208} INFO - Processing /home/ec2-user/environment/lab4_model_training/dags/ml_pipeline_dag.py took 1.299 seconds
[2026-03-29T20:32:48.713+0000] {processor.py:186} INFO - Started process (PID=9867) to work on /home/ec2-user/environment/lab4_model_training/dags/ml_pipeline_dag.py
[2026-03-29T20:32:48.714+0000] {processor.py:914} INFO - Processing file /home/ec2-user/environment/lab4_model_training/dags/ml_pipeline_dag.py for tasks to queue
[2026-03-29T20:32:48.715+0000] {logging_mixin.py:190} INFO - [2026-03-29T20:32:48.715+0000] {dagbag.py:588} INFO - Filling up the DagBag from /home/ec2-user/environment/lab4_model_training/dags/ml_pipeline_dag.py
[2026-03-29T20:32:49.917+0000] {processor.py:925} INFO - DAG(s) 'ml_pipeline' retrieved from /home/ec2-user/environment/lab4_model_training/dags/ml_pipeline_dag.py
[2026-03-29T20:32:49.929+0000] {logging_mixin.py:190} INFO - [2026-03-29T20:32:49.929+0000] {dag.py:3239} INFO - Sync 1 DAGs
[2026-03-29T20:32:49.937+0000] {logging_mixin.py:190} INFO - [2026-03-29T20:32:49.937+0000] {dag.py:4180} INFO - Setting next_dagrun for ml_pipeline to None, run_after=None
[2026-03-29T20:32:49.953+0000] {processor.py:208} INFO - Processing /home/ec2-user/environment/lab4_model_training/dags/ml_pipeline_dag.py took 1.245 seconds
[2026-03-29T20:33:20.544+0000] {processor.py:186} INFO - Started process (PID=9905) to work on /home/ec2-user/environment/lab4_model_training/dags/ml_pipeline_dag.py
[2026-03-29T20:33:20.545+0000] {processor.py:914} INFO - Processing file /home/ec2-user/environment/lab4_model_training/dags/ml_pipeline_dag.py for tasks to queue
[2026-03-29T20:33:20.546+0000] {logging_mixin.py:190} INFO - [2026-03-29T20:33:20.545+0000] {dagbag.py:588} INFO - Filling up the DagBag from /home/ec2-user/environment/lab4_model_training/dags/ml_pipeline_dag.py
[2026-03-29T20:33:21.751+0000] {processor.py:925} INFO - DAG(s) 'ml_pipeline' retrieved from /home/ec2-user/environment/lab4_model_training/dags/ml_pipeline_dag.py
[2026-03-29T20:33:21.763+0000] {logging_mixin.py:190} INFO - [2026-03-29T20:33:21.763+0000] {dag.py:3239} INFO - Sync 1 DAGs
[2026-03-29T20:33:21.772+0000] {logging_mixin.py:190} INFO - [2026-03-29T20:33:21.772+0000] {dag.py:4180} INFO - Setting next_dagrun for ml_pipeline to None, run_after=None
[2026-03-29T20:33:21.787+0000] {processor.py:208} INFO - Processing /home/ec2-user/environment/lab4_model_training/dags/ml_pipeline_dag.py took 1.249 seconds
[2026-03-29T20:33:52.373+0000] {processor.py:186} INFO - Started process (PID=9927) to work on /home/ec2-user/environment/lab4_model_training/dags/ml_pipeline_dag.py
[2026-03-29T20:33:52.374+0000] {processor.py:914} INFO - Processing file /home/ec2-user/environment/lab4_model_training/dags/ml_pipeline_dag.py for tasks to queue
[2026-03-29T20:33:52.375+0000] {logging_mixin.py:190} INFO - [2026-03-29T20:33:52.375+0000] {dagbag.py:588} INFO - Filling up the DagBag from /home/ec2-user/environment/lab4_model_training/dags/ml_pipeline_dag.py
[2026-03-29T20:33:53.592+0000] {processor.py:925} INFO - DAG(s) 'ml_pipeline' retrieved from /home/ec2-user/environment/lab4_model_training/dags/ml_pipeline_dag.py
[2026-03-29T20:33:53.605+0000] {logging_mixin.py:190} INFO - [2026-03-29T20:33:53.605+0000] {dag.py:3239} INFO - Sync 1 DAGs
[2026-03-29T20:33:53.613+0000] {logging_mixin.py:190} INFO - [2026-03-29T20:33:53.613+0000] {dag.py:4180} INFO - Setting next_dagrun for ml_pipeline to None, run_after=None
[2026-03-29T20:33:53.629+0000] {processor.py:208} INFO - Processing /home/ec2-user/environment/lab4_model_training/dags/ml_pipeline_dag.py took 1.260 seconds
[2026-03-29T20:34:24.204+0000] {processor.py:186} INFO - Started process (PID=10000) to work on /home/ec2-user/environment/lab4_model_training/dags/ml_pipeline_dag.py
[2026-03-29T20:34:24.206+0000] {processor.py:914} INFO - Processing file /home/ec2-user/environment/lab4_model_training/dags/ml_pipeline_dag.py for tasks to queue
[2026-03-29T20:34:24.206+0000] {logging_mixin.py:190} INFO - [2026-03-29T20:34:24.206+0000] {dagbag.py:588} INFO - Filling up the DagBag from /home/ec2-user/environment/lab4_model_training/dags/ml_pipeline_dag.py
[2026-03-29T20:34:25.424+0000] {processor.py:925} INFO - DAG(s) 'ml_pipeline' retrieved from /home/ec2-user/environment/lab4_model_training/dags/ml_pipeline_dag.py
[2026-03-29T20:34:25.437+0000] {logging_mixin.py:190} INFO - [2026-03-29T20:34:25.437+0000] {dag.py:3239} INFO - Sync 1 DAGs
[2026-03-29T20:34:25.446+0000] {logging_mixin.py:190} INFO - [2026-03-29T20:34:25.445+0000] {dag.py:4180} INFO - Setting next_dagrun for ml_pipeline to None, run_after=None
[2026-03-29T20:34:25.461+0000] {processor.py:208} INFO - Processing /home/ec2-user/environment/lab4_model_training/dags/ml_pipeline_dag.py took 1.262 seconds
[2026-03-29T20:34:56.036+0000] {processor.py:186} INFO - Started process (PID=10013) to work on /home/ec2-user/environment/lab4_model_training/dags/ml_pipeline_dag.py
[2026-03-29T20:34:56.037+0000] {processor.py:914} INFO - Processing file /home/ec2-user/environment/lab4_model_training/dags/ml_pipeline_dag.py for tasks to queue
[2026-03-29T20:34:56.038+0000] {logging_mixin.py:190} INFO - [2026-03-29T20:34:56.037+0000] {dagbag.py:588} INFO - Filling up the DagBag from /home/ec2-user/environment/lab4_model_training/dags/ml_pipeline_dag.py
[2026-03-29T20:34:57.256+0000] {processor.py:925} INFO - DAG(s) 'ml_pipeline' retrieved from /home/ec2-user/environment/lab4_model_training/dags/ml_pipeline_dag.py
[2026-03-29T20:34:57.269+0000] {logging_mixin.py:190} INFO - [2026-03-29T20:34:57.268+0000] {dag.py:3239} INFO - Sync 1 DAGs
[2026-03-29T20:34:57.277+0000] {logging_mixin.py:190} INFO - [2026-03-29T20:34:57.277+0000] {dag.py:4180} INFO - Setting next_dagrun for ml_pipeline to None, run_after=None
[2026-03-29T20:34:57.292+0000] {processor.py:208} INFO - Processing /home/ec2-user/environment/lab4_model_training/dags/ml_pipeline_dag.py took 1.261 seconds
[2026-03-29T20:35:27.871+0000] {processor.py:186} INFO - Started process (PID=10044) to work on /home/ec2-user/environment/lab4_model_training/dags/ml_pipeline_dag.py
[2026-03-29T20:35:27.872+0000] {processor.py:914} INFO - Processing file /home/ec2-user/environment/lab4_model_training/dags/ml_pipeline_dag.py for tasks to queue
[2026-03-29T20:35:27.873+0000] {logging_mixin.py:190} INFO - [2026-03-29T20:35:27.872+0000] {dagbag.py:588} INFO - Filling up the DagBag from /home/ec2-user/environment/lab4_model_training/dags/ml_pipeline_dag.py
[2026-03-29T20:35:29.084+0000] {processor.py:925} INFO - DAG(s) 'ml_pipeline' retrieved from /home/ec2-user/environment/lab4_model_training/dags/ml_pipeline_dag.py
[2026-03-29T20:35:29.095+0000] {logging_mixin.py:190} INFO - [2026-03-29T20:35:29.095+0000] {dag.py:3239} INFO - Sync 1 DAGs
[2026-03-29T20:35:29.103+0000] {logging_mixin.py:190} INFO - [2026-03-29T20:35:29.103+0000] {dag.py:4180} INFO - Setting next_dagrun for ml_pipeline to None, run_after=None
[2026-03-29T20:35:29.118+0000] {processor.py:208} INFO - Processing /home/ec2-user/environment/lab4_model_training/dags/ml_pipeline_dag.py took 1.253 seconds
[2026-03-29T20:35:59.708+0000] {processor.py:186} INFO - Started process (PID=10110) to work on /home/ec2-user/environment/lab4_model_training/dags/ml_pipeline_dag.py
[2026-03-29T20:35:59.709+0000] {processor.py:914} INFO - Processing file /home/ec2-user/environment/lab4_model_training/dags/ml_pipeline_dag.py for tasks to queue
[2026-03-29T20:35:59.710+0000] {logging_mixin.py:190} INFO - [2026-03-29T20:35:59.710+0000] {dagbag.py:588} INFO - Filling up the DagBag from /home/ec2-user/environment/lab4_model_training/dags/ml_pipeline_dag.py
[2026-03-29T20:36:00.914+0000] {processor.py:925} INFO - DAG(s) 'ml_pipeline' retrieved from /home/ec2-user/environment/lab4_model_training/dags/ml_pipeline_dag.py
[2026-03-29T20:36:00.926+0000] {logging_mixin.py:190} INFO - [2026-03-29T20:36:00.926+0000] {dag.py:3239} INFO - Sync 1 DAGs
[2026-03-29T20:36:00.934+0000] {logging_mixin.py:190} INFO - [2026-03-29T20:36:00.934+0000] {dag.py:4180} INFO - Setting next_dagrun for ml_pipeline to None, run_after=None
[2026-03-29T20:36:00.949+0000] {processor.py:208} INFO - Processing /home/ec2-user/environment/lab4_model_training/dags/ml_pipeline_dag.py took 1.247 seconds
[2026-03-29T20:36:31.556+0000] {processor.py:186} INFO - Started process (PID=10331) to work on /home/ec2-user/environment/lab4_model_training/dags/ml_pipeline_dag.py
[2026-03-29T20:36:31.557+0000] {processor.py:914} INFO - Processing file /home/ec2-user/environment/lab4_model_training/dags/ml_pipeline_dag.py for tasks to queue
[2026-03-29T20:36:31.559+0000] {logging_mixin.py:190} INFO - [2026-03-29T20:36:31.559+0000] {dagbag.py:588} INFO - Filling up the DagBag from /home/ec2-user/environment/lab4_model_training/dags/ml_pipeline_dag.py
[2026-03-29T20:36:32.780+0000] {processor.py:925} INFO - DAG(s) 'ml_pipeline' retrieved from /home/ec2-user/environment/lab4_model_training/dags/ml_pipeline_dag.py
[2026-03-29T20:36:32.792+0000] {logging_mixin.py:190} INFO - [2026-03-29T20:36:32.792+0000] {dag.py:3239} INFO - Sync 1 DAGs
[2026-03-29T20:36:32.800+0000] {logging_mixin.py:190} INFO - [2026-03-29T20:36:32.800+0000] {dag.py:4180} INFO - Setting next_dagrun for ml_pipeline to None, run_after=None
[2026-03-29T20:36:32.816+0000] {processor.py:208} INFO - Processing /home/ec2-user/environment/lab4_model_training/dags/ml_pipeline_dag.py took 1.267 seconds
[2026-03-29T20:37:03.387+0000] {processor.py:186} INFO - Started process (PID=10474) to work on /home/ec2-user/environment/lab4_model_training/dags/ml_pipeline_dag.py
[2026-03-29T20:37:03.388+0000] {processor.py:914} INFO - Processing file /home/ec2-user/environment/lab4_model_training/dags/ml_pipeline_dag.py for tasks to queue
[2026-03-29T20:37:03.389+0000] {logging_mixin.py:190} INFO - [2026-03-29T20:37:03.388+0000] {dagbag.py:588} INFO - Filling up the DagBag from /home/ec2-user/environment/lab4_model_training/dags/ml_pipeline_dag.py
[2026-03-29T20:37:04.590+0000] {processor.py:925} INFO - DAG(s) 'ml_pipeline' retrieved from /home/ec2-user/environment/lab4_model_training/dags/ml_pipeline_dag.py
[2026-03-29T20:37:04.601+0000] {logging_mixin.py:190} INFO - [2026-03-29T20:37:04.601+0000] {dag.py:3239} INFO - Sync 1 DAGs
[2026-03-29T20:37:04.609+0000] {logging_mixin.py:190} INFO - [2026-03-29T20:37:04.609+0000] {dag.py:4180} INFO - Setting next_dagrun for ml_pipeline to None, run_after=None
[2026-03-29T20:37:04.626+0000] {processor.py:208} INFO - Processing /home/ec2-user/environment/lab4_model_training/dags/ml_pipeline_dag.py took 1.244 seconds
[2026-03-29T20:37:34.853+0000] {processor.py:186} INFO - Started process (PID=10507) to work on /home/ec2-user/environment/lab4_model_training/dags/ml_pipeline_dag.py
[2026-03-29T20:37:34.854+0000] {processor.py:914} INFO - Processing file /home/ec2-user/environment/lab4_model_training/dags/ml_pipeline_dag.py for tasks to queue
[2026-03-29T20:37:34.855+0000] {logging_mixin.py:190} INFO - [2026-03-29T20:37:34.854+0000] {dagbag.py:588} INFO - Filling up the DagBag from /home/ec2-user/environment/lab4_model_training/dags/ml_pipeline_dag.py
[2026-03-29T20:37:36.055+0000] {processor.py:925} INFO - DAG(s) 'ml_pipeline' retrieved from /home/ec2-user/environment/lab4_model_training/dags/ml_pipeline_dag.py
[2026-03-29T20:37:36.067+0000] {logging_mixin.py:190} INFO - [2026-03-29T20:37:36.066+0000] {dag.py:3239} INFO - Sync 1 DAGs
[2026-03-29T20:37:36.076+0000] {logging_mixin.py:190} INFO - [2026-03-29T20:37:36.076+0000] {dag.py:4180} INFO - Setting next_dagrun for ml_pipeline to None, run_after=None
[2026-03-29T20:37:36.091+0000] {processor.py:208} INFO - Processing /home/ec2-user/environment/lab4_model_training/dags/ml_pipeline_dag.py took 1.243 seconds
[2026-03-29T20:38:06.230+0000] {processor.py:186} INFO - Started process (PID=10550) to work on /home/ec2-user/environment/lab4_model_training/dags/ml_pipeline_dag.py
[2026-03-29T20:38:06.232+0000] {processor.py:914} INFO - Processing file /home/ec2-user/environment/lab4_model_training/dags/ml_pipeline_dag.py for tasks to queue
[2026-03-29T20:38:06.233+0000] {logging_mixin.py:190} INFO - [2026-03-29T20:38:06.232+0000] {dagbag.py:588} INFO - Filling up the DagBag from /home/ec2-user/environment/lab4_model_training/dags/ml_pipeline_dag.py
[2026-03-29T20:38:07.462+0000] {processor.py:925} INFO - DAG(s) 'ml_pipeline' retrieved from /home/ec2-user/environment/lab4_model_training/dags/ml_pipeline_dag.py
[2026-03-29T20:38:07.475+0000] {logging_mixin.py:190} INFO - [2026-03-29T20:38:07.475+0000] {dag.py:3239} INFO - Sync 1 DAGs
[2026-03-29T20:38:07.483+0000] {logging_mixin.py:190} INFO - [2026-03-29T20:38:07.483+0000] {dag.py:4180} INFO - Setting next_dagrun for ml_pipeline to None, run_after=None
[2026-03-29T20:38:07.498+0000] {processor.py:208} INFO - Processing /home/ec2-user/environment/lab4_model_training/dags/ml_pipeline_dag.py took 1.273 seconds
[2026-03-29T20:38:37.966+0000] {processor.py:186} INFO - Started process (PID=10631) to work on /home/ec2-user/environment/lab4_model_training/dags/ml_pipeline_dag.py
[2026-03-29T20:38:37.967+0000] {processor.py:914} INFO - Processing file /home/ec2-user/environment/lab4_model_training/dags/ml_pipeline_dag.py for tasks to queue
[2026-03-29T20:38:37.968+0000] {logging_mixin.py:190} INFO - [2026-03-29T20:38:37.967+0000] {dagbag.py:588} INFO - Filling up the DagBag from /home/ec2-user/environment/lab4_model_training/dags/ml_pipeline_dag.py
[2026-03-29T20:38:39.197+0000] {processor.py:925} INFO - DAG(s) 'ml_pipeline' retrieved from /home/ec2-user/environment/lab4_model_training/dags/ml_pipeline_dag.py
[2026-03-29T20:38:39.210+0000] {logging_mixin.py:190} INFO - [2026-03-29T20:38:39.210+0000] {dag.py:3239} INFO - Sync 1 DAGs
[2026-03-29T20:38:39.218+0000] {logging_mixin.py:190} INFO - [2026-03-29T20:38:39.218+0000] {dag.py:4180} INFO - Setting next_dagrun for ml_pipeline to None, run_after=None
[2026-03-29T20:38:39.233+0000] {processor.py:208} INFO - Processing /home/ec2-user/environment/lab4_model_training/dags/ml_pipeline_dag.py took 1.272 seconds
[2026-03-29T20:39:09.839+0000] {processor.py:186} INFO - Started process (PID=10678) to work on /home/ec2-user/environment/lab4_model_training/dags/ml_pipeline_dag.py
[2026-03-29T20:39:09.839+0000] {processor.py:914} INFO - Processing file /home/ec2-user/environment/lab4_model_training/dags/ml_pipeline_dag.py for tasks to queue
[2026-03-29T20:39:09.840+0000] {logging_mixin.py:190} INFO - [2026-03-29T20:39:09.840+0000] {dagbag.py:588} INFO - Filling up the DagBag from /home/ec2-user/environment/lab4_model_training/dags/ml_pipeline_dag.py
[2026-03-29T20:39:11.049+0000] {processor.py:925} INFO - DAG(s) 'ml_pipeline' retrieved from /home/ec2-user/environment/lab4_model_training/dags/ml_pipeline_dag.py
[2026-03-29T20:39:11.060+0000] {logging_mixin.py:190} INFO - [2026-03-29T20:39:11.060+0000] {dag.py:3239} INFO - Sync 1 DAGs
[2026-03-29T20:39:11.069+0000] {logging_mixin.py:190} INFO - [2026-03-29T20:39:11.068+0000] {dag.py:4180} INFO - Setting next_dagrun for ml_pipeline to None, run_after=None
[2026-03-29T20:39:11.084+0000] {processor.py:208} INFO - Processing /home/ec2-user/environment/lab4_model_training/dags/ml_pipeline_dag.py took 1.250 seconds
[2026-03-29T20:39:41.814+0000] {processor.py:186} INFO - Started process (PID=10712) to work on /home/ec2-user/environment/lab4_model_training/dags/ml_pipeline_dag.py
[2026-03-29T20:39:41.815+0000] {processor.py:914} INFO - Processing file /home/ec2-user/environment/lab4_model_training/dags/ml_pipeline_dag.py for tasks to queue
[2026-03-29T20:39:41.816+0000] {logging_mixin.py:190} INFO - [2026-03-29T20:39:41.816+0000] {dagbag.py:588} INFO - Filling up the DagBag from /home/ec2-user/environment/lab4_model_training/dags/ml_pipeline_dag.py
[2026-03-29T20:39:43.025+0000] {processor.py:925} INFO - DAG(s) 'ml_pipeline' retrieved from /home/ec2-user/environment/lab4_model_training/dags/ml_pipeline_dag.py
[2026-03-29T20:39:43.037+0000] {logging_mixin.py:190} INFO - [2026-03-29T20:39:43.036+0000] {dag.py:3239} INFO - Sync 1 DAGs
[2026-03-29T20:39:43.045+0000] {logging_mixin.py:190} INFO - [2026-03-29T20:39:43.045+0000] {dag.py:4180} INFO - Setting next_dagrun for ml_pipeline to None, run_after=None
[2026-03-29T20:39:43.060+0000] {processor.py:208} INFO - Processing /home/ec2-user/environment/lab4_model_training/dags/ml_pipeline_dag.py took 1.252 seconds
[2026-03-29T20:40:13.425+0000] {processor.py:186} INFO - Started process (PID=10756) to work on /home/ec2-user/environment/lab4_model_training/dags/ml_pipeline_dag.py
[2026-03-29T20:40:13.425+0000] {processor.py:914} INFO - Processing file /home/ec2-user/environment/lab4_model_training/dags/ml_pipeline_dag.py for tasks to queue
[2026-03-29T20:40:13.426+0000] {logging_mixin.py:190} INFO - [2026-03-29T20:40:13.426+0000] {dagbag.py:588} INFO - Filling up the DagBag from /home/ec2-user/environment/lab4_model_training/dags/ml_pipeline_dag.py
[2026-03-29T20:40:14.631+0000] {processor.py:925} INFO - DAG(s) 'ml_pipeline' retrieved from /home/ec2-user/environment/lab4_model_training/dags/ml_pipeline_dag.py
[2026-03-29T20:40:14.643+0000] {logging_mixin.py:190} INFO - [2026-03-29T20:40:14.643+0000] {dag.py:3239} INFO - Sync 1 DAGs
[2026-03-29T20:40:14.651+0000] {logging_mixin.py:190} INFO - [2026-03-29T20:40:14.651+0000] {dag.py:4180} INFO - Setting next_dagrun for ml_pipeline to None, run_after=None
[2026-03-29T20:40:14.667+0000] {processor.py:208} INFO - Processing /home/ec2-user/environment/lab4_model_training/dags/ml_pipeline_dag.py took 1.248 seconds
[2026-03-29T20:40:45.393+0000] {processor.py:186} INFO - Started process (PID=10836) to work on /home/ec2-user/environment/lab4_model_training/dags/ml_pipeline_dag.py
[2026-03-29T20:40:45.394+0000] {processor.py:914} INFO - Processing file /home/ec2-user/environment/lab4_model_training/dags/ml_pipeline_dag.py for tasks to queue
[2026-03-29T20:40:45.395+0000] {logging_mixin.py:190} INFO - [2026-03-29T20:40:45.395+0000] {dagbag.py:588} INFO - Filling up the DagBag from /home/ec2-user/environment/lab4_model_training/dags/ml_pipeline_dag.py
[2026-03-29T20:40:46.599+0000] {processor.py:925} INFO - DAG(s) 'ml_pipeline' retrieved from /home/ec2-user/environment/lab4_model_training/dags/ml_pipeline_dag.py
[2026-03-29T20:40:46.611+0000] {logging_mixin.py:190} INFO - [2026-03-29T20:40:46.611+0000] {dag.py:3239} INFO - Sync 1 DAGs
[2026-03-29T20:40:46.620+0000] {logging_mixin.py:190} INFO - [2026-03-29T20:40:46.620+0000] {dag.py:4180} INFO - Setting next_dagrun for ml_pipeline to None, run_after=None
[2026-03-29T20:40:46.635+0000] {processor.py:208} INFO - Processing /home/ec2-user/environment/lab4_model_training/dags/ml_pipeline_dag.py took 1.248 seconds
[2026-03-29T20:41:16.794+0000] {processor.py:186} INFO - Started process (PID=10877) to work on /home/ec2-user/environment/lab4_model_training/dags/ml_pipeline_dag.py
[2026-03-29T20:41:16.796+0000] {processor.py:914} INFO - Processing file /home/ec2-user/environment/lab4_model_training/dags/ml_pipeline_dag.py for tasks to queue
[2026-03-29T20:41:16.796+0000] {logging_mixin.py:190} INFO - [2026-03-29T20:41:16.796+0000] {dagbag.py:588} INFO - Filling up the DagBag from /home/ec2-user/environment/lab4_model_training/dags/ml_pipeline_dag.py
[2026-03-29T20:41:18.027+0000] {processor.py:925} INFO - DAG(s) 'ml_pipeline' retrieved from /home/ec2-user/environment/lab4_model_training/dags/ml_pipeline_dag.py
[2026-03-29T20:41:18.040+0000] {logging_mixin.py:190} INFO - [2026-03-29T20:41:18.040+0000] {dag.py:3239} INFO - Sync 1 DAGs
[2026-03-29T20:41:18.048+0000] {logging_mixin.py:190} INFO - [2026-03-29T20:41:18.048+0000] {dag.py:4180} INFO - Setting next_dagrun for ml_pipeline to None, run_after=None
[2026-03-29T20:41:18.063+0000] {processor.py:208} INFO - Processing /home/ec2-user/environment/lab4_model_training/dags/ml_pipeline_dag.py took 1.274 seconds
[2026-03-29T20:41:48.641+0000] {processor.py:186} INFO - Started process (PID=10907) to work on /home/ec2-user/environment/lab4_model_training/dags/ml_pipeline_dag.py
[2026-03-29T20:41:48.642+0000] {processor.py:914} INFO - Processing file /home/ec2-user/environment/lab4_model_training/dags/ml_pipeline_dag.py for tasks to queue
[2026-03-29T20:41:48.643+0000] {logging_mixin.py:190} INFO - [2026-03-29T20:41:48.643+0000] {dagbag.py:588} INFO - Filling up the DagBag from /home/ec2-user/environment/lab4_model_training/dags/ml_pipeline_dag.py
[2026-03-29T20:41:49.843+0000] {processor.py:925} INFO - DAG(s) 'ml_pipeline' retrieved from /home/ec2-user/environment/lab4_model_training/dags/ml_pipeline_dag.py
[2026-03-29T20:41:49.856+0000] {logging_mixin.py:190} INFO - [2026-03-29T20:41:49.855+0000] {dag.py:3239} INFO - Sync 1 DAGs
[2026-03-29T20:41:49.864+0000] {logging_mixin.py:190} INFO - [2026-03-29T20:41:49.864+0000] {dag.py:4180} INFO - Setting next_dagrun for ml_pipeline to None, run_after=None
[2026-03-29T20:41:49.879+0000] {processor.py:208} INFO - Processing /home/ec2-user/environment/lab4_model_training/dags/ml_pipeline_dag.py took 1.244 seconds
[2026-03-29T20:42:20.469+0000] {processor.py:186} INFO - Started process (PID=10998) to work on /home/ec2-user/environment/lab4_model_training/dags/ml_pipeline_dag.py
[2026-03-29T20:42:20.469+0000] {processor.py:914} INFO - Processing file /home/ec2-user/environment/lab4_model_training/dags/ml_pipeline_dag.py for tasks to queue
[2026-03-29T20:42:20.470+0000] {logging_mixin.py:190} INFO - [2026-03-29T20:42:20.470+0000] {dagbag.py:588} INFO - Filling up the DagBag from /home/ec2-user/environment/lab4_model_training/dags/ml_pipeline_dag.py
[2026-03-29T20:42:21.696+0000] {processor.py:925} INFO - DAG(s) 'ml_pipeline' retrieved from /home/ec2-user/environment/lab4_model_training/dags/ml_pipeline_dag.py
[2026-03-29T20:42:21.708+0000] {logging_mixin.py:190} INFO - [2026-03-29T20:42:21.708+0000] {dag.py:3239} INFO - Sync 1 DAGs
[2026-03-29T20:42:21.716+0000] {logging_mixin.py:190} INFO - [2026-03-29T20:42:21.716+0000] {dag.py:4180} INFO - Setting next_dagrun for ml_pipeline to None, run_after=None
[2026-03-29T20:42:21.731+0000] {processor.py:208} INFO - Processing /home/ec2-user/environment/lab4_model_training/dags/ml_pipeline_dag.py took 1.268 seconds
[2026-03-29T20:42:52.402+0000] {processor.py:186} INFO - Started process (PID=11024) to work on /home/ec2-user/environment/lab4_model_training/dags/ml_pipeline_dag.py
[2026-03-29T20:42:52.404+0000] {processor.py:914} INFO - Processing file /home/ec2-user/environment/lab4_model_training/dags/ml_pipeline_dag.py for tasks to queue
[2026-03-29T20:42:52.405+0000] {logging_mixin.py:190} INFO - [2026-03-29T20:42:52.405+0000] {dagbag.py:588} INFO - Filling up the DagBag from /home/ec2-user/environment/lab4_model_training/dags/ml_pipeline_dag.py
[2026-03-29T20:42:53.610+0000] {processor.py:925} INFO - DAG(s) 'ml_pipeline' retrieved from /home/ec2-user/environment/lab4_model_training/dags/ml_pipeline_dag.py
[2026-03-29T20:42:53.622+0000] {logging_mixin.py:190} INFO - [2026-03-29T20:42:53.622+0000] {dag.py:3239} INFO - Sync 1 DAGs
[2026-03-29T20:42:53.630+0000] {logging_mixin.py:190} INFO - [2026-03-29T20:42:53.630+0000] {dag.py:4180} INFO - Setting next_dagrun for ml_pipeline to None, run_after=None
[2026-03-29T20:42:53.645+0000] {processor.py:208} INFO - Processing /home/ec2-user/environment/lab4_model_training/dags/ml_pipeline_dag.py took 1.249 seconds
[2026-03-29T20:43:23.801+0000] {processor.py:186} INFO - Started process (PID=11065) to work on /home/ec2-user/environment/lab4_model_training/dags/ml_pipeline_dag.py
[2026-03-29T20:43:23.802+0000] {processor.py:914} INFO - Processing file /home/ec2-user/environment/lab4_model_training/dags/ml_pipeline_dag.py for tasks to queue
[2026-03-29T20:43:23.803+0000] {logging_mixin.py:190} INFO - [2026-03-29T20:43:23.803+0000] {dagbag.py:588} INFO - Filling up the DagBag from /home/ec2-user/environment/lab4_model_training/dags/ml_pipeline_dag.py
[2026-03-29T20:43:25.009+0000] {processor.py:925} INFO - DAG(s) 'ml_pipeline' retrieved from /home/ec2-user/environment/lab4_model_training/dags/ml_pipeline_dag.py
[2026-03-29T20:43:25.021+0000] {logging_mixin.py:190} INFO - [2026-03-29T20:43:25.020+0000] {dag.py:3239} INFO - Sync 1 DAGs
[2026-03-29T20:43:25.029+0000] {logging_mixin.py:190} INFO - [2026-03-29T20:43:25.029+0000] {dag.py:4180} INFO - Setting next_dagrun for ml_pipeline to None, run_after=None
[2026-03-29T20:43:25.045+0000] {processor.py:208} INFO - Processing /home/ec2-user/environment/lab4_model_training/dags/ml_pipeline_dag.py took 1.249 seconds
[2026-03-29T20:43:55.200+0000] {processor.py:186} INFO - Started process (PID=11094) to work on /home/ec2-user/environment/lab4_model_training/dags/ml_pipeline_dag.py
[2026-03-29T20:43:55.201+0000] {processor.py:914} INFO - Processing file /home/ec2-user/environment/lab4_model_training/dags/ml_pipeline_dag.py for tasks to queue
[2026-03-29T20:43:55.202+0000] {logging_mixin.py:190} INFO - [2026-03-29T20:43:55.201+0000] {dagbag.py:588} INFO - Filling up the DagBag from /home/ec2-user/environment/lab4_model_training/dags/ml_pipeline_dag.py
[2026-03-29T20:43:56.422+0000] {processor.py:925} INFO - DAG(s) 'ml_pipeline' retrieved from /home/ec2-user/environment/lab4_model_training/dags/ml_pipeline_dag.py
[2026-03-29T20:43:56.434+0000] {logging_mixin.py:190} INFO - [2026-03-29T20:43:56.434+0000] {dag.py:3239} INFO - Sync 1 DAGs
[2026-03-29T20:43:56.443+0000] {logging_mixin.py:190} INFO - [2026-03-29T20:43:56.443+0000] {dag.py:4180} INFO - Setting next_dagrun for ml_pipeline to None, run_after=None
[2026-03-29T20:43:56.458+0000] {processor.py:208} INFO - Processing /home/ec2-user/environment/lab4_model_training/dags/ml_pipeline_dag.py took 1.263 seconds
[2026-03-29T20:44:26.600+0000] {processor.py:186} INFO - Started process (PID=11214) to work on /home/ec2-user/environment/lab4_model_training/dags/ml_pipeline_dag.py
[2026-03-29T20:44:26.601+0000] {processor.py:914} INFO - Processing file /home/ec2-user/environment/lab4_model_training/dags/ml_pipeline_dag.py for tasks to queue
[2026-03-29T20:44:26.602+0000] {logging_mixin.py:190} INFO - [2026-03-29T20:44:26.602+0000] {dagbag.py:588} INFO - Filling up the DagBag from /home/ec2-user/environment/lab4_model_training/dags/ml_pipeline_dag.py
[2026-03-29T20:44:27.837+0000] {processor.py:925} INFO - DAG(s) 'ml_pipeline' retrieved from /home/ec2-user/environment/lab4_model_training/dags/ml_pipeline_dag.py
[2026-03-29T20:44:27.850+0000] {logging_mixin.py:190} INFO - [2026-03-29T20:44:27.849+0000] {dag.py:3239} INFO - Sync 1 DAGs
[2026-03-29T20:44:27.858+0000] {logging_mixin.py:190} INFO - [2026-03-29T20:44:27.858+0000] {dag.py:4180} INFO - Setting next_dagrun for ml_pipeline to None, run_after=None
[2026-03-29T20:44:27.873+0000] {processor.py:208} INFO - Processing /home/ec2-user/environment/lab4_model_training/dags/ml_pipeline_dag.py took 1.277 seconds
[2026-03-29T20:44:59.556+0000] {processor.py:186} INFO - Started process (PID=11243) to work on /home/ec2-user/environment/lab4_model_training/dags/ml_pipeline_dag.py
[2026-03-29T20:44:59.557+0000] {processor.py:914} INFO - Processing file /home/ec2-user/environment/lab4_model_training/dags/ml_pipeline_dag.py for tasks to queue
[2026-03-29T20:44:59.558+0000] {logging_mixin.py:190} INFO - [2026-03-29T20:44:59.558+0000] {dagbag.py:588} INFO - Filling up the DagBag from /home/ec2-user/environment/lab4_model_training/dags/ml_pipeline_dag.py
[2026-03-29T20:45:00.774+0000] {processor.py:925} INFO - DAG(s) 'ml_pipeline' retrieved from /home/ec2-user/environment/lab4_model_training/dags/ml_pipeline_dag.py
[2026-03-29T20:45:00.785+0000] {logging_mixin.py:190} INFO - [2026-03-29T20:45:00.785+0000] {dag.py:3239} INFO - Sync 1 DAGs
[2026-03-29T20:45:00.793+0000] {logging_mixin.py:190} INFO - [2026-03-29T20:45:00.793+0000] {dag.py:4180} INFO - Setting next_dagrun for ml_pipeline to None, run_after=None
[2026-03-29T20:45:00.808+0000] {processor.py:208} INFO - Processing /home/ec2-user/environment/lab4_model_training/dags/ml_pipeline_dag.py took 1.258 seconds
[2026-03-29T20:45:30.957+0000] {processor.py:186} INFO - Started process (PID=11345) to work on /home/ec2-user/environment/lab4_model_training/dags/ml_pipeline_dag.py
[2026-03-29T20:45:30.957+0000] {processor.py:914} INFO - Processing file /home/ec2-user/environment/lab4_model_training/dags/ml_pipeline_dag.py for tasks to queue
[2026-03-29T20:45:30.958+0000] {logging_mixin.py:190} INFO - [2026-03-29T20:45:30.958+0000] {dagbag.py:588} INFO - Filling up the DagBag from /home/ec2-user/environment/lab4_model_training/dags/ml_pipeline_dag.py
[2026-03-29T20:45:32.184+0000] {processor.py:925} INFO - DAG(s) 'ml_pipeline' retrieved from /home/ec2-user/environment/lab4_model_training/dags/ml_pipeline_dag.py
[2026-03-29T20:45:32.201+0000] {logging_mixin.py:190} INFO - [2026-03-29T20:45:32.200+0000] {dag.py:3239} INFO - Sync 1 DAGs
[2026-03-29T20:45:32.213+0000] {logging_mixin.py:190} INFO - [2026-03-29T20:45:32.213+0000] {dag.py:4180} INFO - Setting next_dagrun for ml_pipeline to None, run_after=None
[2026-03-29T20:45:32.228+0000] {processor.py:208} INFO - Processing /home/ec2-user/environment/lab4_model_training/dags/ml_pipeline_dag.py took 1.276 seconds
[2026-03-29T20:46:02.359+0000] {processor.py:186} INFO - Started process (PID=11399) to work on /home/ec2-user/environment/lab4_model_training/dags/ml_pipeline_dag.py
[2026-03-29T20:46:02.360+0000] {processor.py:914} INFO - Processing file /home/ec2-user/environment/lab4_model_training/dags/ml_pipeline_dag.py for tasks to queue
[2026-03-29T20:46:02.361+0000] {logging_mixin.py:190} INFO - [2026-03-29T20:46:02.361+0000] {dagbag.py:588} INFO - Filling up the DagBag from /home/ec2-user/environment/lab4_model_training/dags/ml_pipeline_dag.py
[2026-03-29T20:46:03.583+0000] {processor.py:925} INFO - DAG(s) 'ml_pipeline' retrieved from /home/ec2-user/environment/lab4_model_training/dags/ml_pipeline_dag.py
[2026-03-29T20:46:03.595+0000] {logging_mixin.py:190} INFO - [2026-03-29T20:46:03.595+0000] {dag.py:3239} INFO - Sync 1 DAGs
[2026-03-29T20:46:03.603+0000] {logging_mixin.py:190} INFO - [2026-03-29T20:46:03.603+0000] {dag.py:4180} INFO - Setting next_dagrun for ml_pipeline to None, run_after=None
[2026-03-29T20:46:03.619+0000] {processor.py:208} INFO - Processing /home/ec2-user/environment/lab4_model_training/dags/ml_pipeline_dag.py took 1.265 seconds
[2026-03-29T20:46:33.937+0000] {processor.py:186} INFO - Started process (PID=11427) to work on /home/ec2-user/environment/lab4_model_training/dags/ml_pipeline_dag.py
[2026-03-29T20:46:33.938+0000] {processor.py:914} INFO - Processing file /home/ec2-user/environment/lab4_model_training/dags/ml_pipeline_dag.py for tasks to queue
[2026-03-29T20:46:33.939+0000] {logging_mixin.py:190} INFO - [2026-03-29T20:46:33.939+0000] {dagbag.py:588} INFO - Filling up the DagBag from /home/ec2-user/environment/lab4_model_training/dags/ml_pipeline_dag.py
[2026-03-29T20:46:35.180+0000] {processor.py:925} INFO - DAG(s) 'ml_pipeline' retrieved from /home/ec2-user/environment/lab4_model_training/dags/ml_pipeline_dag.py
[2026-03-29T20:46:35.192+0000] {logging_mixin.py:190} INFO - [2026-03-29T20:46:35.192+0000] {dag.py:3239} INFO - Sync 1 DAGs
[2026-03-29T20:46:35.202+0000] {logging_mixin.py:190} INFO - [2026-03-29T20:46:35.202+0000] {dag.py:4180} INFO - Setting next_dagrun for ml_pipeline to None, run_after=None
[2026-03-29T20:46:35.217+0000] {processor.py:208} INFO - Processing /home/ec2-user/environment/lab4_model_training/dags/ml_pipeline_dag.py took 1.284 seconds
[2026-03-29T20:47:05.301+0000] {processor.py:186} INFO - Started process (PID=11472) to work on /home/ec2-user/environment/lab4_model_training/dags/ml_pipeline_dag.py
[2026-03-29T20:47:05.303+0000] {processor.py:914} INFO - Processing file /home/ec2-user/environment/lab4_model_training/dags/ml_pipeline_dag.py for tasks to queue
[2026-03-29T20:47:05.304+0000] {logging_mixin.py:190} INFO - [2026-03-29T20:47:05.303+0000] {dagbag.py:588} INFO - Filling up the DagBag from /home/ec2-user/environment/lab4_model_training/dags/ml_pipeline_dag.py
[2026-03-29T20:47:06.530+0000] {processor.py:925} INFO - DAG(s) 'ml_pipeline' retrieved from /home/ec2-user/environment/lab4_model_training/dags/ml_pipeline_dag.py
[2026-03-29T20:47:06.542+0000] {logging_mixin.py:190} INFO - [2026-03-29T20:47:06.542+0000] {dag.py:3239} INFO - Sync 1 DAGs
[2026-03-29T20:47:06.551+0000] {logging_mixin.py:190} INFO - [2026-03-29T20:47:06.551+0000] {dag.py:4180} INFO - Setting next_dagrun for ml_pipeline to None, run_after=None
[2026-03-29T20:47:06.566+0000] {processor.py:208} INFO - Processing /home/ec2-user/environment/lab4_model_training/dags/ml_pipeline_dag.py took 1.269 seconds
[2026-03-29T20:47:36.658+0000] {processor.py:186} INFO - Started process (PID=11556) to work on /home/ec2-user/environment/lab4_model_training/dags/ml_pipeline_dag.py
[2026-03-29T20:47:36.659+0000] {processor.py:914} INFO - Processing file /home/ec2-user/environment/lab4_model_training/dags/ml_pipeline_dag.py for tasks to queue
[2026-03-29T20:47:36.659+0000] {logging_mixin.py:190} INFO - [2026-03-29T20:47:36.659+0000] {dagbag.py:588} INFO - Filling up the DagBag from /home/ec2-user/environment/lab4_model_training/dags/ml_pipeline_dag.py
[2026-03-29T20:47:37.863+0000] {processor.py:925} INFO - DAG(s) 'ml_pipeline' retrieved from /home/ec2-user/environment/lab4_model_training/dags/ml_pipeline_dag.py
[2026-03-29T20:47:37.875+0000] {logging_mixin.py:190} INFO - [2026-03-29T20:47:37.875+0000] {dag.py:3239} INFO - Sync 1 DAGs
[2026-03-29T20:47:37.883+0000] {logging_mixin.py:190} INFO - [2026-03-29T20:47:37.883+0000] {dag.py:4180} INFO - Setting next_dagrun for ml_pipeline to None, run_after=None
[2026-03-29T20:47:37.898+0000] {processor.py:208} INFO - Processing /home/ec2-user/environment/lab4_model_training/dags/ml_pipeline_dag.py took 1.245 seconds
[2026-03-29T20:48:08.022+0000] {processor.py:186} INFO - Started process (PID=11597) to work on /home/ec2-user/environment/lab4_model_training/dags/ml_pipeline_dag.py
[2026-03-29T20:48:08.024+0000] {processor.py:914} INFO - Processing file /home/ec2-user/environment/lab4_model_training/dags/ml_pipeline_dag.py for tasks to queue
[2026-03-29T20:48:08.025+0000] {logging_mixin.py:190} INFO - [2026-03-29T20:48:08.024+0000] {dagbag.py:588} INFO - Filling up the DagBag from /home/ec2-user/environment/lab4_model_training/dags/ml_pipeline_dag.py
[2026-03-29T20:48:09.238+0000] {processor.py:925} INFO - DAG(s) 'ml_pipeline' retrieved from /home/ec2-user/environment/lab4_model_training/dags/ml_pipeline_dag.py
[2026-03-29T20:48:09.249+0000] {logging_mixin.py:190} INFO - [2026-03-29T20:48:09.249+0000] {dag.py:3239} INFO - Sync 1 DAGs
[2026-03-29T20:48:09.257+0000] {logging_mixin.py:190} INFO - [2026-03-29T20:48:09.257+0000] {dag.py:4180} INFO - Setting next_dagrun for ml_pipeline to None, run_after=None
[2026-03-29T20:48:09.272+0000] {processor.py:208} INFO - Processing /home/ec2-user/environment/lab4_model_training/dags/ml_pipeline_dag.py took 1.255 seconds
[2026-03-29T20:48:40.179+0000] {processor.py:186} INFO - Started process (PID=11628) to work on /home/ec2-user/environment/lab4_model_training/dags/ml_pipeline_dag.py
[2026-03-29T20:48:40.180+0000] {processor.py:914} INFO - Processing file /home/ec2-user/environment/lab4_model_training/dags/ml_pipeline_dag.py for tasks to queue
[2026-03-29T20:48:40.182+0000] {logging_mixin.py:190} INFO - [2026-03-29T20:48:40.182+0000] {dagbag.py:588} INFO - Filling up the DagBag from /home/ec2-user/environment/lab4_model_training/dags/ml_pipeline_dag.py
[2026-03-29T20:48:41.398+0000] {processor.py:925} INFO - DAG(s) 'ml_pipeline' retrieved from /home/ec2-user/environment/lab4_model_training/dags/ml_pipeline_dag.py
[2026-03-29T20:48:41.409+0000] {logging_mixin.py:190} INFO - [2026-03-29T20:48:41.409+0000] {dag.py:3239} INFO - Sync 1 DAGs
[2026-03-29T20:48:41.418+0000] {logging_mixin.py:190} INFO - [2026-03-29T20:48:41.417+0000] {dag.py:4180} INFO - Setting next_dagrun for ml_pipeline to None, run_after=None
[2026-03-29T20:48:41.433+0000] {processor.py:208} INFO - Processing /home/ec2-user/environment/lab4_model_training/dags/ml_pipeline_dag.py took 1.258 seconds
[2026-03-29T20:49:11.582+0000] {processor.py:186} INFO - Started process (PID=11691) to work on /home/ec2-user/environment/lab4_model_training/dags/ml_pipeline_dag.py
[2026-03-29T20:49:11.582+0000] {processor.py:914} INFO - Processing file /home/ec2-user/environment/lab4_model_training/dags/ml_pipeline_dag.py for tasks to queue
[2026-03-29T20:49:11.583+0000] {logging_mixin.py:190} INFO - [2026-03-29T20:49:11.583+0000] {dagbag.py:588} INFO - Filling up the DagBag from /home/ec2-user/environment/lab4_model_training/dags/ml_pipeline_dag.py
[2026-03-29T20:49:12.805+0000] {processor.py:925} INFO - DAG(s) 'ml_pipeline' retrieved from /home/ec2-user/environment/lab4_model_training/dags/ml_pipeline_dag.py
[2026-03-29T20:49:12.817+0000] {logging_mixin.py:190} INFO - [2026-03-29T20:49:12.817+0000] {dag.py:3239} INFO - Sync 1 DAGs
[2026-03-29T20:49:12.825+0000] {logging_mixin.py:190} INFO - [2026-03-29T20:49:12.825+0000] {dag.py:4180} INFO - Setting next_dagrun for ml_pipeline to None, run_after=None
[2026-03-29T20:49:12.842+0000] {processor.py:208} INFO - Processing /home/ec2-user/environment/lab4_model_training/dags/ml_pipeline_dag.py took 1.265 seconds
[2026-03-29T20:49:42.954+0000] {processor.py:186} INFO - Started process (PID=11767) to work on /home/ec2-user/environment/lab4_model_training/dags/ml_pipeline_dag.py
[2026-03-29T20:49:42.955+0000] {processor.py:914} INFO - Processing file /home/ec2-user/environment/lab4_model_training/dags/ml_pipeline_dag.py for tasks to queue
[2026-03-29T20:49:42.956+0000] {logging_mixin.py:190} INFO - [2026-03-29T20:49:42.956+0000] {dagbag.py:588} INFO - Filling up the DagBag from /home/ec2-user/environment/lab4_model_training/dags/ml_pipeline_dag.py
[2026-03-29T20:49:44.184+0000] {processor.py:925} INFO - DAG(s) 'ml_pipeline' retrieved from /home/ec2-user/environment/lab4_model_training/dags/ml_pipeline_dag.py
[2026-03-29T20:49:44.196+0000] {logging_mixin.py:190} INFO - [2026-03-29T20:49:44.196+0000] {dag.py:3239} INFO - Sync 1 DAGs
[2026-03-29T20:49:44.205+0000] {logging_mixin.py:190} INFO - [2026-03-29T20:49:44.205+0000] {dag.py:4180} INFO - Setting next_dagrun for ml_pipeline to None, run_after=None
[2026-03-29T20:49:44.220+0000] {processor.py:208} INFO - Processing /home/ec2-user/environment/lab4_model_training/dags/ml_pipeline_dag.py took 1.271 seconds
[2026-03-29T20:50:14.317+0000] {processor.py:186} INFO - Started process (PID=11805) to work on /home/ec2-user/environment/lab4_model_training/dags/ml_pipeline_dag.py
[2026-03-29T20:50:14.317+0000] {processor.py:914} INFO - Processing file /home/ec2-user/environment/lab4_model_training/dags/ml_pipeline_dag.py for tasks to queue
[2026-03-29T20:50:14.318+0000] {logging_mixin.py:190} INFO - [2026-03-29T20:50:14.318+0000] {dagbag.py:588} INFO - Filling up the DagBag from /home/ec2-user/environment/lab4_model_training/dags/ml_pipeline_dag.py
[2026-03-29T20:50:15.541+0000] {processor.py:925} INFO - DAG(s) 'ml_pipeline' retrieved from /home/ec2-user/environment/lab4_model_training/dags/ml_pipeline_dag.py
[2026-03-29T20:50:15.553+0000] {logging_mixin.py:190} INFO - [2026-03-29T20:50:15.552+0000] {dag.py:3239} INFO - Sync 1 DAGs
[2026-03-29T20:50:15.562+0000] {logging_mixin.py:190} INFO - [2026-03-29T20:50:15.562+0000] {dag.py:4180} INFO - Setting next_dagrun for ml_pipeline to None, run_after=None
[2026-03-29T20:50:15.577+0000] {processor.py:208} INFO - Processing /home/ec2-user/environment/lab4_model_training/dags/ml_pipeline_dag.py took 1.265 seconds
[2026-03-29T20:50:45.680+0000] {processor.py:186} INFO - Started process (PID=11884) to work on /home/ec2-user/environment/lab4_model_training/dags/ml_pipeline_dag.py
[2026-03-29T20:50:45.680+0000] {processor.py:914} INFO - Processing file /home/ec2-user/environment/lab4_model_training/dags/ml_pipeline_dag.py for tasks to queue
[2026-03-29T20:50:45.681+0000] {logging_mixin.py:190} INFO - [2026-03-29T20:50:45.681+0000] {dagbag.py:588} INFO - Filling up the DagBag from /home/ec2-user/environment/lab4_model_training/dags/ml_pipeline_dag.py
[2026-03-29T20:50:46.915+0000] {processor.py:925} INFO - DAG(s) 'ml_pipeline' retrieved from /home/ec2-user/environment/lab4_model_training/dags/ml_pipeline_dag.py
[2026-03-29T20:50:46.928+0000] {logging_mixin.py:190} INFO - [2026-03-29T20:50:46.928+0000] {dag.py:3239} INFO - Sync 1 DAGs
[2026-03-29T20:50:46.936+0000] {logging_mixin.py:190} INFO - [2026-03-29T20:50:46.936+0000] {dag.py:4180} INFO - Setting next_dagrun for ml_pipeline to None, run_after=None
[2026-03-29T20:50:46.952+0000] {processor.py:208} INFO - Processing /home/ec2-user/environment/lab4_model_training/dags/ml_pipeline_dag.py took 1.277 seconds
[2026-03-29T20:51:17.042+0000] {processor.py:186} INFO - Started process (PID=11923) to work on /home/ec2-user/environment/lab4_model_training/dags/ml_pipeline_dag.py
[2026-03-29T20:51:17.043+0000] {processor.py:914} INFO - Processing file /home/ec2-user/environment/lab4_model_training/dags/ml_pipeline_dag.py for tasks to queue
[2026-03-29T20:51:17.044+0000] {logging_mixin.py:190} INFO - [2026-03-29T20:51:17.044+0000] {dagbag.py:588} INFO - Filling up the DagBag from /home/ec2-user/environment/lab4_model_training/dags/ml_pipeline_dag.py
[2026-03-29T20:51:18.274+0000] {processor.py:925} INFO - DAG(s) 'ml_pipeline' retrieved from /home/ec2-user/environment/lab4_model_training/dags/ml_pipeline_dag.py
[2026-03-29T20:51:18.286+0000] {logging_mixin.py:190} INFO - [2026-03-29T20:51:18.285+0000] {dag.py:3239} INFO - Sync 1 DAGs
[2026-03-29T20:51:18.294+0000] {logging_mixin.py:190} INFO - [2026-03-29T20:51:18.294+0000] {dag.py:4180} INFO - Setting next_dagrun for ml_pipeline to None, run_after=None
[2026-03-29T20:51:18.309+0000] {processor.py:208} INFO - Processing /home/ec2-user/environment/lab4_model_training/dags/ml_pipeline_dag.py took 1.272 seconds
[2026-03-29T20:51:48.403+0000] {processor.py:186} INFO - Started process (PID=11975) to work on /home/ec2-user/environment/lab4_model_training/dags/ml_pipeline_dag.py
[2026-03-29T20:51:48.403+0000] {processor.py:914} INFO - Processing file /home/ec2-user/environment/lab4_model_training/dags/ml_pipeline_dag.py for tasks to queue
[2026-03-29T20:51:48.404+0000] {logging_mixin.py:190} INFO - [2026-03-29T20:51:48.404+0000] {dagbag.py:588} INFO - Filling up the DagBag from /home/ec2-user/environment/lab4_model_training/dags/ml_pipeline_dag.py
[2026-03-29T20:51:49.632+0000] {processor.py:925} INFO - DAG(s) 'ml_pipeline' retrieved from /home/ec2-user/environment/lab4_model_training/dags/ml_pipeline_dag.py
[2026-03-29T20:51:49.645+0000] {logging_mixin.py:190} INFO - [2026-03-29T20:51:49.644+0000] {dag.py:3239} INFO - Sync 1 DAGs
[2026-03-29T20:51:49.653+0000] {logging_mixin.py:190} INFO - [2026-03-29T20:51:49.653+0000] {dag.py:4180} INFO - Setting next_dagrun for ml_pipeline to None, run_after=None
[2026-03-29T20:51:49.668+0000] {processor.py:208} INFO - Processing /home/ec2-user/environment/lab4_model_training/dags/ml_pipeline_dag.py took 1.271 seconds
[2026-03-29T20:52:19.767+0000] {processor.py:186} INFO - Started process (PID=12062) to work on /home/ec2-user/environment/lab4_model_training/dags/ml_pipeline_dag.py
[2026-03-29T20:52:19.768+0000] {processor.py:914} INFO - Processing file /home/ec2-user/environment/lab4_model_training/dags/ml_pipeline_dag.py for tasks to queue
[2026-03-29T20:52:19.769+0000] {logging_mixin.py:190} INFO - [2026-03-29T20:52:19.769+0000] {dagbag.py:588} INFO - Filling up the DagBag from /home/ec2-user/environment/lab4_model_training/dags/ml_pipeline_dag.py
[2026-03-29T20:52:20.975+0000] {processor.py:925} INFO - DAG(s) 'ml_pipeline' retrieved from /home/ec2-user/environment/lab4_model_training/dags/ml_pipeline_dag.py
[2026-03-29T20:52:20.987+0000] {logging_mixin.py:190} INFO - [2026-03-29T20:52:20.986+0000] {dag.py:3239} INFO - Sync 1 DAGs
[2026-03-29T20:52:20.995+0000] {logging_mixin.py:190} INFO - [2026-03-29T20:52:20.995+0000] {dag.py:4180} INFO - Setting next_dagrun for ml_pipeline to None, run_after=None
[2026-03-29T20:52:21.011+0000] {processor.py:208} INFO - Processing /home/ec2-user/environment/lab4_model_training/dags/ml_pipeline_dag.py took 1.249 seconds
[2026-03-29T20:52:51.131+0000] {processor.py:186} INFO - Started process (PID=12088) to work on /home/ec2-user/environment/lab4_model_training/dags/ml_pipeline_dag.py
[2026-03-29T20:52:51.132+0000] {processor.py:914} INFO - Processing file /home/ec2-user/environment/lab4_model_training/dags/ml_pipeline_dag.py for tasks to queue
[2026-03-29T20:52:51.133+0000] {logging_mixin.py:190} INFO - [2026-03-29T20:52:51.132+0000] {dagbag.py:588} INFO - Filling up the DagBag from /home/ec2-user/environment/lab4_model_training/dags/ml_pipeline_dag.py
[2026-03-29T20:52:52.342+0000] {processor.py:925} INFO - DAG(s) 'ml_pipeline' retrieved from /home/ec2-user/environment/lab4_model_training/dags/ml_pipeline_dag.py
[2026-03-29T20:52:52.354+0000] {logging_mixin.py:190} INFO - [2026-03-29T20:52:52.353+0000] {dag.py:3239} INFO - Sync 1 DAGs
[2026-03-29T20:52:52.362+0000] {logging_mixin.py:190} INFO - [2026-03-29T20:52:52.362+0000] {dag.py:4180} INFO - Setting next_dagrun for ml_pipeline to None, run_after=None
[2026-03-29T20:52:52.378+0000] {processor.py:208} INFO - Processing /home/ec2-user/environment/lab4_model_training/dags/ml_pipeline_dag.py took 1.251 seconds
[2026-03-29T20:53:23.070+0000] {processor.py:186} INFO - Started process (PID=12134) to work on /home/ec2-user/environment/lab4_model_training/dags/ml_pipeline_dag.py
[2026-03-29T20:53:23.071+0000] {processor.py:914} INFO - Processing file /home/ec2-user/environment/lab4_model_training/dags/ml_pipeline_dag.py for tasks to queue
[2026-03-29T20:53:23.072+0000] {logging_mixin.py:190} INFO - [2026-03-29T20:53:23.072+0000] {dagbag.py:588} INFO - Filling up the DagBag from /home/ec2-user/environment/lab4_model_training/dags/ml_pipeline_dag.py
[2026-03-29T20:53:24.277+0000] {processor.py:925} INFO - DAG(s) 'ml_pipeline' retrieved from /home/ec2-user/environment/lab4_model_training/dags/ml_pipeline_dag.py
[2026-03-29T20:53:24.289+0000] {logging_mixin.py:190} INFO - [2026-03-29T20:53:24.289+0000] {dag.py:3239} INFO - Sync 1 DAGs
[2026-03-29T20:53:24.302+0000] {logging_mixin.py:190} INFO - [2026-03-29T20:53:24.302+0000] {dag.py:4180} INFO - Setting next_dagrun for ml_pipeline to None, run_after=None
[2026-03-29T20:53:24.317+0000] {processor.py:208} INFO - Processing /home/ec2-user/environment/lab4_model_training/dags/ml_pipeline_dag.py took 1.252 seconds
[2026-03-29T20:53:55.068+0000] {processor.py:186} INFO - Started process (PID=12160) to work on /home/ec2-user/environment/lab4_model_training/dags/ml_pipeline_dag.py
[2026-03-29T20:53:55.069+0000] {processor.py:914} INFO - Processing file /home/ec2-user/environment/lab4_model_training/dags/ml_pipeline_dag.py for tasks to queue
[2026-03-29T20:53:55.070+0000] {logging_mixin.py:190} INFO - [2026-03-29T20:53:55.070+0000] {dagbag.py:588} INFO - Filling up the DagBag from /home/ec2-user/environment/lab4_model_training/dags/ml_pipeline_dag.py
[2026-03-29T20:53:56.292+0000] {processor.py:925} INFO - DAG(s) 'ml_pipeline' retrieved from /home/ec2-user/environment/lab4_model_training/dags/ml_pipeline_dag.py
[2026-03-29T20:53:56.304+0000] {logging_mixin.py:190} INFO - [2026-03-29T20:53:56.304+0000] {dag.py:3239} INFO - Sync 1 DAGs
[2026-03-29T20:53:56.313+0000] {logging_mixin.py:190} INFO - [2026-03-29T20:53:56.312+0000] {dag.py:4180} INFO - Setting next_dagrun for ml_pipeline to None, run_after=None
[2026-03-29T20:53:56.328+0000] {processor.py:208} INFO - Processing /home/ec2-user/environment/lab4_model_training/dags/ml_pipeline_dag.py took 1.264 seconds
[2026-03-29T20:54:26.688+0000] {processor.py:186} INFO - Started process (PID=12247) to work on /home/ec2-user/environment/lab4_model_training/dags/ml_pipeline_dag.py
[2026-03-29T20:54:26.689+0000] {processor.py:914} INFO - Processing file /home/ec2-user/environment/lab4_model_training/dags/ml_pipeline_dag.py for tasks to queue
[2026-03-29T20:54:26.690+0000] {logging_mixin.py:190} INFO - [2026-03-29T20:54:26.689+0000] {dagbag.py:588} INFO - Filling up the DagBag from /home/ec2-user/environment/lab4_model_training/dags/ml_pipeline_dag.py
[2026-03-29T20:54:27.920+0000] {processor.py:925} INFO - DAG(s) 'ml_pipeline' retrieved from /home/ec2-user/environment/lab4_model_training/dags/ml_pipeline_dag.py
[2026-03-29T20:54:27.932+0000] {logging_mixin.py:190} INFO - [2026-03-29T20:54:27.932+0000] {dag.py:3239} INFO - Sync 1 DAGs
[2026-03-29T20:54:27.941+0000] {logging_mixin.py:190} INFO - [2026-03-29T20:54:27.940+0000] {dag.py:4180} INFO - Setting next_dagrun for ml_pipeline to None, run_after=None
[2026-03-29T20:54:27.956+0000] {processor.py:208} INFO - Processing /home/ec2-user/environment/lab4_model_training/dags/ml_pipeline_dag.py took 1.273 seconds
[2026-03-29T20:54:58.302+0000] {processor.py:186} INFO - Started process (PID=12273) to work on /home/ec2-user/environment/lab4_model_training/dags/ml_pipeline_dag.py
[2026-03-29T20:54:58.303+0000] {processor.py:914} INFO - Processing file /home/ec2-user/environment/lab4_model_training/dags/ml_pipeline_dag.py for tasks to queue
[2026-03-29T20:54:58.304+0000] {logging_mixin.py:190} INFO - [2026-03-29T20:54:58.303+0000] {dagbag.py:588} INFO - Filling up the DagBag from /home/ec2-user/environment/lab4_model_training/dags/ml_pipeline_dag.py
[2026-03-29T20:54:59.528+0000] {processor.py:925} INFO - DAG(s) 'ml_pipeline' retrieved from /home/ec2-user/environment/lab4_model_training/dags/ml_pipeline_dag.py
[2026-03-29T20:54:59.540+0000] {logging_mixin.py:190} INFO - [2026-03-29T20:54:59.539+0000] {dag.py:3239} INFO - Sync 1 DAGs
[2026-03-29T20:54:59.548+0000] {logging_mixin.py:190} INFO - [2026-03-29T20:54:59.548+0000] {dag.py:4180} INFO - Setting next_dagrun for ml_pipeline to None, run_after=None
[2026-03-29T20:54:59.563+0000] {processor.py:208} INFO - Processing /home/ec2-user/environment/lab4_model_training/dags/ml_pipeline_dag.py took 1.266 seconds
[2026-03-29T20:55:29.823+0000] {processor.py:186} INFO - Started process (PID=12312) to work on /home/ec2-user/environment/lab4_model_training/dags/ml_pipeline_dag.py
[2026-03-29T20:55:29.824+0000] {processor.py:914} INFO - Processing file /home/ec2-user/environment/lab4_model_training/dags/ml_pipeline_dag.py for tasks to queue
[2026-03-29T20:55:29.825+0000] {logging_mixin.py:190} INFO - [2026-03-29T20:55:29.825+0000] {dagbag.py:588} INFO - Filling up the DagBag from /home/ec2-user/environment/lab4_model_training/dags/ml_pipeline_dag.py
[2026-03-29T20:55:31.046+0000] {processor.py:925} INFO - DAG(s) 'ml_pipeline' retrieved from /home/ec2-user/environment/lab4_model_training/dags/ml_pipeline_dag.py
[2026-03-29T20:55:31.058+0000] {logging_mixin.py:190} INFO - [2026-03-29T20:55:31.058+0000] {dag.py:3239} INFO - Sync 1 DAGs
[2026-03-29T20:55:31.066+0000] {logging_mixin.py:190} INFO - [2026-03-29T20:55:31.066+0000] {dag.py:4180} INFO - Setting next_dagrun for ml_pipeline to None, run_after=None
[2026-03-29T20:55:31.084+0000] {processor.py:208} INFO - Processing /home/ec2-user/environment/lab4_model_training/dags/ml_pipeline_dag.py took 1.266 seconds
[2026-03-29T20:56:01.444+0000] {processor.py:186} INFO - Started process (PID=12354) to work on /home/ec2-user/environment/lab4_model_training/dags/ml_pipeline_dag.py
[2026-03-29T20:56:01.445+0000] {processor.py:914} INFO - Processing file /home/ec2-user/environment/lab4_model_training/dags/ml_pipeline_dag.py for tasks to queue
[2026-03-29T20:56:01.446+0000] {logging_mixin.py:190} INFO - [2026-03-29T20:56:01.446+0000] {dagbag.py:588} INFO - Filling up the DagBag from /home/ec2-user/environment/lab4_model_training/dags/ml_pipeline_dag.py
[2026-03-29T20:56:02.645+0000] {processor.py:925} INFO - DAG(s) 'ml_pipeline' retrieved from /home/ec2-user/environment/lab4_model_training/dags/ml_pipeline_dag.py
[2026-03-29T20:56:02.657+0000] {logging_mixin.py:190} INFO - [2026-03-29T20:56:02.657+0000] {dag.py:3239} INFO - Sync 1 DAGs
[2026-03-29T20:56:02.666+0000] {logging_mixin.py:190} INFO - [2026-03-29T20:56:02.666+0000] {dag.py:4180} INFO - Setting next_dagrun for ml_pipeline to None, run_after=None
[2026-03-29T20:56:02.681+0000] {processor.py:208} INFO - Processing /home/ec2-user/environment/lab4_model_training/dags/ml_pipeline_dag.py took 1.241 seconds
[2026-03-29T20:56:33.060+0000] {processor.py:186} INFO - Started process (PID=12429) to work on /home/ec2-user/environment/lab4_model_training/dags/ml_pipeline_dag.py
[2026-03-29T20:56:33.061+0000] {processor.py:914} INFO - Processing file /home/ec2-user/environment/lab4_model_training/dags/ml_pipeline_dag.py for tasks to queue
[2026-03-29T20:56:33.062+0000] {logging_mixin.py:190} INFO - [2026-03-29T20:56:33.062+0000] {dagbag.py:588} INFO - Filling up the DagBag from /home/ec2-user/environment/lab4_model_training/dags/ml_pipeline_dag.py
[2026-03-29T20:56:34.287+0000] {processor.py:925} INFO - DAG(s) 'ml_pipeline' retrieved from /home/ec2-user/environment/lab4_model_training/dags/ml_pipeline_dag.py
[2026-03-29T20:56:34.299+0000] {logging_mixin.py:190} INFO - [2026-03-29T20:56:34.299+0000] {dag.py:3239} INFO - Sync 1 DAGs
[2026-03-29T20:56:34.308+0000] {logging_mixin.py:190} INFO - [2026-03-29T20:56:34.308+0000] {dag.py:4180} INFO - Setting next_dagrun for ml_pipeline to None, run_after=None
[2026-03-29T20:56:34.324+0000] {processor.py:208} INFO - Processing /home/ec2-user/environment/lab4_model_training/dags/ml_pipeline_dag.py took 1.268 seconds
[2026-03-29T20:57:04.679+0000] {processor.py:186} INFO - Started process (PID=12469) to work on /home/ec2-user/environment/lab4_model_training/dags/ml_pipeline_dag.py
[2026-03-29T20:57:04.680+0000] {processor.py:914} INFO - Processing file /home/ec2-user/environment/lab4_model_training/dags/ml_pipeline_dag.py for tasks to queue
[2026-03-29T20:57:04.681+0000] {logging_mixin.py:190} INFO - [2026-03-29T20:57:04.681+0000] {dagbag.py:588} INFO - Filling up the DagBag from /home/ec2-user/environment/lab4_model_training/dags/ml_pipeline_dag.py
[2026-03-29T20:57:05.919+0000] {processor.py:925} INFO - DAG(s) 'ml_pipeline' retrieved from /home/ec2-user/environment/lab4_model_training/dags/ml_pipeline_dag.py
[2026-03-29T20:57:05.932+0000] {logging_mixin.py:190} INFO - [2026-03-29T20:57:05.931+0000] {dag.py:3239} INFO - Sync 1 DAGs
[2026-03-29T20:57:05.940+0000] {logging_mixin.py:190} INFO - [2026-03-29T20:57:05.940+0000] {dag.py:4180} INFO - Setting next_dagrun for ml_pipeline to None, run_after=None
[2026-03-29T20:57:05.955+0000] {processor.py:208} INFO - Processing /home/ec2-user/environment/lab4_model_training/dags/ml_pipeline_dag.py took 1.282 seconds
[2026-03-29T20:57:36.296+0000] {processor.py:186} INFO - Started process (PID=12501) to work on /home/ec2-user/environment/lab4_model_training/dags/ml_pipeline_dag.py
[2026-03-29T20:57:36.297+0000] {processor.py:914} INFO - Processing file /home/ec2-user/environment/lab4_model_training/dags/ml_pipeline_dag.py for tasks to queue
[2026-03-29T20:57:36.298+0000] {logging_mixin.py:190} INFO - [2026-03-29T20:57:36.298+0000] {dagbag.py:588} INFO - Filling up the DagBag from /home/ec2-user/environment/lab4_model_training/dags/ml_pipeline_dag.py
[2026-03-29T20:57:37.503+0000] {processor.py:925} INFO - DAG(s) 'ml_pipeline' retrieved from /home/ec2-user/environment/lab4_model_training/dags/ml_pipeline_dag.py
[2026-03-29T20:57:37.515+0000] {logging_mixin.py:190} INFO - [2026-03-29T20:57:37.514+0000] {dag.py:3239} INFO - Sync 1 DAGs
[2026-03-29T20:57:37.523+0000] {logging_mixin.py:190} INFO - [2026-03-29T20:57:37.523+0000] {dag.py:4180} INFO - Setting next_dagrun for ml_pipeline to None, run_after=None
[2026-03-29T20:57:37.538+0000] {processor.py:208} INFO - Processing /home/ec2-user/environment/lab4_model_training/dags/ml_pipeline_dag.py took 1.247 seconds
[2026-03-29T20:58:07.877+0000] {processor.py:186} INFO - Started process (PID=12539) to work on /home/ec2-user/environment/lab4_model_training/dags/ml_pipeline_dag.py
[2026-03-29T20:58:07.878+0000] {processor.py:914} INFO - Processing file /home/ec2-user/environment/lab4_model_training/dags/ml_pipeline_dag.py for tasks to queue
[2026-03-29T20:58:07.879+0000] {logging_mixin.py:190} INFO - [2026-03-29T20:58:07.878+0000] {dagbag.py:588} INFO - Filling up the DagBag from /home/ec2-user/environment/lab4_model_training/dags/ml_pipeline_dag.py
[2026-03-29T20:58:09.086+0000] {processor.py:925} INFO - DAG(s) 'ml_pipeline' retrieved from /home/ec2-user/environment/lab4_model_training/dags/ml_pipeline_dag.py
[2026-03-29T20:58:09.098+0000] {logging_mixin.py:190} INFO - [2026-03-29T20:58:09.097+0000] {dag.py:3239} INFO - Sync 1 DAGs
[2026-03-29T20:58:09.106+0000] {logging_mixin.py:190} INFO - [2026-03-29T20:58:09.106+0000] {dag.py:4180} INFO - Setting next_dagrun for ml_pipeline to None, run_after=None
[2026-03-29T20:58:09.121+0000] {processor.py:208} INFO - Processing /home/ec2-user/environment/lab4_model_training/dags/ml_pipeline_dag.py took 1.249 seconds
[2026-03-29T20:58:39.493+0000] {processor.py:186} INFO - Started process (PID=12614) to work on /home/ec2-user/environment/lab4_model_training/dags/ml_pipeline_dag.py
[2026-03-29T20:58:39.494+0000] {processor.py:914} INFO - Processing file /home/ec2-user/environment/lab4_model_training/dags/ml_pipeline_dag.py for tasks to queue
[2026-03-29T20:58:39.495+0000] {logging_mixin.py:190} INFO - [2026-03-29T20:58:39.495+0000] {dagbag.py:588} INFO - Filling up the DagBag from /home/ec2-user/environment/lab4_model_training/dags/ml_pipeline_dag.py
[2026-03-29T20:58:40.719+0000] {processor.py:925} INFO - DAG(s) 'ml_pipeline' retrieved from /home/ec2-user/environment/lab4_model_training/dags/ml_pipeline_dag.py
[2026-03-29T20:58:40.731+0000] {logging_mixin.py:190} INFO - [2026-03-29T20:58:40.730+0000] {dag.py:3239} INFO - Sync 1 DAGs
[2026-03-29T20:58:40.739+0000] {logging_mixin.py:190} INFO - [2026-03-29T20:58:40.739+0000] {dag.py:4180} INFO - Setting next_dagrun for ml_pipeline to None, run_after=None
[2026-03-29T20:58:40.755+0000] {processor.py:208} INFO - Processing /home/ec2-user/environment/lab4_model_training/dags/ml_pipeline_dag.py took 1.267 seconds
[2026-03-29T20:59:11.108+0000] {processor.py:186} INFO - Started process (PID=12678) to work on /home/ec2-user/environment/lab4_model_training/dags/ml_pipeline_dag.py
[2026-03-29T20:59:11.109+0000] {processor.py:914} INFO - Processing file /home/ec2-user/environment/lab4_model_training/dags/ml_pipeline_dag.py for tasks to queue
[2026-03-29T20:59:11.110+0000] {logging_mixin.py:190} INFO - [2026-03-29T20:59:11.109+0000] {dagbag.py:588} INFO - Filling up the DagBag from /home/ec2-user/environment/lab4_model_training/dags/ml_pipeline_dag.py
[2026-03-29T20:59:12.315+0000] {processor.py:925} INFO - DAG(s) 'ml_pipeline' retrieved from /home/ec2-user/environment/lab4_model_training/dags/ml_pipeline_dag.py
[2026-03-29T20:59:12.327+0000] {logging_mixin.py:190} INFO - [2026-03-29T20:59:12.327+0000] {dag.py:3239} INFO - Sync 1 DAGs
[2026-03-29T20:59:12.336+0000] {logging_mixin.py:190} INFO - [2026-03-29T20:59:12.336+0000] {dag.py:4180} INFO - Setting next_dagrun for ml_pipeline to None, run_after=None
[2026-03-29T20:59:12.351+0000] {processor.py:208} INFO - Processing /home/ec2-user/environment/lab4_model_training/dags/ml_pipeline_dag.py took 1.248 seconds
[2026-03-29T20:59:42.627+0000] {processor.py:186} INFO - Started process (PID=12705) to work on /home/ec2-user/environment/lab4_model_training/dags/ml_pipeline_dag.py
[2026-03-29T20:59:42.628+0000] {processor.py:914} INFO - Processing file /home/ec2-user/environment/lab4_model_training/dags/ml_pipeline_dag.py for tasks to queue
[2026-03-29T20:59:42.629+0000] {logging_mixin.py:190} INFO - [2026-03-29T20:59:42.629+0000] {dagbag.py:588} INFO - Filling up the DagBag from /home/ec2-user/environment/lab4_model_training/dags/ml_pipeline_dag.py
[2026-03-29T20:59:43.835+0000] {processor.py:925} INFO - DAG(s) 'ml_pipeline' retrieved from /home/ec2-user/environment/lab4_model_training/dags/ml_pipeline_dag.py
[2026-03-29T20:59:43.847+0000] {logging_mixin.py:190} INFO - [2026-03-29T20:59:43.847+0000] {dag.py:3239} INFO - Sync 1 DAGs
[2026-03-29T20:59:43.856+0000] {logging_mixin.py:190} INFO - [2026-03-29T20:59:43.856+0000] {dag.py:4180} INFO - Setting next_dagrun for ml_pipeline to None, run_after=None
[2026-03-29T20:59:43.871+0000] {processor.py:208} INFO - Processing /home/ec2-user/environment/lab4_model_training/dags/ml_pipeline_dag.py took 1.248 seconds
[2026-03-29T21:00:14.242+0000] {processor.py:186} INFO - Started process (PID=12743) to work on /home/ec2-user/environment/lab4_model_training/dags/ml_pipeline_dag.py
[2026-03-29T21:00:14.243+0000] {processor.py:914} INFO - Processing file /home/ec2-user/environment/lab4_model_training/dags/ml_pipeline_dag.py for tasks to queue
[2026-03-29T21:00:14.244+0000] {logging_mixin.py:190} INFO - [2026-03-29T21:00:14.244+0000] {dagbag.py:588} INFO - Filling up the DagBag from /home/ec2-user/environment/lab4_model_training/dags/ml_pipeline_dag.py
[2026-03-29T21:00:15.491+0000] {processor.py:925} INFO - DAG(s) 'ml_pipeline' retrieved from /home/ec2-user/environment/lab4_model_training/dags/ml_pipeline_dag.py
[2026-03-29T21:00:15.504+0000] {logging_mixin.py:190} INFO - [2026-03-29T21:00:15.504+0000] {dag.py:3239} INFO - Sync 1 DAGs
[2026-03-29T21:00:15.513+0000] {logging_mixin.py:190} INFO - [2026-03-29T21:00:15.512+0000] {dag.py:4180} INFO - Setting next_dagrun for ml_pipeline to None, run_after=None
[2026-03-29T21:00:15.528+0000] {processor.py:208} INFO - Processing /home/ec2-user/environment/lab4_model_training/dags/ml_pipeline_dag.py took 1.291 seconds
[2026-03-29T21:00:45.866+0000] {processor.py:186} INFO - Started process (PID=12821) to work on /home/ec2-user/environment/lab4_model_training/dags/ml_pipeline_dag.py
[2026-03-29T21:00:45.867+0000] {processor.py:914} INFO - Processing file /home/ec2-user/environment/lab4_model_training/dags/ml_pipeline_dag.py for tasks to queue
[2026-03-29T21:00:45.868+0000] {logging_mixin.py:190} INFO - [2026-03-29T21:00:45.867+0000] {dagbag.py:588} INFO - Filling up the DagBag from /home/ec2-user/environment/lab4_model_training/dags/ml_pipeline_dag.py
[2026-03-29T21:00:47.069+0000] {processor.py:925} INFO - DAG(s) 'ml_pipeline' retrieved from /home/ec2-user/environment/lab4_model_training/dags/ml_pipeline_dag.py
[2026-03-29T21:00:47.081+0000] {logging_mixin.py:190} INFO - [2026-03-29T21:00:47.081+0000] {dag.py:3239} INFO - Sync 1 DAGs
[2026-03-29T21:00:47.089+0000] {logging_mixin.py:190} INFO - [2026-03-29T21:00:47.089+0000] {dag.py:4180} INFO - Setting next_dagrun for ml_pipeline to None, run_after=None
[2026-03-29T21:00:47.104+0000] {processor.py:208} INFO - Processing /home/ec2-user/environment/lab4_model_training/dags/ml_pipeline_dag.py took 1.243 seconds
[2026-03-29T21:01:17.484+0000] {processor.py:186} INFO - Started process (PID=12873) to work on /home/ec2-user/environment/lab4_model_training/dags/ml_pipeline_dag.py
[2026-03-29T21:01:17.485+0000] {processor.py:914} INFO - Processing file /home/ec2-user/environment/lab4_model_training/dags/ml_pipeline_dag.py for tasks to queue
[2026-03-29T21:01:17.486+0000] {logging_mixin.py:190} INFO - [2026-03-29T21:01:17.486+0000] {dagbag.py:588} INFO - Filling up the DagBag from /home/ec2-user/environment/lab4_model_training/dags/ml_pipeline_dag.py
[2026-03-29T21:01:18.700+0000] {processor.py:925} INFO - DAG(s) 'ml_pipeline' retrieved from /home/ec2-user/environment/lab4_model_training/dags/ml_pipeline_dag.py
[2026-03-29T21:01:18.712+0000] {logging_mixin.py:190} INFO - [2026-03-29T21:01:18.711+0000] {dag.py:3239} INFO - Sync 1 DAGs
[2026-03-29T21:01:18.720+0000] {logging_mixin.py:190} INFO - [2026-03-29T21:01:18.720+0000] {dag.py:4180} INFO - Setting next_dagrun for ml_pipeline to None, run_after=None
[2026-03-29T21:01:18.735+0000] {processor.py:208} INFO - Processing /home/ec2-user/environment/lab4_model_training/dags/ml_pipeline_dag.py took 1.256 seconds
[2026-03-29T21:01:49.011+0000] {processor.py:186} INFO - Started process (PID=12900) to work on /home/ec2-user/environment/lab4_model_training/dags/ml_pipeline_dag.py
[2026-03-29T21:01:49.012+0000] {processor.py:914} INFO - Processing file /home/ec2-user/environment/lab4_model_training/dags/ml_pipeline_dag.py for tasks to queue
[2026-03-29T21:01:49.013+0000] {logging_mixin.py:190} INFO - [2026-03-29T21:01:49.013+0000] {dagbag.py:588} INFO - Filling up the DagBag from /home/ec2-user/environment/lab4_model_training/dags/ml_pipeline_dag.py
[2026-03-29T21:01:50.230+0000] {processor.py:925} INFO - DAG(s) 'ml_pipeline' retrieved from /home/ec2-user/environment/lab4_model_training/dags/ml_pipeline_dag.py
[2026-03-29T21:01:50.242+0000] {logging_mixin.py:190} INFO - [2026-03-29T21:01:50.242+0000] {dag.py:3239} INFO - Sync 1 DAGs
[2026-03-29T21:01:50.250+0000] {logging_mixin.py:190} INFO - [2026-03-29T21:01:50.250+0000] {dag.py:4180} INFO - Setting next_dagrun for ml_pipeline to None, run_after=None
[2026-03-29T21:01:50.266+0000] {processor.py:208} INFO - Processing /home/ec2-user/environment/lab4_model_training/dags/ml_pipeline_dag.py took 1.260 seconds
[2026-03-29T21:02:20.483+0000] {processor.py:186} INFO - Started process (PID=12986) to work on /home/ec2-user/environment/lab4_model_training/dags/ml_pipeline_dag.py
[2026-03-29T21:02:20.484+0000] {processor.py:914} INFO - Processing file /home/ec2-user/environment/lab4_model_training/dags/ml_pipeline_dag.py for tasks to queue
[2026-03-29T21:02:20.485+0000] {logging_mixin.py:190} INFO - [2026-03-29T21:02:20.484+0000] {dagbag.py:588} INFO - Filling up the DagBag from /home/ec2-user/environment/lab4_model_training/dags/ml_pipeline_dag.py
[2026-03-29T21:02:21.739+0000] {processor.py:925} INFO - DAG(s) 'ml_pipeline' retrieved from /home/ec2-user/environment/lab4_model_training/dags/ml_pipeline_dag.py
[2026-03-29T21:02:21.751+0000] {logging_mixin.py:190} INFO - [2026-03-29T21:02:21.751+0000] {dag.py:3239} INFO - Sync 1 DAGs
[2026-03-29T21:02:21.760+0000] {logging_mixin.py:190} INFO - [2026-03-29T21:02:21.760+0000] {dag.py:4180} INFO - Setting next_dagrun for ml_pipeline to None, run_after=None
[2026-03-29T21:02:21.776+0000] {processor.py:208} INFO - Processing /home/ec2-user/environment/lab4_model_training/dags/ml_pipeline_dag.py took 1.298 seconds
[2026-03-29T21:02:51.958+0000] {processor.py:186} INFO - Started process (PID=13012) to work on /home/ec2-user/environment/lab4_model_training/dags/ml_pipeline_dag.py
[2026-03-29T21:02:51.959+0000] {processor.py:914} INFO - Processing file /home/ec2-user/environment/lab4_model_training/dags/ml_pipeline_dag.py for tasks to queue
[2026-03-29T21:02:51.960+0000] {logging_mixin.py:190} INFO - [2026-03-29T21:02:51.960+0000] {dagbag.py:588} INFO - Filling up the DagBag from /home/ec2-user/environment/lab4_model_training/dags/ml_pipeline_dag.py
[2026-03-29T21:02:53.222+0000] {processor.py:925} INFO - DAG(s) 'ml_pipeline' retrieved from /home/ec2-user/environment/lab4_model_training/dags/ml_pipeline_dag.py
[2026-03-29T21:02:53.234+0000] {logging_mixin.py:190} INFO - [2026-03-29T21:02:53.234+0000] {dag.py:3239} INFO - Sync 1 DAGs
[2026-03-29T21:02:53.244+0000] {logging_mixin.py:190} INFO - [2026-03-29T21:02:53.243+0000] {dag.py:4180} INFO - Setting next_dagrun for ml_pipeline to None, run_after=None
[2026-03-29T21:02:53.259+0000] {processor.py:208} INFO - Processing /home/ec2-user/environment/lab4_model_training/dags/ml_pipeline_dag.py took 1.306 seconds
[2026-03-29T21:03:23.431+0000] {processor.py:186} INFO - Started process (PID=13050) to work on /home/ec2-user/environment/lab4_model_training/dags/ml_pipeline_dag.py
[2026-03-29T21:03:23.432+0000] {processor.py:914} INFO - Processing file /home/ec2-user/environment/lab4_model_training/dags/ml_pipeline_dag.py for tasks to queue
[2026-03-29T21:03:23.433+0000] {logging_mixin.py:190} INFO - [2026-03-29T21:03:23.433+0000] {dagbag.py:588} INFO - Filling up the DagBag from /home/ec2-user/environment/lab4_model_training/dags/ml_pipeline_dag.py
[2026-03-29T21:03:24.671+0000] {processor.py:925} INFO - DAG(s) 'ml_pipeline' retrieved from /home/ec2-user/environment/lab4_model_training/dags/ml_pipeline_dag.py
[2026-03-29T21:03:24.684+0000] {logging_mixin.py:190} INFO - [2026-03-29T21:03:24.684+0000] {dag.py:3239} INFO - Sync 1 DAGs
[2026-03-29T21:03:24.692+0000] {logging_mixin.py:190} INFO - [2026-03-29T21:03:24.692+0000] {dag.py:4180} INFO - Setting next_dagrun for ml_pipeline to None, run_after=None
[2026-03-29T21:03:24.707+0000] {processor.py:208} INFO - Processing /home/ec2-user/environment/lab4_model_training/dags/ml_pipeline_dag.py took 1.281 seconds
[2026-03-29T21:03:54.904+0000] {processor.py:186} INFO - Started process (PID=13076) to work on /home/ec2-user/environment/lab4_model_training/dags/ml_pipeline_dag.py
[2026-03-29T21:03:54.905+0000] {processor.py:914} INFO - Processing file /home/ec2-user/environment/lab4_model_training/dags/ml_pipeline_dag.py for tasks to queue
[2026-03-29T21:03:54.906+0000] {logging_mixin.py:190} INFO - [2026-03-29T21:03:54.906+0000] {dagbag.py:588} INFO - Filling up the DagBag from /home/ec2-user/environment/lab4_model_training/dags/ml_pipeline_dag.py
[2026-03-29T21:03:56.160+0000] {processor.py:925} INFO - DAG(s) 'ml_pipeline' retrieved from /home/ec2-user/environment/lab4_model_training/dags/ml_pipeline_dag.py
[2026-03-29T21:03:56.172+0000] {logging_mixin.py:190} INFO - [2026-03-29T21:03:56.172+0000] {dag.py:3239} INFO - Sync 1 DAGs
[2026-03-29T21:03:56.181+0000] {logging_mixin.py:190} INFO - [2026-03-29T21:03:56.180+0000] {dag.py:4180} INFO - Setting next_dagrun for ml_pipeline to None, run_after=None
[2026-03-29T21:03:56.202+0000] {processor.py:208} INFO - Processing /home/ec2-user/environment/lab4_model_training/dags/ml_pipeline_dag.py took 1.302 seconds
[2026-03-29T21:04:26.378+0000] {processor.py:186} INFO - Started process (PID=13162) to work on /home/ec2-user/environment/lab4_model_training/dags/ml_pipeline_dag.py
[2026-03-29T21:04:26.378+0000] {processor.py:914} INFO - Processing file /home/ec2-user/environment/lab4_model_training/dags/ml_pipeline_dag.py for tasks to queue
[2026-03-29T21:04:26.379+0000] {logging_mixin.py:190} INFO - [2026-03-29T21:04:26.379+0000] {dagbag.py:588} INFO - Filling up the DagBag from /home/ec2-user/environment/lab4_model_training/dags/ml_pipeline_dag.py
[2026-03-29T21:04:27.647+0000] {processor.py:925} INFO - DAG(s) 'ml_pipeline' retrieved from /home/ec2-user/environment/lab4_model_training/dags/ml_pipeline_dag.py
[2026-03-29T21:04:27.660+0000] {logging_mixin.py:190} INFO - [2026-03-29T21:04:27.659+0000] {dag.py:3239} INFO - Sync 1 DAGs
[2026-03-29T21:04:27.668+0000] {logging_mixin.py:190} INFO - [2026-03-29T21:04:27.668+0000] {dag.py:4180} INFO - Setting next_dagrun for ml_pipeline to None, run_after=None
[2026-03-29T21:04:27.684+0000] {processor.py:208} INFO - Processing /home/ec2-user/environment/lab4_model_training/dags/ml_pipeline_dag.py took 1.311 seconds
[2026-03-29T21:04:57.851+0000] {processor.py:186} INFO - Started process (PID=13188) to work on /home/ec2-user/environment/lab4_model_training/dags/ml_pipeline_dag.py
[2026-03-29T21:04:57.852+0000] {processor.py:914} INFO - Processing file /home/ec2-user/environment/lab4_model_training/dags/ml_pipeline_dag.py for tasks to queue
[2026-03-29T21:04:57.853+0000] {logging_mixin.py:190} INFO - [2026-03-29T21:04:57.852+0000] {dagbag.py:588} INFO - Filling up the DagBag from /home/ec2-user/environment/lab4_model_training/dags/ml_pipeline_dag.py
[2026-03-29T21:04:59.115+0000] {processor.py:925} INFO - DAG(s) 'ml_pipeline' retrieved from /home/ec2-user/environment/lab4_model_training/dags/ml_pipeline_dag.py
[2026-03-29T21:04:59.127+0000] {logging_mixin.py:190} INFO - [2026-03-29T21:04:59.127+0000] {dag.py:3239} INFO - Sync 1 DAGs
[2026-03-29T21:04:59.135+0000] {logging_mixin.py:190} INFO - [2026-03-29T21:04:59.135+0000] {dag.py:4180} INFO - Setting next_dagrun for ml_pipeline to None, run_after=None
[2026-03-29T21:04:59.153+0000] {processor.py:208} INFO - Processing /home/ec2-user/environment/lab4_model_training/dags/ml_pipeline_dag.py took 1.307 seconds
[2026-03-29T21:05:29.326+0000] {processor.py:186} INFO - Started process (PID=13230) to work on /home/ec2-user/environment/lab4_model_training/dags/ml_pipeline_dag.py
[2026-03-29T21:05:29.327+0000] {processor.py:914} INFO - Processing file /home/ec2-user/environment/lab4_model_training/dags/ml_pipeline_dag.py for tasks to queue
[2026-03-29T21:05:29.328+0000] {logging_mixin.py:190} INFO - [2026-03-29T21:05:29.328+0000] {dagbag.py:588} INFO - Filling up the DagBag from /home/ec2-user/environment/lab4_model_training/dags/ml_pipeline_dag.py
[2026-03-29T21:05:30.537+0000] {processor.py:925} INFO - DAG(s) 'ml_pipeline' retrieved from /home/ec2-user/environment/lab4_model_training/dags/ml_pipeline_dag.py
[2026-03-29T21:05:30.549+0000] {logging_mixin.py:190} INFO - [2026-03-29T21:05:30.549+0000] {dag.py:3239} INFO - Sync 1 DAGs
[2026-03-29T21:05:30.558+0000] {logging_mixin.py:190} INFO - [2026-03-29T21:05:30.558+0000] {dag.py:4180} INFO - Setting next_dagrun for ml_pipeline to None, run_after=None
[2026-03-29T21:05:30.574+0000] {processor.py:208} INFO - Processing /home/ec2-user/environment/lab4_model_training/dags/ml_pipeline_dag.py took 1.253 seconds
[2026-03-29T21:06:00.695+0000] {processor.py:186} INFO - Started process (PID=13258) to work on /home/ec2-user/environment/lab4_model_training/dags/ml_pipeline_dag.py
[2026-03-29T21:06:00.695+0000] {processor.py:914} INFO - Processing file /home/ec2-user/environment/lab4_model_training/dags/ml_pipeline_dag.py for tasks to queue
[2026-03-29T21:06:00.696+0000] {logging_mixin.py:190} INFO - [2026-03-29T21:06:00.696+0000] {dagbag.py:588} INFO - Filling up the DagBag from /home/ec2-user/environment/lab4_model_training/dags/ml_pipeline_dag.py
[2026-03-29T21:06:01.911+0000] {processor.py:925} INFO - DAG(s) 'ml_pipeline' retrieved from /home/ec2-user/environment/lab4_model_training/dags/ml_pipeline_dag.py
[2026-03-29T21:06:01.923+0000] {logging_mixin.py:190} INFO - [2026-03-29T21:06:01.923+0000] {dag.py:3239} INFO - Sync 1 DAGs
[2026-03-29T21:06:01.932+0000] {logging_mixin.py:190} INFO - [2026-03-29T21:06:01.932+0000] {dag.py:4180} INFO - Setting next_dagrun for ml_pipeline to None, run_after=None
[2026-03-29T21:06:01.947+0000] {processor.py:208} INFO - Processing /home/ec2-user/environment/lab4_model_training/dags/ml_pipeline_dag.py took 1.258 seconds
[2026-03-29T21:06:32.073+0000] {processor.py:186} INFO - Started process (PID=13347) to work on /home/ec2-user/environment/lab4_model_training/dags/ml_pipeline_dag.py
[2026-03-29T21:06:32.074+0000] {processor.py:914} INFO - Processing file /home/ec2-user/environment/lab4_model_training/dags/ml_pipeline_dag.py for tasks to queue
[2026-03-29T21:06:32.075+0000] {logging_mixin.py:190} INFO - [2026-03-29T21:06:32.075+0000] {dagbag.py:588} INFO - Filling up the DagBag from /home/ec2-user/environment/lab4_model_training/dags/ml_pipeline_dag.py
[2026-03-29T21:06:33.341+0000] {processor.py:925} INFO - DAG(s) 'ml_pipeline' retrieved from /home/ec2-user/environment/lab4_model_training/dags/ml_pipeline_dag.py
[2026-03-29T21:06:33.354+0000] {logging_mixin.py:190} INFO - [2026-03-29T21:06:33.353+0000] {dag.py:3239} INFO - Sync 1 DAGs
[2026-03-29T21:06:33.362+0000] {logging_mixin.py:190} INFO - [2026-03-29T21:06:33.362+0000] {dag.py:4180} INFO - Setting next_dagrun for ml_pipeline to None, run_after=None
[2026-03-29T21:06:33.377+0000] {processor.py:208} INFO - Processing /home/ec2-user/environment/lab4_model_training/dags/ml_pipeline_dag.py took 1.309 seconds
[2026-03-29T21:07:03.522+0000] {processor.py:186} INFO - Started process (PID=13404) to work on /home/ec2-user/environment/lab4_model_training/dags/ml_pipeline_dag.py
[2026-03-29T21:07:03.523+0000] {processor.py:914} INFO - Processing file /home/ec2-user/environment/lab4_model_training/dags/ml_pipeline_dag.py for tasks to queue
[2026-03-29T21:07:03.524+0000] {logging_mixin.py:190} INFO - [2026-03-29T21:07:03.523+0000] {dagbag.py:588} INFO - Filling up the DagBag from /home/ec2-user/environment/lab4_model_training/dags/ml_pipeline_dag.py
[2026-03-29T21:07:04.723+0000] {processor.py:925} INFO - DAG(s) 'ml_pipeline' retrieved from /home/ec2-user/environment/lab4_model_training/dags/ml_pipeline_dag.py
[2026-03-29T21:07:04.735+0000] {logging_mixin.py:190} INFO - [2026-03-29T21:07:04.735+0000] {dag.py:3239} INFO - Sync 1 DAGs
[2026-03-29T21:07:04.743+0000] {logging_mixin.py:190} INFO - [2026-03-29T21:07:04.743+0000] {dag.py:4180} INFO - Setting next_dagrun for ml_pipeline to None, run_after=None
[2026-03-29T21:07:04.759+0000] {processor.py:208} INFO - Processing /home/ec2-user/environment/lab4_model_training/dags/ml_pipeline_dag.py took 1.242 seconds
[2026-03-29T21:07:34.991+0000] {processor.py:186} INFO - Started process (PID=13416) to work on /home/ec2-user/environment/lab4_model_training/dags/ml_pipeline_dag.py
[2026-03-29T21:07:34.991+0000] {processor.py:914} INFO - Processing file /home/ec2-user/environment/lab4_model_training/dags/ml_pipeline_dag.py for tasks to queue
[2026-03-29T21:07:34.992+0000] {logging_mixin.py:190} INFO - [2026-03-29T21:07:34.992+0000] {dagbag.py:588} INFO - Filling up the DagBag from /home/ec2-user/environment/lab4_model_training/dags/ml_pipeline_dag.py
[2026-03-29T21:07:36.229+0000] {processor.py:925} INFO - DAG(s) 'ml_pipeline' retrieved from /home/ec2-user/environment/lab4_model_training/dags/ml_pipeline_dag.py
[2026-03-29T21:07:36.241+0000] {logging_mixin.py:190} INFO - [2026-03-29T21:07:36.241+0000] {dag.py:3239} INFO - Sync 1 DAGs
[2026-03-29T21:07:36.250+0000] {logging_mixin.py:190} INFO - [2026-03-29T21:07:36.249+0000] {dag.py:4180} INFO - Setting next_dagrun for ml_pipeline to None, run_after=None
[2026-03-29T21:07:36.265+0000] {processor.py:208} INFO - Processing /home/ec2-user/environment/lab4_model_training/dags/ml_pipeline_dag.py took 1.279 seconds
[2026-03-29T21:08:06.371+0000] {processor.py:186} INFO - Started process (PID=13440) to work on /home/ec2-user/environment/lab4_model_training/dags/ml_pipeline_dag.py
[2026-03-29T21:08:06.372+0000] {processor.py:914} INFO - Processing file /home/ec2-user/environment/lab4_model_training/dags/ml_pipeline_dag.py for tasks to queue
[2026-03-29T21:08:06.373+0000] {logging_mixin.py:190} INFO - [2026-03-29T21:08:06.372+0000] {dagbag.py:588} INFO - Filling up the DagBag from /home/ec2-user/environment/lab4_model_training/dags/ml_pipeline_dag.py
[2026-03-29T21:08:07.586+0000] {processor.py:925} INFO - DAG(s) 'ml_pipeline' retrieved from /home/ec2-user/environment/lab4_model_training/dags/ml_pipeline_dag.py
[2026-03-29T21:08:07.598+0000] {logging_mixin.py:190} INFO - [2026-03-29T21:08:07.598+0000] {dag.py:3239} INFO - Sync 1 DAGs
[2026-03-29T21:08:07.606+0000] {logging_mixin.py:190} INFO - [2026-03-29T21:08:07.606+0000] {dag.py:4180} INFO - Setting next_dagrun for ml_pipeline to None, run_after=None
[2026-03-29T21:08:07.623+0000] {processor.py:208} INFO - Processing /home/ec2-user/environment/lab4_model_training/dags/ml_pipeline_dag.py took 1.257 seconds
[2026-03-29T21:08:37.844+0000] {processor.py:186} INFO - Started process (PID=13504) to work on /home/ec2-user/environment/lab4_model_training/dags/ml_pipeline_dag.py
[2026-03-29T21:08:37.845+0000] {processor.py:914} INFO - Processing file /home/ec2-user/environment/lab4_model_training/dags/ml_pipeline_dag.py for tasks to queue
[2026-03-29T21:08:37.846+0000] {logging_mixin.py:190} INFO - [2026-03-29T21:08:37.846+0000] {dagbag.py:588} INFO - Filling up the DagBag from /home/ec2-user/environment/lab4_model_training/dags/ml_pipeline_dag.py
[2026-03-29T21:08:39.062+0000] {processor.py:925} INFO - DAG(s) 'ml_pipeline' retrieved from /home/ec2-user/environment/lab4_model_training/dags/ml_pipeline_dag.py
[2026-03-29T21:08:39.074+0000] {logging_mixin.py:190} INFO - [2026-03-29T21:08:39.073+0000] {dag.py:3239} INFO - Sync 1 DAGs
[2026-03-29T21:08:39.082+0000] {logging_mixin.py:190} INFO - [2026-03-29T21:08:39.082+0000] {dag.py:4180} INFO - Setting next_dagrun for ml_pipeline to None, run_after=None
[2026-03-29T21:08:39.097+0000] {processor.py:208} INFO - Processing /home/ec2-user/environment/lab4_model_training/dags/ml_pipeline_dag.py took 1.258 seconds
[2026-03-29T21:09:09.212+0000] {processor.py:186} INFO - Started process (PID=13528) to work on /home/ec2-user/environment/lab4_model_training/dags/ml_pipeline_dag.py
[2026-03-29T21:09:09.212+0000] {processor.py:914} INFO - Processing file /home/ec2-user/environment/lab4_model_training/dags/ml_pipeline_dag.py for tasks to queue
[2026-03-29T21:09:09.214+0000] {logging_mixin.py:190} INFO - [2026-03-29T21:09:09.213+0000] {dagbag.py:588} INFO - Filling up the DagBag from /home/ec2-user/environment/lab4_model_training/dags/ml_pipeline_dag.py
[2026-03-29T21:09:10.417+0000] {processor.py:925} INFO - DAG(s) 'ml_pipeline' retrieved from /home/ec2-user/environment/lab4_model_training/dags/ml_pipeline_dag.py
[2026-03-29T21:09:10.429+0000] {logging_mixin.py:190} INFO - [2026-03-29T21:09:10.429+0000] {dag.py:3239} INFO - Sync 1 DAGs
[2026-03-29T21:09:10.438+0000] {logging_mixin.py:190} INFO - [2026-03-29T21:09:10.438+0000] {dag.py:4180} INFO - Setting next_dagrun for ml_pipeline to None, run_after=None
[2026-03-29T21:09:10.453+0000] {processor.py:208} INFO - Processing /home/ec2-user/environment/lab4_model_training/dags/ml_pipeline_dag.py took 1.246 seconds
[2026-03-29T21:09:40.593+0000] {processor.py:186} INFO - Started process (PID=13541) to work on /home/ec2-user/environment/lab4_model_training/dags/ml_pipeline_dag.py
[2026-03-29T21:09:40.594+0000] {processor.py:914} INFO - Processing file /home/ec2-user/environment/lab4_model_training/dags/ml_pipeline_dag.py for tasks to queue
[2026-03-29T21:09:40.595+0000] {logging_mixin.py:190} INFO - [2026-03-29T21:09:40.594+0000] {dagbag.py:588} INFO - Filling up the DagBag from /home/ec2-user/environment/lab4_model_training/dags/ml_pipeline_dag.py
[2026-03-29T21:09:41.796+0000] {processor.py:925} INFO - DAG(s) 'ml_pipeline' retrieved from /home/ec2-user/environment/lab4_model_training/dags/ml_pipeline_dag.py
[2026-03-29T21:09:41.808+0000] {logging_mixin.py:190} INFO - [2026-03-29T21:09:41.808+0000] {dag.py:3239} INFO - Sync 1 DAGs
[2026-03-29T21:09:41.816+0000] {logging_mixin.py:190} INFO - [2026-03-29T21:09:41.816+0000] {dag.py:4180} INFO - Setting next_dagrun for ml_pipeline to None, run_after=None
[2026-03-29T21:09:41.831+0000] {processor.py:208} INFO - Processing /home/ec2-user/environment/lab4_model_training/dags/ml_pipeline_dag.py took 1.243 seconds
[2026-03-29T21:10:11.962+0000] {processor.py:186} INFO - Started process (PID=13565) to work on /home/ec2-user/environment/lab4_model_training/dags/ml_pipeline_dag.py
[2026-03-29T21:10:11.963+0000] {processor.py:914} INFO - Processing file /home/ec2-user/environment/lab4_model_training/dags/ml_pipeline_dag.py for tasks to queue
[2026-03-29T21:10:11.964+0000] {logging_mixin.py:190} INFO - [2026-03-29T21:10:11.964+0000] {dagbag.py:588} INFO - Filling up the DagBag from /home/ec2-user/environment/lab4_model_training/dags/ml_pipeline_dag.py
[2026-03-29T21:10:13.166+0000] {processor.py:925} INFO - DAG(s) 'ml_pipeline' retrieved from /home/ec2-user/environment/lab4_model_training/dags/ml_pipeline_dag.py
[2026-03-29T21:10:13.178+0000] {logging_mixin.py:190} INFO - [2026-03-29T21:10:13.177+0000] {dag.py:3239} INFO - Sync 1 DAGs
[2026-03-29T21:10:13.186+0000] {logging_mixin.py:190} INFO - [2026-03-29T21:10:13.186+0000] {dag.py:4180} INFO - Setting next_dagrun for ml_pipeline to None, run_after=None
[2026-03-29T21:10:13.201+0000] {processor.py:208} INFO - Processing /home/ec2-user/environment/lab4_model_training/dags/ml_pipeline_dag.py took 1.243 seconds
[2026-03-29T21:10:43.333+0000] {processor.py:186} INFO - Started process (PID=13633) to work on /home/ec2-user/environment/lab4_model_training/dags/ml_pipeline_dag.py
[2026-03-29T21:10:43.334+0000] {processor.py:914} INFO - Processing file /home/ec2-user/environment/lab4_model_training/dags/ml_pipeline_dag.py for tasks to queue
[2026-03-29T21:10:43.335+0000] {logging_mixin.py:190} INFO - [2026-03-29T21:10:43.335+0000] {dagbag.py:588} INFO - Filling up the DagBag from /home/ec2-user/environment/lab4_model_training/dags/ml_pipeline_dag.py
[2026-03-29T21:10:44.525+0000] {processor.py:925} INFO - DAG(s) 'ml_pipeline' retrieved from /home/ec2-user/environment/lab4_model_training/dags/ml_pipeline_dag.py
[2026-03-29T21:10:44.536+0000] {logging_mixin.py:190} INFO - [2026-03-29T21:10:44.536+0000] {dag.py:3239} INFO - Sync 1 DAGs
[2026-03-29T21:10:44.544+0000] {logging_mixin.py:190} INFO - [2026-03-29T21:10:44.544+0000] {dag.py:4180} INFO - Setting next_dagrun for ml_pipeline to None, run_after=None
[2026-03-29T21:10:44.559+0000] {processor.py:208} INFO - Processing /home/ec2-user/environment/lab4_model_training/dags/ml_pipeline_dag.py took 1.231 seconds
[2026-03-29T21:11:14.702+0000] {processor.py:186} INFO - Started process (PID=13675) to work on /home/ec2-user/environment/lab4_model_training/dags/ml_pipeline_dag.py
[2026-03-29T21:11:14.703+0000] {processor.py:914} INFO - Processing file /home/ec2-user/environment/lab4_model_training/dags/ml_pipeline_dag.py for tasks to queue
[2026-03-29T21:11:14.704+0000] {logging_mixin.py:190} INFO - [2026-03-29T21:11:14.703+0000] {dagbag.py:588} INFO - Filling up the DagBag from /home/ec2-user/environment/lab4_model_training/dags/ml_pipeline_dag.py
[2026-03-29T21:11:15.885+0000] {processor.py:925} INFO - DAG(s) 'ml_pipeline' retrieved from /home/ec2-user/environment/lab4_model_training/dags/ml_pipeline_dag.py
[2026-03-29T21:11:15.896+0000] {logging_mixin.py:190} INFO - [2026-03-29T21:11:15.896+0000] {dag.py:3239} INFO - Sync 1 DAGs
[2026-03-29T21:11:15.904+0000] {logging_mixin.py:190} INFO - [2026-03-29T21:11:15.904+0000] {dag.py:4180} INFO - Setting next_dagrun for ml_pipeline to None, run_after=None
[2026-03-29T21:11:15.920+0000] {processor.py:208} INFO - Processing /home/ec2-user/environment/lab4_model_training/dags/ml_pipeline_dag.py took 1.223 seconds
[2026-03-29T21:11:46.814+0000] {processor.py:186} INFO - Started process (PID=13688) to work on /home/ec2-user/environment/lab4_model_training/dags/ml_pipeline_dag.py
[2026-03-29T21:11:46.815+0000] {processor.py:914} INFO - Processing file /home/ec2-user/environment/lab4_model_training/dags/ml_pipeline_dag.py for tasks to queue
[2026-03-29T21:11:46.816+0000] {logging_mixin.py:190} INFO - [2026-03-29T21:11:46.815+0000] {dagbag.py:588} INFO - Filling up the DagBag from /home/ec2-user/environment/lab4_model_training/dags/ml_pipeline_dag.py
[2026-03-29T21:11:48.027+0000] {processor.py:925} INFO - DAG(s) 'ml_pipeline' retrieved from /home/ec2-user/environment/lab4_model_training/dags/ml_pipeline_dag.py
[2026-03-29T21:11:48.039+0000] {logging_mixin.py:190} INFO - [2026-03-29T21:11:48.039+0000] {dag.py:3239} INFO - Sync 1 DAGs
[2026-03-29T21:11:48.048+0000] {logging_mixin.py:190} INFO - [2026-03-29T21:11:48.048+0000] {dag.py:4180} INFO - Setting next_dagrun for ml_pipeline to None, run_after=None
[2026-03-29T21:11:48.063+0000] {processor.py:208} INFO - Processing /home/ec2-user/environment/lab4_model_training/dags/ml_pipeline_dag.py took 1.254 seconds
[2026-03-29T21:12:18.470+0000] {processor.py:186} INFO - Started process (PID=13757) to work on /home/ec2-user/environment/lab4_model_training/dags/ml_pipeline_dag.py
[2026-03-29T21:12:18.470+0000] {processor.py:914} INFO - Processing file /home/ec2-user/environment/lab4_model_training/dags/ml_pipeline_dag.py for tasks to queue
[2026-03-29T21:12:18.471+0000] {logging_mixin.py:190} INFO - [2026-03-29T21:12:18.471+0000] {dagbag.py:588} INFO - Filling up the DagBag from /home/ec2-user/environment/lab4_model_training/dags/ml_pipeline_dag.py
[2026-03-29T21:12:19.675+0000] {processor.py:925} INFO - DAG(s) 'ml_pipeline' retrieved from /home/ec2-user/environment/lab4_model_training/dags/ml_pipeline_dag.py
[2026-03-29T21:12:19.686+0000] {logging_mixin.py:190} INFO - [2026-03-29T21:12:19.686+0000] {dag.py:3239} INFO - Sync 1 DAGs
[2026-03-29T21:12:19.695+0000] {logging_mixin.py:190} INFO - [2026-03-29T21:12:19.695+0000] {dag.py:4180} INFO - Setting next_dagrun for ml_pipeline to None, run_after=None
[2026-03-29T21:12:19.710+0000] {processor.py:208} INFO - Processing /home/ec2-user/environment/lab4_model_training/dags/ml_pipeline_dag.py took 1.245 seconds
[2026-03-29T21:12:49.945+0000] {processor.py:186} INFO - Started process (PID=13770) to work on /home/ec2-user/environment/lab4_model_training/dags/ml_pipeline_dag.py
[2026-03-29T21:12:49.946+0000] {processor.py:914} INFO - Processing file /home/ec2-user/environment/lab4_model_training/dags/ml_pipeline_dag.py for tasks to queue
[2026-03-29T21:12:49.947+0000] {logging_mixin.py:190} INFO - [2026-03-29T21:12:49.947+0000] {dagbag.py:588} INFO - Filling up the DagBag from /home/ec2-user/environment/lab4_model_training/dags/ml_pipeline_dag.py
[2026-03-29T21:12:51.200+0000] {processor.py:925} INFO - DAG(s) 'ml_pipeline' retrieved from /home/ec2-user/environment/lab4_model_training/dags/ml_pipeline_dag.py
[2026-03-29T21:12:51.214+0000] {logging_mixin.py:190} INFO - [2026-03-29T21:12:51.214+0000] {dag.py:3239} INFO - Sync 1 DAGs
[2026-03-29T21:12:51.222+0000] {logging_mixin.py:190} INFO - [2026-03-29T21:12:51.222+0000] {dag.py:4180} INFO - Setting next_dagrun for ml_pipeline to None, run_after=None
[2026-03-29T21:12:51.238+0000] {processor.py:208} INFO - Processing /home/ec2-user/environment/lab4_model_training/dags/ml_pipeline_dag.py took 1.298 seconds
[2026-03-29T21:13:21.418+0000] {processor.py:186} INFO - Started process (PID=13791) to work on /home/ec2-user/environment/lab4_model_training/dags/ml_pipeline_dag.py
[2026-03-29T21:13:21.420+0000] {processor.py:914} INFO - Processing file /home/ec2-user/environment/lab4_model_training/dags/ml_pipeline_dag.py for tasks to queue
[2026-03-29T21:13:21.421+0000] {logging_mixin.py:190} INFO - [2026-03-29T21:13:21.420+0000] {dagbag.py:588} INFO - Filling up the DagBag from /home/ec2-user/environment/lab4_model_training/dags/ml_pipeline_dag.py
[2026-03-29T21:13:22.637+0000] {processor.py:925} INFO - DAG(s) 'ml_pipeline' retrieved from /home/ec2-user/environment/lab4_model_training/dags/ml_pipeline_dag.py
[2026-03-29T21:13:22.648+0000] {logging_mixin.py:190} INFO - [2026-03-29T21:13:22.648+0000] {dag.py:3239} INFO - Sync 1 DAGs
[2026-03-29T21:13:22.657+0000] {logging_mixin.py:190} INFO - [2026-03-29T21:13:22.656+0000] {dag.py:4180} INFO - Setting next_dagrun for ml_pipeline to None, run_after=None
[2026-03-29T21:13:22.672+0000] {processor.py:208} INFO - Processing /home/ec2-user/environment/lab4_model_training/dags/ml_pipeline_dag.py took 1.258 seconds
[2026-03-29T21:13:52.896+0000] {processor.py:186} INFO - Started process (PID=13803) to work on /home/ec2-user/environment/lab4_model_training/dags/ml_pipeline_dag.py
[2026-03-29T21:13:52.897+0000] {processor.py:914} INFO - Processing file /home/ec2-user/environment/lab4_model_training/dags/ml_pipeline_dag.py for tasks to queue
[2026-03-29T21:13:52.898+0000] {logging_mixin.py:190} INFO - [2026-03-29T21:13:52.897+0000] {dagbag.py:588} INFO - Filling up the DagBag from /home/ec2-user/environment/lab4_model_training/dags/ml_pipeline_dag.py
[2026-03-29T21:13:54.097+0000] {processor.py:925} INFO - DAG(s) 'ml_pipeline' retrieved from /home/ec2-user/environment/lab4_model_training/dags/ml_pipeline_dag.py
[2026-03-29T21:13:54.109+0000] {logging_mixin.py:190} INFO - [2026-03-29T21:13:54.109+0000] {dag.py:3239} INFO - Sync 1 DAGs
[2026-03-29T21:13:54.117+0000] {logging_mixin.py:190} INFO - [2026-03-29T21:13:54.117+0000] {dag.py:4180} INFO - Setting next_dagrun for ml_pipeline to None, run_after=None
[2026-03-29T21:13:54.132+0000] {processor.py:208} INFO - Processing /home/ec2-user/environment/lab4_model_training/dags/ml_pipeline_dag.py took 1.242 seconds
[2026-03-29T21:14:24.363+0000] {processor.py:186} INFO - Started process (PID=13872) to work on /home/ec2-user/environment/lab4_model_training/dags/ml_pipeline_dag.py
[2026-03-29T21:14:24.364+0000] {processor.py:914} INFO - Processing file /home/ec2-user/environment/lab4_model_training/dags/ml_pipeline_dag.py for tasks to queue
[2026-03-29T21:14:24.365+0000] {logging_mixin.py:190} INFO - [2026-03-29T21:14:24.364+0000] {dagbag.py:588} INFO - Filling up the DagBag from /home/ec2-user/environment/lab4_model_training/dags/ml_pipeline_dag.py
[2026-03-29T21:14:25.599+0000] {processor.py:925} INFO - DAG(s) 'ml_pipeline' retrieved from /home/ec2-user/environment/lab4_model_training/dags/ml_pipeline_dag.py
[2026-03-29T21:14:25.611+0000] {logging_mixin.py:190} INFO - [2026-03-29T21:14:25.611+0000] {dag.py:3239} INFO - Sync 1 DAGs
[2026-03-29T21:14:25.619+0000] {logging_mixin.py:190} INFO - [2026-03-29T21:14:25.619+0000] {dag.py:4180} INFO - Setting next_dagrun for ml_pipeline to None, run_after=None
[2026-03-29T21:14:25.635+0000] {processor.py:208} INFO - Processing /home/ec2-user/environment/lab4_model_training/dags/ml_pipeline_dag.py took 1.277 seconds
[2026-03-29T21:14:55.741+0000] {processor.py:186} INFO - Started process (PID=13884) to work on /home/ec2-user/environment/lab4_model_training/dags/ml_pipeline_dag.py
[2026-03-29T21:14:55.742+0000] {processor.py:914} INFO - Processing file /home/ec2-user/environment/lab4_model_training/dags/ml_pipeline_dag.py for tasks to queue
[2026-03-29T21:14:55.743+0000] {logging_mixin.py:190} INFO - [2026-03-29T21:14:55.743+0000] {dagbag.py:588} INFO - Filling up the DagBag from /home/ec2-user/environment/lab4_model_training/dags/ml_pipeline_dag.py
[2026-03-29T21:14:56.943+0000] {processor.py:925} INFO - DAG(s) 'ml_pipeline' retrieved from /home/ec2-user/environment/lab4_model_training/dags/ml_pipeline_dag.py
[2026-03-29T21:14:56.955+0000] {logging_mixin.py:190} INFO - [2026-03-29T21:14:56.955+0000] {dag.py:3239} INFO - Sync 1 DAGs
[2026-03-29T21:14:56.964+0000] {logging_mixin.py:190} INFO - [2026-03-29T21:14:56.964+0000] {dag.py:4180} INFO - Setting next_dagrun for ml_pipeline to None, run_after=None
[2026-03-29T21:14:56.979+0000] {processor.py:208} INFO - Processing /home/ec2-user/environment/lab4_model_training/dags/ml_pipeline_dag.py took 1.242 seconds
[2026-03-29T21:15:27.212+0000] {processor.py:186} INFO - Started process (PID=13905) to work on /home/ec2-user/environment/lab4_model_training/dags/ml_pipeline_dag.py
[2026-03-29T21:15:27.213+0000] {processor.py:914} INFO - Processing file /home/ec2-user/environment/lab4_model_training/dags/ml_pipeline_dag.py for tasks to queue
[2026-03-29T21:15:27.214+0000] {logging_mixin.py:190} INFO - [2026-03-29T21:15:27.213+0000] {dagbag.py:588} INFO - Filling up the DagBag from /home/ec2-user/environment/lab4_model_training/dags/ml_pipeline_dag.py
[2026-03-29T21:15:28.397+0000] {processor.py:925} INFO - DAG(s) 'ml_pipeline' retrieved from /home/ec2-user/environment/lab4_model_training/dags/ml_pipeline_dag.py
[2026-03-29T21:15:28.408+0000] {logging_mixin.py:190} INFO - [2026-03-29T21:15:28.408+0000] {dag.py:3239} INFO - Sync 1 DAGs
[2026-03-29T21:15:28.417+0000] {logging_mixin.py:190} INFO - [2026-03-29T21:15:28.417+0000] {dag.py:4180} INFO - Setting next_dagrun for ml_pipeline to None, run_after=None
[2026-03-29T21:15:28.432+0000] {processor.py:208} INFO - Processing /home/ec2-user/environment/lab4_model_training/dags/ml_pipeline_dag.py took 1.225 seconds
[2026-03-29T21:15:58.587+0000] {processor.py:186} INFO - Started process (PID=13917) to work on /home/ec2-user/environment/lab4_model_training/dags/ml_pipeline_dag.py
[2026-03-29T21:15:58.589+0000] {processor.py:914} INFO - Processing file /home/ec2-user/environment/lab4_model_training/dags/ml_pipeline_dag.py for tasks to queue
[2026-03-29T21:15:58.590+0000] {logging_mixin.py:190} INFO - [2026-03-29T21:15:58.589+0000] {dagbag.py:588} INFO - Filling up the DagBag from /home/ec2-user/environment/lab4_model_training/dags/ml_pipeline_dag.py
[2026-03-29T21:15:59.773+0000] {processor.py:925} INFO - DAG(s) 'ml_pipeline' retrieved from /home/ec2-user/environment/lab4_model_training/dags/ml_pipeline_dag.py
[2026-03-29T21:15:59.786+0000] {logging_mixin.py:190} INFO - [2026-03-29T21:15:59.785+0000] {dag.py:3239} INFO - Sync 1 DAGs
[2026-03-29T21:15:59.794+0000] {logging_mixin.py:190} INFO - [2026-03-29T21:15:59.794+0000] {dag.py:4180} INFO - Setting next_dagrun for ml_pipeline to None, run_after=None
[2026-03-29T21:15:59.809+0000] {processor.py:208} INFO - Processing /home/ec2-user/environment/lab4_model_training/dags/ml_pipeline_dag.py took 1.227 seconds
[2026-03-29T21:16:29.956+0000] {processor.py:186} INFO - Started process (PID=14030) to work on /home/ec2-user/environment/lab4_model_training/dags/ml_pipeline_dag.py
[2026-03-29T21:16:29.957+0000] {processor.py:914} INFO - Processing file /home/ec2-user/environment/lab4_model_training/dags/ml_pipeline_dag.py for tasks to queue
[2026-03-29T21:16:29.958+0000] {logging_mixin.py:190} INFO - [2026-03-29T21:16:29.958+0000] {dagbag.py:588} INFO - Filling up the DagBag from /home/ec2-user/environment/lab4_model_training/dags/ml_pipeline_dag.py
[2026-03-29T21:16:31.481+0000] {processor.py:925} INFO - DAG(s) 'ml_pipeline' retrieved from /home/ec2-user/environment/lab4_model_training/dags/ml_pipeline_dag.py
[2026-03-29T21:16:31.501+0000] {logging_mixin.py:190} INFO - [2026-03-29T21:16:31.500+0000] {dag.py:3239} INFO - Sync 1 DAGs
[2026-03-29T21:16:31.514+0000] {logging_mixin.py:190} INFO - [2026-03-29T21:16:31.514+0000] {dag.py:4180} INFO - Setting next_dagrun for ml_pipeline to None, run_after=None
[2026-03-29T21:16:31.536+0000] {processor.py:208} INFO - Processing /home/ec2-user/environment/lab4_model_training/dags/ml_pipeline_dag.py took 1.585 seconds
[2026-03-29T21:17:02.369+0000] {processor.py:186} INFO - Started process (PID=14228) to work on /home/ec2-user/environment/lab4_model_training/dags/ml_pipeline_dag.py
[2026-03-29T21:17:02.371+0000] {processor.py:914} INFO - Processing file /home/ec2-user/environment/lab4_model_training/dags/ml_pipeline_dag.py for tasks to queue
[2026-03-29T21:17:02.372+0000] {logging_mixin.py:190} INFO - [2026-03-29T21:17:02.371+0000] {dagbag.py:588} INFO - Filling up the DagBag from /home/ec2-user/environment/lab4_model_training/dags/ml_pipeline_dag.py
[2026-03-29T21:17:03.558+0000] {processor.py:925} INFO - DAG(s) 'ml_pipeline' retrieved from /home/ec2-user/environment/lab4_model_training/dags/ml_pipeline_dag.py
[2026-03-29T21:17:03.570+0000] {logging_mixin.py:190} INFO - [2026-03-29T21:17:03.569+0000] {dag.py:3239} INFO - Sync 1 DAGs
[2026-03-29T21:17:03.578+0000] {logging_mixin.py:190} INFO - [2026-03-29T21:17:03.578+0000] {dag.py:4180} INFO - Setting next_dagrun for ml_pipeline to None, run_after=None
[2026-03-29T21:17:03.593+0000] {processor.py:208} INFO - Processing /home/ec2-user/environment/lab4_model_training/dags/ml_pipeline_dag.py took 1.229 seconds
[2026-03-29T21:17:33.838+0000] {processor.py:186} INFO - Started process (PID=14258) to work on /home/ec2-user/environment/lab4_model_training/dags/ml_pipeline_dag.py
[2026-03-29T21:17:33.839+0000] {processor.py:914} INFO - Processing file /home/ec2-user/environment/lab4_model_training/dags/ml_pipeline_dag.py for tasks to queue
[2026-03-29T21:17:33.840+0000] {logging_mixin.py:190} INFO - [2026-03-29T21:17:33.839+0000] {dagbag.py:588} INFO - Filling up the DagBag from /home/ec2-user/environment/lab4_model_training/dags/ml_pipeline_dag.py
[2026-03-29T21:17:35.066+0000] {processor.py:925} INFO - DAG(s) 'ml_pipeline' retrieved from /home/ec2-user/environment/lab4_model_training/dags/ml_pipeline_dag.py
[2026-03-29T21:17:35.078+0000] {logging_mixin.py:190} INFO - [2026-03-29T21:17:35.078+0000] {dag.py:3239} INFO - Sync 1 DAGs
[2026-03-29T21:17:35.086+0000] {logging_mixin.py:190} INFO - [2026-03-29T21:17:35.086+0000] {dag.py:4180} INFO - Setting next_dagrun for ml_pipeline to None, run_after=None
[2026-03-29T21:17:35.103+0000] {processor.py:208} INFO - Processing /home/ec2-user/environment/lab4_model_training/dags/ml_pipeline_dag.py took 1.270 seconds
[2026-03-29T21:18:05.312+0000] {processor.py:186} INFO - Started process (PID=14299) to work on /home/ec2-user/environment/lab4_model_training/dags/ml_pipeline_dag.py
[2026-03-29T21:18:05.313+0000] {processor.py:914} INFO - Processing file /home/ec2-user/environment/lab4_model_training/dags/ml_pipeline_dag.py for tasks to queue
[2026-03-29T21:18:05.314+0000] {logging_mixin.py:190} INFO - [2026-03-29T21:18:05.313+0000] {dagbag.py:588} INFO - Filling up the DagBag from /home/ec2-user/environment/lab4_model_training/dags/ml_pipeline_dag.py
[2026-03-29T21:18:06.536+0000] {processor.py:925} INFO - DAG(s) 'ml_pipeline' retrieved from /home/ec2-user/environment/lab4_model_training/dags/ml_pipeline_dag.py
[2026-03-29T21:18:06.548+0000] {logging_mixin.py:190} INFO - [2026-03-29T21:18:06.548+0000] {dag.py:3239} INFO - Sync 1 DAGs
[2026-03-29T21:18:06.558+0000] {logging_mixin.py:190} INFO - [2026-03-29T21:18:06.558+0000] {dag.py:4180} INFO - Setting next_dagrun for ml_pipeline to None, run_after=None
[2026-03-29T21:18:06.573+0000] {processor.py:208} INFO - Processing /home/ec2-user/environment/lab4_model_training/dags/ml_pipeline_dag.py took 1.266 seconds
[2026-03-29T21:18:36.795+0000] {processor.py:186} INFO - Started process (PID=14382) to work on /home/ec2-user/environment/lab4_model_training/dags/ml_pipeline_dag.py
[2026-03-29T21:18:36.796+0000] {processor.py:914} INFO - Processing file /home/ec2-user/environment/lab4_model_training/dags/ml_pipeline_dag.py for tasks to queue
[2026-03-29T21:18:36.797+0000] {logging_mixin.py:190} INFO - [2026-03-29T21:18:36.797+0000] {dagbag.py:588} INFO - Filling up the DagBag from /home/ec2-user/environment/lab4_model_training/dags/ml_pipeline_dag.py
[2026-03-29T21:18:38.037+0000] {processor.py:925} INFO - DAG(s) 'ml_pipeline' retrieved from /home/ec2-user/environment/lab4_model_training/dags/ml_pipeline_dag.py
[2026-03-29T21:18:38.049+0000] {logging_mixin.py:190} INFO - [2026-03-29T21:18:38.048+0000] {dag.py:3239} INFO - Sync 1 DAGs
[2026-03-29T21:18:38.058+0000] {logging_mixin.py:190} INFO - [2026-03-29T21:18:38.058+0000] {dag.py:4180} INFO - Setting next_dagrun for ml_pipeline to None, run_after=None
[2026-03-29T21:18:38.073+0000] {processor.py:208} INFO - Processing /home/ec2-user/environment/lab4_model_training/dags/ml_pipeline_dag.py took 1.283 seconds
[2026-03-29T21:19:08.358+0000] {processor.py:186} INFO - Started process (PID=14421) to work on /home/ec2-user/environment/lab4_model_training/dags/ml_pipeline_dag.py
[2026-03-29T21:19:08.358+0000] {processor.py:914} INFO - Processing file /home/ec2-user/environment/lab4_model_training/dags/ml_pipeline_dag.py for tasks to queue
[2026-03-29T21:19:08.359+0000] {logging_mixin.py:190} INFO - [2026-03-29T21:19:08.359+0000] {dagbag.py:588} INFO - Filling up the DagBag from /home/ec2-user/environment/lab4_model_training/dags/ml_pipeline_dag.py
[2026-03-29T21:19:09.576+0000] {processor.py:925} INFO - DAG(s) 'ml_pipeline' retrieved from /home/ec2-user/environment/lab4_model_training/dags/ml_pipeline_dag.py
[2026-03-29T21:19:09.589+0000] {logging_mixin.py:190} INFO - [2026-03-29T21:19:09.588+0000] {dag.py:3239} INFO - Sync 1 DAGs
[2026-03-29T21:19:09.597+0000] {logging_mixin.py:190} INFO - [2026-03-29T21:19:09.596+0000] {dag.py:4180} INFO - Setting next_dagrun for ml_pipeline to None, run_after=None
[2026-03-29T21:19:09.611+0000] {processor.py:208} INFO - Processing /home/ec2-user/environment/lab4_model_training/dags/ml_pipeline_dag.py took 1.258 seconds
[2026-03-29T21:19:39.936+0000] {processor.py:186} INFO - Started process (PID=14449) to work on /home/ec2-user/environment/lab4_model_training/dags/ml_pipeline_dag.py
[2026-03-29T21:19:39.937+0000] {processor.py:914} INFO - Processing file /home/ec2-user/environment/lab4_model_training/dags/ml_pipeline_dag.py for tasks to queue
[2026-03-29T21:19:39.938+0000] {logging_mixin.py:190} INFO - [2026-03-29T21:19:39.938+0000] {dagbag.py:588} INFO - Filling up the DagBag from /home/ec2-user/environment/lab4_model_training/dags/ml_pipeline_dag.py
[2026-03-29T21:19:41.156+0000] {processor.py:925} INFO - DAG(s) 'ml_pipeline' retrieved from /home/ec2-user/environment/lab4_model_training/dags/ml_pipeline_dag.py
[2026-03-29T21:19:41.168+0000] {logging_mixin.py:190} INFO - [2026-03-29T21:19:41.168+0000] {dag.py:3239} INFO - Sync 1 DAGs
[2026-03-29T21:19:41.177+0000] {logging_mixin.py:190} INFO - [2026-03-29T21:19:41.177+0000] {dag.py:4180} INFO - Setting next_dagrun for ml_pipeline to None, run_after=None
[2026-03-29T21:19:41.192+0000] {processor.py:208} INFO - Processing /home/ec2-user/environment/lab4_model_training/dags/ml_pipeline_dag.py took 1.261 seconds
[2026-03-29T21:20:11.523+0000] {processor.py:186} INFO - Started process (PID=14493) to work on /home/ec2-user/environment/lab4_model_training/dags/ml_pipeline_dag.py
[2026-03-29T21:20:11.524+0000] {processor.py:914} INFO - Processing file /home/ec2-user/environment/lab4_model_training/dags/ml_pipeline_dag.py for tasks to queue
[2026-03-29T21:20:11.525+0000] {logging_mixin.py:190} INFO - [2026-03-29T21:20:11.524+0000] {dagbag.py:588} INFO - Filling up the DagBag from /home/ec2-user/environment/lab4_model_training/dags/ml_pipeline_dag.py
[2026-03-29T21:20:12.752+0000] {processor.py:925} INFO - DAG(s) 'ml_pipeline' retrieved from /home/ec2-user/environment/lab4_model_training/dags/ml_pipeline_dag.py
[2026-03-29T21:20:12.764+0000] {logging_mixin.py:190} INFO - [2026-03-29T21:20:12.764+0000] {dag.py:3239} INFO - Sync 1 DAGs
[2026-03-29T21:20:12.772+0000] {logging_mixin.py:190} INFO - [2026-03-29T21:20:12.772+0000] {dag.py:4180} INFO - Setting next_dagrun for ml_pipeline to None, run_after=None
[2026-03-29T21:20:12.787+0000] {processor.py:208} INFO - Processing /home/ec2-user/environment/lab4_model_training/dags/ml_pipeline_dag.py took 1.270 seconds
[2026-03-29T21:20:43.087+0000] {processor.py:186} INFO - Started process (PID=14572) to work on /home/ec2-user/environment/lab4_model_training/dags/ml_pipeline_dag.py
[2026-03-29T21:20:43.088+0000] {processor.py:914} INFO - Processing file /home/ec2-user/environment/lab4_model_training/dags/ml_pipeline_dag.py for tasks to queue
[2026-03-29T21:20:43.089+0000] {logging_mixin.py:190} INFO - [2026-03-29T21:20:43.089+0000] {dagbag.py:588} INFO - Filling up the DagBag from /home/ec2-user/environment/lab4_model_training/dags/ml_pipeline_dag.py
[2026-03-29T21:20:44.307+0000] {processor.py:925} INFO - DAG(s) 'ml_pipeline' retrieved from /home/ec2-user/environment/lab4_model_training/dags/ml_pipeline_dag.py
[2026-03-29T21:20:44.319+0000] {logging_mixin.py:190} INFO - [2026-03-29T21:20:44.318+0000] {dag.py:3239} INFO - Sync 1 DAGs
[2026-03-29T21:20:44.327+0000] {logging_mixin.py:190} INFO - [2026-03-29T21:20:44.326+0000] {dag.py:4180} INFO - Setting next_dagrun for ml_pipeline to None, run_after=None
[2026-03-29T21:20:44.343+0000] {processor.py:208} INFO - Processing /home/ec2-user/environment/lab4_model_training/dags/ml_pipeline_dag.py took 1.260 seconds
[2026-03-29T21:21:14.459+0000] {processor.py:186} INFO - Started process (PID=14616) to work on /home/ec2-user/environment/lab4_model_training/dags/ml_pipeline_dag.py
[2026-03-29T21:21:14.459+0000] {processor.py:914} INFO - Processing file /home/ec2-user/environment/lab4_model_training/dags/ml_pipeline_dag.py for tasks to queue
[2026-03-29T21:21:14.460+0000] {logging_mixin.py:190} INFO - [2026-03-29T21:21:14.460+0000] {dagbag.py:588} INFO - Filling up the DagBag from /home/ec2-user/environment/lab4_model_training/dags/ml_pipeline_dag.py
[2026-03-29T21:21:15.669+0000] {processor.py:925} INFO - DAG(s) 'ml_pipeline' retrieved from /home/ec2-user/environment/lab4_model_training/dags/ml_pipeline_dag.py
[2026-03-29T21:21:15.681+0000] {logging_mixin.py:190} INFO - [2026-03-29T21:21:15.681+0000] {dag.py:3239} INFO - Sync 1 DAGs
[2026-03-29T21:21:15.690+0000] {logging_mixin.py:190} INFO - [2026-03-29T21:21:15.690+0000] {dag.py:4180} INFO - Setting next_dagrun for ml_pipeline to None, run_after=None
[2026-03-29T21:21:15.705+0000] {processor.py:208} INFO - Processing /home/ec2-user/environment/lab4_model_training/dags/ml_pipeline_dag.py took 1.251 seconds
[2026-03-29T21:21:45.934+0000] {processor.py:186} INFO - Started process (PID=14649) to work on /home/ec2-user/environment/lab4_model_training/dags/ml_pipeline_dag.py
[2026-03-29T21:21:45.936+0000] {processor.py:914} INFO - Processing file /home/ec2-user/environment/lab4_model_training/dags/ml_pipeline_dag.py for tasks to queue
[2026-03-29T21:21:45.937+0000] {logging_mixin.py:190} INFO - [2026-03-29T21:21:45.936+0000] {dagbag.py:588} INFO - Filling up the DagBag from /home/ec2-user/environment/lab4_model_training/dags/ml_pipeline_dag.py
[2026-03-29T21:21:47.150+0000] {processor.py:925} INFO - DAG(s) 'ml_pipeline' retrieved from /home/ec2-user/environment/lab4_model_training/dags/ml_pipeline_dag.py
[2026-03-29T21:21:47.161+0000] {logging_mixin.py:190} INFO - [2026-03-29T21:21:47.161+0000] {dag.py:3239} INFO - Sync 1 DAGs
[2026-03-29T21:21:47.170+0000] {logging_mixin.py:190} INFO - [2026-03-29T21:21:47.170+0000] {dag.py:4180} INFO - Setting next_dagrun for ml_pipeline to None, run_after=None
[2026-03-29T21:21:47.185+0000] {processor.py:208} INFO - Processing /home/ec2-user/environment/lab4_model_training/dags/ml_pipeline_dag.py took 1.256 seconds
[2026-03-29T21:22:20.041+0000] {processor.py:186} INFO - Started process (PID=14764) to work on /home/ec2-user/environment/lab4_model_training/dags/ml_pipeline_dag.py
[2026-03-29T21:22:20.042+0000] {processor.py:914} INFO - Processing file /home/ec2-user/environment/lab4_model_training/dags/ml_pipeline_dag.py for tasks to queue
[2026-03-29T21:22:20.043+0000] {logging_mixin.py:190} INFO - [2026-03-29T21:22:20.043+0000] {dagbag.py:588} INFO - Filling up the DagBag from /home/ec2-user/environment/lab4_model_training/dags/ml_pipeline_dag.py
[2026-03-29T21:22:21.235+0000] {processor.py:925} INFO - DAG(s) 'ml_pipeline' retrieved from /home/ec2-user/environment/lab4_model_training/dags/ml_pipeline_dag.py
[2026-03-29T21:22:21.247+0000] {logging_mixin.py:190} INFO - [2026-03-29T21:22:21.247+0000] {dag.py:3239} INFO - Sync 1 DAGs
[2026-03-29T21:22:21.255+0000] {logging_mixin.py:190} INFO - [2026-03-29T21:22:21.255+0000] {dag.py:4180} INFO - Setting next_dagrun for ml_pipeline to None, run_after=None
[2026-03-29T21:22:21.270+0000] {processor.py:208} INFO - Processing /home/ec2-user/environment/lab4_model_training/dags/ml_pipeline_dag.py took 1.234 seconds
[2026-03-29T21:22:52.251+0000] {processor.py:186} INFO - Started process (PID=14796) to work on /home/ec2-user/environment/lab4_model_training/dags/ml_pipeline_dag.py
[2026-03-29T21:22:52.252+0000] {processor.py:914} INFO - Processing file /home/ec2-user/environment/lab4_model_training/dags/ml_pipeline_dag.py for tasks to queue
[2026-03-29T21:22:52.253+0000] {logging_mixin.py:190} INFO - [2026-03-29T21:22:52.252+0000] {dagbag.py:588} INFO - Filling up the DagBag from /home/ec2-user/environment/lab4_model_training/dags/ml_pipeline_dag.py
[2026-03-29T21:22:53.453+0000] {processor.py:925} INFO - DAG(s) 'ml_pipeline' retrieved from /home/ec2-user/environment/lab4_model_training/dags/ml_pipeline_dag.py
[2026-03-29T21:22:53.465+0000] {logging_mixin.py:190} INFO - [2026-03-29T21:22:53.464+0000] {dag.py:3239} INFO - Sync 1 DAGs
[2026-03-29T21:22:53.473+0000] {logging_mixin.py:190} INFO - [2026-03-29T21:22:53.472+0000] {dag.py:4180} INFO - Setting next_dagrun for ml_pipeline to None, run_after=None
[2026-03-29T21:22:53.488+0000] {processor.py:208} INFO - Processing /home/ec2-user/environment/lab4_model_training/dags/ml_pipeline_dag.py took 1.242 seconds
[2026-03-29T21:23:23.771+0000] {processor.py:186} INFO - Started process (PID=14834) to work on /home/ec2-user/environment/lab4_model_training/dags/ml_pipeline_dag.py
[2026-03-29T21:23:23.772+0000] {processor.py:914} INFO - Processing file /home/ec2-user/environment/lab4_model_training/dags/ml_pipeline_dag.py for tasks to queue
[2026-03-29T21:23:23.773+0000] {logging_mixin.py:190} INFO - [2026-03-29T21:23:23.773+0000] {dagbag.py:588} INFO - Filling up the DagBag from /home/ec2-user/environment/lab4_model_training/dags/ml_pipeline_dag.py
[2026-03-29T21:23:24.970+0000] {processor.py:925} INFO - DAG(s) 'ml_pipeline' retrieved from /home/ec2-user/environment/lab4_model_training/dags/ml_pipeline_dag.py
[2026-03-29T21:23:24.981+0000] {logging_mixin.py:190} INFO - [2026-03-29T21:23:24.981+0000] {dag.py:3239} INFO - Sync 1 DAGs
[2026-03-29T21:23:24.989+0000] {logging_mixin.py:190} INFO - [2026-03-29T21:23:24.989+0000] {dag.py:4180} INFO - Setting next_dagrun for ml_pipeline to None, run_after=None
[2026-03-29T21:23:25.004+0000] {processor.py:208} INFO - Processing /home/ec2-user/environment/lab4_model_training/dags/ml_pipeline_dag.py took 1.238 seconds
[2026-03-29T21:23:55.291+0000] {processor.py:186} INFO - Started process (PID=14860) to work on /home/ec2-user/environment/lab4_model_training/dags/ml_pipeline_dag.py
[2026-03-29T21:23:55.292+0000] {processor.py:914} INFO - Processing file /home/ec2-user/environment/lab4_model_training/dags/ml_pipeline_dag.py for tasks to queue
[2026-03-29T21:23:55.293+0000] {logging_mixin.py:190} INFO - [2026-03-29T21:23:55.292+0000] {dagbag.py:588} INFO - Filling up the DagBag from /home/ec2-user/environment/lab4_model_training/dags/ml_pipeline_dag.py
[2026-03-29T21:23:56.493+0000] {processor.py:925} INFO - DAG(s) 'ml_pipeline' retrieved from /home/ec2-user/environment/lab4_model_training/dags/ml_pipeline_dag.py
[2026-03-29T21:23:56.505+0000] {logging_mixin.py:190} INFO - [2026-03-29T21:23:56.504+0000] {dag.py:3239} INFO - Sync 1 DAGs
[2026-03-29T21:23:56.512+0000] {logging_mixin.py:190} INFO - [2026-03-29T21:23:56.512+0000] {dag.py:4180} INFO - Setting next_dagrun for ml_pipeline to None, run_after=None
[2026-03-29T21:23:56.529+0000] {processor.py:208} INFO - Processing /home/ec2-user/environment/lab4_model_training/dags/ml_pipeline_dag.py took 1.243 seconds
[2026-03-29T21:24:26.825+0000] {processor.py:186} INFO - Started process (PID=14974) to work on /home/ec2-user/environment/lab4_model_training/dags/ml_pipeline_dag.py
[2026-03-29T21:24:26.826+0000] {processor.py:914} INFO - Processing file /home/ec2-user/environment/lab4_model_training/dags/ml_pipeline_dag.py for tasks to queue
[2026-03-29T21:24:26.827+0000] {logging_mixin.py:190} INFO - [2026-03-29T21:24:26.827+0000] {dagbag.py:588} INFO - Filling up the DagBag from /home/ec2-user/environment/lab4_model_training/dags/ml_pipeline_dag.py
[2026-03-29T21:24:28.035+0000] {processor.py:925} INFO - DAG(s) 'ml_pipeline' retrieved from /home/ec2-user/environment/lab4_model_training/dags/ml_pipeline_dag.py
[2026-03-29T21:24:28.047+0000] {logging_mixin.py:190} INFO - [2026-03-29T21:24:28.046+0000] {dag.py:3239} INFO - Sync 1 DAGs
[2026-03-29T21:24:28.056+0000] {logging_mixin.py:190} INFO - [2026-03-29T21:24:28.056+0000] {dag.py:4180} INFO - Setting next_dagrun for ml_pipeline to None, run_after=None
[2026-03-29T21:24:28.071+0000] {processor.py:208} INFO - Processing /home/ec2-user/environment/lab4_model_training/dags/ml_pipeline_dag.py took 1.252 seconds
[2026-03-29T21:24:58.346+0000] {processor.py:186} INFO - Started process (PID=15013) to work on /home/ec2-user/environment/lab4_model_training/dags/ml_pipeline_dag.py
[2026-03-29T21:24:58.347+0000] {processor.py:914} INFO - Processing file /home/ec2-user/environment/lab4_model_training/dags/ml_pipeline_dag.py for tasks to queue
[2026-03-29T21:24:58.349+0000] {logging_mixin.py:190} INFO - [2026-03-29T21:24:58.348+0000] {dagbag.py:588} INFO - Filling up the DagBag from /home/ec2-user/environment/lab4_model_training/dags/ml_pipeline_dag.py
[2026-03-29T21:24:59.530+0000] {processor.py:925} INFO - DAG(s) 'ml_pipeline' retrieved from /home/ec2-user/environment/lab4_model_training/dags/ml_pipeline_dag.py
[2026-03-29T21:24:59.541+0000] {logging_mixin.py:190} INFO - [2026-03-29T21:24:59.541+0000] {dag.py:3239} INFO - Sync 1 DAGs
[2026-03-29T21:24:59.656+0000] {logging_mixin.py:190} INFO - [2026-03-29T21:24:59.656+0000] {dag.py:4180} INFO - Setting next_dagrun for ml_pipeline to None, run_after=None
[2026-03-29T21:24:59.672+0000] {processor.py:208} INFO - Processing /home/ec2-user/environment/lab4_model_training/dags/ml_pipeline_dag.py took 1.331 seconds
[2026-03-29T21:25:29.964+0000] {processor.py:186} INFO - Started process (PID=15099) to work on /home/ec2-user/environment/lab4_model_training/dags/ml_pipeline_dag.py
[2026-03-29T21:25:29.965+0000] {processor.py:914} INFO - Processing file /home/ec2-user/environment/lab4_model_training/dags/ml_pipeline_dag.py for tasks to queue
[2026-03-29T21:25:29.966+0000] {logging_mixin.py:190} INFO - [2026-03-29T21:25:29.966+0000] {dagbag.py:588} INFO - Filling up the DagBag from /home/ec2-user/environment/lab4_model_training/dags/ml_pipeline_dag.py
[2026-03-29T21:25:31.144+0000] {processor.py:925} INFO - DAG(s) 'ml_pipeline' retrieved from /home/ec2-user/environment/lab4_model_training/dags/ml_pipeline_dag.py
[2026-03-29T21:25:31.156+0000] {logging_mixin.py:190} INFO - [2026-03-29T21:25:31.156+0000] {dag.py:3239} INFO - Sync 1 DAGs
[2026-03-29T21:25:31.164+0000] {logging_mixin.py:190} INFO - [2026-03-29T21:25:31.164+0000] {dag.py:4180} INFO - Setting next_dagrun for ml_pipeline to None, run_after=None
[2026-03-29T21:25:31.179+0000] {processor.py:208} INFO - Processing /home/ec2-user/environment/lab4_model_training/dags/ml_pipeline_dag.py took 1.220 seconds
[2026-03-29T21:26:01.478+0000] {processor.py:186} INFO - Started process (PID=15125) to work on /home/ec2-user/environment/lab4_model_training/dags/ml_pipeline_dag.py
[2026-03-29T21:26:01.480+0000] {processor.py:914} INFO - Processing file /home/ec2-user/environment/lab4_model_training/dags/ml_pipeline_dag.py for tasks to queue
[2026-03-29T21:26:01.480+0000] {logging_mixin.py:190} INFO - [2026-03-29T21:26:01.480+0000] {dagbag.py:588} INFO - Filling up the DagBag from /home/ec2-user/environment/lab4_model_training/dags/ml_pipeline_dag.py
[2026-03-29T21:26:02.688+0000] {processor.py:925} INFO - DAG(s) 'ml_pipeline' retrieved from /home/ec2-user/environment/lab4_model_training/dags/ml_pipeline_dag.py
[2026-03-29T21:26:02.700+0000] {logging_mixin.py:190} INFO - [2026-03-29T21:26:02.699+0000] {dag.py:3239} INFO - Sync 1 DAGs
[2026-03-29T21:26:02.708+0000] {logging_mixin.py:190} INFO - [2026-03-29T21:26:02.708+0000] {dag.py:4180} INFO - Setting next_dagrun for ml_pipeline to None, run_after=None
[2026-03-29T21:26:02.722+0000] {processor.py:208} INFO - Processing /home/ec2-user/environment/lab4_model_training/dags/ml_pipeline_dag.py took 1.249 seconds
[2026-03-29T21:26:32.996+0000] {processor.py:186} INFO - Started process (PID=15175) to work on /home/ec2-user/environment/lab4_model_training/dags/ml_pipeline_dag.py
[2026-03-29T21:26:32.998+0000] {processor.py:914} INFO - Processing file /home/ec2-user/environment/lab4_model_training/dags/ml_pipeline_dag.py for tasks to queue
[2026-03-29T21:26:32.999+0000] {logging_mixin.py:190} INFO - [2026-03-29T21:26:32.998+0000] {dagbag.py:588} INFO - Filling up the DagBag from /home/ec2-user/environment/lab4_model_training/dags/ml_pipeline_dag.py
[2026-03-29T21:26:34.204+0000] {processor.py:925} INFO - DAG(s) 'ml_pipeline' retrieved from /home/ec2-user/environment/lab4_model_training/dags/ml_pipeline_dag.py
[2026-03-29T21:26:34.216+0000] {logging_mixin.py:190} INFO - [2026-03-29T21:26:34.215+0000] {dag.py:3239} INFO - Sync 1 DAGs
[2026-03-29T21:26:34.223+0000] {logging_mixin.py:190} INFO - [2026-03-29T21:26:34.223+0000] {dag.py:4180} INFO - Setting next_dagrun for ml_pipeline to None, run_after=None
[2026-03-29T21:26:34.239+0000] {processor.py:208} INFO - Processing /home/ec2-user/environment/lab4_model_training/dags/ml_pipeline_dag.py took 1.247 seconds
[2026-03-29T21:27:04.516+0000] {processor.py:186} INFO - Started process (PID=15216) to work on /home/ec2-user/environment/lab4_model_training/dags/ml_pipeline_dag.py
[2026-03-29T21:27:04.517+0000] {processor.py:914} INFO - Processing file /home/ec2-user/environment/lab4_model_training/dags/ml_pipeline_dag.py for tasks to queue
[2026-03-29T21:27:04.518+0000] {logging_mixin.py:190} INFO - [2026-03-29T21:27:04.518+0000] {dagbag.py:588} INFO - Filling up the DagBag from /home/ec2-user/environment/lab4_model_training/dags/ml_pipeline_dag.py
[2026-03-29T21:27:05.743+0000] {processor.py:925} INFO - DAG(s) 'ml_pipeline' retrieved from /home/ec2-user/environment/lab4_model_training/dags/ml_pipeline_dag.py
[2026-03-29T21:27:05.755+0000] {logging_mixin.py:190} INFO - [2026-03-29T21:27:05.754+0000] {dag.py:3239} INFO - Sync 1 DAGs
[2026-03-29T21:27:05.763+0000] {logging_mixin.py:190} INFO - [2026-03-29T21:27:05.763+0000] {dag.py:4180} INFO - Setting next_dagrun for ml_pipeline to None, run_after=None
[2026-03-29T21:27:05.779+0000] {processor.py:208} INFO - Processing /home/ec2-user/environment/lab4_model_training/dags/ml_pipeline_dag.py took 1.267 seconds
[2026-03-29T21:27:36.003+0000] {processor.py:186} INFO - Started process (PID=15295) to work on /home/ec2-user/environment/lab4_model_training/dags/ml_pipeline_dag.py
[2026-03-29T21:27:36.004+0000] {processor.py:914} INFO - Processing file /home/ec2-user/environment/lab4_model_training/dags/ml_pipeline_dag.py for tasks to queue
[2026-03-29T21:27:36.004+0000] {logging_mixin.py:190} INFO - [2026-03-29T21:27:36.004+0000] {dagbag.py:588} INFO - Filling up the DagBag from /home/ec2-user/environment/lab4_model_training/dags/ml_pipeline_dag.py
[2026-03-29T21:27:37.208+0000] {processor.py:925} INFO - DAG(s) 'ml_pipeline' retrieved from /home/ec2-user/environment/lab4_model_training/dags/ml_pipeline_dag.py
[2026-03-29T21:27:37.220+0000] {logging_mixin.py:190} INFO - [2026-03-29T21:27:37.220+0000] {dag.py:3239} INFO - Sync 1 DAGs
[2026-03-29T21:27:37.229+0000] {logging_mixin.py:190} INFO - [2026-03-29T21:27:37.229+0000] {dag.py:4180} INFO - Setting next_dagrun for ml_pipeline to None, run_after=None
[2026-03-29T21:27:37.338+0000] {processor.py:208} INFO - Processing /home/ec2-user/environment/lab4_model_training/dags/ml_pipeline_dag.py took 1.340 seconds
[2026-03-29T21:28:07.627+0000] {processor.py:186} INFO - Started process (PID=15334) to work on /home/ec2-user/environment/lab4_model_training/dags/ml_pipeline_dag.py
[2026-03-29T21:28:07.628+0000] {processor.py:914} INFO - Processing file /home/ec2-user/environment/lab4_model_training/dags/ml_pipeline_dag.py for tasks to queue
[2026-03-29T21:28:07.629+0000] {logging_mixin.py:190} INFO - [2026-03-29T21:28:07.629+0000] {dagbag.py:588} INFO - Filling up the DagBag from /home/ec2-user/environment/lab4_model_training/dags/ml_pipeline_dag.py
[2026-03-29T21:28:08.853+0000] {processor.py:925} INFO - DAG(s) 'ml_pipeline' retrieved from /home/ec2-user/environment/lab4_model_training/dags/ml_pipeline_dag.py
[2026-03-29T21:28:08.866+0000] {logging_mixin.py:190} INFO - [2026-03-29T21:28:08.865+0000] {dag.py:3239} INFO - Sync 1 DAGs
[2026-03-29T21:28:08.977+0000] {logging_mixin.py:190} INFO - [2026-03-29T21:28:08.977+0000] {dag.py:4180} INFO - Setting next_dagrun for ml_pipeline to None, run_after=None
[2026-03-29T21:28:08.993+0000] {processor.py:208} INFO - Processing /home/ec2-user/environment/lab4_model_training/dags/ml_pipeline_dag.py took 1.370 seconds
[2026-03-29T21:28:39.251+0000] {processor.py:186} INFO - Started process (PID=15360) to work on /home/ec2-user/environment/lab4_model_training/dags/ml_pipeline_dag.py
[2026-03-29T21:28:39.252+0000] {processor.py:914} INFO - Processing file /home/ec2-user/environment/lab4_model_training/dags/ml_pipeline_dag.py for tasks to queue
[2026-03-29T21:28:39.253+0000] {logging_mixin.py:190} INFO - [2026-03-29T21:28:39.253+0000] {dagbag.py:588} INFO - Filling up the DagBag from /home/ec2-user/environment/lab4_model_training/dags/ml_pipeline_dag.py
[2026-03-29T21:28:40.478+0000] {processor.py:925} INFO - DAG(s) 'ml_pipeline' retrieved from /home/ec2-user/environment/lab4_model_training/dags/ml_pipeline_dag.py
[2026-03-29T21:28:40.594+0000] {logging_mixin.py:190} INFO - [2026-03-29T21:28:40.594+0000] {dag.py:3239} INFO - Sync 1 DAGs
[2026-03-29T21:28:40.603+0000] {logging_mixin.py:190} INFO - [2026-03-29T21:28:40.602+0000] {dag.py:4180} INFO - Setting next_dagrun for ml_pipeline to None, run_after=None
[2026-03-29T21:28:40.618+0000] {processor.py:208} INFO - Processing /home/ec2-user/environment/lab4_model_training/dags/ml_pipeline_dag.py took 1.371 seconds
[2026-03-29T21:29:10.854+0000] {processor.py:186} INFO - Started process (PID=15398) to work on /home/ec2-user/environment/lab4_model_training/dags/ml_pipeline_dag.py
[2026-03-29T21:29:10.855+0000] {processor.py:914} INFO - Processing file /home/ec2-user/environment/lab4_model_training/dags/ml_pipeline_dag.py for tasks to queue
[2026-03-29T21:29:10.856+0000] {logging_mixin.py:190} INFO - [2026-03-29T21:29:10.856+0000] {dagbag.py:588} INFO - Filling up the DagBag from /home/ec2-user/environment/lab4_model_training/dags/ml_pipeline_dag.py
[2026-03-29T21:29:12.081+0000] {processor.py:925} INFO - DAG(s) 'ml_pipeline' retrieved from /home/ec2-user/environment/lab4_model_training/dags/ml_pipeline_dag.py
[2026-03-29T21:29:12.093+0000] {logging_mixin.py:190} INFO - [2026-03-29T21:29:12.093+0000] {dag.py:3239} INFO - Sync 1 DAGs
[2026-03-29T21:29:12.101+0000] {logging_mixin.py:190} INFO - [2026-03-29T21:29:12.101+0000] {dag.py:4180} INFO - Setting next_dagrun for ml_pipeline to None, run_after=None
[2026-03-29T21:29:12.116+0000] {processor.py:208} INFO - Processing /home/ec2-user/environment/lab4_model_training/dags/ml_pipeline_dag.py took 1.267 seconds
[2026-03-29T21:29:43.038+0000] {processor.py:186} INFO - Started process (PID=15473) to work on /home/ec2-user/environment/lab4_model_training/dags/ml_pipeline_dag.py
[2026-03-29T21:29:43.039+0000] {processor.py:914} INFO - Processing file /home/ec2-user/environment/lab4_model_training/dags/ml_pipeline_dag.py for tasks to queue
[2026-03-29T21:29:43.040+0000] {logging_mixin.py:190} INFO - [2026-03-29T21:29:43.039+0000] {dagbag.py:588} INFO - Filling up the DagBag from /home/ec2-user/environment/lab4_model_training/dags/ml_pipeline_dag.py
[2026-03-29T21:29:44.278+0000] {processor.py:925} INFO - DAG(s) 'ml_pipeline' retrieved from /home/ec2-user/environment/lab4_model_training/dags/ml_pipeline_dag.py
[2026-03-29T21:29:44.290+0000] {logging_mixin.py:190} INFO - [2026-03-29T21:29:44.290+0000] {dag.py:3239} INFO - Sync 1 DAGs
[2026-03-29T21:29:44.299+0000] {logging_mixin.py:190} INFO - [2026-03-29T21:29:44.298+0000] {dag.py:4180} INFO - Setting next_dagrun for ml_pipeline to None, run_after=None
[2026-03-29T21:29:44.314+0000] {processor.py:208} INFO - Processing /home/ec2-user/environment/lab4_model_training/dags/ml_pipeline_dag.py took 1.280 seconds
[2026-03-29T21:30:14.715+0000] {processor.py:186} INFO - Started process (PID=15512) to work on /home/ec2-user/environment/lab4_model_training/dags/ml_pipeline_dag.py
[2026-03-29T21:30:14.716+0000] {processor.py:914} INFO - Processing file /home/ec2-user/environment/lab4_model_training/dags/ml_pipeline_dag.py for tasks to queue
[2026-03-29T21:30:14.717+0000] {logging_mixin.py:190} INFO - [2026-03-29T21:30:14.717+0000] {dagbag.py:588} INFO - Filling up the DagBag from /home/ec2-user/environment/lab4_model_training/dags/ml_pipeline_dag.py
[2026-03-29T21:30:15.941+0000] {processor.py:925} INFO - DAG(s) 'ml_pipeline' retrieved from /home/ec2-user/environment/lab4_model_training/dags/ml_pipeline_dag.py
[2026-03-29T21:30:15.953+0000] {logging_mixin.py:190} INFO - [2026-03-29T21:30:15.953+0000] {dag.py:3239} INFO - Sync 1 DAGs
[2026-03-29T21:30:15.961+0000] {logging_mixin.py:190} INFO - [2026-03-29T21:30:15.961+0000] {dag.py:4180} INFO - Setting next_dagrun for ml_pipeline to None, run_after=None
[2026-03-29T21:30:15.977+0000] {processor.py:208} INFO - Processing /home/ec2-user/environment/lab4_model_training/dags/ml_pipeline_dag.py took 1.266 seconds
[2026-03-29T21:30:46.409+0000] {processor.py:186} INFO - Started process (PID=15698) to work on /home/ec2-user/environment/lab4_model_training/dags/ml_pipeline_dag.py
[2026-03-29T21:30:46.411+0000] {processor.py:914} INFO - Processing file /home/ec2-user/environment/lab4_model_training/dags/ml_pipeline_dag.py for tasks to queue
[2026-03-29T21:30:46.412+0000] {logging_mixin.py:190} INFO - [2026-03-29T21:30:46.411+0000] {dagbag.py:588} INFO - Filling up the DagBag from /home/ec2-user/environment/lab4_model_training/dags/ml_pipeline_dag.py
[2026-03-29T21:30:47.632+0000] {processor.py:925} INFO - DAG(s) 'ml_pipeline' retrieved from /home/ec2-user/environment/lab4_model_training/dags/ml_pipeline_dag.py
[2026-03-29T21:30:47.644+0000] {logging_mixin.py:190} INFO - [2026-03-29T21:30:47.644+0000] {dag.py:3239} INFO - Sync 1 DAGs
[2026-03-29T21:30:47.653+0000] {logging_mixin.py:190} INFO - [2026-03-29T21:30:47.653+0000] {dag.py:4180} INFO - Setting next_dagrun for ml_pipeline to None, run_after=None
[2026-03-29T21:30:47.770+0000] {processor.py:208} INFO - Processing /home/ec2-user/environment/lab4_model_training/dags/ml_pipeline_dag.py took 1.366 seconds
[2026-03-29T21:31:17.897+0000] {processor.py:186} INFO - Started process (PID=15793) to work on /home/ec2-user/environment/lab4_model_training/dags/ml_pipeline_dag.py
[2026-03-29T21:31:17.898+0000] {processor.py:914} INFO - Processing file /home/ec2-user/environment/lab4_model_training/dags/ml_pipeline_dag.py for tasks to queue
[2026-03-29T21:31:17.899+0000] {logging_mixin.py:190} INFO - [2026-03-29T21:31:17.899+0000] {dagbag.py:588} INFO - Filling up the DagBag from /home/ec2-user/environment/lab4_model_training/dags/ml_pipeline_dag.py
[2026-03-29T21:31:19.125+0000] {processor.py:925} INFO - DAG(s) 'ml_pipeline' retrieved from /home/ec2-user/environment/lab4_model_training/dags/ml_pipeline_dag.py
[2026-03-29T21:31:19.137+0000] {logging_mixin.py:190} INFO - [2026-03-29T21:31:19.136+0000] {dag.py:3239} INFO - Sync 1 DAGs
[2026-03-29T21:31:19.250+0000] {logging_mixin.py:190} INFO - [2026-03-29T21:31:19.250+0000] {dag.py:4180} INFO - Setting next_dagrun for ml_pipeline to None, run_after=None
[2026-03-29T21:31:19.266+0000] {processor.py:208} INFO - Processing /home/ec2-user/environment/lab4_model_training/dags/ml_pipeline_dag.py took 1.373 seconds
[2026-03-29T21:31:49.589+0000] {processor.py:186} INFO - Started process (PID=15892) to work on /home/ec2-user/environment/lab4_model_training/dags/ml_pipeline_dag.py
[2026-03-29T21:31:49.590+0000] {processor.py:914} INFO - Processing file /home/ec2-user/environment/lab4_model_training/dags/ml_pipeline_dag.py for tasks to queue
[2026-03-29T21:31:49.591+0000] {logging_mixin.py:190} INFO - [2026-03-29T21:31:49.590+0000] {dagbag.py:588} INFO - Filling up the DagBag from /home/ec2-user/environment/lab4_model_training/dags/ml_pipeline_dag.py
[2026-03-29T21:31:50.819+0000] {processor.py:925} INFO - DAG(s) 'ml_pipeline' retrieved from /home/ec2-user/environment/lab4_model_training/dags/ml_pipeline_dag.py
[2026-03-29T21:31:50.939+0000] {logging_mixin.py:190} INFO - [2026-03-29T21:31:50.938+0000] {dag.py:3239} INFO - Sync 1 DAGs
[2026-03-29T21:31:50.947+0000] {logging_mixin.py:190} INFO - [2026-03-29T21:31:50.947+0000] {dag.py:4180} INFO - Setting next_dagrun for ml_pipeline to None, run_after=None
[2026-03-29T21:31:50.962+0000] {processor.py:208} INFO - Processing /home/ec2-user/environment/lab4_model_training/dags/ml_pipeline_dag.py took 1.378 seconds
[2026-03-29T21:32:21.530+0000] {processor.py:186} INFO - Started process (PID=15932) to work on /home/ec2-user/environment/lab4_model_training/dags/ml_pipeline_dag.py
[2026-03-29T21:32:21.532+0000] {processor.py:914} INFO - Processing file /home/ec2-user/environment/lab4_model_training/dags/ml_pipeline_dag.py for tasks to queue
[2026-03-29T21:32:21.533+0000] {logging_mixin.py:190} INFO - [2026-03-29T21:32:21.532+0000] {dagbag.py:588} INFO - Filling up the DagBag from /home/ec2-user/environment/lab4_model_training/dags/ml_pipeline_dag.py
[2026-03-29T21:32:22.776+0000] {processor.py:925} INFO - DAG(s) 'ml_pipeline' retrieved from /home/ec2-user/environment/lab4_model_training/dags/ml_pipeline_dag.py
[2026-03-29T21:32:22.788+0000] {logging_mixin.py:190} INFO - [2026-03-29T21:32:22.788+0000] {dag.py:3239} INFO - Sync 1 DAGs
[2026-03-29T21:32:22.796+0000] {logging_mixin.py:190} INFO - [2026-03-29T21:32:22.796+0000] {dag.py:4180} INFO - Setting next_dagrun for ml_pipeline to None, run_after=None
[2026-03-29T21:32:22.811+0000] {processor.py:208} INFO - Processing /home/ec2-user/environment/lab4_model_training/dags/ml_pipeline_dag.py took 1.286 seconds
[2026-03-29T21:32:53.323+0000] {processor.py:186} INFO - Started process (PID=15960) to work on /home/ec2-user/environment/lab4_model_training/dags/ml_pipeline_dag.py
[2026-03-29T21:32:53.324+0000] {processor.py:914} INFO - Processing file /home/ec2-user/environment/lab4_model_training/dags/ml_pipeline_dag.py for tasks to queue
[2026-03-29T21:32:53.325+0000] {logging_mixin.py:190} INFO - [2026-03-29T21:32:53.324+0000] {dagbag.py:588} INFO - Filling up the DagBag from /home/ec2-user/environment/lab4_model_training/dags/ml_pipeline_dag.py
[2026-03-29T21:32:54.576+0000] {processor.py:925} INFO - DAG(s) 'ml_pipeline' retrieved from /home/ec2-user/environment/lab4_model_training/dags/ml_pipeline_dag.py
[2026-03-29T21:32:54.588+0000] {logging_mixin.py:190} INFO - [2026-03-29T21:32:54.588+0000] {dag.py:3239} INFO - Sync 1 DAGs
[2026-03-29T21:32:54.597+0000] {logging_mixin.py:190} INFO - [2026-03-29T21:32:54.596+0000] {dag.py:4180} INFO - Setting next_dagrun for ml_pipeline to None, run_after=None
[2026-03-29T21:32:54.612+0000] {processor.py:208} INFO - Processing /home/ec2-user/environment/lab4_model_training/dags/ml_pipeline_dag.py took 1.294 seconds
[2026-03-29T21:33:24.710+0000] {processor.py:186} INFO - Started process (PID=16047) to work on /home/ec2-user/environment/lab4_model_training/dags/ml_pipeline_dag.py
[2026-03-29T21:33:24.711+0000] {processor.py:914} INFO - Processing file /home/ec2-user/environment/lab4_model_training/dags/ml_pipeline_dag.py for tasks to queue
[2026-03-29T21:33:24.712+0000] {logging_mixin.py:190} INFO - [2026-03-29T21:33:24.712+0000] {dagbag.py:588} INFO - Filling up the DagBag from /home/ec2-user/environment/lab4_model_training/dags/ml_pipeline_dag.py
[2026-03-29T21:33:25.956+0000] {processor.py:925} INFO - DAG(s) 'ml_pipeline' retrieved from /home/ec2-user/environment/lab4_model_training/dags/ml_pipeline_dag.py
[2026-03-29T21:33:25.969+0000] {logging_mixin.py:190} INFO - [2026-03-29T21:33:25.968+0000] {dag.py:3239} INFO - Sync 1 DAGs
[2026-03-29T21:33:25.977+0000] {logging_mixin.py:190} INFO - [2026-03-29T21:33:25.977+0000] {dag.py:4180} INFO - Setting next_dagrun for ml_pipeline to None, run_after=None
[2026-03-29T21:33:25.993+0000] {processor.py:208} INFO - Processing /home/ec2-user/environment/lab4_model_training/dags/ml_pipeline_dag.py took 1.288 seconds
[2026-03-29T21:33:56.316+0000] {processor.py:186} INFO - Started process (PID=16073) to work on /home/ec2-user/environment/lab4_model_training/dags/ml_pipeline_dag.py
[2026-03-29T21:33:56.317+0000] {processor.py:914} INFO - Processing file /home/ec2-user/environment/lab4_model_training/dags/ml_pipeline_dag.py for tasks to queue
[2026-03-29T21:33:56.318+0000] {logging_mixin.py:190} INFO - [2026-03-29T21:33:56.318+0000] {dagbag.py:588} INFO - Filling up the DagBag from /home/ec2-user/environment/lab4_model_training/dags/ml_pipeline_dag.py
[2026-03-29T21:33:57.569+0000] {processor.py:925} INFO - DAG(s) 'ml_pipeline' retrieved from /home/ec2-user/environment/lab4_model_training/dags/ml_pipeline_dag.py
[2026-03-29T21:33:57.581+0000] {logging_mixin.py:190} INFO - [2026-03-29T21:33:57.581+0000] {dag.py:3239} INFO - Sync 1 DAGs
[2026-03-29T21:33:57.591+0000] {logging_mixin.py:190} INFO - [2026-03-29T21:33:57.590+0000] {dag.py:4180} INFO - Setting next_dagrun for ml_pipeline to None, run_after=None
[2026-03-29T21:33:57.711+0000] {processor.py:208} INFO - Processing /home/ec2-user/environment/lab4_model_training/dags/ml_pipeline_dag.py took 1.400 seconds
[2026-03-29T21:34:27.903+0000] {processor.py:186} INFO - Started process (PID=16115) to work on /home/ec2-user/environment/lab4_model_training/dags/ml_pipeline_dag.py
[2026-03-29T21:34:27.904+0000] {processor.py:914} INFO - Processing file /home/ec2-user/environment/lab4_model_training/dags/ml_pipeline_dag.py for tasks to queue
[2026-03-29T21:34:27.905+0000] {logging_mixin.py:190} INFO - [2026-03-29T21:34:27.904+0000] {dagbag.py:588} INFO - Filling up the DagBag from /home/ec2-user/environment/lab4_model_training/dags/ml_pipeline_dag.py
[2026-03-29T21:34:29.119+0000] {processor.py:925} INFO - DAG(s) 'ml_pipeline' retrieved from /home/ec2-user/environment/lab4_model_training/dags/ml_pipeline_dag.py
[2026-03-29T21:34:29.131+0000] {logging_mixin.py:190} INFO - [2026-03-29T21:34:29.131+0000] {dag.py:3239} INFO - Sync 1 DAGs
[2026-03-29T21:34:29.246+0000] {logging_mixin.py:190} INFO - [2026-03-29T21:34:29.246+0000] {dag.py:4180} INFO - Setting next_dagrun for ml_pipeline to None, run_after=None
[2026-03-29T21:34:29.263+0000] {processor.py:208} INFO - Processing /home/ec2-user/environment/lab4_model_training/dags/ml_pipeline_dag.py took 1.365 seconds
[2026-03-29T21:34:59.712+0000] {processor.py:186} INFO - Started process (PID=16141) to work on /home/ec2-user/environment/lab4_model_training/dags/ml_pipeline_dag.py
[2026-03-29T21:34:59.712+0000] {processor.py:914} INFO - Processing file /home/ec2-user/environment/lab4_model_training/dags/ml_pipeline_dag.py for tasks to queue
[2026-03-29T21:34:59.713+0000] {logging_mixin.py:190} INFO - [2026-03-29T21:34:59.713+0000] {dagbag.py:588} INFO - Filling up the DagBag from /home/ec2-user/environment/lab4_model_training/dags/ml_pipeline_dag.py
[2026-03-29T21:35:00.921+0000] {processor.py:925} INFO - DAG(s) 'ml_pipeline' retrieved from /home/ec2-user/environment/lab4_model_training/dags/ml_pipeline_dag.py
[2026-03-29T21:35:01.026+0000] {logging_mixin.py:190} INFO - [2026-03-29T21:35:01.026+0000] {dag.py:3239} INFO - Sync 1 DAGs
[2026-03-29T21:35:01.034+0000] {logging_mixin.py:190} INFO - [2026-03-29T21:35:01.034+0000] {dag.py:4180} INFO - Setting next_dagrun for ml_pipeline to None, run_after=None
[2026-03-29T21:35:01.050+0000] {processor.py:208} INFO - Processing /home/ec2-user/environment/lab4_model_training/dags/ml_pipeline_dag.py took 1.343 seconds
[2026-03-29T21:35:31.463+0000] {processor.py:186} INFO - Started process (PID=16228) to work on /home/ec2-user/environment/lab4_model_training/dags/ml_pipeline_dag.py
[2026-03-29T21:35:31.464+0000] {processor.py:914} INFO - Processing file /home/ec2-user/environment/lab4_model_training/dags/ml_pipeline_dag.py for tasks to queue
[2026-03-29T21:35:31.465+0000] {logging_mixin.py:190} INFO - [2026-03-29T21:35:31.465+0000] {dagbag.py:588} INFO - Filling up the DagBag from /home/ec2-user/environment/lab4_model_training/dags/ml_pipeline_dag.py
[2026-03-29T21:35:32.675+0000] {processor.py:925} INFO - DAG(s) 'ml_pipeline' retrieved from /home/ec2-user/environment/lab4_model_training/dags/ml_pipeline_dag.py
[2026-03-29T21:35:32.687+0000] {logging_mixin.py:190} INFO - [2026-03-29T21:35:32.687+0000] {dag.py:3239} INFO - Sync 1 DAGs
[2026-03-29T21:35:32.695+0000] {logging_mixin.py:190} INFO - [2026-03-29T21:35:32.695+0000] {dag.py:4180} INFO - Setting next_dagrun for ml_pipeline to None, run_after=None
[2026-03-29T21:35:32.710+0000] {processor.py:208} INFO - Processing /home/ec2-user/environment/lab4_model_training/dags/ml_pipeline_dag.py took 1.253 seconds
[2026-03-29T21:36:03.156+0000] {processor.py:186} INFO - Started process (PID=16266) to work on /home/ec2-user/environment/lab4_model_training/dags/ml_pipeline_dag.py
[2026-03-29T21:36:03.157+0000] {processor.py:914} INFO - Processing file /home/ec2-user/environment/lab4_model_training/dags/ml_pipeline_dag.py for tasks to queue
[2026-03-29T21:36:03.158+0000] {logging_mixin.py:190} INFO - [2026-03-29T21:36:03.158+0000] {dagbag.py:588} INFO - Filling up the DagBag from /home/ec2-user/environment/lab4_model_training/dags/ml_pipeline_dag.py
[2026-03-29T21:36:04.361+0000] {processor.py:925} INFO - DAG(s) 'ml_pipeline' retrieved from /home/ec2-user/environment/lab4_model_training/dags/ml_pipeline_dag.py
[2026-03-29T21:36:04.373+0000] {logging_mixin.py:190} INFO - [2026-03-29T21:36:04.373+0000] {dag.py:3239} INFO - Sync 1 DAGs
[2026-03-29T21:36:04.381+0000] {logging_mixin.py:190} INFO - [2026-03-29T21:36:04.381+0000] {dag.py:4180} INFO - Setting next_dagrun for ml_pipeline to None, run_after=None
[2026-03-29T21:36:04.396+0000] {processor.py:208} INFO - Processing /home/ec2-user/environment/lab4_model_training/dags/ml_pipeline_dag.py took 1.246 seconds
[2026-03-29T21:36:34.644+0000] {processor.py:186} INFO - Started process (PID=16292) to work on /home/ec2-user/environment/lab4_model_training/dags/ml_pipeline_dag.py
[2026-03-29T21:36:34.646+0000] {processor.py:914} INFO - Processing file /home/ec2-user/environment/lab4_model_training/dags/ml_pipeline_dag.py for tasks to queue
[2026-03-29T21:36:34.647+0000] {logging_mixin.py:190} INFO - [2026-03-29T21:36:34.646+0000] {dagbag.py:588} INFO - Filling up the DagBag from /home/ec2-user/environment/lab4_model_training/dags/ml_pipeline_dag.py
[2026-03-29T21:36:35.860+0000] {processor.py:925} INFO - DAG(s) 'ml_pipeline' retrieved from /home/ec2-user/environment/lab4_model_training/dags/ml_pipeline_dag.py
[2026-03-29T21:36:35.872+0000] {logging_mixin.py:190} INFO - [2026-03-29T21:36:35.871+0000] {dag.py:3239} INFO - Sync 1 DAGs
[2026-03-29T21:36:35.880+0000] {logging_mixin.py:190} INFO - [2026-03-29T21:36:35.880+0000] {dag.py:4180} INFO - Setting next_dagrun for ml_pipeline to None, run_after=None
[2026-03-29T21:36:35.896+0000] {processor.py:208} INFO - Processing /home/ec2-user/environment/lab4_model_training/dags/ml_pipeline_dag.py took 1.256 seconds
[2026-03-29T21:37:06.234+0000] {processor.py:186} INFO - Started process (PID=16362) to work on /home/ec2-user/environment/lab4_model_training/dags/ml_pipeline_dag.py
[2026-03-29T21:37:06.236+0000] {processor.py:914} INFO - Processing file /home/ec2-user/environment/lab4_model_training/dags/ml_pipeline_dag.py for tasks to queue
[2026-03-29T21:37:06.237+0000] {logging_mixin.py:190} INFO - [2026-03-29T21:37:06.236+0000] {dagbag.py:588} INFO - Filling up the DagBag from /home/ec2-user/environment/lab4_model_training/dags/ml_pipeline_dag.py
[2026-03-29T21:37:07.461+0000] {processor.py:925} INFO - DAG(s) 'ml_pipeline' retrieved from /home/ec2-user/environment/lab4_model_training/dags/ml_pipeline_dag.py
[2026-03-29T21:37:07.472+0000] {logging_mixin.py:190} INFO - [2026-03-29T21:37:07.472+0000] {dag.py:3239} INFO - Sync 1 DAGs
[2026-03-29T21:37:07.481+0000] {logging_mixin.py:190} INFO - [2026-03-29T21:37:07.481+0000] {dag.py:4180} INFO - Setting next_dagrun for ml_pipeline to None, run_after=None
[2026-03-29T21:37:07.592+0000] {processor.py:208} INFO - Processing /home/ec2-user/environment/lab4_model_training/dags/ml_pipeline_dag.py took 1.362 seconds
[2026-03-29T21:37:38.411+0000] {processor.py:186} INFO - Started process (PID=16442) to work on /home/ec2-user/environment/lab4_model_training/dags/ml_pipeline_dag.py
[2026-03-29T21:37:38.412+0000] {processor.py:914} INFO - Processing file /home/ec2-user/environment/lab4_model_training/dags/ml_pipeline_dag.py for tasks to queue
[2026-03-29T21:37:38.413+0000] {logging_mixin.py:190} INFO - [2026-03-29T21:37:38.413+0000] {dagbag.py:588} INFO - Filling up the DagBag from /home/ec2-user/environment/lab4_model_training/dags/ml_pipeline_dag.py
[2026-03-29T21:37:39.647+0000] {processor.py:925} INFO - DAG(s) 'ml_pipeline' retrieved from /home/ec2-user/environment/lab4_model_training/dags/ml_pipeline_dag.py
[2026-03-29T21:37:39.659+0000] {logging_mixin.py:190} INFO - [2026-03-29T21:37:39.659+0000] {dag.py:3239} INFO - Sync 1 DAGs
[2026-03-29T21:37:39.776+0000] {logging_mixin.py:190} INFO - [2026-03-29T21:37:39.776+0000] {dag.py:4180} INFO - Setting next_dagrun for ml_pipeline to None, run_after=None
[2026-03-29T21:37:39.792+0000] {processor.py:208} INFO - Processing /home/ec2-user/environment/lab4_model_training/dags/ml_pipeline_dag.py took 1.386 seconds
[2026-03-29T21:38:09.998+0000] {processor.py:186} INFO - Started process (PID=16482) to work on /home/ec2-user/environment/lab4_model_training/dags/ml_pipeline_dag.py
[2026-03-29T21:38:09.999+0000] {processor.py:914} INFO - Processing file /home/ec2-user/environment/lab4_model_training/dags/ml_pipeline_dag.py for tasks to queue
[2026-03-29T21:38:10.000+0000] {logging_mixin.py:190} INFO - [2026-03-29T21:38:09.999+0000] {dagbag.py:588} INFO - Filling up the DagBag from /home/ec2-user/environment/lab4_model_training/dags/ml_pipeline_dag.py
[2026-03-29T21:38:11.228+0000] {processor.py:925} INFO - DAG(s) 'ml_pipeline' retrieved from /home/ec2-user/environment/lab4_model_training/dags/ml_pipeline_dag.py
[2026-03-29T21:38:11.343+0000] {logging_mixin.py:190} INFO - [2026-03-29T21:38:11.343+0000] {dag.py:3239} INFO - Sync 1 DAGs
[2026-03-29T21:38:11.351+0000] {logging_mixin.py:190} INFO - [2026-03-29T21:38:11.351+0000] {dag.py:4180} INFO - Setting next_dagrun for ml_pipeline to None, run_after=None
[2026-03-29T21:38:11.367+0000] {processor.py:208} INFO - Processing /home/ec2-user/environment/lab4_model_training/dags/ml_pipeline_dag.py took 1.374 seconds
[2026-03-29T21:38:41.429+0000] {processor.py:186} INFO - Started process (PID=16510) to work on /home/ec2-user/environment/lab4_model_training/dags/ml_pipeline_dag.py
[2026-03-29T21:38:41.430+0000] {processor.py:914} INFO - Processing file /home/ec2-user/environment/lab4_model_training/dags/ml_pipeline_dag.py for tasks to queue
[2026-03-29T21:38:41.431+0000] {logging_mixin.py:190} INFO - [2026-03-29T21:38:41.430+0000] {dagbag.py:588} INFO - Filling up the DagBag from /home/ec2-user/environment/lab4_model_training/dags/ml_pipeline_dag.py
[2026-03-29T21:38:42.653+0000] {processor.py:925} INFO - DAG(s) 'ml_pipeline' retrieved from /home/ec2-user/environment/lab4_model_training/dags/ml_pipeline_dag.py
[2026-03-29T21:38:42.665+0000] {logging_mixin.py:190} INFO - [2026-03-29T21:38:42.665+0000] {dag.py:3239} INFO - Sync 1 DAGs
[2026-03-29T21:38:42.673+0000] {logging_mixin.py:190} INFO - [2026-03-29T21:38:42.673+0000] {dag.py:4180} INFO - Setting next_dagrun for ml_pipeline to None, run_after=None
[2026-03-29T21:38:42.688+0000] {processor.py:208} INFO - Processing /home/ec2-user/environment/lab4_model_training/dags/ml_pipeline_dag.py took 1.264 seconds
[2026-03-29T21:39:13.190+0000] {processor.py:186} INFO - Started process (PID=16640) to work on /home/ec2-user/environment/lab4_model_training/dags/ml_pipeline_dag.py
[2026-03-29T21:39:13.191+0000] {processor.py:914} INFO - Processing file /home/ec2-user/environment/lab4_model_training/dags/ml_pipeline_dag.py for tasks to queue
[2026-03-29T21:39:13.192+0000] {logging_mixin.py:190} INFO - [2026-03-29T21:39:13.192+0000] {dagbag.py:588} INFO - Filling up the DagBag from /home/ec2-user/environment/lab4_model_training/dags/ml_pipeline_dag.py
[2026-03-29T21:39:14.413+0000] {processor.py:925} INFO - DAG(s) 'ml_pipeline' retrieved from /home/ec2-user/environment/lab4_model_training/dags/ml_pipeline_dag.py
[2026-03-29T21:39:14.425+0000] {logging_mixin.py:190} INFO - [2026-03-29T21:39:14.425+0000] {dag.py:3239} INFO - Sync 1 DAGs
[2026-03-29T21:39:14.433+0000] {logging_mixin.py:190} INFO - [2026-03-29T21:39:14.433+0000] {dag.py:4180} INFO - Setting next_dagrun for ml_pipeline to None, run_after=None
[2026-03-29T21:39:14.448+0000] {processor.py:208} INFO - Processing /home/ec2-user/environment/lab4_model_training/dags/ml_pipeline_dag.py took 1.263 seconds
[2026-03-29T21:39:44.694+0000] {processor.py:186} INFO - Started process (PID=16666) to work on /home/ec2-user/environment/lab4_model_training/dags/ml_pipeline_dag.py
[2026-03-29T21:39:44.695+0000] {processor.py:914} INFO - Processing file /home/ec2-user/environment/lab4_model_training/dags/ml_pipeline_dag.py for tasks to queue
[2026-03-29T21:39:44.696+0000] {logging_mixin.py:190} INFO - [2026-03-29T21:39:44.696+0000] {dagbag.py:588} INFO - Filling up the DagBag from /home/ec2-user/environment/lab4_model_training/dags/ml_pipeline_dag.py
[2026-03-29T21:39:45.895+0000] {processor.py:925} INFO - DAG(s) 'ml_pipeline' retrieved from /home/ec2-user/environment/lab4_model_training/dags/ml_pipeline_dag.py
[2026-03-29T21:39:45.907+0000] {logging_mixin.py:190} INFO - [2026-03-29T21:39:45.907+0000] {dag.py:3239} INFO - Sync 1 DAGs
[2026-03-29T21:39:45.915+0000] {logging_mixin.py:190} INFO - [2026-03-29T21:39:45.915+0000] {dag.py:4180} INFO - Setting next_dagrun for ml_pipeline to None, run_after=None
[2026-03-29T21:39:45.931+0000] {processor.py:208} INFO - Processing /home/ec2-user/environment/lab4_model_training/dags/ml_pipeline_dag.py took 1.243 seconds
[2026-03-29T21:40:16.291+0000] {processor.py:186} INFO - Started process (PID=16718) to work on /home/ec2-user/environment/lab4_model_training/dags/ml_pipeline_dag.py
[2026-03-29T21:40:16.292+0000] {processor.py:914} INFO - Processing file /home/ec2-user/environment/lab4_model_training/dags/ml_pipeline_dag.py for tasks to queue
[2026-03-29T21:40:16.293+0000] {logging_mixin.py:190} INFO - [2026-03-29T21:40:16.293+0000] {dagbag.py:588} INFO - Filling up the DagBag from /home/ec2-user/environment/lab4_model_training/dags/ml_pipeline_dag.py
[2026-03-29T21:40:17.508+0000] {processor.py:925} INFO - DAG(s) 'ml_pipeline' retrieved from /home/ec2-user/environment/lab4_model_training/dags/ml_pipeline_dag.py
[2026-03-29T21:40:17.520+0000] {logging_mixin.py:190} INFO - [2026-03-29T21:40:17.519+0000] {dag.py:3239} INFO - Sync 1 DAGs
[2026-03-29T21:40:17.530+0000] {logging_mixin.py:190} INFO - [2026-03-29T21:40:17.530+0000] {dag.py:4180} INFO - Setting next_dagrun for ml_pipeline to None, run_after=None
[2026-03-29T21:40:17.655+0000] {processor.py:208} INFO - Processing /home/ec2-user/environment/lab4_model_training/dags/ml_pipeline_dag.py took 1.369 seconds
[2026-03-29T21:40:47.791+0000] {processor.py:186} INFO - Started process (PID=16802) to work on /home/ec2-user/environment/lab4_model_training/dags/ml_pipeline_dag.py
[2026-03-29T21:40:47.792+0000] {processor.py:914} INFO - Processing file /home/ec2-user/environment/lab4_model_training/dags/ml_pipeline_dag.py for tasks to queue
[2026-03-29T21:40:47.793+0000] {logging_mixin.py:190} INFO - [2026-03-29T21:40:47.793+0000] {dagbag.py:588} INFO - Filling up the DagBag from /home/ec2-user/environment/lab4_model_training/dags/ml_pipeline_dag.py
[2026-03-29T21:40:49.107+0000] {processor.py:925} INFO - DAG(s) 'ml_pipeline' retrieved from /home/ec2-user/environment/lab4_model_training/dags/ml_pipeline_dag.py
[2026-03-29T21:40:49.119+0000] {logging_mixin.py:190} INFO - [2026-03-29T21:40:49.118+0000] {dag.py:3239} INFO - Sync 1 DAGs
[2026-03-29T21:40:49.127+0000] {logging_mixin.py:190} INFO - [2026-03-29T21:40:49.127+0000] {dag.py:4180} INFO - Setting next_dagrun for ml_pipeline to None, run_after=None
[2026-03-29T21:40:49.142+0000] {processor.py:208} INFO - Processing /home/ec2-user/environment/lab4_model_training/dags/ml_pipeline_dag.py took 1.356 seconds
[2026-03-29T21:41:19.492+0000] {processor.py:186} INFO - Started process (PID=16847) to work on /home/ec2-user/environment/lab4_model_training/dags/ml_pipeline_dag.py
[2026-03-29T21:41:19.493+0000] {processor.py:914} INFO - Processing file /home/ec2-user/environment/lab4_model_training/dags/ml_pipeline_dag.py for tasks to queue
[2026-03-29T21:41:19.494+0000] {logging_mixin.py:190} INFO - [2026-03-29T21:41:19.494+0000] {dagbag.py:588} INFO - Filling up the DagBag from /home/ec2-user/environment/lab4_model_training/dags/ml_pipeline_dag.py
[2026-03-29T21:41:20.700+0000] {processor.py:925} INFO - DAG(s) 'ml_pipeline' retrieved from /home/ec2-user/environment/lab4_model_training/dags/ml_pipeline_dag.py
[2026-03-29T21:41:20.805+0000] {logging_mixin.py:190} INFO - [2026-03-29T21:41:20.805+0000] {dag.py:3239} INFO - Sync 1 DAGs
[2026-03-29T21:41:20.813+0000] {logging_mixin.py:190} INFO - [2026-03-29T21:41:20.813+0000] {dag.py:4180} INFO - Setting next_dagrun for ml_pipeline to None, run_after=None
[2026-03-29T21:41:20.829+0000] {processor.py:208} INFO - Processing /home/ec2-user/environment/lab4_model_training/dags/ml_pipeline_dag.py took 1.342 seconds
[2026-03-29T21:41:50.978+0000] {processor.py:186} INFO - Started process (PID=16882) to work on /home/ec2-user/environment/lab4_model_training/dags/ml_pipeline_dag.py
[2026-03-29T21:41:50.979+0000] {processor.py:914} INFO - Processing file /home/ec2-user/environment/lab4_model_training/dags/ml_pipeline_dag.py for tasks to queue
[2026-03-29T21:41:50.980+0000] {logging_mixin.py:190} INFO - [2026-03-29T21:41:50.980+0000] {dagbag.py:588} INFO - Filling up the DagBag from /home/ec2-user/environment/lab4_model_training/dags/ml_pipeline_dag.py
[2026-03-29T21:41:52.191+0000] {processor.py:925} INFO - DAG(s) 'ml_pipeline' retrieved from /home/ec2-user/environment/lab4_model_training/dags/ml_pipeline_dag.py
[2026-03-29T21:41:52.203+0000] {logging_mixin.py:190} INFO - [2026-03-29T21:41:52.202+0000] {dag.py:3239} INFO - Sync 1 DAGs
[2026-03-29T21:41:52.211+0000] {logging_mixin.py:190} INFO - [2026-03-29T21:41:52.210+0000] {dag.py:4180} INFO - Setting next_dagrun for ml_pipeline to None, run_after=None
[2026-03-29T21:41:52.226+0000] {processor.py:208} INFO - Processing /home/ec2-user/environment/lab4_model_training/dags/ml_pipeline_dag.py took 1.252 seconds
[2026-03-29T21:42:22.684+0000] {processor.py:186} INFO - Started process (PID=16989) to work on /home/ec2-user/environment/lab4_model_training/dags/ml_pipeline_dag.py
[2026-03-29T21:42:22.684+0000] {processor.py:914} INFO - Processing file /home/ec2-user/environment/lab4_model_training/dags/ml_pipeline_dag.py for tasks to queue
[2026-03-29T21:42:22.685+0000] {logging_mixin.py:190} INFO - [2026-03-29T21:42:22.685+0000] {dagbag.py:588} INFO - Filling up the DagBag from /home/ec2-user/environment/lab4_model_training/dags/ml_pipeline_dag.py
[2026-03-29T21:42:23.913+0000] {processor.py:925} INFO - DAG(s) 'ml_pipeline' retrieved from /home/ec2-user/environment/lab4_model_training/dags/ml_pipeline_dag.py
[2026-03-29T21:42:23.925+0000] {logging_mixin.py:190} INFO - [2026-03-29T21:42:23.924+0000] {dag.py:3239} INFO - Sync 1 DAGs
[2026-03-29T21:42:23.933+0000] {logging_mixin.py:190} INFO - [2026-03-29T21:42:23.933+0000] {dag.py:4180} INFO - Setting next_dagrun for ml_pipeline to None, run_after=None
[2026-03-29T21:42:23.948+0000] {processor.py:208} INFO - Processing /home/ec2-user/environment/lab4_model_training/dags/ml_pipeline_dag.py took 1.269 seconds
[2026-03-29T21:42:54.176+0000] {processor.py:186} INFO - Started process (PID=17017) to work on /home/ec2-user/environment/lab4_model_training/dags/ml_pipeline_dag.py
[2026-03-29T21:42:54.178+0000] {processor.py:914} INFO - Processing file /home/ec2-user/environment/lab4_model_training/dags/ml_pipeline_dag.py for tasks to queue
[2026-03-29T21:42:54.179+0000] {logging_mixin.py:190} INFO - [2026-03-29T21:42:54.178+0000] {dagbag.py:588} INFO - Filling up the DagBag from /home/ec2-user/environment/lab4_model_training/dags/ml_pipeline_dag.py
[2026-03-29T21:42:55.401+0000] {processor.py:925} INFO - DAG(s) 'ml_pipeline' retrieved from /home/ec2-user/environment/lab4_model_training/dags/ml_pipeline_dag.py
[2026-03-29T21:42:55.413+0000] {logging_mixin.py:190} INFO - [2026-03-29T21:42:55.413+0000] {dag.py:3239} INFO - Sync 1 DAGs
[2026-03-29T21:42:55.421+0000] {logging_mixin.py:190} INFO - [2026-03-29T21:42:55.421+0000] {dag.py:4180} INFO - Setting next_dagrun for ml_pipeline to None, run_after=None
[2026-03-29T21:42:55.438+0000] {processor.py:208} INFO - Processing /home/ec2-user/environment/lab4_model_training/dags/ml_pipeline_dag.py took 1.266 seconds
[2026-03-29T21:43:25.784+0000] {processor.py:186} INFO - Started process (PID=17081) to work on /home/ec2-user/environment/lab4_model_training/dags/ml_pipeline_dag.py
[2026-03-29T21:43:25.785+0000] {processor.py:914} INFO - Processing file /home/ec2-user/environment/lab4_model_training/dags/ml_pipeline_dag.py for tasks to queue
[2026-03-29T21:43:25.786+0000] {logging_mixin.py:190} INFO - [2026-03-29T21:43:25.786+0000] {dagbag.py:588} INFO - Filling up the DagBag from /home/ec2-user/environment/lab4_model_training/dags/ml_pipeline_dag.py
[2026-03-29T21:43:27.016+0000] {processor.py:925} INFO - DAG(s) 'ml_pipeline' retrieved from /home/ec2-user/environment/lab4_model_training/dags/ml_pipeline_dag.py
[2026-03-29T21:43:27.028+0000] {logging_mixin.py:190} INFO - [2026-03-29T21:43:27.028+0000] {dag.py:3239} INFO - Sync 1 DAGs
[2026-03-29T21:43:27.037+0000] {logging_mixin.py:190} INFO - [2026-03-29T21:43:27.037+0000] {dag.py:4180} INFO - Setting next_dagrun for ml_pipeline to None, run_after=None
[2026-03-29T21:43:27.161+0000] {processor.py:208} INFO - Processing /home/ec2-user/environment/lab4_model_training/dags/ml_pipeline_dag.py took 1.383 seconds
[2026-03-29T21:43:57.439+0000] {processor.py:186} INFO - Started process (PID=17117) to work on /home/ec2-user/environment/lab4_model_training/dags/ml_pipeline_dag.py
[2026-03-29T21:43:57.439+0000] {processor.py:914} INFO - Processing file /home/ec2-user/environment/lab4_model_training/dags/ml_pipeline_dag.py for tasks to queue
[2026-03-29T21:43:57.440+0000] {logging_mixin.py:190} INFO - [2026-03-29T21:43:57.440+0000] {dagbag.py:588} INFO - Filling up the DagBag from /home/ec2-user/environment/lab4_model_training/dags/ml_pipeline_dag.py
[2026-03-29T21:43:58.758+0000] {processor.py:925} INFO - DAG(s) 'ml_pipeline' retrieved from /home/ec2-user/environment/lab4_model_training/dags/ml_pipeline_dag.py
[2026-03-29T21:43:58.770+0000] {logging_mixin.py:190} INFO - [2026-03-29T21:43:58.770+0000] {dag.py:3239} INFO - Sync 1 DAGs
[2026-03-29T21:43:58.779+0000] {logging_mixin.py:190} INFO - [2026-03-29T21:43:58.779+0000] {dag.py:4180} INFO - Setting next_dagrun for ml_pipeline to None, run_after=None
[2026-03-29T21:43:58.794+0000] {processor.py:208} INFO - Processing /home/ec2-user/environment/lab4_model_training/dags/ml_pipeline_dag.py took 1.360 seconds
[2026-03-29T21:44:29.123+0000] {processor.py:186} INFO - Started process (PID=17206) to work on /home/ec2-user/environment/lab4_model_training/dags/ml_pipeline_dag.py
[2026-03-29T21:44:29.124+0000] {processor.py:914} INFO - Processing file /home/ec2-user/environment/lab4_model_training/dags/ml_pipeline_dag.py for tasks to queue
[2026-03-29T21:44:29.125+0000] {logging_mixin.py:190} INFO - [2026-03-29T21:44:29.124+0000] {dagbag.py:588} INFO - Filling up the DagBag from /home/ec2-user/environment/lab4_model_training/dags/ml_pipeline_dag.py
[2026-03-29T21:44:30.452+0000] {processor.py:925} INFO - DAG(s) 'ml_pipeline' retrieved from /home/ec2-user/environment/lab4_model_training/dags/ml_pipeline_dag.py
[2026-03-29T21:44:30.465+0000] {logging_mixin.py:190} INFO - [2026-03-29T21:44:30.464+0000] {dag.py:3239} INFO - Sync 1 DAGs
[2026-03-29T21:44:30.473+0000] {logging_mixin.py:190} INFO - [2026-03-29T21:44:30.473+0000] {dag.py:4180} INFO - Setting next_dagrun for ml_pipeline to None, run_after=None
[2026-03-29T21:44:30.489+0000] {processor.py:208} INFO - Processing /home/ec2-user/environment/lab4_model_training/dags/ml_pipeline_dag.py took 1.371 seconds
[2026-03-29T21:45:00.610+0000] {processor.py:186} INFO - Started process (PID=17237) to work on /home/ec2-user/environment/lab4_model_training/dags/ml_pipeline_dag.py
[2026-03-29T21:45:00.611+0000] {processor.py:914} INFO - Processing file /home/ec2-user/environment/lab4_model_training/dags/ml_pipeline_dag.py for tasks to queue
[2026-03-29T21:45:00.612+0000] {logging_mixin.py:190} INFO - [2026-03-29T21:45:00.612+0000] {dagbag.py:588} INFO - Filling up the DagBag from /home/ec2-user/environment/lab4_model_training/dags/ml_pipeline_dag.py
[2026-03-29T21:45:01.865+0000] {processor.py:925} INFO - DAG(s) 'ml_pipeline' retrieved from /home/ec2-user/environment/lab4_model_training/dags/ml_pipeline_dag.py
[2026-03-29T21:45:01.877+0000] {logging_mixin.py:190} INFO - [2026-03-29T21:45:01.877+0000] {dag.py:3239} INFO - Sync 1 DAGs
[2026-03-29T21:45:01.885+0000] {logging_mixin.py:190} INFO - [2026-03-29T21:45:01.885+0000] {dag.py:4180} INFO - Setting next_dagrun for ml_pipeline to None, run_after=None
[2026-03-29T21:45:01.901+0000] {processor.py:208} INFO - Processing /home/ec2-user/environment/lab4_model_training/dags/ml_pipeline_dag.py took 1.296 seconds
[2026-03-29T21:45:32.213+0000] {processor.py:186} INFO - Started process (PID=17290) to work on /home/ec2-user/environment/lab4_model_training/dags/ml_pipeline_dag.py
[2026-03-29T21:45:32.214+0000] {processor.py:914} INFO - Processing file /home/ec2-user/environment/lab4_model_training/dags/ml_pipeline_dag.py for tasks to queue
[2026-03-29T21:45:32.215+0000] {logging_mixin.py:190} INFO - [2026-03-29T21:45:32.214+0000] {dagbag.py:588} INFO - Filling up the DagBag from /home/ec2-user/environment/lab4_model_training/dags/ml_pipeline_dag.py
[2026-03-29T21:45:33.426+0000] {processor.py:925} INFO - DAG(s) 'ml_pipeline' retrieved from /home/ec2-user/environment/lab4_model_training/dags/ml_pipeline_dag.py
[2026-03-29T21:45:33.438+0000] {logging_mixin.py:190} INFO - [2026-03-29T21:45:33.438+0000] {dag.py:3239} INFO - Sync 1 DAGs
[2026-03-29T21:45:33.446+0000] {logging_mixin.py:190} INFO - [2026-03-29T21:45:33.446+0000] {dag.py:4180} INFO - Setting next_dagrun for ml_pipeline to None, run_after=None
[2026-03-29T21:45:33.462+0000] {processor.py:208} INFO - Processing /home/ec2-user/environment/lab4_model_training/dags/ml_pipeline_dag.py took 1.253 seconds
[2026-03-29T21:46:03.626+0000] {processor.py:186} INFO - Started process (PID=17330) to work on /home/ec2-user/environment/lab4_model_training/dags/ml_pipeline_dag.py
[2026-03-29T21:46:03.627+0000] {processor.py:914} INFO - Processing file /home/ec2-user/environment/lab4_model_training/dags/ml_pipeline_dag.py for tasks to queue
[2026-03-29T21:46:03.629+0000] {logging_mixin.py:190} INFO - [2026-03-29T21:46:03.628+0000] {dagbag.py:588} INFO - Filling up the DagBag from /home/ec2-user/environment/lab4_model_training/dags/ml_pipeline_dag.py
[2026-03-29T21:46:04.841+0000] {processor.py:925} INFO - DAG(s) 'ml_pipeline' retrieved from /home/ec2-user/environment/lab4_model_training/dags/ml_pipeline_dag.py
[2026-03-29T21:46:04.856+0000] {logging_mixin.py:190} INFO - [2026-03-29T21:46:04.856+0000] {dag.py:3239} INFO - Sync 1 DAGs
[2026-03-29T21:46:04.864+0000] {logging_mixin.py:190} INFO - [2026-03-29T21:46:04.864+0000] {dag.py:4180} INFO - Setting next_dagrun for ml_pipeline to None, run_after=None
[2026-03-29T21:46:04.880+0000] {processor.py:208} INFO - Processing /home/ec2-user/environment/lab4_model_training/dags/ml_pipeline_dag.py took 1.260 seconds
[2026-03-29T21:46:35.112+0000] {processor.py:186} INFO - Started process (PID=17405) to work on /home/ec2-user/environment/lab4_model_training/dags/ml_pipeline_dag.py
[2026-03-29T21:46:35.113+0000] {processor.py:914} INFO - Processing file /home/ec2-user/environment/lab4_model_training/dags/ml_pipeline_dag.py for tasks to queue
[2026-03-29T21:46:35.114+0000] {logging_mixin.py:190} INFO - [2026-03-29T21:46:35.113+0000] {dagbag.py:588} INFO - Filling up the DagBag from /home/ec2-user/environment/lab4_model_training/dags/ml_pipeline_dag.py
[2026-03-29T21:46:36.418+0000] {processor.py:925} INFO - DAG(s) 'ml_pipeline' retrieved from /home/ec2-user/environment/lab4_model_training/dags/ml_pipeline_dag.py
[2026-03-29T21:46:36.431+0000] {logging_mixin.py:190} INFO - [2026-03-29T21:46:36.430+0000] {dag.py:3239} INFO - Sync 1 DAGs
[2026-03-29T21:46:36.440+0000] {logging_mixin.py:190} INFO - [2026-03-29T21:46:36.439+0000] {dag.py:4180} INFO - Setting next_dagrun for ml_pipeline to None, run_after=None
[2026-03-29T21:46:36.561+0000] {processor.py:208} INFO - Processing /home/ec2-user/environment/lab4_model_training/dags/ml_pipeline_dag.py took 1.454 seconds
[2026-03-29T21:47:07.031+0000] {processor.py:186} INFO - Started process (PID=17474) to work on /home/ec2-user/environment/lab4_model_training/dags/ml_pipeline_dag.py
[2026-03-29T21:47:07.031+0000] {processor.py:914} INFO - Processing file /home/ec2-user/environment/lab4_model_training/dags/ml_pipeline_dag.py for tasks to queue
[2026-03-29T21:47:07.032+0000] {logging_mixin.py:190} INFO - [2026-03-29T21:47:07.032+0000] {dagbag.py:588} INFO - Filling up the DagBag from /home/ec2-user/environment/lab4_model_training/dags/ml_pipeline_dag.py
[2026-03-29T21:47:08.373+0000] {processor.py:925} INFO - DAG(s) 'ml_pipeline' retrieved from /home/ec2-user/environment/lab4_model_training/dags/ml_pipeline_dag.py
[2026-03-29T21:47:08.385+0000] {logging_mixin.py:190} INFO - [2026-03-29T21:47:08.385+0000] {dag.py:3239} INFO - Sync 1 DAGs
[2026-03-29T21:47:08.394+0000] {logging_mixin.py:190} INFO - [2026-03-29T21:47:08.394+0000] {dag.py:4180} INFO - Setting next_dagrun for ml_pipeline to None, run_after=None
[2026-03-29T21:47:08.410+0000] {processor.py:208} INFO - Processing /home/ec2-user/environment/lab4_model_training/dags/ml_pipeline_dag.py took 1.384 seconds
[2026-03-29T21:47:38.743+0000] {processor.py:186} INFO - Started process (PID=17510) to work on /home/ec2-user/environment/lab4_model_training/dags/ml_pipeline_dag.py
[2026-03-29T21:47:38.744+0000] {processor.py:914} INFO - Processing file /home/ec2-user/environment/lab4_model_training/dags/ml_pipeline_dag.py for tasks to queue
[2026-03-29T21:47:38.745+0000] {logging_mixin.py:190} INFO - [2026-03-29T21:47:38.745+0000] {dagbag.py:588} INFO - Filling up the DagBag from /home/ec2-user/environment/lab4_model_training/dags/ml_pipeline_dag.py
[2026-03-29T21:47:40.076+0000] {processor.py:925} INFO - DAG(s) 'ml_pipeline' retrieved from /home/ec2-user/environment/lab4_model_training/dags/ml_pipeline_dag.py
[2026-03-29T21:47:40.088+0000] {logging_mixin.py:190} INFO - [2026-03-29T21:47:40.088+0000] {dag.py:3239} INFO - Sync 1 DAGs
[2026-03-29T21:47:40.096+0000] {logging_mixin.py:190} INFO - [2026-03-29T21:47:40.096+0000] {dag.py:4180} INFO - Setting next_dagrun for ml_pipeline to None, run_after=None
[2026-03-29T21:47:40.112+0000] {processor.py:208} INFO - Processing /home/ec2-user/environment/lab4_model_training/dags/ml_pipeline_dag.py took 1.373 seconds
[2026-03-29T21:48:10.611+0000] {processor.py:186} INFO - Started process (PID=17557) to work on /home/ec2-user/environment/lab4_model_training/dags/ml_pipeline_dag.py
[2026-03-29T21:48:10.612+0000] {processor.py:914} INFO - Processing file /home/ec2-user/environment/lab4_model_training/dags/ml_pipeline_dag.py for tasks to queue
[2026-03-29T21:48:10.613+0000] {logging_mixin.py:190} INFO - [2026-03-29T21:48:10.612+0000] {dagbag.py:588} INFO - Filling up the DagBag from /home/ec2-user/environment/lab4_model_training/dags/ml_pipeline_dag.py
[2026-03-29T21:48:11.988+0000] {processor.py:925} INFO - DAG(s) 'ml_pipeline' retrieved from /home/ec2-user/environment/lab4_model_training/dags/ml_pipeline_dag.py
[2026-03-29T21:48:12.001+0000] {logging_mixin.py:190} INFO - [2026-03-29T21:48:12.000+0000] {dag.py:3239} INFO - Sync 1 DAGs
[2026-03-29T21:48:12.008+0000] {logging_mixin.py:190} INFO - [2026-03-29T21:48:12.008+0000] {dag.py:4180} INFO - Setting next_dagrun for ml_pipeline to None, run_after=None
[2026-03-29T21:48:12.024+0000] {processor.py:208} INFO - Processing /home/ec2-user/environment/lab4_model_training/dags/ml_pipeline_dag.py took 1.418 seconds
[2026-03-29T21:48:42.288+0000] {processor.py:186} INFO - Started process (PID=17661) to work on /home/ec2-user/environment/lab4_model_training/dags/ml_pipeline_dag.py
[2026-03-29T21:48:42.290+0000] {processor.py:914} INFO - Processing file /home/ec2-user/environment/lab4_model_training/dags/ml_pipeline_dag.py for tasks to queue
[2026-03-29T21:48:42.291+0000] {logging_mixin.py:190} INFO - [2026-03-29T21:48:42.290+0000] {dagbag.py:588} INFO - Filling up the DagBag from /home/ec2-user/environment/lab4_model_training/dags/ml_pipeline_dag.py
[2026-03-29T21:48:43.505+0000] {processor.py:925} INFO - DAG(s) 'ml_pipeline' retrieved from /home/ec2-user/environment/lab4_model_training/dags/ml_pipeline_dag.py
[2026-03-29T21:48:43.517+0000] {logging_mixin.py:190} INFO - [2026-03-29T21:48:43.517+0000] {dag.py:3239} INFO - Sync 1 DAGs
[2026-03-29T21:48:43.525+0000] {logging_mixin.py:190} INFO - [2026-03-29T21:48:43.525+0000] {dag.py:4180} INFO - Setting next_dagrun for ml_pipeline to None, run_after=None
[2026-03-29T21:48:43.540+0000] {processor.py:208} INFO - Processing /home/ec2-user/environment/lab4_model_training/dags/ml_pipeline_dag.py took 1.257 seconds
[2026-03-29T21:49:14.364+0000] {processor.py:186} INFO - Started process (PID=17708) to work on /home/ec2-user/environment/lab4_model_training/dags/ml_pipeline_dag.py
[2026-03-29T21:49:14.365+0000] {processor.py:914} INFO - Processing file /home/ec2-user/environment/lab4_model_training/dags/ml_pipeline_dag.py for tasks to queue
[2026-03-29T21:49:14.366+0000] {logging_mixin.py:190} INFO - [2026-03-29T21:49:14.366+0000] {dagbag.py:588} INFO - Filling up the DagBag from /home/ec2-user/environment/lab4_model_training/dags/ml_pipeline_dag.py
[2026-03-29T21:49:15.598+0000] {processor.py:925} INFO - DAG(s) 'ml_pipeline' retrieved from /home/ec2-user/environment/lab4_model_training/dags/ml_pipeline_dag.py
[2026-03-29T21:49:15.610+0000] {logging_mixin.py:190} INFO - [2026-03-29T21:49:15.610+0000] {dag.py:3239} INFO - Sync 1 DAGs
[2026-03-29T21:49:15.618+0000] {logging_mixin.py:190} INFO - [2026-03-29T21:49:15.618+0000] {dag.py:4180} INFO - Setting next_dagrun for ml_pipeline to None, run_after=None
[2026-03-29T21:49:15.634+0000] {processor.py:208} INFO - Processing /home/ec2-user/environment/lab4_model_training/dags/ml_pipeline_dag.py took 1.274 seconds
[2026-03-29T21:49:45.689+0000] {processor.py:186} INFO - Started process (PID=17749) to work on /home/ec2-user/environment/lab4_model_training/dags/ml_pipeline_dag.py
[2026-03-29T21:49:45.690+0000] {processor.py:914} INFO - Processing file /home/ec2-user/environment/lab4_model_training/dags/ml_pipeline_dag.py for tasks to queue
[2026-03-29T21:49:45.691+0000] {logging_mixin.py:190} INFO - [2026-03-29T21:49:45.691+0000] {dagbag.py:588} INFO - Filling up the DagBag from /home/ec2-user/environment/lab4_model_training/dags/ml_pipeline_dag.py
[2026-03-29T21:49:46.951+0000] {processor.py:925} INFO - DAG(s) 'ml_pipeline' retrieved from /home/ec2-user/environment/lab4_model_training/dags/ml_pipeline_dag.py
[2026-03-29T21:49:46.963+0000] {logging_mixin.py:190} INFO - [2026-03-29T21:49:46.963+0000] {dag.py:3239} INFO - Sync 1 DAGs
[2026-03-29T21:49:46.972+0000] {logging_mixin.py:190} INFO - [2026-03-29T21:49:46.972+0000] {dag.py:4180} INFO - Setting next_dagrun for ml_pipeline to None, run_after=None
[2026-03-29T21:49:47.093+0000] {processor.py:208} INFO - Processing /home/ec2-user/environment/lab4_model_training/dags/ml_pipeline_dag.py took 1.408 seconds
[2026-03-29T21:50:17.588+0000] {processor.py:186} INFO - Started process (PID=17810) to work on /home/ec2-user/environment/lab4_model_training/dags/ml_pipeline_dag.py
[2026-03-29T21:50:17.589+0000] {processor.py:914} INFO - Processing file /home/ec2-user/environment/lab4_model_training/dags/ml_pipeline_dag.py for tasks to queue
[2026-03-29T21:50:17.590+0000] {logging_mixin.py:190} INFO - [2026-03-29T21:50:17.590+0000] {dagbag.py:588} INFO - Filling up the DagBag from /home/ec2-user/environment/lab4_model_training/dags/ml_pipeline_dag.py
[2026-03-29T21:50:18.958+0000] {processor.py:925} INFO - DAG(s) 'ml_pipeline' retrieved from /home/ec2-user/environment/lab4_model_training/dags/ml_pipeline_dag.py
[2026-03-29T21:50:18.969+0000] {logging_mixin.py:190} INFO - [2026-03-29T21:50:18.969+0000] {dag.py:3239} INFO - Sync 1 DAGs
[2026-03-29T21:50:18.978+0000] {logging_mixin.py:190} INFO - [2026-03-29T21:50:18.978+0000] {dag.py:4180} INFO - Setting next_dagrun for ml_pipeline to None, run_after=None
[2026-03-29T21:50:18.994+0000] {processor.py:208} INFO - Processing /home/ec2-user/environment/lab4_model_training/dags/ml_pipeline_dag.py took 1.410 seconds
[2026-03-29T21:50:50.123+0000] {processor.py:186} INFO - Started process (PID=17915) to work on /home/ec2-user/environment/lab4_model_training/dags/ml_pipeline_dag.py
[2026-03-29T21:50:50.124+0000] {processor.py:914} INFO - Processing file /home/ec2-user/environment/lab4_model_training/dags/ml_pipeline_dag.py for tasks to queue
[2026-03-29T21:50:50.125+0000] {logging_mixin.py:190} INFO - [2026-03-29T21:50:50.125+0000] {dagbag.py:588} INFO - Filling up the DagBag from /home/ec2-user/environment/lab4_model_training/dags/ml_pipeline_dag.py
[2026-03-29T21:50:51.492+0000] {processor.py:925} INFO - DAG(s) 'ml_pipeline' retrieved from /home/ec2-user/environment/lab4_model_training/dags/ml_pipeline_dag.py
[2026-03-29T21:50:51.505+0000] {logging_mixin.py:190} INFO - [2026-03-29T21:50:51.504+0000] {dag.py:3239} INFO - Sync 1 DAGs
[2026-03-29T21:50:51.513+0000] {logging_mixin.py:190} INFO - [2026-03-29T21:50:51.513+0000] {dag.py:4180} INFO - Setting next_dagrun for ml_pipeline to None, run_after=None
[2026-03-29T21:50:51.528+0000] {processor.py:208} INFO - Processing /home/ec2-user/environment/lab4_model_training/dags/ml_pipeline_dag.py took 1.410 seconds
[2026-03-29T21:51:22.174+0000] {processor.py:186} INFO - Started process (PID=17979) to work on /home/ec2-user/environment/lab4_model_training/dags/ml_pipeline_dag.py
[2026-03-29T21:51:22.175+0000] {processor.py:914} INFO - Processing file /home/ec2-user/environment/lab4_model_training/dags/ml_pipeline_dag.py for tasks to queue
[2026-03-29T21:51:22.176+0000] {logging_mixin.py:190} INFO - [2026-03-29T21:51:22.176+0000] {dagbag.py:588} INFO - Filling up the DagBag from /home/ec2-user/environment/lab4_model_training/dags/ml_pipeline_dag.py
[2026-03-29T21:51:23.505+0000] {processor.py:925} INFO - DAG(s) 'ml_pipeline' retrieved from /home/ec2-user/environment/lab4_model_training/dags/ml_pipeline_dag.py
[2026-03-29T21:51:23.518+0000] {logging_mixin.py:190} INFO - [2026-03-29T21:51:23.518+0000] {dag.py:3239} INFO - Sync 1 DAGs
[2026-03-29T21:51:23.526+0000] {logging_mixin.py:190} INFO - [2026-03-29T21:51:23.526+0000] {dag.py:4180} INFO - Setting next_dagrun for ml_pipeline to None, run_after=None
[2026-03-29T21:51:23.541+0000] {processor.py:208} INFO - Processing /home/ec2-user/environment/lab4_model_training/dags/ml_pipeline_dag.py took 1.372 seconds
[2026-03-29T21:51:58.304+0000] {processor.py:186} INFO - Started process (PID=18034) to work on /home/ec2-user/environment/lab4_model_training/dags/ml_pipeline_dag.py
[2026-03-29T21:51:58.305+0000] {processor.py:914} INFO - Processing file /home/ec2-user/environment/lab4_model_training/dags/ml_pipeline_dag.py for tasks to queue
[2026-03-29T21:51:58.306+0000] {logging_mixin.py:190} INFO - [2026-03-29T21:51:58.305+0000] {dagbag.py:588} INFO - Filling up the DagBag from /home/ec2-user/environment/lab4_model_training/dags/ml_pipeline_dag.py
[2026-03-29T21:51:59.634+0000] {processor.py:925} INFO - DAG(s) 'ml_pipeline' retrieved from /home/ec2-user/environment/lab4_model_training/dags/ml_pipeline_dag.py
[2026-03-29T21:51:59.646+0000] {logging_mixin.py:190} INFO - [2026-03-29T21:51:59.646+0000] {dag.py:3239} INFO - Sync 1 DAGs
[2026-03-29T21:51:59.654+0000] {logging_mixin.py:190} INFO - [2026-03-29T21:51:59.654+0000] {dag.py:4180} INFO - Setting next_dagrun for ml_pipeline to None, run_after=None
[2026-03-29T21:51:59.669+0000] {processor.py:208} INFO - Processing /home/ec2-user/environment/lab4_model_training/dags/ml_pipeline_dag.py took 1.371 seconds
[2026-03-29T21:52:30.674+0000] {processor.py:186} INFO - Started process (PID=18150) to work on /home/ec2-user/environment/lab4_model_training/dags/ml_pipeline_dag.py
[2026-03-29T21:52:30.675+0000] {processor.py:914} INFO - Processing file /home/ec2-user/environment/lab4_model_training/dags/ml_pipeline_dag.py for tasks to queue
[2026-03-29T21:52:30.676+0000] {logging_mixin.py:190} INFO - [2026-03-29T21:52:30.676+0000] {dagbag.py:588} INFO - Filling up the DagBag from /home/ec2-user/environment/lab4_model_training/dags/ml_pipeline_dag.py
[2026-03-29T21:52:32.014+0000] {processor.py:925} INFO - DAG(s) 'ml_pipeline' retrieved from /home/ec2-user/environment/lab4_model_training/dags/ml_pipeline_dag.py
[2026-03-29T21:52:32.026+0000] {logging_mixin.py:190} INFO - [2026-03-29T21:52:32.025+0000] {dag.py:3239} INFO - Sync 1 DAGs
[2026-03-29T21:52:32.034+0000] {logging_mixin.py:190} INFO - [2026-03-29T21:52:32.034+0000] {dag.py:4180} INFO - Setting next_dagrun for ml_pipeline to None, run_after=None
[2026-03-29T21:52:32.049+0000] {processor.py:208} INFO - Processing /home/ec2-user/environment/lab4_model_training/dags/ml_pipeline_dag.py took 1.380 seconds
[2026-03-29T21:53:02.397+0000] {processor.py:186} INFO - Started process (PID=18192) to work on /home/ec2-user/environment/lab4_model_training/dags/ml_pipeline_dag.py
[2026-03-29T21:53:02.397+0000] {processor.py:914} INFO - Processing file /home/ec2-user/environment/lab4_model_training/dags/ml_pipeline_dag.py for tasks to queue
[2026-03-29T21:53:02.398+0000] {logging_mixin.py:190} INFO - [2026-03-29T21:53:02.398+0000] {dagbag.py:588} INFO - Filling up the DagBag from /home/ec2-user/environment/lab4_model_training/dags/ml_pipeline_dag.py
[2026-03-29T21:53:03.613+0000] {processor.py:925} INFO - DAG(s) 'ml_pipeline' retrieved from /home/ec2-user/environment/lab4_model_training/dags/ml_pipeline_dag.py
[2026-03-29T21:53:03.625+0000] {logging_mixin.py:190} INFO - [2026-03-29T21:53:03.625+0000] {dag.py:3239} INFO - Sync 1 DAGs
[2026-03-29T21:53:03.633+0000] {logging_mixin.py:190} INFO - [2026-03-29T21:53:03.633+0000] {dag.py:4180} INFO - Setting next_dagrun for ml_pipeline to None, run_after=None
[2026-03-29T21:53:03.761+0000] {processor.py:208} INFO - Processing /home/ec2-user/environment/lab4_model_training/dags/ml_pipeline_dag.py took 1.369 seconds
[2026-03-29T21:53:34.009+0000] {processor.py:186} INFO - Started process (PID=18227) to work on /home/ec2-user/environment/lab4_model_training/dags/ml_pipeline_dag.py
[2026-03-29T21:53:34.010+0000] {processor.py:914} INFO - Processing file /home/ec2-user/environment/lab4_model_training/dags/ml_pipeline_dag.py for tasks to queue
[2026-03-29T21:53:34.011+0000] {logging_mixin.py:190} INFO - [2026-03-29T21:53:34.010+0000] {dagbag.py:588} INFO - Filling up the DagBag from /home/ec2-user/environment/lab4_model_training/dags/ml_pipeline_dag.py
[2026-03-29T21:53:35.230+0000] {processor.py:925} INFO - DAG(s) 'ml_pipeline' retrieved from /home/ec2-user/environment/lab4_model_training/dags/ml_pipeline_dag.py
[2026-03-29T21:53:35.242+0000] {logging_mixin.py:190} INFO - [2026-03-29T21:53:35.241+0000] {dag.py:3239} INFO - Sync 1 DAGs
[2026-03-29T21:53:35.353+0000] {logging_mixin.py:190} INFO - [2026-03-29T21:53:35.353+0000] {dag.py:4180} INFO - Setting next_dagrun for ml_pipeline to None, run_after=None
[2026-03-29T21:53:35.369+0000] {processor.py:208} INFO - Processing /home/ec2-user/environment/lab4_model_training/dags/ml_pipeline_dag.py took 1.365 seconds
[2026-03-29T21:54:06.183+0000] {processor.py:186} INFO - Started process (PID=18329) to work on /home/ec2-user/environment/lab4_model_training/dags/ml_pipeline_dag.py
[2026-03-29T21:54:06.184+0000] {processor.py:914} INFO - Processing file /home/ec2-user/environment/lab4_model_training/dags/ml_pipeline_dag.py for tasks to queue
[2026-03-29T21:54:06.185+0000] {logging_mixin.py:190} INFO - [2026-03-29T21:54:06.185+0000] {dagbag.py:588} INFO - Filling up the DagBag from /home/ec2-user/environment/lab4_model_training/dags/ml_pipeline_dag.py
[2026-03-29T21:54:07.424+0000] {processor.py:925} INFO - DAG(s) 'ml_pipeline' retrieved from /home/ec2-user/environment/lab4_model_training/dags/ml_pipeline_dag.py
[2026-03-29T21:54:07.437+0000] {logging_mixin.py:190} INFO - [2026-03-29T21:54:07.437+0000] {dag.py:3239} INFO - Sync 1 DAGs
[2026-03-29T21:54:07.555+0000] {logging_mixin.py:190} INFO - [2026-03-29T21:54:07.555+0000] {dag.py:4180} INFO - Setting next_dagrun for ml_pipeline to None, run_after=None
[2026-03-29T21:54:07.570+0000] {processor.py:208} INFO - Processing /home/ec2-user/environment/lab4_model_training/dags/ml_pipeline_dag.py took 1.392 seconds
[2026-03-29T22:48:06.072+0000] {processor.py:186} INFO - Started process (PID=8721) to work on /home/ec2-user/environment/lab4_model_training/dags/ml_pipeline_dag.py
[2026-03-29T22:48:06.073+0000] {processor.py:914} INFO - Processing file /home/ec2-user/environment/lab4_model_training/dags/ml_pipeline_dag.py for tasks to queue
[2026-03-29T22:48:06.075+0000] {logging_mixin.py:190} INFO - [2026-03-29T22:48:06.074+0000] {dagbag.py:588} INFO - Filling up the DagBag from /home/ec2-user/environment/lab4_model_training/dags/ml_pipeline_dag.py
[2026-03-29T22:48:07.428+0000] {processor.py:925} INFO - DAG(s) 'ml_pipeline' retrieved from /home/ec2-user/environment/lab4_model_training/dags/ml_pipeline_dag.py
[2026-03-29T22:48:07.441+0000] {logging_mixin.py:190} INFO - [2026-03-29T22:48:07.441+0000] {dag.py:3239} INFO - Sync 1 DAGs
[2026-03-29T22:48:07.451+0000] {logging_mixin.py:190} INFO - [2026-03-29T22:48:07.451+0000] {dag.py:4180} INFO - Setting next_dagrun for ml_pipeline to None, run_after=None
[2026-03-29T22:48:07.468+0000] {processor.py:208} INFO - Processing /home/ec2-user/environment/lab4_model_training/dags/ml_pipeline_dag.py took 1.401 seconds
[2026-03-29T22:48:38.610+0000] {processor.py:186} INFO - Started process (PID=8973) to work on /home/ec2-user/environment/lab4_model_training/dags/ml_pipeline_dag.py
[2026-03-29T22:48:38.611+0000] {processor.py:914} INFO - Processing file /home/ec2-user/environment/lab4_model_training/dags/ml_pipeline_dag.py for tasks to queue
[2026-03-29T22:48:38.612+0000] {logging_mixin.py:190} INFO - [2026-03-29T22:48:38.612+0000] {dagbag.py:588} INFO - Filling up the DagBag from /home/ec2-user/environment/lab4_model_training/dags/ml_pipeline_dag.py
[2026-03-29T22:48:39.908+0000] {processor.py:925} INFO - DAG(s) 'ml_pipeline' retrieved from /home/ec2-user/environment/lab4_model_training/dags/ml_pipeline_dag.py
[2026-03-29T22:48:39.921+0000] {logging_mixin.py:190} INFO - [2026-03-29T22:48:39.920+0000] {dag.py:3239} INFO - Sync 1 DAGs
[2026-03-29T22:48:39.930+0000] {logging_mixin.py:190} INFO - [2026-03-29T22:48:39.929+0000] {dag.py:4180} INFO - Setting next_dagrun for ml_pipeline to None, run_after=None
[2026-03-29T22:48:39.949+0000] {processor.py:208} INFO - Processing /home/ec2-user/environment/lab4_model_training/dags/ml_pipeline_dag.py took 1.344 seconds
[2026-03-29T22:49:10.196+0000] {processor.py:186} INFO - Started process (PID=9186) to work on /home/ec2-user/environment/lab4_model_training/dags/ml_pipeline_dag.py
[2026-03-29T22:49:10.197+0000] {processor.py:914} INFO - Processing file /home/ec2-user/environment/lab4_model_training/dags/ml_pipeline_dag.py for tasks to queue
[2026-03-29T22:49:10.198+0000] {logging_mixin.py:190} INFO - [2026-03-29T22:49:10.198+0000] {dagbag.py:588} INFO - Filling up the DagBag from /home/ec2-user/environment/lab4_model_training/dags/ml_pipeline_dag.py
[2026-03-29T22:49:11.485+0000] {processor.py:925} INFO - DAG(s) 'ml_pipeline' retrieved from /home/ec2-user/environment/lab4_model_training/dags/ml_pipeline_dag.py
[2026-03-29T22:49:11.498+0000] {logging_mixin.py:190} INFO - [2026-03-29T22:49:11.497+0000] {dag.py:3239} INFO - Sync 1 DAGs
[2026-03-29T22:49:11.506+0000] {logging_mixin.py:190} INFO - [2026-03-29T22:49:11.506+0000] {dag.py:4180} INFO - Setting next_dagrun for ml_pipeline to None, run_after=None
[2026-03-29T22:49:11.524+0000] {processor.py:208} INFO - Processing /home/ec2-user/environment/lab4_model_training/dags/ml_pipeline_dag.py took 1.333 seconds
[2026-03-29T22:49:43.293+0000] {processor.py:186} INFO - Started process (PID=9386) to work on /home/ec2-user/environment/lab4_model_training/dags/ml_pipeline_dag.py
[2026-03-29T22:49:43.294+0000] {processor.py:914} INFO - Processing file /home/ec2-user/environment/lab4_model_training/dags/ml_pipeline_dag.py for tasks to queue
[2026-03-29T22:49:43.295+0000] {logging_mixin.py:190} INFO - [2026-03-29T22:49:43.295+0000] {dagbag.py:588} INFO - Filling up the DagBag from /home/ec2-user/environment/lab4_model_training/dags/ml_pipeline_dag.py
[2026-03-29T22:49:44.572+0000] {processor.py:925} INFO - DAG(s) 'ml_pipeline' retrieved from /home/ec2-user/environment/lab4_model_training/dags/ml_pipeline_dag.py
[2026-03-29T22:49:44.585+0000] {logging_mixin.py:190} INFO - [2026-03-29T22:49:44.585+0000] {dag.py:3239} INFO - Sync 1 DAGs
[2026-03-29T22:49:44.595+0000] {logging_mixin.py:190} INFO - [2026-03-29T22:49:44.595+0000] {dag.py:4180} INFO - Setting next_dagrun for ml_pipeline to None, run_after=None
[2026-03-29T22:49:44.612+0000] {processor.py:208} INFO - Processing /home/ec2-user/environment/lab4_model_training/dags/ml_pipeline_dag.py took 1.324 seconds
[2026-03-29T22:50:14.762+0000] {processor.py:186} INFO - Started process (PID=9568) to work on /home/ec2-user/environment/lab4_model_training/dags/ml_pipeline_dag.py
[2026-03-29T22:50:14.763+0000] {processor.py:914} INFO - Processing file /home/ec2-user/environment/lab4_model_training/dags/ml_pipeline_dag.py for tasks to queue
[2026-03-29T22:50:14.764+0000] {logging_mixin.py:190} INFO - [2026-03-29T22:50:14.763+0000] {dagbag.py:588} INFO - Filling up the DagBag from /home/ec2-user/environment/lab4_model_training/dags/ml_pipeline_dag.py
[2026-03-29T22:50:16.138+0000] {processor.py:925} INFO - DAG(s) 'ml_pipeline' retrieved from /home/ec2-user/environment/lab4_model_training/dags/ml_pipeline_dag.py
[2026-03-29T22:50:16.154+0000] {logging_mixin.py:190} INFO - [2026-03-29T22:50:16.153+0000] {dag.py:3239} INFO - Sync 1 DAGs
[2026-03-29T22:50:16.167+0000] {logging_mixin.py:190} INFO - [2026-03-29T22:50:16.167+0000] {dag.py:4180} INFO - Setting next_dagrun for ml_pipeline to None, run_after=None
[2026-03-29T22:50:16.189+0000] {processor.py:208} INFO - Processing /home/ec2-user/environment/lab4_model_training/dags/ml_pipeline_dag.py took 1.432 seconds
[2026-03-29T22:50:46.296+0000] {processor.py:186} INFO - Started process (PID=9823) to work on /home/ec2-user/environment/lab4_model_training/dags/ml_pipeline_dag.py
[2026-03-29T22:50:46.296+0000] {processor.py:914} INFO - Processing file /home/ec2-user/environment/lab4_model_training/dags/ml_pipeline_dag.py for tasks to queue
[2026-03-29T22:50:46.298+0000] {logging_mixin.py:190} INFO - [2026-03-29T22:50:46.297+0000] {dagbag.py:588} INFO - Filling up the DagBag from /home/ec2-user/environment/lab4_model_training/dags/ml_pipeline_dag.py
[2026-03-29T22:50:47.683+0000] {processor.py:925} INFO - DAG(s) 'ml_pipeline' retrieved from /home/ec2-user/environment/lab4_model_training/dags/ml_pipeline_dag.py
[2026-03-29T22:50:47.700+0000] {logging_mixin.py:190} INFO - [2026-03-29T22:50:47.700+0000] {dag.py:3239} INFO - Sync 1 DAGs
[2026-03-29T22:50:47.718+0000] {logging_mixin.py:190} INFO - [2026-03-29T22:50:47.718+0000] {dag.py:4180} INFO - Setting next_dagrun for ml_pipeline to None, run_after=None
[2026-03-29T22:50:47.735+0000] {processor.py:208} INFO - Processing /home/ec2-user/environment/lab4_model_training/dags/ml_pipeline_dag.py took 1.444 seconds
[2026-03-29T22:51:17.887+0000] {processor.py:186} INFO - Started process (PID=10037) to work on /home/ec2-user/environment/lab4_model_training/dags/ml_pipeline_dag.py
[2026-03-29T22:51:17.889+0000] {processor.py:914} INFO - Processing file /home/ec2-user/environment/lab4_model_training/dags/ml_pipeline_dag.py for tasks to queue
[2026-03-29T22:51:17.890+0000] {logging_mixin.py:190} INFO - [2026-03-29T22:51:17.889+0000] {dagbag.py:588} INFO - Filling up the DagBag from /home/ec2-user/environment/lab4_model_training/dags/ml_pipeline_dag.py
[2026-03-29T22:51:19.319+0000] {processor.py:925} INFO - DAG(s) 'ml_pipeline' retrieved from /home/ec2-user/environment/lab4_model_training/dags/ml_pipeline_dag.py
[2026-03-29T22:51:19.338+0000] {logging_mixin.py:190} INFO - [2026-03-29T22:51:19.337+0000] {dag.py:3239} INFO - Sync 1 DAGs
[2026-03-29T22:51:19.349+0000] {logging_mixin.py:190} INFO - [2026-03-29T22:51:19.349+0000] {dag.py:4180} INFO - Setting next_dagrun for ml_pipeline to None, run_after=None
[2026-03-29T22:51:19.369+0000] {processor.py:208} INFO - Processing /home/ec2-user/environment/lab4_model_training/dags/ml_pipeline_dag.py took 1.486 seconds
[2026-03-29T22:51:49.454+0000] {processor.py:186} INFO - Started process (PID=10265) to work on /home/ec2-user/environment/lab4_model_training/dags/ml_pipeline_dag.py
[2026-03-29T22:51:49.456+0000] {processor.py:914} INFO - Processing file /home/ec2-user/environment/lab4_model_training/dags/ml_pipeline_dag.py for tasks to queue
[2026-03-29T22:51:49.457+0000] {logging_mixin.py:190} INFO - [2026-03-29T22:51:49.457+0000] {dagbag.py:588} INFO - Filling up the DagBag from /home/ec2-user/environment/lab4_model_training/dags/ml_pipeline_dag.py
[2026-03-29T22:51:50.834+0000] {processor.py:925} INFO - DAG(s) 'ml_pipeline' retrieved from /home/ec2-user/environment/lab4_model_training/dags/ml_pipeline_dag.py
[2026-03-29T22:51:50.846+0000] {logging_mixin.py:190} INFO - [2026-03-29T22:51:50.846+0000] {dag.py:3239} INFO - Sync 1 DAGs
[2026-03-29T22:51:50.855+0000] {logging_mixin.py:190} INFO - [2026-03-29T22:51:50.855+0000] {dag.py:4180} INFO - Setting next_dagrun for ml_pipeline to None, run_after=None
[2026-03-29T22:51:50.872+0000] {processor.py:208} INFO - Processing /home/ec2-user/environment/lab4_model_training/dags/ml_pipeline_dag.py took 1.422 seconds
[2026-03-29T22:52:24.738+0000] {processor.py:186} INFO - Started process (PID=10553) to work on /home/ec2-user/environment/lab4_model_training/dags/ml_pipeline_dag.py
[2026-03-29T22:52:24.739+0000] {processor.py:914} INFO - Processing file /home/ec2-user/environment/lab4_model_training/dags/ml_pipeline_dag.py for tasks to queue
[2026-03-29T22:52:24.740+0000] {logging_mixin.py:190} INFO - [2026-03-29T22:52:24.740+0000] {dagbag.py:588} INFO - Filling up the DagBag from /home/ec2-user/environment/lab4_model_training/dags/ml_pipeline_dag.py
[2026-03-29T22:52:26.109+0000] {processor.py:925} INFO - DAG(s) 'ml_pipeline' retrieved from /home/ec2-user/environment/lab4_model_training/dags/ml_pipeline_dag.py
[2026-03-29T22:52:26.122+0000] {logging_mixin.py:190} INFO - [2026-03-29T22:52:26.122+0000] {dag.py:3239} INFO - Sync 1 DAGs
[2026-03-29T22:52:26.131+0000] {logging_mixin.py:190} INFO - [2026-03-29T22:52:26.131+0000] {dag.py:4180} INFO - Setting next_dagrun for ml_pipeline to None, run_after=None
[2026-03-29T22:52:26.149+0000] {processor.py:208} INFO - Processing /home/ec2-user/environment/lab4_model_training/dags/ml_pipeline_dag.py took 1.416 seconds
[2026-03-29T22:52:56.413+0000] {processor.py:186} INFO - Started process (PID=10765) to work on /home/ec2-user/environment/lab4_model_training/dags/ml_pipeline_dag.py
[2026-03-29T22:52:56.414+0000] {processor.py:914} INFO - Processing file /home/ec2-user/environment/lab4_model_training/dags/ml_pipeline_dag.py for tasks to queue
[2026-03-29T22:52:56.415+0000] {logging_mixin.py:190} INFO - [2026-03-29T22:52:56.415+0000] {dagbag.py:588} INFO - Filling up the DagBag from /home/ec2-user/environment/lab4_model_training/dags/ml_pipeline_dag.py
[2026-03-29T22:52:57.809+0000] {processor.py:925} INFO - DAG(s) 'ml_pipeline' retrieved from /home/ec2-user/environment/lab4_model_training/dags/ml_pipeline_dag.py
[2026-03-29T22:52:57.822+0000] {logging_mixin.py:190} INFO - [2026-03-29T22:52:57.822+0000] {dag.py:3239} INFO - Sync 1 DAGs
[2026-03-29T22:52:57.832+0000] {logging_mixin.py:190} INFO - [2026-03-29T22:52:57.831+0000] {dag.py:4180} INFO - Setting next_dagrun for ml_pipeline to None, run_after=None
[2026-03-29T22:52:57.848+0000] {processor.py:208} INFO - Processing /home/ec2-user/environment/lab4_model_training/dags/ml_pipeline_dag.py took 1.441 seconds
[2026-03-29T22:53:28.951+0000] {processor.py:186} INFO - Started process (PID=11001) to work on /home/ec2-user/environment/lab4_model_training/dags/ml_pipeline_dag.py
[2026-03-29T22:53:28.952+0000] {processor.py:914} INFO - Processing file /home/ec2-user/environment/lab4_model_training/dags/ml_pipeline_dag.py for tasks to queue
[2026-03-29T22:53:28.954+0000] {logging_mixin.py:190} INFO - [2026-03-29T22:53:28.953+0000] {dagbag.py:588} INFO - Filling up the DagBag from /home/ec2-user/environment/lab4_model_training/dags/ml_pipeline_dag.py
[2026-03-29T22:53:30.232+0000] {processor.py:925} INFO - DAG(s) 'ml_pipeline' retrieved from /home/ec2-user/environment/lab4_model_training/dags/ml_pipeline_dag.py
[2026-03-29T22:53:30.245+0000] {logging_mixin.py:190} INFO - [2026-03-29T22:53:30.244+0000] {dag.py:3239} INFO - Sync 1 DAGs
[2026-03-29T22:53:30.254+0000] {logging_mixin.py:190} INFO - [2026-03-29T22:53:30.254+0000] {dag.py:4180} INFO - Setting next_dagrun for ml_pipeline to None, run_after=None
[2026-03-29T22:53:30.271+0000] {processor.py:208} INFO - Processing /home/ec2-user/environment/lab4_model_training/dags/ml_pipeline_dag.py took 1.324 seconds
[2026-03-29T22:54:00.720+0000] {processor.py:186} INFO - Started process (PID=11244) to work on /home/ec2-user/environment/lab4_model_training/dags/ml_pipeline_dag.py
[2026-03-29T22:54:00.721+0000] {processor.py:914} INFO - Processing file /home/ec2-user/environment/lab4_model_training/dags/ml_pipeline_dag.py for tasks to queue
[2026-03-29T22:54:00.722+0000] {logging_mixin.py:190} INFO - [2026-03-29T22:54:00.722+0000] {dagbag.py:588} INFO - Filling up the DagBag from /home/ec2-user/environment/lab4_model_training/dags/ml_pipeline_dag.py
[2026-03-29T22:54:01.948+0000] {processor.py:925} INFO - DAG(s) 'ml_pipeline' retrieved from /home/ec2-user/environment/lab4_model_training/dags/ml_pipeline_dag.py
[2026-03-29T22:54:01.962+0000] {logging_mixin.py:190} INFO - [2026-03-29T22:54:01.961+0000] {dag.py:3239} INFO - Sync 1 DAGs
[2026-03-29T22:54:01.971+0000] {logging_mixin.py:190} INFO - [2026-03-29T22:54:01.970+0000] {dag.py:4180} INFO - Setting next_dagrun for ml_pipeline to None, run_after=None
[2026-03-29T22:54:01.987+0000] {processor.py:208} INFO - Processing /home/ec2-user/environment/lab4_model_training/dags/ml_pipeline_dag.py took 1.272 seconds
[2026-03-29T22:54:32.219+0000] {processor.py:186} INFO - Started process (PID=11451) to work on /home/ec2-user/environment/lab4_model_training/dags/ml_pipeline_dag.py
[2026-03-29T22:54:32.220+0000] {processor.py:914} INFO - Processing file /home/ec2-user/environment/lab4_model_training/dags/ml_pipeline_dag.py for tasks to queue
[2026-03-29T22:54:32.222+0000] {logging_mixin.py:190} INFO - [2026-03-29T22:54:32.221+0000] {dagbag.py:588} INFO - Filling up the DagBag from /home/ec2-user/environment/lab4_model_training/dags/ml_pipeline_dag.py
[2026-03-29T22:54:33.432+0000] {processor.py:925} INFO - DAG(s) 'ml_pipeline' retrieved from /home/ec2-user/environment/lab4_model_training/dags/ml_pipeline_dag.py
[2026-03-29T22:54:33.445+0000] {logging_mixin.py:190} INFO - [2026-03-29T22:54:33.445+0000] {dag.py:3239} INFO - Sync 1 DAGs
[2026-03-29T22:54:33.454+0000] {logging_mixin.py:190} INFO - [2026-03-29T22:54:33.453+0000] {dag.py:4180} INFO - Setting next_dagrun for ml_pipeline to None, run_after=None
[2026-03-29T22:54:33.470+0000] {processor.py:208} INFO - Processing /home/ec2-user/environment/lab4_model_training/dags/ml_pipeline_dag.py took 1.255 seconds
[2026-03-29T22:55:03.599+0000] {processor.py:186} INFO - Started process (PID=11657) to work on /home/ec2-user/environment/lab4_model_training/dags/ml_pipeline_dag.py
[2026-03-29T22:55:03.600+0000] {processor.py:914} INFO - Processing file /home/ec2-user/environment/lab4_model_training/dags/ml_pipeline_dag.py for tasks to queue
[2026-03-29T22:55:03.601+0000] {logging_mixin.py:190} INFO - [2026-03-29T22:55:03.601+0000] {dagbag.py:588} INFO - Filling up the DagBag from /home/ec2-user/environment/lab4_model_training/dags/ml_pipeline_dag.py
[2026-03-29T22:55:04.828+0000] {processor.py:925} INFO - DAG(s) 'ml_pipeline' retrieved from /home/ec2-user/environment/lab4_model_training/dags/ml_pipeline_dag.py
[2026-03-29T22:55:04.841+0000] {logging_mixin.py:190} INFO - [2026-03-29T22:55:04.841+0000] {dag.py:3239} INFO - Sync 1 DAGs
[2026-03-29T22:55:04.850+0000] {logging_mixin.py:190} INFO - [2026-03-29T22:55:04.850+0000] {dag.py:4180} INFO - Setting next_dagrun for ml_pipeline to None, run_after=None
[2026-03-29T22:55:04.868+0000] {processor.py:208} INFO - Processing /home/ec2-user/environment/lab4_model_training/dags/ml_pipeline_dag.py took 1.273 seconds
[2026-03-29T22:55:35.516+0000] {processor.py:186} INFO - Started process (PID=11851) to work on /home/ec2-user/environment/lab4_model_training/dags/ml_pipeline_dag.py
[2026-03-29T22:55:35.518+0000] {processor.py:914} INFO - Processing file /home/ec2-user/environment/lab4_model_training/dags/ml_pipeline_dag.py for tasks to queue
[2026-03-29T22:55:35.519+0000] {logging_mixin.py:190} INFO - [2026-03-29T22:55:35.519+0000] {dagbag.py:588} INFO - Filling up the DagBag from /home/ec2-user/environment/lab4_model_training/dags/ml_pipeline_dag.py
[2026-03-29T22:55:36.903+0000] {processor.py:925} INFO - DAG(s) 'ml_pipeline' retrieved from /home/ec2-user/environment/lab4_model_training/dags/ml_pipeline_dag.py
[2026-03-29T22:55:36.916+0000] {logging_mixin.py:190} INFO - [2026-03-29T22:55:36.915+0000] {dag.py:3239} INFO - Sync 1 DAGs
[2026-03-29T22:55:36.925+0000] {logging_mixin.py:190} INFO - [2026-03-29T22:55:36.925+0000] {dag.py:4180} INFO - Setting next_dagrun for ml_pipeline to None, run_after=None
[2026-03-29T22:55:36.942+0000] {processor.py:208} INFO - Processing /home/ec2-user/environment/lab4_model_training/dags/ml_pipeline_dag.py took 1.430 seconds
[2026-03-29T22:56:07.732+0000] {processor.py:186} INFO - Started process (PID=12137) to work on /home/ec2-user/environment/lab4_model_training/dags/ml_pipeline_dag.py
[2026-03-29T22:56:07.732+0000] {processor.py:914} INFO - Processing file /home/ec2-user/environment/lab4_model_training/dags/ml_pipeline_dag.py for tasks to queue
[2026-03-29T22:56:07.734+0000] {logging_mixin.py:190} INFO - [2026-03-29T22:56:07.733+0000] {dagbag.py:588} INFO - Filling up the DagBag from /home/ec2-user/environment/lab4_model_training/dags/ml_pipeline_dag.py
[2026-03-29T22:56:08.969+0000] {processor.py:925} INFO - DAG(s) 'ml_pipeline' retrieved from /home/ec2-user/environment/lab4_model_training/dags/ml_pipeline_dag.py
[2026-03-29T22:56:08.982+0000] {logging_mixin.py:190} INFO - [2026-03-29T22:56:08.981+0000] {dag.py:3239} INFO - Sync 1 DAGs
[2026-03-29T22:56:08.992+0000] {logging_mixin.py:190} INFO - [2026-03-29T22:56:08.991+0000] {dag.py:4180} INFO - Setting next_dagrun for ml_pipeline to None, run_after=None
[2026-03-29T22:56:09.008+0000] {processor.py:208} INFO - Processing /home/ec2-user/environment/lab4_model_training/dags/ml_pipeline_dag.py took 1.281 seconds
[2026-03-29T22:56:39.644+0000] {processor.py:186} INFO - Started process (PID=12331) to work on /home/ec2-user/environment/lab4_model_training/dags/ml_pipeline_dag.py
[2026-03-29T22:56:39.645+0000] {processor.py:914} INFO - Processing file /home/ec2-user/environment/lab4_model_training/dags/ml_pipeline_dag.py for tasks to queue
[2026-03-29T22:56:39.646+0000] {logging_mixin.py:190} INFO - [2026-03-29T22:56:39.646+0000] {dagbag.py:588} INFO - Filling up the DagBag from /home/ec2-user/environment/lab4_model_training/dags/ml_pipeline_dag.py
[2026-03-29T22:56:40.870+0000] {processor.py:925} INFO - DAG(s) 'ml_pipeline' retrieved from /home/ec2-user/environment/lab4_model_training/dags/ml_pipeline_dag.py
[2026-03-29T22:56:40.884+0000] {logging_mixin.py:190} INFO - [2026-03-29T22:56:40.883+0000] {dag.py:3239} INFO - Sync 1 DAGs
[2026-03-29T22:56:40.893+0000] {logging_mixin.py:190} INFO - [2026-03-29T22:56:40.893+0000] {dag.py:4180} INFO - Setting next_dagrun for ml_pipeline to None, run_after=None
[2026-03-29T22:56:40.909+0000] {processor.py:208} INFO - Processing /home/ec2-user/environment/lab4_model_training/dags/ml_pipeline_dag.py took 1.270 seconds
[2026-03-29T22:57:11.264+0000] {processor.py:186} INFO - Started process (PID=12564) to work on /home/ec2-user/environment/lab4_model_training/dags/ml_pipeline_dag.py
[2026-03-29T22:57:11.265+0000] {processor.py:914} INFO - Processing file /home/ec2-user/environment/lab4_model_training/dags/ml_pipeline_dag.py for tasks to queue
[2026-03-29T22:57:11.266+0000] {logging_mixin.py:190} INFO - [2026-03-29T22:57:11.266+0000] {dagbag.py:588} INFO - Filling up the DagBag from /home/ec2-user/environment/lab4_model_training/dags/ml_pipeline_dag.py
[2026-03-29T22:57:12.487+0000] {processor.py:925} INFO - DAG(s) 'ml_pipeline' retrieved from /home/ec2-user/environment/lab4_model_training/dags/ml_pipeline_dag.py
[2026-03-29T22:57:12.501+0000] {logging_mixin.py:190} INFO - [2026-03-29T22:57:12.500+0000] {dag.py:3239} INFO - Sync 1 DAGs
[2026-03-29T22:57:12.509+0000] {logging_mixin.py:190} INFO - [2026-03-29T22:57:12.509+0000] {dag.py:4180} INFO - Setting next_dagrun for ml_pipeline to None, run_after=None
[2026-03-29T22:57:12.526+0000] {processor.py:208} INFO - Processing /home/ec2-user/environment/lab4_model_training/dags/ml_pipeline_dag.py took 1.267 seconds
[2026-03-29T22:57:43.181+0000] {processor.py:186} INFO - Started process (PID=12759) to work on /home/ec2-user/environment/lab4_model_training/dags/ml_pipeline_dag.py
[2026-03-29T22:57:43.182+0000] {processor.py:914} INFO - Processing file /home/ec2-user/environment/lab4_model_training/dags/ml_pipeline_dag.py for tasks to queue
[2026-03-29T22:57:43.183+0000] {logging_mixin.py:190} INFO - [2026-03-29T22:57:43.183+0000] {dagbag.py:588} INFO - Filling up the DagBag from /home/ec2-user/environment/lab4_model_training/dags/ml_pipeline_dag.py
[2026-03-29T22:57:44.407+0000] {processor.py:925} INFO - DAG(s) 'ml_pipeline' retrieved from /home/ec2-user/environment/lab4_model_training/dags/ml_pipeline_dag.py
[2026-03-29T22:57:44.420+0000] {logging_mixin.py:190} INFO - [2026-03-29T22:57:44.420+0000] {dag.py:3239} INFO - Sync 1 DAGs
[2026-03-29T22:57:44.429+0000] {logging_mixin.py:190} INFO - [2026-03-29T22:57:44.429+0000] {dag.py:4180} INFO - Setting next_dagrun for ml_pipeline to None, run_after=None
[2026-03-29T22:57:44.445+0000] {processor.py:208} INFO - Processing /home/ec2-user/environment/lab4_model_training/dags/ml_pipeline_dag.py took 1.269 seconds
[2026-03-29T22:58:15.103+0000] {processor.py:186} INFO - Started process (PID=13017) to work on /home/ec2-user/environment/lab4_model_training/dags/ml_pipeline_dag.py
[2026-03-29T22:58:15.104+0000] {processor.py:914} INFO - Processing file /home/ec2-user/environment/lab4_model_training/dags/ml_pipeline_dag.py for tasks to queue
[2026-03-29T22:58:15.105+0000] {logging_mixin.py:190} INFO - [2026-03-29T22:58:15.105+0000] {dagbag.py:588} INFO - Filling up the DagBag from /home/ec2-user/environment/lab4_model_training/dags/ml_pipeline_dag.py
[2026-03-29T22:58:16.522+0000] {processor.py:925} INFO - DAG(s) 'ml_pipeline' retrieved from /home/ec2-user/environment/lab4_model_training/dags/ml_pipeline_dag.py
[2026-03-29T22:58:16.535+0000] {logging_mixin.py:190} INFO - [2026-03-29T22:58:16.534+0000] {dag.py:3239} INFO - Sync 1 DAGs
[2026-03-29T22:58:16.543+0000] {logging_mixin.py:190} INFO - [2026-03-29T22:58:16.543+0000] {dag.py:4180} INFO - Setting next_dagrun for ml_pipeline to None, run_after=None
[2026-03-29T22:58:16.560+0000] {processor.py:208} INFO - Processing /home/ec2-user/environment/lab4_model_training/dags/ml_pipeline_dag.py took 1.462 seconds
[2026-03-29T22:58:47.313+0000] {processor.py:186} INFO - Started process (PID=13280) to work on /home/ec2-user/environment/lab4_model_training/dags/ml_pipeline_dag.py
[2026-03-29T22:58:47.315+0000] {processor.py:914} INFO - Processing file /home/ec2-user/environment/lab4_model_training/dags/ml_pipeline_dag.py for tasks to queue
[2026-03-29T22:58:47.316+0000] {logging_mixin.py:190} INFO - [2026-03-29T22:58:47.315+0000] {dagbag.py:588} INFO - Filling up the DagBag from /home/ec2-user/environment/lab4_model_training/dags/ml_pipeline_dag.py
[2026-03-29T22:58:48.518+0000] {processor.py:925} INFO - DAG(s) 'ml_pipeline' retrieved from /home/ec2-user/environment/lab4_model_training/dags/ml_pipeline_dag.py
[2026-03-29T22:58:48.531+0000] {logging_mixin.py:190} INFO - [2026-03-29T22:58:48.530+0000] {dag.py:3239} INFO - Sync 1 DAGs
[2026-03-29T22:58:48.539+0000] {logging_mixin.py:190} INFO - [2026-03-29T22:58:48.539+0000] {dag.py:4180} INFO - Setting next_dagrun for ml_pipeline to None, run_after=None
[2026-03-29T22:58:48.557+0000] {processor.py:208} INFO - Processing /home/ec2-user/environment/lab4_model_training/dags/ml_pipeline_dag.py took 1.248 seconds
