[2026-03-29T19:53:25.419+0000] {processor.py:186} INFO - Started process (PID=4291) to work on /home/ec2-user/environment/lab4_model_training/dags/ml_training_pipeline_v2.py
[2026-03-29T19:53:25.420+0000] {processor.py:914} INFO - Processing file /home/ec2-user/environment/lab4_model_training/dags/ml_training_pipeline_v2.py for tasks to queue
[2026-03-29T19:53:25.421+0000] {logging_mixin.py:190} INFO - [2026-03-29T19:53:25.421+0000] {dagbag.py:588} INFO - Filling up the DagBag from /home/ec2-user/environment/lab4_model_training/dags/ml_training_pipeline_v2.py
[2026-03-29T19:53:28.443+0000] {processor.py:925} INFO - DAG(s) 'ml_training_pipeline_v2' retrieved from /home/ec2-user/environment/lab4_model_training/dags/ml_training_pipeline_v2.py
[2026-03-29T19:53:28.464+0000] {logging_mixin.py:190} INFO - [2026-03-29T19:53:28.463+0000] {dag.py:3239} INFO - Sync 1 DAGs
[2026-03-29T19:53:28.479+0000] {logging_mixin.py:190} INFO - [2026-03-29T19:53:28.479+0000] {dag.py:4180} INFO - Setting next_dagrun for ml_training_pipeline_v2 to None, run_after=None
[2026-03-29T19:53:28.505+0000] {processor.py:208} INFO - Processing /home/ec2-user/environment/lab4_model_training/dags/ml_training_pipeline_v2.py took 3.091 seconds
[2026-03-29T19:53:58.830+0000] {processor.py:186} INFO - Started process (PID=4583) to work on /home/ec2-user/environment/lab4_model_training/dags/ml_training_pipeline_v2.py
[2026-03-29T19:53:58.831+0000] {processor.py:914} INFO - Processing file /home/ec2-user/environment/lab4_model_training/dags/ml_training_pipeline_v2.py for tasks to queue
[2026-03-29T19:53:58.833+0000] {logging_mixin.py:190} INFO - [2026-03-29T19:53:58.832+0000] {dagbag.py:588} INFO - Filling up the DagBag from /home/ec2-user/environment/lab4_model_training/dags/ml_training_pipeline_v2.py
[2026-03-29T19:54:00.339+0000] {processor.py:925} INFO - DAG(s) 'ml_training_pipeline_v2' retrieved from /home/ec2-user/environment/lab4_model_training/dags/ml_training_pipeline_v2.py
[2026-03-29T19:54:00.353+0000] {logging_mixin.py:190} INFO - [2026-03-29T19:54:00.352+0000] {dag.py:3239} INFO - Sync 1 DAGs
[2026-03-29T19:54:00.362+0000] {logging_mixin.py:190} INFO - [2026-03-29T19:54:00.362+0000] {dag.py:4180} INFO - Setting next_dagrun for ml_training_pipeline_v2 to None, run_after=None
[2026-03-29T19:54:00.381+0000] {processor.py:208} INFO - Processing /home/ec2-user/environment/lab4_model_training/dags/ml_training_pipeline_v2.py took 1.556 seconds
[2026-03-29T19:54:33.907+0000] {processor.py:186} INFO - Started process (PID=4846) to work on /home/ec2-user/environment/lab4_model_training/dags/ml_training_pipeline_v2.py
[2026-03-29T19:54:33.909+0000] {processor.py:914} INFO - Processing file /home/ec2-user/environment/lab4_model_training/dags/ml_training_pipeline_v2.py for tasks to queue
[2026-03-29T19:54:33.910+0000] {logging_mixin.py:190} INFO - [2026-03-29T19:54:33.910+0000] {dagbag.py:588} INFO - Filling up the DagBag from /home/ec2-user/environment/lab4_model_training/dags/ml_training_pipeline_v2.py
[2026-03-29T19:54:35.414+0000] {processor.py:925} INFO - DAG(s) 'ml_training_pipeline_v2' retrieved from /home/ec2-user/environment/lab4_model_training/dags/ml_training_pipeline_v2.py
[2026-03-29T19:54:35.427+0000] {logging_mixin.py:190} INFO - [2026-03-29T19:54:35.427+0000] {dag.py:3239} INFO - Sync 1 DAGs
[2026-03-29T19:54:35.436+0000] {logging_mixin.py:190} INFO - [2026-03-29T19:54:35.436+0000] {dag.py:4180} INFO - Setting next_dagrun for ml_training_pipeline_v2 to None, run_after=None
[2026-03-29T19:54:35.454+0000] {processor.py:208} INFO - Processing /home/ec2-user/environment/lab4_model_training/dags/ml_training_pipeline_v2.py took 1.551 seconds
[2026-03-29T19:55:06.032+0000] {processor.py:186} INFO - Started process (PID=5066) to work on /home/ec2-user/environment/lab4_model_training/dags/ml_training_pipeline_v2.py
[2026-03-29T19:55:06.032+0000] {processor.py:914} INFO - Processing file /home/ec2-user/environment/lab4_model_training/dags/ml_training_pipeline_v2.py for tasks to queue
[2026-03-29T19:55:06.034+0000] {logging_mixin.py:190} INFO - [2026-03-29T19:55:06.033+0000] {dagbag.py:588} INFO - Filling up the DagBag from /home/ec2-user/environment/lab4_model_training/dags/ml_training_pipeline_v2.py
[2026-03-29T19:55:07.489+0000] {processor.py:925} INFO - DAG(s) 'ml_training_pipeline_v2' retrieved from /home/ec2-user/environment/lab4_model_training/dags/ml_training_pipeline_v2.py
[2026-03-29T19:55:07.503+0000] {logging_mixin.py:190} INFO - [2026-03-29T19:55:07.503+0000] {dag.py:3239} INFO - Sync 1 DAGs
[2026-03-29T19:55:07.512+0000] {logging_mixin.py:190} INFO - [2026-03-29T19:55:07.512+0000] {dag.py:4180} INFO - Setting next_dagrun for ml_training_pipeline_v2 to None, run_after=None
[2026-03-29T19:55:07.530+0000] {processor.py:208} INFO - Processing /home/ec2-user/environment/lab4_model_training/dags/ml_training_pipeline_v2.py took 1.503 seconds
[2026-03-29T19:55:37.716+0000] {processor.py:186} INFO - Started process (PID=5308) to work on /home/ec2-user/environment/lab4_model_training/dags/ml_training_pipeline_v2.py
[2026-03-29T19:55:37.717+0000] {processor.py:914} INFO - Processing file /home/ec2-user/environment/lab4_model_training/dags/ml_training_pipeline_v2.py for tasks to queue
[2026-03-29T19:55:37.718+0000] {logging_mixin.py:190} INFO - [2026-03-29T19:55:37.718+0000] {dagbag.py:588} INFO - Filling up the DagBag from /home/ec2-user/environment/lab4_model_training/dags/ml_training_pipeline_v2.py
[2026-03-29T19:55:39.164+0000] {processor.py:925} INFO - DAG(s) 'ml_training_pipeline_v2' retrieved from /home/ec2-user/environment/lab4_model_training/dags/ml_training_pipeline_v2.py
[2026-03-29T19:55:39.178+0000] {logging_mixin.py:190} INFO - [2026-03-29T19:55:39.178+0000] {dag.py:3239} INFO - Sync 1 DAGs
[2026-03-29T19:55:39.187+0000] {logging_mixin.py:190} INFO - [2026-03-29T19:55:39.187+0000] {dag.py:4180} INFO - Setting next_dagrun for ml_training_pipeline_v2 to None, run_after=None
[2026-03-29T19:55:39.208+0000] {processor.py:208} INFO - Processing /home/ec2-user/environment/lab4_model_training/dags/ml_training_pipeline_v2.py took 1.497 seconds
[2026-03-29T19:56:09.412+0000] {processor.py:186} INFO - Started process (PID=5514) to work on /home/ec2-user/environment/lab4_model_training/dags/ml_training_pipeline_v2.py
[2026-03-29T19:56:09.413+0000] {processor.py:914} INFO - Processing file /home/ec2-user/environment/lab4_model_training/dags/ml_training_pipeline_v2.py for tasks to queue
[2026-03-29T19:56:09.414+0000] {logging_mixin.py:190} INFO - [2026-03-29T19:56:09.414+0000] {dagbag.py:588} INFO - Filling up the DagBag from /home/ec2-user/environment/lab4_model_training/dags/ml_training_pipeline_v2.py
[2026-03-29T19:56:10.845+0000] {processor.py:925} INFO - DAG(s) 'ml_training_pipeline_v2' retrieved from /home/ec2-user/environment/lab4_model_training/dags/ml_training_pipeline_v2.py
[2026-03-29T19:56:10.858+0000] {logging_mixin.py:190} INFO - [2026-03-29T19:56:10.858+0000] {dag.py:3239} INFO - Sync 1 DAGs
[2026-03-29T19:56:10.870+0000] {logging_mixin.py:190} INFO - [2026-03-29T19:56:10.870+0000] {dag.py:4180} INFO - Setting next_dagrun for ml_training_pipeline_v2 to None, run_after=None
[2026-03-29T19:56:10.887+0000] {processor.py:208} INFO - Processing /home/ec2-user/environment/lab4_model_training/dags/ml_training_pipeline_v2.py took 1.480 seconds
[2026-03-29T19:56:41.110+0000] {processor.py:186} INFO - Started process (PID=5708) to work on /home/ec2-user/environment/lab4_model_training/dags/ml_training_pipeline_v2.py
[2026-03-29T19:56:41.111+0000] {processor.py:914} INFO - Processing file /home/ec2-user/environment/lab4_model_training/dags/ml_training_pipeline_v2.py for tasks to queue
[2026-03-29T19:56:41.112+0000] {logging_mixin.py:190} INFO - [2026-03-29T19:56:41.111+0000] {dagbag.py:588} INFO - Filling up the DagBag from /home/ec2-user/environment/lab4_model_training/dags/ml_training_pipeline_v2.py
[2026-03-29T19:56:42.666+0000] {processor.py:925} INFO - DAG(s) 'ml_training_pipeline_v2' retrieved from /home/ec2-user/environment/lab4_model_training/dags/ml_training_pipeline_v2.py
[2026-03-29T19:56:42.679+0000] {logging_mixin.py:190} INFO - [2026-03-29T19:56:42.679+0000] {dag.py:3239} INFO - Sync 1 DAGs
[2026-03-29T19:56:42.690+0000] {logging_mixin.py:190} INFO - [2026-03-29T19:56:42.690+0000] {dag.py:4180} INFO - Setting next_dagrun for ml_training_pipeline_v2 to None, run_after=None
[2026-03-29T19:56:42.728+0000] {processor.py:208} INFO - Processing /home/ec2-user/environment/lab4_model_training/dags/ml_training_pipeline_v2.py took 1.622 seconds
[2026-03-29T19:57:13.737+0000] {processor.py:186} INFO - Started process (PID=5940) to work on /home/ec2-user/environment/lab4_model_training/dags/ml_training_pipeline_v2.py
[2026-03-29T19:57:13.738+0000] {processor.py:914} INFO - Processing file /home/ec2-user/environment/lab4_model_training/dags/ml_training_pipeline_v2.py for tasks to queue
[2026-03-29T19:57:13.739+0000] {logging_mixin.py:190} INFO - [2026-03-29T19:57:13.739+0000] {dagbag.py:588} INFO - Filling up the DagBag from /home/ec2-user/environment/lab4_model_training/dags/ml_training_pipeline_v2.py
[2026-03-29T19:57:15.216+0000] {processor.py:925} INFO - DAG(s) 'ml_training_pipeline_v2' retrieved from /home/ec2-user/environment/lab4_model_training/dags/ml_training_pipeline_v2.py
[2026-03-29T19:57:15.229+0000] {logging_mixin.py:190} INFO - [2026-03-29T19:57:15.229+0000] {dag.py:3239} INFO - Sync 1 DAGs
[2026-03-29T19:57:15.240+0000] {logging_mixin.py:190} INFO - [2026-03-29T19:57:15.240+0000] {dag.py:4180} INFO - Setting next_dagrun for ml_training_pipeline_v2 to None, run_after=None
[2026-03-29T19:57:15.257+0000] {processor.py:208} INFO - Processing /home/ec2-user/environment/lab4_model_training/dags/ml_training_pipeline_v2.py took 1.524 seconds
[2026-03-29T19:57:46.367+0000] {processor.py:186} INFO - Started process (PID=6184) to work on /home/ec2-user/environment/lab4_model_training/dags/ml_training_pipeline_v2.py
[2026-03-29T19:57:46.367+0000] {processor.py:914} INFO - Processing file /home/ec2-user/environment/lab4_model_training/dags/ml_training_pipeline_v2.py for tasks to queue
[2026-03-29T19:57:46.369+0000] {logging_mixin.py:190} INFO - [2026-03-29T19:57:46.368+0000] {dagbag.py:588} INFO - Filling up the DagBag from /home/ec2-user/environment/lab4_model_training/dags/ml_training_pipeline_v2.py
[2026-03-29T19:57:47.854+0000] {processor.py:925} INFO - DAG(s) 'ml_training_pipeline_v2' retrieved from /home/ec2-user/environment/lab4_model_training/dags/ml_training_pipeline_v2.py
[2026-03-29T19:57:47.869+0000] {logging_mixin.py:190} INFO - [2026-03-29T19:57:47.869+0000] {dag.py:3239} INFO - Sync 1 DAGs
[2026-03-29T19:57:47.879+0000] {logging_mixin.py:190} INFO - [2026-03-29T19:57:47.878+0000] {dag.py:4180} INFO - Setting next_dagrun for ml_training_pipeline_v2 to None, run_after=None
[2026-03-29T19:57:47.897+0000] {processor.py:208} INFO - Processing /home/ec2-user/environment/lab4_model_training/dags/ml_training_pipeline_v2.py took 1.535 seconds
[2026-03-29T19:58:18.052+0000] {processor.py:186} INFO - Started process (PID=6392) to work on /home/ec2-user/environment/lab4_model_training/dags/ml_training_pipeline_v2.py
[2026-03-29T19:58:18.053+0000] {processor.py:914} INFO - Processing file /home/ec2-user/environment/lab4_model_training/dags/ml_training_pipeline_v2.py for tasks to queue
[2026-03-29T19:58:18.055+0000] {logging_mixin.py:190} INFO - [2026-03-29T19:58:18.054+0000] {dagbag.py:588} INFO - Filling up the DagBag from /home/ec2-user/environment/lab4_model_training/dags/ml_training_pipeline_v2.py
[2026-03-29T19:58:19.476+0000] {processor.py:925} INFO - DAG(s) 'ml_training_pipeline_v2' retrieved from /home/ec2-user/environment/lab4_model_training/dags/ml_training_pipeline_v2.py
[2026-03-29T19:58:19.489+0000] {logging_mixin.py:190} INFO - [2026-03-29T19:58:19.489+0000] {dag.py:3239} INFO - Sync 1 DAGs
[2026-03-29T19:58:19.498+0000] {logging_mixin.py:190} INFO - [2026-03-29T19:58:19.498+0000] {dag.py:4180} INFO - Setting next_dagrun for ml_training_pipeline_v2 to None, run_after=None
[2026-03-29T19:58:19.516+0000] {processor.py:208} INFO - Processing /home/ec2-user/environment/lab4_model_training/dags/ml_training_pipeline_v2.py took 1.468 seconds
[2026-03-29T19:58:50.479+0000] {processor.py:186} INFO - Started process (PID=6557) to work on /home/ec2-user/environment/lab4_model_training/dags/ml_training_pipeline_v2.py
[2026-03-29T19:58:50.480+0000] {processor.py:914} INFO - Processing file /home/ec2-user/environment/lab4_model_training/dags/ml_training_pipeline_v2.py for tasks to queue
[2026-03-29T19:58:50.481+0000] {logging_mixin.py:190} INFO - [2026-03-29T19:58:50.481+0000] {dagbag.py:588} INFO - Filling up the DagBag from /home/ec2-user/environment/lab4_model_training/dags/ml_training_pipeline_v2.py
[2026-03-29T19:58:51.927+0000] {processor.py:925} INFO - DAG(s) 'ml_training_pipeline_v2' retrieved from /home/ec2-user/environment/lab4_model_training/dags/ml_training_pipeline_v2.py
[2026-03-29T19:58:51.940+0000] {logging_mixin.py:190} INFO - [2026-03-29T19:58:51.940+0000] {dag.py:3239} INFO - Sync 1 DAGs
[2026-03-29T19:58:51.949+0000] {logging_mixin.py:190} INFO - [2026-03-29T19:58:51.949+0000] {dag.py:4180} INFO - Setting next_dagrun for ml_training_pipeline_v2 to None, run_after=None
[2026-03-29T19:58:51.966+0000] {processor.py:208} INFO - Processing /home/ec2-user/environment/lab4_model_training/dags/ml_training_pipeline_v2.py took 1.492 seconds
[2026-03-29T19:59:22.824+0000] {processor.py:186} INFO - Started process (PID=6651) to work on /home/ec2-user/environment/lab4_model_training/dags/ml_training_pipeline_v2.py
[2026-03-29T19:59:22.825+0000] {processor.py:914} INFO - Processing file /home/ec2-user/environment/lab4_model_training/dags/ml_training_pipeline_v2.py for tasks to queue
[2026-03-29T19:59:22.826+0000] {logging_mixin.py:190} INFO - [2026-03-29T19:59:22.826+0000] {dagbag.py:588} INFO - Filling up the DagBag from /home/ec2-user/environment/lab4_model_training/dags/ml_training_pipeline_v2.py
[2026-03-29T19:59:24.231+0000] {processor.py:925} INFO - DAG(s) 'ml_training_pipeline_v2' retrieved from /home/ec2-user/environment/lab4_model_training/dags/ml_training_pipeline_v2.py
[2026-03-29T19:59:24.244+0000] {logging_mixin.py:190} INFO - [2026-03-29T19:59:24.244+0000] {dag.py:3239} INFO - Sync 1 DAGs
[2026-03-29T19:59:24.254+0000] {logging_mixin.py:190} INFO - [2026-03-29T19:59:24.253+0000] {dag.py:4180} INFO - Setting next_dagrun for ml_training_pipeline_v2 to None, run_after=None
[2026-03-29T19:59:24.272+0000] {processor.py:208} INFO - Processing /home/ec2-user/environment/lab4_model_training/dags/ml_training_pipeline_v2.py took 1.453 seconds
[2026-03-29T19:59:54.336+0000] {processor.py:186} INFO - Started process (PID=6677) to work on /home/ec2-user/environment/lab4_model_training/dags/ml_training_pipeline_v2.py
[2026-03-29T19:59:54.337+0000] {processor.py:914} INFO - Processing file /home/ec2-user/environment/lab4_model_training/dags/ml_training_pipeline_v2.py for tasks to queue
[2026-03-29T19:59:54.338+0000] {logging_mixin.py:190} INFO - [2026-03-29T19:59:54.338+0000] {dagbag.py:588} INFO - Filling up the DagBag from /home/ec2-user/environment/lab4_model_training/dags/ml_training_pipeline_v2.py
[2026-03-29T19:59:55.766+0000] {processor.py:925} INFO - DAG(s) 'ml_training_pipeline_v2' retrieved from /home/ec2-user/environment/lab4_model_training/dags/ml_training_pipeline_v2.py
[2026-03-29T19:59:55.780+0000] {logging_mixin.py:190} INFO - [2026-03-29T19:59:55.780+0000] {dag.py:3239} INFO - Sync 1 DAGs
[2026-03-29T19:59:55.790+0000] {logging_mixin.py:190} INFO - [2026-03-29T19:59:55.790+0000] {dag.py:4180} INFO - Setting next_dagrun for ml_training_pipeline_v2 to None, run_after=None
[2026-03-29T19:59:55.811+0000] {processor.py:208} INFO - Processing /home/ec2-user/environment/lab4_model_training/dags/ml_training_pipeline_v2.py took 1.479 seconds
[2026-03-29T20:00:26.553+0000] {processor.py:186} INFO - Started process (PID=6715) to work on /home/ec2-user/environment/lab4_model_training/dags/ml_training_pipeline_v2.py
[2026-03-29T20:00:26.554+0000] {processor.py:914} INFO - Processing file /home/ec2-user/environment/lab4_model_training/dags/ml_training_pipeline_v2.py for tasks to queue
[2026-03-29T20:00:26.555+0000] {logging_mixin.py:190} INFO - [2026-03-29T20:00:26.555+0000] {dagbag.py:588} INFO - Filling up the DagBag from /home/ec2-user/environment/lab4_model_training/dags/ml_training_pipeline_v2.py
[2026-03-29T20:00:27.954+0000] {processor.py:925} INFO - DAG(s) 'ml_training_pipeline_v2' retrieved from /home/ec2-user/environment/lab4_model_training/dags/ml_training_pipeline_v2.py
[2026-03-29T20:00:27.967+0000] {logging_mixin.py:190} INFO - [2026-03-29T20:00:27.966+0000] {dag.py:3239} INFO - Sync 1 DAGs
[2026-03-29T20:00:27.977+0000] {logging_mixin.py:190} INFO - [2026-03-29T20:00:27.977+0000] {dag.py:4180} INFO - Setting next_dagrun for ml_training_pipeline_v2 to None, run_after=None
[2026-03-29T20:00:27.994+0000] {processor.py:208} INFO - Processing /home/ec2-user/environment/lab4_model_training/dags/ml_training_pipeline_v2.py took 1.446 seconds
[2026-03-29T20:00:58.137+0000] {processor.py:186} INFO - Started process (PID=6818) to work on /home/ec2-user/environment/lab4_model_training/dags/ml_training_pipeline_v2.py
[2026-03-29T20:00:58.139+0000] {processor.py:914} INFO - Processing file /home/ec2-user/environment/lab4_model_training/dags/ml_training_pipeline_v2.py for tasks to queue
[2026-03-29T20:00:58.140+0000] {logging_mixin.py:190} INFO - [2026-03-29T20:00:58.140+0000] {dagbag.py:588} INFO - Filling up the DagBag from /home/ec2-user/environment/lab4_model_training/dags/ml_training_pipeline_v2.py
[2026-03-29T20:00:59.451+0000] {processor.py:925} INFO - DAG(s) 'ml_training_pipeline_v2' retrieved from /home/ec2-user/environment/lab4_model_training/dags/ml_training_pipeline_v2.py
[2026-03-29T20:00:59.464+0000] {logging_mixin.py:190} INFO - [2026-03-29T20:00:59.464+0000] {dag.py:3239} INFO - Sync 1 DAGs
[2026-03-29T20:00:59.474+0000] {logging_mixin.py:190} INFO - [2026-03-29T20:00:59.474+0000] {dag.py:4180} INFO - Setting next_dagrun for ml_training_pipeline_v2 to None, run_after=None
[2026-03-29T20:00:59.507+0000] {processor.py:208} INFO - Processing /home/ec2-user/environment/lab4_model_training/dags/ml_training_pipeline_v2.py took 1.376 seconds
[2026-03-29T20:01:29.600+0000] {processor.py:186} INFO - Started process (PID=6857) to work on /home/ec2-user/environment/lab4_model_training/dags/ml_training_pipeline_v2.py
[2026-03-29T20:01:29.601+0000] {processor.py:914} INFO - Processing file /home/ec2-user/environment/lab4_model_training/dags/ml_training_pipeline_v2.py for tasks to queue
[2026-03-29T20:01:29.602+0000] {logging_mixin.py:190} INFO - [2026-03-29T20:01:29.602+0000] {dagbag.py:588} INFO - Filling up the DagBag from /home/ec2-user/environment/lab4_model_training/dags/ml_training_pipeline_v2.py
[2026-03-29T20:01:30.909+0000] {processor.py:925} INFO - DAG(s) 'ml_training_pipeline_v2' retrieved from /home/ec2-user/environment/lab4_model_training/dags/ml_training_pipeline_v2.py
[2026-03-29T20:01:30.923+0000] {logging_mixin.py:190} INFO - [2026-03-29T20:01:30.923+0000] {dag.py:3239} INFO - Sync 1 DAGs
[2026-03-29T20:01:30.931+0000] {logging_mixin.py:190} INFO - [2026-03-29T20:01:30.931+0000] {dag.py:4180} INFO - Setting next_dagrun for ml_training_pipeline_v2 to None, run_after=None
[2026-03-29T20:01:30.948+0000] {processor.py:208} INFO - Processing /home/ec2-user/environment/lab4_model_training/dags/ml_training_pipeline_v2.py took 1.353 seconds
[2026-03-29T20:02:01.065+0000] {processor.py:186} INFO - Started process (PID=6869) to work on /home/ec2-user/environment/lab4_model_training/dags/ml_training_pipeline_v2.py
[2026-03-29T20:02:01.066+0000] {processor.py:914} INFO - Processing file /home/ec2-user/environment/lab4_model_training/dags/ml_training_pipeline_v2.py for tasks to queue
[2026-03-29T20:02:01.067+0000] {logging_mixin.py:190} INFO - [2026-03-29T20:02:01.067+0000] {dagbag.py:588} INFO - Filling up the DagBag from /home/ec2-user/environment/lab4_model_training/dags/ml_training_pipeline_v2.py
[2026-03-29T20:02:02.349+0000] {processor.py:925} INFO - DAG(s) 'ml_training_pipeline_v2' retrieved from /home/ec2-user/environment/lab4_model_training/dags/ml_training_pipeline_v2.py
[2026-03-29T20:02:02.363+0000] {logging_mixin.py:190} INFO - [2026-03-29T20:02:02.363+0000] {dag.py:3239} INFO - Sync 1 DAGs
[2026-03-29T20:02:02.372+0000] {logging_mixin.py:190} INFO - [2026-03-29T20:02:02.372+0000] {dag.py:4180} INFO - Setting next_dagrun for ml_training_pipeline_v2 to None, run_after=None
[2026-03-29T20:02:02.389+0000] {processor.py:208} INFO - Processing /home/ec2-user/environment/lab4_model_training/dags/ml_training_pipeline_v2.py took 1.329 seconds
[2026-03-29T20:02:32.532+0000] {processor.py:186} INFO - Started process (PID=6941) to work on /home/ec2-user/environment/lab4_model_training/dags/ml_training_pipeline_v2.py
[2026-03-29T20:02:32.533+0000] {processor.py:914} INFO - Processing file /home/ec2-user/environment/lab4_model_training/dags/ml_training_pipeline_v2.py for tasks to queue
[2026-03-29T20:02:32.534+0000] {logging_mixin.py:190} INFO - [2026-03-29T20:02:32.534+0000] {dagbag.py:588} INFO - Filling up the DagBag from /home/ec2-user/environment/lab4_model_training/dags/ml_training_pipeline_v2.py
[2026-03-29T20:02:33.797+0000] {processor.py:925} INFO - DAG(s) 'ml_training_pipeline_v2' retrieved from /home/ec2-user/environment/lab4_model_training/dags/ml_training_pipeline_v2.py
[2026-03-29T20:02:33.810+0000] {logging_mixin.py:190} INFO - [2026-03-29T20:02:33.810+0000] {dag.py:3239} INFO - Sync 1 DAGs
[2026-03-29T20:02:33.819+0000] {logging_mixin.py:190} INFO - [2026-03-29T20:02:33.819+0000] {dag.py:4180} INFO - Setting next_dagrun for ml_training_pipeline_v2 to None, run_after=None
[2026-03-29T20:02:33.836+0000] {processor.py:208} INFO - Processing /home/ec2-user/environment/lab4_model_training/dags/ml_training_pipeline_v2.py took 1.308 seconds
[2026-03-29T20:03:03.997+0000] {processor.py:186} INFO - Started process (PID=6990) to work on /home/ec2-user/environment/lab4_model_training/dags/ml_training_pipeline_v2.py
[2026-03-29T20:03:03.998+0000] {processor.py:914} INFO - Processing file /home/ec2-user/environment/lab4_model_training/dags/ml_training_pipeline_v2.py for tasks to queue
[2026-03-29T20:03:03.999+0000] {logging_mixin.py:190} INFO - [2026-03-29T20:03:03.999+0000] {dagbag.py:588} INFO - Filling up the DagBag from /home/ec2-user/environment/lab4_model_training/dags/ml_training_pipeline_v2.py
[2026-03-29T20:03:05.238+0000] {processor.py:925} INFO - DAG(s) 'ml_training_pipeline_v2' retrieved from /home/ec2-user/environment/lab4_model_training/dags/ml_training_pipeline_v2.py
[2026-03-29T20:03:05.251+0000] {logging_mixin.py:190} INFO - [2026-03-29T20:03:05.250+0000] {dag.py:3239} INFO - Sync 1 DAGs
[2026-03-29T20:03:05.259+0000] {logging_mixin.py:190} INFO - [2026-03-29T20:03:05.259+0000] {dag.py:4180} INFO - Setting next_dagrun for ml_training_pipeline_v2 to None, run_after=None
[2026-03-29T20:03:05.276+0000] {processor.py:208} INFO - Processing /home/ec2-user/environment/lab4_model_training/dags/ml_training_pipeline_v2.py took 1.283 seconds
[2026-03-29T20:03:35.364+0000] {processor.py:186} INFO - Started process (PID=7002) to work on /home/ec2-user/environment/lab4_model_training/dags/ml_training_pipeline_v2.py
[2026-03-29T20:03:35.365+0000] {processor.py:914} INFO - Processing file /home/ec2-user/environment/lab4_model_training/dags/ml_training_pipeline_v2.py for tasks to queue
[2026-03-29T20:03:35.366+0000] {logging_mixin.py:190} INFO - [2026-03-29T20:03:35.365+0000] {dagbag.py:588} INFO - Filling up the DagBag from /home/ec2-user/environment/lab4_model_training/dags/ml_training_pipeline_v2.py
[2026-03-29T20:03:36.597+0000] {processor.py:925} INFO - DAG(s) 'ml_training_pipeline_v2' retrieved from /home/ec2-user/environment/lab4_model_training/dags/ml_training_pipeline_v2.py
[2026-03-29T20:03:36.610+0000] {logging_mixin.py:190} INFO - [2026-03-29T20:03:36.610+0000] {dag.py:3239} INFO - Sync 1 DAGs
[2026-03-29T20:03:36.618+0000] {logging_mixin.py:190} INFO - [2026-03-29T20:03:36.618+0000] {dag.py:4180} INFO - Setting next_dagrun for ml_training_pipeline_v2 to None, run_after=None
[2026-03-29T20:03:36.635+0000] {processor.py:208} INFO - Processing /home/ec2-user/environment/lab4_model_training/dags/ml_training_pipeline_v2.py took 1.276 seconds
[2026-03-29T20:04:06.727+0000] {processor.py:186} INFO - Started process (PID=7027) to work on /home/ec2-user/environment/lab4_model_training/dags/ml_training_pipeline_v2.py
[2026-03-29T20:04:06.728+0000] {processor.py:914} INFO - Processing file /home/ec2-user/environment/lab4_model_training/dags/ml_training_pipeline_v2.py for tasks to queue
[2026-03-29T20:04:06.730+0000] {logging_mixin.py:190} INFO - [2026-03-29T20:04:06.729+0000] {dagbag.py:588} INFO - Filling up the DagBag from /home/ec2-user/environment/lab4_model_training/dags/ml_training_pipeline_v2.py
[2026-03-29T20:04:07.958+0000] {processor.py:925} INFO - DAG(s) 'ml_training_pipeline_v2' retrieved from /home/ec2-user/environment/lab4_model_training/dags/ml_training_pipeline_v2.py
[2026-03-29T20:04:07.971+0000] {logging_mixin.py:190} INFO - [2026-03-29T20:04:07.971+0000] {dag.py:3239} INFO - Sync 1 DAGs
[2026-03-29T20:04:07.980+0000] {logging_mixin.py:190} INFO - [2026-03-29T20:04:07.980+0000] {dag.py:4180} INFO - Setting next_dagrun for ml_training_pipeline_v2 to None, run_after=None
[2026-03-29T20:04:07.999+0000] {processor.py:208} INFO - Processing /home/ec2-user/environment/lab4_model_training/dags/ml_training_pipeline_v2.py took 1.277 seconds
[2026-03-29T20:04:38.090+0000] {processor.py:186} INFO - Started process (PID=7094) to work on /home/ec2-user/environment/lab4_model_training/dags/ml_training_pipeline_v2.py
[2026-03-29T20:04:38.091+0000] {processor.py:914} INFO - Processing file /home/ec2-user/environment/lab4_model_training/dags/ml_training_pipeline_v2.py for tasks to queue
[2026-03-29T20:04:38.092+0000] {logging_mixin.py:190} INFO - [2026-03-29T20:04:38.092+0000] {dagbag.py:588} INFO - Filling up the DagBag from /home/ec2-user/environment/lab4_model_training/dags/ml_training_pipeline_v2.py
[2026-03-29T20:04:39.320+0000] {processor.py:925} INFO - DAG(s) 'ml_training_pipeline_v2' retrieved from /home/ec2-user/environment/lab4_model_training/dags/ml_training_pipeline_v2.py
[2026-03-29T20:04:39.333+0000] {logging_mixin.py:190} INFO - [2026-03-29T20:04:39.332+0000] {dag.py:3239} INFO - Sync 1 DAGs
[2026-03-29T20:04:39.342+0000] {logging_mixin.py:190} INFO - [2026-03-29T20:04:39.342+0000] {dag.py:4180} INFO - Setting next_dagrun for ml_training_pipeline_v2 to None, run_after=None
[2026-03-29T20:04:39.359+0000] {processor.py:208} INFO - Processing /home/ec2-user/environment/lab4_model_training/dags/ml_training_pipeline_v2.py took 1.273 seconds
[2026-03-29T20:05:09.452+0000] {processor.py:186} INFO - Started process (PID=7118) to work on /home/ec2-user/environment/lab4_model_training/dags/ml_training_pipeline_v2.py
[2026-03-29T20:05:09.453+0000] {processor.py:914} INFO - Processing file /home/ec2-user/environment/lab4_model_training/dags/ml_training_pipeline_v2.py for tasks to queue
[2026-03-29T20:05:09.455+0000] {logging_mixin.py:190} INFO - [2026-03-29T20:05:09.454+0000] {dagbag.py:588} INFO - Filling up the DagBag from /home/ec2-user/environment/lab4_model_training/dags/ml_training_pipeline_v2.py
[2026-03-29T20:05:10.685+0000] {processor.py:925} INFO - DAG(s) 'ml_training_pipeline_v2' retrieved from /home/ec2-user/environment/lab4_model_training/dags/ml_training_pipeline_v2.py
[2026-03-29T20:05:10.697+0000] {logging_mixin.py:190} INFO - [2026-03-29T20:05:10.697+0000] {dag.py:3239} INFO - Sync 1 DAGs
[2026-03-29T20:05:10.707+0000] {logging_mixin.py:190} INFO - [2026-03-29T20:05:10.707+0000] {dag.py:4180} INFO - Setting next_dagrun for ml_training_pipeline_v2 to None, run_after=None
[2026-03-29T20:05:10.723+0000] {processor.py:208} INFO - Processing /home/ec2-user/environment/lab4_model_training/dags/ml_training_pipeline_v2.py took 1.276 seconds
[2026-03-29T20:05:40.817+0000] {processor.py:186} INFO - Started process (PID=7130) to work on /home/ec2-user/environment/lab4_model_training/dags/ml_training_pipeline_v2.py
[2026-03-29T20:05:40.817+0000] {processor.py:914} INFO - Processing file /home/ec2-user/environment/lab4_model_training/dags/ml_training_pipeline_v2.py for tasks to queue
[2026-03-29T20:05:40.819+0000] {logging_mixin.py:190} INFO - [2026-03-29T20:05:40.818+0000] {dagbag.py:588} INFO - Filling up the DagBag from /home/ec2-user/environment/lab4_model_training/dags/ml_training_pipeline_v2.py
[2026-03-29T20:05:42.048+0000] {processor.py:925} INFO - DAG(s) 'ml_training_pipeline_v2' retrieved from /home/ec2-user/environment/lab4_model_training/dags/ml_training_pipeline_v2.py
[2026-03-29T20:05:42.061+0000] {logging_mixin.py:190} INFO - [2026-03-29T20:05:42.061+0000] {dag.py:3239} INFO - Sync 1 DAGs
[2026-03-29T20:05:42.070+0000] {logging_mixin.py:190} INFO - [2026-03-29T20:05:42.069+0000] {dag.py:4180} INFO - Setting next_dagrun for ml_training_pipeline_v2 to None, run_after=None
[2026-03-29T20:05:42.086+0000] {processor.py:208} INFO - Processing /home/ec2-user/environment/lab4_model_training/dags/ml_training_pipeline_v2.py took 1.274 seconds
[2026-03-29T20:06:12.183+0000] {processor.py:186} INFO - Started process (PID=7154) to work on /home/ec2-user/environment/lab4_model_training/dags/ml_training_pipeline_v2.py
[2026-03-29T20:06:12.185+0000] {processor.py:914} INFO - Processing file /home/ec2-user/environment/lab4_model_training/dags/ml_training_pipeline_v2.py for tasks to queue
[2026-03-29T20:06:12.186+0000] {logging_mixin.py:190} INFO - [2026-03-29T20:06:12.186+0000] {dagbag.py:588} INFO - Filling up the DagBag from /home/ec2-user/environment/lab4_model_training/dags/ml_training_pipeline_v2.py
[2026-03-29T20:06:13.390+0000] {processor.py:925} INFO - DAG(s) 'ml_training_pipeline_v2' retrieved from /home/ec2-user/environment/lab4_model_training/dags/ml_training_pipeline_v2.py
[2026-03-29T20:06:13.403+0000] {logging_mixin.py:190} INFO - [2026-03-29T20:06:13.403+0000] {dag.py:3239} INFO - Sync 1 DAGs
[2026-03-29T20:06:13.412+0000] {logging_mixin.py:190} INFO - [2026-03-29T20:06:13.412+0000] {dag.py:4180} INFO - Setting next_dagrun for ml_training_pipeline_v2 to None, run_after=None
[2026-03-29T20:06:13.428+0000] {processor.py:208} INFO - Processing /home/ec2-user/environment/lab4_model_training/dags/ml_training_pipeline_v2.py took 1.250 seconds
[2026-03-29T20:06:43.545+0000] {processor.py:186} INFO - Started process (PID=7214) to work on /home/ec2-user/environment/lab4_model_training/dags/ml_training_pipeline_v2.py
[2026-03-29T20:06:43.546+0000] {processor.py:914} INFO - Processing file /home/ec2-user/environment/lab4_model_training/dags/ml_training_pipeline_v2.py for tasks to queue
[2026-03-29T20:06:43.547+0000] {logging_mixin.py:190} INFO - [2026-03-29T20:06:43.547+0000] {dagbag.py:588} INFO - Filling up the DagBag from /home/ec2-user/environment/lab4_model_training/dags/ml_training_pipeline_v2.py
[2026-03-29T20:06:44.772+0000] {processor.py:925} INFO - DAG(s) 'ml_training_pipeline_v2' retrieved from /home/ec2-user/environment/lab4_model_training/dags/ml_training_pipeline_v2.py
[2026-03-29T20:06:44.784+0000] {logging_mixin.py:190} INFO - [2026-03-29T20:06:44.784+0000] {dag.py:3239} INFO - Sync 1 DAGs
[2026-03-29T20:06:44.793+0000] {logging_mixin.py:190} INFO - [2026-03-29T20:06:44.793+0000] {dag.py:4180} INFO - Setting next_dagrun for ml_training_pipeline_v2 to None, run_after=None
[2026-03-29T20:06:44.809+0000] {processor.py:208} INFO - Processing /home/ec2-user/environment/lab4_model_training/dags/ml_training_pipeline_v2.py took 1.269 seconds
[2026-03-29T20:07:14.907+0000] {processor.py:186} INFO - Started process (PID=7238) to work on /home/ec2-user/environment/lab4_model_training/dags/ml_training_pipeline_v2.py
[2026-03-29T20:07:14.908+0000] {processor.py:914} INFO - Processing file /home/ec2-user/environment/lab4_model_training/dags/ml_training_pipeline_v2.py for tasks to queue
[2026-03-29T20:07:14.909+0000] {logging_mixin.py:190} INFO - [2026-03-29T20:07:14.909+0000] {dagbag.py:588} INFO - Filling up the DagBag from /home/ec2-user/environment/lab4_model_training/dags/ml_training_pipeline_v2.py
[2026-03-29T20:07:16.140+0000] {processor.py:925} INFO - DAG(s) 'ml_training_pipeline_v2' retrieved from /home/ec2-user/environment/lab4_model_training/dags/ml_training_pipeline_v2.py
[2026-03-29T20:07:16.154+0000] {logging_mixin.py:190} INFO - [2026-03-29T20:07:16.153+0000] {dag.py:3239} INFO - Sync 1 DAGs
[2026-03-29T20:07:16.162+0000] {logging_mixin.py:190} INFO - [2026-03-29T20:07:16.162+0000] {dag.py:4180} INFO - Setting next_dagrun for ml_training_pipeline_v2 to None, run_after=None
[2026-03-29T20:07:16.178+0000] {processor.py:208} INFO - Processing /home/ec2-user/environment/lab4_model_training/dags/ml_training_pipeline_v2.py took 1.276 seconds
[2026-03-29T20:07:46.273+0000] {processor.py:186} INFO - Started process (PID=7250) to work on /home/ec2-user/environment/lab4_model_training/dags/ml_training_pipeline_v2.py
[2026-03-29T20:07:46.274+0000] {processor.py:914} INFO - Processing file /home/ec2-user/environment/lab4_model_training/dags/ml_training_pipeline_v2.py for tasks to queue
[2026-03-29T20:07:46.275+0000] {logging_mixin.py:190} INFO - [2026-03-29T20:07:46.275+0000] {dagbag.py:588} INFO - Filling up the DagBag from /home/ec2-user/environment/lab4_model_training/dags/ml_training_pipeline_v2.py
[2026-03-29T20:07:47.499+0000] {processor.py:925} INFO - DAG(s) 'ml_training_pipeline_v2' retrieved from /home/ec2-user/environment/lab4_model_training/dags/ml_training_pipeline_v2.py
[2026-03-29T20:07:47.512+0000] {logging_mixin.py:190} INFO - [2026-03-29T20:07:47.511+0000] {dag.py:3239} INFO - Sync 1 DAGs
[2026-03-29T20:07:47.520+0000] {logging_mixin.py:190} INFO - [2026-03-29T20:07:47.520+0000] {dag.py:4180} INFO - Setting next_dagrun for ml_training_pipeline_v2 to None, run_after=None
[2026-03-29T20:07:47.537+0000] {processor.py:208} INFO - Processing /home/ec2-user/environment/lab4_model_training/dags/ml_training_pipeline_v2.py took 1.268 seconds
[2026-03-29T20:08:17.639+0000] {processor.py:186} INFO - Started process (PID=7274) to work on /home/ec2-user/environment/lab4_model_training/dags/ml_training_pipeline_v2.py
[2026-03-29T20:08:17.640+0000] {processor.py:914} INFO - Processing file /home/ec2-user/environment/lab4_model_training/dags/ml_training_pipeline_v2.py for tasks to queue
[2026-03-29T20:08:17.641+0000] {logging_mixin.py:190} INFO - [2026-03-29T20:08:17.641+0000] {dagbag.py:588} INFO - Filling up the DagBag from /home/ec2-user/environment/lab4_model_training/dags/ml_training_pipeline_v2.py
[2026-03-29T20:08:18.916+0000] {processor.py:925} INFO - DAG(s) 'ml_training_pipeline_v2' retrieved from /home/ec2-user/environment/lab4_model_training/dags/ml_training_pipeline_v2.py
[2026-03-29T20:08:18.928+0000] {logging_mixin.py:190} INFO - [2026-03-29T20:08:18.928+0000] {dag.py:3239} INFO - Sync 1 DAGs
[2026-03-29T20:08:18.937+0000] {logging_mixin.py:190} INFO - [2026-03-29T20:08:18.937+0000] {dag.py:4180} INFO - Setting next_dagrun for ml_training_pipeline_v2 to None, run_after=None
[2026-03-29T20:08:18.955+0000] {processor.py:208} INFO - Processing /home/ec2-user/environment/lab4_model_training/dags/ml_training_pipeline_v2.py took 1.320 seconds
[2026-03-29T20:08:49.106+0000] {processor.py:186} INFO - Started process (PID=7335) to work on /home/ec2-user/environment/lab4_model_training/dags/ml_training_pipeline_v2.py
[2026-03-29T20:08:49.107+0000] {processor.py:914} INFO - Processing file /home/ec2-user/environment/lab4_model_training/dags/ml_training_pipeline_v2.py for tasks to queue
[2026-03-29T20:08:49.109+0000] {logging_mixin.py:190} INFO - [2026-03-29T20:08:49.108+0000] {dagbag.py:588} INFO - Filling up the DagBag from /home/ec2-user/environment/lab4_model_training/dags/ml_training_pipeline_v2.py
[2026-03-29T20:08:50.329+0000] {processor.py:925} INFO - DAG(s) 'ml_training_pipeline_v2' retrieved from /home/ec2-user/environment/lab4_model_training/dags/ml_training_pipeline_v2.py
[2026-03-29T20:08:50.342+0000] {logging_mixin.py:190} INFO - [2026-03-29T20:08:50.342+0000] {dag.py:3239} INFO - Sync 1 DAGs
[2026-03-29T20:08:50.351+0000] {logging_mixin.py:190} INFO - [2026-03-29T20:08:50.351+0000] {dag.py:4180} INFO - Setting next_dagrun for ml_training_pipeline_v2 to None, run_after=None
[2026-03-29T20:08:50.368+0000] {processor.py:208} INFO - Processing /home/ec2-user/environment/lab4_model_training/dags/ml_training_pipeline_v2.py took 1.266 seconds
[2026-03-29T20:09:20.475+0000] {processor.py:186} INFO - Started process (PID=7402) to work on /home/ec2-user/environment/lab4_model_training/dags/ml_training_pipeline_v2.py
[2026-03-29T20:09:20.475+0000] {processor.py:914} INFO - Processing file /home/ec2-user/environment/lab4_model_training/dags/ml_training_pipeline_v2.py for tasks to queue
[2026-03-29T20:09:20.476+0000] {logging_mixin.py:190} INFO - [2026-03-29T20:09:20.476+0000] {dagbag.py:588} INFO - Filling up the DagBag from /home/ec2-user/environment/lab4_model_training/dags/ml_training_pipeline_v2.py
[2026-03-29T20:09:21.685+0000] {processor.py:925} INFO - DAG(s) 'ml_training_pipeline_v2' retrieved from /home/ec2-user/environment/lab4_model_training/dags/ml_training_pipeline_v2.py
[2026-03-29T20:09:21.696+0000] {logging_mixin.py:190} INFO - [2026-03-29T20:09:21.696+0000] {dag.py:3239} INFO - Sync 1 DAGs
[2026-03-29T20:09:21.705+0000] {logging_mixin.py:190} INFO - [2026-03-29T20:09:21.705+0000] {dag.py:4180} INFO - Setting next_dagrun for ml_training_pipeline_v2 to None, run_after=None
[2026-03-29T20:09:21.721+0000] {processor.py:208} INFO - Processing /home/ec2-user/environment/lab4_model_training/dags/ml_training_pipeline_v2.py took 1.251 seconds
[2026-03-29T20:09:51.842+0000] {processor.py:186} INFO - Started process (PID=7416) to work on /home/ec2-user/environment/lab4_model_training/dags/ml_training_pipeline_v2.py
[2026-03-29T20:09:51.843+0000] {processor.py:914} INFO - Processing file /home/ec2-user/environment/lab4_model_training/dags/ml_training_pipeline_v2.py for tasks to queue
[2026-03-29T20:09:51.844+0000] {logging_mixin.py:190} INFO - [2026-03-29T20:09:51.844+0000] {dagbag.py:588} INFO - Filling up the DagBag from /home/ec2-user/environment/lab4_model_training/dags/ml_training_pipeline_v2.py
[2026-03-29T20:09:53.049+0000] {processor.py:925} INFO - DAG(s) 'ml_training_pipeline_v2' retrieved from /home/ec2-user/environment/lab4_model_training/dags/ml_training_pipeline_v2.py
[2026-03-29T20:09:53.062+0000] {logging_mixin.py:190} INFO - [2026-03-29T20:09:53.062+0000] {dag.py:3239} INFO - Sync 1 DAGs
[2026-03-29T20:09:53.070+0000] {logging_mixin.py:190} INFO - [2026-03-29T20:09:53.070+0000] {dag.py:4180} INFO - Setting next_dagrun for ml_training_pipeline_v2 to None, run_after=None
[2026-03-29T20:09:53.085+0000] {processor.py:208} INFO - Processing /home/ec2-user/environment/lab4_model_training/dags/ml_training_pipeline_v2.py took 1.248 seconds
[2026-03-29T20:10:23.206+0000] {processor.py:186} INFO - Started process (PID=7487) to work on /home/ec2-user/environment/lab4_model_training/dags/ml_training_pipeline_v2.py
[2026-03-29T20:10:23.207+0000] {processor.py:914} INFO - Processing file /home/ec2-user/environment/lab4_model_training/dags/ml_training_pipeline_v2.py for tasks to queue
[2026-03-29T20:10:23.208+0000] {logging_mixin.py:190} INFO - [2026-03-29T20:10:23.207+0000] {dagbag.py:588} INFO - Filling up the DagBag from /home/ec2-user/environment/lab4_model_training/dags/ml_training_pipeline_v2.py
[2026-03-29T20:10:24.423+0000] {processor.py:925} INFO - DAG(s) 'ml_training_pipeline_v2' retrieved from /home/ec2-user/environment/lab4_model_training/dags/ml_training_pipeline_v2.py
[2026-03-29T20:10:24.436+0000] {logging_mixin.py:190} INFO - [2026-03-29T20:10:24.436+0000] {dag.py:3239} INFO - Sync 1 DAGs
[2026-03-29T20:10:24.444+0000] {logging_mixin.py:190} INFO - [2026-03-29T20:10:24.444+0000] {dag.py:4180} INFO - Setting next_dagrun for ml_training_pipeline_v2 to None, run_after=None
[2026-03-29T20:10:24.459+0000] {processor.py:208} INFO - Processing /home/ec2-user/environment/lab4_model_training/dags/ml_training_pipeline_v2.py took 1.257 seconds
[2026-03-29T20:10:54.571+0000] {processor.py:186} INFO - Started process (PID=7499) to work on /home/ec2-user/environment/lab4_model_training/dags/ml_training_pipeline_v2.py
[2026-03-29T20:10:54.572+0000] {processor.py:914} INFO - Processing file /home/ec2-user/environment/lab4_model_training/dags/ml_training_pipeline_v2.py for tasks to queue
[2026-03-29T20:10:54.573+0000] {logging_mixin.py:190} INFO - [2026-03-29T20:10:54.573+0000] {dagbag.py:588} INFO - Filling up the DagBag from /home/ec2-user/environment/lab4_model_training/dags/ml_training_pipeline_v2.py
[2026-03-29T20:10:55.799+0000] {processor.py:925} INFO - DAG(s) 'ml_training_pipeline_v2' retrieved from /home/ec2-user/environment/lab4_model_training/dags/ml_training_pipeline_v2.py
[2026-03-29T20:10:55.811+0000] {logging_mixin.py:190} INFO - [2026-03-29T20:10:55.810+0000] {dag.py:3239} INFO - Sync 1 DAGs
[2026-03-29T20:10:55.819+0000] {logging_mixin.py:190} INFO - [2026-03-29T20:10:55.819+0000] {dag.py:4180} INFO - Setting next_dagrun for ml_training_pipeline_v2 to None, run_after=None
[2026-03-29T20:10:55.834+0000] {processor.py:208} INFO - Processing /home/ec2-user/environment/lab4_model_training/dags/ml_training_pipeline_v2.py took 1.267 seconds
[2026-03-29T20:11:25.935+0000] {processor.py:186} INFO - Started process (PID=7520) to work on /home/ec2-user/environment/lab4_model_training/dags/ml_training_pipeline_v2.py
[2026-03-29T20:11:25.936+0000] {processor.py:914} INFO - Processing file /home/ec2-user/environment/lab4_model_training/dags/ml_training_pipeline_v2.py for tasks to queue
[2026-03-29T20:11:25.937+0000] {logging_mixin.py:190} INFO - [2026-03-29T20:11:25.937+0000] {dagbag.py:588} INFO - Filling up the DagBag from /home/ec2-user/environment/lab4_model_training/dags/ml_training_pipeline_v2.py
[2026-03-29T20:11:27.159+0000] {processor.py:925} INFO - DAG(s) 'ml_training_pipeline_v2' retrieved from /home/ec2-user/environment/lab4_model_training/dags/ml_training_pipeline_v2.py
[2026-03-29T20:11:27.171+0000] {logging_mixin.py:190} INFO - [2026-03-29T20:11:27.171+0000] {dag.py:3239} INFO - Sync 1 DAGs
[2026-03-29T20:11:27.179+0000] {logging_mixin.py:190} INFO - [2026-03-29T20:11:27.179+0000] {dag.py:4180} INFO - Setting next_dagrun for ml_training_pipeline_v2 to None, run_after=None
[2026-03-29T20:11:27.194+0000] {processor.py:208} INFO - Processing /home/ec2-user/environment/lab4_model_training/dags/ml_training_pipeline_v2.py took 1.264 seconds
[2026-03-29T20:11:57.300+0000] {processor.py:186} INFO - Started process (PID=7532) to work on /home/ec2-user/environment/lab4_model_training/dags/ml_training_pipeline_v2.py
[2026-03-29T20:11:57.301+0000] {processor.py:914} INFO - Processing file /home/ec2-user/environment/lab4_model_training/dags/ml_training_pipeline_v2.py for tasks to queue
[2026-03-29T20:11:57.301+0000] {logging_mixin.py:190} INFO - [2026-03-29T20:11:57.301+0000] {dagbag.py:588} INFO - Filling up the DagBag from /home/ec2-user/environment/lab4_model_training/dags/ml_training_pipeline_v2.py
[2026-03-29T20:11:58.530+0000] {processor.py:925} INFO - DAG(s) 'ml_training_pipeline_v2' retrieved from /home/ec2-user/environment/lab4_model_training/dags/ml_training_pipeline_v2.py
[2026-03-29T20:11:58.542+0000] {logging_mixin.py:190} INFO - [2026-03-29T20:11:58.542+0000] {dag.py:3239} INFO - Sync 1 DAGs
[2026-03-29T20:11:58.550+0000] {logging_mixin.py:190} INFO - [2026-03-29T20:11:58.550+0000] {dag.py:4180} INFO - Setting next_dagrun for ml_training_pipeline_v2 to None, run_after=None
[2026-03-29T20:11:58.565+0000] {processor.py:208} INFO - Processing /home/ec2-user/environment/lab4_model_training/dags/ml_training_pipeline_v2.py took 1.270 seconds
[2026-03-29T20:12:28.665+0000] {processor.py:186} INFO - Started process (PID=7601) to work on /home/ec2-user/environment/lab4_model_training/dags/ml_training_pipeline_v2.py
[2026-03-29T20:12:28.666+0000] {processor.py:914} INFO - Processing file /home/ec2-user/environment/lab4_model_training/dags/ml_training_pipeline_v2.py for tasks to queue
[2026-03-29T20:12:28.667+0000] {logging_mixin.py:190} INFO - [2026-03-29T20:12:28.666+0000] {dagbag.py:588} INFO - Filling up the DagBag from /home/ec2-user/environment/lab4_model_training/dags/ml_training_pipeline_v2.py
[2026-03-29T20:12:29.900+0000] {processor.py:925} INFO - DAG(s) 'ml_training_pipeline_v2' retrieved from /home/ec2-user/environment/lab4_model_training/dags/ml_training_pipeline_v2.py
[2026-03-29T20:12:29.912+0000] {logging_mixin.py:190} INFO - [2026-03-29T20:12:29.911+0000] {dag.py:3239} INFO - Sync 1 DAGs
[2026-03-29T20:12:29.920+0000] {logging_mixin.py:190} INFO - [2026-03-29T20:12:29.920+0000] {dag.py:4180} INFO - Setting next_dagrun for ml_training_pipeline_v2 to None, run_after=None
[2026-03-29T20:12:29.936+0000] {processor.py:208} INFO - Processing /home/ec2-user/environment/lab4_model_training/dags/ml_training_pipeline_v2.py took 1.276 seconds
[2026-03-29T20:13:00.029+0000] {processor.py:186} INFO - Started process (PID=7613) to work on /home/ec2-user/environment/lab4_model_training/dags/ml_training_pipeline_v2.py
[2026-03-29T20:13:00.030+0000] {processor.py:914} INFO - Processing file /home/ec2-user/environment/lab4_model_training/dags/ml_training_pipeline_v2.py for tasks to queue
[2026-03-29T20:13:00.031+0000] {logging_mixin.py:190} INFO - [2026-03-29T20:13:00.031+0000] {dagbag.py:588} INFO - Filling up the DagBag from /home/ec2-user/environment/lab4_model_training/dags/ml_training_pipeline_v2.py
[2026-03-29T20:13:01.237+0000] {processor.py:925} INFO - DAG(s) 'ml_training_pipeline_v2' retrieved from /home/ec2-user/environment/lab4_model_training/dags/ml_training_pipeline_v2.py
[2026-03-29T20:13:01.249+0000] {logging_mixin.py:190} INFO - [2026-03-29T20:13:01.249+0000] {dag.py:3239} INFO - Sync 1 DAGs
[2026-03-29T20:13:01.258+0000] {logging_mixin.py:190} INFO - [2026-03-29T20:13:01.258+0000] {dag.py:4180} INFO - Setting next_dagrun for ml_training_pipeline_v2 to None, run_after=None
[2026-03-29T20:13:01.274+0000] {processor.py:208} INFO - Processing /home/ec2-user/environment/lab4_model_training/dags/ml_training_pipeline_v2.py took 1.249 seconds
[2026-03-29T20:13:31.394+0000] {processor.py:186} INFO - Started process (PID=7634) to work on /home/ec2-user/environment/lab4_model_training/dags/ml_training_pipeline_v2.py
[2026-03-29T20:13:31.395+0000] {processor.py:914} INFO - Processing file /home/ec2-user/environment/lab4_model_training/dags/ml_training_pipeline_v2.py for tasks to queue
[2026-03-29T20:13:31.396+0000] {logging_mixin.py:190} INFO - [2026-03-29T20:13:31.396+0000] {dagbag.py:588} INFO - Filling up the DagBag from /home/ec2-user/environment/lab4_model_training/dags/ml_training_pipeline_v2.py
[2026-03-29T20:13:32.599+0000] {processor.py:925} INFO - DAG(s) 'ml_training_pipeline_v2' retrieved from /home/ec2-user/environment/lab4_model_training/dags/ml_training_pipeline_v2.py
[2026-03-29T20:13:32.612+0000] {logging_mixin.py:190} INFO - [2026-03-29T20:13:32.611+0000] {dag.py:3239} INFO - Sync 1 DAGs
[2026-03-29T20:13:32.620+0000] {logging_mixin.py:190} INFO - [2026-03-29T20:13:32.620+0000] {dag.py:4180} INFO - Setting next_dagrun for ml_training_pipeline_v2 to None, run_after=None
[2026-03-29T20:13:32.635+0000] {processor.py:208} INFO - Processing /home/ec2-user/environment/lab4_model_training/dags/ml_training_pipeline_v2.py took 1.245 seconds
[2026-03-29T20:14:02.759+0000] {processor.py:186} INFO - Started process (PID=7930) to work on /home/ec2-user/environment/lab4_model_training/dags/ml_training_pipeline_v2.py
[2026-03-29T20:14:02.760+0000] {processor.py:914} INFO - Processing file /home/ec2-user/environment/lab4_model_training/dags/ml_training_pipeline_v2.py for tasks to queue
[2026-03-29T20:14:02.761+0000] {logging_mixin.py:190} INFO - [2026-03-29T20:14:02.760+0000] {dagbag.py:588} INFO - Filling up the DagBag from /home/ec2-user/environment/lab4_model_training/dags/ml_training_pipeline_v2.py
[2026-03-29T20:14:03.964+0000] {processor.py:925} INFO - DAG(s) 'ml_training_pipeline_v2' retrieved from /home/ec2-user/environment/lab4_model_training/dags/ml_training_pipeline_v2.py
[2026-03-29T20:14:03.977+0000] {logging_mixin.py:190} INFO - [2026-03-29T20:14:03.977+0000] {dag.py:3239} INFO - Sync 1 DAGs
[2026-03-29T20:14:03.985+0000] {logging_mixin.py:190} INFO - [2026-03-29T20:14:03.985+0000] {dag.py:4180} INFO - Setting next_dagrun for ml_training_pipeline_v2 to None, run_after=None
[2026-03-29T20:14:04.000+0000] {processor.py:208} INFO - Processing /home/ec2-user/environment/lab4_model_training/dags/ml_training_pipeline_v2.py took 1.246 seconds
[2026-03-29T20:14:34.131+0000] {processor.py:186} INFO - Started process (PID=7973) to work on /home/ec2-user/environment/lab4_model_training/dags/ml_training_pipeline_v2.py
[2026-03-29T20:14:34.133+0000] {processor.py:914} INFO - Processing file /home/ec2-user/environment/lab4_model_training/dags/ml_training_pipeline_v2.py for tasks to queue
[2026-03-29T20:14:34.134+0000] {logging_mixin.py:190} INFO - [2026-03-29T20:14:34.133+0000] {dagbag.py:588} INFO - Filling up the DagBag from /home/ec2-user/environment/lab4_model_training/dags/ml_training_pipeline_v2.py
[2026-03-29T20:14:35.359+0000] {processor.py:925} INFO - DAG(s) 'ml_training_pipeline_v2' retrieved from /home/ec2-user/environment/lab4_model_training/dags/ml_training_pipeline_v2.py
[2026-03-29T20:14:35.371+0000] {logging_mixin.py:190} INFO - [2026-03-29T20:14:35.371+0000] {dag.py:3239} INFO - Sync 1 DAGs
[2026-03-29T20:14:35.379+0000] {logging_mixin.py:190} INFO - [2026-03-29T20:14:35.379+0000] {dag.py:4180} INFO - Setting next_dagrun for ml_training_pipeline_v2 to None, run_after=None
[2026-03-29T20:14:35.395+0000] {processor.py:208} INFO - Processing /home/ec2-user/environment/lab4_model_training/dags/ml_training_pipeline_v2.py took 1.268 seconds
[2026-03-29T20:15:02.019+0000] {processor.py:186} INFO - Started process (PID=8016) to work on /home/ec2-user/environment/lab4_model_training/dags/ml_training_pipeline_v2.py
[2026-03-29T20:15:02.020+0000] {processor.py:914} INFO - Processing file /home/ec2-user/environment/lab4_model_training/dags/ml_training_pipeline_v2.py for tasks to queue
[2026-03-29T20:15:02.021+0000] {logging_mixin.py:190} INFO - [2026-03-29T20:15:02.020+0000] {dagbag.py:588} INFO - Filling up the DagBag from /home/ec2-user/environment/lab4_model_training/dags/ml_training_pipeline_v2.py
[2026-03-29T20:15:03.238+0000] {processor.py:925} INFO - DAG(s) 'ml_training_pipeline_v2' retrieved from /home/ec2-user/environment/lab4_model_training/dags/ml_training_pipeline_v2.py
[2026-03-29T20:15:03.250+0000] {logging_mixin.py:190} INFO - [2026-03-29T20:15:03.250+0000] {dag.py:3239} INFO - Sync 1 DAGs
[2026-03-29T20:15:03.258+0000] {logging_mixin.py:190} INFO - [2026-03-29T20:15:03.258+0000] {dag.py:4180} INFO - Setting next_dagrun for ml_training_pipeline_v2 to None, run_after=None
[2026-03-29T20:15:03.274+0000] {processor.py:208} INFO - Processing /home/ec2-user/environment/lab4_model_training/dags/ml_training_pipeline_v2.py took 1.260 seconds
[2026-03-29T20:15:32.344+0000] {processor.py:186} INFO - Started process (PID=8094) to work on /home/ec2-user/environment/lab4_model_training/dags/ml_training_pipeline_v2.py
[2026-03-29T20:15:32.345+0000] {processor.py:914} INFO - Processing file /home/ec2-user/environment/lab4_model_training/dags/ml_training_pipeline_v2.py for tasks to queue
[2026-03-29T20:15:32.346+0000] {logging_mixin.py:190} INFO - [2026-03-29T20:15:32.346+0000] {dagbag.py:588} INFO - Filling up the DagBag from /home/ec2-user/environment/lab4_model_training/dags/ml_training_pipeline_v2.py
[2026-03-29T20:15:33.566+0000] {processor.py:925} INFO - DAG(s) 'ml_training_pipeline_v2' retrieved from /home/ec2-user/environment/lab4_model_training/dags/ml_training_pipeline_v2.py
[2026-03-29T20:15:33.578+0000] {logging_mixin.py:190} INFO - [2026-03-29T20:15:33.578+0000] {dag.py:3239} INFO - Sync 1 DAGs
[2026-03-29T20:15:33.586+0000] {logging_mixin.py:190} INFO - [2026-03-29T20:15:33.586+0000] {dag.py:4180} INFO - Setting next_dagrun for ml_training_pipeline_v2 to None, run_after=None
[2026-03-29T20:15:33.603+0000] {processor.py:208} INFO - Processing /home/ec2-user/environment/lab4_model_training/dags/ml_training_pipeline_v2.py took 1.263 seconds
[2026-03-29T20:16:03.817+0000] {processor.py:186} INFO - Started process (PID=8138) to work on /home/ec2-user/environment/lab4_model_training/dags/ml_training_pipeline_v2.py
[2026-03-29T20:16:03.819+0000] {processor.py:914} INFO - Processing file /home/ec2-user/environment/lab4_model_training/dags/ml_training_pipeline_v2.py for tasks to queue
[2026-03-29T20:16:03.820+0000] {logging_mixin.py:190} INFO - [2026-03-29T20:16:03.819+0000] {dagbag.py:588} INFO - Filling up the DagBag from /home/ec2-user/environment/lab4_model_training/dags/ml_training_pipeline_v2.py
[2026-03-29T20:16:05.049+0000] {processor.py:925} INFO - DAG(s) 'ml_training_pipeline_v2' retrieved from /home/ec2-user/environment/lab4_model_training/dags/ml_training_pipeline_v2.py
[2026-03-29T20:16:05.061+0000] {logging_mixin.py:190} INFO - [2026-03-29T20:16:05.061+0000] {dag.py:3239} INFO - Sync 1 DAGs
[2026-03-29T20:16:05.069+0000] {logging_mixin.py:190} INFO - [2026-03-29T20:16:05.069+0000] {dag.py:4180} INFO - Setting next_dagrun for ml_training_pipeline_v2 to None, run_after=None
[2026-03-29T20:16:05.086+0000] {processor.py:208} INFO - Processing /home/ec2-user/environment/lab4_model_training/dags/ml_training_pipeline_v2.py took 1.273 seconds
[2026-03-29T20:16:35.219+0000] {processor.py:186} INFO - Started process (PID=8164) to work on /home/ec2-user/environment/lab4_model_training/dags/ml_training_pipeline_v2.py
[2026-03-29T20:16:35.220+0000] {processor.py:914} INFO - Processing file /home/ec2-user/environment/lab4_model_training/dags/ml_training_pipeline_v2.py for tasks to queue
[2026-03-29T20:16:35.221+0000] {logging_mixin.py:190} INFO - [2026-03-29T20:16:35.221+0000] {dagbag.py:588} INFO - Filling up the DagBag from /home/ec2-user/environment/lab4_model_training/dags/ml_training_pipeline_v2.py
[2026-03-29T20:16:36.459+0000] {processor.py:925} INFO - DAG(s) 'ml_training_pipeline_v2' retrieved from /home/ec2-user/environment/lab4_model_training/dags/ml_training_pipeline_v2.py
[2026-03-29T20:16:36.471+0000] {logging_mixin.py:190} INFO - [2026-03-29T20:16:36.471+0000] {dag.py:3239} INFO - Sync 1 DAGs
[2026-03-29T20:16:36.479+0000] {logging_mixin.py:190} INFO - [2026-03-29T20:16:36.479+0000] {dag.py:4180} INFO - Setting next_dagrun for ml_training_pipeline_v2 to None, run_after=None
[2026-03-29T20:16:36.496+0000] {processor.py:208} INFO - Processing /home/ec2-user/environment/lab4_model_training/dags/ml_training_pipeline_v2.py took 1.282 seconds
[2026-03-29T20:17:06.621+0000] {processor.py:186} INFO - Started process (PID=8203) to work on /home/ec2-user/environment/lab4_model_training/dags/ml_training_pipeline_v2.py
[2026-03-29T20:17:06.622+0000] {processor.py:914} INFO - Processing file /home/ec2-user/environment/lab4_model_training/dags/ml_training_pipeline_v2.py for tasks to queue
[2026-03-29T20:17:06.623+0000] {logging_mixin.py:190} INFO - [2026-03-29T20:17:06.622+0000] {dagbag.py:588} INFO - Filling up the DagBag from /home/ec2-user/environment/lab4_model_training/dags/ml_training_pipeline_v2.py
[2026-03-29T20:17:07.848+0000] {processor.py:925} INFO - DAG(s) 'ml_training_pipeline_v2' retrieved from /home/ec2-user/environment/lab4_model_training/dags/ml_training_pipeline_v2.py
[2026-03-29T20:17:07.860+0000] {logging_mixin.py:190} INFO - [2026-03-29T20:17:07.860+0000] {dag.py:3239} INFO - Sync 1 DAGs
[2026-03-29T20:17:07.869+0000] {logging_mixin.py:190} INFO - [2026-03-29T20:17:07.869+0000] {dag.py:4180} INFO - Setting next_dagrun for ml_training_pipeline_v2 to None, run_after=None
[2026-03-29T20:17:07.884+0000] {processor.py:208} INFO - Processing /home/ec2-user/environment/lab4_model_training/dags/ml_training_pipeline_v2.py took 1.268 seconds
[2026-03-29T20:17:38.024+0000] {processor.py:186} INFO - Started process (PID=8280) to work on /home/ec2-user/environment/lab4_model_training/dags/ml_training_pipeline_v2.py
[2026-03-29T20:17:38.025+0000] {processor.py:914} INFO - Processing file /home/ec2-user/environment/lab4_model_training/dags/ml_training_pipeline_v2.py for tasks to queue
[2026-03-29T20:17:38.026+0000] {logging_mixin.py:190} INFO - [2026-03-29T20:17:38.026+0000] {dagbag.py:588} INFO - Filling up the DagBag from /home/ec2-user/environment/lab4_model_training/dags/ml_training_pipeline_v2.py
[2026-03-29T20:17:39.250+0000] {processor.py:925} INFO - DAG(s) 'ml_training_pipeline_v2' retrieved from /home/ec2-user/environment/lab4_model_training/dags/ml_training_pipeline_v2.py
[2026-03-29T20:17:39.263+0000] {logging_mixin.py:190} INFO - [2026-03-29T20:17:39.263+0000] {dag.py:3239} INFO - Sync 1 DAGs
[2026-03-29T20:17:39.272+0000] {logging_mixin.py:190} INFO - [2026-03-29T20:17:39.272+0000] {dag.py:4180} INFO - Setting next_dagrun for ml_training_pipeline_v2 to None, run_after=None
[2026-03-29T20:17:39.287+0000] {processor.py:208} INFO - Processing /home/ec2-user/environment/lab4_model_training/dags/ml_training_pipeline_v2.py took 1.267 seconds
[2026-03-29T20:18:09.427+0000] {processor.py:186} INFO - Started process (PID=8335) to work on /home/ec2-user/environment/lab4_model_training/dags/ml_training_pipeline_v2.py
[2026-03-29T20:18:09.428+0000] {processor.py:914} INFO - Processing file /home/ec2-user/environment/lab4_model_training/dags/ml_training_pipeline_v2.py for tasks to queue
[2026-03-29T20:18:09.429+0000] {logging_mixin.py:190} INFO - [2026-03-29T20:18:09.429+0000] {dagbag.py:588} INFO - Filling up the DagBag from /home/ec2-user/environment/lab4_model_training/dags/ml_training_pipeline_v2.py
[2026-03-29T20:18:10.663+0000] {processor.py:925} INFO - DAG(s) 'ml_training_pipeline_v2' retrieved from /home/ec2-user/environment/lab4_model_training/dags/ml_training_pipeline_v2.py
[2026-03-29T20:18:10.675+0000] {logging_mixin.py:190} INFO - [2026-03-29T20:18:10.675+0000] {dag.py:3239} INFO - Sync 1 DAGs
[2026-03-29T20:18:10.684+0000] {logging_mixin.py:190} INFO - [2026-03-29T20:18:10.684+0000] {dag.py:4180} INFO - Setting next_dagrun for ml_training_pipeline_v2 to None, run_after=None
[2026-03-29T20:18:10.700+0000] {processor.py:208} INFO - Processing /home/ec2-user/environment/lab4_model_training/dags/ml_training_pipeline_v2.py took 1.277 seconds
[2026-03-29T20:18:40.796+0000] {processor.py:186} INFO - Started process (PID=8377) to work on /home/ec2-user/environment/lab4_model_training/dags/ml_training_pipeline_v2.py
[2026-03-29T20:18:40.797+0000] {processor.py:914} INFO - Processing file /home/ec2-user/environment/lab4_model_training/dags/ml_training_pipeline_v2.py for tasks to queue
[2026-03-29T20:18:40.798+0000] {logging_mixin.py:190} INFO - [2026-03-29T20:18:40.797+0000] {dagbag.py:588} INFO - Filling up the DagBag from /home/ec2-user/environment/lab4_model_training/dags/ml_training_pipeline_v2.py
[2026-03-29T20:18:42.006+0000] {processor.py:925} INFO - DAG(s) 'ml_training_pipeline_v2' retrieved from /home/ec2-user/environment/lab4_model_training/dags/ml_training_pipeline_v2.py
[2026-03-29T20:18:42.019+0000] {logging_mixin.py:190} INFO - [2026-03-29T20:18:42.019+0000] {dag.py:3239} INFO - Sync 1 DAGs
[2026-03-29T20:18:42.027+0000] {logging_mixin.py:190} INFO - [2026-03-29T20:18:42.027+0000] {dag.py:4180} INFO - Setting next_dagrun for ml_training_pipeline_v2 to None, run_after=None
[2026-03-29T20:18:42.043+0000] {processor.py:208} INFO - Processing /home/ec2-user/environment/lab4_model_training/dags/ml_training_pipeline_v2.py took 1.252 seconds
[2026-03-29T20:19:12.705+0000] {processor.py:186} INFO - Started process (PID=8417) to work on /home/ec2-user/environment/lab4_model_training/dags/ml_training_pipeline_v2.py
[2026-03-29T20:19:12.706+0000] {processor.py:914} INFO - Processing file /home/ec2-user/environment/lab4_model_training/dags/ml_training_pipeline_v2.py for tasks to queue
[2026-03-29T20:19:12.707+0000] {logging_mixin.py:190} INFO - [2026-03-29T20:19:12.707+0000] {dagbag.py:588} INFO - Filling up the DagBag from /home/ec2-user/environment/lab4_model_training/dags/ml_training_pipeline_v2.py
[2026-03-29T20:19:13.912+0000] {processor.py:925} INFO - DAG(s) 'ml_training_pipeline_v2' retrieved from /home/ec2-user/environment/lab4_model_training/dags/ml_training_pipeline_v2.py
[2026-03-29T20:19:13.923+0000] {logging_mixin.py:190} INFO - [2026-03-29T20:19:13.923+0000] {dag.py:3239} INFO - Sync 1 DAGs
[2026-03-29T20:19:13.931+0000] {logging_mixin.py:190} INFO - [2026-03-29T20:19:13.931+0000] {dag.py:4180} INFO - Setting next_dagrun for ml_training_pipeline_v2 to None, run_after=None
[2026-03-29T20:19:13.946+0000] {processor.py:208} INFO - Processing /home/ec2-user/environment/lab4_model_training/dags/ml_training_pipeline_v2.py took 1.246 seconds
[2026-03-29T20:19:44.588+0000] {processor.py:186} INFO - Started process (PID=8494) to work on /home/ec2-user/environment/lab4_model_training/dags/ml_training_pipeline_v2.py
[2026-03-29T20:19:44.589+0000] {processor.py:914} INFO - Processing file /home/ec2-user/environment/lab4_model_training/dags/ml_training_pipeline_v2.py for tasks to queue
[2026-03-29T20:19:44.590+0000] {logging_mixin.py:190} INFO - [2026-03-29T20:19:44.590+0000] {dagbag.py:588} INFO - Filling up the DagBag from /home/ec2-user/environment/lab4_model_training/dags/ml_training_pipeline_v2.py
[2026-03-29T20:19:45.794+0000] {processor.py:925} INFO - DAG(s) 'ml_training_pipeline_v2' retrieved from /home/ec2-user/environment/lab4_model_training/dags/ml_training_pipeline_v2.py
[2026-03-29T20:19:45.806+0000] {logging_mixin.py:190} INFO - [2026-03-29T20:19:45.806+0000] {dag.py:3239} INFO - Sync 1 DAGs
[2026-03-29T20:19:45.814+0000] {logging_mixin.py:190} INFO - [2026-03-29T20:19:45.814+0000] {dag.py:4180} INFO - Setting next_dagrun for ml_training_pipeline_v2 to None, run_after=None
[2026-03-29T20:19:45.829+0000] {processor.py:208} INFO - Processing /home/ec2-user/environment/lab4_model_training/dags/ml_training_pipeline_v2.py took 1.247 seconds
[2026-03-29T20:20:16.463+0000] {processor.py:186} INFO - Started process (PID=8533) to work on /home/ec2-user/environment/lab4_model_training/dags/ml_training_pipeline_v2.py
[2026-03-29T20:20:16.465+0000] {processor.py:914} INFO - Processing file /home/ec2-user/environment/lab4_model_training/dags/ml_training_pipeline_v2.py for tasks to queue
[2026-03-29T20:20:16.466+0000] {logging_mixin.py:190} INFO - [2026-03-29T20:20:16.465+0000] {dagbag.py:588} INFO - Filling up the DagBag from /home/ec2-user/environment/lab4_model_training/dags/ml_training_pipeline_v2.py
[2026-03-29T20:20:17.674+0000] {processor.py:925} INFO - DAG(s) 'ml_training_pipeline_v2' retrieved from /home/ec2-user/environment/lab4_model_training/dags/ml_training_pipeline_v2.py
[2026-03-29T20:20:17.686+0000] {logging_mixin.py:190} INFO - [2026-03-29T20:20:17.685+0000] {dag.py:3239} INFO - Sync 1 DAGs
[2026-03-29T20:20:17.694+0000] {logging_mixin.py:190} INFO - [2026-03-29T20:20:17.694+0000] {dag.py:4180} INFO - Setting next_dagrun for ml_training_pipeline_v2 to None, run_after=None
[2026-03-29T20:20:17.710+0000] {processor.py:208} INFO - Processing /home/ec2-user/environment/lab4_model_training/dags/ml_training_pipeline_v2.py took 1.252 seconds
[2026-03-29T20:20:48.341+0000] {processor.py:186} INFO - Started process (PID=8611) to work on /home/ec2-user/environment/lab4_model_training/dags/ml_training_pipeline_v2.py
[2026-03-29T20:20:48.342+0000] {processor.py:914} INFO - Processing file /home/ec2-user/environment/lab4_model_training/dags/ml_training_pipeline_v2.py for tasks to queue
[2026-03-29T20:20:48.343+0000] {logging_mixin.py:190} INFO - [2026-03-29T20:20:48.342+0000] {dagbag.py:588} INFO - Filling up the DagBag from /home/ec2-user/environment/lab4_model_training/dags/ml_training_pipeline_v2.py
[2026-03-29T20:20:49.546+0000] {processor.py:925} INFO - DAG(s) 'ml_training_pipeline_v2' retrieved from /home/ec2-user/environment/lab4_model_training/dags/ml_training_pipeline_v2.py
[2026-03-29T20:20:49.557+0000] {logging_mixin.py:190} INFO - [2026-03-29T20:20:49.557+0000] {dag.py:3239} INFO - Sync 1 DAGs
[2026-03-29T20:20:49.566+0000] {logging_mixin.py:190} INFO - [2026-03-29T20:20:49.565+0000] {dag.py:4180} INFO - Setting next_dagrun for ml_training_pipeline_v2 to None, run_after=None
[2026-03-29T20:20:49.582+0000] {processor.py:208} INFO - Processing /home/ec2-user/environment/lab4_model_training/dags/ml_training_pipeline_v2.py took 1.246 seconds
[2026-03-29T20:21:20.211+0000] {processor.py:186} INFO - Started process (PID=8653) to work on /home/ec2-user/environment/lab4_model_training/dags/ml_training_pipeline_v2.py
[2026-03-29T20:21:20.212+0000] {processor.py:914} INFO - Processing file /home/ec2-user/environment/lab4_model_training/dags/ml_training_pipeline_v2.py for tasks to queue
[2026-03-29T20:21:20.213+0000] {logging_mixin.py:190} INFO - [2026-03-29T20:21:20.212+0000] {dagbag.py:588} INFO - Filling up the DagBag from /home/ec2-user/environment/lab4_model_training/dags/ml_training_pipeline_v2.py
[2026-03-29T20:21:21.513+0000] {processor.py:925} INFO - DAG(s) 'ml_training_pipeline_v2' retrieved from /home/ec2-user/environment/lab4_model_training/dags/ml_training_pipeline_v2.py
[2026-03-29T20:21:21.525+0000] {logging_mixin.py:190} INFO - [2026-03-29T20:21:21.524+0000] {dag.py:3239} INFO - Sync 1 DAGs
[2026-03-29T20:21:21.534+0000] {logging_mixin.py:190} INFO - [2026-03-29T20:21:21.534+0000] {dag.py:4180} INFO - Setting next_dagrun for ml_training_pipeline_v2 to None, run_after=None
[2026-03-29T20:21:21.549+0000] {processor.py:208} INFO - Processing /home/ec2-user/environment/lab4_model_training/dags/ml_training_pipeline_v2.py took 1.343 seconds
[2026-03-29T20:21:51.856+0000] {processor.py:186} INFO - Started process (PID=8701) to work on /home/ec2-user/environment/lab4_model_training/dags/ml_training_pipeline_v2.py
[2026-03-29T20:21:51.856+0000] {processor.py:914} INFO - Processing file /home/ec2-user/environment/lab4_model_training/dags/ml_training_pipeline_v2.py for tasks to queue
[2026-03-29T20:21:51.857+0000] {logging_mixin.py:190} INFO - [2026-03-29T20:21:51.857+0000] {dagbag.py:588} INFO - Filling up the DagBag from /home/ec2-user/environment/lab4_model_training/dags/ml_training_pipeline_v2.py
[2026-03-29T20:21:53.075+0000] {processor.py:925} INFO - DAG(s) 'ml_training_pipeline_v2' retrieved from /home/ec2-user/environment/lab4_model_training/dags/ml_training_pipeline_v2.py
[2026-03-29T20:21:53.088+0000] {logging_mixin.py:190} INFO - [2026-03-29T20:21:53.088+0000] {dag.py:3239} INFO - Sync 1 DAGs
[2026-03-29T20:21:53.096+0000] {logging_mixin.py:190} INFO - [2026-03-29T20:21:53.096+0000] {dag.py:4180} INFO - Setting next_dagrun for ml_training_pipeline_v2 to None, run_after=None
[2026-03-29T20:21:53.111+0000] {processor.py:208} INFO - Processing /home/ec2-user/environment/lab4_model_training/dags/ml_training_pipeline_v2.py took 1.260 seconds
[2026-03-29T20:22:23.727+0000] {processor.py:186} INFO - Started process (PID=8787) to work on /home/ec2-user/environment/lab4_model_training/dags/ml_training_pipeline_v2.py
[2026-03-29T20:22:23.729+0000] {processor.py:914} INFO - Processing file /home/ec2-user/environment/lab4_model_training/dags/ml_training_pipeline_v2.py for tasks to queue
[2026-03-29T20:22:23.730+0000] {logging_mixin.py:190} INFO - [2026-03-29T20:22:23.729+0000] {dagbag.py:588} INFO - Filling up the DagBag from /home/ec2-user/environment/lab4_model_training/dags/ml_training_pipeline_v2.py
[2026-03-29T20:22:24.963+0000] {processor.py:925} INFO - DAG(s) 'ml_training_pipeline_v2' retrieved from /home/ec2-user/environment/lab4_model_training/dags/ml_training_pipeline_v2.py
[2026-03-29T20:22:24.976+0000] {logging_mixin.py:190} INFO - [2026-03-29T20:22:24.976+0000] {dag.py:3239} INFO - Sync 1 DAGs
[2026-03-29T20:22:24.984+0000] {logging_mixin.py:190} INFO - [2026-03-29T20:22:24.984+0000] {dag.py:4180} INFO - Setting next_dagrun for ml_training_pipeline_v2 to None, run_after=None
[2026-03-29T20:22:24.999+0000] {processor.py:208} INFO - Processing /home/ec2-user/environment/lab4_model_training/dags/ml_training_pipeline_v2.py took 1.277 seconds
[2026-03-29T20:22:55.602+0000] {processor.py:186} INFO - Started process (PID=8819) to work on /home/ec2-user/environment/lab4_model_training/dags/ml_training_pipeline_v2.py
[2026-03-29T20:22:55.603+0000] {processor.py:914} INFO - Processing file /home/ec2-user/environment/lab4_model_training/dags/ml_training_pipeline_v2.py for tasks to queue
[2026-03-29T20:22:55.604+0000] {logging_mixin.py:190} INFO - [2026-03-29T20:22:55.603+0000] {dagbag.py:588} INFO - Filling up the DagBag from /home/ec2-user/environment/lab4_model_training/dags/ml_training_pipeline_v2.py
[2026-03-29T20:22:56.837+0000] {processor.py:925} INFO - DAG(s) 'ml_training_pipeline_v2' retrieved from /home/ec2-user/environment/lab4_model_training/dags/ml_training_pipeline_v2.py
[2026-03-29T20:22:56.850+0000] {logging_mixin.py:190} INFO - [2026-03-29T20:22:56.849+0000] {dag.py:3239} INFO - Sync 1 DAGs
[2026-03-29T20:22:56.858+0000] {logging_mixin.py:190} INFO - [2026-03-29T20:22:56.858+0000] {dag.py:4180} INFO - Setting next_dagrun for ml_training_pipeline_v2 to None, run_after=None
[2026-03-29T20:22:56.873+0000] {processor.py:208} INFO - Processing /home/ec2-user/environment/lab4_model_training/dags/ml_training_pipeline_v2.py took 1.276 seconds
[2026-03-29T20:23:27.484+0000] {processor.py:186} INFO - Started process (PID=8861) to work on /home/ec2-user/environment/lab4_model_training/dags/ml_training_pipeline_v2.py
[2026-03-29T20:23:27.485+0000] {processor.py:914} INFO - Processing file /home/ec2-user/environment/lab4_model_training/dags/ml_training_pipeline_v2.py for tasks to queue
[2026-03-29T20:23:27.486+0000] {logging_mixin.py:190} INFO - [2026-03-29T20:23:27.486+0000] {dagbag.py:588} INFO - Filling up the DagBag from /home/ec2-user/environment/lab4_model_training/dags/ml_training_pipeline_v2.py
[2026-03-29T20:23:28.701+0000] {processor.py:925} INFO - DAG(s) 'ml_training_pipeline_v2' retrieved from /home/ec2-user/environment/lab4_model_training/dags/ml_training_pipeline_v2.py
[2026-03-29T20:23:28.713+0000] {logging_mixin.py:190} INFO - [2026-03-29T20:23:28.712+0000] {dag.py:3239} INFO - Sync 1 DAGs
[2026-03-29T20:23:28.721+0000] {logging_mixin.py:190} INFO - [2026-03-29T20:23:28.721+0000] {dag.py:4180} INFO - Setting next_dagrun for ml_training_pipeline_v2 to None, run_after=None
[2026-03-29T20:23:28.736+0000] {processor.py:208} INFO - Processing /home/ec2-user/environment/lab4_model_training/dags/ml_training_pipeline_v2.py took 1.257 seconds
[2026-03-29T20:23:59.357+0000] {processor.py:186} INFO - Started process (PID=8887) to work on /home/ec2-user/environment/lab4_model_training/dags/ml_training_pipeline_v2.py
[2026-03-29T20:23:59.357+0000] {processor.py:914} INFO - Processing file /home/ec2-user/environment/lab4_model_training/dags/ml_training_pipeline_v2.py for tasks to queue
[2026-03-29T20:23:59.358+0000] {logging_mixin.py:190} INFO - [2026-03-29T20:23:59.358+0000] {dagbag.py:588} INFO - Filling up the DagBag from /home/ec2-user/environment/lab4_model_training/dags/ml_training_pipeline_v2.py
[2026-03-29T20:24:01.130+0000] {processor.py:925} INFO - DAG(s) 'ml_training_pipeline_v2' retrieved from /home/ec2-user/environment/lab4_model_training/dags/ml_training_pipeline_v2.py
[2026-03-29T20:24:01.142+0000] {logging_mixin.py:190} INFO - [2026-03-29T20:24:01.142+0000] {dag.py:3239} INFO - Sync 1 DAGs
[2026-03-29T20:24:01.150+0000] {logging_mixin.py:190} INFO - [2026-03-29T20:24:01.150+0000] {dag.py:4180} INFO - Setting next_dagrun for ml_training_pipeline_v2 to None, run_after=None
[2026-03-29T20:24:01.166+0000] {processor.py:208} INFO - Processing /home/ec2-user/environment/lab4_model_training/dags/ml_training_pipeline_v2.py took 1.814 seconds
[2026-03-29T20:24:32.278+0000] {processor.py:186} INFO - Started process (PID=9004) to work on /home/ec2-user/environment/lab4_model_training/dags/ml_training_pipeline_v2.py
[2026-03-29T20:24:32.280+0000] {processor.py:914} INFO - Processing file /home/ec2-user/environment/lab4_model_training/dags/ml_training_pipeline_v2.py for tasks to queue
[2026-03-29T20:24:32.281+0000] {logging_mixin.py:190} INFO - [2026-03-29T20:24:32.281+0000] {dagbag.py:588} INFO - Filling up the DagBag from /home/ec2-user/environment/lab4_model_training/dags/ml_training_pipeline_v2.py
[2026-03-29T20:24:33.721+0000] {processor.py:925} INFO - DAG(s) 'ml_training_pipeline_v2' retrieved from /home/ec2-user/environment/lab4_model_training/dags/ml_training_pipeline_v2.py
[2026-03-29T20:24:33.733+0000] {logging_mixin.py:190} INFO - [2026-03-29T20:24:33.733+0000] {dag.py:3239} INFO - Sync 1 DAGs
[2026-03-29T20:24:33.741+0000] {logging_mixin.py:190} INFO - [2026-03-29T20:24:33.741+0000] {dag.py:4180} INFO - Setting next_dagrun for ml_training_pipeline_v2 to None, run_after=None
[2026-03-29T20:24:33.758+0000] {processor.py:208} INFO - Processing /home/ec2-user/environment/lab4_model_training/dags/ml_training_pipeline_v2.py took 1.486 seconds
[2026-03-29T20:25:04.322+0000] {processor.py:186} INFO - Started process (PID=9063) to work on /home/ec2-user/environment/lab4_model_training/dags/ml_training_pipeline_v2.py
[2026-03-29T20:25:04.323+0000] {processor.py:914} INFO - Processing file /home/ec2-user/environment/lab4_model_training/dags/ml_training_pipeline_v2.py for tasks to queue
[2026-03-29T20:25:04.324+0000] {logging_mixin.py:190} INFO - [2026-03-29T20:25:04.324+0000] {dagbag.py:588} INFO - Filling up the DagBag from /home/ec2-user/environment/lab4_model_training/dags/ml_training_pipeline_v2.py
[2026-03-29T20:25:05.527+0000] {processor.py:925} INFO - DAG(s) 'ml_training_pipeline_v2' retrieved from /home/ec2-user/environment/lab4_model_training/dags/ml_training_pipeline_v2.py
[2026-03-29T20:25:05.539+0000] {logging_mixin.py:190} INFO - [2026-03-29T20:25:05.539+0000] {dag.py:3239} INFO - Sync 1 DAGs
[2026-03-29T20:25:05.547+0000] {logging_mixin.py:190} INFO - [2026-03-29T20:25:05.547+0000] {dag.py:4180} INFO - Setting next_dagrun for ml_training_pipeline_v2 to None, run_after=None
[2026-03-29T20:25:05.563+0000] {processor.py:208} INFO - Processing /home/ec2-user/environment/lab4_model_training/dags/ml_training_pipeline_v2.py took 1.245 seconds
[2026-03-29T20:25:35.695+0000] {processor.py:186} INFO - Started process (PID=9090) to work on /home/ec2-user/environment/lab4_model_training/dags/ml_training_pipeline_v2.py
[2026-03-29T20:25:35.696+0000] {processor.py:914} INFO - Processing file /home/ec2-user/environment/lab4_model_training/dags/ml_training_pipeline_v2.py for tasks to queue
[2026-03-29T20:25:35.697+0000] {logging_mixin.py:190} INFO - [2026-03-29T20:25:35.697+0000] {dagbag.py:588} INFO - Filling up the DagBag from /home/ec2-user/environment/lab4_model_training/dags/ml_training_pipeline_v2.py
[2026-03-29T20:25:36.900+0000] {processor.py:925} INFO - DAG(s) 'ml_training_pipeline_v2' retrieved from /home/ec2-user/environment/lab4_model_training/dags/ml_training_pipeline_v2.py
[2026-03-29T20:25:36.912+0000] {logging_mixin.py:190} INFO - [2026-03-29T20:25:36.912+0000] {dag.py:3239} INFO - Sync 1 DAGs
[2026-03-29T20:25:36.921+0000] {logging_mixin.py:190} INFO - [2026-03-29T20:25:36.921+0000] {dag.py:4180} INFO - Setting next_dagrun for ml_training_pipeline_v2 to None, run_after=None
[2026-03-29T20:25:36.936+0000] {processor.py:208} INFO - Processing /home/ec2-user/environment/lab4_model_training/dags/ml_training_pipeline_v2.py took 1.246 seconds
[2026-03-29T20:26:07.058+0000] {processor.py:186} INFO - Started process (PID=9128) to work on /home/ec2-user/environment/lab4_model_training/dags/ml_training_pipeline_v2.py
[2026-03-29T20:26:07.059+0000] {processor.py:914} INFO - Processing file /home/ec2-user/environment/lab4_model_training/dags/ml_training_pipeline_v2.py for tasks to queue
[2026-03-29T20:26:07.059+0000] {logging_mixin.py:190} INFO - [2026-03-29T20:26:07.059+0000] {dagbag.py:588} INFO - Filling up the DagBag from /home/ec2-user/environment/lab4_model_training/dags/ml_training_pipeline_v2.py
[2026-03-29T20:26:08.260+0000] {processor.py:925} INFO - DAG(s) 'ml_training_pipeline_v2' retrieved from /home/ec2-user/environment/lab4_model_training/dags/ml_training_pipeline_v2.py
[2026-03-29T20:26:08.273+0000] {logging_mixin.py:190} INFO - [2026-03-29T20:26:08.273+0000] {dag.py:3239} INFO - Sync 1 DAGs
[2026-03-29T20:26:08.281+0000] {logging_mixin.py:190} INFO - [2026-03-29T20:26:08.281+0000] {dag.py:4180} INFO - Setting next_dagrun for ml_training_pipeline_v2 to None, run_after=None
[2026-03-29T20:26:08.296+0000] {processor.py:208} INFO - Processing /home/ec2-user/environment/lab4_model_training/dags/ml_training_pipeline_v2.py took 1.243 seconds
[2026-03-29T20:26:38.422+0000] {processor.py:186} INFO - Started process (PID=9205) to work on /home/ec2-user/environment/lab4_model_training/dags/ml_training_pipeline_v2.py
[2026-03-29T20:26:38.422+0000] {processor.py:914} INFO - Processing file /home/ec2-user/environment/lab4_model_training/dags/ml_training_pipeline_v2.py for tasks to queue
[2026-03-29T20:26:38.423+0000] {logging_mixin.py:190} INFO - [2026-03-29T20:26:38.423+0000] {dagbag.py:588} INFO - Filling up the DagBag from /home/ec2-user/environment/lab4_model_training/dags/ml_training_pipeline_v2.py
[2026-03-29T20:26:39.625+0000] {processor.py:925} INFO - DAG(s) 'ml_training_pipeline_v2' retrieved from /home/ec2-user/environment/lab4_model_training/dags/ml_training_pipeline_v2.py
[2026-03-29T20:26:39.637+0000] {logging_mixin.py:190} INFO - [2026-03-29T20:26:39.637+0000] {dag.py:3239} INFO - Sync 1 DAGs
[2026-03-29T20:26:39.645+0000] {logging_mixin.py:190} INFO - [2026-03-29T20:26:39.645+0000] {dag.py:4180} INFO - Setting next_dagrun for ml_training_pipeline_v2 to None, run_after=None
[2026-03-29T20:26:39.661+0000] {processor.py:208} INFO - Processing /home/ec2-user/environment/lab4_model_training/dags/ml_training_pipeline_v2.py took 1.244 seconds
[2026-03-29T20:27:09.785+0000] {processor.py:186} INFO - Started process (PID=9243) to work on /home/ec2-user/environment/lab4_model_training/dags/ml_training_pipeline_v2.py
[2026-03-29T20:27:09.786+0000] {processor.py:914} INFO - Processing file /home/ec2-user/environment/lab4_model_training/dags/ml_training_pipeline_v2.py for tasks to queue
[2026-03-29T20:27:09.787+0000] {logging_mixin.py:190} INFO - [2026-03-29T20:27:09.787+0000] {dagbag.py:588} INFO - Filling up the DagBag from /home/ec2-user/environment/lab4_model_training/dags/ml_training_pipeline_v2.py
[2026-03-29T20:27:11.011+0000] {processor.py:925} INFO - DAG(s) 'ml_training_pipeline_v2' retrieved from /home/ec2-user/environment/lab4_model_training/dags/ml_training_pipeline_v2.py
[2026-03-29T20:27:11.023+0000] {logging_mixin.py:190} INFO - [2026-03-29T20:27:11.022+0000] {dag.py:3239} INFO - Sync 1 DAGs
[2026-03-29T20:27:11.031+0000] {logging_mixin.py:190} INFO - [2026-03-29T20:27:11.031+0000] {dag.py:4180} INFO - Setting next_dagrun for ml_training_pipeline_v2 to None, run_after=None
[2026-03-29T20:27:11.046+0000] {processor.py:208} INFO - Processing /home/ec2-user/environment/lab4_model_training/dags/ml_training_pipeline_v2.py took 1.266 seconds
[2026-03-29T20:27:41.150+0000] {processor.py:186} INFO - Started process (PID=9269) to work on /home/ec2-user/environment/lab4_model_training/dags/ml_training_pipeline_v2.py
[2026-03-29T20:27:41.150+0000] {processor.py:914} INFO - Processing file /home/ec2-user/environment/lab4_model_training/dags/ml_training_pipeline_v2.py for tasks to queue
[2026-03-29T20:27:41.151+0000] {logging_mixin.py:190} INFO - [2026-03-29T20:27:41.151+0000] {dagbag.py:588} INFO - Filling up the DagBag from /home/ec2-user/environment/lab4_model_training/dags/ml_training_pipeline_v2.py
[2026-03-29T20:27:42.372+0000] {processor.py:925} INFO - DAG(s) 'ml_training_pipeline_v2' retrieved from /home/ec2-user/environment/lab4_model_training/dags/ml_training_pipeline_v2.py
[2026-03-29T20:27:42.384+0000] {logging_mixin.py:190} INFO - [2026-03-29T20:27:42.384+0000] {dag.py:3239} INFO - Sync 1 DAGs
[2026-03-29T20:27:42.392+0000] {logging_mixin.py:190} INFO - [2026-03-29T20:27:42.392+0000] {dag.py:4180} INFO - Setting next_dagrun for ml_training_pipeline_v2 to None, run_after=None
[2026-03-29T20:27:42.407+0000] {processor.py:208} INFO - Processing /home/ec2-user/environment/lab4_model_training/dags/ml_training_pipeline_v2.py took 1.263 seconds
[2026-03-29T20:28:12.512+0000] {processor.py:186} INFO - Started process (PID=9307) to work on /home/ec2-user/environment/lab4_model_training/dags/ml_training_pipeline_v2.py
[2026-03-29T20:28:12.513+0000] {processor.py:914} INFO - Processing file /home/ec2-user/environment/lab4_model_training/dags/ml_training_pipeline_v2.py for tasks to queue
[2026-03-29T20:28:12.514+0000] {logging_mixin.py:190} INFO - [2026-03-29T20:28:12.514+0000] {dagbag.py:588} INFO - Filling up the DagBag from /home/ec2-user/environment/lab4_model_training/dags/ml_training_pipeline_v2.py
[2026-03-29T20:28:13.760+0000] {processor.py:925} INFO - DAG(s) 'ml_training_pipeline_v2' retrieved from /home/ec2-user/environment/lab4_model_training/dags/ml_training_pipeline_v2.py
[2026-03-29T20:28:13.780+0000] {logging_mixin.py:190} INFO - [2026-03-29T20:28:13.780+0000] {dag.py:3239} INFO - Sync 1 DAGs
[2026-03-29T20:28:13.789+0000] {logging_mixin.py:190} INFO - [2026-03-29T20:28:13.789+0000] {dag.py:4180} INFO - Setting next_dagrun for ml_training_pipeline_v2 to None, run_after=None
[2026-03-29T20:28:13.805+0000] {processor.py:208} INFO - Processing /home/ec2-user/environment/lab4_model_training/dags/ml_training_pipeline_v2.py took 1.298 seconds
[2026-03-29T20:28:43.886+0000] {processor.py:186} INFO - Started process (PID=9381) to work on /home/ec2-user/environment/lab4_model_training/dags/ml_training_pipeline_v2.py
[2026-03-29T20:28:43.887+0000] {processor.py:914} INFO - Processing file /home/ec2-user/environment/lab4_model_training/dags/ml_training_pipeline_v2.py for tasks to queue
[2026-03-29T20:28:43.888+0000] {logging_mixin.py:190} INFO - [2026-03-29T20:28:43.888+0000] {dagbag.py:588} INFO - Filling up the DagBag from /home/ec2-user/environment/lab4_model_training/dags/ml_training_pipeline_v2.py
[2026-03-29T20:28:45.145+0000] {processor.py:925} INFO - DAG(s) 'ml_training_pipeline_v2' retrieved from /home/ec2-user/environment/lab4_model_training/dags/ml_training_pipeline_v2.py
[2026-03-29T20:28:45.157+0000] {logging_mixin.py:190} INFO - [2026-03-29T20:28:45.157+0000] {dag.py:3239} INFO - Sync 1 DAGs
[2026-03-29T20:28:45.166+0000] {logging_mixin.py:190} INFO - [2026-03-29T20:28:45.166+0000] {dag.py:4180} INFO - Setting next_dagrun for ml_training_pipeline_v2 to None, run_after=None
[2026-03-29T20:28:45.181+0000] {processor.py:208} INFO - Processing /home/ec2-user/environment/lab4_model_training/dags/ml_training_pipeline_v2.py took 1.300 seconds
[2026-03-29T20:29:15.352+0000] {processor.py:186} INFO - Started process (PID=9446) to work on /home/ec2-user/environment/lab4_model_training/dags/ml_training_pipeline_v2.py
[2026-03-29T20:29:15.353+0000] {processor.py:914} INFO - Processing file /home/ec2-user/environment/lab4_model_training/dags/ml_training_pipeline_v2.py for tasks to queue
[2026-03-29T20:29:15.354+0000] {logging_mixin.py:190} INFO - [2026-03-29T20:29:15.354+0000] {dagbag.py:588} INFO - Filling up the DagBag from /home/ec2-user/environment/lab4_model_training/dags/ml_training_pipeline_v2.py
[2026-03-29T20:29:16.586+0000] {processor.py:925} INFO - DAG(s) 'ml_training_pipeline_v2' retrieved from /home/ec2-user/environment/lab4_model_training/dags/ml_training_pipeline_v2.py
[2026-03-29T20:29:16.598+0000] {logging_mixin.py:190} INFO - [2026-03-29T20:29:16.598+0000] {dag.py:3239} INFO - Sync 1 DAGs
[2026-03-29T20:29:16.607+0000] {logging_mixin.py:190} INFO - [2026-03-29T20:29:16.607+0000] {dag.py:4180} INFO - Setting next_dagrun for ml_training_pipeline_v2 to None, run_after=None
[2026-03-29T20:29:16.623+0000] {processor.py:208} INFO - Processing /home/ec2-user/environment/lab4_model_training/dags/ml_training_pipeline_v2.py took 1.275 seconds
[2026-03-29T20:29:46.717+0000] {processor.py:186} INFO - Started process (PID=9475) to work on /home/ec2-user/environment/lab4_model_training/dags/ml_training_pipeline_v2.py
[2026-03-29T20:29:46.717+0000] {processor.py:914} INFO - Processing file /home/ec2-user/environment/lab4_model_training/dags/ml_training_pipeline_v2.py for tasks to queue
[2026-03-29T20:29:46.718+0000] {logging_mixin.py:190} INFO - [2026-03-29T20:29:46.718+0000] {dagbag.py:588} INFO - Filling up the DagBag from /home/ec2-user/environment/lab4_model_training/dags/ml_training_pipeline_v2.py
[2026-03-29T20:29:47.931+0000] {processor.py:925} INFO - DAG(s) 'ml_training_pipeline_v2' retrieved from /home/ec2-user/environment/lab4_model_training/dags/ml_training_pipeline_v2.py
[2026-03-29T20:29:47.944+0000] {logging_mixin.py:190} INFO - [2026-03-29T20:29:47.943+0000] {dag.py:3239} INFO - Sync 1 DAGs
[2026-03-29T20:29:47.952+0000] {logging_mixin.py:190} INFO - [2026-03-29T20:29:47.952+0000] {dag.py:4180} INFO - Setting next_dagrun for ml_training_pipeline_v2 to None, run_after=None
[2026-03-29T20:29:47.967+0000] {processor.py:208} INFO - Processing /home/ec2-user/environment/lab4_model_training/dags/ml_training_pipeline_v2.py took 1.255 seconds
[2026-03-29T20:30:18.086+0000] {processor.py:186} INFO - Started process (PID=9580) to work on /home/ec2-user/environment/lab4_model_training/dags/ml_training_pipeline_v2.py
[2026-03-29T20:30:18.088+0000] {processor.py:914} INFO - Processing file /home/ec2-user/environment/lab4_model_training/dags/ml_training_pipeline_v2.py for tasks to queue
[2026-03-29T20:30:18.088+0000] {logging_mixin.py:190} INFO - [2026-03-29T20:30:18.088+0000] {dagbag.py:588} INFO - Filling up the DagBag from /home/ec2-user/environment/lab4_model_training/dags/ml_training_pipeline_v2.py
[2026-03-29T20:30:19.292+0000] {processor.py:925} INFO - DAG(s) 'ml_training_pipeline_v2' retrieved from /home/ec2-user/environment/lab4_model_training/dags/ml_training_pipeline_v2.py
[2026-03-29T20:30:19.304+0000] {logging_mixin.py:190} INFO - [2026-03-29T20:30:19.304+0000] {dag.py:3239} INFO - Sync 1 DAGs
[2026-03-29T20:30:19.312+0000] {logging_mixin.py:190} INFO - [2026-03-29T20:30:19.312+0000] {dag.py:4180} INFO - Setting next_dagrun for ml_training_pipeline_v2 to None, run_after=None
[2026-03-29T20:30:19.329+0000] {processor.py:208} INFO - Processing /home/ec2-user/environment/lab4_model_training/dags/ml_training_pipeline_v2.py took 1.248 seconds
[2026-03-29T20:30:49.862+0000] {processor.py:186} INFO - Started process (PID=9693) to work on /home/ec2-user/environment/lab4_model_training/dags/ml_training_pipeline_v2.py
[2026-03-29T20:30:49.863+0000] {processor.py:914} INFO - Processing file /home/ec2-user/environment/lab4_model_training/dags/ml_training_pipeline_v2.py for tasks to queue
[2026-03-29T20:30:49.864+0000] {logging_mixin.py:190} INFO - [2026-03-29T20:30:49.864+0000] {dagbag.py:588} INFO - Filling up the DagBag from /home/ec2-user/environment/lab4_model_training/dags/ml_training_pipeline_v2.py
[2026-03-29T20:30:51.072+0000] {processor.py:925} INFO - DAG(s) 'ml_training_pipeline_v2' retrieved from /home/ec2-user/environment/lab4_model_training/dags/ml_training_pipeline_v2.py
[2026-03-29T20:30:51.084+0000] {logging_mixin.py:190} INFO - [2026-03-29T20:30:51.084+0000] {dag.py:3239} INFO - Sync 1 DAGs
[2026-03-29T20:30:51.092+0000] {logging_mixin.py:190} INFO - [2026-03-29T20:30:51.092+0000] {dag.py:4180} INFO - Setting next_dagrun for ml_training_pipeline_v2 to None, run_after=None
[2026-03-29T20:30:51.107+0000] {processor.py:208} INFO - Processing /home/ec2-user/environment/lab4_model_training/dags/ml_training_pipeline_v2.py took 1.250 seconds
[2026-03-29T20:31:21.692+0000] {processor.py:186} INFO - Started process (PID=9731) to work on /home/ec2-user/environment/lab4_model_training/dags/ml_training_pipeline_v2.py
[2026-03-29T20:31:21.693+0000] {processor.py:914} INFO - Processing file /home/ec2-user/environment/lab4_model_training/dags/ml_training_pipeline_v2.py for tasks to queue
[2026-03-29T20:31:21.694+0000] {logging_mixin.py:190} INFO - [2026-03-29T20:31:21.694+0000] {dagbag.py:588} INFO - Filling up the DagBag from /home/ec2-user/environment/lab4_model_training/dags/ml_training_pipeline_v2.py
[2026-03-29T20:31:22.899+0000] {processor.py:925} INFO - DAG(s) 'ml_training_pipeline_v2' retrieved from /home/ec2-user/environment/lab4_model_training/dags/ml_training_pipeline_v2.py
[2026-03-29T20:31:22.911+0000] {logging_mixin.py:190} INFO - [2026-03-29T20:31:22.911+0000] {dag.py:3239} INFO - Sync 1 DAGs
[2026-03-29T20:31:22.919+0000] {logging_mixin.py:190} INFO - [2026-03-29T20:31:22.919+0000] {dag.py:4180} INFO - Setting next_dagrun for ml_training_pipeline_v2 to None, run_after=None
[2026-03-29T20:31:22.934+0000] {processor.py:208} INFO - Processing /home/ec2-user/environment/lab4_model_training/dags/ml_training_pipeline_v2.py took 1.247 seconds
[2026-03-29T20:31:53.264+0000] {processor.py:186} INFO - Started process (PID=9757) to work on /home/ec2-user/environment/lab4_model_training/dags/ml_training_pipeline_v2.py
[2026-03-29T20:31:53.265+0000] {processor.py:914} INFO - Processing file /home/ec2-user/environment/lab4_model_training/dags/ml_training_pipeline_v2.py for tasks to queue
[2026-03-29T20:31:53.266+0000] {logging_mixin.py:190} INFO - [2026-03-29T20:31:53.265+0000] {dagbag.py:588} INFO - Filling up the DagBag from /home/ec2-user/environment/lab4_model_training/dags/ml_training_pipeline_v2.py
[2026-03-29T20:31:54.491+0000] {processor.py:925} INFO - DAG(s) 'ml_training_pipeline_v2' retrieved from /home/ec2-user/environment/lab4_model_training/dags/ml_training_pipeline_v2.py
[2026-03-29T20:31:54.503+0000] {logging_mixin.py:190} INFO - [2026-03-29T20:31:54.503+0000] {dag.py:3239} INFO - Sync 1 DAGs
[2026-03-29T20:31:54.511+0000] {logging_mixin.py:190} INFO - [2026-03-29T20:31:54.511+0000] {dag.py:4180} INFO - Setting next_dagrun for ml_training_pipeline_v2 to None, run_after=None
[2026-03-29T20:31:54.526+0000] {processor.py:208} INFO - Processing /home/ec2-user/environment/lab4_model_training/dags/ml_training_pipeline_v2.py took 1.267 seconds
[2026-03-29T20:32:25.006+0000] {processor.py:186} INFO - Started process (PID=9844) to work on /home/ec2-user/environment/lab4_model_training/dags/ml_training_pipeline_v2.py
[2026-03-29T20:32:25.007+0000] {processor.py:914} INFO - Processing file /home/ec2-user/environment/lab4_model_training/dags/ml_training_pipeline_v2.py for tasks to queue
[2026-03-29T20:32:25.008+0000] {logging_mixin.py:190} INFO - [2026-03-29T20:32:25.007+0000] {dagbag.py:588} INFO - Filling up the DagBag from /home/ec2-user/environment/lab4_model_training/dags/ml_training_pipeline_v2.py
[2026-03-29T20:32:26.234+0000] {processor.py:925} INFO - DAG(s) 'ml_training_pipeline_v2' retrieved from /home/ec2-user/environment/lab4_model_training/dags/ml_training_pipeline_v2.py
[2026-03-29T20:32:26.246+0000] {logging_mixin.py:190} INFO - [2026-03-29T20:32:26.246+0000] {dag.py:3239} INFO - Sync 1 DAGs
[2026-03-29T20:32:26.254+0000] {logging_mixin.py:190} INFO - [2026-03-29T20:32:26.254+0000] {dag.py:4180} INFO - Setting next_dagrun for ml_training_pipeline_v2 to None, run_after=None
[2026-03-29T20:32:26.270+0000] {processor.py:208} INFO - Processing /home/ec2-user/environment/lab4_model_training/dags/ml_training_pipeline_v2.py took 1.269 seconds
[2026-03-29T20:32:56.937+0000] {processor.py:186} INFO - Started process (PID=9870) to work on /home/ec2-user/environment/lab4_model_training/dags/ml_training_pipeline_v2.py
[2026-03-29T20:32:56.937+0000] {processor.py:914} INFO - Processing file /home/ec2-user/environment/lab4_model_training/dags/ml_training_pipeline_v2.py for tasks to queue
[2026-03-29T20:32:56.938+0000] {logging_mixin.py:190} INFO - [2026-03-29T20:32:56.938+0000] {dagbag.py:588} INFO - Filling up the DagBag from /home/ec2-user/environment/lab4_model_training/dags/ml_training_pipeline_v2.py
[2026-03-29T20:32:58.177+0000] {processor.py:925} INFO - DAG(s) 'ml_training_pipeline_v2' retrieved from /home/ec2-user/environment/lab4_model_training/dags/ml_training_pipeline_v2.py
[2026-03-29T20:32:58.188+0000] {logging_mixin.py:190} INFO - [2026-03-29T20:32:58.188+0000] {dag.py:3239} INFO - Sync 1 DAGs
[2026-03-29T20:32:58.196+0000] {logging_mixin.py:190} INFO - [2026-03-29T20:32:58.196+0000] {dag.py:4180} INFO - Setting next_dagrun for ml_training_pipeline_v2 to None, run_after=None
[2026-03-29T20:32:58.213+0000] {processor.py:208} INFO - Processing /home/ec2-user/environment/lab4_model_training/dags/ml_training_pipeline_v2.py took 1.281 seconds
[2026-03-29T20:33:28.764+0000] {processor.py:186} INFO - Started process (PID=9914) to work on /home/ec2-user/environment/lab4_model_training/dags/ml_training_pipeline_v2.py
[2026-03-29T20:33:28.765+0000] {processor.py:914} INFO - Processing file /home/ec2-user/environment/lab4_model_training/dags/ml_training_pipeline_v2.py for tasks to queue
[2026-03-29T20:33:28.766+0000] {logging_mixin.py:190} INFO - [2026-03-29T20:33:28.765+0000] {dagbag.py:588} INFO - Filling up the DagBag from /home/ec2-user/environment/lab4_model_training/dags/ml_training_pipeline_v2.py
[2026-03-29T20:33:29.986+0000] {processor.py:925} INFO - DAG(s) 'ml_training_pipeline_v2' retrieved from /home/ec2-user/environment/lab4_model_training/dags/ml_training_pipeline_v2.py
[2026-03-29T20:33:29.998+0000] {logging_mixin.py:190} INFO - [2026-03-29T20:33:29.997+0000] {dag.py:3239} INFO - Sync 1 DAGs
[2026-03-29T20:33:30.007+0000] {logging_mixin.py:190} INFO - [2026-03-29T20:33:30.007+0000] {dag.py:4180} INFO - Setting next_dagrun for ml_training_pipeline_v2 to None, run_after=None
[2026-03-29T20:33:30.022+0000] {processor.py:208} INFO - Processing /home/ec2-user/environment/lab4_model_training/dags/ml_training_pipeline_v2.py took 1.263 seconds
[2026-03-29T20:34:00.498+0000] {processor.py:186} INFO - Started process (PID=9930) to work on /home/ec2-user/environment/lab4_model_training/dags/ml_training_pipeline_v2.py
[2026-03-29T20:34:00.499+0000] {processor.py:914} INFO - Processing file /home/ec2-user/environment/lab4_model_training/dags/ml_training_pipeline_v2.py for tasks to queue
[2026-03-29T20:34:00.500+0000] {logging_mixin.py:190} INFO - [2026-03-29T20:34:00.500+0000] {dagbag.py:588} INFO - Filling up the DagBag from /home/ec2-user/environment/lab4_model_training/dags/ml_training_pipeline_v2.py
[2026-03-29T20:34:01.714+0000] {processor.py:925} INFO - DAG(s) 'ml_training_pipeline_v2' retrieved from /home/ec2-user/environment/lab4_model_training/dags/ml_training_pipeline_v2.py
[2026-03-29T20:34:01.726+0000] {logging_mixin.py:190} INFO - [2026-03-29T20:34:01.726+0000] {dag.py:3239} INFO - Sync 1 DAGs
[2026-03-29T20:34:01.734+0000] {logging_mixin.py:190} INFO - [2026-03-29T20:34:01.734+0000] {dag.py:4180} INFO - Setting next_dagrun for ml_training_pipeline_v2 to None, run_after=None
[2026-03-29T20:34:01.750+0000] {processor.py:208} INFO - Processing /home/ec2-user/environment/lab4_model_training/dags/ml_training_pipeline_v2.py took 1.256 seconds
[2026-03-29T20:34:32.427+0000] {processor.py:186} INFO - Started process (PID=10003) to work on /home/ec2-user/environment/lab4_model_training/dags/ml_training_pipeline_v2.py
[2026-03-29T20:34:32.428+0000] {processor.py:914} INFO - Processing file /home/ec2-user/environment/lab4_model_training/dags/ml_training_pipeline_v2.py for tasks to queue
[2026-03-29T20:34:32.429+0000] {logging_mixin.py:190} INFO - [2026-03-29T20:34:32.429+0000] {dagbag.py:588} INFO - Filling up the DagBag from /home/ec2-user/environment/lab4_model_training/dags/ml_training_pipeline_v2.py
[2026-03-29T20:34:33.652+0000] {processor.py:925} INFO - DAG(s) 'ml_training_pipeline_v2' retrieved from /home/ec2-user/environment/lab4_model_training/dags/ml_training_pipeline_v2.py
[2026-03-29T20:34:33.665+0000] {logging_mixin.py:190} INFO - [2026-03-29T20:34:33.665+0000] {dag.py:3239} INFO - Sync 1 DAGs
[2026-03-29T20:34:33.673+0000] {logging_mixin.py:190} INFO - [2026-03-29T20:34:33.673+0000] {dag.py:4180} INFO - Setting next_dagrun for ml_training_pipeline_v2 to None, run_after=None
[2026-03-29T20:34:33.689+0000] {processor.py:208} INFO - Processing /home/ec2-user/environment/lab4_model_training/dags/ml_training_pipeline_v2.py took 1.267 seconds
[2026-03-29T20:35:04.258+0000] {processor.py:186} INFO - Started process (PID=10029) to work on /home/ec2-user/environment/lab4_model_training/dags/ml_training_pipeline_v2.py
[2026-03-29T20:35:04.258+0000] {processor.py:914} INFO - Processing file /home/ec2-user/environment/lab4_model_training/dags/ml_training_pipeline_v2.py for tasks to queue
[2026-03-29T20:35:04.259+0000] {logging_mixin.py:190} INFO - [2026-03-29T20:35:04.259+0000] {dagbag.py:588} INFO - Filling up the DagBag from /home/ec2-user/environment/lab4_model_training/dags/ml_training_pipeline_v2.py
[2026-03-29T20:35:05.480+0000] {processor.py:925} INFO - DAG(s) 'ml_training_pipeline_v2' retrieved from /home/ec2-user/environment/lab4_model_training/dags/ml_training_pipeline_v2.py
[2026-03-29T20:35:05.493+0000] {logging_mixin.py:190} INFO - [2026-03-29T20:35:05.492+0000] {dag.py:3239} INFO - Sync 1 DAGs
[2026-03-29T20:35:05.501+0000] {logging_mixin.py:190} INFO - [2026-03-29T20:35:05.501+0000] {dag.py:4180} INFO - Setting next_dagrun for ml_training_pipeline_v2 to None, run_after=None
[2026-03-29T20:35:05.516+0000] {processor.py:208} INFO - Processing /home/ec2-user/environment/lab4_model_training/dags/ml_training_pipeline_v2.py took 1.264 seconds
[2026-03-29T20:35:36.090+0000] {processor.py:186} INFO - Started process (PID=10047) to work on /home/ec2-user/environment/lab4_model_training/dags/ml_training_pipeline_v2.py
[2026-03-29T20:35:36.092+0000] {processor.py:914} INFO - Processing file /home/ec2-user/environment/lab4_model_training/dags/ml_training_pipeline_v2.py for tasks to queue
[2026-03-29T20:35:36.092+0000] {logging_mixin.py:190} INFO - [2026-03-29T20:35:36.092+0000] {dagbag.py:588} INFO - Filling up the DagBag from /home/ec2-user/environment/lab4_model_training/dags/ml_training_pipeline_v2.py
[2026-03-29T20:35:37.314+0000] {processor.py:925} INFO - DAG(s) 'ml_training_pipeline_v2' retrieved from /home/ec2-user/environment/lab4_model_training/dags/ml_training_pipeline_v2.py
[2026-03-29T20:35:37.326+0000] {logging_mixin.py:190} INFO - [2026-03-29T20:35:37.325+0000] {dag.py:3239} INFO - Sync 1 DAGs
[2026-03-29T20:35:37.334+0000] {logging_mixin.py:190} INFO - [2026-03-29T20:35:37.334+0000] {dag.py:4180} INFO - Setting next_dagrun for ml_training_pipeline_v2 to None, run_after=None
[2026-03-29T20:35:37.349+0000] {processor.py:208} INFO - Processing /home/ec2-user/environment/lab4_model_training/dags/ml_training_pipeline_v2.py took 1.263 seconds
[2026-03-29T20:36:07.921+0000] {processor.py:186} INFO - Started process (PID=10138) to work on /home/ec2-user/environment/lab4_model_training/dags/ml_training_pipeline_v2.py
[2026-03-29T20:36:07.922+0000] {processor.py:914} INFO - Processing file /home/ec2-user/environment/lab4_model_training/dags/ml_training_pipeline_v2.py for tasks to queue
[2026-03-29T20:36:07.923+0000] {logging_mixin.py:190} INFO - [2026-03-29T20:36:07.922+0000] {dagbag.py:588} INFO - Filling up the DagBag from /home/ec2-user/environment/lab4_model_training/dags/ml_training_pipeline_v2.py
[2026-03-29T20:36:09.145+0000] {processor.py:925} INFO - DAG(s) 'ml_training_pipeline_v2' retrieved from /home/ec2-user/environment/lab4_model_training/dags/ml_training_pipeline_v2.py
[2026-03-29T20:36:09.157+0000] {logging_mixin.py:190} INFO - [2026-03-29T20:36:09.157+0000] {dag.py:3239} INFO - Sync 1 DAGs
[2026-03-29T20:36:09.165+0000] {logging_mixin.py:190} INFO - [2026-03-29T20:36:09.165+0000] {dag.py:4180} INFO - Setting next_dagrun for ml_training_pipeline_v2 to None, run_after=None
[2026-03-29T20:36:09.181+0000] {processor.py:208} INFO - Processing /home/ec2-user/environment/lab4_model_training/dags/ml_training_pipeline_v2.py took 1.264 seconds
[2026-03-29T20:36:39.757+0000] {processor.py:186} INFO - Started process (PID=10374) to work on /home/ec2-user/environment/lab4_model_training/dags/ml_training_pipeline_v2.py
[2026-03-29T20:36:39.758+0000] {processor.py:914} INFO - Processing file /home/ec2-user/environment/lab4_model_training/dags/ml_training_pipeline_v2.py for tasks to queue
[2026-03-29T20:36:39.759+0000] {logging_mixin.py:190} INFO - [2026-03-29T20:36:39.759+0000] {dagbag.py:588} INFO - Filling up the DagBag from /home/ec2-user/environment/lab4_model_training/dags/ml_training_pipeline_v2.py
[2026-03-29T20:36:40.962+0000] {processor.py:925} INFO - DAG(s) 'ml_training_pipeline_v2' retrieved from /home/ec2-user/environment/lab4_model_training/dags/ml_training_pipeline_v2.py
[2026-03-29T20:36:40.977+0000] {logging_mixin.py:190} INFO - [2026-03-29T20:36:40.977+0000] {dag.py:3239} INFO - Sync 1 DAGs
[2026-03-29T20:36:40.985+0000] {logging_mixin.py:190} INFO - [2026-03-29T20:36:40.985+0000] {dag.py:4180} INFO - Setting next_dagrun for ml_training_pipeline_v2 to None, run_after=None
[2026-03-29T20:36:41.000+0000] {processor.py:208} INFO - Processing /home/ec2-user/environment/lab4_model_training/dags/ml_training_pipeline_v2.py took 1.248 seconds
[2026-03-29T20:37:11.606+0000] {processor.py:186} INFO - Started process (PID=10478) to work on /home/ec2-user/environment/lab4_model_training/dags/ml_training_pipeline_v2.py
[2026-03-29T20:37:11.606+0000] {processor.py:914} INFO - Processing file /home/ec2-user/environment/lab4_model_training/dags/ml_training_pipeline_v2.py for tasks to queue
[2026-03-29T20:37:11.607+0000] {logging_mixin.py:190} INFO - [2026-03-29T20:37:11.607+0000] {dagbag.py:588} INFO - Filling up the DagBag from /home/ec2-user/environment/lab4_model_training/dags/ml_training_pipeline_v2.py
[2026-03-29T20:37:12.828+0000] {processor.py:925} INFO - DAG(s) 'ml_training_pipeline_v2' retrieved from /home/ec2-user/environment/lab4_model_training/dags/ml_training_pipeline_v2.py
[2026-03-29T20:37:12.839+0000] {logging_mixin.py:190} INFO - [2026-03-29T20:37:12.839+0000] {dag.py:3239} INFO - Sync 1 DAGs
[2026-03-29T20:37:12.847+0000] {logging_mixin.py:190} INFO - [2026-03-29T20:37:12.847+0000] {dag.py:4180} INFO - Setting next_dagrun for ml_training_pipeline_v2 to None, run_after=None
[2026-03-29T20:37:12.864+0000] {processor.py:208} INFO - Processing /home/ec2-user/environment/lab4_model_training/dags/ml_training_pipeline_v2.py took 1.263 seconds
[2026-03-29T20:37:18.877+0000] {processor.py:186} INFO - Started process (PID=10487) to work on /home/ec2-user/environment/lab4_model_training/dags/ml_training_pipeline_v2.py
[2026-03-29T20:37:18.878+0000] {processor.py:914} INFO - Processing file /home/ec2-user/environment/lab4_model_training/dags/ml_training_pipeline_v2.py for tasks to queue
[2026-03-29T20:37:18.879+0000] {logging_mixin.py:190} INFO - [2026-03-29T20:37:18.878+0000] {dagbag.py:588} INFO - Filling up the DagBag from /home/ec2-user/environment/lab4_model_training/dags/ml_training_pipeline_v2.py
[2026-03-29T20:37:20.085+0000] {processor.py:925} INFO - DAG(s) 'ml_training_pipeline_v2' retrieved from /home/ec2-user/environment/lab4_model_training/dags/ml_training_pipeline_v2.py
[2026-03-29T20:37:20.097+0000] {logging_mixin.py:190} INFO - [2026-03-29T20:37:20.097+0000] {dag.py:3239} INFO - Sync 1 DAGs
[2026-03-29T20:37:20.106+0000] {logging_mixin.py:190} INFO - [2026-03-29T20:37:20.106+0000] {dag.py:4180} INFO - Setting next_dagrun for ml_training_pipeline_v2 to None, run_after=None
[2026-03-29T20:37:20.122+0000] {processor.py:208} INFO - Processing /home/ec2-user/environment/lab4_model_training/dags/ml_training_pipeline_v2.py took 1.249 seconds
[2026-03-29T20:37:50.346+0000] {processor.py:186} INFO - Started process (PID=10516) to work on /home/ec2-user/environment/lab4_model_training/dags/ml_training_pipeline_v2.py
[2026-03-29T20:37:50.347+0000] {processor.py:914} INFO - Processing file /home/ec2-user/environment/lab4_model_training/dags/ml_training_pipeline_v2.py for tasks to queue
[2026-03-29T20:37:50.348+0000] {logging_mixin.py:190} INFO - [2026-03-29T20:37:50.348+0000] {dagbag.py:588} INFO - Filling up the DagBag from /home/ec2-user/environment/lab4_model_training/dags/ml_training_pipeline_v2.py
[2026-03-29T20:37:51.557+0000] {processor.py:925} INFO - DAG(s) 'ml_training_pipeline_v2' retrieved from /home/ec2-user/environment/lab4_model_training/dags/ml_training_pipeline_v2.py
[2026-03-29T20:37:51.569+0000] {logging_mixin.py:190} INFO - [2026-03-29T20:37:51.569+0000] {dag.py:3239} INFO - Sync 1 DAGs
[2026-03-29T20:37:51.577+0000] {logging_mixin.py:190} INFO - [2026-03-29T20:37:51.577+0000] {dag.py:4180} INFO - Setting next_dagrun for ml_training_pipeline_v2 to None, run_after=None
[2026-03-29T20:37:51.592+0000] {processor.py:208} INFO - Processing /home/ec2-user/environment/lab4_model_training/dags/ml_training_pipeline_v2.py took 1.251 seconds
[2026-03-29T20:38:21.722+0000] {processor.py:186} INFO - Started process (PID=10611) to work on /home/ec2-user/environment/lab4_model_training/dags/ml_training_pipeline_v2.py
[2026-03-29T20:38:21.723+0000] {processor.py:914} INFO - Processing file /home/ec2-user/environment/lab4_model_training/dags/ml_training_pipeline_v2.py for tasks to queue
[2026-03-29T20:38:21.724+0000] {logging_mixin.py:190} INFO - [2026-03-29T20:38:21.724+0000] {dagbag.py:588} INFO - Filling up the DagBag from /home/ec2-user/environment/lab4_model_training/dags/ml_training_pipeline_v2.py
[2026-03-29T20:38:22.926+0000] {processor.py:925} INFO - DAG(s) 'ml_training_pipeline_v2' retrieved from /home/ec2-user/environment/lab4_model_training/dags/ml_training_pipeline_v2.py
[2026-03-29T20:38:22.939+0000] {logging_mixin.py:190} INFO - [2026-03-29T20:38:22.939+0000] {dag.py:3239} INFO - Sync 1 DAGs
[2026-03-29T20:38:22.948+0000] {logging_mixin.py:190} INFO - [2026-03-29T20:38:22.947+0000] {dag.py:4180} INFO - Setting next_dagrun for ml_training_pipeline_v2 to None, run_after=None
[2026-03-29T20:38:22.963+0000] {processor.py:208} INFO - Processing /home/ec2-user/environment/lab4_model_training/dags/ml_training_pipeline_v2.py took 1.245 seconds
[2026-03-29T20:38:46.746+0000] {processor.py:186} INFO - Started process (PID=10639) to work on /home/ec2-user/environment/lab4_model_training/dags/ml_training_pipeline_v2.py
[2026-03-29T20:38:46.747+0000] {processor.py:914} INFO - Processing file /home/ec2-user/environment/lab4_model_training/dags/ml_training_pipeline_v2.py for tasks to queue
[2026-03-29T20:38:46.748+0000] {logging_mixin.py:190} INFO - [2026-03-29T20:38:46.748+0000] {dagbag.py:588} INFO - Filling up the DagBag from /home/ec2-user/environment/lab4_model_training/dags/ml_training_pipeline_v2.py
[2026-03-29T20:38:47.978+0000] {processor.py:925} INFO - DAG(s) 'ml_training_pipeline_v2' retrieved from /home/ec2-user/environment/lab4_model_training/dags/ml_training_pipeline_v2.py
[2026-03-29T20:38:48.053+0000] {logging_mixin.py:190} INFO - [2026-03-29T20:38:48.052+0000] {dag.py:3239} INFO - Sync 1 DAGs
[2026-03-29T20:38:48.060+0000] {logging_mixin.py:190} INFO - [2026-03-29T20:38:48.060+0000] {dag.py:4180} INFO - Setting next_dagrun for ml_training_pipeline_v2 to None, run_after=None
[2026-03-29T20:38:48.077+0000] {processor.py:208} INFO - Processing /home/ec2-user/environment/lab4_model_training/dags/ml_training_pipeline_v2.py took 1.336 seconds
[2026-03-29T20:39:00.751+0000] {processor.py:186} INFO - Started process (PID=10649) to work on /home/ec2-user/environment/lab4_model_training/dags/ml_training_pipeline_v2.py
[2026-03-29T20:39:00.751+0000] {processor.py:914} INFO - Processing file /home/ec2-user/environment/lab4_model_training/dags/ml_training_pipeline_v2.py for tasks to queue
[2026-03-29T20:39:00.753+0000] {logging_mixin.py:190} INFO - [2026-03-29T20:39:00.752+0000] {dagbag.py:588} INFO - Filling up the DagBag from /home/ec2-user/environment/lab4_model_training/dags/ml_training_pipeline_v2.py
[2026-03-29T20:39:02.119+0000] {processor.py:925} INFO - DAG(s) 'ml_training_pipeline_v2' retrieved from /home/ec2-user/environment/lab4_model_training/dags/ml_training_pipeline_v2.py
[2026-03-29T20:39:02.122+0000] {logging_mixin.py:190} INFO - [2026-03-29T20:39:02.122+0000] {dag.py:3239} INFO - Sync 1 DAGs
[2026-03-29T20:39:02.131+0000] {logging_mixin.py:190} INFO - [2026-03-29T20:39:02.131+0000] {dag.py:4180} INFO - Setting next_dagrun for ml_training_pipeline_v2 to None, run_after=None
[2026-03-29T20:39:02.149+0000] {processor.py:208} INFO - Processing /home/ec2-user/environment/lab4_model_training/dags/ml_training_pipeline_v2.py took 1.403 seconds
[2026-03-29T20:39:17.217+0000] {processor.py:186} INFO - Started process (PID=10686) to work on /home/ec2-user/environment/lab4_model_training/dags/ml_training_pipeline_v2.py
[2026-03-29T20:39:17.218+0000] {processor.py:914} INFO - Processing file /home/ec2-user/environment/lab4_model_training/dags/ml_training_pipeline_v2.py for tasks to queue
[2026-03-29T20:39:17.219+0000] {logging_mixin.py:190} INFO - [2026-03-29T20:39:17.219+0000] {dagbag.py:588} INFO - Filling up the DagBag from /home/ec2-user/environment/lab4_model_training/dags/ml_training_pipeline_v2.py
[2026-03-29T20:39:18.483+0000] {processor.py:925} INFO - DAG(s) 'ml_training_pipeline_v2' retrieved from /home/ec2-user/environment/lab4_model_training/dags/ml_training_pipeline_v2.py
[2026-03-29T20:39:18.495+0000] {logging_mixin.py:190} INFO - [2026-03-29T20:39:18.495+0000] {dag.py:3239} INFO - Sync 1 DAGs
[2026-03-29T20:39:18.503+0000] {logging_mixin.py:190} INFO - [2026-03-29T20:39:18.503+0000] {dag.py:4180} INFO - Setting next_dagrun for ml_training_pipeline_v2 to None, run_after=None
[2026-03-29T20:39:18.520+0000] {processor.py:208} INFO - Processing /home/ec2-user/environment/lab4_model_training/dags/ml_training_pipeline_v2.py took 1.307 seconds
[2026-03-29T20:39:21.181+0000] {processor.py:186} INFO - Started process (PID=10691) to work on /home/ec2-user/environment/lab4_model_training/dags/ml_training_pipeline_v2.py
[2026-03-29T20:39:21.182+0000] {processor.py:914} INFO - Processing file /home/ec2-user/environment/lab4_model_training/dags/ml_training_pipeline_v2.py for tasks to queue
[2026-03-29T20:39:21.183+0000] {logging_mixin.py:190} INFO - [2026-03-29T20:39:21.183+0000] {dagbag.py:588} INFO - Filling up the DagBag from /home/ec2-user/environment/lab4_model_training/dags/ml_training_pipeline_v2.py
[2026-03-29T20:39:22.451+0000] {processor.py:925} INFO - DAG(s) 'ml_training_pipeline_v2' retrieved from /home/ec2-user/environment/lab4_model_training/dags/ml_training_pipeline_v2.py
[2026-03-29T20:39:22.463+0000] {logging_mixin.py:190} INFO - [2026-03-29T20:39:22.463+0000] {dag.py:3239} INFO - Sync 1 DAGs
[2026-03-29T20:39:22.471+0000] {logging_mixin.py:190} INFO - [2026-03-29T20:39:22.471+0000] {dag.py:4180} INFO - Setting next_dagrun for ml_training_pipeline_v2 to None, run_after=None
[2026-03-29T20:39:22.487+0000] {processor.py:208} INFO - Processing /home/ec2-user/environment/lab4_model_training/dags/ml_training_pipeline_v2.py took 1.311 seconds
[2026-03-29T20:39:52.787+0000] {processor.py:186} INFO - Started process (PID=10720) to work on /home/ec2-user/environment/lab4_model_training/dags/ml_training_pipeline_v2.py
[2026-03-29T20:39:52.788+0000] {processor.py:914} INFO - Processing file /home/ec2-user/environment/lab4_model_training/dags/ml_training_pipeline_v2.py for tasks to queue
[2026-03-29T20:39:52.789+0000] {logging_mixin.py:190} INFO - [2026-03-29T20:39:52.789+0000] {dagbag.py:588} INFO - Filling up the DagBag from /home/ec2-user/environment/lab4_model_training/dags/ml_training_pipeline_v2.py
[2026-03-29T20:39:54.056+0000] {processor.py:925} INFO - DAG(s) 'ml_training_pipeline_v2' retrieved from /home/ec2-user/environment/lab4_model_training/dags/ml_training_pipeline_v2.py
[2026-03-29T20:39:54.068+0000] {logging_mixin.py:190} INFO - [2026-03-29T20:39:54.068+0000] {dag.py:3239} INFO - Sync 1 DAGs
[2026-03-29T20:39:54.076+0000] {logging_mixin.py:190} INFO - [2026-03-29T20:39:54.076+0000] {dag.py:4180} INFO - Setting next_dagrun for ml_training_pipeline_v2 to None, run_after=None
[2026-03-29T20:39:54.092+0000] {processor.py:208} INFO - Processing /home/ec2-user/environment/lab4_model_training/dags/ml_training_pipeline_v2.py took 1.310 seconds
[2026-03-29T20:40:24.765+0000] {processor.py:186} INFO - Started process (PID=10813) to work on /home/ec2-user/environment/lab4_model_training/dags/ml_training_pipeline_v2.py
[2026-03-29T20:40:24.766+0000] {processor.py:914} INFO - Processing file /home/ec2-user/environment/lab4_model_training/dags/ml_training_pipeline_v2.py for tasks to queue
[2026-03-29T20:40:24.767+0000] {logging_mixin.py:190} INFO - [2026-03-29T20:40:24.766+0000] {dagbag.py:588} INFO - Filling up the DagBag from /home/ec2-user/environment/lab4_model_training/dags/ml_training_pipeline_v2.py
[2026-03-29T20:40:26.039+0000] {processor.py:925} INFO - DAG(s) 'ml_training_pipeline_v2' retrieved from /home/ec2-user/environment/lab4_model_training/dags/ml_training_pipeline_v2.py
[2026-03-29T20:40:26.051+0000] {logging_mixin.py:190} INFO - [2026-03-29T20:40:26.051+0000] {dag.py:3239} INFO - Sync 1 DAGs
[2026-03-29T20:40:26.059+0000] {logging_mixin.py:190} INFO - [2026-03-29T20:40:26.059+0000] {dag.py:4180} INFO - Setting next_dagrun for ml_training_pipeline_v2 to None, run_after=None
[2026-03-29T20:40:26.076+0000] {processor.py:208} INFO - Processing /home/ec2-user/environment/lab4_model_training/dags/ml_training_pipeline_v2.py took 1.315 seconds
[2026-03-29T20:40:54.826+0000] {processor.py:186} INFO - Started process (PID=10844) to work on /home/ec2-user/environment/lab4_model_training/dags/ml_training_pipeline_v2.py
[2026-03-29T20:40:54.828+0000] {processor.py:914} INFO - Processing file /home/ec2-user/environment/lab4_model_training/dags/ml_training_pipeline_v2.py for tasks to queue
[2026-03-29T20:40:54.829+0000] {logging_mixin.py:190} INFO - [2026-03-29T20:40:54.828+0000] {dagbag.py:588} INFO - Filling up the DagBag from /home/ec2-user/environment/lab4_model_training/dags/ml_training_pipeline_v2.py
[2026-03-29T20:40:56.091+0000] {processor.py:925} INFO - DAG(s) 'ml_training_pipeline_v2' retrieved from /home/ec2-user/environment/lab4_model_training/dags/ml_training_pipeline_v2.py
[2026-03-29T20:40:56.103+0000] {logging_mixin.py:190} INFO - [2026-03-29T20:40:56.102+0000] {dag.py:3239} INFO - Sync 1 DAGs
[2026-03-29T20:40:56.112+0000] {logging_mixin.py:190} INFO - [2026-03-29T20:40:56.112+0000] {dag.py:4180} INFO - Setting next_dagrun for ml_training_pipeline_v2 to None, run_after=None
[2026-03-29T20:40:56.128+0000] {processor.py:208} INFO - Processing /home/ec2-user/environment/lab4_model_training/dags/ml_training_pipeline_v2.py took 1.306 seconds
[2026-03-29T20:41:27.258+0000] {processor.py:186} INFO - Started process (PID=10884) to work on /home/ec2-user/environment/lab4_model_training/dags/ml_training_pipeline_v2.py
[2026-03-29T20:41:27.259+0000] {processor.py:914} INFO - Processing file /home/ec2-user/environment/lab4_model_training/dags/ml_training_pipeline_v2.py for tasks to queue
[2026-03-29T20:41:27.260+0000] {logging_mixin.py:190} INFO - [2026-03-29T20:41:27.260+0000] {dagbag.py:588} INFO - Filling up the DagBag from /home/ec2-user/environment/lab4_model_training/dags/ml_training_pipeline_v2.py
[2026-03-29T20:41:28.507+0000] {processor.py:925} INFO - DAG(s) 'ml_training_pipeline_v2' retrieved from /home/ec2-user/environment/lab4_model_training/dags/ml_training_pipeline_v2.py
[2026-03-29T20:41:28.518+0000] {logging_mixin.py:190} INFO - [2026-03-29T20:41:28.518+0000] {dag.py:3239} INFO - Sync 1 DAGs
[2026-03-29T20:41:28.527+0000] {logging_mixin.py:190} INFO - [2026-03-29T20:41:28.527+0000] {dag.py:4180} INFO - Setting next_dagrun for ml_training_pipeline_v2 to None, run_after=None
[2026-03-29T20:41:28.543+0000] {processor.py:208} INFO - Processing /home/ec2-user/environment/lab4_model_training/dags/ml_training_pipeline_v2.py took 1.290 seconds
[2026-03-29T20:41:59.096+0000] {processor.py:186} INFO - Started process (PID=10910) to work on /home/ec2-user/environment/lab4_model_training/dags/ml_training_pipeline_v2.py
[2026-03-29T20:41:59.097+0000] {processor.py:914} INFO - Processing file /home/ec2-user/environment/lab4_model_training/dags/ml_training_pipeline_v2.py for tasks to queue
[2026-03-29T20:41:59.098+0000] {logging_mixin.py:190} INFO - [2026-03-29T20:41:59.097+0000] {dagbag.py:588} INFO - Filling up the DagBag from /home/ec2-user/environment/lab4_model_training/dags/ml_training_pipeline_v2.py
[2026-03-29T20:42:00.345+0000] {processor.py:925} INFO - DAG(s) 'ml_training_pipeline_v2' retrieved from /home/ec2-user/environment/lab4_model_training/dags/ml_training_pipeline_v2.py
[2026-03-29T20:42:00.357+0000] {logging_mixin.py:190} INFO - [2026-03-29T20:42:00.357+0000] {dag.py:3239} INFO - Sync 1 DAGs
[2026-03-29T20:42:00.365+0000] {logging_mixin.py:190} INFO - [2026-03-29T20:42:00.365+0000] {dag.py:4180} INFO - Setting next_dagrun for ml_training_pipeline_v2 to None, run_after=None
[2026-03-29T20:42:00.380+0000] {processor.py:208} INFO - Processing /home/ec2-user/environment/lab4_model_training/dags/ml_training_pipeline_v2.py took 1.289 seconds
[2026-03-29T20:42:30.929+0000] {processor.py:186} INFO - Started process (PID=11001) to work on /home/ec2-user/environment/lab4_model_training/dags/ml_training_pipeline_v2.py
[2026-03-29T20:42:30.930+0000] {processor.py:914} INFO - Processing file /home/ec2-user/environment/lab4_model_training/dags/ml_training_pipeline_v2.py for tasks to queue
[2026-03-29T20:42:30.931+0000] {logging_mixin.py:190} INFO - [2026-03-29T20:42:30.930+0000] {dagbag.py:588} INFO - Filling up the DagBag from /home/ec2-user/environment/lab4_model_training/dags/ml_training_pipeline_v2.py
[2026-03-29T20:42:32.210+0000] {processor.py:925} INFO - DAG(s) 'ml_training_pipeline_v2' retrieved from /home/ec2-user/environment/lab4_model_training/dags/ml_training_pipeline_v2.py
[2026-03-29T20:42:32.222+0000] {logging_mixin.py:190} INFO - [2026-03-29T20:42:32.221+0000] {dag.py:3239} INFO - Sync 1 DAGs
[2026-03-29T20:42:32.230+0000] {logging_mixin.py:190} INFO - [2026-03-29T20:42:32.230+0000] {dag.py:4180} INFO - Setting next_dagrun for ml_training_pipeline_v2 to None, run_after=None
[2026-03-29T20:42:32.245+0000] {processor.py:208} INFO - Processing /home/ec2-user/environment/lab4_model_training/dags/ml_training_pipeline_v2.py took 1.320 seconds
[2026-03-29T20:42:55.552+0000] {processor.py:186} INFO - Started process (PID=11028) to work on /home/ec2-user/environment/lab4_model_training/dags/ml_training_pipeline_v2.py
[2026-03-29T20:42:55.554+0000] {processor.py:914} INFO - Processing file /home/ec2-user/environment/lab4_model_training/dags/ml_training_pipeline_v2.py for tasks to queue
[2026-03-29T20:42:55.555+0000] {logging_mixin.py:190} INFO - [2026-03-29T20:42:55.554+0000] {dagbag.py:588} INFO - Filling up the DagBag from /home/ec2-user/environment/lab4_model_training/dags/ml_training_pipeline_v2.py
[2026-03-29T20:42:56.804+0000] {processor.py:925} INFO - DAG(s) 'ml_training_pipeline_v2' retrieved from /home/ec2-user/environment/lab4_model_training/dags/ml_training_pipeline_v2.py
[2026-03-29T20:42:56.816+0000] {logging_mixin.py:190} INFO - [2026-03-29T20:42:56.816+0000] {dag.py:3239} INFO - Sync 1 DAGs
[2026-03-29T20:42:56.824+0000] {logging_mixin.py:190} INFO - [2026-03-29T20:42:56.824+0000] {dag.py:4180} INFO - Setting next_dagrun for ml_training_pipeline_v2 to None, run_after=None
[2026-03-29T20:42:56.840+0000] {processor.py:208} INFO - Processing /home/ec2-user/environment/lab4_model_training/dags/ml_training_pipeline_v2.py took 1.293 seconds
[2026-03-29T20:43:27.176+0000] {processor.py:186} INFO - Started process (PID=11068) to work on /home/ec2-user/environment/lab4_model_training/dags/ml_training_pipeline_v2.py
[2026-03-29T20:43:27.176+0000] {processor.py:914} INFO - Processing file /home/ec2-user/environment/lab4_model_training/dags/ml_training_pipeline_v2.py for tasks to queue
[2026-03-29T20:43:27.177+0000] {logging_mixin.py:190} INFO - [2026-03-29T20:43:27.177+0000] {dagbag.py:588} INFO - Filling up the DagBag from /home/ec2-user/environment/lab4_model_training/dags/ml_training_pipeline_v2.py
[2026-03-29T20:43:28.430+0000] {processor.py:925} INFO - DAG(s) 'ml_training_pipeline_v2' retrieved from /home/ec2-user/environment/lab4_model_training/dags/ml_training_pipeline_v2.py
[2026-03-29T20:43:28.442+0000] {logging_mixin.py:190} INFO - [2026-03-29T20:43:28.442+0000] {dag.py:3239} INFO - Sync 1 DAGs
[2026-03-29T20:43:28.450+0000] {logging_mixin.py:190} INFO - [2026-03-29T20:43:28.450+0000] {dag.py:4180} INFO - Setting next_dagrun for ml_training_pipeline_v2 to None, run_after=None
[2026-03-29T20:43:28.465+0000] {processor.py:208} INFO - Processing /home/ec2-user/environment/lab4_model_training/dags/ml_training_pipeline_v2.py took 1.294 seconds
[2026-03-29T20:43:58.575+0000] {processor.py:186} INFO - Started process (PID=11098) to work on /home/ec2-user/environment/lab4_model_training/dags/ml_training_pipeline_v2.py
[2026-03-29T20:43:58.575+0000] {processor.py:914} INFO - Processing file /home/ec2-user/environment/lab4_model_training/dags/ml_training_pipeline_v2.py for tasks to queue
[2026-03-29T20:43:58.576+0000] {logging_mixin.py:190} INFO - [2026-03-29T20:43:58.576+0000] {dagbag.py:588} INFO - Filling up the DagBag from /home/ec2-user/environment/lab4_model_training/dags/ml_training_pipeline_v2.py
[2026-03-29T20:43:59.980+0000] {processor.py:925} INFO - DAG(s) 'ml_training_pipeline_v2' retrieved from /home/ec2-user/environment/lab4_model_training/dags/ml_training_pipeline_v2.py
[2026-03-29T20:43:59.992+0000] {logging_mixin.py:190} INFO - [2026-03-29T20:43:59.991+0000] {dag.py:3239} INFO - Sync 1 DAGs
[2026-03-29T20:44:00.000+0000] {logging_mixin.py:190} INFO - [2026-03-29T20:44:00.000+0000] {dag.py:4180} INFO - Setting next_dagrun for ml_training_pipeline_v2 to None, run_after=None
[2026-03-29T20:44:00.016+0000] {processor.py:208} INFO - Processing /home/ec2-user/environment/lab4_model_training/dags/ml_training_pipeline_v2.py took 1.447 seconds
[2026-03-29T20:44:22.718+0000] {processor.py:186} INFO - Started process (PID=11207) to work on /home/ec2-user/environment/lab4_model_training/dags/ml_training_pipeline_v2.py
[2026-03-29T20:44:22.719+0000] {processor.py:914} INFO - Processing file /home/ec2-user/environment/lab4_model_training/dags/ml_training_pipeline_v2.py for tasks to queue
[2026-03-29T20:44:22.720+0000] {logging_mixin.py:190} INFO - [2026-03-29T20:44:22.719+0000] {dagbag.py:588} INFO - Filling up the DagBag from /home/ec2-user/environment/lab4_model_training/dags/ml_training_pipeline_v2.py
[2026-03-29T20:44:23.985+0000] {logging_mixin.py:190} INFO - [2026-03-29T20:44:23.981+0000] {dagbag.py:387} ERROR - Failed to import: /home/ec2-user/environment/lab4_model_training/dags/ml_training_pipeline_v2.py
Traceback (most recent call last):
  File "/home/ec2-user/environment/lab4_model_training/venv/lib64/python3.12/site-packages/airflow/models/dagbag.py", line 383, in parse
    loader.exec_module(new_module)
  File "<frozen importlib._bootstrap_external>", line 999, in exec_module
  File "<frozen importlib._bootstrap>", line 488, in _call_with_frames_removed
  File "/home/ec2-user/environment/lab4_model_training/dags/ml_training_pipeline_v2.py", line 175, in <module>
    train_task >> eval_task >> promote_task
                               ^^^^^^^^^^^^
NameError: name 'promote_task' is not defined
[2026-03-29T20:44:23.989+0000] {processor.py:927} WARNING - No viable dags retrieved from /home/ec2-user/environment/lab4_model_training/dags/ml_training_pipeline_v2.py
[2026-03-29T20:44:24.000+0000] {processor.py:208} INFO - Processing /home/ec2-user/environment/lab4_model_training/dags/ml_training_pipeline_v2.py took 1.287 seconds
[2026-03-29T20:44:25.054+0000] {processor.py:186} INFO - Started process (PID=11211) to work on /home/ec2-user/environment/lab4_model_training/dags/ml_training_pipeline_v2.py
[2026-03-29T20:44:25.055+0000] {processor.py:914} INFO - Processing file /home/ec2-user/environment/lab4_model_training/dags/ml_training_pipeline_v2.py for tasks to queue
[2026-03-29T20:44:25.056+0000] {logging_mixin.py:190} INFO - [2026-03-29T20:44:25.055+0000] {dagbag.py:588} INFO - Filling up the DagBag from /home/ec2-user/environment/lab4_model_training/dags/ml_training_pipeline_v2.py
[2026-03-29T20:44:26.324+0000] {logging_mixin.py:190} INFO - [2026-03-29T20:44:26.320+0000] {dagbag.py:387} ERROR - Failed to import: /home/ec2-user/environment/lab4_model_training/dags/ml_training_pipeline_v2.py
Traceback (most recent call last):
  File "/home/ec2-user/environment/lab4_model_training/venv/lib64/python3.12/site-packages/airflow/models/dagbag.py", line 383, in parse
    loader.exec_module(new_module)
  File "<frozen importlib._bootstrap_external>", line 999, in exec_module
  File "<frozen importlib._bootstrap>", line 488, in _call_with_frames_removed
  File "/home/ec2-user/environment/lab4_model_training/dags/ml_training_pipeline_v2.py", line 175, in <module>
    train_task >> eval_task >> promote_task
                               ^^^^^^^^^^^^
NameError: name 'promote_task' is not defined
[2026-03-29T20:44:26.328+0000] {processor.py:927} WARNING - No viable dags retrieved from /home/ec2-user/environment/lab4_model_training/dags/ml_training_pipeline_v2.py
[2026-03-29T20:44:26.339+0000] {processor.py:208} INFO - Processing /home/ec2-user/environment/lab4_model_training/dags/ml_training_pipeline_v2.py took 1.290 seconds
[2026-03-29T20:44:57.208+0000] {processor.py:186} INFO - Started process (PID=11239) to work on /home/ec2-user/environment/lab4_model_training/dags/ml_training_pipeline_v2.py
[2026-03-29T20:44:57.209+0000] {processor.py:914} INFO - Processing file /home/ec2-user/environment/lab4_model_training/dags/ml_training_pipeline_v2.py for tasks to queue
[2026-03-29T20:44:57.210+0000] {logging_mixin.py:190} INFO - [2026-03-29T20:44:57.210+0000] {dagbag.py:588} INFO - Filling up the DagBag from /home/ec2-user/environment/lab4_model_training/dags/ml_training_pipeline_v2.py
[2026-03-29T20:44:58.456+0000] {logging_mixin.py:190} INFO - [2026-03-29T20:44:58.452+0000] {dagbag.py:387} ERROR - Failed to import: /home/ec2-user/environment/lab4_model_training/dags/ml_training_pipeline_v2.py
Traceback (most recent call last):
  File "/home/ec2-user/environment/lab4_model_training/venv/lib64/python3.12/site-packages/airflow/models/dagbag.py", line 383, in parse
    loader.exec_module(new_module)
  File "<frozen importlib._bootstrap_external>", line 999, in exec_module
  File "<frozen importlib._bootstrap>", line 488, in _call_with_frames_removed
  File "/home/ec2-user/environment/lab4_model_training/dags/ml_training_pipeline_v2.py", line 175, in <module>
    train_task >> eval_task >> promote_task
                               ^^^^^^^^^^^^
NameError: name 'promote_task' is not defined
[2026-03-29T20:44:58.460+0000] {processor.py:927} WARNING - No viable dags retrieved from /home/ec2-user/environment/lab4_model_training/dags/ml_training_pipeline_v2.py
[2026-03-29T20:44:58.472+0000] {processor.py:208} INFO - Processing /home/ec2-user/environment/lab4_model_training/dags/ml_training_pipeline_v2.py took 1.268 seconds
[2026-03-29T20:45:28.612+0000] {processor.py:186} INFO - Started process (PID=11336) to work on /home/ec2-user/environment/lab4_model_training/dags/ml_training_pipeline_v2.py
[2026-03-29T20:45:28.613+0000] {processor.py:914} INFO - Processing file /home/ec2-user/environment/lab4_model_training/dags/ml_training_pipeline_v2.py for tasks to queue
[2026-03-29T20:45:28.614+0000] {logging_mixin.py:190} INFO - [2026-03-29T20:45:28.614+0000] {dagbag.py:588} INFO - Filling up the DagBag from /home/ec2-user/environment/lab4_model_training/dags/ml_training_pipeline_v2.py
[2026-03-29T20:45:29.863+0000] {logging_mixin.py:190} INFO - [2026-03-29T20:45:29.858+0000] {dagbag.py:387} ERROR - Failed to import: /home/ec2-user/environment/lab4_model_training/dags/ml_training_pipeline_v2.py
Traceback (most recent call last):
  File "/home/ec2-user/environment/lab4_model_training/venv/lib64/python3.12/site-packages/airflow/models/dagbag.py", line 383, in parse
    loader.exec_module(new_module)
  File "<frozen importlib._bootstrap_external>", line 999, in exec_module
  File "<frozen importlib._bootstrap>", line 488, in _call_with_frames_removed
  File "/home/ec2-user/environment/lab4_model_training/dags/ml_training_pipeline_v2.py", line 175, in <module>
    train_task >> eval_task >> promote_task
                               ^^^^^^^^^^^^
NameError: name 'promote_task' is not defined
[2026-03-29T20:45:29.867+0000] {processor.py:927} WARNING - No viable dags retrieved from /home/ec2-user/environment/lab4_model_training/dags/ml_training_pipeline_v2.py
[2026-03-29T20:45:29.878+0000] {processor.py:208} INFO - Processing /home/ec2-user/environment/lab4_model_training/dags/ml_training_pipeline_v2.py took 1.271 seconds
[2026-03-29T20:46:00.013+0000] {processor.py:186} INFO - Started process (PID=11377) to work on /home/ec2-user/environment/lab4_model_training/dags/ml_training_pipeline_v2.py
[2026-03-29T20:46:00.014+0000] {processor.py:914} INFO - Processing file /home/ec2-user/environment/lab4_model_training/dags/ml_training_pipeline_v2.py for tasks to queue
[2026-03-29T20:46:00.015+0000] {logging_mixin.py:190} INFO - [2026-03-29T20:46:00.015+0000] {dagbag.py:588} INFO - Filling up the DagBag from /home/ec2-user/environment/lab4_model_training/dags/ml_training_pipeline_v2.py
[2026-03-29T20:46:01.271+0000] {logging_mixin.py:190} INFO - [2026-03-29T20:46:01.266+0000] {dagbag.py:387} ERROR - Failed to import: /home/ec2-user/environment/lab4_model_training/dags/ml_training_pipeline_v2.py
Traceback (most recent call last):
  File "/home/ec2-user/environment/lab4_model_training/venv/lib64/python3.12/site-packages/airflow/models/dagbag.py", line 383, in parse
    loader.exec_module(new_module)
  File "<frozen importlib._bootstrap_external>", line 999, in exec_module
  File "<frozen importlib._bootstrap>", line 488, in _call_with_frames_removed
  File "/home/ec2-user/environment/lab4_model_training/dags/ml_training_pipeline_v2.py", line 175, in <module>
    train_task >> eval_task >> promote_task
                               ^^^^^^^^^^^^
NameError: name 'promote_task' is not defined
[2026-03-29T20:46:01.275+0000] {processor.py:927} WARNING - No viable dags retrieved from /home/ec2-user/environment/lab4_model_training/dags/ml_training_pipeline_v2.py
[2026-03-29T20:46:01.286+0000] {processor.py:208} INFO - Processing /home/ec2-user/environment/lab4_model_training/dags/ml_training_pipeline_v2.py took 1.277 seconds
[2026-03-29T20:46:21.393+0000] {processor.py:186} INFO - Started process (PID=11415) to work on /home/ec2-user/environment/lab4_model_training/dags/ml_training_pipeline_v2.py
[2026-03-29T20:46:21.394+0000] {processor.py:914} INFO - Processing file /home/ec2-user/environment/lab4_model_training/dags/ml_training_pipeline_v2.py for tasks to queue
[2026-03-29T20:46:21.395+0000] {logging_mixin.py:190} INFO - [2026-03-29T20:46:21.394+0000] {dagbag.py:588} INFO - Filling up the DagBag from /home/ec2-user/environment/lab4_model_training/dags/ml_training_pipeline_v2.py
[2026-03-29T20:46:22.706+0000] {logging_mixin.py:190} INFO - [2026-03-29T20:46:22.701+0000] {dagbag.py:387} ERROR - Failed to import: /home/ec2-user/environment/lab4_model_training/dags/ml_training_pipeline_v2.py
Traceback (most recent call last):
  File "/home/ec2-user/environment/lab4_model_training/venv/lib64/python3.12/site-packages/airflow/models/dagbag.py", line 383, in parse
    loader.exec_module(new_module)
  File "<frozen importlib._bootstrap_external>", line 999, in exec_module
  File "<frozen importlib._bootstrap>", line 488, in _call_with_frames_removed
  File "/home/ec2-user/environment/lab4_model_training/dags/ml_training_pipeline_v2.py", line 175, in <module>
    train_task >> eval_task >> promote_task
                               ^^^^^^^^^^^^
NameError: name 'promote_task' is not defined
[2026-03-29T20:46:22.709+0000] {processor.py:927} WARNING - No viable dags retrieved from /home/ec2-user/environment/lab4_model_training/dags/ml_training_pipeline_v2.py
[2026-03-29T20:46:22.721+0000] {processor.py:208} INFO - Processing /home/ec2-user/environment/lab4_model_training/dags/ml_training_pipeline_v2.py took 1.333 seconds
[2026-03-29T20:46:52.882+0000] {processor.py:186} INFO - Started process (PID=11443) to work on /home/ec2-user/environment/lab4_model_training/dags/ml_training_pipeline_v2.py
[2026-03-29T20:46:52.883+0000] {processor.py:914} INFO - Processing file /home/ec2-user/environment/lab4_model_training/dags/ml_training_pipeline_v2.py for tasks to queue
[2026-03-29T20:46:52.884+0000] {logging_mixin.py:190} INFO - [2026-03-29T20:46:52.883+0000] {dagbag.py:588} INFO - Filling up the DagBag from /home/ec2-user/environment/lab4_model_training/dags/ml_training_pipeline_v2.py
[2026-03-29T20:46:54.158+0000] {logging_mixin.py:190} INFO - [2026-03-29T20:46:54.153+0000] {dagbag.py:387} ERROR - Failed to import: /home/ec2-user/environment/lab4_model_training/dags/ml_training_pipeline_v2.py
Traceback (most recent call last):
  File "/home/ec2-user/environment/lab4_model_training/venv/lib64/python3.12/site-packages/airflow/models/dagbag.py", line 383, in parse
    loader.exec_module(new_module)
  File "<frozen importlib._bootstrap_external>", line 999, in exec_module
  File "<frozen importlib._bootstrap>", line 488, in _call_with_frames_removed
  File "/home/ec2-user/environment/lab4_model_training/dags/ml_training_pipeline_v2.py", line 175, in <module>
    train_task >> eval_task >> promote_task
                               ^^^^^^^^^^^^
NameError: name 'promote_task' is not defined
[2026-03-29T20:46:54.161+0000] {processor.py:927} WARNING - No viable dags retrieved from /home/ec2-user/environment/lab4_model_training/dags/ml_training_pipeline_v2.py
[2026-03-29T20:46:54.173+0000] {processor.py:208} INFO - Processing /home/ec2-user/environment/lab4_model_training/dags/ml_training_pipeline_v2.py took 1.296 seconds
[2026-03-29T20:47:24.246+0000] {processor.py:186} INFO - Started process (PID=11537) to work on /home/ec2-user/environment/lab4_model_training/dags/ml_training_pipeline_v2.py
[2026-03-29T20:47:24.247+0000] {processor.py:914} INFO - Processing file /home/ec2-user/environment/lab4_model_training/dags/ml_training_pipeline_v2.py for tasks to queue
[2026-03-29T20:47:24.248+0000] {logging_mixin.py:190} INFO - [2026-03-29T20:47:24.248+0000] {dagbag.py:588} INFO - Filling up the DagBag from /home/ec2-user/environment/lab4_model_training/dags/ml_training_pipeline_v2.py
[2026-03-29T20:47:25.513+0000] {logging_mixin.py:190} INFO - [2026-03-29T20:47:25.509+0000] {dagbag.py:387} ERROR - Failed to import: /home/ec2-user/environment/lab4_model_training/dags/ml_training_pipeline_v2.py
Traceback (most recent call last):
  File "/home/ec2-user/environment/lab4_model_training/venv/lib64/python3.12/site-packages/airflow/models/dagbag.py", line 383, in parse
    loader.exec_module(new_module)
  File "<frozen importlib._bootstrap_external>", line 999, in exec_module
  File "<frozen importlib._bootstrap>", line 488, in _call_with_frames_removed
  File "/home/ec2-user/environment/lab4_model_training/dags/ml_training_pipeline_v2.py", line 175, in <module>
    train_task >> eval_task >> promote_task
                               ^^^^^^^^^^^^
NameError: name 'promote_task' is not defined
[2026-03-29T20:47:25.517+0000] {processor.py:927} WARNING - No viable dags retrieved from /home/ec2-user/environment/lab4_model_training/dags/ml_training_pipeline_v2.py
[2026-03-29T20:47:25.528+0000] {processor.py:208} INFO - Processing /home/ec2-user/environment/lab4_model_training/dags/ml_training_pipeline_v2.py took 1.287 seconds
[2026-03-29T20:47:55.611+0000] {processor.py:186} INFO - Started process (PID=11568) to work on /home/ec2-user/environment/lab4_model_training/dags/ml_training_pipeline_v2.py
[2026-03-29T20:47:55.611+0000] {processor.py:914} INFO - Processing file /home/ec2-user/environment/lab4_model_training/dags/ml_training_pipeline_v2.py for tasks to queue
[2026-03-29T20:47:55.612+0000] {logging_mixin.py:190} INFO - [2026-03-29T20:47:55.612+0000] {dagbag.py:588} INFO - Filling up the DagBag from /home/ec2-user/environment/lab4_model_training/dags/ml_training_pipeline_v2.py
[2026-03-29T20:47:56.873+0000] {logging_mixin.py:190} INFO - [2026-03-29T20:47:56.869+0000] {dagbag.py:387} ERROR - Failed to import: /home/ec2-user/environment/lab4_model_training/dags/ml_training_pipeline_v2.py
Traceback (most recent call last):
  File "/home/ec2-user/environment/lab4_model_training/venv/lib64/python3.12/site-packages/airflow/models/dagbag.py", line 383, in parse
    loader.exec_module(new_module)
  File "<frozen importlib._bootstrap_external>", line 999, in exec_module
  File "<frozen importlib._bootstrap>", line 488, in _call_with_frames_removed
  File "/home/ec2-user/environment/lab4_model_training/dags/ml_training_pipeline_v2.py", line 175, in <module>
    train_task >> eval_task >> promote_task
                               ^^^^^^^^^^^^
NameError: name 'promote_task' is not defined
[2026-03-29T20:47:56.877+0000] {processor.py:927} WARNING - No viable dags retrieved from /home/ec2-user/environment/lab4_model_training/dags/ml_training_pipeline_v2.py
[2026-03-29T20:47:56.888+0000] {processor.py:208} INFO - Processing /home/ec2-user/environment/lab4_model_training/dags/ml_training_pipeline_v2.py took 1.283 seconds
[2026-03-29T20:48:22.091+0000] {processor.py:186} INFO - Started process (PID=11607) to work on /home/ec2-user/environment/lab4_model_training/dags/ml_training_pipeline_v2.py
[2026-03-29T20:48:22.092+0000] {processor.py:914} INFO - Processing file /home/ec2-user/environment/lab4_model_training/dags/ml_training_pipeline_v2.py for tasks to queue
[2026-03-29T20:48:22.093+0000] {logging_mixin.py:190} INFO - [2026-03-29T20:48:22.093+0000] {dagbag.py:588} INFO - Filling up the DagBag from /home/ec2-user/environment/lab4_model_training/dags/ml_training_pipeline_v2.py
[2026-03-29T20:48:22.098+0000] {logging_mixin.py:190} INFO - [2026-03-29T20:48:22.097+0000] {dagbag.py:387} ERROR - Failed to import: /home/ec2-user/environment/lab4_model_training/dags/ml_training_pipeline_v2.py
Traceback (most recent call last):
  File "/home/ec2-user/environment/lab4_model_training/venv/lib64/python3.12/site-packages/airflow/models/dagbag.py", line 383, in parse
    loader.exec_module(new_module)
  File "<frozen importlib._bootstrap_external>", line 995, in exec_module
  File "<frozen importlib._bootstrap_external>", line 1133, in get_code
  File "<frozen importlib._bootstrap_external>", line 1063, in source_to_code
  File "<frozen importlib._bootstrap>", line 488, in _call_with_frames_removed
  File "/home/ec2-user/environment/lab4_model_training/dags/ml_training_pipeline_v2.py", line 175
    train_task >> eval_task >> 
                               ^
SyntaxError: invalid syntax
[2026-03-29T20:48:22.098+0000] {processor.py:927} WARNING - No viable dags retrieved from /home/ec2-user/environment/lab4_model_training/dags/ml_training_pipeline_v2.py
[2026-03-29T20:48:22.113+0000] {processor.py:208} INFO - Processing /home/ec2-user/environment/lab4_model_training/dags/ml_training_pipeline_v2.py took 0.027 seconds
[2026-03-29T20:48:29.292+0000] {processor.py:186} INFO - Started process (PID=11612) to work on /home/ec2-user/environment/lab4_model_training/dags/ml_training_pipeline_v2.py
[2026-03-29T20:48:29.293+0000] {processor.py:914} INFO - Processing file /home/ec2-user/environment/lab4_model_training/dags/ml_training_pipeline_v2.py for tasks to queue
[2026-03-29T20:48:29.294+0000] {logging_mixin.py:190} INFO - [2026-03-29T20:48:29.294+0000] {dagbag.py:588} INFO - Filling up the DagBag from /home/ec2-user/environment/lab4_model_training/dags/ml_training_pipeline_v2.py
[2026-03-29T20:48:30.575+0000] {processor.py:925} INFO - DAG(s) 'ml_training_pipeline_v2' retrieved from /home/ec2-user/environment/lab4_model_training/dags/ml_training_pipeline_v2.py
[2026-03-29T20:48:30.650+0000] {logging_mixin.py:190} INFO - [2026-03-29T20:48:30.649+0000] {dag.py:3239} INFO - Sync 1 DAGs
[2026-03-29T20:48:30.657+0000] {logging_mixin.py:190} INFO - [2026-03-29T20:48:30.657+0000] {dag.py:4180} INFO - Setting next_dagrun for ml_training_pipeline_v2 to None, run_after=None
[2026-03-29T20:48:30.678+0000] {processor.py:208} INFO - Processing /home/ec2-user/environment/lab4_model_training/dags/ml_training_pipeline_v2.py took 1.390 seconds
[2026-03-29T20:49:01.584+0000] {processor.py:186} INFO - Started process (PID=11651) to work on /home/ec2-user/environment/lab4_model_training/dags/ml_training_pipeline_v2.py
[2026-03-29T20:49:01.586+0000] {processor.py:914} INFO - Processing file /home/ec2-user/environment/lab4_model_training/dags/ml_training_pipeline_v2.py for tasks to queue
[2026-03-29T20:49:01.587+0000] {logging_mixin.py:190} INFO - [2026-03-29T20:49:01.586+0000] {dagbag.py:588} INFO - Filling up the DagBag from /home/ec2-user/environment/lab4_model_training/dags/ml_training_pipeline_v2.py
[2026-03-29T20:49:02.890+0000] {processor.py:925} INFO - DAG(s) 'ml_training_pipeline_v2' retrieved from /home/ec2-user/environment/lab4_model_training/dags/ml_training_pipeline_v2.py
[2026-03-29T20:49:02.902+0000] {logging_mixin.py:190} INFO - [2026-03-29T20:49:02.902+0000] {dag.py:3239} INFO - Sync 1 DAGs
[2026-03-29T20:49:02.910+0000] {logging_mixin.py:190} INFO - [2026-03-29T20:49:02.910+0000] {dag.py:4180} INFO - Setting next_dagrun for ml_training_pipeline_v2 to None, run_after=None
[2026-03-29T20:49:02.925+0000] {processor.py:208} INFO - Processing /home/ec2-user/environment/lab4_model_training/dags/ml_training_pipeline_v2.py took 1.346 seconds
[2026-03-29T20:49:33.036+0000] {processor.py:186} INFO - Started process (PID=11751) to work on /home/ec2-user/environment/lab4_model_training/dags/ml_training_pipeline_v2.py
[2026-03-29T20:49:33.037+0000] {processor.py:914} INFO - Processing file /home/ec2-user/environment/lab4_model_training/dags/ml_training_pipeline_v2.py for tasks to queue
[2026-03-29T20:49:33.038+0000] {logging_mixin.py:190} INFO - [2026-03-29T20:49:33.037+0000] {dagbag.py:588} INFO - Filling up the DagBag from /home/ec2-user/environment/lab4_model_training/dags/ml_training_pipeline_v2.py
[2026-03-29T20:49:34.320+0000] {processor.py:925} INFO - DAG(s) 'ml_training_pipeline_v2' retrieved from /home/ec2-user/environment/lab4_model_training/dags/ml_training_pipeline_v2.py
[2026-03-29T20:49:34.333+0000] {logging_mixin.py:190} INFO - [2026-03-29T20:49:34.332+0000] {dag.py:3239} INFO - Sync 1 DAGs
[2026-03-29T20:49:34.341+0000] {logging_mixin.py:190} INFO - [2026-03-29T20:49:34.341+0000] {dag.py:4180} INFO - Setting next_dagrun for ml_training_pipeline_v2 to None, run_after=None
[2026-03-29T20:49:34.356+0000] {processor.py:208} INFO - Processing /home/ec2-user/environment/lab4_model_training/dags/ml_training_pipeline_v2.py took 1.325 seconds
[2026-03-29T20:50:04.895+0000] {processor.py:186} INFO - Started process (PID=11795) to work on /home/ec2-user/environment/lab4_model_training/dags/ml_training_pipeline_v2.py
[2026-03-29T20:50:04.897+0000] {processor.py:914} INFO - Processing file /home/ec2-user/environment/lab4_model_training/dags/ml_training_pipeline_v2.py for tasks to queue
[2026-03-29T20:50:04.897+0000] {logging_mixin.py:190} INFO - [2026-03-29T20:50:04.897+0000] {dagbag.py:588} INFO - Filling up the DagBag from /home/ec2-user/environment/lab4_model_training/dags/ml_training_pipeline_v2.py
[2026-03-29T20:50:06.172+0000] {processor.py:925} INFO - DAG(s) 'ml_training_pipeline_v2' retrieved from /home/ec2-user/environment/lab4_model_training/dags/ml_training_pipeline_v2.py
[2026-03-29T20:50:06.185+0000] {logging_mixin.py:190} INFO - [2026-03-29T20:50:06.184+0000] {dag.py:3239} INFO - Sync 1 DAGs
[2026-03-29T20:50:06.193+0000] {logging_mixin.py:190} INFO - [2026-03-29T20:50:06.193+0000] {dag.py:4180} INFO - Setting next_dagrun for ml_training_pipeline_v2 to None, run_after=None
[2026-03-29T20:50:06.209+0000] {processor.py:208} INFO - Processing /home/ec2-user/environment/lab4_model_training/dags/ml_training_pipeline_v2.py took 1.319 seconds
[2026-03-29T20:50:36.710+0000] {processor.py:186} INFO - Started process (PID=11877) to work on /home/ec2-user/environment/lab4_model_training/dags/ml_training_pipeline_v2.py
[2026-03-29T20:50:36.711+0000] {processor.py:914} INFO - Processing file /home/ec2-user/environment/lab4_model_training/dags/ml_training_pipeline_v2.py for tasks to queue
[2026-03-29T20:50:36.712+0000] {logging_mixin.py:190} INFO - [2026-03-29T20:50:36.711+0000] {dagbag.py:588} INFO - Filling up the DagBag from /home/ec2-user/environment/lab4_model_training/dags/ml_training_pipeline_v2.py
[2026-03-29T20:50:37.961+0000] {processor.py:925} INFO - DAG(s) 'ml_training_pipeline_v2' retrieved from /home/ec2-user/environment/lab4_model_training/dags/ml_training_pipeline_v2.py
[2026-03-29T20:50:37.974+0000] {logging_mixin.py:190} INFO - [2026-03-29T20:50:37.973+0000] {dag.py:3239} INFO - Sync 1 DAGs
[2026-03-29T20:50:37.983+0000] {logging_mixin.py:190} INFO - [2026-03-29T20:50:37.983+0000] {dag.py:4180} INFO - Setting next_dagrun for ml_training_pipeline_v2 to None, run_after=None
[2026-03-29T20:50:37.998+0000] {processor.py:208} INFO - Processing /home/ec2-user/environment/lab4_model_training/dags/ml_training_pipeline_v2.py took 1.292 seconds
[2026-03-29T20:51:08.074+0000] {processor.py:186} INFO - Started process (PID=11917) to work on /home/ec2-user/environment/lab4_model_training/dags/ml_training_pipeline_v2.py
[2026-03-29T20:51:08.076+0000] {processor.py:914} INFO - Processing file /home/ec2-user/environment/lab4_model_training/dags/ml_training_pipeline_v2.py for tasks to queue
[2026-03-29T20:51:08.077+0000] {logging_mixin.py:190} INFO - [2026-03-29T20:51:08.076+0000] {dagbag.py:588} INFO - Filling up the DagBag from /home/ec2-user/environment/lab4_model_training/dags/ml_training_pipeline_v2.py
[2026-03-29T20:51:09.334+0000] {processor.py:925} INFO - DAG(s) 'ml_training_pipeline_v2' retrieved from /home/ec2-user/environment/lab4_model_training/dags/ml_training_pipeline_v2.py
[2026-03-29T20:51:09.347+0000] {logging_mixin.py:190} INFO - [2026-03-29T20:51:09.347+0000] {dag.py:3239} INFO - Sync 1 DAGs
[2026-03-29T20:51:09.355+0000] {logging_mixin.py:190} INFO - [2026-03-29T20:51:09.355+0000] {dag.py:4180} INFO - Setting next_dagrun for ml_training_pipeline_v2 to None, run_after=None
[2026-03-29T20:51:09.370+0000] {processor.py:208} INFO - Processing /home/ec2-user/environment/lab4_model_training/dags/ml_training_pipeline_v2.py took 1.300 seconds
[2026-03-29T20:51:40.077+0000] {processor.py:186} INFO - Started process (PID=11968) to work on /home/ec2-user/environment/lab4_model_training/dags/ml_training_pipeline_v2.py
[2026-03-29T20:51:40.077+0000] {processor.py:914} INFO - Processing file /home/ec2-user/environment/lab4_model_training/dags/ml_training_pipeline_v2.py for tasks to queue
[2026-03-29T20:51:40.078+0000] {logging_mixin.py:190} INFO - [2026-03-29T20:51:40.078+0000] {dagbag.py:588} INFO - Filling up the DagBag from /home/ec2-user/environment/lab4_model_training/dags/ml_training_pipeline_v2.py
[2026-03-29T20:51:41.353+0000] {processor.py:925} INFO - DAG(s) 'ml_training_pipeline_v2' retrieved from /home/ec2-user/environment/lab4_model_training/dags/ml_training_pipeline_v2.py
[2026-03-29T20:51:41.366+0000] {logging_mixin.py:190} INFO - [2026-03-29T20:51:41.366+0000] {dag.py:3239} INFO - Sync 1 DAGs
[2026-03-29T20:51:41.374+0000] {logging_mixin.py:190} INFO - [2026-03-29T20:51:41.374+0000] {dag.py:4180} INFO - Setting next_dagrun for ml_training_pipeline_v2 to None, run_after=None
[2026-03-29T20:51:41.390+0000] {processor.py:208} INFO - Processing /home/ec2-user/environment/lab4_model_training/dags/ml_training_pipeline_v2.py took 1.318 seconds
[2026-03-29T20:52:11.827+0000] {processor.py:186} INFO - Started process (PID=12008) to work on /home/ec2-user/environment/lab4_model_training/dags/ml_training_pipeline_v2.py
[2026-03-29T20:52:11.829+0000] {processor.py:914} INFO - Processing file /home/ec2-user/environment/lab4_model_training/dags/ml_training_pipeline_v2.py for tasks to queue
[2026-03-29T20:52:11.830+0000] {logging_mixin.py:190} INFO - [2026-03-29T20:52:11.829+0000] {dagbag.py:588} INFO - Filling up the DagBag from /home/ec2-user/environment/lab4_model_training/dags/ml_training_pipeline_v2.py
[2026-03-29T20:52:13.087+0000] {processor.py:925} INFO - DAG(s) 'ml_training_pipeline_v2' retrieved from /home/ec2-user/environment/lab4_model_training/dags/ml_training_pipeline_v2.py
[2026-03-29T20:52:13.099+0000] {logging_mixin.py:190} INFO - [2026-03-29T20:52:13.099+0000] {dag.py:3239} INFO - Sync 1 DAGs
[2026-03-29T20:52:13.108+0000] {logging_mixin.py:190} INFO - [2026-03-29T20:52:13.108+0000] {dag.py:4180} INFO - Setting next_dagrun for ml_training_pipeline_v2 to None, run_after=None
[2026-03-29T20:52:13.123+0000] {processor.py:208} INFO - Processing /home/ec2-user/environment/lab4_model_training/dags/ml_training_pipeline_v2.py took 1.300 seconds
[2026-03-29T20:52:43.830+0000] {processor.py:186} INFO - Started process (PID=12082) to work on /home/ec2-user/environment/lab4_model_training/dags/ml_training_pipeline_v2.py
[2026-03-29T20:52:43.831+0000] {processor.py:914} INFO - Processing file /home/ec2-user/environment/lab4_model_training/dags/ml_training_pipeline_v2.py for tasks to queue
[2026-03-29T20:52:43.832+0000] {logging_mixin.py:190} INFO - [2026-03-29T20:52:43.832+0000] {dagbag.py:588} INFO - Filling up the DagBag from /home/ec2-user/environment/lab4_model_training/dags/ml_training_pipeline_v2.py
[2026-03-29T20:52:45.082+0000] {processor.py:925} INFO - DAG(s) 'ml_training_pipeline_v2' retrieved from /home/ec2-user/environment/lab4_model_training/dags/ml_training_pipeline_v2.py
[2026-03-29T20:52:45.094+0000] {logging_mixin.py:190} INFO - [2026-03-29T20:52:45.094+0000] {dag.py:3239} INFO - Sync 1 DAGs
[2026-03-29T20:52:45.102+0000] {logging_mixin.py:190} INFO - [2026-03-29T20:52:45.102+0000] {dag.py:4180} INFO - Setting next_dagrun for ml_training_pipeline_v2 to None, run_after=None
[2026-03-29T20:52:45.117+0000] {processor.py:208} INFO - Processing /home/ec2-user/environment/lab4_model_training/dags/ml_training_pipeline_v2.py took 1.292 seconds
[2026-03-29T20:53:15.735+0000] {processor.py:186} INFO - Started process (PID=12124) to work on /home/ec2-user/environment/lab4_model_training/dags/ml_training_pipeline_v2.py
[2026-03-29T20:53:15.735+0000] {processor.py:914} INFO - Processing file /home/ec2-user/environment/lab4_model_training/dags/ml_training_pipeline_v2.py for tasks to queue
[2026-03-29T20:53:15.736+0000] {logging_mixin.py:190} INFO - [2026-03-29T20:53:15.736+0000] {dagbag.py:588} INFO - Filling up the DagBag from /home/ec2-user/environment/lab4_model_training/dags/ml_training_pipeline_v2.py
[2026-03-29T20:53:17.011+0000] {processor.py:925} INFO - DAG(s) 'ml_training_pipeline_v2' retrieved from /home/ec2-user/environment/lab4_model_training/dags/ml_training_pipeline_v2.py
[2026-03-29T20:53:17.023+0000] {logging_mixin.py:190} INFO - [2026-03-29T20:53:17.022+0000] {dag.py:3239} INFO - Sync 1 DAGs
[2026-03-29T20:53:17.031+0000] {logging_mixin.py:190} INFO - [2026-03-29T20:53:17.031+0000] {dag.py:4180} INFO - Setting next_dagrun for ml_training_pipeline_v2 to None, run_after=None
[2026-03-29T20:53:17.047+0000] {processor.py:208} INFO - Processing /home/ec2-user/environment/lab4_model_training/dags/ml_training_pipeline_v2.py took 1.317 seconds
[2026-03-29T20:53:47.735+0000] {processor.py:186} INFO - Started process (PID=12150) to work on /home/ec2-user/environment/lab4_model_training/dags/ml_training_pipeline_v2.py
[2026-03-29T20:53:47.736+0000] {processor.py:914} INFO - Processing file /home/ec2-user/environment/lab4_model_training/dags/ml_training_pipeline_v2.py for tasks to queue
[2026-03-29T20:53:47.737+0000] {logging_mixin.py:190} INFO - [2026-03-29T20:53:47.737+0000] {dagbag.py:588} INFO - Filling up the DagBag from /home/ec2-user/environment/lab4_model_training/dags/ml_training_pipeline_v2.py
[2026-03-29T20:53:49.017+0000] {processor.py:925} INFO - DAG(s) 'ml_training_pipeline_v2' retrieved from /home/ec2-user/environment/lab4_model_training/dags/ml_training_pipeline_v2.py
[2026-03-29T20:53:49.029+0000] {logging_mixin.py:190} INFO - [2026-03-29T20:53:49.029+0000] {dag.py:3239} INFO - Sync 1 DAGs
[2026-03-29T20:53:49.038+0000] {logging_mixin.py:190} INFO - [2026-03-29T20:53:49.038+0000] {dag.py:4180} INFO - Setting next_dagrun for ml_training_pipeline_v2 to None, run_after=None
[2026-03-29T20:53:49.053+0000] {processor.py:208} INFO - Processing /home/ec2-user/environment/lab4_model_training/dags/ml_training_pipeline_v2.py took 1.323 seconds
[2026-03-29T20:54:19.351+0000] {processor.py:186} INFO - Started process (PID=12237) to work on /home/ec2-user/environment/lab4_model_training/dags/ml_training_pipeline_v2.py
[2026-03-29T20:54:19.352+0000] {processor.py:914} INFO - Processing file /home/ec2-user/environment/lab4_model_training/dags/ml_training_pipeline_v2.py for tasks to queue
[2026-03-29T20:54:19.353+0000] {logging_mixin.py:190} INFO - [2026-03-29T20:54:19.353+0000] {dagbag.py:588} INFO - Filling up the DagBag from /home/ec2-user/environment/lab4_model_training/dags/ml_training_pipeline_v2.py
[2026-03-29T20:54:20.612+0000] {processor.py:925} INFO - DAG(s) 'ml_training_pipeline_v2' retrieved from /home/ec2-user/environment/lab4_model_training/dags/ml_training_pipeline_v2.py
[2026-03-29T20:54:20.625+0000] {logging_mixin.py:190} INFO - [2026-03-29T20:54:20.625+0000] {dag.py:3239} INFO - Sync 1 DAGs
[2026-03-29T20:54:20.633+0000] {logging_mixin.py:190} INFO - [2026-03-29T20:54:20.633+0000] {dag.py:4180} INFO - Setting next_dagrun for ml_training_pipeline_v2 to None, run_after=None
[2026-03-29T20:54:20.652+0000] {processor.py:208} INFO - Processing /home/ec2-user/environment/lab4_model_training/dags/ml_training_pipeline_v2.py took 1.306 seconds
[2026-03-29T20:54:50.968+0000] {processor.py:186} INFO - Started process (PID=12263) to work on /home/ec2-user/environment/lab4_model_training/dags/ml_training_pipeline_v2.py
[2026-03-29T20:54:50.969+0000] {processor.py:914} INFO - Processing file /home/ec2-user/environment/lab4_model_training/dags/ml_training_pipeline_v2.py for tasks to queue
[2026-03-29T20:54:50.970+0000] {logging_mixin.py:190} INFO - [2026-03-29T20:54:50.970+0000] {dagbag.py:588} INFO - Filling up the DagBag from /home/ec2-user/environment/lab4_model_training/dags/ml_training_pipeline_v2.py
[2026-03-29T20:54:52.215+0000] {processor.py:925} INFO - DAG(s) 'ml_training_pipeline_v2' retrieved from /home/ec2-user/environment/lab4_model_training/dags/ml_training_pipeline_v2.py
[2026-03-29T20:54:52.228+0000] {logging_mixin.py:190} INFO - [2026-03-29T20:54:52.228+0000] {dag.py:3239} INFO - Sync 1 DAGs
[2026-03-29T20:54:52.236+0000] {logging_mixin.py:190} INFO - [2026-03-29T20:54:52.236+0000] {dag.py:4180} INFO - Setting next_dagrun for ml_training_pipeline_v2 to None, run_after=None
[2026-03-29T20:54:52.251+0000] {processor.py:208} INFO - Processing /home/ec2-user/environment/lab4_model_training/dags/ml_training_pipeline_v2.py took 1.288 seconds
[2026-03-29T20:55:22.488+0000] {processor.py:186} INFO - Started process (PID=12302) to work on /home/ec2-user/environment/lab4_model_training/dags/ml_training_pipeline_v2.py
[2026-03-29T20:55:22.488+0000] {processor.py:914} INFO - Processing file /home/ec2-user/environment/lab4_model_training/dags/ml_training_pipeline_v2.py for tasks to queue
[2026-03-29T20:55:22.489+0000] {logging_mixin.py:190} INFO - [2026-03-29T20:55:22.489+0000] {dagbag.py:588} INFO - Filling up the DagBag from /home/ec2-user/environment/lab4_model_training/dags/ml_training_pipeline_v2.py
[2026-03-29T20:55:23.749+0000] {processor.py:925} INFO - DAG(s) 'ml_training_pipeline_v2' retrieved from /home/ec2-user/environment/lab4_model_training/dags/ml_training_pipeline_v2.py
[2026-03-29T20:55:23.761+0000] {logging_mixin.py:190} INFO - [2026-03-29T20:55:23.761+0000] {dag.py:3239} INFO - Sync 1 DAGs
[2026-03-29T20:55:23.769+0000] {logging_mixin.py:190} INFO - [2026-03-29T20:55:23.769+0000] {dag.py:4180} INFO - Setting next_dagrun for ml_training_pipeline_v2 to None, run_after=None
[2026-03-29T20:55:23.784+0000] {processor.py:208} INFO - Processing /home/ec2-user/environment/lab4_model_training/dags/ml_training_pipeline_v2.py took 1.302 seconds
[2026-03-29T20:55:54.110+0000] {processor.py:186} INFO - Started process (PID=12336) to work on /home/ec2-user/environment/lab4_model_training/dags/ml_training_pipeline_v2.py
[2026-03-29T20:55:54.111+0000] {processor.py:914} INFO - Processing file /home/ec2-user/environment/lab4_model_training/dags/ml_training_pipeline_v2.py for tasks to queue
[2026-03-29T20:55:54.112+0000] {logging_mixin.py:190} INFO - [2026-03-29T20:55:54.112+0000] {dagbag.py:588} INFO - Filling up the DagBag from /home/ec2-user/environment/lab4_model_training/dags/ml_training_pipeline_v2.py
[2026-03-29T20:55:55.380+0000] {processor.py:925} INFO - DAG(s) 'ml_training_pipeline_v2' retrieved from /home/ec2-user/environment/lab4_model_training/dags/ml_training_pipeline_v2.py
[2026-03-29T20:55:55.392+0000] {logging_mixin.py:190} INFO - [2026-03-29T20:55:55.392+0000] {dag.py:3239} INFO - Sync 1 DAGs
[2026-03-29T20:55:55.400+0000] {logging_mixin.py:190} INFO - [2026-03-29T20:55:55.400+0000] {dag.py:4180} INFO - Setting next_dagrun for ml_training_pipeline_v2 to None, run_after=None
[2026-03-29T20:55:55.415+0000] {processor.py:208} INFO - Processing /home/ec2-user/environment/lab4_model_training/dags/ml_training_pipeline_v2.py took 1.310 seconds
[2026-03-29T20:56:25.727+0000] {processor.py:186} INFO - Started process (PID=12423) to work on /home/ec2-user/environment/lab4_model_training/dags/ml_training_pipeline_v2.py
[2026-03-29T20:56:25.728+0000] {processor.py:914} INFO - Processing file /home/ec2-user/environment/lab4_model_training/dags/ml_training_pipeline_v2.py for tasks to queue
[2026-03-29T20:56:25.729+0000] {logging_mixin.py:190} INFO - [2026-03-29T20:56:25.728+0000] {dagbag.py:588} INFO - Filling up the DagBag from /home/ec2-user/environment/lab4_model_training/dags/ml_training_pipeline_v2.py
[2026-03-29T20:56:27.001+0000] {processor.py:925} INFO - DAG(s) 'ml_training_pipeline_v2' retrieved from /home/ec2-user/environment/lab4_model_training/dags/ml_training_pipeline_v2.py
[2026-03-29T20:56:27.013+0000] {logging_mixin.py:190} INFO - [2026-03-29T20:56:27.013+0000] {dag.py:3239} INFO - Sync 1 DAGs
[2026-03-29T20:56:27.021+0000] {logging_mixin.py:190} INFO - [2026-03-29T20:56:27.021+0000] {dag.py:4180} INFO - Setting next_dagrun for ml_training_pipeline_v2 to None, run_after=None
[2026-03-29T20:56:27.038+0000] {processor.py:208} INFO - Processing /home/ec2-user/environment/lab4_model_training/dags/ml_training_pipeline_v2.py took 1.316 seconds
[2026-03-29T20:56:57.341+0000] {processor.py:186} INFO - Started process (PID=12450) to work on /home/ec2-user/environment/lab4_model_training/dags/ml_training_pipeline_v2.py
[2026-03-29T20:56:57.342+0000] {processor.py:914} INFO - Processing file /home/ec2-user/environment/lab4_model_training/dags/ml_training_pipeline_v2.py for tasks to queue
[2026-03-29T20:56:57.343+0000] {logging_mixin.py:190} INFO - [2026-03-29T20:56:57.343+0000] {dagbag.py:588} INFO - Filling up the DagBag from /home/ec2-user/environment/lab4_model_training/dags/ml_training_pipeline_v2.py
[2026-03-29T20:56:58.611+0000] {processor.py:925} INFO - DAG(s) 'ml_training_pipeline_v2' retrieved from /home/ec2-user/environment/lab4_model_training/dags/ml_training_pipeline_v2.py
[2026-03-29T20:56:58.623+0000] {logging_mixin.py:190} INFO - [2026-03-29T20:56:58.623+0000] {dag.py:3239} INFO - Sync 1 DAGs
[2026-03-29T20:56:58.635+0000] {logging_mixin.py:190} INFO - [2026-03-29T20:56:58.635+0000] {dag.py:4180} INFO - Setting next_dagrun for ml_training_pipeline_v2 to None, run_after=None
[2026-03-29T20:56:58.651+0000] {processor.py:208} INFO - Processing /home/ec2-user/environment/lab4_model_training/dags/ml_training_pipeline_v2.py took 1.315 seconds
[2026-03-29T20:57:28.956+0000] {processor.py:186} INFO - Started process (PID=12489) to work on /home/ec2-user/environment/lab4_model_training/dags/ml_training_pipeline_v2.py
[2026-03-29T20:57:28.957+0000] {processor.py:914} INFO - Processing file /home/ec2-user/environment/lab4_model_training/dags/ml_training_pipeline_v2.py for tasks to queue
[2026-03-29T20:57:28.958+0000] {logging_mixin.py:190} INFO - [2026-03-29T20:57:28.958+0000] {dagbag.py:588} INFO - Filling up the DagBag from /home/ec2-user/environment/lab4_model_training/dags/ml_training_pipeline_v2.py
[2026-03-29T20:57:30.217+0000] {processor.py:925} INFO - DAG(s) 'ml_training_pipeline_v2' retrieved from /home/ec2-user/environment/lab4_model_training/dags/ml_training_pipeline_v2.py
[2026-03-29T20:57:30.230+0000] {logging_mixin.py:190} INFO - [2026-03-29T20:57:30.229+0000] {dag.py:3239} INFO - Sync 1 DAGs
[2026-03-29T20:57:30.238+0000] {logging_mixin.py:190} INFO - [2026-03-29T20:57:30.237+0000] {dag.py:4180} INFO - Setting next_dagrun for ml_training_pipeline_v2 to None, run_after=None
[2026-03-29T20:57:30.253+0000] {processor.py:208} INFO - Processing /home/ec2-user/environment/lab4_model_training/dags/ml_training_pipeline_v2.py took 1.301 seconds
[2026-03-29T20:58:00.543+0000] {processor.py:186} INFO - Started process (PID=12515) to work on /home/ec2-user/environment/lab4_model_training/dags/ml_training_pipeline_v2.py
[2026-03-29T20:58:00.544+0000] {processor.py:914} INFO - Processing file /home/ec2-user/environment/lab4_model_training/dags/ml_training_pipeline_v2.py for tasks to queue
[2026-03-29T20:58:00.545+0000] {logging_mixin.py:190} INFO - [2026-03-29T20:58:00.545+0000] {dagbag.py:588} INFO - Filling up the DagBag from /home/ec2-user/environment/lab4_model_training/dags/ml_training_pipeline_v2.py
[2026-03-29T20:58:01.813+0000] {processor.py:925} INFO - DAG(s) 'ml_training_pipeline_v2' retrieved from /home/ec2-user/environment/lab4_model_training/dags/ml_training_pipeline_v2.py
[2026-03-29T20:58:01.826+0000] {logging_mixin.py:190} INFO - [2026-03-29T20:58:01.826+0000] {dag.py:3239} INFO - Sync 1 DAGs
[2026-03-29T20:58:01.834+0000] {logging_mixin.py:190} INFO - [2026-03-29T20:58:01.834+0000] {dag.py:4180} INFO - Setting next_dagrun for ml_training_pipeline_v2 to None, run_after=None
[2026-03-29T20:58:01.850+0000] {processor.py:208} INFO - Processing /home/ec2-user/environment/lab4_model_training/dags/ml_training_pipeline_v2.py took 1.311 seconds
[2026-03-29T20:58:32.159+0000] {processor.py:186} INFO - Started process (PID=12602) to work on /home/ec2-user/environment/lab4_model_training/dags/ml_training_pipeline_v2.py
[2026-03-29T20:58:32.160+0000] {processor.py:914} INFO - Processing file /home/ec2-user/environment/lab4_model_training/dags/ml_training_pipeline_v2.py for tasks to queue
[2026-03-29T20:58:32.161+0000] {logging_mixin.py:190} INFO - [2026-03-29T20:58:32.161+0000] {dagbag.py:588} INFO - Filling up the DagBag from /home/ec2-user/environment/lab4_model_training/dags/ml_training_pipeline_v2.py
[2026-03-29T20:58:33.421+0000] {processor.py:925} INFO - DAG(s) 'ml_training_pipeline_v2' retrieved from /home/ec2-user/environment/lab4_model_training/dags/ml_training_pipeline_v2.py
[2026-03-29T20:58:33.433+0000] {logging_mixin.py:190} INFO - [2026-03-29T20:58:33.433+0000] {dag.py:3239} INFO - Sync 1 DAGs
[2026-03-29T20:58:33.441+0000] {logging_mixin.py:190} INFO - [2026-03-29T20:58:33.441+0000] {dag.py:4180} INFO - Setting next_dagrun for ml_training_pipeline_v2 to None, run_after=None
[2026-03-29T20:58:33.457+0000] {processor.py:208} INFO - Processing /home/ec2-user/environment/lab4_model_training/dags/ml_training_pipeline_v2.py took 1.302 seconds
[2026-03-29T20:59:03.774+0000] {processor.py:186} INFO - Started process (PID=12662) to work on /home/ec2-user/environment/lab4_model_training/dags/ml_training_pipeline_v2.py
[2026-03-29T20:59:03.775+0000] {processor.py:914} INFO - Processing file /home/ec2-user/environment/lab4_model_training/dags/ml_training_pipeline_v2.py for tasks to queue
[2026-03-29T20:59:03.776+0000] {logging_mixin.py:190} INFO - [2026-03-29T20:59:03.775+0000] {dagbag.py:588} INFO - Filling up the DagBag from /home/ec2-user/environment/lab4_model_training/dags/ml_training_pipeline_v2.py
[2026-03-29T20:59:05.029+0000] {processor.py:925} INFO - DAG(s) 'ml_training_pipeline_v2' retrieved from /home/ec2-user/environment/lab4_model_training/dags/ml_training_pipeline_v2.py
[2026-03-29T20:59:05.041+0000] {logging_mixin.py:190} INFO - [2026-03-29T20:59:05.041+0000] {dag.py:3239} INFO - Sync 1 DAGs
[2026-03-29T20:59:05.049+0000] {logging_mixin.py:190} INFO - [2026-03-29T20:59:05.049+0000] {dag.py:4180} INFO - Setting next_dagrun for ml_training_pipeline_v2 to None, run_after=None
[2026-03-29T20:59:05.064+0000] {processor.py:208} INFO - Processing /home/ec2-user/environment/lab4_model_training/dags/ml_training_pipeline_v2.py took 1.295 seconds
[2026-03-29T20:59:35.294+0000] {processor.py:186} INFO - Started process (PID=12689) to work on /home/ec2-user/environment/lab4_model_training/dags/ml_training_pipeline_v2.py
[2026-03-29T20:59:35.294+0000] {processor.py:914} INFO - Processing file /home/ec2-user/environment/lab4_model_training/dags/ml_training_pipeline_v2.py for tasks to queue
[2026-03-29T20:59:35.295+0000] {logging_mixin.py:190} INFO - [2026-03-29T20:59:35.295+0000] {dagbag.py:588} INFO - Filling up the DagBag from /home/ec2-user/environment/lab4_model_training/dags/ml_training_pipeline_v2.py
[2026-03-29T20:59:36.573+0000] {processor.py:925} INFO - DAG(s) 'ml_training_pipeline_v2' retrieved from /home/ec2-user/environment/lab4_model_training/dags/ml_training_pipeline_v2.py
[2026-03-29T20:59:36.586+0000] {logging_mixin.py:190} INFO - [2026-03-29T20:59:36.585+0000] {dag.py:3239} INFO - Sync 1 DAGs
[2026-03-29T20:59:36.594+0000] {logging_mixin.py:190} INFO - [2026-03-29T20:59:36.594+0000] {dag.py:4180} INFO - Setting next_dagrun for ml_training_pipeline_v2 to None, run_after=None
[2026-03-29T20:59:36.612+0000] {processor.py:208} INFO - Processing /home/ec2-user/environment/lab4_model_training/dags/ml_training_pipeline_v2.py took 1.323 seconds
[2026-03-29T21:00:06.907+0000] {processor.py:186} INFO - Started process (PID=12733) to work on /home/ec2-user/environment/lab4_model_training/dags/ml_training_pipeline_v2.py
[2026-03-29T21:00:06.908+0000] {processor.py:914} INFO - Processing file /home/ec2-user/environment/lab4_model_training/dags/ml_training_pipeline_v2.py for tasks to queue
[2026-03-29T21:00:06.909+0000] {logging_mixin.py:190} INFO - [2026-03-29T21:00:06.909+0000] {dagbag.py:588} INFO - Filling up the DagBag from /home/ec2-user/environment/lab4_model_training/dags/ml_training_pipeline_v2.py
[2026-03-29T21:00:08.201+0000] {processor.py:925} INFO - DAG(s) 'ml_training_pipeline_v2' retrieved from /home/ec2-user/environment/lab4_model_training/dags/ml_training_pipeline_v2.py
[2026-03-29T21:00:08.214+0000] {logging_mixin.py:190} INFO - [2026-03-29T21:00:08.214+0000] {dag.py:3239} INFO - Sync 1 DAGs
[2026-03-29T21:00:08.223+0000] {logging_mixin.py:190} INFO - [2026-03-29T21:00:08.223+0000] {dag.py:4180} INFO - Setting next_dagrun for ml_training_pipeline_v2 to None, run_after=None
[2026-03-29T21:00:08.238+0000] {processor.py:208} INFO - Processing /home/ec2-user/environment/lab4_model_training/dags/ml_training_pipeline_v2.py took 1.336 seconds
[2026-03-29T21:00:38.532+0000] {processor.py:186} INFO - Started process (PID=12811) to work on /home/ec2-user/environment/lab4_model_training/dags/ml_training_pipeline_v2.py
[2026-03-29T21:00:38.533+0000] {processor.py:914} INFO - Processing file /home/ec2-user/environment/lab4_model_training/dags/ml_training_pipeline_v2.py for tasks to queue
[2026-03-29T21:00:38.534+0000] {logging_mixin.py:190} INFO - [2026-03-29T21:00:38.533+0000] {dagbag.py:588} INFO - Filling up the DagBag from /home/ec2-user/environment/lab4_model_training/dags/ml_training_pipeline_v2.py
[2026-03-29T21:00:39.798+0000] {processor.py:925} INFO - DAG(s) 'ml_training_pipeline_v2' retrieved from /home/ec2-user/environment/lab4_model_training/dags/ml_training_pipeline_v2.py
[2026-03-29T21:00:39.812+0000] {logging_mixin.py:190} INFO - [2026-03-29T21:00:39.811+0000] {dag.py:3239} INFO - Sync 1 DAGs
[2026-03-29T21:00:39.820+0000] {logging_mixin.py:190} INFO - [2026-03-29T21:00:39.820+0000] {dag.py:4180} INFO - Setting next_dagrun for ml_training_pipeline_v2 to None, run_after=None
[2026-03-29T21:00:39.835+0000] {processor.py:208} INFO - Processing /home/ec2-user/environment/lab4_model_training/dags/ml_training_pipeline_v2.py took 1.308 seconds
[2026-03-29T21:01:10.150+0000] {processor.py:186} INFO - Started process (PID=12863) to work on /home/ec2-user/environment/lab4_model_training/dags/ml_training_pipeline_v2.py
[2026-03-29T21:01:10.151+0000] {processor.py:914} INFO - Processing file /home/ec2-user/environment/lab4_model_training/dags/ml_training_pipeline_v2.py for tasks to queue
[2026-03-29T21:01:10.152+0000] {logging_mixin.py:190} INFO - [2026-03-29T21:01:10.152+0000] {dagbag.py:588} INFO - Filling up the DagBag from /home/ec2-user/environment/lab4_model_training/dags/ml_training_pipeline_v2.py
[2026-03-29T21:01:11.422+0000] {processor.py:925} INFO - DAG(s) 'ml_training_pipeline_v2' retrieved from /home/ec2-user/environment/lab4_model_training/dags/ml_training_pipeline_v2.py
[2026-03-29T21:01:11.435+0000] {logging_mixin.py:190} INFO - [2026-03-29T21:01:11.435+0000] {dag.py:3239} INFO - Sync 1 DAGs
[2026-03-29T21:01:11.443+0000] {logging_mixin.py:190} INFO - [2026-03-29T21:01:11.443+0000] {dag.py:4180} INFO - Setting next_dagrun for ml_training_pipeline_v2 to None, run_after=None
[2026-03-29T21:01:11.458+0000] {processor.py:208} INFO - Processing /home/ec2-user/environment/lab4_model_training/dags/ml_training_pipeline_v2.py took 1.313 seconds
[2026-03-29T21:01:41.626+0000] {processor.py:186} INFO - Started process (PID=12890) to work on /home/ec2-user/environment/lab4_model_training/dags/ml_training_pipeline_v2.py
[2026-03-29T21:01:41.627+0000] {processor.py:914} INFO - Processing file /home/ec2-user/environment/lab4_model_training/dags/ml_training_pipeline_v2.py for tasks to queue
[2026-03-29T21:01:41.628+0000] {logging_mixin.py:190} INFO - [2026-03-29T21:01:41.628+0000] {dagbag.py:588} INFO - Filling up the DagBag from /home/ec2-user/environment/lab4_model_training/dags/ml_training_pipeline_v2.py
[2026-03-29T21:01:42.876+0000] {processor.py:925} INFO - DAG(s) 'ml_training_pipeline_v2' retrieved from /home/ec2-user/environment/lab4_model_training/dags/ml_training_pipeline_v2.py
[2026-03-29T21:01:42.888+0000] {logging_mixin.py:190} INFO - [2026-03-29T21:01:42.888+0000] {dag.py:3239} INFO - Sync 1 DAGs
[2026-03-29T21:01:42.896+0000] {logging_mixin.py:190} INFO - [2026-03-29T21:01:42.896+0000] {dag.py:4180} INFO - Setting next_dagrun for ml_training_pipeline_v2 to None, run_after=None
[2026-03-29T21:01:42.911+0000] {processor.py:208} INFO - Processing /home/ec2-user/environment/lab4_model_training/dags/ml_training_pipeline_v2.py took 1.291 seconds
[2026-03-29T21:02:13.009+0000] {processor.py:186} INFO - Started process (PID=12932) to work on /home/ec2-user/environment/lab4_model_training/dags/ml_training_pipeline_v2.py
[2026-03-29T21:02:13.010+0000] {processor.py:914} INFO - Processing file /home/ec2-user/environment/lab4_model_training/dags/ml_training_pipeline_v2.py for tasks to queue
[2026-03-29T21:02:13.011+0000] {logging_mixin.py:190} INFO - [2026-03-29T21:02:13.011+0000] {dagbag.py:588} INFO - Filling up the DagBag from /home/ec2-user/environment/lab4_model_training/dags/ml_training_pipeline_v2.py
[2026-03-29T21:02:14.276+0000] {processor.py:925} INFO - DAG(s) 'ml_training_pipeline_v2' retrieved from /home/ec2-user/environment/lab4_model_training/dags/ml_training_pipeline_v2.py
[2026-03-29T21:02:14.289+0000] {logging_mixin.py:190} INFO - [2026-03-29T21:02:14.288+0000] {dag.py:3239} INFO - Sync 1 DAGs
[2026-03-29T21:02:14.297+0000] {logging_mixin.py:190} INFO - [2026-03-29T21:02:14.297+0000] {dag.py:4180} INFO - Setting next_dagrun for ml_training_pipeline_v2 to None, run_after=None
[2026-03-29T21:02:14.312+0000] {processor.py:208} INFO - Processing /home/ec2-user/environment/lab4_model_training/dags/ml_training_pipeline_v2.py took 1.308 seconds
[2026-03-29T21:02:44.480+0000] {processor.py:186} INFO - Started process (PID=13006) to work on /home/ec2-user/environment/lab4_model_training/dags/ml_training_pipeline_v2.py
[2026-03-29T21:02:44.480+0000] {processor.py:914} INFO - Processing file /home/ec2-user/environment/lab4_model_training/dags/ml_training_pipeline_v2.py for tasks to queue
[2026-03-29T21:02:44.481+0000] {logging_mixin.py:190} INFO - [2026-03-29T21:02:44.481+0000] {dagbag.py:588} INFO - Filling up the DagBag from /home/ec2-user/environment/lab4_model_training/dags/ml_training_pipeline_v2.py
[2026-03-29T21:02:45.785+0000] {processor.py:925} INFO - DAG(s) 'ml_training_pipeline_v2' retrieved from /home/ec2-user/environment/lab4_model_training/dags/ml_training_pipeline_v2.py
[2026-03-29T21:02:45.797+0000] {logging_mixin.py:190} INFO - [2026-03-29T21:02:45.797+0000] {dag.py:3239} INFO - Sync 1 DAGs
[2026-03-29T21:02:45.806+0000] {logging_mixin.py:190} INFO - [2026-03-29T21:02:45.805+0000] {dag.py:4180} INFO - Setting next_dagrun for ml_training_pipeline_v2 to None, run_after=None
[2026-03-29T21:02:45.822+0000] {processor.py:208} INFO - Processing /home/ec2-user/environment/lab4_model_training/dags/ml_training_pipeline_v2.py took 1.347 seconds
[2026-03-29T21:03:15.951+0000] {processor.py:186} INFO - Started process (PID=13044) to work on /home/ec2-user/environment/lab4_model_training/dags/ml_training_pipeline_v2.py
[2026-03-29T21:03:15.952+0000] {processor.py:914} INFO - Processing file /home/ec2-user/environment/lab4_model_training/dags/ml_training_pipeline_v2.py for tasks to queue
[2026-03-29T21:03:15.953+0000] {logging_mixin.py:190} INFO - [2026-03-29T21:03:15.953+0000] {dagbag.py:588} INFO - Filling up the DagBag from /home/ec2-user/environment/lab4_model_training/dags/ml_training_pipeline_v2.py
[2026-03-29T21:03:17.246+0000] {processor.py:925} INFO - DAG(s) 'ml_training_pipeline_v2' retrieved from /home/ec2-user/environment/lab4_model_training/dags/ml_training_pipeline_v2.py
[2026-03-29T21:03:17.259+0000] {logging_mixin.py:190} INFO - [2026-03-29T21:03:17.258+0000] {dag.py:3239} INFO - Sync 1 DAGs
[2026-03-29T21:03:17.268+0000] {logging_mixin.py:190} INFO - [2026-03-29T21:03:17.268+0000] {dag.py:4180} INFO - Setting next_dagrun for ml_training_pipeline_v2 to None, run_after=None
[2026-03-29T21:03:17.284+0000] {processor.py:208} INFO - Processing /home/ec2-user/environment/lab4_model_training/dags/ml_training_pipeline_v2.py took 1.337 seconds
[2026-03-29T21:03:47.424+0000] {processor.py:186} INFO - Started process (PID=13070) to work on /home/ec2-user/environment/lab4_model_training/dags/ml_training_pipeline_v2.py
[2026-03-29T21:03:47.425+0000] {processor.py:914} INFO - Processing file /home/ec2-user/environment/lab4_model_training/dags/ml_training_pipeline_v2.py for tasks to queue
[2026-03-29T21:03:47.426+0000] {logging_mixin.py:190} INFO - [2026-03-29T21:03:47.426+0000] {dagbag.py:588} INFO - Filling up the DagBag from /home/ec2-user/environment/lab4_model_training/dags/ml_training_pipeline_v2.py
[2026-03-29T21:03:48.721+0000] {processor.py:925} INFO - DAG(s) 'ml_training_pipeline_v2' retrieved from /home/ec2-user/environment/lab4_model_training/dags/ml_training_pipeline_v2.py
[2026-03-29T21:03:48.734+0000] {logging_mixin.py:190} INFO - [2026-03-29T21:03:48.734+0000] {dag.py:3239} INFO - Sync 1 DAGs
[2026-03-29T21:03:48.743+0000] {logging_mixin.py:190} INFO - [2026-03-29T21:03:48.743+0000] {dag.py:4180} INFO - Setting next_dagrun for ml_training_pipeline_v2 to None, run_after=None
[2026-03-29T21:03:48.758+0000] {processor.py:208} INFO - Processing /home/ec2-user/environment/lab4_model_training/dags/ml_training_pipeline_v2.py took 1.339 seconds
[2026-03-29T21:04:18.897+0000] {processor.py:186} INFO - Started process (PID=13156) to work on /home/ec2-user/environment/lab4_model_training/dags/ml_training_pipeline_v2.py
[2026-03-29T21:04:18.898+0000] {processor.py:914} INFO - Processing file /home/ec2-user/environment/lab4_model_training/dags/ml_training_pipeline_v2.py for tasks to queue
[2026-03-29T21:04:18.899+0000] {logging_mixin.py:190} INFO - [2026-03-29T21:04:18.899+0000] {dagbag.py:588} INFO - Filling up the DagBag from /home/ec2-user/environment/lab4_model_training/dags/ml_training_pipeline_v2.py
[2026-03-29T21:04:20.203+0000] {processor.py:925} INFO - DAG(s) 'ml_training_pipeline_v2' retrieved from /home/ec2-user/environment/lab4_model_training/dags/ml_training_pipeline_v2.py
[2026-03-29T21:04:20.217+0000] {logging_mixin.py:190} INFO - [2026-03-29T21:04:20.217+0000] {dag.py:3239} INFO - Sync 1 DAGs
[2026-03-29T21:04:20.226+0000] {logging_mixin.py:190} INFO - [2026-03-29T21:04:20.225+0000] {dag.py:4180} INFO - Setting next_dagrun for ml_training_pipeline_v2 to None, run_after=None
[2026-03-29T21:04:20.241+0000] {processor.py:208} INFO - Processing /home/ec2-user/environment/lab4_model_training/dags/ml_training_pipeline_v2.py took 1.349 seconds
[2026-03-29T21:04:50.370+0000] {processor.py:186} INFO - Started process (PID=13182) to work on /home/ec2-user/environment/lab4_model_training/dags/ml_training_pipeline_v2.py
[2026-03-29T21:04:50.371+0000] {processor.py:914} INFO - Processing file /home/ec2-user/environment/lab4_model_training/dags/ml_training_pipeline_v2.py for tasks to queue
[2026-03-29T21:04:50.372+0000] {logging_mixin.py:190} INFO - [2026-03-29T21:04:50.372+0000] {dagbag.py:588} INFO - Filling up the DagBag from /home/ec2-user/environment/lab4_model_training/dags/ml_training_pipeline_v2.py
[2026-03-29T21:04:51.677+0000] {processor.py:925} INFO - DAG(s) 'ml_training_pipeline_v2' retrieved from /home/ec2-user/environment/lab4_model_training/dags/ml_training_pipeline_v2.py
[2026-03-29T21:04:51.689+0000] {logging_mixin.py:190} INFO - [2026-03-29T21:04:51.689+0000] {dag.py:3239} INFO - Sync 1 DAGs
[2026-03-29T21:04:51.698+0000] {logging_mixin.py:190} INFO - [2026-03-29T21:04:51.698+0000] {dag.py:4180} INFO - Setting next_dagrun for ml_training_pipeline_v2 to None, run_after=None
[2026-03-29T21:04:51.714+0000] {processor.py:208} INFO - Processing /home/ec2-user/environment/lab4_model_training/dags/ml_training_pipeline_v2.py took 1.348 seconds
[2026-03-29T21:05:21.843+0000] {processor.py:186} INFO - Started process (PID=13220) to work on /home/ec2-user/environment/lab4_model_training/dags/ml_training_pipeline_v2.py
[2026-03-29T21:05:21.844+0000] {processor.py:914} INFO - Processing file /home/ec2-user/environment/lab4_model_training/dags/ml_training_pipeline_v2.py for tasks to queue
[2026-03-29T21:05:21.845+0000] {logging_mixin.py:190} INFO - [2026-03-29T21:05:21.845+0000] {dagbag.py:588} INFO - Filling up the DagBag from /home/ec2-user/environment/lab4_model_training/dags/ml_training_pipeline_v2.py
[2026-03-29T21:05:23.092+0000] {processor.py:925} INFO - DAG(s) 'ml_training_pipeline_v2' retrieved from /home/ec2-user/environment/lab4_model_training/dags/ml_training_pipeline_v2.py
[2026-03-29T21:05:23.104+0000] {logging_mixin.py:190} INFO - [2026-03-29T21:05:23.104+0000] {dag.py:3239} INFO - Sync 1 DAGs
[2026-03-29T21:05:23.112+0000] {logging_mixin.py:190} INFO - [2026-03-29T21:05:23.112+0000] {dag.py:4180} INFO - Setting next_dagrun for ml_training_pipeline_v2 to None, run_after=None
[2026-03-29T21:05:23.128+0000] {processor.py:208} INFO - Processing /home/ec2-user/environment/lab4_model_training/dags/ml_training_pipeline_v2.py took 1.289 seconds
[2026-03-29T21:05:53.217+0000] {processor.py:186} INFO - Started process (PID=13248) to work on /home/ec2-user/environment/lab4_model_training/dags/ml_training_pipeline_v2.py
[2026-03-29T21:05:53.218+0000] {processor.py:914} INFO - Processing file /home/ec2-user/environment/lab4_model_training/dags/ml_training_pipeline_v2.py for tasks to queue
[2026-03-29T21:05:53.219+0000] {logging_mixin.py:190} INFO - [2026-03-29T21:05:53.218+0000] {dagbag.py:588} INFO - Filling up the DagBag from /home/ec2-user/environment/lab4_model_training/dags/ml_training_pipeline_v2.py
[2026-03-29T21:05:54.464+0000] {processor.py:925} INFO - DAG(s) 'ml_training_pipeline_v2' retrieved from /home/ec2-user/environment/lab4_model_training/dags/ml_training_pipeline_v2.py
[2026-03-29T21:05:54.476+0000] {logging_mixin.py:190} INFO - [2026-03-29T21:05:54.476+0000] {dag.py:3239} INFO - Sync 1 DAGs
[2026-03-29T21:05:54.484+0000] {logging_mixin.py:190} INFO - [2026-03-29T21:05:54.484+0000] {dag.py:4180} INFO - Setting next_dagrun for ml_training_pipeline_v2 to None, run_after=None
[2026-03-29T21:05:54.500+0000] {processor.py:208} INFO - Processing /home/ec2-user/environment/lab4_model_training/dags/ml_training_pipeline_v2.py took 1.288 seconds
[2026-03-29T21:06:24.593+0000] {processor.py:186} INFO - Started process (PID=13337) to work on /home/ec2-user/environment/lab4_model_training/dags/ml_training_pipeline_v2.py
[2026-03-29T21:06:24.594+0000] {processor.py:914} INFO - Processing file /home/ec2-user/environment/lab4_model_training/dags/ml_training_pipeline_v2.py for tasks to queue
[2026-03-29T21:06:24.595+0000] {logging_mixin.py:190} INFO - [2026-03-29T21:06:24.595+0000] {dagbag.py:588} INFO - Filling up the DagBag from /home/ec2-user/environment/lab4_model_training/dags/ml_training_pipeline_v2.py
[2026-03-29T21:06:25.855+0000] {processor.py:925} INFO - DAG(s) 'ml_training_pipeline_v2' retrieved from /home/ec2-user/environment/lab4_model_training/dags/ml_training_pipeline_v2.py
[2026-03-29T21:06:25.867+0000] {logging_mixin.py:190} INFO - [2026-03-29T21:06:25.867+0000] {dag.py:3239} INFO - Sync 1 DAGs
[2026-03-29T21:06:25.876+0000] {logging_mixin.py:190} INFO - [2026-03-29T21:06:25.876+0000] {dag.py:4180} INFO - Setting next_dagrun for ml_training_pipeline_v2 to None, run_after=None
[2026-03-29T21:06:25.892+0000] {processor.py:208} INFO - Processing /home/ec2-user/environment/lab4_model_training/dags/ml_training_pipeline_v2.py took 1.303 seconds
[2026-03-29T21:06:56.042+0000] {processor.py:186} INFO - Started process (PID=13385) to work on /home/ec2-user/environment/lab4_model_training/dags/ml_training_pipeline_v2.py
[2026-03-29T21:06:56.043+0000] {processor.py:914} INFO - Processing file /home/ec2-user/environment/lab4_model_training/dags/ml_training_pipeline_v2.py for tasks to queue
[2026-03-29T21:06:56.044+0000] {logging_mixin.py:190} INFO - [2026-03-29T21:06:56.043+0000] {dagbag.py:588} INFO - Filling up the DagBag from /home/ec2-user/environment/lab4_model_training/dags/ml_training_pipeline_v2.py
[2026-03-29T21:06:57.328+0000] {processor.py:925} INFO - DAG(s) 'ml_training_pipeline_v2' retrieved from /home/ec2-user/environment/lab4_model_training/dags/ml_training_pipeline_v2.py
[2026-03-29T21:06:57.341+0000] {logging_mixin.py:190} INFO - [2026-03-29T21:06:57.341+0000] {dag.py:3239} INFO - Sync 1 DAGs
[2026-03-29T21:06:57.349+0000] {logging_mixin.py:190} INFO - [2026-03-29T21:06:57.349+0000] {dag.py:4180} INFO - Setting next_dagrun for ml_training_pipeline_v2 to None, run_after=None
[2026-03-29T21:06:57.365+0000] {processor.py:208} INFO - Processing /home/ec2-user/environment/lab4_model_training/dags/ml_training_pipeline_v2.py took 1.328 seconds
[2026-03-29T21:07:27.513+0000] {processor.py:186} INFO - Started process (PID=13410) to work on /home/ec2-user/environment/lab4_model_training/dags/ml_training_pipeline_v2.py
[2026-03-29T21:07:27.514+0000] {processor.py:914} INFO - Processing file /home/ec2-user/environment/lab4_model_training/dags/ml_training_pipeline_v2.py for tasks to queue
[2026-03-29T21:07:27.515+0000] {logging_mixin.py:190} INFO - [2026-03-29T21:07:27.514+0000] {dagbag.py:588} INFO - Filling up the DagBag from /home/ec2-user/environment/lab4_model_training/dags/ml_training_pipeline_v2.py
[2026-03-29T21:07:28.789+0000] {processor.py:925} INFO - DAG(s) 'ml_training_pipeline_v2' retrieved from /home/ec2-user/environment/lab4_model_training/dags/ml_training_pipeline_v2.py
[2026-03-29T21:07:28.802+0000] {logging_mixin.py:190} INFO - [2026-03-29T21:07:28.802+0000] {dag.py:3239} INFO - Sync 1 DAGs
[2026-03-29T21:07:28.810+0000] {logging_mixin.py:190} INFO - [2026-03-29T21:07:28.810+0000] {dag.py:4180} INFO - Setting next_dagrun for ml_training_pipeline_v2 to None, run_after=None
[2026-03-29T21:07:28.826+0000] {processor.py:208} INFO - Processing /home/ec2-user/environment/lab4_model_training/dags/ml_training_pipeline_v2.py took 1.317 seconds
[2026-03-29T21:07:58.988+0000] {processor.py:186} INFO - Started process (PID=13422) to work on /home/ec2-user/environment/lab4_model_training/dags/ml_training_pipeline_v2.py
[2026-03-29T21:07:58.989+0000] {processor.py:914} INFO - Processing file /home/ec2-user/environment/lab4_model_training/dags/ml_training_pipeline_v2.py for tasks to queue
[2026-03-29T21:07:58.990+0000] {logging_mixin.py:190} INFO - [2026-03-29T21:07:58.990+0000] {dagbag.py:588} INFO - Filling up the DagBag from /home/ec2-user/environment/lab4_model_training/dags/ml_training_pipeline_v2.py
[2026-03-29T21:08:00.240+0000] {processor.py:925} INFO - DAG(s) 'ml_training_pipeline_v2' retrieved from /home/ec2-user/environment/lab4_model_training/dags/ml_training_pipeline_v2.py
[2026-03-29T21:08:00.252+0000] {logging_mixin.py:190} INFO - [2026-03-29T21:08:00.252+0000] {dag.py:3239} INFO - Sync 1 DAGs
[2026-03-29T21:08:00.260+0000] {logging_mixin.py:190} INFO - [2026-03-29T21:08:00.260+0000] {dag.py:4180} INFO - Setting next_dagrun for ml_training_pipeline_v2 to None, run_after=None
[2026-03-29T21:08:00.275+0000] {processor.py:208} INFO - Processing /home/ec2-user/environment/lab4_model_training/dags/ml_training_pipeline_v2.py took 1.293 seconds
[2026-03-29T21:08:30.364+0000] {processor.py:186} INFO - Started process (PID=13498) to work on /home/ec2-user/environment/lab4_model_training/dags/ml_training_pipeline_v2.py
[2026-03-29T21:08:30.365+0000] {processor.py:914} INFO - Processing file /home/ec2-user/environment/lab4_model_training/dags/ml_training_pipeline_v2.py for tasks to queue
[2026-03-29T21:08:30.366+0000] {logging_mixin.py:190} INFO - [2026-03-29T21:08:30.366+0000] {dagbag.py:588} INFO - Filling up the DagBag from /home/ec2-user/environment/lab4_model_training/dags/ml_training_pipeline_v2.py
[2026-03-29T21:08:31.605+0000] {processor.py:925} INFO - DAG(s) 'ml_training_pipeline_v2' retrieved from /home/ec2-user/environment/lab4_model_training/dags/ml_training_pipeline_v2.py
[2026-03-29T21:08:31.617+0000] {logging_mixin.py:190} INFO - [2026-03-29T21:08:31.617+0000] {dag.py:3239} INFO - Sync 1 DAGs
[2026-03-29T21:08:31.625+0000] {logging_mixin.py:190} INFO - [2026-03-29T21:08:31.625+0000] {dag.py:4180} INFO - Setting next_dagrun for ml_training_pipeline_v2 to None, run_after=None
[2026-03-29T21:08:31.640+0000] {processor.py:208} INFO - Processing /home/ec2-user/environment/lab4_model_training/dags/ml_training_pipeline_v2.py took 1.281 seconds
[2026-03-29T21:09:01.734+0000] {processor.py:186} INFO - Started process (PID=13522) to work on /home/ec2-user/environment/lab4_model_training/dags/ml_training_pipeline_v2.py
[2026-03-29T21:09:01.735+0000] {processor.py:914} INFO - Processing file /home/ec2-user/environment/lab4_model_training/dags/ml_training_pipeline_v2.py for tasks to queue
[2026-03-29T21:09:01.736+0000] {logging_mixin.py:190} INFO - [2026-03-29T21:09:01.736+0000] {dagbag.py:588} INFO - Filling up the DagBag from /home/ec2-user/environment/lab4_model_training/dags/ml_training_pipeline_v2.py
[2026-03-29T21:09:02.976+0000] {processor.py:925} INFO - DAG(s) 'ml_training_pipeline_v2' retrieved from /home/ec2-user/environment/lab4_model_training/dags/ml_training_pipeline_v2.py
[2026-03-29T21:09:02.988+0000] {logging_mixin.py:190} INFO - [2026-03-29T21:09:02.988+0000] {dag.py:3239} INFO - Sync 1 DAGs
[2026-03-29T21:09:02.996+0000] {logging_mixin.py:190} INFO - [2026-03-29T21:09:02.996+0000] {dag.py:4180} INFO - Setting next_dagrun for ml_training_pipeline_v2 to None, run_after=None
[2026-03-29T21:09:03.012+0000] {processor.py:208} INFO - Processing /home/ec2-user/environment/lab4_model_training/dags/ml_training_pipeline_v2.py took 1.282 seconds
[2026-03-29T21:09:33.106+0000] {processor.py:186} INFO - Started process (PID=13535) to work on /home/ec2-user/environment/lab4_model_training/dags/ml_training_pipeline_v2.py
[2026-03-29T21:09:33.107+0000] {processor.py:914} INFO - Processing file /home/ec2-user/environment/lab4_model_training/dags/ml_training_pipeline_v2.py for tasks to queue
[2026-03-29T21:09:33.108+0000] {logging_mixin.py:190} INFO - [2026-03-29T21:09:33.108+0000] {dagbag.py:588} INFO - Filling up the DagBag from /home/ec2-user/environment/lab4_model_training/dags/ml_training_pipeline_v2.py
[2026-03-29T21:09:34.341+0000] {processor.py:925} INFO - DAG(s) 'ml_training_pipeline_v2' retrieved from /home/ec2-user/environment/lab4_model_training/dags/ml_training_pipeline_v2.py
[2026-03-29T21:09:34.353+0000] {logging_mixin.py:190} INFO - [2026-03-29T21:09:34.352+0000] {dag.py:3239} INFO - Sync 1 DAGs
[2026-03-29T21:09:34.361+0000] {logging_mixin.py:190} INFO - [2026-03-29T21:09:34.361+0000] {dag.py:4180} INFO - Setting next_dagrun for ml_training_pipeline_v2 to None, run_after=None
[2026-03-29T21:09:34.379+0000] {processor.py:208} INFO - Processing /home/ec2-user/environment/lab4_model_training/dags/ml_training_pipeline_v2.py took 1.277 seconds
[2026-03-29T21:10:04.479+0000] {processor.py:186} INFO - Started process (PID=13559) to work on /home/ec2-user/environment/lab4_model_training/dags/ml_training_pipeline_v2.py
[2026-03-29T21:10:04.480+0000] {processor.py:914} INFO - Processing file /home/ec2-user/environment/lab4_model_training/dags/ml_training_pipeline_v2.py for tasks to queue
[2026-03-29T21:10:04.481+0000] {logging_mixin.py:190} INFO - [2026-03-29T21:10:04.481+0000] {dagbag.py:588} INFO - Filling up the DagBag from /home/ec2-user/environment/lab4_model_training/dags/ml_training_pipeline_v2.py
[2026-03-29T21:10:05.712+0000] {processor.py:925} INFO - DAG(s) 'ml_training_pipeline_v2' retrieved from /home/ec2-user/environment/lab4_model_training/dags/ml_training_pipeline_v2.py
[2026-03-29T21:10:05.725+0000] {logging_mixin.py:190} INFO - [2026-03-29T21:10:05.724+0000] {dag.py:3239} INFO - Sync 1 DAGs
[2026-03-29T21:10:05.733+0000] {logging_mixin.py:190} INFO - [2026-03-29T21:10:05.732+0000] {dag.py:4180} INFO - Setting next_dagrun for ml_training_pipeline_v2 to None, run_after=None
[2026-03-29T21:10:05.747+0000] {processor.py:208} INFO - Processing /home/ec2-user/environment/lab4_model_training/dags/ml_training_pipeline_v2.py took 1.274 seconds
[2026-03-29T21:10:35.850+0000] {processor.py:186} INFO - Started process (PID=13627) to work on /home/ec2-user/environment/lab4_model_training/dags/ml_training_pipeline_v2.py
[2026-03-29T21:10:35.851+0000] {processor.py:914} INFO - Processing file /home/ec2-user/environment/lab4_model_training/dags/ml_training_pipeline_v2.py for tasks to queue
[2026-03-29T21:10:35.852+0000] {logging_mixin.py:190} INFO - [2026-03-29T21:10:35.852+0000] {dagbag.py:588} INFO - Filling up the DagBag from /home/ec2-user/environment/lab4_model_training/dags/ml_training_pipeline_v2.py
[2026-03-29T21:10:37.079+0000] {processor.py:925} INFO - DAG(s) 'ml_training_pipeline_v2' retrieved from /home/ec2-user/environment/lab4_model_training/dags/ml_training_pipeline_v2.py
[2026-03-29T21:10:37.092+0000] {logging_mixin.py:190} INFO - [2026-03-29T21:10:37.092+0000] {dag.py:3239} INFO - Sync 1 DAGs
[2026-03-29T21:10:37.100+0000] {logging_mixin.py:190} INFO - [2026-03-29T21:10:37.100+0000] {dag.py:4180} INFO - Setting next_dagrun for ml_training_pipeline_v2 to None, run_after=None
[2026-03-29T21:10:37.115+0000] {processor.py:208} INFO - Processing /home/ec2-user/environment/lab4_model_training/dags/ml_training_pipeline_v2.py took 1.269 seconds
[2026-03-29T21:11:07.220+0000] {processor.py:186} INFO - Started process (PID=13668) to work on /home/ec2-user/environment/lab4_model_training/dags/ml_training_pipeline_v2.py
[2026-03-29T21:11:07.221+0000] {processor.py:914} INFO - Processing file /home/ec2-user/environment/lab4_model_training/dags/ml_training_pipeline_v2.py for tasks to queue
[2026-03-29T21:11:07.221+0000] {logging_mixin.py:190} INFO - [2026-03-29T21:11:07.221+0000] {dagbag.py:588} INFO - Filling up the DagBag from /home/ec2-user/environment/lab4_model_training/dags/ml_training_pipeline_v2.py
[2026-03-29T21:11:08.448+0000] {processor.py:925} INFO - DAG(s) 'ml_training_pipeline_v2' retrieved from /home/ec2-user/environment/lab4_model_training/dags/ml_training_pipeline_v2.py
[2026-03-29T21:11:08.460+0000] {logging_mixin.py:190} INFO - [2026-03-29T21:11:08.460+0000] {dag.py:3239} INFO - Sync 1 DAGs
[2026-03-29T21:11:08.469+0000] {logging_mixin.py:190} INFO - [2026-03-29T21:11:08.468+0000] {dag.py:4180} INFO - Setting next_dagrun for ml_training_pipeline_v2 to None, run_after=None
[2026-03-29T21:11:08.483+0000] {processor.py:208} INFO - Processing /home/ec2-user/environment/lab4_model_training/dags/ml_training_pipeline_v2.py took 1.268 seconds
[2026-03-29T21:11:38.591+0000] {processor.py:186} INFO - Started process (PID=13682) to work on /home/ec2-user/environment/lab4_model_training/dags/ml_training_pipeline_v2.py
[2026-03-29T21:11:38.592+0000] {processor.py:914} INFO - Processing file /home/ec2-user/environment/lab4_model_training/dags/ml_training_pipeline_v2.py for tasks to queue
[2026-03-29T21:11:38.593+0000] {logging_mixin.py:190} INFO - [2026-03-29T21:11:38.593+0000] {dagbag.py:588} INFO - Filling up the DagBag from /home/ec2-user/environment/lab4_model_training/dags/ml_training_pipeline_v2.py
[2026-03-29T21:11:39.841+0000] {processor.py:925} INFO - DAG(s) 'ml_training_pipeline_v2' retrieved from /home/ec2-user/environment/lab4_model_training/dags/ml_training_pipeline_v2.py
[2026-03-29T21:11:39.853+0000] {logging_mixin.py:190} INFO - [2026-03-29T21:11:39.853+0000] {dag.py:3239} INFO - Sync 1 DAGs
[2026-03-29T21:11:39.861+0000] {logging_mixin.py:190} INFO - [2026-03-29T21:11:39.861+0000] {dag.py:4180} INFO - Setting next_dagrun for ml_training_pipeline_v2 to None, run_after=None
[2026-03-29T21:11:39.876+0000] {processor.py:208} INFO - Processing /home/ec2-user/environment/lab4_model_training/dags/ml_training_pipeline_v2.py took 1.290 seconds
[2026-03-29T21:12:09.965+0000] {processor.py:186} INFO - Started process (PID=13703) to work on /home/ec2-user/environment/lab4_model_training/dags/ml_training_pipeline_v2.py
[2026-03-29T21:12:09.966+0000] {processor.py:914} INFO - Processing file /home/ec2-user/environment/lab4_model_training/dags/ml_training_pipeline_v2.py for tasks to queue
[2026-03-29T21:12:09.967+0000] {logging_mixin.py:190} INFO - [2026-03-29T21:12:09.967+0000] {dagbag.py:588} INFO - Filling up the DagBag from /home/ec2-user/environment/lab4_model_training/dags/ml_training_pipeline_v2.py
[2026-03-29T21:12:11.240+0000] {processor.py:925} INFO - DAG(s) 'ml_training_pipeline_v2' retrieved from /home/ec2-user/environment/lab4_model_training/dags/ml_training_pipeline_v2.py
[2026-03-29T21:12:11.252+0000] {logging_mixin.py:190} INFO - [2026-03-29T21:12:11.252+0000] {dag.py:3239} INFO - Sync 1 DAGs
[2026-03-29T21:12:11.260+0000] {logging_mixin.py:190} INFO - [2026-03-29T21:12:11.260+0000] {dag.py:4180} INFO - Setting next_dagrun for ml_training_pipeline_v2 to None, run_after=None
[2026-03-29T21:12:11.276+0000] {processor.py:208} INFO - Processing /home/ec2-user/environment/lab4_model_training/dags/ml_training_pipeline_v2.py took 1.316 seconds
[2026-03-29T21:12:41.439+0000] {processor.py:186} INFO - Started process (PID=13764) to work on /home/ec2-user/environment/lab4_model_training/dags/ml_training_pipeline_v2.py
[2026-03-29T21:12:41.440+0000] {processor.py:914} INFO - Processing file /home/ec2-user/environment/lab4_model_training/dags/ml_training_pipeline_v2.py for tasks to queue
[2026-03-29T21:12:41.441+0000] {logging_mixin.py:190} INFO - [2026-03-29T21:12:41.441+0000] {dagbag.py:588} INFO - Filling up the DagBag from /home/ec2-user/environment/lab4_model_training/dags/ml_training_pipeline_v2.py
[2026-03-29T21:12:42.730+0000] {processor.py:925} INFO - DAG(s) 'ml_training_pipeline_v2' retrieved from /home/ec2-user/environment/lab4_model_training/dags/ml_training_pipeline_v2.py
[2026-03-29T21:12:42.742+0000] {logging_mixin.py:190} INFO - [2026-03-29T21:12:42.742+0000] {dag.py:3239} INFO - Sync 1 DAGs
[2026-03-29T21:12:42.752+0000] {logging_mixin.py:190} INFO - [2026-03-29T21:12:42.752+0000] {dag.py:4180} INFO - Setting next_dagrun for ml_training_pipeline_v2 to None, run_after=None
[2026-03-29T21:12:42.767+0000] {processor.py:208} INFO - Processing /home/ec2-user/environment/lab4_model_training/dags/ml_training_pipeline_v2.py took 1.333 seconds
[2026-03-29T21:13:12.912+0000] {processor.py:186} INFO - Started process (PID=13785) to work on /home/ec2-user/environment/lab4_model_training/dags/ml_training_pipeline_v2.py
[2026-03-29T21:13:12.914+0000] {processor.py:914} INFO - Processing file /home/ec2-user/environment/lab4_model_training/dags/ml_training_pipeline_v2.py for tasks to queue
[2026-03-29T21:13:12.915+0000] {logging_mixin.py:190} INFO - [2026-03-29T21:13:12.914+0000] {dagbag.py:588} INFO - Filling up the DagBag from /home/ec2-user/environment/lab4_model_training/dags/ml_training_pipeline_v2.py
[2026-03-29T21:13:14.177+0000] {processor.py:925} INFO - DAG(s) 'ml_training_pipeline_v2' retrieved from /home/ec2-user/environment/lab4_model_training/dags/ml_training_pipeline_v2.py
[2026-03-29T21:13:14.190+0000] {logging_mixin.py:190} INFO - [2026-03-29T21:13:14.189+0000] {dag.py:3239} INFO - Sync 1 DAGs
[2026-03-29T21:13:14.198+0000] {logging_mixin.py:190} INFO - [2026-03-29T21:13:14.198+0000] {dag.py:4180} INFO - Setting next_dagrun for ml_training_pipeline_v2 to None, run_after=None
[2026-03-29T21:13:14.213+0000] {processor.py:208} INFO - Processing /home/ec2-user/environment/lab4_model_training/dags/ml_training_pipeline_v2.py took 1.306 seconds
[2026-03-29T21:13:44.385+0000] {processor.py:186} INFO - Started process (PID=13797) to work on /home/ec2-user/environment/lab4_model_training/dags/ml_training_pipeline_v2.py
[2026-03-29T21:13:44.387+0000] {processor.py:914} INFO - Processing file /home/ec2-user/environment/lab4_model_training/dags/ml_training_pipeline_v2.py for tasks to queue
[2026-03-29T21:13:44.388+0000] {logging_mixin.py:190} INFO - [2026-03-29T21:13:44.387+0000] {dagbag.py:588} INFO - Filling up the DagBag from /home/ec2-user/environment/lab4_model_training/dags/ml_training_pipeline_v2.py
[2026-03-29T21:13:45.646+0000] {processor.py:925} INFO - DAG(s) 'ml_training_pipeline_v2' retrieved from /home/ec2-user/environment/lab4_model_training/dags/ml_training_pipeline_v2.py
[2026-03-29T21:13:45.659+0000] {logging_mixin.py:190} INFO - [2026-03-29T21:13:45.659+0000] {dag.py:3239} INFO - Sync 1 DAGs
[2026-03-29T21:13:45.667+0000] {logging_mixin.py:190} INFO - [2026-03-29T21:13:45.667+0000] {dag.py:4180} INFO - Setting next_dagrun for ml_training_pipeline_v2 to None, run_after=None
[2026-03-29T21:13:45.683+0000] {processor.py:208} INFO - Processing /home/ec2-user/environment/lab4_model_training/dags/ml_training_pipeline_v2.py took 1.302 seconds
[2026-03-29T21:14:15.859+0000] {processor.py:186} INFO - Started process (PID=13818) to work on /home/ec2-user/environment/lab4_model_training/dags/ml_training_pipeline_v2.py
[2026-03-29T21:14:15.859+0000] {processor.py:914} INFO - Processing file /home/ec2-user/environment/lab4_model_training/dags/ml_training_pipeline_v2.py for tasks to queue
[2026-03-29T21:14:15.860+0000] {logging_mixin.py:190} INFO - [2026-03-29T21:14:15.860+0000] {dagbag.py:588} INFO - Filling up the DagBag from /home/ec2-user/environment/lab4_model_training/dags/ml_training_pipeline_v2.py
[2026-03-29T21:14:17.121+0000] {processor.py:925} INFO - DAG(s) 'ml_training_pipeline_v2' retrieved from /home/ec2-user/environment/lab4_model_training/dags/ml_training_pipeline_v2.py
[2026-03-29T21:14:17.133+0000] {logging_mixin.py:190} INFO - [2026-03-29T21:14:17.133+0000] {dag.py:3239} INFO - Sync 1 DAGs
[2026-03-29T21:14:17.141+0000] {logging_mixin.py:190} INFO - [2026-03-29T21:14:17.141+0000] {dag.py:4180} INFO - Setting next_dagrun for ml_training_pipeline_v2 to None, run_after=None
[2026-03-29T21:14:17.156+0000] {processor.py:208} INFO - Processing /home/ec2-user/environment/lab4_model_training/dags/ml_training_pipeline_v2.py took 1.303 seconds
[2026-03-29T21:14:47.333+0000] {processor.py:186} INFO - Started process (PID=13878) to work on /home/ec2-user/environment/lab4_model_training/dags/ml_training_pipeline_v2.py
[2026-03-29T21:14:47.334+0000] {processor.py:914} INFO - Processing file /home/ec2-user/environment/lab4_model_training/dags/ml_training_pipeline_v2.py for tasks to queue
[2026-03-29T21:14:47.335+0000] {logging_mixin.py:190} INFO - [2026-03-29T21:14:47.334+0000] {dagbag.py:588} INFO - Filling up the DagBag from /home/ec2-user/environment/lab4_model_training/dags/ml_training_pipeline_v2.py
[2026-03-29T21:14:48.567+0000] {processor.py:925} INFO - DAG(s) 'ml_training_pipeline_v2' retrieved from /home/ec2-user/environment/lab4_model_training/dags/ml_training_pipeline_v2.py
[2026-03-29T21:14:48.580+0000] {logging_mixin.py:190} INFO - [2026-03-29T21:14:48.579+0000] {dag.py:3239} INFO - Sync 1 DAGs
[2026-03-29T21:14:48.588+0000] {logging_mixin.py:190} INFO - [2026-03-29T21:14:48.587+0000] {dag.py:4180} INFO - Setting next_dagrun for ml_training_pipeline_v2 to None, run_after=None
[2026-03-29T21:14:48.602+0000] {processor.py:208} INFO - Processing /home/ec2-user/environment/lab4_model_training/dags/ml_training_pipeline_v2.py took 1.275 seconds
[2026-03-29T21:15:18.706+0000] {processor.py:186} INFO - Started process (PID=13899) to work on /home/ec2-user/environment/lab4_model_training/dags/ml_training_pipeline_v2.py
[2026-03-29T21:15:18.707+0000] {processor.py:914} INFO - Processing file /home/ec2-user/environment/lab4_model_training/dags/ml_training_pipeline_v2.py for tasks to queue
[2026-03-29T21:15:18.708+0000] {logging_mixin.py:190} INFO - [2026-03-29T21:15:18.708+0000] {dagbag.py:588} INFO - Filling up the DagBag from /home/ec2-user/environment/lab4_model_training/dags/ml_training_pipeline_v2.py
[2026-03-29T21:15:19.934+0000] {processor.py:925} INFO - DAG(s) 'ml_training_pipeline_v2' retrieved from /home/ec2-user/environment/lab4_model_training/dags/ml_training_pipeline_v2.py
[2026-03-29T21:15:19.946+0000] {logging_mixin.py:190} INFO - [2026-03-29T21:15:19.946+0000] {dag.py:3239} INFO - Sync 1 DAGs
[2026-03-29T21:15:19.954+0000] {logging_mixin.py:190} INFO - [2026-03-29T21:15:19.954+0000] {dag.py:4180} INFO - Setting next_dagrun for ml_training_pipeline_v2 to None, run_after=None
[2026-03-29T21:15:20.067+0000] {processor.py:208} INFO - Processing /home/ec2-user/environment/lab4_model_training/dags/ml_training_pipeline_v2.py took 1.366 seconds
[2026-03-29T21:15:50.179+0000] {processor.py:186} INFO - Started process (PID=13911) to work on /home/ec2-user/environment/lab4_model_training/dags/ml_training_pipeline_v2.py
[2026-03-29T21:15:50.180+0000] {processor.py:914} INFO - Processing file /home/ec2-user/environment/lab4_model_training/dags/ml_training_pipeline_v2.py for tasks to queue
[2026-03-29T21:15:50.181+0000] {logging_mixin.py:190} INFO - [2026-03-29T21:15:50.180+0000] {dagbag.py:588} INFO - Filling up the DagBag from /home/ec2-user/environment/lab4_model_training/dags/ml_training_pipeline_v2.py
[2026-03-29T21:15:51.410+0000] {processor.py:925} INFO - DAG(s) 'ml_training_pipeline_v2' retrieved from /home/ec2-user/environment/lab4_model_training/dags/ml_training_pipeline_v2.py
[2026-03-29T21:15:51.422+0000] {logging_mixin.py:190} INFO - [2026-03-29T21:15:51.422+0000] {dag.py:3239} INFO - Sync 1 DAGs
[2026-03-29T21:15:51.431+0000] {logging_mixin.py:190} INFO - [2026-03-29T21:15:51.431+0000] {dag.py:4180} INFO - Setting next_dagrun for ml_training_pipeline_v2 to None, run_after=None
[2026-03-29T21:15:51.446+0000] {processor.py:208} INFO - Processing /home/ec2-user/environment/lab4_model_training/dags/ml_training_pipeline_v2.py took 1.272 seconds
[2026-03-29T21:16:21.551+0000] {processor.py:186} INFO - Started process (PID=13984) to work on /home/ec2-user/environment/lab4_model_training/dags/ml_training_pipeline_v2.py
[2026-03-29T21:16:21.552+0000] {processor.py:914} INFO - Processing file /home/ec2-user/environment/lab4_model_training/dags/ml_training_pipeline_v2.py for tasks to queue
[2026-03-29T21:16:21.553+0000] {logging_mixin.py:190} INFO - [2026-03-29T21:16:21.553+0000] {dagbag.py:588} INFO - Filling up the DagBag from /home/ec2-user/environment/lab4_model_training/dags/ml_training_pipeline_v2.py
[2026-03-29T21:16:22.782+0000] {processor.py:925} INFO - DAG(s) 'ml_training_pipeline_v2' retrieved from /home/ec2-user/environment/lab4_model_training/dags/ml_training_pipeline_v2.py
[2026-03-29T21:16:22.795+0000] {logging_mixin.py:190} INFO - [2026-03-29T21:16:22.795+0000] {dag.py:3239} INFO - Sync 1 DAGs
[2026-03-29T21:16:22.803+0000] {logging_mixin.py:190} INFO - [2026-03-29T21:16:22.803+0000] {dag.py:4180} INFO - Setting next_dagrun for ml_training_pipeline_v2 to None, run_after=None
[2026-03-29T21:16:22.818+0000] {processor.py:208} INFO - Processing /home/ec2-user/environment/lab4_model_training/dags/ml_training_pipeline_v2.py took 1.271 seconds
[2026-03-29T21:16:52.924+0000] {processor.py:186} INFO - Started process (PID=14185) to work on /home/ec2-user/environment/lab4_model_training/dags/ml_training_pipeline_v2.py
[2026-03-29T21:16:52.926+0000] {processor.py:914} INFO - Processing file /home/ec2-user/environment/lab4_model_training/dags/ml_training_pipeline_v2.py for tasks to queue
[2026-03-29T21:16:52.927+0000] {logging_mixin.py:190} INFO - [2026-03-29T21:16:52.927+0000] {dagbag.py:588} INFO - Filling up the DagBag from /home/ec2-user/environment/lab4_model_training/dags/ml_training_pipeline_v2.py
[2026-03-29T21:16:54.178+0000] {processor.py:925} INFO - DAG(s) 'ml_training_pipeline_v2' retrieved from /home/ec2-user/environment/lab4_model_training/dags/ml_training_pipeline_v2.py
[2026-03-29T21:16:54.191+0000] {logging_mixin.py:190} INFO - [2026-03-29T21:16:54.191+0000] {dag.py:3239} INFO - Sync 1 DAGs
[2026-03-29T21:16:54.199+0000] {logging_mixin.py:190} INFO - [2026-03-29T21:16:54.199+0000] {dag.py:4180} INFO - Setting next_dagrun for ml_training_pipeline_v2 to None, run_after=None
[2026-03-29T21:16:54.214+0000] {processor.py:208} INFO - Processing /home/ec2-user/environment/lab4_model_training/dags/ml_training_pipeline_v2.py took 1.296 seconds
[2026-03-29T21:17:24.308+0000] {processor.py:186} INFO - Started process (PID=14241) to work on /home/ec2-user/environment/lab4_model_training/dags/ml_training_pipeline_v2.py
[2026-03-29T21:17:24.309+0000] {processor.py:914} INFO - Processing file /home/ec2-user/environment/lab4_model_training/dags/ml_training_pipeline_v2.py for tasks to queue
[2026-03-29T21:17:24.310+0000] {logging_mixin.py:190} INFO - [2026-03-29T21:17:24.310+0000] {dagbag.py:588} INFO - Filling up the DagBag from /home/ec2-user/environment/lab4_model_training/dags/ml_training_pipeline_v2.py
[2026-03-29T21:17:25.593+0000] {processor.py:925} INFO - DAG(s) 'ml_training_pipeline_v2' retrieved from /home/ec2-user/environment/lab4_model_training/dags/ml_training_pipeline_v2.py
[2026-03-29T21:17:25.605+0000] {logging_mixin.py:190} INFO - [2026-03-29T21:17:25.605+0000] {dag.py:3239} INFO - Sync 1 DAGs
[2026-03-29T21:17:25.613+0000] {logging_mixin.py:190} INFO - [2026-03-29T21:17:25.613+0000] {dag.py:4180} INFO - Setting next_dagrun for ml_training_pipeline_v2 to None, run_after=None
[2026-03-29T21:17:25.629+0000] {processor.py:208} INFO - Processing /home/ec2-user/environment/lab4_model_training/dags/ml_training_pipeline_v2.py took 1.326 seconds
[2026-03-29T21:17:55.781+0000] {processor.py:186} INFO - Started process (PID=14271) to work on /home/ec2-user/environment/lab4_model_training/dags/ml_training_pipeline_v2.py
[2026-03-29T21:17:55.782+0000] {processor.py:914} INFO - Processing file /home/ec2-user/environment/lab4_model_training/dags/ml_training_pipeline_v2.py for tasks to queue
[2026-03-29T21:17:55.783+0000] {logging_mixin.py:190} INFO - [2026-03-29T21:17:55.783+0000] {dagbag.py:588} INFO - Filling up the DagBag from /home/ec2-user/environment/lab4_model_training/dags/ml_training_pipeline_v2.py
[2026-03-29T21:17:57.074+0000] {processor.py:925} INFO - DAG(s) 'ml_training_pipeline_v2' retrieved from /home/ec2-user/environment/lab4_model_training/dags/ml_training_pipeline_v2.py
[2026-03-29T21:17:57.087+0000] {logging_mixin.py:190} INFO - [2026-03-29T21:17:57.087+0000] {dag.py:3239} INFO - Sync 1 DAGs
[2026-03-29T21:17:57.095+0000] {logging_mixin.py:190} INFO - [2026-03-29T21:17:57.095+0000] {dag.py:4180} INFO - Setting next_dagrun for ml_training_pipeline_v2 to None, run_after=None
[2026-03-29T21:17:57.111+0000] {processor.py:208} INFO - Processing /home/ec2-user/environment/lab4_model_training/dags/ml_training_pipeline_v2.py took 1.334 seconds
[2026-03-29T21:18:27.256+0000] {processor.py:186} INFO - Started process (PID=14365) to work on /home/ec2-user/environment/lab4_model_training/dags/ml_training_pipeline_v2.py
[2026-03-29T21:18:27.257+0000] {processor.py:914} INFO - Processing file /home/ec2-user/environment/lab4_model_training/dags/ml_training_pipeline_v2.py for tasks to queue
[2026-03-29T21:18:27.258+0000] {logging_mixin.py:190} INFO - [2026-03-29T21:18:27.258+0000] {dagbag.py:588} INFO - Filling up the DagBag from /home/ec2-user/environment/lab4_model_training/dags/ml_training_pipeline_v2.py
[2026-03-29T21:18:28.547+0000] {processor.py:925} INFO - DAG(s) 'ml_training_pipeline_v2' retrieved from /home/ec2-user/environment/lab4_model_training/dags/ml_training_pipeline_v2.py
[2026-03-29T21:18:28.560+0000] {logging_mixin.py:190} INFO - [2026-03-29T21:18:28.559+0000] {dag.py:3239} INFO - Sync 1 DAGs
[2026-03-29T21:18:28.568+0000] {logging_mixin.py:190} INFO - [2026-03-29T21:18:28.568+0000] {dag.py:4180} INFO - Setting next_dagrun for ml_training_pipeline_v2 to None, run_after=None
[2026-03-29T21:18:28.706+0000] {processor.py:208} INFO - Processing /home/ec2-user/environment/lab4_model_training/dags/ml_training_pipeline_v2.py took 1.455 seconds
[2026-03-29T21:18:58.830+0000] {processor.py:186} INFO - Started process (PID=14393) to work on /home/ec2-user/environment/lab4_model_training/dags/ml_training_pipeline_v2.py
[2026-03-29T21:18:58.831+0000] {processor.py:914} INFO - Processing file /home/ec2-user/environment/lab4_model_training/dags/ml_training_pipeline_v2.py for tasks to queue
[2026-03-29T21:18:58.832+0000] {logging_mixin.py:190} INFO - [2026-03-29T21:18:58.832+0000] {dagbag.py:588} INFO - Filling up the DagBag from /home/ec2-user/environment/lab4_model_training/dags/ml_training_pipeline_v2.py
[2026-03-29T21:19:00.094+0000] {processor.py:925} INFO - DAG(s) 'ml_training_pipeline_v2' retrieved from /home/ec2-user/environment/lab4_model_training/dags/ml_training_pipeline_v2.py
[2026-03-29T21:19:00.107+0000] {logging_mixin.py:190} INFO - [2026-03-29T21:19:00.106+0000] {dag.py:3239} INFO - Sync 1 DAGs
[2026-03-29T21:19:00.224+0000] {logging_mixin.py:190} INFO - [2026-03-29T21:19:00.223+0000] {dag.py:4180} INFO - Setting next_dagrun for ml_training_pipeline_v2 to None, run_after=None
[2026-03-29T21:19:00.239+0000] {processor.py:208} INFO - Processing /home/ec2-user/environment/lab4_model_training/dags/ml_training_pipeline_v2.py took 1.414 seconds
[2026-03-29T21:19:30.404+0000] {processor.py:186} INFO - Started process (PID=14432) to work on /home/ec2-user/environment/lab4_model_training/dags/ml_training_pipeline_v2.py
[2026-03-29T21:19:30.406+0000] {processor.py:914} INFO - Processing file /home/ec2-user/environment/lab4_model_training/dags/ml_training_pipeline_v2.py for tasks to queue
[2026-03-29T21:19:30.407+0000] {logging_mixin.py:190} INFO - [2026-03-29T21:19:30.406+0000] {dagbag.py:588} INFO - Filling up the DagBag from /home/ec2-user/environment/lab4_model_training/dags/ml_training_pipeline_v2.py
[2026-03-29T21:19:31.683+0000] {processor.py:925} INFO - DAG(s) 'ml_training_pipeline_v2' retrieved from /home/ec2-user/environment/lab4_model_training/dags/ml_training_pipeline_v2.py
[2026-03-29T21:19:31.698+0000] {logging_mixin.py:190} INFO - [2026-03-29T21:19:31.698+0000] {dag.py:3239} INFO - Sync 1 DAGs
[2026-03-29T21:19:31.812+0000] {logging_mixin.py:190} INFO - [2026-03-29T21:19:31.812+0000] {dag.py:4180} INFO - Setting next_dagrun for ml_training_pipeline_v2 to None, run_after=None
[2026-03-29T21:19:31.828+0000] {processor.py:208} INFO - Processing /home/ec2-user/environment/lab4_model_training/dags/ml_training_pipeline_v2.py took 1.428 seconds
[2026-03-29T21:20:01.981+0000] {processor.py:186} INFO - Started process (PID=14480) to work on /home/ec2-user/environment/lab4_model_training/dags/ml_training_pipeline_v2.py
[2026-03-29T21:20:01.982+0000] {processor.py:914} INFO - Processing file /home/ec2-user/environment/lab4_model_training/dags/ml_training_pipeline_v2.py for tasks to queue
[2026-03-29T21:20:01.983+0000] {logging_mixin.py:190} INFO - [2026-03-29T21:20:01.982+0000] {dagbag.py:588} INFO - Filling up the DagBag from /home/ec2-user/environment/lab4_model_training/dags/ml_training_pipeline_v2.py
[2026-03-29T21:20:03.248+0000] {processor.py:925} INFO - DAG(s) 'ml_training_pipeline_v2' retrieved from /home/ec2-user/environment/lab4_model_training/dags/ml_training_pipeline_v2.py
[2026-03-29T21:20:03.370+0000] {logging_mixin.py:190} INFO - [2026-03-29T21:20:03.369+0000] {dag.py:3239} INFO - Sync 1 DAGs
[2026-03-29T21:20:03.378+0000] {logging_mixin.py:190} INFO - [2026-03-29T21:20:03.378+0000] {dag.py:4180} INFO - Setting next_dagrun for ml_training_pipeline_v2 to None, run_after=None
[2026-03-29T21:20:03.393+0000] {processor.py:208} INFO - Processing /home/ec2-user/environment/lab4_model_training/dags/ml_training_pipeline_v2.py took 1.417 seconds
[2026-03-29T21:20:33.555+0000] {processor.py:186} INFO - Started process (PID=14565) to work on /home/ec2-user/environment/lab4_model_training/dags/ml_training_pipeline_v2.py
[2026-03-29T21:20:33.556+0000] {processor.py:914} INFO - Processing file /home/ec2-user/environment/lab4_model_training/dags/ml_training_pipeline_v2.py for tasks to queue
[2026-03-29T21:20:33.557+0000] {logging_mixin.py:190} INFO - [2026-03-29T21:20:33.557+0000] {dagbag.py:588} INFO - Filling up the DagBag from /home/ec2-user/environment/lab4_model_training/dags/ml_training_pipeline_v2.py
[2026-03-29T21:20:34.820+0000] {processor.py:925} INFO - DAG(s) 'ml_training_pipeline_v2' retrieved from /home/ec2-user/environment/lab4_model_training/dags/ml_training_pipeline_v2.py
[2026-03-29T21:20:34.832+0000] {logging_mixin.py:190} INFO - [2026-03-29T21:20:34.832+0000] {dag.py:3239} INFO - Sync 1 DAGs
[2026-03-29T21:20:34.840+0000] {logging_mixin.py:190} INFO - [2026-03-29T21:20:34.840+0000] {dag.py:4180} INFO - Setting next_dagrun for ml_training_pipeline_v2 to None, run_after=None
[2026-03-29T21:20:34.856+0000] {processor.py:208} INFO - Processing /home/ec2-user/environment/lab4_model_training/dags/ml_training_pipeline_v2.py took 1.305 seconds
[2026-03-29T21:21:05.029+0000] {processor.py:186} INFO - Started process (PID=14610) to work on /home/ec2-user/environment/lab4_model_training/dags/ml_training_pipeline_v2.py
[2026-03-29T21:21:05.029+0000] {processor.py:914} INFO - Processing file /home/ec2-user/environment/lab4_model_training/dags/ml_training_pipeline_v2.py for tasks to queue
[2026-03-29T21:21:05.030+0000] {logging_mixin.py:190} INFO - [2026-03-29T21:21:05.030+0000] {dagbag.py:588} INFO - Filling up the DagBag from /home/ec2-user/environment/lab4_model_training/dags/ml_training_pipeline_v2.py
[2026-03-29T21:21:06.258+0000] {processor.py:925} INFO - DAG(s) 'ml_training_pipeline_v2' retrieved from /home/ec2-user/environment/lab4_model_training/dags/ml_training_pipeline_v2.py
[2026-03-29T21:21:06.271+0000] {logging_mixin.py:190} INFO - [2026-03-29T21:21:06.270+0000] {dag.py:3239} INFO - Sync 1 DAGs
[2026-03-29T21:21:06.279+0000] {logging_mixin.py:190} INFO - [2026-03-29T21:21:06.279+0000] {dag.py:4180} INFO - Setting next_dagrun for ml_training_pipeline_v2 to None, run_after=None
[2026-03-29T21:21:06.294+0000] {processor.py:208} INFO - Processing /home/ec2-user/environment/lab4_model_training/dags/ml_training_pipeline_v2.py took 1.270 seconds
[2026-03-29T21:21:36.401+0000] {processor.py:186} INFO - Started process (PID=14641) to work on /home/ec2-user/environment/lab4_model_training/dags/ml_training_pipeline_v2.py
[2026-03-29T21:21:36.402+0000] {processor.py:914} INFO - Processing file /home/ec2-user/environment/lab4_model_training/dags/ml_training_pipeline_v2.py for tasks to queue
[2026-03-29T21:21:36.403+0000] {logging_mixin.py:190} INFO - [2026-03-29T21:21:36.403+0000] {dagbag.py:588} INFO - Filling up the DagBag from /home/ec2-user/environment/lab4_model_training/dags/ml_training_pipeline_v2.py
[2026-03-29T21:21:37.636+0000] {processor.py:925} INFO - DAG(s) 'ml_training_pipeline_v2' retrieved from /home/ec2-user/environment/lab4_model_training/dags/ml_training_pipeline_v2.py
[2026-03-29T21:21:37.648+0000] {logging_mixin.py:190} INFO - [2026-03-29T21:21:37.648+0000] {dag.py:3239} INFO - Sync 1 DAGs
[2026-03-29T21:21:37.656+0000] {logging_mixin.py:190} INFO - [2026-03-29T21:21:37.656+0000] {dag.py:4180} INFO - Setting next_dagrun for ml_training_pipeline_v2 to None, run_after=None
[2026-03-29T21:21:37.775+0000] {processor.py:208} INFO - Processing /home/ec2-user/environment/lab4_model_training/dags/ml_training_pipeline_v2.py took 1.378 seconds
[2026-03-29T21:22:12.391+0000] {processor.py:186} INFO - Started process (PID=14694) to work on /home/ec2-user/environment/lab4_model_training/dags/ml_training_pipeline_v2.py
[2026-03-29T21:22:12.392+0000] {processor.py:914} INFO - Processing file /home/ec2-user/environment/lab4_model_training/dags/ml_training_pipeline_v2.py for tasks to queue
[2026-03-29T21:22:12.393+0000] {logging_mixin.py:190} INFO - [2026-03-29T21:22:12.393+0000] {dagbag.py:588} INFO - Filling up the DagBag from /home/ec2-user/environment/lab4_model_training/dags/ml_training_pipeline_v2.py
[2026-03-29T21:22:13.642+0000] {processor.py:925} INFO - DAG(s) 'ml_training_pipeline_v2' retrieved from /home/ec2-user/environment/lab4_model_training/dags/ml_training_pipeline_v2.py
[2026-03-29T21:22:13.655+0000] {logging_mixin.py:190} INFO - [2026-03-29T21:22:13.654+0000] {dag.py:3239} INFO - Sync 1 DAGs
[2026-03-29T21:22:13.772+0000] {logging_mixin.py:190} INFO - [2026-03-29T21:22:13.771+0000] {dag.py:4180} INFO - Setting next_dagrun for ml_training_pipeline_v2 to None, run_after=None
[2026-03-29T21:22:13.787+0000] {processor.py:208} INFO - Processing /home/ec2-user/environment/lab4_model_training/dags/ml_training_pipeline_v2.py took 1.401 seconds
[2026-03-29T21:22:44.880+0000] {processor.py:186} INFO - Started process (PID=14786) to work on /home/ec2-user/environment/lab4_model_training/dags/ml_training_pipeline_v2.py
[2026-03-29T21:22:44.881+0000] {processor.py:914} INFO - Processing file /home/ec2-user/environment/lab4_model_training/dags/ml_training_pipeline_v2.py for tasks to queue
[2026-03-29T21:22:44.882+0000] {logging_mixin.py:190} INFO - [2026-03-29T21:22:44.882+0000] {dagbag.py:588} INFO - Filling up the DagBag from /home/ec2-user/environment/lab4_model_training/dags/ml_training_pipeline_v2.py
[2026-03-29T21:22:46.128+0000] {processor.py:925} INFO - DAG(s) 'ml_training_pipeline_v2' retrieved from /home/ec2-user/environment/lab4_model_training/dags/ml_training_pipeline_v2.py
[2026-03-29T21:22:46.142+0000] {logging_mixin.py:190} INFO - [2026-03-29T21:22:46.141+0000] {dag.py:3239} INFO - Sync 1 DAGs
[2026-03-29T21:22:46.264+0000] {logging_mixin.py:190} INFO - [2026-03-29T21:22:46.264+0000] {dag.py:4180} INFO - Setting next_dagrun for ml_training_pipeline_v2 to None, run_after=None
[2026-03-29T21:22:46.279+0000] {processor.py:208} INFO - Processing /home/ec2-user/environment/lab4_model_training/dags/ml_training_pipeline_v2.py took 1.403 seconds
[2026-03-29T21:23:16.785+0000] {processor.py:186} INFO - Started process (PID=14824) to work on /home/ec2-user/environment/lab4_model_training/dags/ml_training_pipeline_v2.py
[2026-03-29T21:23:16.786+0000] {processor.py:914} INFO - Processing file /home/ec2-user/environment/lab4_model_training/dags/ml_training_pipeline_v2.py for tasks to queue
[2026-03-29T21:23:16.787+0000] {logging_mixin.py:190} INFO - [2026-03-29T21:23:16.787+0000] {dagbag.py:588} INFO - Filling up the DagBag from /home/ec2-user/environment/lab4_model_training/dags/ml_training_pipeline_v2.py
[2026-03-29T21:23:18.014+0000] {processor.py:925} INFO - DAG(s) 'ml_training_pipeline_v2' retrieved from /home/ec2-user/environment/lab4_model_training/dags/ml_training_pipeline_v2.py
[2026-03-29T21:23:18.125+0000] {logging_mixin.py:190} INFO - [2026-03-29T21:23:18.125+0000] {dag.py:3239} INFO - Sync 1 DAGs
[2026-03-29T21:23:18.133+0000] {logging_mixin.py:190} INFO - [2026-03-29T21:23:18.133+0000] {dag.py:4180} INFO - Setting next_dagrun for ml_training_pipeline_v2 to None, run_after=None
[2026-03-29T21:23:18.148+0000] {processor.py:208} INFO - Processing /home/ec2-user/environment/lab4_model_training/dags/ml_training_pipeline_v2.py took 1.368 seconds
[2026-03-29T21:23:48.276+0000] {processor.py:186} INFO - Started process (PID=14850) to work on /home/ec2-user/environment/lab4_model_training/dags/ml_training_pipeline_v2.py
[2026-03-29T21:23:48.278+0000] {processor.py:914} INFO - Processing file /home/ec2-user/environment/lab4_model_training/dags/ml_training_pipeline_v2.py for tasks to queue
[2026-03-29T21:23:48.279+0000] {logging_mixin.py:190} INFO - [2026-03-29T21:23:48.278+0000] {dagbag.py:588} INFO - Filling up the DagBag from /home/ec2-user/environment/lab4_model_training/dags/ml_training_pipeline_v2.py
[2026-03-29T21:23:49.630+0000] {processor.py:925} INFO - DAG(s) 'ml_training_pipeline_v2' retrieved from /home/ec2-user/environment/lab4_model_training/dags/ml_training_pipeline_v2.py
[2026-03-29T21:23:49.642+0000] {logging_mixin.py:190} INFO - [2026-03-29T21:23:49.642+0000] {dag.py:3239} INFO - Sync 1 DAGs
[2026-03-29T21:23:49.650+0000] {logging_mixin.py:190} INFO - [2026-03-29T21:23:49.650+0000] {dag.py:4180} INFO - Setting next_dagrun for ml_training_pipeline_v2 to None, run_after=None
[2026-03-29T21:23:49.665+0000] {processor.py:208} INFO - Processing /home/ec2-user/environment/lab4_model_training/dags/ml_training_pipeline_v2.py took 1.394 seconds
[2026-03-29T21:24:19.777+0000] {processor.py:186} INFO - Started process (PID=14968) to work on /home/ec2-user/environment/lab4_model_training/dags/ml_training_pipeline_v2.py
[2026-03-29T21:24:19.778+0000] {processor.py:914} INFO - Processing file /home/ec2-user/environment/lab4_model_training/dags/ml_training_pipeline_v2.py for tasks to queue
[2026-03-29T21:24:19.779+0000] {logging_mixin.py:190} INFO - [2026-03-29T21:24:19.779+0000] {dagbag.py:588} INFO - Filling up the DagBag from /home/ec2-user/environment/lab4_model_training/dags/ml_training_pipeline_v2.py
[2026-03-29T21:24:21.031+0000] {processor.py:925} INFO - DAG(s) 'ml_training_pipeline_v2' retrieved from /home/ec2-user/environment/lab4_model_training/dags/ml_training_pipeline_v2.py
[2026-03-29T21:24:21.043+0000] {logging_mixin.py:190} INFO - [2026-03-29T21:24:21.043+0000] {dag.py:3239} INFO - Sync 1 DAGs
[2026-03-29T21:24:21.051+0000] {logging_mixin.py:190} INFO - [2026-03-29T21:24:21.051+0000] {dag.py:4180} INFO - Setting next_dagrun for ml_training_pipeline_v2 to None, run_after=None
[2026-03-29T21:24:21.066+0000] {processor.py:208} INFO - Processing /home/ec2-user/environment/lab4_model_training/dags/ml_training_pipeline_v2.py took 1.296 seconds
[2026-03-29T21:24:51.175+0000] {processor.py:186} INFO - Started process (PID=15000) to work on /home/ec2-user/environment/lab4_model_training/dags/ml_training_pipeline_v2.py
[2026-03-29T21:24:51.175+0000] {processor.py:914} INFO - Processing file /home/ec2-user/environment/lab4_model_training/dags/ml_training_pipeline_v2.py for tasks to queue
[2026-03-29T21:24:51.176+0000] {logging_mixin.py:190} INFO - [2026-03-29T21:24:51.176+0000] {dagbag.py:588} INFO - Filling up the DagBag from /home/ec2-user/environment/lab4_model_training/dags/ml_training_pipeline_v2.py
[2026-03-29T21:24:52.403+0000] {processor.py:925} INFO - DAG(s) 'ml_training_pipeline_v2' retrieved from /home/ec2-user/environment/lab4_model_training/dags/ml_training_pipeline_v2.py
[2026-03-29T21:24:52.415+0000] {logging_mixin.py:190} INFO - [2026-03-29T21:24:52.414+0000] {dag.py:3239} INFO - Sync 1 DAGs
[2026-03-29T21:24:52.422+0000] {logging_mixin.py:190} INFO - [2026-03-29T21:24:52.422+0000] {dag.py:4180} INFO - Setting next_dagrun for ml_training_pipeline_v2 to None, run_after=None
[2026-03-29T21:24:52.535+0000] {processor.py:208} INFO - Processing /home/ec2-user/environment/lab4_model_training/dags/ml_training_pipeline_v2.py took 1.365 seconds
[2026-03-29T21:25:22.666+0000] {processor.py:186} INFO - Started process (PID=15093) to work on /home/ec2-user/environment/lab4_model_training/dags/ml_training_pipeline_v2.py
[2026-03-29T21:25:22.667+0000] {processor.py:914} INFO - Processing file /home/ec2-user/environment/lab4_model_training/dags/ml_training_pipeline_v2.py for tasks to queue
[2026-03-29T21:25:22.668+0000] {logging_mixin.py:190} INFO - [2026-03-29T21:25:22.667+0000] {dagbag.py:588} INFO - Filling up the DagBag from /home/ec2-user/environment/lab4_model_training/dags/ml_training_pipeline_v2.py
[2026-03-29T21:25:23.892+0000] {processor.py:925} INFO - DAG(s) 'ml_training_pipeline_v2' retrieved from /home/ec2-user/environment/lab4_model_training/dags/ml_training_pipeline_v2.py
[2026-03-29T21:25:23.904+0000] {logging_mixin.py:190} INFO - [2026-03-29T21:25:23.904+0000] {dag.py:3239} INFO - Sync 1 DAGs
[2026-03-29T21:25:24.010+0000] {logging_mixin.py:190} INFO - [2026-03-29T21:25:24.010+0000] {dag.py:4180} INFO - Setting next_dagrun for ml_training_pipeline_v2 to None, run_after=None
[2026-03-29T21:25:24.025+0000] {processor.py:208} INFO - Processing /home/ec2-user/environment/lab4_model_training/dags/ml_training_pipeline_v2.py took 1.364 seconds
[2026-03-29T21:25:54.157+0000] {processor.py:186} INFO - Started process (PID=15119) to work on /home/ec2-user/environment/lab4_model_training/dags/ml_training_pipeline_v2.py
[2026-03-29T21:25:54.158+0000] {processor.py:914} INFO - Processing file /home/ec2-user/environment/lab4_model_training/dags/ml_training_pipeline_v2.py for tasks to queue
[2026-03-29T21:25:54.159+0000] {logging_mixin.py:190} INFO - [2026-03-29T21:25:54.158+0000] {dagbag.py:588} INFO - Filling up the DagBag from /home/ec2-user/environment/lab4_model_training/dags/ml_training_pipeline_v2.py
[2026-03-29T21:25:55.411+0000] {processor.py:925} INFO - DAG(s) 'ml_training_pipeline_v2' retrieved from /home/ec2-user/environment/lab4_model_training/dags/ml_training_pipeline_v2.py
[2026-03-29T21:25:55.424+0000] {logging_mixin.py:190} INFO - [2026-03-29T21:25:55.424+0000] {dag.py:3239} INFO - Sync 1 DAGs
[2026-03-29T21:25:55.536+0000] {logging_mixin.py:190} INFO - [2026-03-29T21:25:55.536+0000] {dag.py:4180} INFO - Setting next_dagrun for ml_training_pipeline_v2 to None, run_after=None
[2026-03-29T21:25:55.552+0000] {processor.py:208} INFO - Processing /home/ec2-user/environment/lab4_model_training/dags/ml_training_pipeline_v2.py took 1.400 seconds
[2026-03-29T21:26:25.750+0000] {processor.py:186} INFO - Started process (PID=15163) to work on /home/ec2-user/environment/lab4_model_training/dags/ml_training_pipeline_v2.py
[2026-03-29T21:26:25.751+0000] {processor.py:914} INFO - Processing file /home/ec2-user/environment/lab4_model_training/dags/ml_training_pipeline_v2.py for tasks to queue
[2026-03-29T21:26:25.752+0000] {logging_mixin.py:190} INFO - [2026-03-29T21:26:25.751+0000] {dagbag.py:588} INFO - Filling up the DagBag from /home/ec2-user/environment/lab4_model_training/dags/ml_training_pipeline_v2.py
[2026-03-29T21:26:27.079+0000] {processor.py:925} INFO - DAG(s) 'ml_training_pipeline_v2' retrieved from /home/ec2-user/environment/lab4_model_training/dags/ml_training_pipeline_v2.py
[2026-03-29T21:26:27.200+0000] {logging_mixin.py:190} INFO - [2026-03-29T21:26:27.200+0000] {dag.py:3239} INFO - Sync 1 DAGs
[2026-03-29T21:26:27.208+0000] {logging_mixin.py:190} INFO - [2026-03-29T21:26:27.208+0000] {dag.py:4180} INFO - Setting next_dagrun for ml_training_pipeline_v2 to None, run_after=None
[2026-03-29T21:26:27.224+0000] {processor.py:208} INFO - Processing /home/ec2-user/environment/lab4_model_training/dags/ml_training_pipeline_v2.py took 1.479 seconds
[2026-03-29T21:26:57.342+0000] {processor.py:186} INFO - Started process (PID=15189) to work on /home/ec2-user/environment/lab4_model_training/dags/ml_training_pipeline_v2.py
[2026-03-29T21:26:57.343+0000] {processor.py:914} INFO - Processing file /home/ec2-user/environment/lab4_model_training/dags/ml_training_pipeline_v2.py for tasks to queue
[2026-03-29T21:26:57.344+0000] {logging_mixin.py:190} INFO - [2026-03-29T21:26:57.344+0000] {dagbag.py:588} INFO - Filling up the DagBag from /home/ec2-user/environment/lab4_model_training/dags/ml_training_pipeline_v2.py
[2026-03-29T21:26:58.722+0000] {processor.py:925} INFO - DAG(s) 'ml_training_pipeline_v2' retrieved from /home/ec2-user/environment/lab4_model_training/dags/ml_training_pipeline_v2.py
[2026-03-29T21:26:58.735+0000] {logging_mixin.py:190} INFO - [2026-03-29T21:26:58.735+0000] {dag.py:3239} INFO - Sync 1 DAGs
[2026-03-29T21:26:58.743+0000] {logging_mixin.py:190} INFO - [2026-03-29T21:26:58.743+0000] {dag.py:4180} INFO - Setting next_dagrun for ml_training_pipeline_v2 to None, run_after=None
[2026-03-29T21:26:58.758+0000] {processor.py:208} INFO - Processing /home/ec2-user/environment/lab4_model_training/dags/ml_training_pipeline_v2.py took 1.420 seconds
[2026-03-29T21:27:28.936+0000] {processor.py:186} INFO - Started process (PID=15279) to work on /home/ec2-user/environment/lab4_model_training/dags/ml_training_pipeline_v2.py
[2026-03-29T21:27:28.936+0000] {processor.py:914} INFO - Processing file /home/ec2-user/environment/lab4_model_training/dags/ml_training_pipeline_v2.py for tasks to queue
[2026-03-29T21:27:28.937+0000] {logging_mixin.py:190} INFO - [2026-03-29T21:27:28.937+0000] {dagbag.py:588} INFO - Filling up the DagBag from /home/ec2-user/environment/lab4_model_training/dags/ml_training_pipeline_v2.py
[2026-03-29T21:27:30.323+0000] {processor.py:925} INFO - DAG(s) 'ml_training_pipeline_v2' retrieved from /home/ec2-user/environment/lab4_model_training/dags/ml_training_pipeline_v2.py
[2026-03-29T21:27:30.335+0000] {logging_mixin.py:190} INFO - [2026-03-29T21:27:30.335+0000] {dag.py:3239} INFO - Sync 1 DAGs
[2026-03-29T21:27:30.343+0000] {logging_mixin.py:190} INFO - [2026-03-29T21:27:30.343+0000] {dag.py:4180} INFO - Setting next_dagrun for ml_training_pipeline_v2 to None, run_after=None
[2026-03-29T21:27:30.359+0000] {processor.py:208} INFO - Processing /home/ec2-user/environment/lab4_model_training/dags/ml_training_pipeline_v2.py took 1.428 seconds
[2026-03-29T21:28:00.529+0000] {processor.py:186} INFO - Started process (PID=15306) to work on /home/ec2-user/environment/lab4_model_training/dags/ml_training_pipeline_v2.py
[2026-03-29T21:28:00.531+0000] {processor.py:914} INFO - Processing file /home/ec2-user/environment/lab4_model_training/dags/ml_training_pipeline_v2.py for tasks to queue
[2026-03-29T21:28:00.532+0000] {logging_mixin.py:190} INFO - [2026-03-29T21:28:00.531+0000] {dagbag.py:588} INFO - Filling up the DagBag from /home/ec2-user/environment/lab4_model_training/dags/ml_training_pipeline_v2.py
[2026-03-29T21:28:01.922+0000] {processor.py:925} INFO - DAG(s) 'ml_training_pipeline_v2' retrieved from /home/ec2-user/environment/lab4_model_training/dags/ml_training_pipeline_v2.py
[2026-03-29T21:28:01.935+0000] {logging_mixin.py:190} INFO - [2026-03-29T21:28:01.934+0000] {dag.py:3239} INFO - Sync 1 DAGs
[2026-03-29T21:28:01.943+0000] {logging_mixin.py:190} INFO - [2026-03-29T21:28:01.942+0000] {dag.py:4180} INFO - Setting next_dagrun for ml_training_pipeline_v2 to None, run_after=None
[2026-03-29T21:28:01.959+0000] {processor.py:208} INFO - Processing /home/ec2-user/environment/lab4_model_training/dags/ml_training_pipeline_v2.py took 1.434 seconds
[2026-03-29T21:28:32.124+0000] {processor.py:186} INFO - Started process (PID=15344) to work on /home/ec2-user/environment/lab4_model_training/dags/ml_training_pipeline_v2.py
[2026-03-29T21:28:32.125+0000] {processor.py:914} INFO - Processing file /home/ec2-user/environment/lab4_model_training/dags/ml_training_pipeline_v2.py for tasks to queue
[2026-03-29T21:28:32.126+0000] {logging_mixin.py:190} INFO - [2026-03-29T21:28:32.126+0000] {dagbag.py:588} INFO - Filling up the DagBag from /home/ec2-user/environment/lab4_model_training/dags/ml_training_pipeline_v2.py
[2026-03-29T21:28:33.417+0000] {processor.py:925} INFO - DAG(s) 'ml_training_pipeline_v2' retrieved from /home/ec2-user/environment/lab4_model_training/dags/ml_training_pipeline_v2.py
[2026-03-29T21:28:33.429+0000] {logging_mixin.py:190} INFO - [2026-03-29T21:28:33.429+0000] {dag.py:3239} INFO - Sync 1 DAGs
[2026-03-29T21:28:33.548+0000] {logging_mixin.py:190} INFO - [2026-03-29T21:28:33.548+0000] {dag.py:4180} INFO - Setting next_dagrun for ml_training_pipeline_v2 to None, run_after=None
[2026-03-29T21:28:33.564+0000] {processor.py:208} INFO - Processing /home/ec2-user/environment/lab4_model_training/dags/ml_training_pipeline_v2.py took 1.445 seconds
[2026-03-29T21:29:03.717+0000] {processor.py:186} INFO - Started process (PID=15388) to work on /home/ec2-user/environment/lab4_model_training/dags/ml_training_pipeline_v2.py
[2026-03-29T21:29:03.717+0000] {processor.py:914} INFO - Processing file /home/ec2-user/environment/lab4_model_training/dags/ml_training_pipeline_v2.py for tasks to queue
[2026-03-29T21:29:03.718+0000] {logging_mixin.py:190} INFO - [2026-03-29T21:29:03.718+0000] {dagbag.py:588} INFO - Filling up the DagBag from /home/ec2-user/environment/lab4_model_training/dags/ml_training_pipeline_v2.py
[2026-03-29T21:29:04.982+0000] {processor.py:925} INFO - DAG(s) 'ml_training_pipeline_v2' retrieved from /home/ec2-user/environment/lab4_model_training/dags/ml_training_pipeline_v2.py
[2026-03-29T21:29:04.995+0000] {logging_mixin.py:190} INFO - [2026-03-29T21:29:04.995+0000] {dag.py:3239} INFO - Sync 1 DAGs
[2026-03-29T21:29:05.108+0000] {logging_mixin.py:190} INFO - [2026-03-29T21:29:05.108+0000] {dag.py:4180} INFO - Setting next_dagrun for ml_training_pipeline_v2 to None, run_after=None
[2026-03-29T21:29:05.124+0000] {processor.py:208} INFO - Processing /home/ec2-user/environment/lab4_model_training/dags/ml_training_pipeline_v2.py took 1.412 seconds
[2026-03-29T21:29:35.312+0000] {processor.py:186} INFO - Started process (PID=15462) to work on /home/ec2-user/environment/lab4_model_training/dags/ml_training_pipeline_v2.py
[2026-03-29T21:29:35.313+0000] {processor.py:914} INFO - Processing file /home/ec2-user/environment/lab4_model_training/dags/ml_training_pipeline_v2.py for tasks to queue
[2026-03-29T21:29:35.314+0000] {logging_mixin.py:190} INFO - [2026-03-29T21:29:35.313+0000] {dagbag.py:588} INFO - Filling up the DagBag from /home/ec2-user/environment/lab4_model_training/dags/ml_training_pipeline_v2.py
[2026-03-29T21:29:36.584+0000] {processor.py:925} INFO - DAG(s) 'ml_training_pipeline_v2' retrieved from /home/ec2-user/environment/lab4_model_training/dags/ml_training_pipeline_v2.py
[2026-03-29T21:29:36.706+0000] {logging_mixin.py:190} INFO - [2026-03-29T21:29:36.706+0000] {dag.py:3239} INFO - Sync 1 DAGs
[2026-03-29T21:29:36.714+0000] {logging_mixin.py:190} INFO - [2026-03-29T21:29:36.714+0000] {dag.py:4180} INFO - Setting next_dagrun for ml_training_pipeline_v2 to None, run_after=None
[2026-03-29T21:29:36.730+0000] {processor.py:208} INFO - Processing /home/ec2-user/environment/lab4_model_training/dags/ml_training_pipeline_v2.py took 1.422 seconds
[2026-03-29T21:30:06.908+0000] {processor.py:186} INFO - Started process (PID=15505) to work on /home/ec2-user/environment/lab4_model_training/dags/ml_training_pipeline_v2.py
[2026-03-29T21:30:06.909+0000] {processor.py:914} INFO - Processing file /home/ec2-user/environment/lab4_model_training/dags/ml_training_pipeline_v2.py for tasks to queue
[2026-03-29T21:30:06.910+0000] {logging_mixin.py:190} INFO - [2026-03-29T21:30:06.910+0000] {dagbag.py:588} INFO - Filling up the DagBag from /home/ec2-user/environment/lab4_model_training/dags/ml_training_pipeline_v2.py
[2026-03-29T21:30:08.274+0000] {processor.py:925} INFO - DAG(s) 'ml_training_pipeline_v2' retrieved from /home/ec2-user/environment/lab4_model_training/dags/ml_training_pipeline_v2.py
[2026-03-29T21:30:08.286+0000] {logging_mixin.py:190} INFO - [2026-03-29T21:30:08.286+0000] {dag.py:3239} INFO - Sync 1 DAGs
[2026-03-29T21:30:08.294+0000] {logging_mixin.py:190} INFO - [2026-03-29T21:30:08.294+0000] {dag.py:4180} INFO - Setting next_dagrun for ml_training_pipeline_v2 to None, run_after=None
[2026-03-29T21:30:08.309+0000] {processor.py:208} INFO - Processing /home/ec2-user/environment/lab4_model_training/dags/ml_training_pipeline_v2.py took 1.405 seconds
[2026-03-29T21:30:38.502+0000] {processor.py:186} INFO - Started process (PID=15692) to work on /home/ec2-user/environment/lab4_model_training/dags/ml_training_pipeline_v2.py
[2026-03-29T21:30:38.502+0000] {processor.py:914} INFO - Processing file /home/ec2-user/environment/lab4_model_training/dags/ml_training_pipeline_v2.py for tasks to queue
[2026-03-29T21:30:38.504+0000] {logging_mixin.py:190} INFO - [2026-03-29T21:30:38.503+0000] {dagbag.py:588} INFO - Filling up the DagBag from /home/ec2-user/environment/lab4_model_training/dags/ml_training_pipeline_v2.py
[2026-03-29T21:30:39.879+0000] {processor.py:925} INFO - DAG(s) 'ml_training_pipeline_v2' retrieved from /home/ec2-user/environment/lab4_model_training/dags/ml_training_pipeline_v2.py
[2026-03-29T21:30:39.891+0000] {logging_mixin.py:190} INFO - [2026-03-29T21:30:39.891+0000] {dag.py:3239} INFO - Sync 1 DAGs
[2026-03-29T21:30:39.899+0000] {logging_mixin.py:190} INFO - [2026-03-29T21:30:39.899+0000] {dag.py:4180} INFO - Setting next_dagrun for ml_training_pipeline_v2 to None, run_after=None
[2026-03-29T21:30:39.914+0000] {processor.py:208} INFO - Processing /home/ec2-user/environment/lab4_model_training/dags/ml_training_pipeline_v2.py took 1.417 seconds
[2026-03-29T21:31:10.093+0000] {processor.py:186} INFO - Started process (PID=15787) to work on /home/ec2-user/environment/lab4_model_training/dags/ml_training_pipeline_v2.py
[2026-03-29T21:31:10.094+0000] {processor.py:914} INFO - Processing file /home/ec2-user/environment/lab4_model_training/dags/ml_training_pipeline_v2.py for tasks to queue
[2026-03-29T21:31:10.095+0000] {logging_mixin.py:190} INFO - [2026-03-29T21:31:10.095+0000] {dagbag.py:588} INFO - Filling up the DagBag from /home/ec2-user/environment/lab4_model_training/dags/ml_training_pipeline_v2.py
[2026-03-29T21:31:11.493+0000] {processor.py:925} INFO - DAG(s) 'ml_training_pipeline_v2' retrieved from /home/ec2-user/environment/lab4_model_training/dags/ml_training_pipeline_v2.py
[2026-03-29T21:31:11.505+0000] {logging_mixin.py:190} INFO - [2026-03-29T21:31:11.505+0000] {dag.py:3239} INFO - Sync 1 DAGs
[2026-03-29T21:31:11.513+0000] {logging_mixin.py:190} INFO - [2026-03-29T21:31:11.513+0000] {dag.py:4180} INFO - Setting next_dagrun for ml_training_pipeline_v2 to None, run_after=None
[2026-03-29T21:31:11.529+0000] {processor.py:208} INFO - Processing /home/ec2-user/environment/lab4_model_training/dags/ml_training_pipeline_v2.py took 1.440 seconds
[2026-03-29T21:31:41.685+0000] {processor.py:186} INFO - Started process (PID=15886) to work on /home/ec2-user/environment/lab4_model_training/dags/ml_training_pipeline_v2.py
[2026-03-29T21:31:41.686+0000] {processor.py:914} INFO - Processing file /home/ec2-user/environment/lab4_model_training/dags/ml_training_pipeline_v2.py for tasks to queue
[2026-03-29T21:31:41.687+0000] {logging_mixin.py:190} INFO - [2026-03-29T21:31:41.687+0000] {dagbag.py:588} INFO - Filling up the DagBag from /home/ec2-user/environment/lab4_model_training/dags/ml_training_pipeline_v2.py
[2026-03-29T21:31:43.040+0000] {processor.py:925} INFO - DAG(s) 'ml_training_pipeline_v2' retrieved from /home/ec2-user/environment/lab4_model_training/dags/ml_training_pipeline_v2.py
[2026-03-29T21:31:43.052+0000] {logging_mixin.py:190} INFO - [2026-03-29T21:31:43.052+0000] {dag.py:3239} INFO - Sync 1 DAGs
[2026-03-29T21:31:43.061+0000] {logging_mixin.py:190} INFO - [2026-03-29T21:31:43.061+0000] {dag.py:4180} INFO - Setting next_dagrun for ml_training_pipeline_v2 to None, run_after=None
[2026-03-29T21:31:43.076+0000] {processor.py:208} INFO - Processing /home/ec2-user/environment/lab4_model_training/dags/ml_training_pipeline_v2.py took 1.396 seconds
[2026-03-29T21:32:13.161+0000] {processor.py:186} INFO - Started process (PID=15926) to work on /home/ec2-user/environment/lab4_model_training/dags/ml_training_pipeline_v2.py
[2026-03-29T21:32:13.161+0000] {processor.py:914} INFO - Processing file /home/ec2-user/environment/lab4_model_training/dags/ml_training_pipeline_v2.py for tasks to queue
[2026-03-29T21:32:13.162+0000] {logging_mixin.py:190} INFO - [2026-03-29T21:32:13.162+0000] {dagbag.py:588} INFO - Filling up the DagBag from /home/ec2-user/environment/lab4_model_training/dags/ml_training_pipeline_v2.py
[2026-03-29T21:32:14.521+0000] {processor.py:925} INFO - DAG(s) 'ml_training_pipeline_v2' retrieved from /home/ec2-user/environment/lab4_model_training/dags/ml_training_pipeline_v2.py
[2026-03-29T21:32:14.533+0000] {logging_mixin.py:190} INFO - [2026-03-29T21:32:14.533+0000] {dag.py:3239} INFO - Sync 1 DAGs
[2026-03-29T21:32:14.542+0000] {logging_mixin.py:190} INFO - [2026-03-29T21:32:14.542+0000] {dag.py:4180} INFO - Setting next_dagrun for ml_training_pipeline_v2 to None, run_after=None
[2026-03-29T21:32:14.557+0000] {processor.py:208} INFO - Processing /home/ec2-user/environment/lab4_model_training/dags/ml_training_pipeline_v2.py took 1.402 seconds
[2026-03-29T21:32:44.754+0000] {processor.py:186} INFO - Started process (PID=15953) to work on /home/ec2-user/environment/lab4_model_training/dags/ml_training_pipeline_v2.py
[2026-03-29T21:32:44.755+0000] {processor.py:914} INFO - Processing file /home/ec2-user/environment/lab4_model_training/dags/ml_training_pipeline_v2.py for tasks to queue
[2026-03-29T21:32:44.756+0000] {logging_mixin.py:190} INFO - [2026-03-29T21:32:44.755+0000] {dagbag.py:588} INFO - Filling up the DagBag from /home/ec2-user/environment/lab4_model_training/dags/ml_training_pipeline_v2.py
[2026-03-29T21:32:46.131+0000] {processor.py:925} INFO - DAG(s) 'ml_training_pipeline_v2' retrieved from /home/ec2-user/environment/lab4_model_training/dags/ml_training_pipeline_v2.py
[2026-03-29T21:32:46.144+0000] {logging_mixin.py:190} INFO - [2026-03-29T21:32:46.144+0000] {dag.py:3239} INFO - Sync 1 DAGs
[2026-03-29T21:32:46.152+0000] {logging_mixin.py:190} INFO - [2026-03-29T21:32:46.152+0000] {dag.py:4180} INFO - Setting next_dagrun for ml_training_pipeline_v2 to None, run_after=None
[2026-03-29T21:32:46.168+0000] {processor.py:208} INFO - Processing /home/ec2-user/environment/lab4_model_training/dags/ml_training_pipeline_v2.py took 1.419 seconds
[2026-03-29T21:33:16.346+0000] {processor.py:186} INFO - Started process (PID=15992) to work on /home/ec2-user/environment/lab4_model_training/dags/ml_training_pipeline_v2.py
[2026-03-29T21:33:16.347+0000] {processor.py:914} INFO - Processing file /home/ec2-user/environment/lab4_model_training/dags/ml_training_pipeline_v2.py for tasks to queue
[2026-03-29T21:33:16.348+0000] {logging_mixin.py:190} INFO - [2026-03-29T21:33:16.348+0000] {dagbag.py:588} INFO - Filling up the DagBag from /home/ec2-user/environment/lab4_model_training/dags/ml_training_pipeline_v2.py
[2026-03-29T21:33:17.738+0000] {processor.py:925} INFO - DAG(s) 'ml_training_pipeline_v2' retrieved from /home/ec2-user/environment/lab4_model_training/dags/ml_training_pipeline_v2.py
[2026-03-29T21:33:17.751+0000] {logging_mixin.py:190} INFO - [2026-03-29T21:33:17.751+0000] {dag.py:3239} INFO - Sync 1 DAGs
[2026-03-29T21:33:17.759+0000] {logging_mixin.py:190} INFO - [2026-03-29T21:33:17.759+0000] {dag.py:4180} INFO - Setting next_dagrun for ml_training_pipeline_v2 to None, run_after=None
[2026-03-29T21:33:17.776+0000] {processor.py:208} INFO - Processing /home/ec2-user/environment/lab4_model_training/dags/ml_training_pipeline_v2.py took 1.434 seconds
[2026-03-29T21:33:47.946+0000] {processor.py:186} INFO - Started process (PID=16067) to work on /home/ec2-user/environment/lab4_model_training/dags/ml_training_pipeline_v2.py
[2026-03-29T21:33:47.948+0000] {processor.py:914} INFO - Processing file /home/ec2-user/environment/lab4_model_training/dags/ml_training_pipeline_v2.py for tasks to queue
[2026-03-29T21:33:47.949+0000] {logging_mixin.py:190} INFO - [2026-03-29T21:33:47.948+0000] {dagbag.py:588} INFO - Filling up the DagBag from /home/ec2-user/environment/lab4_model_training/dags/ml_training_pipeline_v2.py
[2026-03-29T21:33:49.333+0000] {processor.py:925} INFO - DAG(s) 'ml_training_pipeline_v2' retrieved from /home/ec2-user/environment/lab4_model_training/dags/ml_training_pipeline_v2.py
[2026-03-29T21:33:49.346+0000] {logging_mixin.py:190} INFO - [2026-03-29T21:33:49.346+0000] {dag.py:3239} INFO - Sync 1 DAGs
[2026-03-29T21:33:49.354+0000] {logging_mixin.py:190} INFO - [2026-03-29T21:33:49.354+0000] {dag.py:4180} INFO - Setting next_dagrun for ml_training_pipeline_v2 to None, run_after=None
[2026-03-29T21:33:49.370+0000] {processor.py:208} INFO - Processing /home/ec2-user/environment/lab4_model_training/dags/ml_training_pipeline_v2.py took 1.428 seconds
[2026-03-29T21:34:19.540+0000] {processor.py:186} INFO - Started process (PID=16105) to work on /home/ec2-user/environment/lab4_model_training/dags/ml_training_pipeline_v2.py
[2026-03-29T21:34:19.541+0000] {processor.py:914} INFO - Processing file /home/ec2-user/environment/lab4_model_training/dags/ml_training_pipeline_v2.py for tasks to queue
[2026-03-29T21:34:19.542+0000] {logging_mixin.py:190} INFO - [2026-03-29T21:34:19.541+0000] {dagbag.py:588} INFO - Filling up the DagBag from /home/ec2-user/environment/lab4_model_training/dags/ml_training_pipeline_v2.py
[2026-03-29T21:34:20.890+0000] {processor.py:925} INFO - DAG(s) 'ml_training_pipeline_v2' retrieved from /home/ec2-user/environment/lab4_model_training/dags/ml_training_pipeline_v2.py
[2026-03-29T21:34:20.903+0000] {logging_mixin.py:190} INFO - [2026-03-29T21:34:20.902+0000] {dag.py:3239} INFO - Sync 1 DAGs
[2026-03-29T21:34:20.911+0000] {logging_mixin.py:190} INFO - [2026-03-29T21:34:20.910+0000] {dag.py:4180} INFO - Setting next_dagrun for ml_training_pipeline_v2 to None, run_after=None
[2026-03-29T21:34:20.927+0000] {processor.py:208} INFO - Processing /home/ec2-user/environment/lab4_model_training/dags/ml_training_pipeline_v2.py took 1.392 seconds
[2026-03-29T21:34:51.040+0000] {processor.py:186} INFO - Started process (PID=16131) to work on /home/ec2-user/environment/lab4_model_training/dags/ml_training_pipeline_v2.py
[2026-03-29T21:34:51.041+0000] {processor.py:914} INFO - Processing file /home/ec2-user/environment/lab4_model_training/dags/ml_training_pipeline_v2.py for tasks to queue
[2026-03-29T21:34:51.042+0000] {logging_mixin.py:190} INFO - [2026-03-29T21:34:51.042+0000] {dagbag.py:588} INFO - Filling up the DagBag from /home/ec2-user/environment/lab4_model_training/dags/ml_training_pipeline_v2.py
[2026-03-29T21:34:52.407+0000] {processor.py:925} INFO - DAG(s) 'ml_training_pipeline_v2' retrieved from /home/ec2-user/environment/lab4_model_training/dags/ml_training_pipeline_v2.py
[2026-03-29T21:34:52.420+0000] {logging_mixin.py:190} INFO - [2026-03-29T21:34:52.419+0000] {dag.py:3239} INFO - Sync 1 DAGs
[2026-03-29T21:34:52.429+0000] {logging_mixin.py:190} INFO - [2026-03-29T21:34:52.428+0000] {dag.py:4180} INFO - Setting next_dagrun for ml_training_pipeline_v2 to None, run_after=None
[2026-03-29T21:34:52.444+0000] {processor.py:208} INFO - Processing /home/ec2-user/environment/lab4_model_training/dags/ml_training_pipeline_v2.py took 1.409 seconds
[2026-03-29T21:35:22.630+0000] {processor.py:186} INFO - Started process (PID=16218) to work on /home/ec2-user/environment/lab4_model_training/dags/ml_training_pipeline_v2.py
[2026-03-29T21:35:22.631+0000] {processor.py:914} INFO - Processing file /home/ec2-user/environment/lab4_model_training/dags/ml_training_pipeline_v2.py for tasks to queue
[2026-03-29T21:35:22.632+0000] {logging_mixin.py:190} INFO - [2026-03-29T21:35:22.632+0000] {dagbag.py:588} INFO - Filling up the DagBag from /home/ec2-user/environment/lab4_model_training/dags/ml_training_pipeline_v2.py
[2026-03-29T21:35:24.013+0000] {processor.py:925} INFO - DAG(s) 'ml_training_pipeline_v2' retrieved from /home/ec2-user/environment/lab4_model_training/dags/ml_training_pipeline_v2.py
[2026-03-29T21:35:24.025+0000] {logging_mixin.py:190} INFO - [2026-03-29T21:35:24.025+0000] {dag.py:3239} INFO - Sync 1 DAGs
[2026-03-29T21:35:24.034+0000] {logging_mixin.py:190} INFO - [2026-03-29T21:35:24.034+0000] {dag.py:4180} INFO - Setting next_dagrun for ml_training_pipeline_v2 to None, run_after=None
[2026-03-29T21:35:24.049+0000] {processor.py:208} INFO - Processing /home/ec2-user/environment/lab4_model_training/dags/ml_training_pipeline_v2.py took 1.424 seconds
[2026-03-29T21:35:54.222+0000] {processor.py:186} INFO - Started process (PID=16244) to work on /home/ec2-user/environment/lab4_model_training/dags/ml_training_pipeline_v2.py
[2026-03-29T21:35:54.223+0000] {processor.py:914} INFO - Processing file /home/ec2-user/environment/lab4_model_training/dags/ml_training_pipeline_v2.py for tasks to queue
[2026-03-29T21:35:54.224+0000] {logging_mixin.py:190} INFO - [2026-03-29T21:35:54.223+0000] {dagbag.py:588} INFO - Filling up the DagBag from /home/ec2-user/environment/lab4_model_training/dags/ml_training_pipeline_v2.py
[2026-03-29T21:35:55.607+0000] {processor.py:925} INFO - DAG(s) 'ml_training_pipeline_v2' retrieved from /home/ec2-user/environment/lab4_model_training/dags/ml_training_pipeline_v2.py
[2026-03-29T21:35:55.621+0000] {logging_mixin.py:190} INFO - [2026-03-29T21:35:55.620+0000] {dag.py:3239} INFO - Sync 1 DAGs
[2026-03-29T21:35:55.629+0000] {logging_mixin.py:190} INFO - [2026-03-29T21:35:55.629+0000] {dag.py:4180} INFO - Setting next_dagrun for ml_training_pipeline_v2 to None, run_after=None
[2026-03-29T21:35:55.644+0000] {processor.py:208} INFO - Processing /home/ec2-user/environment/lab4_model_training/dags/ml_training_pipeline_v2.py took 1.427 seconds
[2026-03-29T21:36:25.813+0000] {processor.py:186} INFO - Started process (PID=16282) to work on /home/ec2-user/environment/lab4_model_training/dags/ml_training_pipeline_v2.py
[2026-03-29T21:36:25.814+0000] {processor.py:914} INFO - Processing file /home/ec2-user/environment/lab4_model_training/dags/ml_training_pipeline_v2.py for tasks to queue
[2026-03-29T21:36:25.815+0000] {logging_mixin.py:190} INFO - [2026-03-29T21:36:25.815+0000] {dagbag.py:588} INFO - Filling up the DagBag from /home/ec2-user/environment/lab4_model_training/dags/ml_training_pipeline_v2.py
[2026-03-29T21:36:27.203+0000] {processor.py:925} INFO - DAG(s) 'ml_training_pipeline_v2' retrieved from /home/ec2-user/environment/lab4_model_training/dags/ml_training_pipeline_v2.py
[2026-03-29T21:36:27.216+0000] {logging_mixin.py:190} INFO - [2026-03-29T21:36:27.215+0000] {dag.py:3239} INFO - Sync 1 DAGs
[2026-03-29T21:36:27.224+0000] {logging_mixin.py:190} INFO - [2026-03-29T21:36:27.224+0000] {dag.py:4180} INFO - Setting next_dagrun for ml_training_pipeline_v2 to None, run_after=None
[2026-03-29T21:36:27.239+0000] {processor.py:208} INFO - Processing /home/ec2-user/environment/lab4_model_training/dags/ml_training_pipeline_v2.py took 1.431 seconds
[2026-03-29T21:36:57.405+0000] {processor.py:186} INFO - Started process (PID=16333) to work on /home/ec2-user/environment/lab4_model_training/dags/ml_training_pipeline_v2.py
[2026-03-29T21:36:57.406+0000] {processor.py:914} INFO - Processing file /home/ec2-user/environment/lab4_model_training/dags/ml_training_pipeline_v2.py for tasks to queue
[2026-03-29T21:36:57.407+0000] {logging_mixin.py:190} INFO - [2026-03-29T21:36:57.407+0000] {dagbag.py:588} INFO - Filling up the DagBag from /home/ec2-user/environment/lab4_model_training/dags/ml_training_pipeline_v2.py
[2026-03-29T21:36:58.795+0000] {processor.py:925} INFO - DAG(s) 'ml_training_pipeline_v2' retrieved from /home/ec2-user/environment/lab4_model_training/dags/ml_training_pipeline_v2.py
[2026-03-29T21:36:58.807+0000] {logging_mixin.py:190} INFO - [2026-03-29T21:36:58.807+0000] {dag.py:3239} INFO - Sync 1 DAGs
[2026-03-29T21:36:58.816+0000] {logging_mixin.py:190} INFO - [2026-03-29T21:36:58.815+0000] {dag.py:4180} INFO - Setting next_dagrun for ml_training_pipeline_v2 to None, run_after=None
[2026-03-29T21:36:58.831+0000] {processor.py:208} INFO - Processing /home/ec2-user/environment/lab4_model_training/dags/ml_training_pipeline_v2.py took 1.431 seconds
[2026-03-29T21:37:29.002+0000] {processor.py:186} INFO - Started process (PID=16424) to work on /home/ec2-user/environment/lab4_model_training/dags/ml_training_pipeline_v2.py
[2026-03-29T21:37:29.003+0000] {processor.py:914} INFO - Processing file /home/ec2-user/environment/lab4_model_training/dags/ml_training_pipeline_v2.py for tasks to queue
[2026-03-29T21:37:29.004+0000] {logging_mixin.py:190} INFO - [2026-03-29T21:37:29.004+0000] {dagbag.py:588} INFO - Filling up the DagBag from /home/ec2-user/environment/lab4_model_training/dags/ml_training_pipeline_v2.py
[2026-03-29T21:37:30.390+0000] {processor.py:925} INFO - DAG(s) 'ml_training_pipeline_v2' retrieved from /home/ec2-user/environment/lab4_model_training/dags/ml_training_pipeline_v2.py
[2026-03-29T21:37:30.402+0000] {logging_mixin.py:190} INFO - [2026-03-29T21:37:30.402+0000] {dag.py:3239} INFO - Sync 1 DAGs
[2026-03-29T21:37:30.413+0000] {logging_mixin.py:190} INFO - [2026-03-29T21:37:30.413+0000] {dag.py:4180} INFO - Setting next_dagrun for ml_training_pipeline_v2 to None, run_after=None
[2026-03-29T21:37:30.430+0000] {processor.py:208} INFO - Processing /home/ec2-user/environment/lab4_model_training/dags/ml_training_pipeline_v2.py took 1.433 seconds
[2026-03-29T21:38:00.602+0000] {processor.py:186} INFO - Started process (PID=16458) to work on /home/ec2-user/environment/lab4_model_training/dags/ml_training_pipeline_v2.py
[2026-03-29T21:38:00.603+0000] {processor.py:914} INFO - Processing file /home/ec2-user/environment/lab4_model_training/dags/ml_training_pipeline_v2.py for tasks to queue
[2026-03-29T21:38:00.604+0000] {logging_mixin.py:190} INFO - [2026-03-29T21:38:00.604+0000] {dagbag.py:588} INFO - Filling up the DagBag from /home/ec2-user/environment/lab4_model_training/dags/ml_training_pipeline_v2.py
[2026-03-29T21:38:01.978+0000] {processor.py:925} INFO - DAG(s) 'ml_training_pipeline_v2' retrieved from /home/ec2-user/environment/lab4_model_training/dags/ml_training_pipeline_v2.py
[2026-03-29T21:38:01.991+0000] {logging_mixin.py:190} INFO - [2026-03-29T21:38:01.990+0000] {dag.py:3239} INFO - Sync 1 DAGs
[2026-03-29T21:38:02.000+0000] {logging_mixin.py:190} INFO - [2026-03-29T21:38:01.999+0000] {dag.py:4180} INFO - Setting next_dagrun for ml_training_pipeline_v2 to None, run_after=None
[2026-03-29T21:38:02.015+0000] {processor.py:208} INFO - Processing /home/ec2-user/environment/lab4_model_training/dags/ml_training_pipeline_v2.py took 1.418 seconds
[2026-03-29T21:38:32.196+0000] {processor.py:186} INFO - Started process (PID=16498) to work on /home/ec2-user/environment/lab4_model_training/dags/ml_training_pipeline_v2.py
[2026-03-29T21:38:32.197+0000] {processor.py:914} INFO - Processing file /home/ec2-user/environment/lab4_model_training/dags/ml_training_pipeline_v2.py for tasks to queue
[2026-03-29T21:38:32.198+0000] {logging_mixin.py:190} INFO - [2026-03-29T21:38:32.198+0000] {dagbag.py:588} INFO - Filling up the DagBag from /home/ec2-user/environment/lab4_model_training/dags/ml_training_pipeline_v2.py
[2026-03-29T21:38:33.584+0000] {processor.py:925} INFO - DAG(s) 'ml_training_pipeline_v2' retrieved from /home/ec2-user/environment/lab4_model_training/dags/ml_training_pipeline_v2.py
[2026-03-29T21:38:33.597+0000] {logging_mixin.py:190} INFO - [2026-03-29T21:38:33.596+0000] {dag.py:3239} INFO - Sync 1 DAGs
[2026-03-29T21:38:33.606+0000] {logging_mixin.py:190} INFO - [2026-03-29T21:38:33.605+0000] {dag.py:4180} INFO - Setting next_dagrun for ml_training_pipeline_v2 to None, run_after=None
[2026-03-29T21:38:33.621+0000] {processor.py:208} INFO - Processing /home/ec2-user/environment/lab4_model_training/dags/ml_training_pipeline_v2.py took 1.429 seconds
[2026-03-29T21:39:03.794+0000] {processor.py:186} INFO - Started process (PID=16536) to work on /home/ec2-user/environment/lab4_model_training/dags/ml_training_pipeline_v2.py
[2026-03-29T21:39:03.795+0000] {processor.py:914} INFO - Processing file /home/ec2-user/environment/lab4_model_training/dags/ml_training_pipeline_v2.py for tasks to queue
[2026-03-29T21:39:03.796+0000] {logging_mixin.py:190} INFO - [2026-03-29T21:39:03.796+0000] {dagbag.py:588} INFO - Filling up the DagBag from /home/ec2-user/environment/lab4_model_training/dags/ml_training_pipeline_v2.py
[2026-03-29T21:39:05.149+0000] {processor.py:925} INFO - DAG(s) 'ml_training_pipeline_v2' retrieved from /home/ec2-user/environment/lab4_model_training/dags/ml_training_pipeline_v2.py
[2026-03-29T21:39:05.162+0000] {logging_mixin.py:190} INFO - [2026-03-29T21:39:05.161+0000] {dag.py:3239} INFO - Sync 1 DAGs
[2026-03-29T21:39:05.169+0000] {logging_mixin.py:190} INFO - [2026-03-29T21:39:05.169+0000] {dag.py:4180} INFO - Setting next_dagrun for ml_training_pipeline_v2 to None, run_after=None
[2026-03-29T21:39:05.185+0000] {processor.py:208} INFO - Processing /home/ec2-user/environment/lab4_model_training/dags/ml_training_pipeline_v2.py took 1.395 seconds
[2026-03-29T21:39:35.298+0000] {processor.py:186} INFO - Started process (PID=16650) to work on /home/ec2-user/environment/lab4_model_training/dags/ml_training_pipeline_v2.py
[2026-03-29T21:39:35.299+0000] {processor.py:914} INFO - Processing file /home/ec2-user/environment/lab4_model_training/dags/ml_training_pipeline_v2.py for tasks to queue
[2026-03-29T21:39:35.300+0000] {logging_mixin.py:190} INFO - [2026-03-29T21:39:35.300+0000] {dagbag.py:588} INFO - Filling up the DagBag from /home/ec2-user/environment/lab4_model_training/dags/ml_training_pipeline_v2.py
[2026-03-29T21:39:36.660+0000] {processor.py:925} INFO - DAG(s) 'ml_training_pipeline_v2' retrieved from /home/ec2-user/environment/lab4_model_training/dags/ml_training_pipeline_v2.py
[2026-03-29T21:39:36.672+0000] {logging_mixin.py:190} INFO - [2026-03-29T21:39:36.672+0000] {dag.py:3239} INFO - Sync 1 DAGs
[2026-03-29T21:39:36.680+0000] {logging_mixin.py:190} INFO - [2026-03-29T21:39:36.680+0000] {dag.py:4180} INFO - Setting next_dagrun for ml_training_pipeline_v2 to None, run_after=None
[2026-03-29T21:39:36.696+0000] {processor.py:208} INFO - Processing /home/ec2-user/environment/lab4_model_training/dags/ml_training_pipeline_v2.py took 1.402 seconds
[2026-03-29T21:40:06.894+0000] {processor.py:186} INFO - Started process (PID=16700) to work on /home/ec2-user/environment/lab4_model_training/dags/ml_training_pipeline_v2.py
[2026-03-29T21:40:06.895+0000] {processor.py:914} INFO - Processing file /home/ec2-user/environment/lab4_model_training/dags/ml_training_pipeline_v2.py for tasks to queue
[2026-03-29T21:40:06.896+0000] {logging_mixin.py:190} INFO - [2026-03-29T21:40:06.896+0000] {dagbag.py:588} INFO - Filling up the DagBag from /home/ec2-user/environment/lab4_model_training/dags/ml_training_pipeline_v2.py
[2026-03-29T21:40:08.248+0000] {processor.py:925} INFO - DAG(s) 'ml_training_pipeline_v2' retrieved from /home/ec2-user/environment/lab4_model_training/dags/ml_training_pipeline_v2.py
[2026-03-29T21:40:08.261+0000] {logging_mixin.py:190} INFO - [2026-03-29T21:40:08.260+0000] {dag.py:3239} INFO - Sync 1 DAGs
[2026-03-29T21:40:08.268+0000] {logging_mixin.py:190} INFO - [2026-03-29T21:40:08.268+0000] {dag.py:4180} INFO - Setting next_dagrun for ml_training_pipeline_v2 to None, run_after=None
[2026-03-29T21:40:08.284+0000] {processor.py:208} INFO - Processing /home/ec2-user/environment/lab4_model_training/dags/ml_training_pipeline_v2.py took 1.394 seconds
[2026-03-29T21:40:38.400+0000] {processor.py:186} INFO - Started process (PID=16789) to work on /home/ec2-user/environment/lab4_model_training/dags/ml_training_pipeline_v2.py
[2026-03-29T21:40:38.401+0000] {processor.py:914} INFO - Processing file /home/ec2-user/environment/lab4_model_training/dags/ml_training_pipeline_v2.py for tasks to queue
[2026-03-29T21:40:38.402+0000] {logging_mixin.py:190} INFO - [2026-03-29T21:40:38.401+0000] {dagbag.py:588} INFO - Filling up the DagBag from /home/ec2-user/environment/lab4_model_training/dags/ml_training_pipeline_v2.py
[2026-03-29T21:40:39.781+0000] {processor.py:925} INFO - DAG(s) 'ml_training_pipeline_v2' retrieved from /home/ec2-user/environment/lab4_model_training/dags/ml_training_pipeline_v2.py
[2026-03-29T21:40:39.793+0000] {logging_mixin.py:190} INFO - [2026-03-29T21:40:39.793+0000] {dag.py:3239} INFO - Sync 1 DAGs
[2026-03-29T21:40:39.801+0000] {logging_mixin.py:190} INFO - [2026-03-29T21:40:39.801+0000] {dag.py:4180} INFO - Setting next_dagrun for ml_training_pipeline_v2 to None, run_after=None
[2026-03-29T21:40:39.818+0000] {processor.py:208} INFO - Processing /home/ec2-user/environment/lab4_model_training/dags/ml_training_pipeline_v2.py took 1.423 seconds
[2026-03-29T21:41:09.995+0000] {processor.py:186} INFO - Started process (PID=16831) to work on /home/ec2-user/environment/lab4_model_training/dags/ml_training_pipeline_v2.py
[2026-03-29T21:41:09.995+0000] {processor.py:914} INFO - Processing file /home/ec2-user/environment/lab4_model_training/dags/ml_training_pipeline_v2.py for tasks to queue
[2026-03-29T21:41:09.996+0000] {logging_mixin.py:190} INFO - [2026-03-29T21:41:09.996+0000] {dagbag.py:588} INFO - Filling up the DagBag from /home/ec2-user/environment/lab4_model_training/dags/ml_training_pipeline_v2.py
[2026-03-29T21:41:11.385+0000] {processor.py:925} INFO - DAG(s) 'ml_training_pipeline_v2' retrieved from /home/ec2-user/environment/lab4_model_training/dags/ml_training_pipeline_v2.py
[2026-03-29T21:41:11.397+0000] {logging_mixin.py:190} INFO - [2026-03-29T21:41:11.397+0000] {dag.py:3239} INFO - Sync 1 DAGs
[2026-03-29T21:41:11.407+0000] {logging_mixin.py:190} INFO - [2026-03-29T21:41:11.407+0000] {dag.py:4180} INFO - Setting next_dagrun for ml_training_pipeline_v2 to None, run_after=None
[2026-03-29T21:41:11.422+0000] {processor.py:208} INFO - Processing /home/ec2-user/environment/lab4_model_training/dags/ml_training_pipeline_v2.py took 1.432 seconds
[2026-03-29T21:41:41.589+0000] {processor.py:186} INFO - Started process (PID=16863) to work on /home/ec2-user/environment/lab4_model_training/dags/ml_training_pipeline_v2.py
[2026-03-29T21:41:41.590+0000] {processor.py:914} INFO - Processing file /home/ec2-user/environment/lab4_model_training/dags/ml_training_pipeline_v2.py for tasks to queue
[2026-03-29T21:41:41.591+0000] {logging_mixin.py:190} INFO - [2026-03-29T21:41:41.590+0000] {dagbag.py:588} INFO - Filling up the DagBag from /home/ec2-user/environment/lab4_model_training/dags/ml_training_pipeline_v2.py
[2026-03-29T21:41:42.973+0000] {processor.py:925} INFO - DAG(s) 'ml_training_pipeline_v2' retrieved from /home/ec2-user/environment/lab4_model_training/dags/ml_training_pipeline_v2.py
[2026-03-29T21:41:42.986+0000] {logging_mixin.py:190} INFO - [2026-03-29T21:41:42.985+0000] {dag.py:3239} INFO - Sync 1 DAGs
[2026-03-29T21:41:42.995+0000] {logging_mixin.py:190} INFO - [2026-03-29T21:41:42.995+0000] {dag.py:4180} INFO - Setting next_dagrun for ml_training_pipeline_v2 to None, run_after=None
[2026-03-29T21:41:43.010+0000] {processor.py:208} INFO - Processing /home/ec2-user/environment/lab4_model_training/dags/ml_training_pipeline_v2.py took 1.425 seconds
[2026-03-29T21:42:13.186+0000] {processor.py:186} INFO - Started process (PID=16922) to work on /home/ec2-user/environment/lab4_model_training/dags/ml_training_pipeline_v2.py
[2026-03-29T21:42:13.187+0000] {processor.py:914} INFO - Processing file /home/ec2-user/environment/lab4_model_training/dags/ml_training_pipeline_v2.py for tasks to queue
[2026-03-29T21:42:13.188+0000] {logging_mixin.py:190} INFO - [2026-03-29T21:42:13.187+0000] {dagbag.py:588} INFO - Filling up the DagBag from /home/ec2-user/environment/lab4_model_training/dags/ml_training_pipeline_v2.py
[2026-03-29T21:42:14.575+0000] {processor.py:925} INFO - DAG(s) 'ml_training_pipeline_v2' retrieved from /home/ec2-user/environment/lab4_model_training/dags/ml_training_pipeline_v2.py
[2026-03-29T21:42:14.588+0000] {logging_mixin.py:190} INFO - [2026-03-29T21:42:14.588+0000] {dag.py:3239} INFO - Sync 1 DAGs
[2026-03-29T21:42:14.597+0000] {logging_mixin.py:190} INFO - [2026-03-29T21:42:14.596+0000] {dag.py:4180} INFO - Setting next_dagrun for ml_training_pipeline_v2 to None, run_after=None
[2026-03-29T21:42:14.612+0000] {processor.py:208} INFO - Processing /home/ec2-user/environment/lab4_model_training/dags/ml_training_pipeline_v2.py took 1.430 seconds
[2026-03-29T21:42:44.781+0000] {processor.py:186} INFO - Started process (PID=17005) to work on /home/ec2-user/environment/lab4_model_training/dags/ml_training_pipeline_v2.py
[2026-03-29T21:42:44.782+0000] {processor.py:914} INFO - Processing file /home/ec2-user/environment/lab4_model_training/dags/ml_training_pipeline_v2.py for tasks to queue
[2026-03-29T21:42:44.783+0000] {logging_mixin.py:190} INFO - [2026-03-29T21:42:44.783+0000] {dagbag.py:588} INFO - Filling up the DagBag from /home/ec2-user/environment/lab4_model_training/dags/ml_training_pipeline_v2.py
[2026-03-29T21:42:46.155+0000] {processor.py:925} INFO - DAG(s) 'ml_training_pipeline_v2' retrieved from /home/ec2-user/environment/lab4_model_training/dags/ml_training_pipeline_v2.py
[2026-03-29T21:42:46.167+0000] {logging_mixin.py:190} INFO - [2026-03-29T21:42:46.167+0000] {dag.py:3239} INFO - Sync 1 DAGs
[2026-03-29T21:42:46.175+0000] {logging_mixin.py:190} INFO - [2026-03-29T21:42:46.175+0000] {dag.py:4180} INFO - Setting next_dagrun for ml_training_pipeline_v2 to None, run_after=None
[2026-03-29T21:42:46.190+0000] {processor.py:208} INFO - Processing /home/ec2-user/environment/lab4_model_training/dags/ml_training_pipeline_v2.py took 1.414 seconds
[2026-03-29T21:43:16.377+0000] {processor.py:186} INFO - Started process (PID=17054) to work on /home/ec2-user/environment/lab4_model_training/dags/ml_training_pipeline_v2.py
[2026-03-29T21:43:16.378+0000] {processor.py:914} INFO - Processing file /home/ec2-user/environment/lab4_model_training/dags/ml_training_pipeline_v2.py for tasks to queue
[2026-03-29T21:43:16.379+0000] {logging_mixin.py:190} INFO - [2026-03-29T21:43:16.379+0000] {dagbag.py:588} INFO - Filling up the DagBag from /home/ec2-user/environment/lab4_model_training/dags/ml_training_pipeline_v2.py
[2026-03-29T21:43:17.756+0000] {processor.py:925} INFO - DAG(s) 'ml_training_pipeline_v2' retrieved from /home/ec2-user/environment/lab4_model_training/dags/ml_training_pipeline_v2.py
[2026-03-29T21:43:17.768+0000] {logging_mixin.py:190} INFO - [2026-03-29T21:43:17.768+0000] {dag.py:3239} INFO - Sync 1 DAGs
[2026-03-29T21:43:17.776+0000] {logging_mixin.py:190} INFO - [2026-03-29T21:43:17.776+0000] {dag.py:4180} INFO - Setting next_dagrun for ml_training_pipeline_v2 to None, run_after=None
[2026-03-29T21:43:17.791+0000] {processor.py:208} INFO - Processing /home/ec2-user/environment/lab4_model_training/dags/ml_training_pipeline_v2.py took 1.419 seconds
[2026-03-29T21:43:48.026+0000] {processor.py:186} INFO - Started process (PID=17106) to work on /home/ec2-user/environment/lab4_model_training/dags/ml_training_pipeline_v2.py
[2026-03-29T21:43:48.027+0000] {processor.py:914} INFO - Processing file /home/ec2-user/environment/lab4_model_training/dags/ml_training_pipeline_v2.py for tasks to queue
[2026-03-29T21:43:48.028+0000] {logging_mixin.py:190} INFO - [2026-03-29T21:43:48.028+0000] {dagbag.py:588} INFO - Filling up the DagBag from /home/ec2-user/environment/lab4_model_training/dags/ml_training_pipeline_v2.py
[2026-03-29T21:43:49.396+0000] {processor.py:925} INFO - DAG(s) 'ml_training_pipeline_v2' retrieved from /home/ec2-user/environment/lab4_model_training/dags/ml_training_pipeline_v2.py
[2026-03-29T21:43:49.408+0000] {logging_mixin.py:190} INFO - [2026-03-29T21:43:49.408+0000] {dag.py:3239} INFO - Sync 1 DAGs
[2026-03-29T21:43:49.416+0000] {logging_mixin.py:190} INFO - [2026-03-29T21:43:49.416+0000] {dag.py:4180} INFO - Setting next_dagrun for ml_training_pipeline_v2 to None, run_after=None
[2026-03-29T21:43:49.433+0000] {processor.py:208} INFO - Processing /home/ec2-user/environment/lab4_model_training/dags/ml_training_pipeline_v2.py took 1.411 seconds
[2026-03-29T21:44:19.625+0000] {processor.py:186} INFO - Started process (PID=17195) to work on /home/ec2-user/environment/lab4_model_training/dags/ml_training_pipeline_v2.py
[2026-03-29T21:44:19.626+0000] {processor.py:914} INFO - Processing file /home/ec2-user/environment/lab4_model_training/dags/ml_training_pipeline_v2.py for tasks to queue
[2026-03-29T21:44:19.627+0000] {logging_mixin.py:190} INFO - [2026-03-29T21:44:19.627+0000] {dagbag.py:588} INFO - Filling up the DagBag from /home/ec2-user/environment/lab4_model_training/dags/ml_training_pipeline_v2.py
[2026-03-29T21:44:20.974+0000] {processor.py:925} INFO - DAG(s) 'ml_training_pipeline_v2' retrieved from /home/ec2-user/environment/lab4_model_training/dags/ml_training_pipeline_v2.py
[2026-03-29T21:44:20.986+0000] {logging_mixin.py:190} INFO - [2026-03-29T21:44:20.986+0000] {dag.py:3239} INFO - Sync 1 DAGs
[2026-03-29T21:44:20.995+0000] {logging_mixin.py:190} INFO - [2026-03-29T21:44:20.995+0000] {dag.py:4180} INFO - Setting next_dagrun for ml_training_pipeline_v2 to None, run_after=None
[2026-03-29T21:44:21.010+0000] {processor.py:208} INFO - Processing /home/ec2-user/environment/lab4_model_training/dags/ml_training_pipeline_v2.py took 1.391 seconds
[2026-03-29T21:44:51.122+0000] {processor.py:186} INFO - Started process (PID=17224) to work on /home/ec2-user/environment/lab4_model_training/dags/ml_training_pipeline_v2.py
[2026-03-29T21:44:51.123+0000] {processor.py:914} INFO - Processing file /home/ec2-user/environment/lab4_model_training/dags/ml_training_pipeline_v2.py for tasks to queue
[2026-03-29T21:44:51.124+0000] {logging_mixin.py:190} INFO - [2026-03-29T21:44:51.123+0000] {dagbag.py:588} INFO - Filling up the DagBag from /home/ec2-user/environment/lab4_model_training/dags/ml_training_pipeline_v2.py
[2026-03-29T21:44:52.511+0000] {processor.py:925} INFO - DAG(s) 'ml_training_pipeline_v2' retrieved from /home/ec2-user/environment/lab4_model_training/dags/ml_training_pipeline_v2.py
[2026-03-29T21:44:52.524+0000] {logging_mixin.py:190} INFO - [2026-03-29T21:44:52.523+0000] {dag.py:3239} INFO - Sync 1 DAGs
[2026-03-29T21:44:52.532+0000] {logging_mixin.py:190} INFO - [2026-03-29T21:44:52.532+0000] {dag.py:4180} INFO - Setting next_dagrun for ml_training_pipeline_v2 to None, run_after=None
[2026-03-29T21:44:52.548+0000] {processor.py:208} INFO - Processing /home/ec2-user/environment/lab4_model_training/dags/ml_training_pipeline_v2.py took 1.431 seconds
[2026-03-29T21:45:22.717+0000] {processor.py:186} INFO - Started process (PID=17279) to work on /home/ec2-user/environment/lab4_model_training/dags/ml_training_pipeline_v2.py
[2026-03-29T21:45:22.717+0000] {processor.py:914} INFO - Processing file /home/ec2-user/environment/lab4_model_training/dags/ml_training_pipeline_v2.py for tasks to queue
[2026-03-29T21:45:22.718+0000] {logging_mixin.py:190} INFO - [2026-03-29T21:45:22.718+0000] {dagbag.py:588} INFO - Filling up the DagBag from /home/ec2-user/environment/lab4_model_training/dags/ml_training_pipeline_v2.py
[2026-03-29T21:45:24.066+0000] {processor.py:925} INFO - DAG(s) 'ml_training_pipeline_v2' retrieved from /home/ec2-user/environment/lab4_model_training/dags/ml_training_pipeline_v2.py
[2026-03-29T21:45:24.079+0000] {logging_mixin.py:190} INFO - [2026-03-29T21:45:24.079+0000] {dag.py:3239} INFO - Sync 1 DAGs
[2026-03-29T21:45:24.087+0000] {logging_mixin.py:190} INFO - [2026-03-29T21:45:24.087+0000] {dag.py:4180} INFO - Setting next_dagrun for ml_training_pipeline_v2 to None, run_after=None
[2026-03-29T21:45:24.102+0000] {processor.py:208} INFO - Processing /home/ec2-user/environment/lab4_model_training/dags/ml_training_pipeline_v2.py took 1.390 seconds
[2026-03-29T21:45:54.216+0000] {processor.py:186} INFO - Started process (PID=17312) to work on /home/ec2-user/environment/lab4_model_training/dags/ml_training_pipeline_v2.py
[2026-03-29T21:45:54.217+0000] {processor.py:914} INFO - Processing file /home/ec2-user/environment/lab4_model_training/dags/ml_training_pipeline_v2.py for tasks to queue
[2026-03-29T21:45:54.218+0000] {logging_mixin.py:190} INFO - [2026-03-29T21:45:54.217+0000] {dagbag.py:588} INFO - Filling up the DagBag from /home/ec2-user/environment/lab4_model_training/dags/ml_training_pipeline_v2.py
[2026-03-29T21:45:55.570+0000] {processor.py:925} INFO - DAG(s) 'ml_training_pipeline_v2' retrieved from /home/ec2-user/environment/lab4_model_training/dags/ml_training_pipeline_v2.py
[2026-03-29T21:45:55.582+0000] {logging_mixin.py:190} INFO - [2026-03-29T21:45:55.582+0000] {dag.py:3239} INFO - Sync 1 DAGs
[2026-03-29T21:45:55.590+0000] {logging_mixin.py:190} INFO - [2026-03-29T21:45:55.590+0000] {dag.py:4180} INFO - Setting next_dagrun for ml_training_pipeline_v2 to None, run_after=None
[2026-03-29T21:45:55.605+0000] {processor.py:208} INFO - Processing /home/ec2-user/environment/lab4_model_training/dags/ml_training_pipeline_v2.py took 1.395 seconds
[2026-03-29T21:46:25.717+0000] {processor.py:186} INFO - Started process (PID=17399) to work on /home/ec2-user/environment/lab4_model_training/dags/ml_training_pipeline_v2.py
[2026-03-29T21:46:25.717+0000] {processor.py:914} INFO - Processing file /home/ec2-user/environment/lab4_model_training/dags/ml_training_pipeline_v2.py for tasks to queue
[2026-03-29T21:46:25.718+0000] {logging_mixin.py:190} INFO - [2026-03-29T21:46:25.718+0000] {dagbag.py:588} INFO - Filling up the DagBag from /home/ec2-user/environment/lab4_model_training/dags/ml_training_pipeline_v2.py
[2026-03-29T21:46:27.067+0000] {processor.py:925} INFO - DAG(s) 'ml_training_pipeline_v2' retrieved from /home/ec2-user/environment/lab4_model_training/dags/ml_training_pipeline_v2.py
[2026-03-29T21:46:27.079+0000] {logging_mixin.py:190} INFO - [2026-03-29T21:46:27.079+0000] {dag.py:3239} INFO - Sync 1 DAGs
[2026-03-29T21:46:27.087+0000] {logging_mixin.py:190} INFO - [2026-03-29T21:46:27.087+0000] {dag.py:4180} INFO - Setting next_dagrun for ml_training_pipeline_v2 to None, run_after=None
[2026-03-29T21:46:27.102+0000] {processor.py:208} INFO - Processing /home/ec2-user/environment/lab4_model_training/dags/ml_training_pipeline_v2.py took 1.390 seconds
[2026-03-29T21:46:57.751+0000] {processor.py:186} INFO - Started process (PID=17455) to work on /home/ec2-user/environment/lab4_model_training/dags/ml_training_pipeline_v2.py
[2026-03-29T21:46:57.752+0000] {processor.py:914} INFO - Processing file /home/ec2-user/environment/lab4_model_training/dags/ml_training_pipeline_v2.py for tasks to queue
[2026-03-29T21:46:57.753+0000] {logging_mixin.py:190} INFO - [2026-03-29T21:46:57.752+0000] {dagbag.py:588} INFO - Filling up the DagBag from /home/ec2-user/environment/lab4_model_training/dags/ml_training_pipeline_v2.py
[2026-03-29T21:46:59.094+0000] {processor.py:925} INFO - DAG(s) 'ml_training_pipeline_v2' retrieved from /home/ec2-user/environment/lab4_model_training/dags/ml_training_pipeline_v2.py
[2026-03-29T21:46:59.106+0000] {logging_mixin.py:190} INFO - [2026-03-29T21:46:59.105+0000] {dag.py:3239} INFO - Sync 1 DAGs
[2026-03-29T21:46:59.114+0000] {logging_mixin.py:190} INFO - [2026-03-29T21:46:59.113+0000] {dag.py:4180} INFO - Setting next_dagrun for ml_training_pipeline_v2 to None, run_after=None
[2026-03-29T21:46:59.130+0000] {processor.py:208} INFO - Processing /home/ec2-user/environment/lab4_model_training/dags/ml_training_pipeline_v2.py took 1.384 seconds
[2026-03-29T21:47:29.254+0000] {processor.py:186} INFO - Started process (PID=17498) to work on /home/ec2-user/environment/lab4_model_training/dags/ml_training_pipeline_v2.py
[2026-03-29T21:47:29.255+0000] {processor.py:914} INFO - Processing file /home/ec2-user/environment/lab4_model_training/dags/ml_training_pipeline_v2.py for tasks to queue
[2026-03-29T21:47:29.257+0000] {logging_mixin.py:190} INFO - [2026-03-29T21:47:29.256+0000] {dagbag.py:588} INFO - Filling up the DagBag from /home/ec2-user/environment/lab4_model_training/dags/ml_training_pipeline_v2.py
[2026-03-29T21:47:30.603+0000] {processor.py:925} INFO - DAG(s) 'ml_training_pipeline_v2' retrieved from /home/ec2-user/environment/lab4_model_training/dags/ml_training_pipeline_v2.py
[2026-03-29T21:47:30.615+0000] {logging_mixin.py:190} INFO - [2026-03-29T21:47:30.614+0000] {dag.py:3239} INFO - Sync 1 DAGs
[2026-03-29T21:47:30.624+0000] {logging_mixin.py:190} INFO - [2026-03-29T21:47:30.623+0000] {dag.py:4180} INFO - Setting next_dagrun for ml_training_pipeline_v2 to None, run_after=None
[2026-03-29T21:47:30.639+0000] {processor.py:208} INFO - Processing /home/ec2-user/environment/lab4_model_training/dags/ml_training_pipeline_v2.py took 1.390 seconds
[2026-03-29T21:48:00.759+0000] {processor.py:186} INFO - Started process (PID=17534) to work on /home/ec2-user/environment/lab4_model_training/dags/ml_training_pipeline_v2.py
[2026-03-29T21:48:00.760+0000] {processor.py:914} INFO - Processing file /home/ec2-user/environment/lab4_model_training/dags/ml_training_pipeline_v2.py for tasks to queue
[2026-03-29T21:48:00.761+0000] {logging_mixin.py:190} INFO - [2026-03-29T21:48:00.760+0000] {dagbag.py:588} INFO - Filling up the DagBag from /home/ec2-user/environment/lab4_model_training/dags/ml_training_pipeline_v2.py
[2026-03-29T21:48:02.132+0000] {processor.py:925} INFO - DAG(s) 'ml_training_pipeline_v2' retrieved from /home/ec2-user/environment/lab4_model_training/dags/ml_training_pipeline_v2.py
[2026-03-29T21:48:02.144+0000] {logging_mixin.py:190} INFO - [2026-03-29T21:48:02.144+0000] {dag.py:3239} INFO - Sync 1 DAGs
[2026-03-29T21:48:02.153+0000] {logging_mixin.py:190} INFO - [2026-03-29T21:48:02.153+0000] {dag.py:4180} INFO - Setting next_dagrun for ml_training_pipeline_v2 to None, run_after=None
[2026-03-29T21:48:02.168+0000] {processor.py:208} INFO - Processing /home/ec2-user/environment/lab4_model_training/dags/ml_training_pipeline_v2.py took 1.414 seconds
[2026-03-29T21:48:32.360+0000] {processor.py:186} INFO - Started process (PID=17652) to work on /home/ec2-user/environment/lab4_model_training/dags/ml_training_pipeline_v2.py
[2026-03-29T21:48:32.361+0000] {processor.py:914} INFO - Processing file /home/ec2-user/environment/lab4_model_training/dags/ml_training_pipeline_v2.py for tasks to queue
[2026-03-29T21:48:32.362+0000] {logging_mixin.py:190} INFO - [2026-03-29T21:48:32.362+0000] {dagbag.py:588} INFO - Filling up the DagBag from /home/ec2-user/environment/lab4_model_training/dags/ml_training_pipeline_v2.py
[2026-03-29T21:48:33.709+0000] {processor.py:925} INFO - DAG(s) 'ml_training_pipeline_v2' retrieved from /home/ec2-user/environment/lab4_model_training/dags/ml_training_pipeline_v2.py
[2026-03-29T21:48:33.722+0000] {logging_mixin.py:190} INFO - [2026-03-29T21:48:33.722+0000] {dag.py:3239} INFO - Sync 1 DAGs
[2026-03-29T21:48:33.730+0000] {logging_mixin.py:190} INFO - [2026-03-29T21:48:33.730+0000] {dag.py:4180} INFO - Setting next_dagrun for ml_training_pipeline_v2 to None, run_after=None
[2026-03-29T21:48:33.745+0000] {processor.py:208} INFO - Processing /home/ec2-user/environment/lab4_model_training/dags/ml_training_pipeline_v2.py took 1.391 seconds
[2026-03-29T21:49:03.858+0000] {processor.py:186} INFO - Started process (PID=17700) to work on /home/ec2-user/environment/lab4_model_training/dags/ml_training_pipeline_v2.py
[2026-03-29T21:49:03.859+0000] {processor.py:914} INFO - Processing file /home/ec2-user/environment/lab4_model_training/dags/ml_training_pipeline_v2.py for tasks to queue
[2026-03-29T21:49:03.860+0000] {logging_mixin.py:190} INFO - [2026-03-29T21:49:03.860+0000] {dagbag.py:588} INFO - Filling up the DagBag from /home/ec2-user/environment/lab4_model_training/dags/ml_training_pipeline_v2.py
[2026-03-29T21:49:05.234+0000] {processor.py:925} INFO - DAG(s) 'ml_training_pipeline_v2' retrieved from /home/ec2-user/environment/lab4_model_training/dags/ml_training_pipeline_v2.py
[2026-03-29T21:49:05.246+0000] {logging_mixin.py:190} INFO - [2026-03-29T21:49:05.246+0000] {dag.py:3239} INFO - Sync 1 DAGs
[2026-03-29T21:49:05.254+0000] {logging_mixin.py:190} INFO - [2026-03-29T21:49:05.254+0000] {dag.py:4180} INFO - Setting next_dagrun for ml_training_pipeline_v2 to None, run_after=None
[2026-03-29T21:49:05.270+0000] {processor.py:208} INFO - Processing /home/ec2-user/environment/lab4_model_training/dags/ml_training_pipeline_v2.py took 1.416 seconds
[2026-03-29T21:49:35.725+0000] {processor.py:186} INFO - Started process (PID=17735) to work on /home/ec2-user/environment/lab4_model_training/dags/ml_training_pipeline_v2.py
[2026-03-29T21:49:35.725+0000] {processor.py:914} INFO - Processing file /home/ec2-user/environment/lab4_model_training/dags/ml_training_pipeline_v2.py for tasks to queue
[2026-03-29T21:49:35.726+0000] {logging_mixin.py:190} INFO - [2026-03-29T21:49:35.726+0000] {dagbag.py:588} INFO - Filling up the DagBag from /home/ec2-user/environment/lab4_model_training/dags/ml_training_pipeline_v2.py
[2026-03-29T21:49:37.072+0000] {processor.py:925} INFO - DAG(s) 'ml_training_pipeline_v2' retrieved from /home/ec2-user/environment/lab4_model_training/dags/ml_training_pipeline_v2.py
[2026-03-29T21:49:37.084+0000] {logging_mixin.py:190} INFO - [2026-03-29T21:49:37.084+0000] {dag.py:3239} INFO - Sync 1 DAGs
[2026-03-29T21:49:37.092+0000] {logging_mixin.py:190} INFO - [2026-03-29T21:49:37.092+0000] {dag.py:4180} INFO - Setting next_dagrun for ml_training_pipeline_v2 to None, run_after=None
[2026-03-29T21:49:37.107+0000] {processor.py:208} INFO - Processing /home/ec2-user/environment/lab4_model_training/dags/ml_training_pipeline_v2.py took 1.388 seconds
[2026-03-29T21:50:07.514+0000] {processor.py:186} INFO - Started process (PID=17794) to work on /home/ec2-user/environment/lab4_model_training/dags/ml_training_pipeline_v2.py
[2026-03-29T21:50:07.515+0000] {processor.py:914} INFO - Processing file /home/ec2-user/environment/lab4_model_training/dags/ml_training_pipeline_v2.py for tasks to queue
[2026-03-29T21:50:07.516+0000] {logging_mixin.py:190} INFO - [2026-03-29T21:50:07.516+0000] {dagbag.py:588} INFO - Filling up the DagBag from /home/ec2-user/environment/lab4_model_training/dags/ml_training_pipeline_v2.py
[2026-03-29T21:50:08.892+0000] {processor.py:925} INFO - DAG(s) 'ml_training_pipeline_v2' retrieved from /home/ec2-user/environment/lab4_model_training/dags/ml_training_pipeline_v2.py
[2026-03-29T21:50:08.904+0000] {logging_mixin.py:190} INFO - [2026-03-29T21:50:08.904+0000] {dag.py:3239} INFO - Sync 1 DAGs
[2026-03-29T21:50:08.912+0000] {logging_mixin.py:190} INFO - [2026-03-29T21:50:08.912+0000] {dag.py:4180} INFO - Setting next_dagrun for ml_training_pipeline_v2 to None, run_after=None
[2026-03-29T21:50:08.928+0000] {processor.py:208} INFO - Processing /home/ec2-user/environment/lab4_model_training/dags/ml_training_pipeline_v2.py took 1.419 seconds
[2026-03-29T21:50:39.029+0000] {processor.py:186} INFO - Started process (PID=17892) to work on /home/ec2-user/environment/lab4_model_training/dags/ml_training_pipeline_v2.py
[2026-03-29T21:50:39.029+0000] {processor.py:914} INFO - Processing file /home/ec2-user/environment/lab4_model_training/dags/ml_training_pipeline_v2.py for tasks to queue
[2026-03-29T21:50:39.030+0000] {logging_mixin.py:190} INFO - [2026-03-29T21:50:39.030+0000] {dagbag.py:588} INFO - Filling up the DagBag from /home/ec2-user/environment/lab4_model_training/dags/ml_training_pipeline_v2.py
[2026-03-29T21:50:40.386+0000] {processor.py:925} INFO - DAG(s) 'ml_training_pipeline_v2' retrieved from /home/ec2-user/environment/lab4_model_training/dags/ml_training_pipeline_v2.py
[2026-03-29T21:50:40.399+0000] {logging_mixin.py:190} INFO - [2026-03-29T21:50:40.398+0000] {dag.py:3239} INFO - Sync 1 DAGs
[2026-03-29T21:50:40.408+0000] {logging_mixin.py:190} INFO - [2026-03-29T21:50:40.407+0000] {dag.py:4180} INFO - Setting next_dagrun for ml_training_pipeline_v2 to None, run_after=None
[2026-03-29T21:50:40.422+0000] {processor.py:208} INFO - Processing /home/ec2-user/environment/lab4_model_training/dags/ml_training_pipeline_v2.py took 1.399 seconds
[2026-03-29T21:51:10.658+0000] {processor.py:186} INFO - Started process (PID=17969) to work on /home/ec2-user/environment/lab4_model_training/dags/ml_training_pipeline_v2.py
[2026-03-29T21:51:10.659+0000] {processor.py:914} INFO - Processing file /home/ec2-user/environment/lab4_model_training/dags/ml_training_pipeline_v2.py for tasks to queue
[2026-03-29T21:51:10.660+0000] {logging_mixin.py:190} INFO - [2026-03-29T21:51:10.659+0000] {dagbag.py:588} INFO - Filling up the DagBag from /home/ec2-user/environment/lab4_model_training/dags/ml_training_pipeline_v2.py
[2026-03-29T21:51:12.019+0000] {processor.py:925} INFO - DAG(s) 'ml_training_pipeline_v2' retrieved from /home/ec2-user/environment/lab4_model_training/dags/ml_training_pipeline_v2.py
[2026-03-29T21:51:12.031+0000] {logging_mixin.py:190} INFO - [2026-03-29T21:51:12.031+0000] {dag.py:3239} INFO - Sync 1 DAGs
[2026-03-29T21:51:12.040+0000] {logging_mixin.py:190} INFO - [2026-03-29T21:51:12.040+0000] {dag.py:4180} INFO - Setting next_dagrun for ml_training_pipeline_v2 to None, run_after=None
[2026-03-29T21:51:12.055+0000] {processor.py:208} INFO - Processing /home/ec2-user/environment/lab4_model_training/dags/ml_training_pipeline_v2.py took 1.403 seconds
[2026-03-29T21:51:43.122+0000] {processor.py:186} INFO - Started process (PID=18001) to work on /home/ec2-user/environment/lab4_model_training/dags/ml_training_pipeline_v2.py
[2026-03-29T21:51:43.123+0000] {processor.py:914} INFO - Processing file /home/ec2-user/environment/lab4_model_training/dags/ml_training_pipeline_v2.py for tasks to queue
[2026-03-29T21:51:43.124+0000] {logging_mixin.py:190} INFO - [2026-03-29T21:51:43.124+0000] {dagbag.py:588} INFO - Filling up the DagBag from /home/ec2-user/environment/lab4_model_training/dags/ml_training_pipeline_v2.py
[2026-03-29T21:51:44.517+0000] {processor.py:925} INFO - DAG(s) 'ml_training_pipeline_v2' retrieved from /home/ec2-user/environment/lab4_model_training/dags/ml_training_pipeline_v2.py
[2026-03-29T21:51:44.530+0000] {logging_mixin.py:190} INFO - [2026-03-29T21:51:44.530+0000] {dag.py:3239} INFO - Sync 1 DAGs
[2026-03-29T21:51:44.538+0000] {logging_mixin.py:190} INFO - [2026-03-29T21:51:44.538+0000] {dag.py:4180} INFO - Setting next_dagrun for ml_training_pipeline_v2 to None, run_after=None
[2026-03-29T21:51:44.553+0000] {processor.py:208} INFO - Processing /home/ec2-user/environment/lab4_model_training/dags/ml_training_pipeline_v2.py took 1.436 seconds
[2026-03-29T21:51:53.201+0000] {processor.py:186} INFO - Started process (PID=18020) to work on /home/ec2-user/environment/lab4_model_training/dags/ml_training_pipeline_v2.py
[2026-03-29T21:51:53.202+0000] {processor.py:914} INFO - Processing file /home/ec2-user/environment/lab4_model_training/dags/ml_training_pipeline_v2.py for tasks to queue
[2026-03-29T21:51:53.203+0000] {logging_mixin.py:190} INFO - [2026-03-29T21:51:53.202+0000] {dagbag.py:588} INFO - Filling up the DagBag from /home/ec2-user/environment/lab4_model_training/dags/ml_training_pipeline_v2.py
[2026-03-29T21:51:54.602+0000] {processor.py:925} INFO - DAG(s) 'ml_training_pipeline_v2' retrieved from /home/ec2-user/environment/lab4_model_training/dags/ml_training_pipeline_v2.py
[2026-03-29T21:51:54.615+0000] {logging_mixin.py:190} INFO - [2026-03-29T21:51:54.615+0000] {dag.py:3239} INFO - Sync 1 DAGs
[2026-03-29T21:51:54.623+0000] {logging_mixin.py:190} INFO - [2026-03-29T21:51:54.623+0000] {dag.py:4180} INFO - Setting next_dagrun for ml_training_pipeline_v2 to None, run_after=None
[2026-03-29T21:51:54.638+0000] {processor.py:208} INFO - Processing /home/ec2-user/environment/lab4_model_training/dags/ml_training_pipeline_v2.py took 1.442 seconds
[2026-03-29T21:52:25.643+0000] {processor.py:186} INFO - Started process (PID=18146) to work on /home/ec2-user/environment/lab4_model_training/dags/ml_training_pipeline_v2.py
[2026-03-29T21:52:25.644+0000] {processor.py:914} INFO - Processing file /home/ec2-user/environment/lab4_model_training/dags/ml_training_pipeline_v2.py for tasks to queue
[2026-03-29T21:52:25.645+0000] {logging_mixin.py:190} INFO - [2026-03-29T21:52:25.644+0000] {dagbag.py:588} INFO - Filling up the DagBag from /home/ec2-user/environment/lab4_model_training/dags/ml_training_pipeline_v2.py
[2026-03-29T21:52:27.023+0000] {processor.py:925} INFO - DAG(s) 'ml_training_pipeline_v2' retrieved from /home/ec2-user/environment/lab4_model_training/dags/ml_training_pipeline_v2.py
[2026-03-29T21:52:27.036+0000] {logging_mixin.py:190} INFO - [2026-03-29T21:52:27.036+0000] {dag.py:3239} INFO - Sync 1 DAGs
[2026-03-29T21:52:27.044+0000] {logging_mixin.py:190} INFO - [2026-03-29T21:52:27.044+0000] {dag.py:4180} INFO - Setting next_dagrun for ml_training_pipeline_v2 to None, run_after=None
[2026-03-29T21:52:27.059+0000] {processor.py:208} INFO - Processing /home/ec2-user/environment/lab4_model_training/dags/ml_training_pipeline_v2.py took 1.422 seconds
[2026-03-29T21:52:57.363+0000] {processor.py:186} INFO - Started process (PID=18176) to work on /home/ec2-user/environment/lab4_model_training/dags/ml_training_pipeline_v2.py
[2026-03-29T21:52:57.364+0000] {processor.py:914} INFO - Processing file /home/ec2-user/environment/lab4_model_training/dags/ml_training_pipeline_v2.py for tasks to queue
[2026-03-29T21:52:57.365+0000] {logging_mixin.py:190} INFO - [2026-03-29T21:52:57.365+0000] {dagbag.py:588} INFO - Filling up the DagBag from /home/ec2-user/environment/lab4_model_training/dags/ml_training_pipeline_v2.py
[2026-03-29T21:52:58.745+0000] {processor.py:925} INFO - DAG(s) 'ml_training_pipeline_v2' retrieved from /home/ec2-user/environment/lab4_model_training/dags/ml_training_pipeline_v2.py
[2026-03-29T21:52:58.758+0000] {logging_mixin.py:190} INFO - [2026-03-29T21:52:58.758+0000] {dag.py:3239} INFO - Sync 1 DAGs
[2026-03-29T21:52:58.766+0000] {logging_mixin.py:190} INFO - [2026-03-29T21:52:58.766+0000] {dag.py:4180} INFO - Setting next_dagrun for ml_training_pipeline_v2 to None, run_after=None
[2026-03-29T21:52:58.781+0000] {processor.py:208} INFO - Processing /home/ec2-user/environment/lab4_model_training/dags/ml_training_pipeline_v2.py took 1.422 seconds
[2026-03-29T21:53:28.959+0000] {processor.py:186} INFO - Started process (PID=18224) to work on /home/ec2-user/environment/lab4_model_training/dags/ml_training_pipeline_v2.py
[2026-03-29T21:53:28.960+0000] {processor.py:914} INFO - Processing file /home/ec2-user/environment/lab4_model_training/dags/ml_training_pipeline_v2.py for tasks to queue
[2026-03-29T21:53:28.961+0000] {logging_mixin.py:190} INFO - [2026-03-29T21:53:28.961+0000] {dagbag.py:588} INFO - Filling up the DagBag from /home/ec2-user/environment/lab4_model_training/dags/ml_training_pipeline_v2.py
[2026-03-29T21:53:30.334+0000] {processor.py:925} INFO - DAG(s) 'ml_training_pipeline_v2' retrieved from /home/ec2-user/environment/lab4_model_training/dags/ml_training_pipeline_v2.py
[2026-03-29T21:53:30.346+0000] {logging_mixin.py:190} INFO - [2026-03-29T21:53:30.346+0000] {dag.py:3239} INFO - Sync 1 DAGs
[2026-03-29T21:53:30.354+0000] {logging_mixin.py:190} INFO - [2026-03-29T21:53:30.354+0000] {dag.py:4180} INFO - Setting next_dagrun for ml_training_pipeline_v2 to None, run_after=None
[2026-03-29T21:53:30.369+0000] {processor.py:208} INFO - Processing /home/ec2-user/environment/lab4_model_training/dags/ml_training_pipeline_v2.py took 1.415 seconds
[2026-03-29T21:54:00.553+0000] {processor.py:186} INFO - Started process (PID=18309) to work on /home/ec2-user/environment/lab4_model_training/dags/ml_training_pipeline_v2.py
[2026-03-29T21:54:00.554+0000] {processor.py:914} INFO - Processing file /home/ec2-user/environment/lab4_model_training/dags/ml_training_pipeline_v2.py for tasks to queue
[2026-03-29T21:54:00.555+0000] {logging_mixin.py:190} INFO - [2026-03-29T21:54:00.555+0000] {dagbag.py:588} INFO - Filling up the DagBag from /home/ec2-user/environment/lab4_model_training/dags/ml_training_pipeline_v2.py
[2026-03-29T21:54:01.965+0000] {processor.py:925} INFO - DAG(s) 'ml_training_pipeline_v2' retrieved from /home/ec2-user/environment/lab4_model_training/dags/ml_training_pipeline_v2.py
[2026-03-29T21:54:01.978+0000] {logging_mixin.py:190} INFO - [2026-03-29T21:54:01.977+0000] {dag.py:3239} INFO - Sync 1 DAGs
[2026-03-29T21:54:01.986+0000] {logging_mixin.py:190} INFO - [2026-03-29T21:54:01.986+0000] {dag.py:4180} INFO - Setting next_dagrun for ml_training_pipeline_v2 to None, run_after=None
[2026-03-29T21:54:02.002+0000] {processor.py:208} INFO - Processing /home/ec2-user/environment/lab4_model_training/dags/ml_training_pipeline_v2.py took 1.453 seconds
[2026-03-29T22:48:01.131+0000] {processor.py:186} INFO - Started process (PID=8675) to work on /home/ec2-user/environment/lab4_model_training/dags/ml_training_pipeline_v2.py
[2026-03-29T22:48:01.133+0000] {processor.py:914} INFO - Processing file /home/ec2-user/environment/lab4_model_training/dags/ml_training_pipeline_v2.py for tasks to queue
[2026-03-29T22:48:01.134+0000] {logging_mixin.py:190} INFO - [2026-03-29T22:48:01.134+0000] {dagbag.py:588} INFO - Filling up the DagBag from /home/ec2-user/environment/lab4_model_training/dags/ml_training_pipeline_v2.py
[2026-03-29T22:48:02.555+0000] {processor.py:925} INFO - DAG(s) 'ml_training_pipeline_v2' retrieved from /home/ec2-user/environment/lab4_model_training/dags/ml_training_pipeline_v2.py
[2026-03-29T22:48:02.568+0000] {logging_mixin.py:190} INFO - [2026-03-29T22:48:02.568+0000] {dag.py:3239} INFO - Sync 1 DAGs
[2026-03-29T22:48:02.578+0000] {logging_mixin.py:190} INFO - [2026-03-29T22:48:02.578+0000] {dag.py:4180} INFO - Setting next_dagrun for ml_training_pipeline_v2 to None, run_after=None
[2026-03-29T22:48:02.595+0000] {processor.py:208} INFO - Processing /home/ec2-user/environment/lab4_model_training/dags/ml_training_pipeline_v2.py took 1.468 seconds
[2026-03-29T22:48:33.303+0000] {processor.py:186} INFO - Started process (PID=8938) to work on /home/ec2-user/environment/lab4_model_training/dags/ml_training_pipeline_v2.py
[2026-03-29T22:48:33.304+0000] {processor.py:914} INFO - Processing file /home/ec2-user/environment/lab4_model_training/dags/ml_training_pipeline_v2.py for tasks to queue
[2026-03-29T22:48:33.305+0000] {logging_mixin.py:190} INFO - [2026-03-29T22:48:33.304+0000] {dagbag.py:588} INFO - Filling up the DagBag from /home/ec2-user/environment/lab4_model_training/dags/ml_training_pipeline_v2.py
[2026-03-29T22:48:35.005+0000] {processor.py:925} INFO - DAG(s) 'ml_training_pipeline_v2' retrieved from /home/ec2-user/environment/lab4_model_training/dags/ml_training_pipeline_v2.py
[2026-03-29T22:48:35.024+0000] {logging_mixin.py:190} INFO - [2026-03-29T22:48:35.024+0000] {dag.py:3239} INFO - Sync 1 DAGs
[2026-03-29T22:48:35.037+0000] {logging_mixin.py:190} INFO - [2026-03-29T22:48:35.037+0000] {dag.py:4180} INFO - Setting next_dagrun for ml_training_pipeline_v2 to None, run_after=None
[2026-03-29T22:48:35.059+0000] {processor.py:208} INFO - Processing /home/ec2-user/environment/lab4_model_training/dags/ml_training_pipeline_v2.py took 1.761 seconds
[2026-03-29T22:49:05.171+0000] {processor.py:186} INFO - Started process (PID=9154) to work on /home/ec2-user/environment/lab4_model_training/dags/ml_training_pipeline_v2.py
[2026-03-29T22:49:05.172+0000] {processor.py:914} INFO - Processing file /home/ec2-user/environment/lab4_model_training/dags/ml_training_pipeline_v2.py for tasks to queue
[2026-03-29T22:49:05.174+0000] {logging_mixin.py:190} INFO - [2026-03-29T22:49:05.173+0000] {dagbag.py:588} INFO - Filling up the DagBag from /home/ec2-user/environment/lab4_model_training/dags/ml_training_pipeline_v2.py
[2026-03-29T22:49:06.509+0000] {processor.py:925} INFO - DAG(s) 'ml_training_pipeline_v2' retrieved from /home/ec2-user/environment/lab4_model_training/dags/ml_training_pipeline_v2.py
[2026-03-29T22:49:06.522+0000] {logging_mixin.py:190} INFO - [2026-03-29T22:49:06.522+0000] {dag.py:3239} INFO - Sync 1 DAGs
[2026-03-29T22:49:06.531+0000] {logging_mixin.py:190} INFO - [2026-03-29T22:49:06.531+0000] {dag.py:4180} INFO - Setting next_dagrun for ml_training_pipeline_v2 to None, run_after=None
[2026-03-29T22:49:06.548+0000] {processor.py:208} INFO - Processing /home/ec2-user/environment/lab4_model_training/dags/ml_training_pipeline_v2.py took 1.381 seconds
[2026-03-29T22:49:37.284+0000] {processor.py:186} INFO - Started process (PID=9380) to work on /home/ec2-user/environment/lab4_model_training/dags/ml_training_pipeline_v2.py
[2026-03-29T22:49:37.285+0000] {processor.py:914} INFO - Processing file /home/ec2-user/environment/lab4_model_training/dags/ml_training_pipeline_v2.py for tasks to queue
[2026-03-29T22:49:37.286+0000] {logging_mixin.py:190} INFO - [2026-03-29T22:49:37.286+0000] {dagbag.py:588} INFO - Filling up the DagBag from /home/ec2-user/environment/lab4_model_training/dags/ml_training_pipeline_v2.py
[2026-03-29T22:49:38.641+0000] {processor.py:925} INFO - DAG(s) 'ml_training_pipeline_v2' retrieved from /home/ec2-user/environment/lab4_model_training/dags/ml_training_pipeline_v2.py
[2026-03-29T22:49:38.655+0000] {logging_mixin.py:190} INFO - [2026-03-29T22:49:38.654+0000] {dag.py:3239} INFO - Sync 1 DAGs
[2026-03-29T22:49:38.663+0000] {logging_mixin.py:190} INFO - [2026-03-29T22:49:38.663+0000] {dag.py:4180} INFO - Setting next_dagrun for ml_training_pipeline_v2 to None, run_after=None
[2026-03-29T22:49:38.680+0000] {processor.py:208} INFO - Processing /home/ec2-user/environment/lab4_model_training/dags/ml_training_pipeline_v2.py took 1.401 seconds
[2026-03-29T22:50:08.924+0000] {processor.py:186} INFO - Started process (PID=9533) to work on /home/ec2-user/environment/lab4_model_training/dags/ml_training_pipeline_v2.py
[2026-03-29T22:50:08.925+0000] {processor.py:914} INFO - Processing file /home/ec2-user/environment/lab4_model_training/dags/ml_training_pipeline_v2.py for tasks to queue
[2026-03-29T22:50:08.926+0000] {logging_mixin.py:190} INFO - [2026-03-29T22:50:08.925+0000] {dagbag.py:588} INFO - Filling up the DagBag from /home/ec2-user/environment/lab4_model_training/dags/ml_training_pipeline_v2.py
[2026-03-29T22:50:10.290+0000] {processor.py:925} INFO - DAG(s) 'ml_training_pipeline_v2' retrieved from /home/ec2-user/environment/lab4_model_training/dags/ml_training_pipeline_v2.py
[2026-03-29T22:50:10.303+0000] {logging_mixin.py:190} INFO - [2026-03-29T22:50:10.303+0000] {dag.py:3239} INFO - Sync 1 DAGs
[2026-03-29T22:50:10.312+0000] {logging_mixin.py:190} INFO - [2026-03-29T22:50:10.312+0000] {dag.py:4180} INFO - Setting next_dagrun for ml_training_pipeline_v2 to None, run_after=None
[2026-03-29T22:50:10.330+0000] {processor.py:208} INFO - Processing /home/ec2-user/environment/lab4_model_training/dags/ml_training_pipeline_v2.py took 1.410 seconds
[2026-03-29T22:50:40.700+0000] {processor.py:186} INFO - Started process (PID=9789) to work on /home/ec2-user/environment/lab4_model_training/dags/ml_training_pipeline_v2.py
[2026-03-29T22:50:40.701+0000] {processor.py:914} INFO - Processing file /home/ec2-user/environment/lab4_model_training/dags/ml_training_pipeline_v2.py for tasks to queue
[2026-03-29T22:50:40.702+0000] {logging_mixin.py:190} INFO - [2026-03-29T22:50:40.702+0000] {dagbag.py:588} INFO - Filling up the DagBag from /home/ec2-user/environment/lab4_model_training/dags/ml_training_pipeline_v2.py
[2026-03-29T22:50:42.173+0000] {processor.py:925} INFO - DAG(s) 'ml_training_pipeline_v2' retrieved from /home/ec2-user/environment/lab4_model_training/dags/ml_training_pipeline_v2.py
[2026-03-29T22:50:42.186+0000] {logging_mixin.py:190} INFO - [2026-03-29T22:50:42.186+0000] {dag.py:3239} INFO - Sync 1 DAGs
[2026-03-29T22:50:42.195+0000] {logging_mixin.py:190} INFO - [2026-03-29T22:50:42.195+0000] {dag.py:4180} INFO - Setting next_dagrun for ml_training_pipeline_v2 to None, run_after=None
[2026-03-29T22:50:42.213+0000] {processor.py:208} INFO - Processing /home/ec2-user/environment/lab4_model_training/dags/ml_training_pipeline_v2.py took 1.518 seconds
[2026-03-29T22:51:12.876+0000] {processor.py:186} INFO - Started process (PID=10003) to work on /home/ec2-user/environment/lab4_model_training/dags/ml_training_pipeline_v2.py
[2026-03-29T22:51:12.877+0000] {processor.py:914} INFO - Processing file /home/ec2-user/environment/lab4_model_training/dags/ml_training_pipeline_v2.py for tasks to queue
[2026-03-29T22:51:12.879+0000] {logging_mixin.py:190} INFO - [2026-03-29T22:51:12.878+0000] {dagbag.py:588} INFO - Filling up the DagBag from /home/ec2-user/environment/lab4_model_training/dags/ml_training_pipeline_v2.py
[2026-03-29T22:51:14.349+0000] {processor.py:925} INFO - DAG(s) 'ml_training_pipeline_v2' retrieved from /home/ec2-user/environment/lab4_model_training/dags/ml_training_pipeline_v2.py
[2026-03-29T22:51:14.363+0000] {logging_mixin.py:190} INFO - [2026-03-29T22:51:14.362+0000] {dag.py:3239} INFO - Sync 1 DAGs
[2026-03-29T22:51:14.372+0000] {logging_mixin.py:190} INFO - [2026-03-29T22:51:14.372+0000] {dag.py:4180} INFO - Setting next_dagrun for ml_training_pipeline_v2 to None, run_after=None
[2026-03-29T22:51:14.389+0000] {processor.py:208} INFO - Processing /home/ec2-user/environment/lab4_model_training/dags/ml_training_pipeline_v2.py took 1.517 seconds
[2026-03-29T22:51:44.497+0000] {processor.py:186} INFO - Started process (PID=10224) to work on /home/ec2-user/environment/lab4_model_training/dags/ml_training_pipeline_v2.py
[2026-03-29T22:51:44.499+0000] {processor.py:914} INFO - Processing file /home/ec2-user/environment/lab4_model_training/dags/ml_training_pipeline_v2.py for tasks to queue
[2026-03-29T22:51:44.500+0000] {logging_mixin.py:190} INFO - [2026-03-29T22:51:44.499+0000] {dagbag.py:588} INFO - Filling up the DagBag from /home/ec2-user/environment/lab4_model_training/dags/ml_training_pipeline_v2.py
[2026-03-29T22:51:45.891+0000] {processor.py:925} INFO - DAG(s) 'ml_training_pipeline_v2' retrieved from /home/ec2-user/environment/lab4_model_training/dags/ml_training_pipeline_v2.py
[2026-03-29T22:51:45.905+0000] {logging_mixin.py:190} INFO - [2026-03-29T22:51:45.904+0000] {dag.py:3239} INFO - Sync 1 DAGs
[2026-03-29T22:51:45.914+0000] {logging_mixin.py:190} INFO - [2026-03-29T22:51:45.914+0000] {dag.py:4180} INFO - Setting next_dagrun for ml_training_pipeline_v2 to None, run_after=None
[2026-03-29T22:51:45.931+0000] {processor.py:208} INFO - Processing /home/ec2-user/environment/lab4_model_training/dags/ml_training_pipeline_v2.py took 1.438 seconds
[2026-03-29T22:52:19.736+0000] {processor.py:186} INFO - Started process (PID=10515) to work on /home/ec2-user/environment/lab4_model_training/dags/ml_training_pipeline_v2.py
[2026-03-29T22:52:19.738+0000] {processor.py:914} INFO - Processing file /home/ec2-user/environment/lab4_model_training/dags/ml_training_pipeline_v2.py for tasks to queue
[2026-03-29T22:52:19.739+0000] {logging_mixin.py:190} INFO - [2026-03-29T22:52:19.738+0000] {dagbag.py:588} INFO - Filling up the DagBag from /home/ec2-user/environment/lab4_model_training/dags/ml_training_pipeline_v2.py
[2026-03-29T22:52:21.188+0000] {processor.py:925} INFO - DAG(s) 'ml_training_pipeline_v2' retrieved from /home/ec2-user/environment/lab4_model_training/dags/ml_training_pipeline_v2.py
[2026-03-29T22:52:21.201+0000] {logging_mixin.py:190} INFO - [2026-03-29T22:52:21.201+0000] {dag.py:3239} INFO - Sync 1 DAGs
[2026-03-29T22:52:21.210+0000] {logging_mixin.py:190} INFO - [2026-03-29T22:52:21.210+0000] {dag.py:4180} INFO - Setting next_dagrun for ml_training_pipeline_v2 to None, run_after=None
[2026-03-29T22:52:21.238+0000] {processor.py:208} INFO - Processing /home/ec2-user/environment/lab4_model_training/dags/ml_training_pipeline_v2.py took 1.505 seconds
[2026-03-29T22:52:51.419+0000] {processor.py:186} INFO - Started process (PID=10755) to work on /home/ec2-user/environment/lab4_model_training/dags/ml_training_pipeline_v2.py
[2026-03-29T22:52:51.420+0000] {processor.py:914} INFO - Processing file /home/ec2-user/environment/lab4_model_training/dags/ml_training_pipeline_v2.py for tasks to queue
[2026-03-29T22:52:51.421+0000] {logging_mixin.py:190} INFO - [2026-03-29T22:52:51.421+0000] {dagbag.py:588} INFO - Filling up the DagBag from /home/ec2-user/environment/lab4_model_training/dags/ml_training_pipeline_v2.py
[2026-03-29T22:52:52.811+0000] {processor.py:925} INFO - DAG(s) 'ml_training_pipeline_v2' retrieved from /home/ec2-user/environment/lab4_model_training/dags/ml_training_pipeline_v2.py
[2026-03-29T22:52:52.824+0000] {logging_mixin.py:190} INFO - [2026-03-29T22:52:52.823+0000] {dag.py:3239} INFO - Sync 1 DAGs
[2026-03-29T22:52:52.833+0000] {logging_mixin.py:190} INFO - [2026-03-29T22:52:52.832+0000] {dag.py:4180} INFO - Setting next_dagrun for ml_training_pipeline_v2 to None, run_after=None
[2026-03-29T22:52:52.850+0000] {processor.py:208} INFO - Processing /home/ec2-user/environment/lab4_model_training/dags/ml_training_pipeline_v2.py took 1.437 seconds
[2026-03-29T22:53:22.998+0000] {processor.py:186} INFO - Started process (PID=10967) to work on /home/ec2-user/environment/lab4_model_training/dags/ml_training_pipeline_v2.py
[2026-03-29T22:53:22.999+0000] {processor.py:914} INFO - Processing file /home/ec2-user/environment/lab4_model_training/dags/ml_training_pipeline_v2.py for tasks to queue
[2026-03-29T22:53:23.000+0000] {logging_mixin.py:190} INFO - [2026-03-29T22:53:22.999+0000] {dagbag.py:588} INFO - Filling up the DagBag from /home/ec2-user/environment/lab4_model_training/dags/ml_training_pipeline_v2.py
[2026-03-29T22:53:24.315+0000] {processor.py:925} INFO - DAG(s) 'ml_training_pipeline_v2' retrieved from /home/ec2-user/environment/lab4_model_training/dags/ml_training_pipeline_v2.py
[2026-03-29T22:53:24.328+0000] {logging_mixin.py:190} INFO - [2026-03-29T22:53:24.328+0000] {dag.py:3239} INFO - Sync 1 DAGs
[2026-03-29T22:53:24.337+0000] {logging_mixin.py:190} INFO - [2026-03-29T22:53:24.337+0000] {dag.py:4180} INFO - Setting next_dagrun for ml_training_pipeline_v2 to None, run_after=None
[2026-03-29T22:53:24.356+0000] {processor.py:208} INFO - Processing /home/ec2-user/environment/lab4_model_training/dags/ml_training_pipeline_v2.py took 1.363 seconds
[2026-03-29T22:53:54.552+0000] {processor.py:186} INFO - Started process (PID=11210) to work on /home/ec2-user/environment/lab4_model_training/dags/ml_training_pipeline_v2.py
[2026-03-29T22:53:54.552+0000] {processor.py:914} INFO - Processing file /home/ec2-user/environment/lab4_model_training/dags/ml_training_pipeline_v2.py for tasks to queue
[2026-03-29T22:53:54.553+0000] {logging_mixin.py:190} INFO - [2026-03-29T22:53:54.553+0000] {dagbag.py:588} INFO - Filling up the DagBag from /home/ec2-user/environment/lab4_model_training/dags/ml_training_pipeline_v2.py
[2026-03-29T22:53:55.802+0000] {processor.py:925} INFO - DAG(s) 'ml_training_pipeline_v2' retrieved from /home/ec2-user/environment/lab4_model_training/dags/ml_training_pipeline_v2.py
[2026-03-29T22:53:55.815+0000] {logging_mixin.py:190} INFO - [2026-03-29T22:53:55.815+0000] {dag.py:3239} INFO - Sync 1 DAGs
[2026-03-29T22:53:55.824+0000] {logging_mixin.py:190} INFO - [2026-03-29T22:53:55.823+0000] {dag.py:4180} INFO - Setting next_dagrun for ml_training_pipeline_v2 to None, run_after=None
[2026-03-29T22:53:55.841+0000] {processor.py:208} INFO - Processing /home/ec2-user/environment/lab4_model_training/dags/ml_training_pipeline_v2.py took 1.294 seconds
[2026-03-29T22:54:25.921+0000] {processor.py:186} INFO - Started process (PID=11417) to work on /home/ec2-user/environment/lab4_model_training/dags/ml_training_pipeline_v2.py
[2026-03-29T22:54:25.923+0000] {processor.py:914} INFO - Processing file /home/ec2-user/environment/lab4_model_training/dags/ml_training_pipeline_v2.py for tasks to queue
[2026-03-29T22:54:25.924+0000] {logging_mixin.py:190} INFO - [2026-03-29T22:54:25.923+0000] {dagbag.py:588} INFO - Filling up the DagBag from /home/ec2-user/environment/lab4_model_training/dags/ml_training_pipeline_v2.py
[2026-03-29T22:54:27.205+0000] {processor.py:925} INFO - DAG(s) 'ml_training_pipeline_v2' retrieved from /home/ec2-user/environment/lab4_model_training/dags/ml_training_pipeline_v2.py
[2026-03-29T22:54:27.218+0000] {logging_mixin.py:190} INFO - [2026-03-29T22:54:27.218+0000] {dag.py:3239} INFO - Sync 1 DAGs
[2026-03-29T22:54:27.230+0000] {logging_mixin.py:190} INFO - [2026-03-29T22:54:27.229+0000] {dag.py:4180} INFO - Setting next_dagrun for ml_training_pipeline_v2 to None, run_after=None
[2026-03-29T22:54:27.247+0000] {processor.py:208} INFO - Processing /home/ec2-user/environment/lab4_model_training/dags/ml_training_pipeline_v2.py took 1.330 seconds
[2026-03-29T22:54:57.385+0000] {processor.py:186} INFO - Started process (PID=11611) to work on /home/ec2-user/environment/lab4_model_training/dags/ml_training_pipeline_v2.py
[2026-03-29T22:54:57.386+0000] {processor.py:914} INFO - Processing file /home/ec2-user/environment/lab4_model_training/dags/ml_training_pipeline_v2.py for tasks to queue
[2026-03-29T22:54:57.387+0000] {logging_mixin.py:190} INFO - [2026-03-29T22:54:57.386+0000] {dagbag.py:588} INFO - Filling up the DagBag from /home/ec2-user/environment/lab4_model_training/dags/ml_training_pipeline_v2.py
[2026-03-29T22:54:58.652+0000] {processor.py:925} INFO - DAG(s) 'ml_training_pipeline_v2' retrieved from /home/ec2-user/environment/lab4_model_training/dags/ml_training_pipeline_v2.py
[2026-03-29T22:54:58.666+0000] {logging_mixin.py:190} INFO - [2026-03-29T22:54:58.666+0000] {dag.py:3239} INFO - Sync 1 DAGs
[2026-03-29T22:54:58.675+0000] {logging_mixin.py:190} INFO - [2026-03-29T22:54:58.675+0000] {dag.py:4180} INFO - Setting next_dagrun for ml_training_pipeline_v2 to None, run_after=None
[2026-03-29T22:54:58.692+0000] {processor.py:208} INFO - Processing /home/ec2-user/environment/lab4_model_training/dags/ml_training_pipeline_v2.py took 1.311 seconds
[2026-03-29T22:55:28.849+0000] {processor.py:186} INFO - Started process (PID=11817) to work on /home/ec2-user/environment/lab4_model_training/dags/ml_training_pipeline_v2.py
[2026-03-29T22:55:28.850+0000] {processor.py:914} INFO - Processing file /home/ec2-user/environment/lab4_model_training/dags/ml_training_pipeline_v2.py for tasks to queue
[2026-03-29T22:55:28.852+0000] {logging_mixin.py:190} INFO - [2026-03-29T22:55:28.851+0000] {dagbag.py:588} INFO - Filling up the DagBag from /home/ec2-user/environment/lab4_model_training/dags/ml_training_pipeline_v2.py
[2026-03-29T22:55:30.132+0000] {processor.py:925} INFO - DAG(s) 'ml_training_pipeline_v2' retrieved from /home/ec2-user/environment/lab4_model_training/dags/ml_training_pipeline_v2.py
[2026-03-29T22:55:30.145+0000] {logging_mixin.py:190} INFO - [2026-03-29T22:55:30.145+0000] {dag.py:3239} INFO - Sync 1 DAGs
[2026-03-29T22:55:30.154+0000] {logging_mixin.py:190} INFO - [2026-03-29T22:55:30.154+0000] {dag.py:4180} INFO - Setting next_dagrun for ml_training_pipeline_v2 to None, run_after=None
[2026-03-29T22:55:30.171+0000] {processor.py:208} INFO - Processing /home/ec2-user/environment/lab4_model_training/dags/ml_training_pipeline_v2.py took 1.326 seconds
[2026-03-29T22:56:00.313+0000] {processor.py:186} INFO - Started process (PID=12059) to work on /home/ec2-user/environment/lab4_model_training/dags/ml_training_pipeline_v2.py
[2026-03-29T22:56:00.314+0000] {processor.py:914} INFO - Processing file /home/ec2-user/environment/lab4_model_training/dags/ml_training_pipeline_v2.py for tasks to queue
[2026-03-29T22:56:00.315+0000] {logging_mixin.py:190} INFO - [2026-03-29T22:56:00.315+0000] {dagbag.py:588} INFO - Filling up the DagBag from /home/ec2-user/environment/lab4_model_training/dags/ml_training_pipeline_v2.py
[2026-03-29T22:56:01.628+0000] {processor.py:925} INFO - DAG(s) 'ml_training_pipeline_v2' retrieved from /home/ec2-user/environment/lab4_model_training/dags/ml_training_pipeline_v2.py
[2026-03-29T22:56:01.649+0000] {logging_mixin.py:190} INFO - [2026-03-29T22:56:01.648+0000] {dag.py:3239} INFO - Sync 1 DAGs
[2026-03-29T22:56:01.662+0000] {logging_mixin.py:190} INFO - [2026-03-29T22:56:01.662+0000] {dag.py:4180} INFO - Setting next_dagrun for ml_training_pipeline_v2 to None, run_after=None
[2026-03-29T22:56:01.684+0000] {processor.py:208} INFO - Processing /home/ec2-user/environment/lab4_model_training/dags/ml_training_pipeline_v2.py took 1.375 seconds
[2026-03-29T22:56:31.787+0000] {processor.py:186} INFO - Started process (PID=12265) to work on /home/ec2-user/environment/lab4_model_training/dags/ml_training_pipeline_v2.py
[2026-03-29T22:56:31.788+0000] {processor.py:914} INFO - Processing file /home/ec2-user/environment/lab4_model_training/dags/ml_training_pipeline_v2.py for tasks to queue
[2026-03-29T22:56:31.789+0000] {logging_mixin.py:190} INFO - [2026-03-29T22:56:31.789+0000] {dagbag.py:588} INFO - Filling up the DagBag from /home/ec2-user/environment/lab4_model_training/dags/ml_training_pipeline_v2.py
[2026-03-29T22:56:33.189+0000] {processor.py:925} INFO - DAG(s) 'ml_training_pipeline_v2' retrieved from /home/ec2-user/environment/lab4_model_training/dags/ml_training_pipeline_v2.py
[2026-03-29T22:56:33.202+0000] {logging_mixin.py:190} INFO - [2026-03-29T22:56:33.202+0000] {dag.py:3239} INFO - Sync 1 DAGs
[2026-03-29T22:56:33.211+0000] {logging_mixin.py:190} INFO - [2026-03-29T22:56:33.211+0000] {dag.py:4180} INFO - Setting next_dagrun for ml_training_pipeline_v2 to None, run_after=None
[2026-03-29T22:56:33.229+0000] {processor.py:208} INFO - Processing /home/ec2-user/environment/lab4_model_training/dags/ml_training_pipeline_v2.py took 1.446 seconds
[2026-03-29T22:57:03.368+0000] {processor.py:186} INFO - Started process (PID=12497) to work on /home/ec2-user/environment/lab4_model_training/dags/ml_training_pipeline_v2.py
[2026-03-29T22:57:03.369+0000] {processor.py:914} INFO - Processing file /home/ec2-user/environment/lab4_model_training/dags/ml_training_pipeline_v2.py for tasks to queue
[2026-03-29T22:57:03.370+0000] {logging_mixin.py:190} INFO - [2026-03-29T22:57:03.370+0000] {dagbag.py:588} INFO - Filling up the DagBag from /home/ec2-user/environment/lab4_model_training/dags/ml_training_pipeline_v2.py
[2026-03-29T22:57:04.782+0000] {processor.py:925} INFO - DAG(s) 'ml_training_pipeline_v2' retrieved from /home/ec2-user/environment/lab4_model_training/dags/ml_training_pipeline_v2.py
[2026-03-29T22:57:04.795+0000] {logging_mixin.py:190} INFO - [2026-03-29T22:57:04.795+0000] {dag.py:3239} INFO - Sync 1 DAGs
[2026-03-29T22:57:04.805+0000] {logging_mixin.py:190} INFO - [2026-03-29T22:57:04.805+0000] {dag.py:4180} INFO - Setting next_dagrun for ml_training_pipeline_v2 to None, run_after=None
[2026-03-29T22:57:04.821+0000] {processor.py:208} INFO - Processing /home/ec2-user/environment/lab4_model_training/dags/ml_training_pipeline_v2.py took 1.459 seconds
[2026-03-29T22:57:34.936+0000] {processor.py:186} INFO - Started process (PID=12720) to work on /home/ec2-user/environment/lab4_model_training/dags/ml_training_pipeline_v2.py
[2026-03-29T22:57:34.937+0000] {processor.py:914} INFO - Processing file /home/ec2-user/environment/lab4_model_training/dags/ml_training_pipeline_v2.py for tasks to queue
[2026-03-29T22:57:34.938+0000] {logging_mixin.py:190} INFO - [2026-03-29T22:57:34.938+0000] {dagbag.py:588} INFO - Filling up the DagBag from /home/ec2-user/environment/lab4_model_training/dags/ml_training_pipeline_v2.py
[2026-03-29T22:57:36.227+0000] {processor.py:925} INFO - DAG(s) 'ml_training_pipeline_v2' retrieved from /home/ec2-user/environment/lab4_model_training/dags/ml_training_pipeline_v2.py
[2026-03-29T22:57:36.240+0000] {logging_mixin.py:190} INFO - [2026-03-29T22:57:36.240+0000] {dag.py:3239} INFO - Sync 1 DAGs
[2026-03-29T22:57:36.250+0000] {logging_mixin.py:190} INFO - [2026-03-29T22:57:36.250+0000] {dag.py:4180} INFO - Setting next_dagrun for ml_training_pipeline_v2 to None, run_after=None
[2026-03-29T22:57:36.267+0000] {processor.py:208} INFO - Processing /home/ec2-user/environment/lab4_model_training/dags/ml_training_pipeline_v2.py took 1.336 seconds
[2026-03-29T22:58:06.401+0000] {processor.py:186} INFO - Started process (PID=12979) to work on /home/ec2-user/environment/lab4_model_training/dags/ml_training_pipeline_v2.py
[2026-03-29T22:58:06.401+0000] {processor.py:914} INFO - Processing file /home/ec2-user/environment/lab4_model_training/dags/ml_training_pipeline_v2.py for tasks to queue
[2026-03-29T22:58:06.403+0000] {logging_mixin.py:190} INFO - [2026-03-29T22:58:06.403+0000] {dagbag.py:588} INFO - Filling up the DagBag from /home/ec2-user/environment/lab4_model_training/dags/ml_training_pipeline_v2.py
[2026-03-29T22:58:07.656+0000] {processor.py:925} INFO - DAG(s) 'ml_training_pipeline_v2' retrieved from /home/ec2-user/environment/lab4_model_training/dags/ml_training_pipeline_v2.py
[2026-03-29T22:58:07.670+0000] {logging_mixin.py:190} INFO - [2026-03-29T22:58:07.670+0000] {dag.py:3239} INFO - Sync 1 DAGs
[2026-03-29T22:58:07.679+0000] {logging_mixin.py:190} INFO - [2026-03-29T22:58:07.679+0000] {dag.py:4180} INFO - Setting next_dagrun for ml_training_pipeline_v2 to None, run_after=None
[2026-03-29T22:58:07.695+0000] {processor.py:208} INFO - Processing /home/ec2-user/environment/lab4_model_training/dags/ml_training_pipeline_v2.py took 1.300 seconds
[2026-03-29T22:58:37.867+0000] {processor.py:186} INFO - Started process (PID=13173) to work on /home/ec2-user/environment/lab4_model_training/dags/ml_training_pipeline_v2.py
[2026-03-29T22:58:37.868+0000] {processor.py:914} INFO - Processing file /home/ec2-user/environment/lab4_model_training/dags/ml_training_pipeline_v2.py for tasks to queue
[2026-03-29T22:58:37.870+0000] {logging_mixin.py:190} INFO - [2026-03-29T22:58:37.869+0000] {dagbag.py:588} INFO - Filling up the DagBag from /home/ec2-user/environment/lab4_model_training/dags/ml_training_pipeline_v2.py
[2026-03-29T22:58:39.126+0000] {processor.py:925} INFO - DAG(s) 'ml_training_pipeline_v2' retrieved from /home/ec2-user/environment/lab4_model_training/dags/ml_training_pipeline_v2.py
[2026-03-29T22:58:39.139+0000] {logging_mixin.py:190} INFO - [2026-03-29T22:58:39.138+0000] {dag.py:3239} INFO - Sync 1 DAGs
[2026-03-29T22:58:39.147+0000] {logging_mixin.py:190} INFO - [2026-03-29T22:58:39.147+0000] {dag.py:4180} INFO - Setting next_dagrun for ml_training_pipeline_v2 to None, run_after=None
[2026-03-29T22:58:39.164+0000] {processor.py:208} INFO - Processing /home/ec2-user/environment/lab4_model_training/dags/ml_training_pipeline_v2.py took 1.302 seconds
